solid OpenSCAD_Model
  facet normal 0.879474 0.475947 0
    outer loop
      vertex 5.6749 1.9482 -17.5
      vertex 4.73484 3.68528 -25
      vertex 4.73484 3.68528 -17.5
    endloop
  endfacet
  facet normal 0.879474 0.475947 0
    outer loop
      vertex 4.73484 3.68528 -25
      vertex 5.6749 1.9482 -17.5
      vertex 5.6749 1.9482 -25
    endloop
  endfacet
  facet normal 0.986361 0.164596 0
    outer loop
      vertex 6 0 -17.5
      vertex 5.6749 1.9482 -25
      vertex 5.6749 1.9482 -17.5
    endloop
  endfacet
  facet normal 0.986361 0.164596 0
    outer loop
      vertex 5.6749 1.9482 -25
      vertex 6 0 -17.5
      vertex 6 0 -25
    endloop
  endfacet
  facet normal 0.677282 0.735724 -0
    outer loop
      vertex 4.73484 3.68528 -25
      vertex 3.28169 5.023 -17.5
      vertex 4.73484 3.68528 -17.5
    endloop
  endfacet
  facet normal 0.677282 0.735724 0
    outer loop
      vertex 3.28169 5.023 -17.5
      vertex 4.73484 3.68528 -25
      vertex 3.28169 5.023 -25
    endloop
  endfacet
  facet normal -0.945816 0.324702 0
    outer loop
      vertex -5.91817 0.987567 -25
      vertex -5.27684 2.85568 -17.5
      vertex -5.27684 2.85568 -25
    endloop
  endfacet
  facet normal -0.945816 0.324702 0
    outer loop
      vertex -5.27684 2.85568 -17.5
      vertex -5.91817 0.987567 -25
      vertex -5.91817 0.987567 -17.5
    endloop
  endfacet
  facet normal 0.401694 -0.915774 0
    outer loop
      vertex 1.47291 -5.8164 -25
      vertex 3.28169 -5.023 -17.5
      vertex 1.47291 -5.8164 -17.5
    endloop
  endfacet
  facet normal 0.401694 -0.915774 0
    outer loop
      vertex 3.28169 -5.023 -17.5
      vertex 1.47291 -5.8164 -25
      vertex 3.28169 -5.023 -25
    endloop
  endfacet
  facet normal -0.245487 -0.9694 0
    outer loop
      vertex -2.41017 -5.49464 -25
      vertex -0.495476 -5.97951 -17.5
      vertex -2.41017 -5.49464 -17.5
    endloop
  endfacet
  facet normal -0.245487 -0.9694 -0
    outer loop
      vertex -0.495476 -5.97951 -17.5
      vertex -2.41017 -5.49464 -25
      vertex -0.495476 -5.97951 -25
    endloop
  endfacet
  facet normal -0.546949 -0.837166 0
    outer loop
      vertex -4.06369 -4.41434 -25
      vertex -2.41017 -5.49464 -17.5
      vertex -4.06369 -4.41434 -17.5
    endloop
  endfacet
  facet normal -0.546949 -0.837166 -0
    outer loop
      vertex -2.41017 -5.49464 -17.5
      vertex -4.06369 -4.41434 -25
      vertex -2.41017 -5.49464 -25
    endloop
  endfacet
  facet normal -0.546949 0.837166 0
    outer loop
      vertex -2.41017 5.49464 -25
      vertex -4.06369 4.41434 -17.5
      vertex -2.41017 5.49464 -17.5
    endloop
  endfacet
  facet normal -0.546949 0.837166 0
    outer loop
      vertex -4.06369 4.41434 -17.5
      vertex -2.41017 5.49464 -25
      vertex -4.06369 4.41434 -25
    endloop
  endfacet
  facet normal 0.401694 0.915774 -0
    outer loop
      vertex 3.28169 5.023 -25
      vertex 1.47291 5.8164 -17.5
      vertex 3.28169 5.023 -17.5
    endloop
  endfacet
  facet normal 0.401694 0.915774 0
    outer loop
      vertex 1.47291 5.8164 -17.5
      vertex 3.28169 5.023 -25
      vertex 1.47291 5.8164 -25
    endloop
  endfacet
  facet normal 0.0825818 0.996584 -0
    outer loop
      vertex 1.47291 5.8164 -25
      vertex -0.495476 5.97951 -17.5
      vertex 1.47291 5.8164 -17.5
    endloop
  endfacet
  facet normal 0.0825818 0.996584 0
    outer loop
      vertex -0.495476 5.97951 -17.5
      vertex 1.47291 5.8164 -25
      vertex -0.495476 5.97951 -25
    endloop
  endfacet
  facet normal -0.245487 0.9694 0
    outer loop
      vertex -0.495476 5.97951 -25
      vertex -2.41017 5.49464 -17.5
      vertex -0.495476 5.97951 -17.5
    endloop
  endfacet
  facet normal -0.245487 0.9694 0
    outer loop
      vertex -2.41017 5.49464 -17.5
      vertex -0.495476 5.97951 -25
      vertex -2.41017 5.49464 -25
    endloop
  endfacet
  facet normal -1 0 0
    outer loop
      vertex -5.91817 -0.987567 -25
      vertex -5.91817 0.987567 -17.5
      vertex -5.91817 0.987567 -25
    endloop
  endfacet
  facet normal -1 -0 0
    outer loop
      vertex -5.91817 0.987567 -17.5
      vertex -5.91817 -0.987567 -25
      vertex -5.91817 -0.987567 -17.5
    endloop
  endfacet
  facet normal 0.677282 -0.735724 0
    outer loop
      vertex 3.28169 -5.023 -25
      vertex 4.73484 -3.68528 -17.5
      vertex 3.28169 -5.023 -17.5
    endloop
  endfacet
  facet normal 0.677282 -0.735724 0
    outer loop
      vertex 4.73484 -3.68528 -17.5
      vertex 3.28169 -5.023 -25
      vertex 4.73484 -3.68528 -25
    endloop
  endfacet
  facet normal 0.986361 -0.164596 0
    outer loop
      vertex 5.6749 -1.9482 -17.5
      vertex 6 0 -25
      vertex 6 0 -17.5
    endloop
  endfacet
  facet normal 0.986361 -0.164596 0
    outer loop
      vertex 6 0 -25
      vertex 5.6749 -1.9482 -17.5
      vertex 5.6749 -1.9482 -25
    endloop
  endfacet
  facet normal -0.945816 -0.324702 0
    outer loop
      vertex -5.27684 -2.85568 -25
      vertex -5.91817 -0.987567 -17.5
      vertex -5.91817 -0.987567 -25
    endloop
  endfacet
  facet normal -0.945816 -0.324702 0
    outer loop
      vertex -5.91817 -0.987567 -17.5
      vertex -5.27684 -2.85568 -25
      vertex -5.27684 -2.85568 -17.5
    endloop
  endfacet
  facet normal 0 0 1
    outer loop
      vertex 5 0 -17.5
      vertex 6 0 -17.5
      vertex 5.6749 1.9482 -17.5
    endloop
  endfacet
  facet normal 0 0 1
    outer loop
      vertex 6 0 -17.5
      vertex 5 0 -17.5
      vertex 5.6749 -1.9482 -17.5
    endloop
  endfacet
  facet normal 0 0 1
    outer loop
      vertex 4.6194 1.91342 -17.5
      vertex 5.6749 1.9482 -17.5
      vertex 4.73484 3.68528 -17.5
    endloop
  endfacet
  facet normal 0 0 1
    outer loop
      vertex 5.6749 1.9482 -17.5
      vertex 4.6194 1.91342 -17.5
      vertex 5 0 -17.5
    endloop
  endfacet
  facet normal 0 0 1
    outer loop
      vertex 4.73484 3.68528 -17.5
      vertex 3.53553 3.53553 -17.5
      vertex 4.6194 1.91342 -17.5
    endloop
  endfacet
  facet normal 0 0 1
    outer loop
      vertex 3.28169 5.023 -17.5
      vertex 3.53553 3.53553 -17.5
      vertex 4.73484 3.68528 -17.5
    endloop
  endfacet
  facet normal 0 0 1
    outer loop
      vertex 3.28169 5.023 -17.5
      vertex 1.91342 4.6194 -17.5
      vertex 3.53553 3.53553 -17.5
    endloop
  endfacet
  facet normal 0 0 1
    outer loop
      vertex 1.47291 5.8164 -17.5
      vertex 1.91342 4.6194 -17.5
      vertex 3.28169 5.023 -17.5
    endloop
  endfacet
  facet normal 0 0 1
    outer loop
      vertex 1.47291 5.8164 -17.5
      vertex 0 5 -17.5
      vertex 1.91342 4.6194 -17.5
    endloop
  endfacet
  facet normal 0 0 1
    outer loop
      vertex -0.495476 5.97951 -17.5
      vertex 0 5 -17.5
      vertex 1.47291 5.8164 -17.5
    endloop
  endfacet
  facet normal 0 0 1
    outer loop
      vertex -0.495476 5.97951 -17.5
      vertex -1.91342 4.6194 -17.5
      vertex 0 5 -17.5
    endloop
  endfacet
  facet normal -0 0 1
    outer loop
      vertex -2.41017 5.49464 -17.5
      vertex -1.91342 4.6194 -17.5
      vertex -0.495476 5.97951 -17.5
    endloop
  endfacet
  facet normal 0 0 1
    outer loop
      vertex -4.06369 4.41434 -17.5
      vertex -1.91342 4.6194 -17.5
      vertex -2.41017 5.49464 -17.5
    endloop
  endfacet
  facet normal 0 0 1
    outer loop
      vertex -1.91342 4.6194 -17.5
      vertex -4.06369 4.41434 -17.5
      vertex -3.53553 3.53553 -17.5
    endloop
  endfacet
  facet normal 0 0 1
    outer loop
      vertex -5.27684 2.85568 -17.5
      vertex -3.53553 3.53553 -17.5
      vertex -4.06369 4.41434 -17.5
    endloop
  endfacet
  facet normal 0 0 1
    outer loop
      vertex -5.91817 0.987567 -17.5
      vertex -4.6194 1.91342 -17.5
      vertex -5.27684 2.85568 -17.5
    endloop
  endfacet
  facet normal 0 0 1
    outer loop
      vertex -3.53553 3.53553 -17.5
      vertex -5.27684 2.85568 -17.5
      vertex -4.6194 1.91342 -17.5
    endloop
  endfacet
  facet normal -0 0 1
    outer loop
      vertex 4.6194 -1.91342 -17.5
      vertex 5.6749 -1.9482 -17.5
      vertex 5 0 -17.5
    endloop
  endfacet
  facet normal 0 0 1
    outer loop
      vertex 5.6749 -1.9482 -17.5
      vertex 4.6194 -1.91342 -17.5
      vertex 4.73484 -3.68528 -17.5
    endloop
  endfacet
  facet normal -0 0 1
    outer loop
      vertex 3.53553 -3.53553 -17.5
      vertex 4.73484 -3.68528 -17.5
      vertex 4.6194 -1.91342 -17.5
    endloop
  endfacet
  facet normal 0 0 1
    outer loop
      vertex 3.53553 -3.53553 -17.5
      vertex 3.28169 -5.023 -17.5
      vertex 4.73484 -3.68528 -17.5
    endloop
  endfacet
  facet normal -0 0 1
    outer loop
      vertex 1.91342 -4.6194 -17.5
      vertex 3.28169 -5.023 -17.5
      vertex 3.53553 -3.53553 -17.5
    endloop
  endfacet
  facet normal 0 0 1
    outer loop
      vertex 1.91342 -4.6194 -17.5
      vertex 1.47291 -5.8164 -17.5
      vertex 3.28169 -5.023 -17.5
    endloop
  endfacet
  facet normal -0 0 1
    outer loop
      vertex 0 -5 -17.5
      vertex 1.47291 -5.8164 -17.5
      vertex 1.91342 -4.6194 -17.5
    endloop
  endfacet
  facet normal 0 0 1
    outer loop
      vertex 0 -5 -17.5
      vertex -0.495476 -5.97951 -17.5
      vertex 1.47291 -5.8164 -17.5
    endloop
  endfacet
  facet normal 0 0 1
    outer loop
      vertex -1.91342 -4.6194 -17.5
      vertex -0.495476 -5.97951 -17.5
      vertex 0 -5 -17.5
    endloop
  endfacet
  facet normal 0 0 1
    outer loop
      vertex -1.91342 -4.6194 -17.5
      vertex -2.41017 -5.49464 -17.5
      vertex -0.495476 -5.97951 -17.5
    endloop
  endfacet
  facet normal -0 0 1
    outer loop
      vertex -4.06369 -4.41434 -17.5
      vertex -1.91342 -4.6194 -17.5
      vertex -3.53553 -3.53553 -17.5
    endloop
  endfacet
  facet normal 0 0 1
    outer loop
      vertex -1.91342 -4.6194 -17.5
      vertex -4.06369 -4.41434 -17.5
      vertex -2.41017 -5.49464 -17.5
    endloop
  endfacet
  facet normal -0 0 1
    outer loop
      vertex -5.27684 -2.85568 -17.5
      vertex -3.53553 -3.53553 -17.5
      vertex -4.6194 -1.91342 -17.5
    endloop
  endfacet
  facet normal 0 0 1
    outer loop
      vertex -3.53553 -3.53553 -17.5
      vertex -5.27684 -2.85568 -17.5
      vertex -4.06369 -4.41434 -17.5
    endloop
  endfacet
  facet normal -0 0 1
    outer loop
      vertex -5.91817 -0.987567 -17.5
      vertex -4.6194 -1.91342 -17.5
      vertex -5 0 -17.5
    endloop
  endfacet
  facet normal 0 0 1
    outer loop
      vertex -4.6194 1.91342 -17.5
      vertex -5.91817 0.987567 -17.5
      vertex -5 0 -17.5
    endloop
  endfacet
  facet normal 0 0 1
    outer loop
      vertex -5.91817 -0.987567 -17.5
      vertex -5 0 -17.5
      vertex -5.91817 0.987567 -17.5
    endloop
  endfacet
  facet normal 0 0 1
    outer loop
      vertex -4.6194 -1.91342 -17.5
      vertex -5.91817 -0.987567 -17.5
      vertex -5.27684 -2.85568 -17.5
    endloop
  endfacet
  facet normal -0.789141 -0.614212 0
    outer loop
      vertex -4.06369 -4.41434 -25
      vertex -5.27684 -2.85568 -17.5
      vertex -5.27684 -2.85568 -25
    endloop
  endfacet
  facet normal -0.789141 -0.614212 0
    outer loop
      vertex -5.27684 -2.85568 -17.5
      vertex -4.06369 -4.41434 -25
      vertex -4.06369 -4.41434 -17.5
    endloop
  endfacet
  facet normal 0.879474 -0.475947 0
    outer loop
      vertex 4.73484 -3.68528 -17.5
      vertex 5.6749 -1.9482 -25
      vertex 5.6749 -1.9482 -17.5
    endloop
  endfacet
  facet normal 0.879474 -0.475947 0
    outer loop
      vertex 5.6749 -1.9482 -25
      vertex 4.73484 -3.68528 -17.5
      vertex 4.73484 -3.68528 -25
    endloop
  endfacet
  facet normal -0.789141 0.614212 0
    outer loop
      vertex -5.27684 2.85568 -25
      vertex -4.06369 4.41434 -17.5
      vertex -4.06369 4.41434 -25
    endloop
  endfacet
  facet normal -0.789141 0.614212 0
    outer loop
      vertex -4.06369 4.41434 -17.5
      vertex -5.27684 2.85568 -25
      vertex -5.27684 2.85568 -17.5
    endloop
  endfacet
  facet normal 0.0825818 -0.996584 0
    outer loop
      vertex -0.495476 -5.97951 -25
      vertex 1.47291 -5.8164 -17.5
      vertex -0.495476 -5.97951 -17.5
    endloop
  endfacet
  facet normal 0.0825818 -0.996584 0
    outer loop
      vertex 1.47291 -5.8164 -17.5
      vertex -0.495476 -5.97951 -25
      vertex 1.47291 -5.8164 -25
    endloop
  endfacet
  facet normal 0.555574 -0.831467 0
    outer loop
      vertex -3.53553 3.53553 -31
      vertex -1.91342 4.6194 -28
      vertex -3.53553 3.53553 -28
    endloop
  endfacet
  facet normal 0.555574 -0.831467 0
    outer loop
      vertex -1.91342 4.6194 -28
      vertex -3.53553 3.53553 -31
      vertex -1.91342 4.6194 -31
    endloop
  endfacet
  facet normal -0.555574 0.831467 0
    outer loop
      vertex -1.91342 4.6194 -17.5
      vertex -3.53553 3.53553 25
      vertex -1.91342 4.6194 25
    endloop
  endfacet
  facet normal -0.555574 0.831467 0
    outer loop
      vertex -3.53553 3.53553 25
      vertex -1.91342 4.6194 -17.5
      vertex -3.53553 3.53553 -17.5
    endloop
  endfacet
  facet normal -0.831467 -0.555574 0
    outer loop
      vertex 4.6194 1.91342 -31
      vertex 3.53553 3.53553 -28
      vertex 3.53553 3.53553 -31
    endloop
  endfacet
  facet normal -0.831467 -0.555574 0
    outer loop
      vertex 3.53553 3.53553 -28
      vertex 4.6194 1.91342 -31
      vertex 4.6194 1.91342 -28
    endloop
  endfacet
  facet normal 0.831467 0.555574 0
    outer loop
      vertex 4.6194 1.91342 25
      vertex 3.53553 3.53553 -17.5
      vertex 3.53553 3.53553 25
    endloop
  endfacet
  facet normal 0.831467 0.555574 0
    outer loop
      vertex 3.53553 3.53553 -17.5
      vertex 4.6194 1.91342 25
      vertex 4.6194 1.91342 -17.5
    endloop
  endfacet
  facet normal -0.980786 -0.195089 0
    outer loop
      vertex 5 0 -31
      vertex 4.6194 1.91342 -28
      vertex 4.6194 1.91342 -31
    endloop
  endfacet
  facet normal -0.980786 -0.195089 0
    outer loop
      vertex 4.6194 1.91342 -28
      vertex 5 0 -31
      vertex 5 0 -28
    endloop
  endfacet
  facet normal 0.980786 0.195089 -0
    outer loop
      vertex 5 0 -11
      vertex 4.6194 1.91342 25
      vertex 5 0 25
    endloop
  endfacet
  facet normal 0.980786 0.195089 0
    outer loop
      vertex 4.6194 1.91342 25
      vertex 5 0 -11
      vertex 4.6194 1.91342 -17.5
    endloop
  endfacet
  facet normal 0.980786 0.195089 -0
    outer loop
      vertex 5 0 -14
      vertex 4.6194 1.91342 -17.5
      vertex 5 0 -11
    endloop
  endfacet
  facet normal 0.980786 0.195089 0
    outer loop
      vertex 4.6194 1.91342 -17.5
      vertex 5 0 -14
      vertex 5 0 -17.5
    endloop
  endfacet
  facet normal 0.831467 -0.555574 0
    outer loop
      vertex -4.6194 1.91342 -28
      vertex -3.53553 3.53553 -31
      vertex -3.53553 3.53553 -28
    endloop
  endfacet
  facet normal 0.831467 -0.555574 0
    outer loop
      vertex -3.53553 3.53553 -31
      vertex -4.6194 1.91342 -28
      vertex -4.6194 1.91342 -31
    endloop
  endfacet
  facet normal -0.831467 0.555574 0
    outer loop
      vertex -4.6194 1.91342 -17.5
      vertex -3.53553 3.53553 25
      vertex -3.53553 3.53553 -17.5
    endloop
  endfacet
  facet normal -0.831467 0.555574 0
    outer loop
      vertex -3.53553 3.53553 25
      vertex -4.6194 1.91342 -17.5
      vertex -4.6194 1.91342 25
    endloop
  endfacet
  facet normal 0.195089 0.980786 -0
    outer loop
      vertex 0 -5 -31
      vertex -1.91342 -4.6194 -28
      vertex 0 -5 -28
    endloop
  endfacet
  facet normal 0.195089 0.980786 0
    outer loop
      vertex -1.91342 -4.6194 -28
      vertex 0 -5 -31
      vertex -1.91342 -4.6194 -31
    endloop
  endfacet
  facet normal -0.195089 -0.980786 0
    outer loop
      vertex -1.91342 -4.6194 25
      vertex 0 -5 -11
      vertex 0 -5 25
    endloop
  endfacet
  facet normal -0.195089 -0.980786 0
    outer loop
      vertex -1.91342 -4.6194 -17.5
      vertex 0 -5 -11
      vertex -1.91342 -4.6194 25
    endloop
  endfacet
  facet normal -0.195089 -0.980786 -0
    outer loop
      vertex 0 -5 -11
      vertex -1.91342 -4.6194 -17.5
      vertex 0 -5 -14
    endloop
  endfacet
  facet normal -0.195089 -0.980786 -0
    outer loop
      vertex 0 -5 -14
      vertex -1.91342 -4.6194 -17.5
      vertex 0 -5 -17.5
    endloop
  endfacet
  facet normal -0.195089 0.980786 0
    outer loop
      vertex 1.91342 -4.6194 -31
      vertex 0 -5 -28
      vertex 1.91342 -4.6194 -28
    endloop
  endfacet
  facet normal -0.195089 0.980786 0
    outer loop
      vertex 0 -5 -28
      vertex 1.91342 -4.6194 -31
      vertex 0 -5 -31
    endloop
  endfacet
  facet normal 0.195089 -0.980786 0
    outer loop
      vertex 0 -5 -11
      vertex 1.91342 -4.6194 25
      vertex 0 -5 25
    endloop
  endfacet
  facet normal 0.195089 -0.980786 0
    outer loop
      vertex 1.91342 -4.6194 -17.5
      vertex 0 -5 -11
      vertex 0 -5 -14
    endloop
  endfacet
  facet normal 0.195089 -0.980786 0
    outer loop
      vertex 1.91342 -4.6194 -17.5
      vertex 0 -5 -14
      vertex 0 -5 -17.5
    endloop
  endfacet
  facet normal 0.195089 -0.980786 0
    outer loop
      vertex 0 -5 -11
      vertex 1.91342 -4.6194 -17.5
      vertex 1.91342 -4.6194 25
    endloop
  endfacet
  facet normal -0.555574 0.831467 0
    outer loop
      vertex 3.53553 -3.53553 -31
      vertex 1.91342 -4.6194 -28
      vertex 3.53553 -3.53553 -28
    endloop
  endfacet
  facet normal -0.555574 0.831467 0
    outer loop
      vertex 1.91342 -4.6194 -28
      vertex 3.53553 -3.53553 -31
      vertex 1.91342 -4.6194 -31
    endloop
  endfacet
  facet normal 0.555574 -0.831467 0
    outer loop
      vertex 1.91342 -4.6194 -17.5
      vertex 3.53553 -3.53553 25
      vertex 1.91342 -4.6194 25
    endloop
  endfacet
  facet normal 0.555574 -0.831467 0
    outer loop
      vertex 3.53553 -3.53553 25
      vertex 1.91342 -4.6194 -17.5
      vertex 3.53553 -3.53553 -17.5
    endloop
  endfacet
  facet normal -0.831467 0.555574 0
    outer loop
      vertex 3.53553 -3.53553 -31
      vertex 4.6194 -1.91342 -28
      vertex 4.6194 -1.91342 -31
    endloop
  endfacet
  facet normal -0.831467 0.555574 0
    outer loop
      vertex 4.6194 -1.91342 -28
      vertex 3.53553 -3.53553 -31
      vertex 3.53553 -3.53553 -28
    endloop
  endfacet
  facet normal 0.831467 -0.555574 0
    outer loop
      vertex 3.53553 -3.53553 25
      vertex 4.6194 -1.91342 -17.5
      vertex 4.6194 -1.91342 25
    endloop
  endfacet
  facet normal 0.831467 -0.555574 0
    outer loop
      vertex 4.6194 -1.91342 -17.5
      vertex 3.53553 -3.53553 25
      vertex 3.53553 -3.53553 -17.5
    endloop
  endfacet
  facet normal 0.980786 -0.195089 0
    outer loop
      vertex -5 0 -28
      vertex -4.6194 1.91342 -31
      vertex -4.6194 1.91342 -28
    endloop
  endfacet
  facet normal 0.980786 -0.195089 0
    outer loop
      vertex -4.6194 1.91342 -31
      vertex -5 0 -28
      vertex -5 0 -31
    endloop
  endfacet
  facet normal -0.980786 0.195089 0
    outer loop
      vertex -5 0 -14
      vertex -4.6194 1.91342 -17.5
      vertex -5 0 -17.5
    endloop
  endfacet
  facet normal -0.980786 0.195089 0
    outer loop
      vertex -5 0 -11
      vertex -4.6194 1.91342 -17.5
      vertex -5 0 -14
    endloop
  endfacet
  facet normal -0.980786 0.195089 0
    outer loop
      vertex -4.6194 1.91342 -17.5
      vertex -5 0 -11
      vertex -4.6194 1.91342 25
    endloop
  endfacet
  facet normal -0.980786 0.195089 0
    outer loop
      vertex -4.6194 1.91342 25
      vertex -5 0 -11
      vertex -5 0 25
    endloop
  endfacet
  facet normal -0.980786 0.195089 0
    outer loop
      vertex 4.6194 -1.91342 -31
      vertex 5 0 -28
      vertex 5 0 -31
    endloop
  endfacet
  facet normal -0.980786 0.195089 0
    outer loop
      vertex 5 0 -28
      vertex 4.6194 -1.91342 -31
      vertex 4.6194 -1.91342 -28
    endloop
  endfacet
  facet normal 0.980786 -0.195089 0
    outer loop
      vertex 4.6194 -1.91342 25
      vertex 5 0 -11
      vertex 5 0 25
    endloop
  endfacet
  facet normal 0.980786 -0.195089 0
    outer loop
      vertex 4.6194 -1.91342 -17.5
      vertex 5 0 -11
      vertex 4.6194 -1.91342 25
    endloop
  endfacet
  facet normal 0.980786 -0.195089 0
    outer loop
      vertex 5 0 -11
      vertex 4.6194 -1.91342 -17.5
      vertex 5 0 -14
    endloop
  endfacet
  facet normal 0.980786 -0.195089 0
    outer loop
      vertex 5 0 -14
      vertex 4.6194 -1.91342 -17.5
      vertex 5 0 -17.5
    endloop
  endfacet
  facet normal 0.195089 -0.980786 0
    outer loop
      vertex -1.91342 4.6194 -31
      vertex 0 5 -28
      vertex -1.91342 4.6194 -28
    endloop
  endfacet
  facet normal 0.195089 -0.980786 0
    outer loop
      vertex 0 5 -28
      vertex -1.91342 4.6194 -31
      vertex 0 5 -31
    endloop
  endfacet
  facet normal -0.195089 0.980786 0
    outer loop
      vertex 0 5 -11
      vertex -1.91342 4.6194 25
      vertex 0 5 25
    endloop
  endfacet
  facet normal -0.195089 0.980786 0
    outer loop
      vertex -1.91342 4.6194 -17.5
      vertex 0 5 -11
      vertex 0 5 -14
    endloop
  endfacet
  facet normal -0.195089 0.980786 0
    outer loop
      vertex -1.91342 4.6194 -17.5
      vertex 0 5 -14
      vertex 0 5 -17.5
    endloop
  endfacet
  facet normal -0.195089 0.980786 0
    outer loop
      vertex 0 5 -11
      vertex -1.91342 4.6194 -17.5
      vertex -1.91342 4.6194 25
    endloop
  endfacet
  facet normal -0.195089 -0.980786 0
    outer loop
      vertex 0 5 -31
      vertex 1.91342 4.6194 -28
      vertex 0 5 -28
    endloop
  endfacet
  facet normal -0.195089 -0.980786 -0
    outer loop
      vertex 1.91342 4.6194 -28
      vertex 0 5 -31
      vertex 1.91342 4.6194 -31
    endloop
  endfacet
  facet normal 0.195089 0.980786 0
    outer loop
      vertex 1.91342 4.6194 25
      vertex 0 5 -11
      vertex 0 5 25
    endloop
  endfacet
  facet normal 0.195089 0.980786 -0
    outer loop
      vertex 1.91342 4.6194 -17.5
      vertex 0 5 -11
      vertex 1.91342 4.6194 25
    endloop
  endfacet
  facet normal 0.195089 0.980786 0
    outer loop
      vertex 0 5 -11
      vertex 1.91342 4.6194 -17.5
      vertex 0 5 -14
    endloop
  endfacet
  facet normal 0.195089 0.980786 0
    outer loop
      vertex 0 5 -14
      vertex 1.91342 4.6194 -17.5
      vertex 0 5 -17.5
    endloop
  endfacet
  facet normal 0.831467 0.555574 0
    outer loop
      vertex -3.53553 -3.53553 -28
      vertex -4.6194 -1.91342 -31
      vertex -4.6194 -1.91342 -28
    endloop
  endfacet
  facet normal 0.831467 0.555574 0
    outer loop
      vertex -4.6194 -1.91342 -31
      vertex -3.53553 -3.53553 -28
      vertex -3.53553 -3.53553 -31
    endloop
  endfacet
  facet normal -0.831467 -0.555574 0
    outer loop
      vertex -3.53553 -3.53553 -17.5
      vertex -4.6194 -1.91342 25
      vertex -4.6194 -1.91342 -17.5
    endloop
  endfacet
  facet normal -0.831467 -0.555574 0
    outer loop
      vertex -4.6194 -1.91342 25
      vertex -3.53553 -3.53553 -17.5
      vertex -3.53553 -3.53553 25
    endloop
  endfacet
  facet normal -0.555574 -0.831467 0
    outer loop
      vertex 1.91342 4.6194 -31
      vertex 3.53553 3.53553 -28
      vertex 1.91342 4.6194 -28
    endloop
  endfacet
  facet normal -0.555574 -0.831467 -0
    outer loop
      vertex 3.53553 3.53553 -28
      vertex 1.91342 4.6194 -31
      vertex 3.53553 3.53553 -31
    endloop
  endfacet
  facet normal 0.555574 0.831467 -0
    outer loop
      vertex 3.53553 3.53553 -17.5
      vertex 1.91342 4.6194 25
      vertex 3.53553 3.53553 25
    endloop
  endfacet
  facet normal 0.555574 0.831467 0
    outer loop
      vertex 1.91342 4.6194 25
      vertex 3.53553 3.53553 -17.5
      vertex 1.91342 4.6194 -17.5
    endloop
  endfacet
  facet normal 0.980786 0.195089 0
    outer loop
      vertex -4.6194 -1.91342 -28
      vertex -5 0 -31
      vertex -5 0 -28
    endloop
  endfacet
  facet normal 0.980786 0.195089 0
    outer loop
      vertex -5 0 -31
      vertex -4.6194 -1.91342 -28
      vertex -4.6194 -1.91342 -31
    endloop
  endfacet
  facet normal -0.980786 -0.195089 0
    outer loop
      vertex -4.6194 -1.91342 -17.5
      vertex -5 0 -14
      vertex -5 0 -17.5
    endloop
  endfacet
  facet normal -0.980786 -0.195089 0
    outer loop
      vertex -5 0 -14
      vertex -4.6194 -1.91342 -17.5
      vertex -5 0 -11
    endloop
  endfacet
  facet normal -0.980786 -0.195089 -0
    outer loop
      vertex -4.6194 -1.91342 25
      vertex -5 0 -11
      vertex -4.6194 -1.91342 -17.5
    endloop
  endfacet
  facet normal -0.980786 -0.195089 0
    outer loop
      vertex -5 0 -11
      vertex -4.6194 -1.91342 25
      vertex -5 0 25
    endloop
  endfacet
  facet normal 0.555574 0.831467 -0
    outer loop
      vertex -1.91342 -4.6194 -31
      vertex -3.53553 -3.53553 -28
      vertex -1.91342 -4.6194 -28
    endloop
  endfacet
  facet normal 0.555574 0.831467 0
    outer loop
      vertex -3.53553 -3.53553 -28
      vertex -1.91342 -4.6194 -31
      vertex -3.53553 -3.53553 -31
    endloop
  endfacet
  facet normal -0.555574 -0.831467 0
    outer loop
      vertex -3.53553 -3.53553 -17.5
      vertex -1.91342 -4.6194 25
      vertex -3.53553 -3.53553 25
    endloop
  endfacet
  facet normal -0.555574 -0.831467 -0
    outer loop
      vertex -1.91342 -4.6194 25
      vertex -3.53553 -3.53553 -17.5
      vertex -1.91342 -4.6194 -17.5
    endloop
  endfacet
  facet normal 0.951059 0.309008 0
    outer loop
      vertex 12.2268 2.5989 -25
      vertex 11.4193 5.08421 -28
      vertex 11.4193 5.08421 -25
    endloop
  endfacet
  facet normal 0.951059 0.309008 0
    outer loop
      vertex 11.4193 5.08421 -28
      vertex 12.2268 2.5989 -25
      vertex 12.2268 2.5989 -28
    endloop
  endfacet
  facet normal 0.99452 0.104545 0
    outer loop
      vertex 12.5 0 -25
      vertex 12.2268 2.5989 -28
      vertex 12.2268 2.5989 -25
    endloop
  endfacet
  facet normal 0.99452 0.104545 0
    outer loop
      vertex 12.2268 2.5989 -28
      vertex 12.5 0 -25
      vertex 12.5 0 -28
    endloop
  endfacet
  facet normal 0.866026 0.5 0
    outer loop
      vertex 11.4193 5.08421 -25
      vertex 10.1127 7.34731 -28
      vertex 10.1127 7.34731 -25
    endloop
  endfacet
  facet normal 0.866026 0.5 0
    outer loop
      vertex 10.1127 7.34731 -28
      vertex 11.4193 5.08421 -25
      vertex 11.4193 5.08421 -28
    endloop
  endfacet
  facet normal 0.587781 -0.80902 0
    outer loop
      vertex 6.25 -10.8253 -28
      vertex 8.36413 -9.28931 -25
      vertex 6.25 -10.8253 -25
    endloop
  endfacet
  facet normal 0.587781 -0.80902 0
    outer loop
      vertex 8.36413 -9.28931 -25
      vertex 6.25 -10.8253 -28
      vertex 8.36413 -9.28931 -28
    endloop
  endfacet
  facet normal 0 0 -1
    outer loop
      vertex 4.6194 -1.91342 -28
      vertex 4.6194 1.91342 -28
      vertex 5 0 -28
    endloop
  endfacet
  facet normal 0 0 -1
    outer loop
      vertex 3.53553 -3.53553 -28
      vertex 4.6194 1.91342 -28
      vertex 4.6194 -1.91342 -28
    endloop
  endfacet
  facet normal 0 0 -1
    outer loop
      vertex 3.53553 -3.53553 -28
      vertex 3.53553 3.53553 -28
      vertex 4.6194 1.91342 -28
    endloop
  endfacet
  facet normal 0 0 -1
    outer loop
      vertex 1.91342 -4.6194 -28
      vertex 3.53553 3.53553 -28
      vertex 3.53553 -3.53553 -28
    endloop
  endfacet
  facet normal 0 0 -1
    outer loop
      vertex 1.91342 -4.6194 -28
      vertex 1.91342 4.6194 -28
      vertex 3.53553 3.53553 -28
    endloop
  endfacet
  facet normal 0 0 -1
    outer loop
      vertex 0 -5 -28
      vertex 1.91342 4.6194 -28
      vertex 1.91342 -4.6194 -28
    endloop
  endfacet
  facet normal 0 0 -1
    outer loop
      vertex 0 -5 -28
      vertex 0 5 -28
      vertex 1.91342 4.6194 -28
    endloop
  endfacet
  facet normal 0 0 -1
    outer loop
      vertex -1.91342 -4.6194 -28
      vertex 0 5 -28
      vertex 0 -5 -28
    endloop
  endfacet
  facet normal 0 0 -1
    outer loop
      vertex -1.91342 -4.6194 -28
      vertex -1.91342 4.6194 -28
      vertex 0 5 -28
    endloop
  endfacet
  facet normal 0 0 -1
    outer loop
      vertex -3.53553 -3.53553 -28
      vertex -1.91342 4.6194 -28
      vertex -1.91342 -4.6194 -28
    endloop
  endfacet
  facet normal 0 0 -1
    outer loop
      vertex -3.53553 -3.53553 -28
      vertex -3.53553 3.53553 -28
      vertex -1.91342 4.6194 -28
    endloop
  endfacet
  facet normal 0 0 -1
    outer loop
      vertex -4.6194 -1.91342 -28
      vertex -3.53553 3.53553 -28
      vertex -3.53553 -3.53553 -28
    endloop
  endfacet
  facet normal 0 0 -1
    outer loop
      vertex -4.6194 -1.91342 -28
      vertex -4.6194 1.91342 -28
      vertex -3.53553 3.53553 -28
    endloop
  endfacet
  facet normal 0 -0 -1
    outer loop
      vertex -4.6194 1.91342 -28
      vertex -4.6194 -1.91342 -28
      vertex -5 0 -28
    endloop
  endfacet
  facet normal 0 0 -1
    outer loop
      vertex 11.5 0 -28
      vertex 12.5 0 -28
      vertex 12.2268 -2.5989 -28
    endloop
  endfacet
  facet normal 0 0 -1
    outer loop
      vertex 12.5 0 -28
      vertex 11.5 0 -28
      vertex 12.2268 2.5989 -28
    endloop
  endfacet
  facet normal 0 0 -1
    outer loop
      vertex 11.2487 -2.39098 -28
      vertex 12.2268 -2.5989 -28
      vertex 11.4193 -5.08421 -28
    endloop
  endfacet
  facet normal 0 0 -1
    outer loop
      vertex 12.2268 -2.5989 -28
      vertex 11.2487 -2.39098 -28
      vertex 11.5 0 -28
    endloop
  endfacet
  facet normal 0 0 -1
    outer loop
      vertex 11.4193 -5.08421 -28
      vertex 10.5058 -4.67747 -28
      vertex 11.2487 -2.39098 -28
    endloop
  endfacet
  facet normal 0 0 -1
    outer loop
      vertex 10.1127 -7.34731 -28
      vertex 10.5058 -4.67747 -28
      vertex 11.4193 -5.08421 -28
    endloop
  endfacet
  facet normal 0 0 -1
    outer loop
      vertex 10.1127 -7.34731 -28
      vertex 9.30369 -6.75953 -28
      vertex 10.5058 -4.67747 -28
    endloop
  endfacet
  facet normal 0 0 -1
    outer loop
      vertex 8.36413 -9.28931 -28
      vertex 9.30369 -6.75953 -28
      vertex 10.1127 -7.34731 -28
    endloop
  endfacet
  facet normal 0 0 -1
    outer loop
      vertex 8.36413 -9.28931 -28
      vertex 7.695 -8.54617 -28
      vertex 9.30369 -6.75953 -28
    endloop
  endfacet
  facet normal 0 0 -1
    outer loop
      vertex 6.25 -10.8253 -28
      vertex 7.695 -8.54617 -28
      vertex 8.36413 -9.28931 -28
    endloop
  endfacet
  facet normal 0 0 -1
    outer loop
      vertex 6.25 -10.8253 -28
      vertex 5.75 -9.95929 -28
      vertex 7.695 -8.54617 -28
    endloop
  endfacet
  facet normal 0 0 -1
    outer loop
      vertex 3.86271 -11.8882 -28
      vertex 5.75 -9.95929 -28
      vertex 6.25 -10.8253 -28
    endloop
  endfacet
  facet normal 0 0 -1
    outer loop
      vertex 3.86271 -11.8882 -28
      vertex 3.55369 -10.9371 -28
      vertex 5.75 -9.95929 -28
    endloop
  endfacet
  facet normal 0 0 -1
    outer loop
      vertex 1.30661 -12.4315 -28
      vertex 3.55369 -10.9371 -28
      vertex 3.86271 -11.8882 -28
    endloop
  endfacet
  facet normal 0 0 -1
    outer loop
      vertex 1.30661 -12.4315 -28
      vertex 1.20208 -11.437 -28
      vertex 3.55369 -10.9371 -28
    endloop
  endfacet
  facet normal 0 0 -1
    outer loop
      vertex 1.30661 -12.4315 -28
      vertex -1.20208 -11.437 -28
      vertex 1.20208 -11.437 -28
    endloop
  endfacet
  facet normal 0 0 -1
    outer loop
      vertex -1.30661 -12.4315 -28
      vertex -1.20208 -11.437 -28
      vertex 1.30661 -12.4315 -28
    endloop
  endfacet
  facet normal 0 0 -1
    outer loop
      vertex -1.30661 -12.4315 -28
      vertex -3.55369 -10.9371 -28
      vertex -1.20208 -11.437 -28
    endloop
  endfacet
  facet normal 0 0 -1
    outer loop
      vertex -3.86271 -11.8882 -28
      vertex -3.55369 -10.9371 -28
      vertex -1.30661 -12.4315 -28
    endloop
  endfacet
  facet normal 0 0 -1
    outer loop
      vertex -3.86271 -11.8882 -28
      vertex -5.75 -9.95929 -28
      vertex -3.55369 -10.9371 -28
    endloop
  endfacet
  facet normal 0 0 -1
    outer loop
      vertex -6.25 -10.8253 -28
      vertex -5.75 -9.95929 -28
      vertex -3.86271 -11.8882 -28
    endloop
  endfacet
  facet normal 0 0 -1
    outer loop
      vertex -6.25 -10.8253 -28
      vertex -7.695 -8.54617 -28
      vertex -5.75 -9.95929 -28
    endloop
  endfacet
  facet normal 0 0 -1
    outer loop
      vertex -8.36413 -9.28931 -28
      vertex -7.695 -8.54617 -28
      vertex -6.25 -10.8253 -28
    endloop
  endfacet
  facet normal 0 0 -1
    outer loop
      vertex -8.36413 -9.28931 -28
      vertex -9.30369 -6.75953 -28
      vertex -7.695 -8.54617 -28
    endloop
  endfacet
  facet normal 0 0 -1
    outer loop
      vertex -10.1127 -7.34731 -28
      vertex -9.30369 -6.75953 -28
      vertex -8.36413 -9.28931 -28
    endloop
  endfacet
  facet normal 0 0 -1
    outer loop
      vertex -10.1127 -7.34731 -28
      vertex -10.5058 -4.67747 -28
      vertex -9.30369 -6.75953 -28
    endloop
  endfacet
  facet normal 0 0 -1
    outer loop
      vertex -11.4193 -5.08421 -28
      vertex -10.5058 -4.67747 -28
      vertex -10.1127 -7.34731 -28
    endloop
  endfacet
  facet normal -0 0 -1
    outer loop
      vertex -10.5058 -4.67747 -28
      vertex -11.4193 -5.08421 -28
      vertex -11.2487 -2.39098 -28
    endloop
  endfacet
  facet normal 0 0 -1
    outer loop
      vertex -12.2268 -2.5989 -28
      vertex -11.2487 -2.39098 -28
      vertex -11.4193 -5.08421 -28
    endloop
  endfacet
  facet normal -0 0 -1
    outer loop
      vertex -11.2487 -2.39098 -28
      vertex -12.2268 -2.5989 -28
      vertex -11.5 0 -28
    endloop
  endfacet
  facet normal 0 0 -1
    outer loop
      vertex 11.2487 2.39098 -28
      vertex 12.2268 2.5989 -28
      vertex 11.5 0 -28
    endloop
  endfacet
  facet normal -0 0 -1
    outer loop
      vertex 12.2268 2.5989 -28
      vertex 11.2487 2.39098 -28
      vertex 11.4193 5.08421 -28
    endloop
  endfacet
  facet normal 0 0 -1
    outer loop
      vertex 10.5058 4.67747 -28
      vertex 11.4193 5.08421 -28
      vertex 11.2487 2.39098 -28
    endloop
  endfacet
  facet normal 0 0 -1
    outer loop
      vertex 10.5058 4.67747 -28
      vertex 10.1127 7.34731 -28
      vertex 11.4193 5.08421 -28
    endloop
  endfacet
  facet normal 0 0 -1
    outer loop
      vertex 9.30369 6.75953 -28
      vertex 10.1127 7.34731 -28
      vertex 10.5058 4.67747 -28
    endloop
  endfacet
  facet normal 0 0 -1
    outer loop
      vertex 9.30369 6.75953 -28
      vertex 8.36413 9.28931 -28
      vertex 10.1127 7.34731 -28
    endloop
  endfacet
  facet normal 0 0 -1
    outer loop
      vertex 7.695 8.54617 -28
      vertex 8.36413 9.28931 -28
      vertex 9.30369 6.75953 -28
    endloop
  endfacet
  facet normal 0 0 -1
    outer loop
      vertex 7.695 8.54617 -28
      vertex 6.25 10.8253 -28
      vertex 8.36413 9.28931 -28
    endloop
  endfacet
  facet normal 0 0 -1
    outer loop
      vertex 5.75 9.95929 -28
      vertex 6.25 10.8253 -28
      vertex 7.695 8.54617 -28
    endloop
  endfacet
  facet normal 0 0 -1
    outer loop
      vertex 5.75 9.95929 -28
      vertex 3.86271 11.8882 -28
      vertex 6.25 10.8253 -28
    endloop
  endfacet
  facet normal 0 0 -1
    outer loop
      vertex 3.55369 10.9371 -28
      vertex 3.86271 11.8882 -28
      vertex 5.75 9.95929 -28
    endloop
  endfacet
  facet normal 0 0 -1
    outer loop
      vertex 3.55369 10.9371 -28
      vertex 1.30661 12.4315 -28
      vertex 3.86271 11.8882 -28
    endloop
  endfacet
  facet normal 0 0 -1
    outer loop
      vertex 1.20208 11.437 -28
      vertex 1.30661 12.4315 -28
      vertex 3.55369 10.9371 -28
    endloop
  endfacet
  facet normal 0 0 -1
    outer loop
      vertex -1.20208 11.437 -28
      vertex 1.30661 12.4315 -28
      vertex 1.20208 11.437 -28
    endloop
  endfacet
  facet normal 0 0 -1
    outer loop
      vertex -1.20208 11.437 -28
      vertex -1.30661 12.4315 -28
      vertex 1.30661 12.4315 -28
    endloop
  endfacet
  facet normal 0 0 -1
    outer loop
      vertex -3.55369 10.9371 -28
      vertex -1.30661 12.4315 -28
      vertex -1.20208 11.437 -28
    endloop
  endfacet
  facet normal 0 0 -1
    outer loop
      vertex -3.55369 10.9371 -28
      vertex -3.86271 11.8882 -28
      vertex -1.30661 12.4315 -28
    endloop
  endfacet
  facet normal 0 0 -1
    outer loop
      vertex -5.75 9.95929 -28
      vertex -3.86271 11.8882 -28
      vertex -3.55369 10.9371 -28
    endloop
  endfacet
  facet normal 0 0 -1
    outer loop
      vertex -5.75 9.95929 -28
      vertex -6.25 10.8253 -28
      vertex -3.86271 11.8882 -28
    endloop
  endfacet
  facet normal 0 0 -1
    outer loop
      vertex -7.695 8.54617 -28
      vertex -6.25 10.8253 -28
      vertex -5.75 9.95929 -28
    endloop
  endfacet
  facet normal 0 0 -1
    outer loop
      vertex -7.695 8.54617 -28
      vertex -8.36413 9.28931 -28
      vertex -6.25 10.8253 -28
    endloop
  endfacet
  facet normal 0 0 -1
    outer loop
      vertex -9.30369 6.75953 -28
      vertex -8.36413 9.28931 -28
      vertex -7.695 8.54617 -28
    endloop
  endfacet
  facet normal 0 0 -1
    outer loop
      vertex -9.30369 6.75953 -28
      vertex -10.1127 7.34731 -28
      vertex -8.36413 9.28931 -28
    endloop
  endfacet
  facet normal 0 0 -1
    outer loop
      vertex -10.5058 4.67747 -28
      vertex -10.1127 7.34731 -28
      vertex -9.30369 6.75953 -28
    endloop
  endfacet
  facet normal 0 0 -1
    outer loop
      vertex -11.4193 5.08421 -28
      vertex -10.5058 4.67747 -28
      vertex -11.2487 2.39098 -28
    endloop
  endfacet
  facet normal 0 0 -1
    outer loop
      vertex -10.5058 4.67747 -28
      vertex -11.4193 5.08421 -28
      vertex -10.1127 7.34731 -28
    endloop
  endfacet
  facet normal 0 0 -1
    outer loop
      vertex -12.2268 2.5989 -28
      vertex -11.2487 2.39098 -28
      vertex -11.5 0 -28
    endloop
  endfacet
  facet normal 0 0 -1
    outer loop
      vertex -12.5 0 -28
      vertex -11.5 0 -28
      vertex -12.2268 -2.5989 -28
    endloop
  endfacet
  facet normal 0 0 -1
    outer loop
      vertex -11.2487 2.39098 -28
      vertex -12.2268 2.5989 -28
      vertex -11.4193 5.08421 -28
    endloop
  endfacet
  facet normal 0 0 -1
    outer loop
      vertex -11.5 0 -28
      vertex -12.5 0 -28
      vertex -12.2268 2.5989 -28
    endloop
  endfacet
  facet normal -0.743148 0.669128 0
    outer loop
      vertex -10.1127 7.34731 -28
      vertex -8.36413 9.28931 -25
      vertex -8.36413 9.28931 -28
    endloop
  endfacet
  facet normal -0.743148 0.669128 0
    outer loop
      vertex -8.36413 9.28931 -25
      vertex -10.1127 7.34731 -28
      vertex -10.1127 7.34731 -25
    endloop
  endfacet
  facet normal 0.40674 0.913544 -0
    outer loop
      vertex 6.25 10.8253 -28
      vertex 3.86271 11.8882 -25
      vertex 6.25 10.8253 -25
    endloop
  endfacet
  facet normal 0.40674 0.913544 0
    outer loop
      vertex 3.86271 11.8882 -25
      vertex 6.25 10.8253 -28
      vertex 3.86271 11.8882 -28
    endloop
  endfacet
  facet normal -0.743148 -0.669128 0
    outer loop
      vertex -8.36413 -9.28931 -28
      vertex -10.1127 -7.34731 -25
      vertex -10.1127 -7.34731 -28
    endloop
  endfacet
  facet normal -0.743148 -0.669128 0
    outer loop
      vertex -10.1127 -7.34731 -25
      vertex -8.36413 -9.28931 -28
      vertex -8.36413 -9.28931 -25
    endloop
  endfacet
  facet normal 0 -1 0
    outer loop
      vertex -1.30661 -12.4315 -28
      vertex 1.30661 -12.4315 -25
      vertex -1.30661 -12.4315 -25
    endloop
  endfacet
  facet normal 0 -1 -0
    outer loop
      vertex 1.30661 -12.4315 -25
      vertex -1.30661 -12.4315 -28
      vertex 1.30661 -12.4315 -28
    endloop
  endfacet
  facet normal 0.99452 -0.104545 0
    outer loop
      vertex 12.2268 -2.5989 -25
      vertex 12.5 0 -28
      vertex 12.5 0 -25
    endloop
  endfacet
  facet normal 0.99452 -0.104545 0
    outer loop
      vertex 12.5 0 -28
      vertex 12.2268 -2.5989 -25
      vertex 12.2268 -2.5989 -28
    endloop
  endfacet
  facet normal -0.40674 0.913544 0
    outer loop
      vertex -3.86271 11.8882 -28
      vertex -6.25 10.8253 -25
      vertex -3.86271 11.8882 -25
    endloop
  endfacet
  facet normal -0.40674 0.913544 0
    outer loop
      vertex -6.25 10.8253 -25
      vertex -3.86271 11.8882 -28
      vertex -6.25 10.8253 -28
    endloop
  endfacet
  facet normal 0.743148 0.669128 0
    outer loop
      vertex 10.1127 7.34731 -25
      vertex 8.36413 9.28931 -28
      vertex 8.36413 9.28931 -25
    endloop
  endfacet
  facet normal 0.743148 0.669128 0
    outer loop
      vertex 8.36413 9.28931 -28
      vertex 10.1127 7.34731 -25
      vertex 10.1127 7.34731 -28
    endloop
  endfacet
  facet normal -0.99452 -0.104545 0
    outer loop
      vertex -12.2268 -2.5989 -28
      vertex -12.5 0 -25
      vertex -12.5 0 -28
    endloop
  endfacet
  facet normal -0.99452 -0.104545 0
    outer loop
      vertex -12.5 0 -25
      vertex -12.2268 -2.5989 -28
      vertex -12.2268 -2.5989 -25
    endloop
  endfacet
  facet normal -0 0 1
    outer loop
      vertex -8.46352 -1.42658 -25
      vertex -5.27684 -2.85568 -25
      vertex -6.78648 -0.881678 -25
    endloop
  endfacet
  facet normal 0 0 1
    outer loop
      vertex -5.27684 -2.85568 -25
      vertex -8.36413 -9.28931 -25
      vertex -6.25 -10.8253 -25
    endloop
  endfacet
  facet normal 0 0 1
    outer loop
      vertex -5.27684 -2.85568 -25
      vertex -8.46352 -1.42658 -25
      vertex -10.1127 -7.34731 -25
    endloop
  endfacet
  facet normal 0 0 1
    outer loop
      vertex -12.2268 -2.5989 -25
      vertex -8.46352 -1.42658 -25
      vertex -9.5 0 -25
    endloop
  endfacet
  facet normal 0 0 1
    outer loop
      vertex -5.27684 -2.85568 -25
      vertex -10.1127 -7.34731 -25
      vertex -8.36413 -9.28931 -25
    endloop
  endfacet
  facet normal -0 0 1
    outer loop
      vertex -12.2268 2.5989 -25
      vertex -8.46352 1.42658 -25
      vertex -11.4193 5.08421 -25
    endloop
  endfacet
  facet normal 0 0 1
    outer loop
      vertex -8.46352 1.42658 -25
      vertex -12.2268 2.5989 -25
      vertex -9.5 0 -25
    endloop
  endfacet
  facet normal 0 0 1
    outer loop
      vertex -8.46352 -1.42658 -25
      vertex -11.4193 -5.08421 -25
      vertex -10.1127 -7.34731 -25
    endloop
  endfacet
  facet normal 0 0 1
    outer loop
      vertex -12.5 0 -25
      vertex -9.5 0 -25
      vertex -12.2268 2.5989 -25
    endloop
  endfacet
  facet normal 0 0 1
    outer loop
      vertex -8.46352 -1.42658 -25
      vertex -12.2268 -2.5989 -25
      vertex -11.4193 -5.08421 -25
    endloop
  endfacet
  facet normal 0 0 1
    outer loop
      vertex -9.5 0 -25
      vertex -12.5 0 -25
      vertex -12.2268 -2.5989 -25
    endloop
  endfacet
  facet normal 0 0 1
    outer loop
      vertex 1.47291 -5.8164 -25
      vertex 0.881678 -6.78648 -25
      vertex 1.42658 -8.46352 -25
    endloop
  endfacet
  facet normal -0 0 1
    outer loop
      vertex -0.495476 -5.97951 -25
      vertex 0.881678 -6.78648 -25
      vertex 1.47291 -5.8164 -25
    endloop
  endfacet
  facet normal 0 0 1
    outer loop
      vertex -0.495476 -5.97951 -25
      vertex -0.881678 -6.78648 -25
      vertex 0.881678 -6.78648 -25
    endloop
  endfacet
  facet normal 0 0 1
    outer loop
      vertex -0.881678 -6.78648 -25
      vertex -2.41017 -5.49464 -25
      vertex -1.42658 -8.46352 -25
    endloop
  endfacet
  facet normal 0 0 1
    outer loop
      vertex -2.41017 -5.49464 -25
      vertex -0.881678 -6.78648 -25
      vertex -0.495476 -5.97951 -25
    endloop
  endfacet
  facet normal 0 0 1
    outer loop
      vertex 10.1127 -7.34731 -25
      vertex 4.73484 -3.68528 -25
      vertex 8.36413 -9.28931 -25
    endloop
  endfacet
  facet normal -0 0 1
    outer loop
      vertex 3.28169 -5.023 -25
      vertex 8.36413 -9.28931 -25
      vertex 4.73484 -3.68528 -25
    endloop
  endfacet
  facet normal 0 0 1
    outer loop
      vertex 8.36413 -9.28931 -25
      vertex 3.28169 -5.023 -25
      vertex 6.25 -10.8253 -25
    endloop
  endfacet
  facet normal -0 0 1
    outer loop
      vertex 1.42658 -8.46352 -25
      vertex 6.25 -10.8253 -25
      vertex 3.28169 -5.023 -25
    endloop
  endfacet
  facet normal 0 0 1
    outer loop
      vertex 1.42658 -8.46352 -25
      vertex 3.28169 -5.023 -25
      vertex 1.47291 -5.8164 -25
    endloop
  endfacet
  facet normal 0 0 1
    outer loop
      vertex 6.25 -10.8253 -25
      vertex 1.42658 -8.46352 -25
      vertex 3.86271 -11.8882 -25
    endloop
  endfacet
  facet normal 0 0 1
    outer loop
      vertex 1.42658 -8.46352 -25
      vertex 1.30661 -12.4315 -25
      vertex 3.86271 -11.8882 -25
    endloop
  endfacet
  facet normal -0 0 1
    outer loop
      vertex 0 -9.5 -25
      vertex 1.30661 -12.4315 -25
      vertex 1.42658 -8.46352 -25
    endloop
  endfacet
  facet normal 0 0 1
    outer loop
      vertex 0 -9.5 -25
      vertex -1.30661 -12.4315 -25
      vertex 1.30661 -12.4315 -25
    endloop
  endfacet
  facet normal 0 0 1
    outer loop
      vertex -1.42658 -8.46352 -25
      vertex -1.30661 -12.4315 -25
      vertex 0 -9.5 -25
    endloop
  endfacet
  facet normal 0 0 1
    outer loop
      vertex -6.25 -10.8253 -25
      vertex -1.42658 -8.46352 -25
      vertex -2.41017 -5.49464 -25
    endloop
  endfacet
  facet normal 0 0 1
    outer loop
      vertex -1.42658 -8.46352 -25
      vertex -3.86271 -11.8882 -25
      vertex -1.30661 -12.4315 -25
    endloop
  endfacet
  facet normal 0 0 1
    outer loop
      vertex -6.25 -10.8253 -25
      vertex -2.41017 -5.49464 -25
      vertex -4.06369 -4.41434 -25
    endloop
  endfacet
  facet normal 0 0 1
    outer loop
      vertex -6.25 -10.8253 -25
      vertex -4.06369 -4.41434 -25
      vertex -5.27684 -2.85568 -25
    endloop
  endfacet
  facet normal 0 0 1
    outer loop
      vertex -6.78648 -0.881678 -25
      vertex -5.27684 -2.85568 -25
      vertex -5.91817 -0.987567 -25
    endloop
  endfacet
  facet normal 0 0 1
    outer loop
      vertex -1.42658 -8.46352 -25
      vertex -6.25 -10.8253 -25
      vertex -3.86271 -11.8882 -25
    endloop
  endfacet
  facet normal 0 0 1
    outer loop
      vertex -5.91817 0.987567 -25
      vertex -6.78648 0.881678 -25
      vertex -5.91817 -0.987567 -25
    endloop
  endfacet
  facet normal -0 0 1
    outer loop
      vertex -6.78648 -0.881678 -25
      vertex -5.91817 -0.987567 -25
      vertex -6.78648 0.881678 -25
    endloop
  endfacet
  facet normal -0 0 1
    outer loop
      vertex -8.36413 9.28931 -25
      vertex -6.78648 0.881678 -25
      vertex -6.25 10.8253 -25
    endloop
  endfacet
  facet normal -0 0 1
    outer loop
      vertex -10.1127 7.34731 -25
      vertex -6.78648 0.881678 -25
      vertex -8.36413 9.28931 -25
    endloop
  endfacet
  facet normal 0 0 1
    outer loop
      vertex -6.78648 0.881678 -25
      vertex -10.1127 7.34731 -25
      vertex -8.46352 1.42658 -25
    endloop
  endfacet
  facet normal -0 0 1
    outer loop
      vertex -11.4193 5.08421 -25
      vertex -8.46352 1.42658 -25
      vertex -10.1127 7.34731 -25
    endloop
  endfacet
  facet normal -0 0 1
    outer loop
      vertex 0.881678 6.78648 -25
      vertex 1.47291 5.8164 -25
      vertex 1.42658 8.46352 -25
    endloop
  endfacet
  facet normal 0 0 1
    outer loop
      vertex 0.881678 6.78648 -25
      vertex -0.495476 5.97951 -25
      vertex 1.47291 5.8164 -25
    endloop
  endfacet
  facet normal -0 0 1
    outer loop
      vertex -0.881678 6.78648 -25
      vertex -0.495476 5.97951 -25
      vertex 0.881678 6.78648 -25
    endloop
  endfacet
  facet normal 0 0 1
    outer loop
      vertex -0.881678 6.78648 -25
      vertex -2.41017 5.49464 -25
      vertex -0.495476 5.97951 -25
    endloop
  endfacet
  facet normal 0 0 1
    outer loop
      vertex -2.41017 5.49464 -25
      vertex -0.881678 6.78648 -25
      vertex -1.42658 8.46352 -25
    endloop
  endfacet
  facet normal 0 0 1
    outer loop
      vertex 9.5 0 -25
      vertex 12.5 0 -25
      vertex 12.2268 2.5989 -25
    endloop
  endfacet
  facet normal 0 0 1
    outer loop
      vertex 8.46352 1.42658 -25
      vertex 12.2268 2.5989 -25
      vertex 11.4193 5.08421 -25
    endloop
  endfacet
  facet normal 0 0 1
    outer loop
      vertex 12.5 0 -25
      vertex 9.5 0 -25
      vertex 12.2268 -2.5989 -25
    endloop
  endfacet
  facet normal 0 0 1
    outer loop
      vertex 8.46352 1.42658 -25
      vertex 11.4193 5.08421 -25
      vertex 10.1127 7.34731 -25
    endloop
  endfacet
  facet normal -0 0 1
    outer loop
      vertex 8.46352 -1.42658 -25
      vertex 12.2268 -2.5989 -25
      vertex 9.5 0 -25
    endloop
  endfacet
  facet normal 0 0 1
    outer loop
      vertex 12.2268 -2.5989 -25
      vertex 8.46352 -1.42658 -25
      vertex 11.4193 -5.08421 -25
    endloop
  endfacet
  facet normal 0 0 1
    outer loop
      vertex 12.2268 2.5989 -25
      vertex 8.46352 1.42658 -25
      vertex 9.5 0 -25
    endloop
  endfacet
  facet normal 0 0 1
    outer loop
      vertex 4.73484 3.68528 -25
      vertex 10.1127 7.34731 -25
      vertex 8.36413 9.28931 -25
    endloop
  endfacet
  facet normal 0 0 1
    outer loop
      vertex 10.1127 7.34731 -25
      vertex 4.73484 3.68528 -25
      vertex 8.46352 1.42658 -25
    endloop
  endfacet
  facet normal 0 0 1
    outer loop
      vertex 8.46352 1.42658 -25
      vertex 4.73484 3.68528 -25
      vertex 5.6749 1.9482 -25
    endloop
  endfacet
  facet normal 0 0 1
    outer loop
      vertex 4.73484 3.68528 -25
      vertex 8.36413 9.28931 -25
      vertex 6.25 10.8253 -25
    endloop
  endfacet
  facet normal 0 0 1
    outer loop
      vertex 11.4193 -5.08421 -25
      vertex 8.46352 -1.42658 -25
      vertex 10.1127 -7.34731 -25
    endloop
  endfacet
  facet normal 0 0 1
    outer loop
      vertex 5.6749 -1.9482 -25
      vertex 8.46352 -1.42658 -25
      vertex 6.78648 -0.881678 -25
    endloop
  endfacet
  facet normal 0 0 1
    outer loop
      vertex 4.73484 -3.68528 -25
      vertex 8.46352 -1.42658 -25
      vertex 5.6749 -1.9482 -25
    endloop
  endfacet
  facet normal 0 0 1
    outer loop
      vertex 8.46352 -1.42658 -25
      vertex 4.73484 -3.68528 -25
      vertex 10.1127 -7.34731 -25
    endloop
  endfacet
  facet normal 0 -0 1
    outer loop
      vertex 6 0 -25
      vertex 6.78648 0.881678 -25
      vertex 5.6749 1.9482 -25
    endloop
  endfacet
  facet normal 0 0 1
    outer loop
      vertex 5.6749 -1.9482 -25
      vertex 6.78648 -0.881678 -25
      vertex 6 0 -25
    endloop
  endfacet
  facet normal 0 0 1
    outer loop
      vertex 6.78648 0.881678 -25
      vertex 6 0 -25
      vertex 6.78648 -0.881678 -25
    endloop
  endfacet
  facet normal 0 0 1
    outer loop
      vertex 8.46352 1.42658 -25
      vertex 5.6749 1.9482 -25
      vertex 6.78648 0.881678 -25
    endloop
  endfacet
  facet normal 0 0 1
    outer loop
      vertex 1.42658 8.46352 -25
      vertex 6.25 10.8253 -25
      vertex 3.86271 11.8882 -25
    endloop
  endfacet
  facet normal 0 0 1
    outer loop
      vertex 6.25 10.8253 -25
      vertex 3.28169 5.023 -25
      vertex 4.73484 3.68528 -25
    endloop
  endfacet
  facet normal 0 0 1
    outer loop
      vertex 6.25 10.8253 -25
      vertex 1.42658 8.46352 -25
      vertex 3.28169 5.023 -25
    endloop
  endfacet
  facet normal 0 0 1
    outer loop
      vertex 3.28169 5.023 -25
      vertex 1.42658 8.46352 -25
      vertex 1.47291 5.8164 -25
    endloop
  endfacet
  facet normal 0 0 1
    outer loop
      vertex 1.30661 12.4315 -25
      vertex 1.42658 8.46352 -25
      vertex 3.86271 11.8882 -25
    endloop
  endfacet
  facet normal 0 0 1
    outer loop
      vertex 1.30661 12.4315 -25
      vertex 0 9.5 -25
      vertex 1.42658 8.46352 -25
    endloop
  endfacet
  facet normal -0 0 1
    outer loop
      vertex -1.30661 12.4315 -25
      vertex 0 9.5 -25
      vertex 1.30661 12.4315 -25
    endloop
  endfacet
  facet normal 0 0 1
    outer loop
      vertex -1.30661 12.4315 -25
      vertex -1.42658 8.46352 -25
      vertex 0 9.5 -25
    endloop
  endfacet
  facet normal -0 0 1
    outer loop
      vertex -3.86271 11.8882 -25
      vertex -1.42658 8.46352 -25
      vertex -1.30661 12.4315 -25
    endloop
  endfacet
  facet normal -0 0 1
    outer loop
      vertex -6.25 10.8253 -25
      vertex -1.42658 8.46352 -25
      vertex -3.86271 11.8882 -25
    endloop
  endfacet
  facet normal 0 0 1
    outer loop
      vertex -1.42658 8.46352 -25
      vertex -6.25 10.8253 -25
      vertex -2.41017 5.49464 -25
    endloop
  endfacet
  facet normal 0 0 1
    outer loop
      vertex -2.41017 5.49464 -25
      vertex -6.25 10.8253 -25
      vertex -4.06369 4.41434 -25
    endloop
  endfacet
  facet normal 0 0 1
    outer loop
      vertex -4.06369 4.41434 -25
      vertex -6.25 10.8253 -25
      vertex -5.27684 2.85568 -25
    endloop
  endfacet
  facet normal 0 0 1
    outer loop
      vertex -5.27684 2.85568 -25
      vertex -6.78648 0.881678 -25
      vertex -5.91817 0.987567 -25
    endloop
  endfacet
  facet normal 0 0 1
    outer loop
      vertex -6.78648 0.881678 -25
      vertex -5.27684 2.85568 -25
      vertex -6.25 10.8253 -25
    endloop
  endfacet
  facet normal -0.40674 -0.913544 0
    outer loop
      vertex -6.25 -10.8253 -28
      vertex -3.86271 -11.8882 -25
      vertex -6.25 -10.8253 -25
    endloop
  endfacet
  facet normal -0.40674 -0.913544 -0
    outer loop
      vertex -3.86271 -11.8882 -25
      vertex -6.25 -10.8253 -28
      vertex -3.86271 -11.8882 -28
    endloop
  endfacet
  facet normal 0.866026 -0.5 0
    outer loop
      vertex 10.1127 -7.34731 -25
      vertex 11.4193 -5.08421 -28
      vertex 11.4193 -5.08421 -25
    endloop
  endfacet
  facet normal 0.866026 -0.5 0
    outer loop
      vertex 11.4193 -5.08421 -28
      vertex 10.1127 -7.34731 -25
      vertex 10.1127 -7.34731 -28
    endloop
  endfacet
  facet normal 0.951059 -0.309008 0
    outer loop
      vertex 11.4193 -5.08421 -25
      vertex 12.2268 -2.5989 -28
      vertex 12.2268 -2.5989 -25
    endloop
  endfacet
  facet normal 0.951059 -0.309008 0
    outer loop
      vertex 12.2268 -2.5989 -28
      vertex 11.4193 -5.08421 -25
      vertex 11.4193 -5.08421 -28
    endloop
  endfacet
  facet normal -0.951059 -0.309008 0
    outer loop
      vertex -11.4193 -5.08421 -28
      vertex -12.2268 -2.5989 -25
      vertex -12.2268 -2.5989 -28
    endloop
  endfacet
  facet normal -0.951059 -0.309008 0
    outer loop
      vertex -12.2268 -2.5989 -25
      vertex -11.4193 -5.08421 -28
      vertex -11.4193 -5.08421 -25
    endloop
  endfacet
  facet normal 0.207906 -0.978149 0
    outer loop
      vertex 1.30661 -12.4315 -28
      vertex 3.86271 -11.8882 -25
      vertex 1.30661 -12.4315 -25
    endloop
  endfacet
  facet normal 0.207906 -0.978149 0
    outer loop
      vertex 3.86271 -11.8882 -25
      vertex 1.30661 -12.4315 -28
      vertex 3.86271 -11.8882 -28
    endloop
  endfacet
  facet normal -0.951059 0.309008 0
    outer loop
      vertex -12.2268 2.5989 -28
      vertex -11.4193 5.08421 -25
      vertex -11.4193 5.08421 -28
    endloop
  endfacet
  facet normal -0.951059 0.309008 0
    outer loop
      vertex -11.4193 5.08421 -25
      vertex -12.2268 2.5989 -28
      vertex -12.2268 2.5989 -25
    endloop
  endfacet
  facet normal 0 1 -0
    outer loop
      vertex 1.30661 12.4315 -28
      vertex -1.30661 12.4315 -25
      vertex 1.30661 12.4315 -25
    endloop
  endfacet
  facet normal 0 1 0
    outer loop
      vertex -1.30661 12.4315 -25
      vertex 1.30661 12.4315 -28
      vertex -1.30661 12.4315 -28
    endloop
  endfacet
  facet normal 0.743148 -0.669128 0
    outer loop
      vertex 8.36413 -9.28931 -25
      vertex 10.1127 -7.34731 -28
      vertex 10.1127 -7.34731 -25
    endloop
  endfacet
  facet normal 0.743148 -0.669128 0
    outer loop
      vertex 10.1127 -7.34731 -28
      vertex 8.36413 -9.28931 -25
      vertex 8.36413 -9.28931 -28
    endloop
  endfacet
  facet normal -0.207906 -0.978149 0
    outer loop
      vertex -3.86271 -11.8882 -28
      vertex -1.30661 -12.4315 -25
      vertex -3.86271 -11.8882 -25
    endloop
  endfacet
  facet normal -0.207906 -0.978149 -0
    outer loop
      vertex -1.30661 -12.4315 -25
      vertex -3.86271 -11.8882 -28
      vertex -1.30661 -12.4315 -28
    endloop
  endfacet
  facet normal -0.866026 0.5 0
    outer loop
      vertex -11.4193 5.08421 -28
      vertex -10.1127 7.34731 -25
      vertex -10.1127 7.34731 -28
    endloop
  endfacet
  facet normal -0.866026 0.5 0
    outer loop
      vertex -10.1127 7.34731 -25
      vertex -11.4193 5.08421 -28
      vertex -11.4193 5.08421 -25
    endloop
  endfacet
  facet normal -0.99452 0.104545 0
    outer loop
      vertex -12.5 0 -28
      vertex -12.2268 2.5989 -25
      vertex -12.2268 2.5989 -28
    endloop
  endfacet
  facet normal -0.99452 0.104545 0
    outer loop
      vertex -12.2268 2.5989 -25
      vertex -12.5 0 -28
      vertex -12.5 0 -25
    endloop
  endfacet
  facet normal -0.866026 -0.5 0
    outer loop
      vertex -10.1127 -7.34731 -28
      vertex -11.4193 -5.08421 -25
      vertex -11.4193 -5.08421 -28
    endloop
  endfacet
  facet normal -0.866026 -0.5 0
    outer loop
      vertex -11.4193 -5.08421 -25
      vertex -10.1127 -7.34731 -28
      vertex -10.1127 -7.34731 -25
    endloop
  endfacet
  facet normal 0.207906 0.978149 -0
    outer loop
      vertex 3.86271 11.8882 -28
      vertex 1.30661 12.4315 -25
      vertex 3.86271 11.8882 -25
    endloop
  endfacet
  facet normal 0.207906 0.978149 0
    outer loop
      vertex 1.30661 12.4315 -25
      vertex 3.86271 11.8882 -28
      vertex 1.30661 12.4315 -28
    endloop
  endfacet
  facet normal 0.40674 -0.913544 0
    outer loop
      vertex 3.86271 -11.8882 -28
      vertex 6.25 -10.8253 -25
      vertex 3.86271 -11.8882 -25
    endloop
  endfacet
  facet normal 0.40674 -0.913544 0
    outer loop
      vertex 6.25 -10.8253 -25
      vertex 3.86271 -11.8882 -28
      vertex 6.25 -10.8253 -28
    endloop
  endfacet
  facet normal 0.587781 0.80902 -0
    outer loop
      vertex 8.36413 9.28931 -28
      vertex 6.25 10.8253 -25
      vertex 8.36413 9.28931 -25
    endloop
  endfacet
  facet normal 0.587781 0.80902 0
    outer loop
      vertex 6.25 10.8253 -25
      vertex 8.36413 9.28931 -28
      vertex 6.25 10.8253 -28
    endloop
  endfacet
  facet normal -0.587781 -0.80902 0
    outer loop
      vertex -8.36413 -9.28931 -28
      vertex -6.25 -10.8253 -25
      vertex -8.36413 -9.28931 -25
    endloop
  endfacet
  facet normal -0.587781 -0.80902 -0
    outer loop
      vertex -6.25 -10.8253 -25
      vertex -8.36413 -9.28931 -28
      vertex -6.25 -10.8253 -28
    endloop
  endfacet
  facet normal -0.587781 0.80902 0
    outer loop
      vertex -6.25 10.8253 -28
      vertex -8.36413 9.28931 -25
      vertex -6.25 10.8253 -25
    endloop
  endfacet
  facet normal -0.587781 0.80902 0
    outer loop
      vertex -8.36413 9.28931 -25
      vertex -6.25 10.8253 -28
      vertex -8.36413 9.28931 -28
    endloop
  endfacet
  facet normal -0.207906 0.978149 0
    outer loop
      vertex -1.30661 12.4315 -28
      vertex -3.86271 11.8882 -25
      vertex -1.30661 12.4315 -25
    endloop
  endfacet
  facet normal -0.207906 0.978149 0
    outer loop
      vertex -3.86271 11.8882 -25
      vertex -1.30661 12.4315 -28
      vertex -3.86271 11.8882 -28
    endloop
  endfacet
  facet normal 0.95106 0.309007 0
    outer loop
      vertex 11.2487 2.39098 -28
      vertex 10.5058 4.67747 -31
      vertex 10.5058 4.67747 -28
    endloop
  endfacet
  facet normal 0.95106 0.309007 0
    outer loop
      vertex 10.5058 4.67747 -31
      vertex 11.2487 2.39098 -28
      vertex 11.2487 2.39098 -31
    endloop
  endfacet
  facet normal 0.994522 0.104528 0
    outer loop
      vertex 11.5 0 -28
      vertex 11.2487 2.39098 -31
      vertex 11.2487 2.39098 -28
    endloop
  endfacet
  facet normal 0.994522 0.104528 0
    outer loop
      vertex 11.2487 2.39098 -31
      vertex 11.5 0 -28
      vertex 11.5 0 -31
    endloop
  endfacet
  facet normal 0.95106 -0.309007 0
    outer loop
      vertex 10.5058 -4.67747 -28
      vertex 11.2487 -2.39098 -31
      vertex 11.2487 -2.39098 -28
    endloop
  endfacet
  facet normal 0.95106 -0.309007 0
    outer loop
      vertex 11.2487 -2.39098 -31
      vertex 10.5058 -4.67747 -28
      vertex 10.5058 -4.67747 -31
    endloop
  endfacet
  facet normal 0.406719 0.913553 -0
    outer loop
      vertex 5.75 9.95929 -31
      vertex 3.55369 10.9371 -28
      vertex 5.75 9.95929 -28
    endloop
  endfacet
  facet normal 0.406719 0.913553 0
    outer loop
      vertex 3.55369 10.9371 -28
      vertex 5.75 9.95929 -31
      vertex 3.55369 10.9371 -31
    endloop
  endfacet
  facet normal 0 0 1
    outer loop
      vertex 4.6194 1.91342 -31
      vertex 4.6194 -1.91342 -31
      vertex 5 0 -31
    endloop
  endfacet
  facet normal 0 0 1
    outer loop
      vertex 3.53553 3.53553 -31
      vertex 4.6194 -1.91342 -31
      vertex 4.6194 1.91342 -31
    endloop
  endfacet
  facet normal 0 0 1
    outer loop
      vertex 3.53553 3.53553 -31
      vertex 3.53553 -3.53553 -31
      vertex 4.6194 -1.91342 -31
    endloop
  endfacet
  facet normal 0 0 1
    outer loop
      vertex 1.91342 4.6194 -31
      vertex 3.53553 -3.53553 -31
      vertex 3.53553 3.53553 -31
    endloop
  endfacet
  facet normal 0 0 1
    outer loop
      vertex 1.91342 4.6194 -31
      vertex 1.91342 -4.6194 -31
      vertex 3.53553 -3.53553 -31
    endloop
  endfacet
  facet normal 0 0 1
    outer loop
      vertex 0 5 -31
      vertex 1.91342 -4.6194 -31
      vertex 1.91342 4.6194 -31
    endloop
  endfacet
  facet normal 0 0 1
    outer loop
      vertex 0 5 -31
      vertex 0 -5 -31
      vertex 1.91342 -4.6194 -31
    endloop
  endfacet
  facet normal -0 0 1
    outer loop
      vertex -1.91342 4.6194 -31
      vertex 0 -5 -31
      vertex 0 5 -31
    endloop
  endfacet
  facet normal 0 0 1
    outer loop
      vertex -1.91342 4.6194 -31
      vertex -1.91342 -4.6194 -31
      vertex 0 -5 -31
    endloop
  endfacet
  facet normal -0 0 1
    outer loop
      vertex -3.53553 3.53553 -31
      vertex -1.91342 -4.6194 -31
      vertex -1.91342 4.6194 -31
    endloop
  endfacet
  facet normal 0 0 1
    outer loop
      vertex -3.53553 3.53553 -31
      vertex -3.53553 -3.53553 -31
      vertex -1.91342 -4.6194 -31
    endloop
  endfacet
  facet normal -0 0 1
    outer loop
      vertex -4.6194 1.91342 -31
      vertex -3.53553 -3.53553 -31
      vertex -3.53553 3.53553 -31
    endloop
  endfacet
  facet normal 0 0 1
    outer loop
      vertex -4.6194 1.91342 -31
      vertex -4.6194 -1.91342 -31
      vertex -3.53553 -3.53553 -31
    endloop
  endfacet
  facet normal 0 -0 1
    outer loop
      vertex -4.6194 -1.91342 -31
      vertex -4.6194 1.91342 -31
      vertex -5 0 -31
    endloop
  endfacet
  facet normal 0 0 1
    outer loop
      vertex 11.5 0 -31
      vertex 12.5 0 -31
      vertex 12.2268 2.5989 -31
    endloop
  endfacet
  facet normal 0 0 1
    outer loop
      vertex 12.5 0 -31
      vertex 11.5 0 -31
      vertex 12.2268 -2.5989 -31
    endloop
  endfacet
  facet normal 0 0 1
    outer loop
      vertex 11.2487 2.39098 -31
      vertex 12.2268 2.5989 -31
      vertex 11.4193 5.08421 -31
    endloop
  endfacet
  facet normal 0 0 1
    outer loop
      vertex 12.2268 2.5989 -31
      vertex 11.2487 2.39098 -31
      vertex 11.5 0 -31
    endloop
  endfacet
  facet normal 0 0 1
    outer loop
      vertex 11.4193 5.08421 -31
      vertex 10.5058 4.67747 -31
      vertex 11.2487 2.39098 -31
    endloop
  endfacet
  facet normal 0 0 1
    outer loop
      vertex 10.1127 7.34731 -31
      vertex 10.5058 4.67747 -31
      vertex 11.4193 5.08421 -31
    endloop
  endfacet
  facet normal 0 0 1
    outer loop
      vertex 10.1127 7.34731 -31
      vertex 9.30369 6.75953 -31
      vertex 10.5058 4.67747 -31
    endloop
  endfacet
  facet normal 0 0 1
    outer loop
      vertex 8.36413 9.28931 -31
      vertex 9.30369 6.75953 -31
      vertex 10.1127 7.34731 -31
    endloop
  endfacet
  facet normal 0 0 1
    outer loop
      vertex 8.36413 9.28931 -31
      vertex 7.695 8.54617 -31
      vertex 9.30369 6.75953 -31
    endloop
  endfacet
  facet normal 0 0 1
    outer loop
      vertex 6.25 10.8253 -31
      vertex 7.695 8.54617 -31
      vertex 8.36413 9.28931 -31
    endloop
  endfacet
  facet normal 0 0 1
    outer loop
      vertex 6.25 10.8253 -31
      vertex 5.75 9.95929 -31
      vertex 7.695 8.54617 -31
    endloop
  endfacet
  facet normal 0 0 1
    outer loop
      vertex 3.86271 11.8882 -31
      vertex 5.75 9.95929 -31
      vertex 6.25 10.8253 -31
    endloop
  endfacet
  facet normal 0 0 1
    outer loop
      vertex 3.86271 11.8882 -31
      vertex 3.55369 10.9371 -31
      vertex 5.75 9.95929 -31
    endloop
  endfacet
  facet normal 0 0 1
    outer loop
      vertex 1.30661 12.4315 -31
      vertex 3.55369 10.9371 -31
      vertex 3.86271 11.8882 -31
    endloop
  endfacet
  facet normal 0 0 1
    outer loop
      vertex 1.30661 12.4315 -31
      vertex 1.20208 11.437 -31
      vertex 3.55369 10.9371 -31
    endloop
  endfacet
  facet normal 0 0 1
    outer loop
      vertex 1.30661 12.4315 -31
      vertex -1.20208 11.437 -31
      vertex 1.20208 11.437 -31
    endloop
  endfacet
  facet normal -0 0 1
    outer loop
      vertex -1.30661 12.4315 -31
      vertex -1.20208 11.437 -31
      vertex 1.30661 12.4315 -31
    endloop
  endfacet
  facet normal 0 0 1
    outer loop
      vertex -1.30661 12.4315 -31
      vertex -3.55369 10.9371 -31
      vertex -1.20208 11.437 -31
    endloop
  endfacet
  facet normal -0 0 1
    outer loop
      vertex -3.86271 11.8882 -31
      vertex -3.55369 10.9371 -31
      vertex -1.30661 12.4315 -31
    endloop
  endfacet
  facet normal 0 0 1
    outer loop
      vertex -3.86271 11.8882 -31
      vertex -5.75 9.95929 -31
      vertex -3.55369 10.9371 -31
    endloop
  endfacet
  facet normal -0 0 1
    outer loop
      vertex -6.25 10.8253 -31
      vertex -5.75 9.95929 -31
      vertex -3.86271 11.8882 -31
    endloop
  endfacet
  facet normal 0 0 1
    outer loop
      vertex -6.25 10.8253 -31
      vertex -7.695 8.54617 -31
      vertex -5.75 9.95929 -31
    endloop
  endfacet
  facet normal -0 0 1
    outer loop
      vertex -8.36413 9.28931 -31
      vertex -7.695 8.54617 -31
      vertex -6.25 10.8253 -31
    endloop
  endfacet
  facet normal 0 0 1
    outer loop
      vertex -8.36413 9.28931 -31
      vertex -9.30369 6.75953 -31
      vertex -7.695 8.54617 -31
    endloop
  endfacet
  facet normal -0 0 1
    outer loop
      vertex -10.1127 7.34731 -31
      vertex -9.30369 6.75953 -31
      vertex -8.36413 9.28931 -31
    endloop
  endfacet
  facet normal 0 0 1
    outer loop
      vertex -10.1127 7.34731 -31
      vertex -10.5058 4.67747 -31
      vertex -9.30369 6.75953 -31
    endloop
  endfacet
  facet normal -0 0 1
    outer loop
      vertex -11.4193 5.08421 -31
      vertex -10.5058 4.67747 -31
      vertex -10.1127 7.34731 -31
    endloop
  endfacet
  facet normal 0 0 1
    outer loop
      vertex -10.5058 4.67747 -31
      vertex -11.4193 5.08421 -31
      vertex -11.2487 2.39098 -31
    endloop
  endfacet
  facet normal -0 0 1
    outer loop
      vertex -12.2268 2.5989 -31
      vertex -11.2487 2.39098 -31
      vertex -11.4193 5.08421 -31
    endloop
  endfacet
  facet normal 0 0 1
    outer loop
      vertex -11.2487 2.39098 -31
      vertex -12.2268 2.5989 -31
      vertex -11.5 0 -31
    endloop
  endfacet
  facet normal -0 0 1
    outer loop
      vertex 11.2487 -2.39098 -31
      vertex 12.2268 -2.5989 -31
      vertex 11.5 0 -31
    endloop
  endfacet
  facet normal 0 0 1
    outer loop
      vertex 12.2268 -2.5989 -31
      vertex 11.2487 -2.39098 -31
      vertex 11.4193 -5.08421 -31
    endloop
  endfacet
  facet normal -0 0 1
    outer loop
      vertex 10.5058 -4.67747 -31
      vertex 11.4193 -5.08421 -31
      vertex 11.2487 -2.39098 -31
    endloop
  endfacet
  facet normal 0 0 1
    outer loop
      vertex 10.5058 -4.67747 -31
      vertex 10.1127 -7.34731 -31
      vertex 11.4193 -5.08421 -31
    endloop
  endfacet
  facet normal -0 0 1
    outer loop
      vertex 9.30369 -6.75953 -31
      vertex 10.1127 -7.34731 -31
      vertex 10.5058 -4.67747 -31
    endloop
  endfacet
  facet normal 0 0 1
    outer loop
      vertex 9.30369 -6.75953 -31
      vertex 8.36413 -9.28931 -31
      vertex 10.1127 -7.34731 -31
    endloop
  endfacet
  facet normal -0 0 1
    outer loop
      vertex 7.695 -8.54617 -31
      vertex 8.36413 -9.28931 -31
      vertex 9.30369 -6.75953 -31
    endloop
  endfacet
  facet normal 0 0 1
    outer loop
      vertex 7.695 -8.54617 -31
      vertex 6.25 -10.8253 -31
      vertex 8.36413 -9.28931 -31
    endloop
  endfacet
  facet normal -0 0 1
    outer loop
      vertex 5.75 -9.95929 -31
      vertex 6.25 -10.8253 -31
      vertex 7.695 -8.54617 -31
    endloop
  endfacet
  facet normal 0 0 1
    outer loop
      vertex 5.75 -9.95929 -31
      vertex 3.86271 -11.8882 -31
      vertex 6.25 -10.8253 -31
    endloop
  endfacet
  facet normal -0 0 1
    outer loop
      vertex 3.55369 -10.9371 -31
      vertex 3.86271 -11.8882 -31
      vertex 5.75 -9.95929 -31
    endloop
  endfacet
  facet normal 0 0 1
    outer loop
      vertex 3.55369 -10.9371 -31
      vertex 1.30661 -12.4315 -31
      vertex 3.86271 -11.8882 -31
    endloop
  endfacet
  facet normal -0 0 1
    outer loop
      vertex 1.20208 -11.437 -31
      vertex 1.30661 -12.4315 -31
      vertex 3.55369 -10.9371 -31
    endloop
  endfacet
  facet normal -0 0 1
    outer loop
      vertex -1.20208 -11.437 -31
      vertex 1.30661 -12.4315 -31
      vertex 1.20208 -11.437 -31
    endloop
  endfacet
  facet normal 0 0 1
    outer loop
      vertex -1.20208 -11.437 -31
      vertex -1.30661 -12.4315 -31
      vertex 1.30661 -12.4315 -31
    endloop
  endfacet
  facet normal 0 0 1
    outer loop
      vertex -3.55369 -10.9371 -31
      vertex -1.30661 -12.4315 -31
      vertex -1.20208 -11.437 -31
    endloop
  endfacet
  facet normal 0 0 1
    outer loop
      vertex -3.55369 -10.9371 -31
      vertex -3.86271 -11.8882 -31
      vertex -1.30661 -12.4315 -31
    endloop
  endfacet
  facet normal 0 0 1
    outer loop
      vertex -5.75 -9.95929 -31
      vertex -3.86271 -11.8882 -31
      vertex -3.55369 -10.9371 -31
    endloop
  endfacet
  facet normal 0 0 1
    outer loop
      vertex -5.75 -9.95929 -31
      vertex -6.25 -10.8253 -31
      vertex -3.86271 -11.8882 -31
    endloop
  endfacet
  facet normal 0 0 1
    outer loop
      vertex -7.695 -8.54617 -31
      vertex -6.25 -10.8253 -31
      vertex -5.75 -9.95929 -31
    endloop
  endfacet
  facet normal 0 0 1
    outer loop
      vertex -7.695 -8.54617 -31
      vertex -8.36413 -9.28931 -31
      vertex -6.25 -10.8253 -31
    endloop
  endfacet
  facet normal 0 0 1
    outer loop
      vertex -9.30369 -6.75953 -31
      vertex -8.36413 -9.28931 -31
      vertex -7.695 -8.54617 -31
    endloop
  endfacet
  facet normal 0 0 1
    outer loop
      vertex -9.30369 -6.75953 -31
      vertex -10.1127 -7.34731 -31
      vertex -8.36413 -9.28931 -31
    endloop
  endfacet
  facet normal 0 0 1
    outer loop
      vertex -10.5058 -4.67747 -31
      vertex -10.1127 -7.34731 -31
      vertex -9.30369 -6.75953 -31
    endloop
  endfacet
  facet normal 0 0 1
    outer loop
      vertex -11.4193 -5.08421 -31
      vertex -10.5058 -4.67747 -31
      vertex -11.2487 -2.39098 -31
    endloop
  endfacet
  facet normal 0 0 1
    outer loop
      vertex -10.5058 -4.67747 -31
      vertex -11.4193 -5.08421 -31
      vertex -10.1127 -7.34731 -31
    endloop
  endfacet
  facet normal 0 0 1
    outer loop
      vertex -12.2268 -2.5989 -31
      vertex -11.2487 -2.39098 -31
      vertex -11.5 0 -31
    endloop
  endfacet
  facet normal 0 0 1
    outer loop
      vertex -12.5 0 -31
      vertex -11.5 0 -31
      vertex -12.2268 2.5989 -31
    endloop
  endfacet
  facet normal 0 0 1
    outer loop
      vertex -11.2487 -2.39098 -31
      vertex -12.2268 -2.5989 -31
      vertex -11.4193 -5.08421 -31
    endloop
  endfacet
  facet normal 0 0 1
    outer loop
      vertex -11.5 0 -31
      vertex -12.5 0 -31
      vertex -12.2268 -2.5989 -31
    endloop
  endfacet
  facet normal 0 0 -1
    outer loop
      vertex -6.78647 -0.881678 -31
      vertex -6.78648 -0.881678 -31
      vertex -6.78647 0.881678 -31
    endloop
  endfacet
  facet normal 0 -0 -1
    outer loop
      vertex -6.78648 -0.881678 -31
      vertex -6.78647 -0.881678 -31
      vertex -8.46352 -1.42658 -31
    endloop
  endfacet
  facet normal 0 0 -1
    outer loop
      vertex -6.78648 0.881678 -31
      vertex -6.78647 0.881678 -31
      vertex -6.78648 -0.881678 -31
    endloop
  endfacet
  facet normal 0 0 -1
    outer loop
      vertex -6.78647 0.881678 -31
      vertex -6.78648 0.881678 -31
      vertex -8.46352 1.42658 -31
    endloop
  endfacet
  facet normal 0 0 -1
    outer loop
      vertex 0.881678 6.78647 -31
      vertex 0.881678 6.78648 -31
      vertex 1.42658 8.46352 -31
    endloop
  endfacet
  facet normal 0 0 -1
    outer loop
      vertex -0.881678 6.78647 -31
      vertex 0.881678 6.78648 -31
      vertex 0.881678 6.78647 -31
    endloop
  endfacet
  facet normal 0 0 -1
    outer loop
      vertex -0.881678 6.78647 -31
      vertex -0.881678 6.78648 -31
      vertex 0.881678 6.78648 -31
    endloop
  endfacet
  facet normal -0 -0 -1
    outer loop
      vertex -0.881678 6.78648 -31
      vertex -0.881678 6.78647 -31
      vertex -1.42658 8.46352 -31
    endloop
  endfacet
  facet normal 0 0 -1
    outer loop
      vertex 0.881678 -6.78648 -31
      vertex 0.881678 -6.78647 -31
      vertex 1.42658 -8.46352 -31
    endloop
  endfacet
  facet normal 0 0 -1
    outer loop
      vertex -0.881678 -6.78648 -31
      vertex 0.881678 -6.78647 -31
      vertex 0.881678 -6.78648 -31
    endloop
  endfacet
  facet normal 0 0 -1
    outer loop
      vertex -0.881678 -6.78648 -31
      vertex -0.881678 -6.78647 -31
      vertex 0.881678 -6.78647 -31
    endloop
  endfacet
  facet normal 0 -0 -1
    outer loop
      vertex -0.881678 -6.78647 -31
      vertex -0.881678 -6.78648 -31
      vertex -1.42658 -8.46352 -31
    endloop
  endfacet
  facet normal 0 0 -1
    outer loop
      vertex 6.78648 -0.881678 -31
      vertex 6.78647 -0.881678 -31
      vertex 6.78648 0.881678 -31
    endloop
  endfacet
  facet normal 0 0 -1
    outer loop
      vertex 6.78647 -0.881678 -31
      vertex 6.78648 -0.881678 -31
      vertex 8.46352 -1.42658 -31
    endloop
  endfacet
  facet normal 0 0 -1
    outer loop
      vertex 6.78648 0.881678 -31
      vertex 6.78647 0.881678 -31
      vertex 8.46352 1.42658 -31
    endloop
  endfacet
  facet normal 0 0 -1
    outer loop
      vertex 6.78647 0.881678 -31
      vertex 6.78648 0.881678 -31
      vertex 6.78647 -0.881678 -31
    endloop
  endfacet
  facet normal -0.587784 0.809018 0
    outer loop
      vertex -5.75 9.95929 -31
      vertex -7.695 8.54617 -28
      vertex -5.75 9.95929 -28
    endloop
  endfacet
  facet normal -0.587784 0.809018 0
    outer loop
      vertex -7.695 8.54617 -28
      vertex -5.75 9.95929 -31
      vertex -7.695 8.54617 -31
    endloop
  endfacet
  facet normal -0.406719 0.913553 0
    outer loop
      vertex -3.55369 10.9371 -31
      vertex -5.75 9.95929 -28
      vertex -3.55369 10.9371 -28
    endloop
  endfacet
  facet normal -0.406719 0.913553 0
    outer loop
      vertex -5.75 9.95929 -28
      vertex -3.55369 10.9371 -31
      vertex -5.75 9.95929 -31
    endloop
  endfacet
  facet normal 0.587784 -0.809018 0
    outer loop
      vertex 5.75 -9.95929 -31
      vertex 7.695 -8.54617 -28
      vertex 5.75 -9.95929 -28
    endloop
  endfacet
  facet normal 0.587784 -0.809018 0
    outer loop
      vertex 7.695 -8.54617 -28
      vertex 5.75 -9.95929 -31
      vertex 7.695 -8.54617 -31
    endloop
  endfacet
  facet normal -0.86602 -0.50001 0
    outer loop
      vertex -9.30369 -6.75953 -31
      vertex -10.5058 -4.67747 -28
      vertex -10.5058 -4.67747 -31
    endloop
  endfacet
  facet normal -0.86602 -0.50001 0
    outer loop
      vertex -10.5058 -4.67747 -28
      vertex -9.30369 -6.75953 -31
      vertex -9.30369 -6.75953 -28
    endloop
  endfacet
  facet normal 0.406719 -0.913553 0
    outer loop
      vertex 3.55369 -10.9371 -31
      vertex 5.75 -9.95929 -28
      vertex 3.55369 -10.9371 -28
    endloop
  endfacet
  facet normal 0.406719 -0.913553 0
    outer loop
      vertex 5.75 -9.95929 -28
      vertex 3.55369 -10.9371 -31
      vertex 5.75 -9.95929 -31
    endloop
  endfacet
  facet normal 0.207932 -0.978143 0
    outer loop
      vertex 1.20208 -11.437 -31
      vertex 3.55369 -10.9371 -28
      vertex 1.20208 -11.437 -28
    endloop
  endfacet
  facet normal 0.207932 -0.978143 0
    outer loop
      vertex 3.55369 -10.9371 -28
      vertex 1.20208 -11.437 -31
      vertex 3.55369 -10.9371 -31
    endloop
  endfacet
  facet normal 0.587784 0.809018 -0
    outer loop
      vertex 7.695 8.54617 -31
      vertex 5.75 9.95929 -28
      vertex 7.695 8.54617 -28
    endloop
  endfacet
  facet normal 0.587784 0.809018 0
    outer loop
      vertex 5.75 9.95929 -28
      vertex 7.695 8.54617 -31
      vertex 5.75 9.95929 -31
    endloop
  endfacet
  facet normal -0.95106 0.309007 0
    outer loop
      vertex -11.2487 2.39098 -31
      vertex -10.5058 4.67747 -28
      vertex -10.5058 4.67747 -31
    endloop
  endfacet
  facet normal -0.95106 0.309007 0
    outer loop
      vertex -10.5058 4.67747 -28
      vertex -11.2487 2.39098 -31
      vertex -11.2487 2.39098 -28
    endloop
  endfacet
  facet normal 0.994522 -0.104528 0
    outer loop
      vertex 11.2487 -2.39098 -28
      vertex 11.5 0 -31
      vertex 11.5 0 -28
    endloop
  endfacet
  facet normal 0.994522 -0.104528 0
    outer loop
      vertex 11.5 0 -31
      vertex 11.2487 -2.39098 -28
      vertex 11.2487 -2.39098 -31
    endloop
  endfacet
  facet normal -0.743146 0.669129 0
    outer loop
      vertex -9.30369 6.75953 -31
      vertex -7.695 8.54617 -28
      vertex -7.695 8.54617 -31
    endloop
  endfacet
  facet normal -0.743146 0.669129 0
    outer loop
      vertex -7.695 8.54617 -28
      vertex -9.30369 6.75953 -31
      vertex -9.30369 6.75953 -28
    endloop
  endfacet
  facet normal 0 1 -0
    outer loop
      vertex 1.20208 11.437 -31
      vertex -1.20208 11.437 -28
      vertex 1.20208 11.437 -28
    endloop
  endfacet
  facet normal 0 1 0
    outer loop
      vertex -1.20208 11.437 -28
      vertex 1.20208 11.437 -31
      vertex -1.20208 11.437 -31
    endloop
  endfacet
  facet normal 0.86602 -0.50001 0
    outer loop
      vertex 9.30369 -6.75953 -28
      vertex 10.5058 -4.67747 -31
      vertex 10.5058 -4.67747 -28
    endloop
  endfacet
  facet normal 0.86602 -0.50001 0
    outer loop
      vertex 10.5058 -4.67747 -31
      vertex 9.30369 -6.75953 -28
      vertex 9.30369 -6.75953 -31
    endloop
  endfacet
  facet normal -0.207932 0.978143 0
    outer loop
      vertex -1.20208 11.437 -31
      vertex -3.55369 10.9371 -28
      vertex -1.20208 11.437 -28
    endloop
  endfacet
  facet normal -0.207932 0.978143 0
    outer loop
      vertex -3.55369 10.9371 -28
      vertex -1.20208 11.437 -31
      vertex -3.55369 10.9371 -31
    endloop
  endfacet
  facet normal 0.743146 -0.669129 0
    outer loop
      vertex 7.695 -8.54617 -28
      vertex 9.30369 -6.75953 -31
      vertex 9.30369 -6.75953 -28
    endloop
  endfacet
  facet normal 0.743146 -0.669129 0
    outer loop
      vertex 9.30369 -6.75953 -31
      vertex 7.695 -8.54617 -28
      vertex 7.695 -8.54617 -31
    endloop
  endfacet
  facet normal -0.406719 -0.913553 0
    outer loop
      vertex -5.75 -9.95929 -31
      vertex -3.55369 -10.9371 -28
      vertex -5.75 -9.95929 -28
    endloop
  endfacet
  facet normal -0.406719 -0.913553 -0
    outer loop
      vertex -3.55369 -10.9371 -28
      vertex -5.75 -9.95929 -31
      vertex -3.55369 -10.9371 -31
    endloop
  endfacet
  facet normal -0.587784 -0.809018 0
    outer loop
      vertex -7.695 -8.54617 -31
      vertex -5.75 -9.95929 -28
      vertex -7.695 -8.54617 -28
    endloop
  endfacet
  facet normal -0.587784 -0.809018 -0
    outer loop
      vertex -5.75 -9.95929 -28
      vertex -7.695 -8.54617 -31
      vertex -5.75 -9.95929 -31
    endloop
  endfacet
  facet normal 0.743146 0.669129 0
    outer loop
      vertex 9.30369 6.75953 -28
      vertex 7.695 8.54617 -31
      vertex 7.695 8.54617 -28
    endloop
  endfacet
  facet normal 0.743146 0.669129 0
    outer loop
      vertex 7.695 8.54617 -31
      vertex 9.30369 6.75953 -28
      vertex 9.30369 6.75953 -31
    endloop
  endfacet
  facet normal -0.994522 0.104528 0
    outer loop
      vertex -11.5 0 -31
      vertex -11.2487 2.39098 -28
      vertex -11.2487 2.39098 -31
    endloop
  endfacet
  facet normal -0.994522 0.104528 0
    outer loop
      vertex -11.2487 2.39098 -28
      vertex -11.5 0 -31
      vertex -11.5 0 -28
    endloop
  endfacet
  facet normal 0 -1 0
    outer loop
      vertex -1.20208 -11.437 -31
      vertex 1.20208 -11.437 -28
      vertex -1.20208 -11.437 -28
    endloop
  endfacet
  facet normal 0 -1 -0
    outer loop
      vertex 1.20208 -11.437 -28
      vertex -1.20208 -11.437 -31
      vertex 1.20208 -11.437 -31
    endloop
  endfacet
  facet normal 0.86602 0.50001 0
    outer loop
      vertex 10.5058 4.67747 -28
      vertex 9.30369 6.75953 -31
      vertex 9.30369 6.75953 -28
    endloop
  endfacet
  facet normal 0.86602 0.50001 0
    outer loop
      vertex 9.30369 6.75953 -31
      vertex 10.5058 4.67747 -28
      vertex 10.5058 4.67747 -31
    endloop
  endfacet
  facet normal -0.207932 -0.978143 0
    outer loop
      vertex -3.55369 -10.9371 -31
      vertex -1.20208 -11.437 -28
      vertex -3.55369 -10.9371 -28
    endloop
  endfacet
  facet normal -0.207932 -0.978143 -0
    outer loop
      vertex -1.20208 -11.437 -28
      vertex -3.55369 -10.9371 -31
      vertex -1.20208 -11.437 -31
    endloop
  endfacet
  facet normal -0.95106 -0.309007 0
    outer loop
      vertex -10.5058 -4.67747 -31
      vertex -11.2487 -2.39098 -28
      vertex -11.2487 -2.39098 -31
    endloop
  endfacet
  facet normal -0.95106 -0.309007 0
    outer loop
      vertex -11.2487 -2.39098 -28
      vertex -10.5058 -4.67747 -31
      vertex -10.5058 -4.67747 -28
    endloop
  endfacet
  facet normal -0.743146 -0.669129 0
    outer loop
      vertex -7.695 -8.54617 -31
      vertex -9.30369 -6.75953 -28
      vertex -9.30369 -6.75953 -31
    endloop
  endfacet
  facet normal -0.743146 -0.669129 0
    outer loop
      vertex -9.30369 -6.75953 -28
      vertex -7.695 -8.54617 -31
      vertex -7.695 -8.54617 -28
    endloop
  endfacet
  facet normal 0.207932 0.978143 -0
    outer loop
      vertex 3.55369 10.9371 -31
      vertex 1.20208 11.437 -28
      vertex 3.55369 10.9371 -28
    endloop
  endfacet
  facet normal 0.207932 0.978143 0
    outer loop
      vertex 1.20208 11.437 -28
      vertex 3.55369 10.9371 -31
      vertex 1.20208 11.437 -31
    endloop
  endfacet
  facet normal -0.994522 -0.104528 0
    outer loop
      vertex -11.2487 -2.39098 -31
      vertex -11.5 0 -28
      vertex -11.5 0 -31
    endloop
  endfacet
  facet normal -0.994522 -0.104528 0
    outer loop
      vertex -11.5 0 -28
      vertex -11.2487 -2.39098 -31
      vertex -11.2487 -2.39098 -28
    endloop
  endfacet
  facet normal -0.86602 0.50001 0
    outer loop
      vertex -10.5058 4.67747 -31
      vertex -9.30369 6.75953 -28
      vertex -9.30369 6.75953 -31
    endloop
  endfacet
  facet normal -0.86602 0.50001 0
    outer loop
      vertex -9.30369 6.75953 -28
      vertex -10.5058 4.67747 -31
      vertex -10.5058 4.67747 -28
    endloop
  endfacet
  facet normal 0.309015 0.951057 -0
    outer loop
      vertex 8.46352 -1.42658 -34
      vertex 6.78647 -0.881678 -31
      vertex 8.46352 -1.42658 -31
    endloop
  endfacet
  facet normal 0.309015 0.951057 0
    outer loop
      vertex 6.78647 -0.881678 -31
      vertex 8.46352 -1.42658 -34
      vertex 6.78647 -0.881678 -34
    endloop
  endfacet
  facet normal 0.309015 -0.951057 0
    outer loop
      vertex 6.78647 0.881678 -34
      vertex 8.46352 1.42658 -31
      vertex 6.78647 0.881678 -31
    endloop
  endfacet
  facet normal 0.309015 -0.951057 0
    outer loop
      vertex 8.46352 1.42658 -31
      vertex 6.78647 0.881678 -34
      vertex 8.46352 1.42658 -34
    endloop
  endfacet
  facet normal 1 -0 0
    outer loop
      vertex 6.78647 -0.881678 -31
      vertex 6.78647 0.881678 -34
      vertex 6.78647 0.881678 -31
    endloop
  endfacet
  facet normal 1 0 0
    outer loop
      vertex 6.78647 0.881678 -34
      vertex 6.78647 -0.881678 -31
      vertex 6.78647 -0.881678 -34
    endloop
  endfacet
  facet normal -0.951057 0.309015 0
    outer loop
      vertex 0.881678 6.78647 -34
      vertex 1.42658 8.46352 -31
      vertex 1.42658 8.46352 -34
    endloop
  endfacet
  facet normal -0.951057 0.309015 0
    outer loop
      vertex 1.42658 8.46352 -31
      vertex 0.881678 6.78647 -34
      vertex 0.881678 6.78647 -31
    endloop
  endfacet
  facet normal 0 1 -0
    outer loop
      vertex 0.881678 6.78647 -34
      vertex -0.881678 6.78647 -31
      vertex 0.881678 6.78647 -31
    endloop
  endfacet
  facet normal 0 1 0
    outer loop
      vertex -0.881678 6.78647 -31
      vertex 0.881678 6.78647 -34
      vertex -0.881678 6.78647 -34
    endloop
  endfacet
  facet normal 0.951057 0.309015 0
    outer loop
      vertex -0.881678 6.78647 -31
      vertex -1.42658 8.46352 -34
      vertex -1.42658 8.46352 -31
    endloop
  endfacet
  facet normal 0.951057 0.309015 0
    outer loop
      vertex -1.42658 8.46352 -34
      vertex -0.881678 6.78647 -31
      vertex -0.881678 6.78647 -34
    endloop
  endfacet
  facet normal -0.309015 0.951057 0
    outer loop
      vertex -6.78647 -0.881678 -34
      vertex -8.46352 -1.42658 -31
      vertex -6.78647 -0.881678 -31
    endloop
  endfacet
  facet normal -0.309015 0.951057 0
    outer loop
      vertex -8.46352 -1.42658 -31
      vertex -6.78647 -0.881678 -34
      vertex -8.46352 -1.42658 -34
    endloop
  endfacet
  facet normal -1 0 0
    outer loop
      vertex -6.78647 -0.881678 -34
      vertex -6.78647 0.881678 -31
      vertex -6.78647 0.881678 -34
    endloop
  endfacet
  facet normal -1 -0 0
    outer loop
      vertex -6.78647 0.881678 -31
      vertex -6.78647 -0.881678 -34
      vertex -6.78647 -0.881678 -31
    endloop
  endfacet
  facet normal -0.309015 -0.951057 0
    outer loop
      vertex -8.46352 1.42658 -34
      vertex -6.78647 0.881678 -31
      vertex -8.46352 1.42658 -31
    endloop
  endfacet
  facet normal -0.309015 -0.951057 -0
    outer loop
      vertex -6.78647 0.881678 -31
      vertex -8.46352 1.42658 -34
      vertex -6.78647 0.881678 -34
    endloop
  endfacet
  facet normal -0.951057 -0.309015 0
    outer loop
      vertex 1.42658 -8.46352 -34
      vertex 0.881678 -6.78647 -31
      vertex 0.881678 -6.78647 -34
    endloop
  endfacet
  facet normal -0.951057 -0.309015 0
    outer loop
      vertex 0.881678 -6.78647 -31
      vertex 1.42658 -8.46352 -34
      vertex 1.42658 -8.46352 -31
    endloop
  endfacet
  facet normal 0 -1 0
    outer loop
      vertex -0.881678 -6.78647 -34
      vertex 0.881678 -6.78647 -31
      vertex -0.881678 -6.78647 -31
    endloop
  endfacet
  facet normal 0 -1 -0
    outer loop
      vertex 0.881678 -6.78647 -31
      vertex -0.881678 -6.78647 -34
      vertex 0.881678 -6.78647 -34
    endloop
  endfacet
  facet normal 0.951057 -0.309015 0
    outer loop
      vertex -1.42658 -8.46352 -31
      vertex -0.881678 -6.78647 -34
      vertex -0.881678 -6.78647 -31
    endloop
  endfacet
  facet normal 0.951057 -0.309015 0
    outer loop
      vertex -0.881678 -6.78647 -34
      vertex -1.42658 -8.46352 -31
      vertex -1.42658 -8.46352 -34
    endloop
  endfacet
  facet normal 0.951059 0.309008 0
    outer loop
      vertex 12.2268 2.5989 -31
      vertex 11.4193 5.08421 -34
      vertex 11.4193 5.08421 -31
    endloop
  endfacet
  facet normal 0.951059 0.309008 0
    outer loop
      vertex 11.4193 5.08421 -34
      vertex 12.2268 2.5989 -31
      vertex 12.2268 2.5989 -34
    endloop
  endfacet
  facet normal 0.99452 0.104545 0
    outer loop
      vertex 12.5 0 -31
      vertex 12.2268 2.5989 -34
      vertex 12.2268 2.5989 -31
    endloop
  endfacet
  facet normal 0.99452 0.104545 0
    outer loop
      vertex 12.2268 2.5989 -34
      vertex 12.5 0 -31
      vertex 12.5 0 -34
    endloop
  endfacet
  facet normal 0.866026 0.5 0
    outer loop
      vertex 11.4193 5.08421 -31
      vertex 10.1127 7.34731 -34
      vertex 10.1127 7.34731 -31
    endloop
  endfacet
  facet normal 0.866026 0.5 0
    outer loop
      vertex 10.1127 7.34731 -34
      vertex 11.4193 5.08421 -31
      vertex 11.4193 5.08421 -34
    endloop
  endfacet
  facet normal 0.587781 -0.80902 0
    outer loop
      vertex 6.25 -10.8253 -34
      vertex 8.36413 -9.28931 -31
      vertex 6.25 -10.8253 -31
    endloop
  endfacet
  facet normal 0.587781 -0.80902 0
    outer loop
      vertex 8.36413 -9.28931 -31
      vertex 6.25 -10.8253 -34
      vertex 8.36413 -9.28931 -34
    endloop
  endfacet
  facet normal 0 0 -1
    outer loop
      vertex -8.36413 9.28931 -34
      vertex -0.881678 6.78647 -34
      vertex -6.78647 0.881678 -34
    endloop
  endfacet
  facet normal 0 0 -1
    outer loop
      vertex -0.881678 6.78647 -34
      vertex -8.36413 9.28931 -34
      vertex -6.25 10.8253 -34
    endloop
  endfacet
  facet normal 0 0 -1
    outer loop
      vertex -10.1127 7.34731 -34
      vertex -6.78647 0.881678 -34
      vertex -8.46352 1.42658 -34
    endloop
  endfacet
  facet normal 0 0 -1
    outer loop
      vertex -12.2268 -2.5989 -34
      vertex -8.46352 -1.42658 -34
      vertex -11.4193 -5.08421 -34
    endloop
  endfacet
  facet normal 0 0 -1
    outer loop
      vertex -6.78647 0.881678 -34
      vertex -10.1127 7.34731 -34
      vertex -8.36413 9.28931 -34
    endloop
  endfacet
  facet normal 0 0 -1
    outer loop
      vertex -12.5 0 -34
      vertex -8.46352 -1.42658 -34
      vertex -12.2268 -2.5989 -34
    endloop
  endfacet
  facet normal 0 0 -1
    outer loop
      vertex -8.46352 1.42658 -34
      vertex -11.4193 5.08421 -34
      vertex -10.1127 7.34731 -34
    endloop
  endfacet
  facet normal 0 0 -1
    outer loop
      vertex -8.46352 -1.42658 -34
      vertex -12.5 0 -34
      vertex -8.46352 1.42658 -34
    endloop
  endfacet
  facet normal 0 0 -1
    outer loop
      vertex -8.46352 1.42658 -34
      vertex -12.2268 2.5989 -34
      vertex -11.4193 5.08421 -34
    endloop
  endfacet
  facet normal -0 0 -1
    outer loop
      vertex -8.46352 1.42658 -34
      vertex -12.5 0 -34
      vertex -12.2268 2.5989 -34
    endloop
  endfacet
  facet normal 0 0 -1
    outer loop
      vertex -8.46352 -1.42658 -34
      vertex -6.78648 0.881678 -34
      vertex -6.78648 -0.881678 -34
    endloop
  endfacet
  facet normal -0 0 -1
    outer loop
      vertex -6.78648 0.881678 -34
      vertex -8.46352 -1.42658 -34
      vertex -8.46352 1.42658 -34
    endloop
  endfacet
  facet normal 0 0 -1
    outer loop
      vertex 0.881678 6.78647 -34
      vertex 6.78647 0.881678 -34
      vertex 0.881678 -6.78647 -34
    endloop
  endfacet
  facet normal 0 0 -1
    outer loop
      vertex 6.78647 0.881678 -34
      vertex 0.881678 6.78647 -34
      vertex 1.42658 8.46352 -34
    endloop
  endfacet
  facet normal 0 0 -1
    outer loop
      vertex -0.881678 -6.78647 -34
      vertex 0.881678 6.78647 -34
      vertex 0.881678 -6.78647 -34
    endloop
  endfacet
  facet normal 0 0 -1
    outer loop
      vertex -0.881678 -6.78647 -34
      vertex -0.881678 6.78647 -34
      vertex 0.881678 6.78647 -34
    endloop
  endfacet
  facet normal 0 0 -1
    outer loop
      vertex -6.78647 -0.881678 -34
      vertex -0.881678 -6.78647 -34
      vertex -1.42658 -8.46352 -34
    endloop
  endfacet
  facet normal 0 0 -1
    outer loop
      vertex -0.881678 -6.78647 -34
      vertex -6.78647 -0.881678 -34
      vertex -0.881678 6.78647 -34
    endloop
  endfacet
  facet normal -0 0 -1
    outer loop
      vertex 6.25 10.8253 -34
      vertex 1.42658 8.46352 -34
      vertex 3.86271 11.8882 -34
    endloop
  endfacet
  facet normal 0 0 -1
    outer loop
      vertex 1.42658 8.46352 -34
      vertex 1.30661 12.4315 -34
      vertex 3.86271 11.8882 -34
    endloop
  endfacet
  facet normal 0 0 -1
    outer loop
      vertex -1.42658 8.46352 -34
      vertex 1.42658 8.46352 -34
      vertex 0.881678 6.78648 -34
    endloop
  endfacet
  facet normal 0 0 -1
    outer loop
      vertex -1.42658 8.46352 -34
      vertex 0.881678 6.78648 -34
      vertex -0.881678 6.78648 -34
    endloop
  endfacet
  facet normal 0 0 -1
    outer loop
      vertex 1.42658 8.46352 -34
      vertex -1.42658 8.46352 -34
      vertex 1.30661 12.4315 -34
    endloop
  endfacet
  facet normal -0 0 -1
    outer loop
      vertex 1.30661 12.4315 -34
      vertex -1.42658 8.46352 -34
      vertex -1.30661 12.4315 -34
    endloop
  endfacet
  facet normal 0 0 -1
    outer loop
      vertex -6.78647 0.881678 -34
      vertex -0.881678 6.78647 -34
      vertex -6.78647 -0.881678 -34
    endloop
  endfacet
  facet normal 0 0 -1
    outer loop
      vertex -0.881678 6.78647 -34
      vertex -6.25 10.8253 -34
      vertex -1.42658 8.46352 -34
    endloop
  endfacet
  facet normal 0 0 -1
    outer loop
      vertex -6.78647 -0.881678 -34
      vertex -3.86271 -11.8882 -34
      vertex -6.25 -10.8253 -34
    endloop
  endfacet
  facet normal 0 0 -1
    outer loop
      vertex -1.42658 8.46352 -34
      vertex -3.86271 11.8882 -34
      vertex -1.30661 12.4315 -34
    endloop
  endfacet
  facet normal 0 0 -1
    outer loop
      vertex -1.42658 8.46352 -34
      vertex -6.25 10.8253 -34
      vertex -3.86271 11.8882 -34
    endloop
  endfacet
  facet normal 0 0 -1
    outer loop
      vertex -8.36413 -9.28931 -34
      vertex -6.78647 -0.881678 -34
      vertex -6.25 -10.8253 -34
    endloop
  endfacet
  facet normal 0 0 -1
    outer loop
      vertex -10.1127 -7.34731 -34
      vertex -6.78647 -0.881678 -34
      vertex -8.36413 -9.28931 -34
    endloop
  endfacet
  facet normal 0 0 -1
    outer loop
      vertex -11.4193 -5.08421 -34
      vertex -8.46352 -1.42658 -34
      vertex -10.1127 -7.34731 -34
    endloop
  endfacet
  facet normal 0 0 -1
    outer loop
      vertex -6.78647 -0.881678 -34
      vertex -10.1127 -7.34731 -34
      vertex -8.46352 -1.42658 -34
    endloop
  endfacet
  facet normal 0 0 -1
    outer loop
      vertex 6.78648 -0.881678 -34
      vertex 8.46352 1.42658 -34
      vertex 8.46352 -1.42658 -34
    endloop
  endfacet
  facet normal 0 0 -1
    outer loop
      vertex 8.46352 1.42658 -34
      vertex 6.78648 -0.881678 -34
      vertex 6.78648 0.881678 -34
    endloop
  endfacet
  facet normal 0 0 -1
    outer loop
      vertex 8.46352 -1.42658 -34
      vertex 12.5 0 -34
      vertex 12.2268 -2.5989 -34
    endloop
  endfacet
  facet normal 0 0 -1
    outer loop
      vertex 8.46352 -1.42658 -34
      vertex 12.2268 -2.5989 -34
      vertex 11.4193 -5.08421 -34
    endloop
  endfacet
  facet normal 0 0 -1
    outer loop
      vertex 8.46352 1.42658 -34
      vertex 12.5 0 -34
      vertex 8.46352 -1.42658 -34
    endloop
  endfacet
  facet normal 0 0 -1
    outer loop
      vertex 8.46352 -1.42658 -34
      vertex 11.4193 -5.08421 -34
      vertex 10.1127 -7.34731 -34
    endloop
  endfacet
  facet normal 0 0 -1
    outer loop
      vertex 12.5 0 -34
      vertex 8.46352 1.42658 -34
      vertex 12.2268 2.5989 -34
    endloop
  endfacet
  facet normal -0 0 -1
    outer loop
      vertex 12.2268 2.5989 -34
      vertex 8.46352 1.42658 -34
      vertex 11.4193 5.08421 -34
    endloop
  endfacet
  facet normal 0 0 -1
    outer loop
      vertex 6.78647 -0.881678 -34
      vertex 10.1127 -7.34731 -34
      vertex 8.36413 -9.28931 -34
    endloop
  endfacet
  facet normal 0 0 -1
    outer loop
      vertex 10.1127 -7.34731 -34
      vertex 6.78647 -0.881678 -34
      vertex 8.46352 -1.42658 -34
    endloop
  endfacet
  facet normal 0 0 -1
    outer loop
      vertex 0.881678 -6.78647 -34
      vertex 8.36413 -9.28931 -34
      vertex 1.42658 -8.46352 -34
    endloop
  endfacet
  facet normal 0 0 -1
    outer loop
      vertex 1.42658 -8.46352 -34
      vertex 8.36413 -9.28931 -34
      vertex 6.25 -10.8253 -34
    endloop
  endfacet
  facet normal -0 0 -1
    outer loop
      vertex 11.4193 5.08421 -34
      vertex 8.46352 1.42658 -34
      vertex 10.1127 7.34731 -34
    endloop
  endfacet
  facet normal 0 0 -1
    outer loop
      vertex 6.78647 0.881678 -34
      vertex 10.1127 7.34731 -34
      vertex 8.46352 1.42658 -34
    endloop
  endfacet
  facet normal -0 0 -1
    outer loop
      vertex 10.1127 7.34731 -34
      vertex 6.78647 0.881678 -34
      vertex 8.36413 9.28931 -34
    endloop
  endfacet
  facet normal 0 0 -1
    outer loop
      vertex 1.42658 8.46352 -34
      vertex 8.36413 9.28931 -34
      vertex 6.78647 0.881678 -34
    endloop
  endfacet
  facet normal 0 0 -1
    outer loop
      vertex 8.36413 -9.28931 -34
      vertex 0.881678 -6.78647 -34
      vertex 6.78647 -0.881678 -34
    endloop
  endfacet
  facet normal 0 0 -1
    outer loop
      vertex 1.42658 -8.46352 -34
      vertex 6.25 -10.8253 -34
      vertex 3.86271 -11.8882 -34
    endloop
  endfacet
  facet normal -0 0 -1
    outer loop
      vertex 6.78647 -0.881678 -34
      vertex 0.881678 -6.78647 -34
      vertex 6.78647 0.881678 -34
    endloop
  endfacet
  facet normal -0 0 -1
    outer loop
      vertex 8.36413 9.28931 -34
      vertex 1.42658 8.46352 -34
      vertex 6.25 10.8253 -34
    endloop
  endfacet
  facet normal 0 0 -1
    outer loop
      vertex 1.30661 -12.4315 -34
      vertex 1.42658 -8.46352 -34
      vertex 3.86271 -11.8882 -34
    endloop
  endfacet
  facet normal 0 0 -1
    outer loop
      vertex -1.42658 -8.46352 -34
      vertex 1.42658 -8.46352 -34
      vertex 1.30661 -12.4315 -34
    endloop
  endfacet
  facet normal 0 0 -1
    outer loop
      vertex 1.42658 -8.46352 -34
      vertex -1.42658 -8.46352 -34
      vertex 0.881678 -6.78648 -34
    endloop
  endfacet
  facet normal 0 0 -1
    outer loop
      vertex -1.42658 -8.46352 -34
      vertex 1.30661 -12.4315 -34
      vertex -1.30661 -12.4315 -34
    endloop
  endfacet
  facet normal -0 0 -1
    outer loop
      vertex 0.881678 -6.78648 -34
      vertex -1.42658 -8.46352 -34
      vertex -0.881678 -6.78648 -34
    endloop
  endfacet
  facet normal 0 0 -1
    outer loop
      vertex -6.78647 -0.881678 -34
      vertex -1.42658 -8.46352 -34
      vertex -3.86271 -11.8882 -34
    endloop
  endfacet
  facet normal 0 0 -1
    outer loop
      vertex -3.86271 -11.8882 -34
      vertex -1.42658 -8.46352 -34
      vertex -1.30661 -12.4315 -34
    endloop
  endfacet
  facet normal -0.743148 0.669128 0
    outer loop
      vertex -10.1127 7.34731 -34
      vertex -8.36413 9.28931 -31
      vertex -8.36413 9.28931 -34
    endloop
  endfacet
  facet normal -0.743148 0.669128 0
    outer loop
      vertex -8.36413 9.28931 -31
      vertex -10.1127 7.34731 -34
      vertex -10.1127 7.34731 -31
    endloop
  endfacet
  facet normal 0.40674 0.913544 -0
    outer loop
      vertex 6.25 10.8253 -34
      vertex 3.86271 11.8882 -31
      vertex 6.25 10.8253 -31
    endloop
  endfacet
  facet normal 0.40674 0.913544 0
    outer loop
      vertex 3.86271 11.8882 -31
      vertex 6.25 10.8253 -34
      vertex 3.86271 11.8882 -34
    endloop
  endfacet
  facet normal -0.743148 -0.669128 0
    outer loop
      vertex -8.36413 -9.28931 -34
      vertex -10.1127 -7.34731 -31
      vertex -10.1127 -7.34731 -34
    endloop
  endfacet
  facet normal -0.743148 -0.669128 0
    outer loop
      vertex -10.1127 -7.34731 -31
      vertex -8.36413 -9.28931 -34
      vertex -8.36413 -9.28931 -31
    endloop
  endfacet
  facet normal 0 -1 0
    outer loop
      vertex -1.30661 -12.4315 -34
      vertex 1.30661 -12.4315 -31
      vertex -1.30661 -12.4315 -31
    endloop
  endfacet
  facet normal 0 -1 -0
    outer loop
      vertex 1.30661 -12.4315 -31
      vertex -1.30661 -12.4315 -34
      vertex 1.30661 -12.4315 -34
    endloop
  endfacet
  facet normal 0.99452 -0.104545 0
    outer loop
      vertex 12.2268 -2.5989 -31
      vertex 12.5 0 -34
      vertex 12.5 0 -31
    endloop
  endfacet
  facet normal 0.99452 -0.104545 0
    outer loop
      vertex 12.5 0 -34
      vertex 12.2268 -2.5989 -31
      vertex 12.2268 -2.5989 -34
    endloop
  endfacet
  facet normal -0.40674 0.913544 0
    outer loop
      vertex -3.86271 11.8882 -34
      vertex -6.25 10.8253 -31
      vertex -3.86271 11.8882 -31
    endloop
  endfacet
  facet normal -0.40674 0.913544 0
    outer loop
      vertex -6.25 10.8253 -31
      vertex -3.86271 11.8882 -34
      vertex -6.25 10.8253 -34
    endloop
  endfacet
  facet normal 0.743148 0.669128 0
    outer loop
      vertex 10.1127 7.34731 -31
      vertex 8.36413 9.28931 -34
      vertex 8.36413 9.28931 -31
    endloop
  endfacet
  facet normal 0.743148 0.669128 0
    outer loop
      vertex 8.36413 9.28931 -34
      vertex 10.1127 7.34731 -31
      vertex 10.1127 7.34731 -34
    endloop
  endfacet
  facet normal -0.99452 -0.104545 0
    outer loop
      vertex -12.2268 -2.5989 -34
      vertex -12.5 0 -31
      vertex -12.5 0 -34
    endloop
  endfacet
  facet normal -0.99452 -0.104545 0
    outer loop
      vertex -12.5 0 -31
      vertex -12.2268 -2.5989 -34
      vertex -12.2268 -2.5989 -31
    endloop
  endfacet
  facet normal -0.40674 -0.913544 0
    outer loop
      vertex -6.25 -10.8253 -34
      vertex -3.86271 -11.8882 -31
      vertex -6.25 -10.8253 -31
    endloop
  endfacet
  facet normal -0.40674 -0.913544 -0
    outer loop
      vertex -3.86271 -11.8882 -31
      vertex -6.25 -10.8253 -34
      vertex -3.86271 -11.8882 -34
    endloop
  endfacet
  facet normal 0.866026 -0.5 0
    outer loop
      vertex 10.1127 -7.34731 -31
      vertex 11.4193 -5.08421 -34
      vertex 11.4193 -5.08421 -31
    endloop
  endfacet
  facet normal 0.866026 -0.5 0
    outer loop
      vertex 11.4193 -5.08421 -34
      vertex 10.1127 -7.34731 -31
      vertex 10.1127 -7.34731 -34
    endloop
  endfacet
  facet normal 0.951059 -0.309008 0
    outer loop
      vertex 11.4193 -5.08421 -31
      vertex 12.2268 -2.5989 -34
      vertex 12.2268 -2.5989 -31
    endloop
  endfacet
  facet normal 0.951059 -0.309008 0
    outer loop
      vertex 12.2268 -2.5989 -34
      vertex 11.4193 -5.08421 -31
      vertex 11.4193 -5.08421 -34
    endloop
  endfacet
  facet normal -0.951059 -0.309008 0
    outer loop
      vertex -11.4193 -5.08421 -34
      vertex -12.2268 -2.5989 -31
      vertex -12.2268 -2.5989 -34
    endloop
  endfacet
  facet normal -0.951059 -0.309008 0
    outer loop
      vertex -12.2268 -2.5989 -31
      vertex -11.4193 -5.08421 -34
      vertex -11.4193 -5.08421 -31
    endloop
  endfacet
  facet normal 0.207906 -0.978149 0
    outer loop
      vertex 1.30661 -12.4315 -34
      vertex 3.86271 -11.8882 -31
      vertex 1.30661 -12.4315 -31
    endloop
  endfacet
  facet normal 0.207906 -0.978149 0
    outer loop
      vertex 3.86271 -11.8882 -31
      vertex 1.30661 -12.4315 -34
      vertex 3.86271 -11.8882 -34
    endloop
  endfacet
  facet normal -0.951059 0.309008 0
    outer loop
      vertex -12.2268 2.5989 -34
      vertex -11.4193 5.08421 -31
      vertex -11.4193 5.08421 -34
    endloop
  endfacet
  facet normal -0.951059 0.309008 0
    outer loop
      vertex -11.4193 5.08421 -31
      vertex -12.2268 2.5989 -34
      vertex -12.2268 2.5989 -31
    endloop
  endfacet
  facet normal 0 1 -0
    outer loop
      vertex 1.30661 12.4315 -34
      vertex -1.30661 12.4315 -31
      vertex 1.30661 12.4315 -31
    endloop
  endfacet
  facet normal 0 1 0
    outer loop
      vertex -1.30661 12.4315 -31
      vertex 1.30661 12.4315 -34
      vertex -1.30661 12.4315 -34
    endloop
  endfacet
  facet normal 0.743148 -0.669128 0
    outer loop
      vertex 8.36413 -9.28931 -31
      vertex 10.1127 -7.34731 -34
      vertex 10.1127 -7.34731 -31
    endloop
  endfacet
  facet normal 0.743148 -0.669128 0
    outer loop
      vertex 10.1127 -7.34731 -34
      vertex 8.36413 -9.28931 -31
      vertex 8.36413 -9.28931 -34
    endloop
  endfacet
  facet normal -0.207906 -0.978149 0
    outer loop
      vertex -3.86271 -11.8882 -34
      vertex -1.30661 -12.4315 -31
      vertex -3.86271 -11.8882 -31
    endloop
  endfacet
  facet normal -0.207906 -0.978149 -0
    outer loop
      vertex -1.30661 -12.4315 -31
      vertex -3.86271 -11.8882 -34
      vertex -1.30661 -12.4315 -34
    endloop
  endfacet
  facet normal -0.866026 0.5 0
    outer loop
      vertex -11.4193 5.08421 -34
      vertex -10.1127 7.34731 -31
      vertex -10.1127 7.34731 -34
    endloop
  endfacet
  facet normal -0.866026 0.5 0
    outer loop
      vertex -10.1127 7.34731 -31
      vertex -11.4193 5.08421 -34
      vertex -11.4193 5.08421 -31
    endloop
  endfacet
  facet normal -0.99452 0.104545 0
    outer loop
      vertex -12.5 0 -34
      vertex -12.2268 2.5989 -31
      vertex -12.2268 2.5989 -34
    endloop
  endfacet
  facet normal -0.99452 0.104545 0
    outer loop
      vertex -12.2268 2.5989 -31
      vertex -12.5 0 -34
      vertex -12.5 0 -31
    endloop
  endfacet
  facet normal -0.866026 -0.5 0
    outer loop
      vertex -10.1127 -7.34731 -34
      vertex -11.4193 -5.08421 -31
      vertex -11.4193 -5.08421 -34
    endloop
  endfacet
  facet normal -0.866026 -0.5 0
    outer loop
      vertex -11.4193 -5.08421 -31
      vertex -10.1127 -7.34731 -34
      vertex -10.1127 -7.34731 -31
    endloop
  endfacet
  facet normal 0.207906 0.978149 -0
    outer loop
      vertex 3.86271 11.8882 -34
      vertex 1.30661 12.4315 -31
      vertex 3.86271 11.8882 -31
    endloop
  endfacet
  facet normal 0.207906 0.978149 0
    outer loop
      vertex 1.30661 12.4315 -31
      vertex 3.86271 11.8882 -34
      vertex 1.30661 12.4315 -34
    endloop
  endfacet
  facet normal 0.40674 -0.913544 0
    outer loop
      vertex 3.86271 -11.8882 -34
      vertex 6.25 -10.8253 -31
      vertex 3.86271 -11.8882 -31
    endloop
  endfacet
  facet normal 0.40674 -0.913544 0
    outer loop
      vertex 6.25 -10.8253 -31
      vertex 3.86271 -11.8882 -34
      vertex 6.25 -10.8253 -34
    endloop
  endfacet
  facet normal 0.587781 0.80902 -0
    outer loop
      vertex 8.36413 9.28931 -34
      vertex 6.25 10.8253 -31
      vertex 8.36413 9.28931 -31
    endloop
  endfacet
  facet normal 0.587781 0.80902 0
    outer loop
      vertex 6.25 10.8253 -31
      vertex 8.36413 9.28931 -34
      vertex 6.25 10.8253 -34
    endloop
  endfacet
  facet normal -0.587781 -0.80902 0
    outer loop
      vertex -8.36413 -9.28931 -34
      vertex -6.25 -10.8253 -31
      vertex -8.36413 -9.28931 -31
    endloop
  endfacet
  facet normal -0.587781 -0.80902 -0
    outer loop
      vertex -6.25 -10.8253 -31
      vertex -8.36413 -9.28931 -34
      vertex -6.25 -10.8253 -34
    endloop
  endfacet
  facet normal -0.587781 0.80902 0
    outer loop
      vertex -6.25 10.8253 -34
      vertex -8.36413 9.28931 -31
      vertex -6.25 10.8253 -31
    endloop
  endfacet
  facet normal -0.587781 0.80902 0
    outer loop
      vertex -8.36413 9.28931 -31
      vertex -6.25 10.8253 -34
      vertex -8.36413 9.28931 -34
    endloop
  endfacet
  facet normal -0.207906 0.978149 0
    outer loop
      vertex -1.30661 12.4315 -34
      vertex -3.86271 11.8882 -31
      vertex -1.30661 12.4315 -31
    endloop
  endfacet
  facet normal -0.207906 0.978149 0
    outer loop
      vertex -3.86271 11.8882 -31
      vertex -1.30661 12.4315 -34
      vertex -3.86271 11.8882 -34
    endloop
  endfacet
  facet normal 0.309015 0.951057 -0
    outer loop
      vertex 8.46352 -1.42658 28
      vertex 6.78647 -0.881678 31
      vertex 8.46352 -1.42658 31
    endloop
  endfacet
  facet normal 0.309015 0.951057 0
    outer loop
      vertex 6.78647 -0.881678 31
      vertex 8.46352 -1.42658 28
      vertex 6.78647 -0.881678 28
    endloop
  endfacet
  facet normal 0.309015 -0.951057 0
    outer loop
      vertex 6.78647 0.881678 28
      vertex 8.46352 1.42658 31
      vertex 6.78647 0.881678 31
    endloop
  endfacet
  facet normal 0.309015 -0.951057 0
    outer loop
      vertex 8.46352 1.42658 31
      vertex 6.78647 0.881678 28
      vertex 8.46352 1.42658 28
    endloop
  endfacet
  facet normal 1 -0 0
    outer loop
      vertex 6.78647 -0.881678 31
      vertex 6.78647 0.881678 28
      vertex 6.78647 0.881678 31
    endloop
  endfacet
  facet normal 1 0 0
    outer loop
      vertex 6.78647 0.881678 28
      vertex 6.78647 -0.881678 31
      vertex 6.78647 -0.881678 28
    endloop
  endfacet
  facet normal -0.951057 0.309015 0
    outer loop
      vertex 0.881678 6.78647 28
      vertex 1.42658 8.46352 31
      vertex 1.42658 8.46352 28
    endloop
  endfacet
  facet normal -0.951057 0.309015 0
    outer loop
      vertex 1.42658 8.46352 31
      vertex 0.881678 6.78647 28
      vertex 0.881678 6.78647 31
    endloop
  endfacet
  facet normal 0 1 -0
    outer loop
      vertex 0.881678 6.78647 28
      vertex -0.881678 6.78647 31
      vertex 0.881678 6.78647 31
    endloop
  endfacet
  facet normal 0 1 0
    outer loop
      vertex -0.881678 6.78647 31
      vertex 0.881678 6.78647 28
      vertex -0.881678 6.78647 28
    endloop
  endfacet
  facet normal 0.951057 0.309015 0
    outer loop
      vertex -0.881678 6.78647 31
      vertex -1.42658 8.46352 28
      vertex -1.42658 8.46352 31
    endloop
  endfacet
  facet normal 0.951057 0.309015 0
    outer loop
      vertex -1.42658 8.46352 28
      vertex -0.881678 6.78647 31
      vertex -0.881678 6.78647 28
    endloop
  endfacet
  facet normal -0.309015 0.951057 0
    outer loop
      vertex -6.78647 -0.881678 28
      vertex -8.46352 -1.42658 31
      vertex -6.78647 -0.881678 31
    endloop
  endfacet
  facet normal -0.309015 0.951057 0
    outer loop
      vertex -8.46352 -1.42658 31
      vertex -6.78647 -0.881678 28
      vertex -8.46352 -1.42658 28
    endloop
  endfacet
  facet normal -1 0 0
    outer loop
      vertex -6.78647 -0.881678 28
      vertex -6.78647 0.881678 31
      vertex -6.78647 0.881678 28
    endloop
  endfacet
  facet normal -1 -0 0
    outer loop
      vertex -6.78647 0.881678 31
      vertex -6.78647 -0.881678 28
      vertex -6.78647 -0.881678 31
    endloop
  endfacet
  facet normal -0.309015 -0.951057 0
    outer loop
      vertex -8.46352 1.42658 28
      vertex -6.78647 0.881678 31
      vertex -8.46352 1.42658 31
    endloop
  endfacet
  facet normal -0.309015 -0.951057 -0
    outer loop
      vertex -6.78647 0.881678 31
      vertex -8.46352 1.42658 28
      vertex -6.78647 0.881678 28
    endloop
  endfacet
  facet normal -0.951057 -0.309015 0
    outer loop
      vertex 1.42658 -8.46352 28
      vertex 0.881678 -6.78647 31
      vertex 0.881678 -6.78647 28
    endloop
  endfacet
  facet normal -0.951057 -0.309015 0
    outer loop
      vertex 0.881678 -6.78647 31
      vertex 1.42658 -8.46352 28
      vertex 1.42658 -8.46352 31
    endloop
  endfacet
  facet normal 0 -1 0
    outer loop
      vertex -0.881678 -6.78647 28
      vertex 0.881678 -6.78647 31
      vertex -0.881678 -6.78647 31
    endloop
  endfacet
  facet normal 0 -1 -0
    outer loop
      vertex 0.881678 -6.78647 31
      vertex -0.881678 -6.78647 28
      vertex 0.881678 -6.78647 28
    endloop
  endfacet
  facet normal 0.951057 -0.309015 0
    outer loop
      vertex -1.42658 -8.46352 31
      vertex -0.881678 -6.78647 28
      vertex -0.881678 -6.78647 31
    endloop
  endfacet
  facet normal 0.951057 -0.309015 0
    outer loop
      vertex -0.881678 -6.78647 28
      vertex -1.42658 -8.46352 31
      vertex -1.42658 -8.46352 28
    endloop
  endfacet
  facet normal 0.951059 0.309008 0
    outer loop
      vertex 12.2268 2.5989 31
      vertex 11.4193 5.08421 28
      vertex 11.4193 5.08421 31
    endloop
  endfacet
  facet normal 0.951059 0.309008 0
    outer loop
      vertex 11.4193 5.08421 28
      vertex 12.2268 2.5989 31
      vertex 12.2268 2.5989 28
    endloop
  endfacet
  facet normal 0.99452 0.104545 0
    outer loop
      vertex 12.5 0 31
      vertex 12.2268 2.5989 28
      vertex 12.2268 2.5989 31
    endloop
  endfacet
  facet normal 0.99452 0.104545 0
    outer loop
      vertex 12.2268 2.5989 28
      vertex 12.5 0 31
      vertex 12.5 0 28
    endloop
  endfacet
  facet normal 0.866026 0.5 0
    outer loop
      vertex 11.4193 5.08421 31
      vertex 10.1127 7.34731 28
      vertex 10.1127 7.34731 31
    endloop
  endfacet
  facet normal 0.866026 0.5 0
    outer loop
      vertex 10.1127 7.34731 28
      vertex 11.4193 5.08421 31
      vertex 11.4193 5.08421 28
    endloop
  endfacet
  facet normal 0.587781 -0.80902 0
    outer loop
      vertex 6.25 -10.8253 28
      vertex 8.36413 -9.28931 31
      vertex 6.25 -10.8253 31
    endloop
  endfacet
  facet normal 0.587781 -0.80902 0
    outer loop
      vertex 8.36413 -9.28931 31
      vertex 6.25 -10.8253 28
      vertex 8.36413 -9.28931 28
    endloop
  endfacet
  facet normal 0 0 -1
    outer loop
      vertex -8.36413 9.28931 28
      vertex -0.881678 6.78647 28
      vertex -6.78647 0.881678 28
    endloop
  endfacet
  facet normal 0 0 -1
    outer loop
      vertex -0.881678 6.78647 28
      vertex -8.36413 9.28931 28
      vertex -6.25 10.8253 28
    endloop
  endfacet
  facet normal 0 0 -1
    outer loop
      vertex -10.1127 7.34731 28
      vertex -6.78647 0.881678 28
      vertex -8.46352 1.42658 28
    endloop
  endfacet
  facet normal 0 0 -1
    outer loop
      vertex -12.2268 -2.5989 28
      vertex -8.46352 -1.42658 28
      vertex -11.4193 -5.08421 28
    endloop
  endfacet
  facet normal 0 0 -1
    outer loop
      vertex -6.78647 0.881678 28
      vertex -10.1127 7.34731 28
      vertex -8.36413 9.28931 28
    endloop
  endfacet
  facet normal 0 0 -1
    outer loop
      vertex -12.5 0 28
      vertex -8.46352 -1.42658 28
      vertex -12.2268 -2.5989 28
    endloop
  endfacet
  facet normal 0 0 -1
    outer loop
      vertex -8.46352 1.42658 28
      vertex -11.4193 5.08421 28
      vertex -10.1127 7.34731 28
    endloop
  endfacet
  facet normal 0 0 -1
    outer loop
      vertex -8.46352 -1.42658 28
      vertex -12.5 0 28
      vertex -8.46352 1.42658 28
    endloop
  endfacet
  facet normal 0 0 -1
    outer loop
      vertex -8.46352 1.42658 28
      vertex -12.2268 2.5989 28
      vertex -11.4193 5.08421 28
    endloop
  endfacet
  facet normal -0 0 -1
    outer loop
      vertex -8.46352 1.42658 28
      vertex -12.5 0 28
      vertex -12.2268 2.5989 28
    endloop
  endfacet
  facet normal 0 0 -1
    outer loop
      vertex -8.46352 -1.42658 28
      vertex -6.78648 0.881678 28
      vertex -6.78648 -0.881678 28
    endloop
  endfacet
  facet normal -0 0 -1
    outer loop
      vertex -6.78648 0.881678 28
      vertex -8.46352 -1.42658 28
      vertex -8.46352 1.42658 28
    endloop
  endfacet
  facet normal 0 0 -1
    outer loop
      vertex 0.881678 6.78647 28
      vertex 6.78647 0.881678 28
      vertex 0.881678 -6.78647 28
    endloop
  endfacet
  facet normal 0 0 -1
    outer loop
      vertex 6.78647 0.881678 28
      vertex 0.881678 6.78647 28
      vertex 1.42658 8.46352 28
    endloop
  endfacet
  facet normal 0 0 -1
    outer loop
      vertex -0.881678 -6.78647 28
      vertex 0.881678 6.78647 28
      vertex 0.881678 -6.78647 28
    endloop
  endfacet
  facet normal 0 0 -1
    outer loop
      vertex -0.881678 -6.78647 28
      vertex -0.881678 6.78647 28
      vertex 0.881678 6.78647 28
    endloop
  endfacet
  facet normal 0 0 -1
    outer loop
      vertex -6.78647 -0.881678 28
      vertex -0.881678 -6.78647 28
      vertex -1.42658 -8.46352 28
    endloop
  endfacet
  facet normal 0 0 -1
    outer loop
      vertex -0.881678 -6.78647 28
      vertex -6.78647 -0.881678 28
      vertex -0.881678 6.78647 28
    endloop
  endfacet
  facet normal -0 0 -1
    outer loop
      vertex 6.25 10.8253 28
      vertex 1.42658 8.46352 28
      vertex 3.86271 11.8882 28
    endloop
  endfacet
  facet normal 0 0 -1
    outer loop
      vertex 1.42658 8.46352 28
      vertex 1.30661 12.4315 28
      vertex 3.86271 11.8882 28
    endloop
  endfacet
  facet normal 0 0 -1
    outer loop
      vertex -1.42658 8.46352 28
      vertex 1.42658 8.46352 28
      vertex 0.881678 6.78648 28
    endloop
  endfacet
  facet normal 0 0 -1
    outer loop
      vertex -1.42658 8.46352 28
      vertex 0.881678 6.78648 28
      vertex -0.881678 6.78648 28
    endloop
  endfacet
  facet normal 0 0 -1
    outer loop
      vertex 1.42658 8.46352 28
      vertex -1.42658 8.46352 28
      vertex 1.30661 12.4315 28
    endloop
  endfacet
  facet normal -0 0 -1
    outer loop
      vertex 1.30661 12.4315 28
      vertex -1.42658 8.46352 28
      vertex -1.30661 12.4315 28
    endloop
  endfacet
  facet normal 0 0 -1
    outer loop
      vertex -6.78647 0.881678 28
      vertex -0.881678 6.78647 28
      vertex -6.78647 -0.881678 28
    endloop
  endfacet
  facet normal 0 0 -1
    outer loop
      vertex -0.881678 6.78647 28
      vertex -6.25 10.8253 28
      vertex -1.42658 8.46352 28
    endloop
  endfacet
  facet normal 0 0 -1
    outer loop
      vertex -6.78647 -0.881678 28
      vertex -3.86271 -11.8882 28
      vertex -6.25 -10.8253 28
    endloop
  endfacet
  facet normal 0 0 -1
    outer loop
      vertex -1.42658 8.46352 28
      vertex -3.86271 11.8882 28
      vertex -1.30661 12.4315 28
    endloop
  endfacet
  facet normal 0 0 -1
    outer loop
      vertex -1.42658 8.46352 28
      vertex -6.25 10.8253 28
      vertex -3.86271 11.8882 28
    endloop
  endfacet
  facet normal 0 0 -1
    outer loop
      vertex -8.36413 -9.28931 28
      vertex -6.78647 -0.881678 28
      vertex -6.25 -10.8253 28
    endloop
  endfacet
  facet normal 0 0 -1
    outer loop
      vertex -10.1127 -7.34731 28
      vertex -6.78647 -0.881678 28
      vertex -8.36413 -9.28931 28
    endloop
  endfacet
  facet normal 0 0 -1
    outer loop
      vertex -11.4193 -5.08421 28
      vertex -8.46352 -1.42658 28
      vertex -10.1127 -7.34731 28
    endloop
  endfacet
  facet normal 0 0 -1
    outer loop
      vertex -6.78647 -0.881678 28
      vertex -10.1127 -7.34731 28
      vertex -8.46352 -1.42658 28
    endloop
  endfacet
  facet normal 0 0 -1
    outer loop
      vertex 6.78648 -0.881678 28
      vertex 8.46352 1.42658 28
      vertex 8.46352 -1.42658 28
    endloop
  endfacet
  facet normal 0 0 -1
    outer loop
      vertex 8.46352 1.42658 28
      vertex 6.78648 -0.881678 28
      vertex 6.78648 0.881678 28
    endloop
  endfacet
  facet normal 0 0 -1
    outer loop
      vertex 8.46352 -1.42658 28
      vertex 12.5 0 28
      vertex 12.2268 -2.5989 28
    endloop
  endfacet
  facet normal 0 0 -1
    outer loop
      vertex 8.46352 -1.42658 28
      vertex 12.2268 -2.5989 28
      vertex 11.4193 -5.08421 28
    endloop
  endfacet
  facet normal 0 0 -1
    outer loop
      vertex 8.46352 1.42658 28
      vertex 12.5 0 28
      vertex 8.46352 -1.42658 28
    endloop
  endfacet
  facet normal 0 0 -1
    outer loop
      vertex 8.46352 -1.42658 28
      vertex 11.4193 -5.08421 28
      vertex 10.1127 -7.34731 28
    endloop
  endfacet
  facet normal 0 0 -1
    outer loop
      vertex 12.5 0 28
      vertex 8.46352 1.42658 28
      vertex 12.2268 2.5989 28
    endloop
  endfacet
  facet normal -0 0 -1
    outer loop
      vertex 12.2268 2.5989 28
      vertex 8.46352 1.42658 28
      vertex 11.4193 5.08421 28
    endloop
  endfacet
  facet normal 0 0 -1
    outer loop
      vertex 6.78647 -0.881678 28
      vertex 10.1127 -7.34731 28
      vertex 8.36413 -9.28931 28
    endloop
  endfacet
  facet normal 0 0 -1
    outer loop
      vertex 10.1127 -7.34731 28
      vertex 6.78647 -0.881678 28
      vertex 8.46352 -1.42658 28
    endloop
  endfacet
  facet normal 0 0 -1
    outer loop
      vertex 0.881678 -6.78647 28
      vertex 8.36413 -9.28931 28
      vertex 1.42658 -8.46352 28
    endloop
  endfacet
  facet normal 0 0 -1
    outer loop
      vertex 1.42658 -8.46352 28
      vertex 8.36413 -9.28931 28
      vertex 6.25 -10.8253 28
    endloop
  endfacet
  facet normal -0 0 -1
    outer loop
      vertex 11.4193 5.08421 28
      vertex 8.46352 1.42658 28
      vertex 10.1127 7.34731 28
    endloop
  endfacet
  facet normal 0 0 -1
    outer loop
      vertex 6.78647 0.881678 28
      vertex 10.1127 7.34731 28
      vertex 8.46352 1.42658 28
    endloop
  endfacet
  facet normal -0 0 -1
    outer loop
      vertex 10.1127 7.34731 28
      vertex 6.78647 0.881678 28
      vertex 8.36413 9.28931 28
    endloop
  endfacet
  facet normal 0 0 -1
    outer loop
      vertex 1.42658 8.46352 28
      vertex 8.36413 9.28931 28
      vertex 6.78647 0.881678 28
    endloop
  endfacet
  facet normal 0 0 -1
    outer loop
      vertex 8.36413 -9.28931 28
      vertex 0.881678 -6.78647 28
      vertex 6.78647 -0.881678 28
    endloop
  endfacet
  facet normal 0 0 -1
    outer loop
      vertex 1.42658 -8.46352 28
      vertex 6.25 -10.8253 28
      vertex 3.86271 -11.8882 28
    endloop
  endfacet
  facet normal -0 0 -1
    outer loop
      vertex 6.78647 -0.881678 28
      vertex 0.881678 -6.78647 28
      vertex 6.78647 0.881678 28
    endloop
  endfacet
  facet normal -0 0 -1
    outer loop
      vertex 8.36413 9.28931 28
      vertex 1.42658 8.46352 28
      vertex 6.25 10.8253 28
    endloop
  endfacet
  facet normal 0 0 -1
    outer loop
      vertex 1.30661 -12.4315 28
      vertex 1.42658 -8.46352 28
      vertex 3.86271 -11.8882 28
    endloop
  endfacet
  facet normal 0 0 -1
    outer loop
      vertex -1.42658 -8.46352 28
      vertex 1.42658 -8.46352 28
      vertex 1.30661 -12.4315 28
    endloop
  endfacet
  facet normal 0 0 -1
    outer loop
      vertex 1.42658 -8.46352 28
      vertex -1.42658 -8.46352 28
      vertex 0.881678 -6.78648 28
    endloop
  endfacet
  facet normal 0 0 -1
    outer loop
      vertex -1.42658 -8.46352 28
      vertex 1.30661 -12.4315 28
      vertex -1.30661 -12.4315 28
    endloop
  endfacet
  facet normal -0 0 -1
    outer loop
      vertex 0.881678 -6.78648 28
      vertex -1.42658 -8.46352 28
      vertex -0.881678 -6.78648 28
    endloop
  endfacet
  facet normal 0 0 -1
    outer loop
      vertex -6.78647 -0.881678 28
      vertex -1.42658 -8.46352 28
      vertex -3.86271 -11.8882 28
    endloop
  endfacet
  facet normal 0 0 -1
    outer loop
      vertex -3.86271 -11.8882 28
      vertex -1.42658 -8.46352 28
      vertex -1.30661 -12.4315 28
    endloop
  endfacet
  facet normal -0.743148 0.669128 0
    outer loop
      vertex -10.1127 7.34731 28
      vertex -8.36413 9.28931 31
      vertex -8.36413 9.28931 28
    endloop
  endfacet
  facet normal -0.743148 0.669128 0
    outer loop
      vertex -8.36413 9.28931 31
      vertex -10.1127 7.34731 28
      vertex -10.1127 7.34731 31
    endloop
  endfacet
  facet normal 0.40674 0.913544 -0
    outer loop
      vertex 6.25 10.8253 28
      vertex 3.86271 11.8882 31
      vertex 6.25 10.8253 31
    endloop
  endfacet
  facet normal 0.40674 0.913544 0
    outer loop
      vertex 3.86271 11.8882 31
      vertex 6.25 10.8253 28
      vertex 3.86271 11.8882 28
    endloop
  endfacet
  facet normal -0.743148 -0.669128 0
    outer loop
      vertex -8.36413 -9.28931 28
      vertex -10.1127 -7.34731 31
      vertex -10.1127 -7.34731 28
    endloop
  endfacet
  facet normal -0.743148 -0.669128 0
    outer loop
      vertex -10.1127 -7.34731 31
      vertex -8.36413 -9.28931 28
      vertex -8.36413 -9.28931 31
    endloop
  endfacet
  facet normal 0 -1 0
    outer loop
      vertex -1.30661 -12.4315 28
      vertex 1.30661 -12.4315 31
      vertex -1.30661 -12.4315 31
    endloop
  endfacet
  facet normal 0 -1 -0
    outer loop
      vertex 1.30661 -12.4315 31
      vertex -1.30661 -12.4315 28
      vertex 1.30661 -12.4315 28
    endloop
  endfacet
  facet normal 0.99452 -0.104545 0
    outer loop
      vertex 12.2268 -2.5989 31
      vertex 12.5 0 28
      vertex 12.5 0 31
    endloop
  endfacet
  facet normal 0.99452 -0.104545 0
    outer loop
      vertex 12.5 0 28
      vertex 12.2268 -2.5989 31
      vertex 12.2268 -2.5989 28
    endloop
  endfacet
  facet normal -0.40674 0.913544 0
    outer loop
      vertex -3.86271 11.8882 28
      vertex -6.25 10.8253 31
      vertex -3.86271 11.8882 31
    endloop
  endfacet
  facet normal -0.40674 0.913544 0
    outer loop
      vertex -6.25 10.8253 31
      vertex -3.86271 11.8882 28
      vertex -6.25 10.8253 28
    endloop
  endfacet
  facet normal 0.743148 0.669128 0
    outer loop
      vertex 10.1127 7.34731 31
      vertex 8.36413 9.28931 28
      vertex 8.36413 9.28931 31
    endloop
  endfacet
  facet normal 0.743148 0.669128 0
    outer loop
      vertex 8.36413 9.28931 28
      vertex 10.1127 7.34731 31
      vertex 10.1127 7.34731 28
    endloop
  endfacet
  facet normal -0.99452 -0.104545 0
    outer loop
      vertex -12.2268 -2.5989 28
      vertex -12.5 0 31
      vertex -12.5 0 28
    endloop
  endfacet
  facet normal -0.99452 -0.104545 0
    outer loop
      vertex -12.5 0 31
      vertex -12.2268 -2.5989 28
      vertex -12.2268 -2.5989 31
    endloop
  endfacet
  facet normal 0 0 1
    outer loop
      vertex 4.6194 1.91342 31
      vertex 4.6194 -1.91342 31
      vertex 5 0 31
    endloop
  endfacet
  facet normal 0 0 1
    outer loop
      vertex 3.53553 3.53553 31
      vertex 4.6194 -1.91342 31
      vertex 4.6194 1.91342 31
    endloop
  endfacet
  facet normal 0 0 1
    outer loop
      vertex 3.53553 3.53553 31
      vertex 3.53553 -3.53553 31
      vertex 4.6194 -1.91342 31
    endloop
  endfacet
  facet normal 0 0 1
    outer loop
      vertex 1.91342 4.6194 31
      vertex 3.53553 -3.53553 31
      vertex 3.53553 3.53553 31
    endloop
  endfacet
  facet normal 0 0 1
    outer loop
      vertex 1.91342 4.6194 31
      vertex 1.91342 -4.6194 31
      vertex 3.53553 -3.53553 31
    endloop
  endfacet
  facet normal 0 0 1
    outer loop
      vertex 0 5 31
      vertex 1.91342 -4.6194 31
      vertex 1.91342 4.6194 31
    endloop
  endfacet
  facet normal 0 0 1
    outer loop
      vertex 0 5 31
      vertex 0 -5 31
      vertex 1.91342 -4.6194 31
    endloop
  endfacet
  facet normal -0 0 1
    outer loop
      vertex -1.91342 4.6194 31
      vertex 0 -5 31
      vertex 0 5 31
    endloop
  endfacet
  facet normal 0 0 1
    outer loop
      vertex -1.91342 4.6194 31
      vertex -1.91342 -4.6194 31
      vertex 0 -5 31
    endloop
  endfacet
  facet normal -0 0 1
    outer loop
      vertex -3.53553 3.53553 31
      vertex -1.91342 -4.6194 31
      vertex -1.91342 4.6194 31
    endloop
  endfacet
  facet normal 0 0 1
    outer loop
      vertex -3.53553 3.53553 31
      vertex -3.53553 -3.53553 31
      vertex -1.91342 -4.6194 31
    endloop
  endfacet
  facet normal -0 0 1
    outer loop
      vertex -4.6194 1.91342 31
      vertex -3.53553 -3.53553 31
      vertex -3.53553 3.53553 31
    endloop
  endfacet
  facet normal 0 0 1
    outer loop
      vertex -4.6194 1.91342 31
      vertex -4.6194 -1.91342 31
      vertex -3.53553 -3.53553 31
    endloop
  endfacet
  facet normal 0 -0 1
    outer loop
      vertex -4.6194 -1.91342 31
      vertex -4.6194 1.91342 31
      vertex -5 0 31
    endloop
  endfacet
  facet normal 0 0 1
    outer loop
      vertex 11.5 0 31
      vertex 12.5 0 31
      vertex 12.2268 2.5989 31
    endloop
  endfacet
  facet normal 0 0 1
    outer loop
      vertex 12.5 0 31
      vertex 11.5 0 31
      vertex 12.2268 -2.5989 31
    endloop
  endfacet
  facet normal 0 0 1
    outer loop
      vertex 11.2487 2.39098 31
      vertex 12.2268 2.5989 31
      vertex 11.4193 5.08421 31
    endloop
  endfacet
  facet normal 0 0 1
    outer loop
      vertex 12.2268 2.5989 31
      vertex 11.2487 2.39098 31
      vertex 11.5 0 31
    endloop
  endfacet
  facet normal 0 0 1
    outer loop
      vertex 11.4193 5.08421 31
      vertex 10.5058 4.67747 31
      vertex 11.2487 2.39098 31
    endloop
  endfacet
  facet normal 0 0 1
    outer loop
      vertex 10.1127 7.34731 31
      vertex 10.5058 4.67747 31
      vertex 11.4193 5.08421 31
    endloop
  endfacet
  facet normal 0 0 1
    outer loop
      vertex 10.1127 7.34731 31
      vertex 9.30369 6.75953 31
      vertex 10.5058 4.67747 31
    endloop
  endfacet
  facet normal 0 0 1
    outer loop
      vertex 8.36413 9.28931 31
      vertex 9.30369 6.75953 31
      vertex 10.1127 7.34731 31
    endloop
  endfacet
  facet normal 0 0 1
    outer loop
      vertex 8.36413 9.28931 31
      vertex 7.695 8.54617 31
      vertex 9.30369 6.75953 31
    endloop
  endfacet
  facet normal 0 0 1
    outer loop
      vertex 6.25 10.8253 31
      vertex 7.695 8.54617 31
      vertex 8.36413 9.28931 31
    endloop
  endfacet
  facet normal 0 0 1
    outer loop
      vertex 6.25 10.8253 31
      vertex 5.75 9.95929 31
      vertex 7.695 8.54617 31
    endloop
  endfacet
  facet normal 0 0 1
    outer loop
      vertex 3.86271 11.8882 31
      vertex 5.75 9.95929 31
      vertex 6.25 10.8253 31
    endloop
  endfacet
  facet normal 0 0 1
    outer loop
      vertex 3.86271 11.8882 31
      vertex 3.55369 10.9371 31
      vertex 5.75 9.95929 31
    endloop
  endfacet
  facet normal 0 0 1
    outer loop
      vertex 1.30661 12.4315 31
      vertex 3.55369 10.9371 31
      vertex 3.86271 11.8882 31
    endloop
  endfacet
  facet normal 0 0 1
    outer loop
      vertex 1.30661 12.4315 31
      vertex 1.20208 11.437 31
      vertex 3.55369 10.9371 31
    endloop
  endfacet
  facet normal 0 0 1
    outer loop
      vertex 1.30661 12.4315 31
      vertex -1.20208 11.437 31
      vertex 1.20208 11.437 31
    endloop
  endfacet
  facet normal -0 0 1
    outer loop
      vertex -1.30661 12.4315 31
      vertex -1.20208 11.437 31
      vertex 1.30661 12.4315 31
    endloop
  endfacet
  facet normal 0 0 1
    outer loop
      vertex -1.30661 12.4315 31
      vertex -3.55369 10.9371 31
      vertex -1.20208 11.437 31
    endloop
  endfacet
  facet normal -0 0 1
    outer loop
      vertex -3.86271 11.8882 31
      vertex -3.55369 10.9371 31
      vertex -1.30661 12.4315 31
    endloop
  endfacet
  facet normal 0 0 1
    outer loop
      vertex -3.86271 11.8882 31
      vertex -5.75 9.95929 31
      vertex -3.55369 10.9371 31
    endloop
  endfacet
  facet normal -0 0 1
    outer loop
      vertex -6.25 10.8253 31
      vertex -5.75 9.95929 31
      vertex -3.86271 11.8882 31
    endloop
  endfacet
  facet normal 0 0 1
    outer loop
      vertex -6.25 10.8253 31
      vertex -7.695 8.54617 31
      vertex -5.75 9.95929 31
    endloop
  endfacet
  facet normal -0 0 1
    outer loop
      vertex -8.36413 9.28931 31
      vertex -7.695 8.54617 31
      vertex -6.25 10.8253 31
    endloop
  endfacet
  facet normal 0 0 1
    outer loop
      vertex -8.36413 9.28931 31
      vertex -9.30369 6.75953 31
      vertex -7.695 8.54617 31
    endloop
  endfacet
  facet normal -0 0 1
    outer loop
      vertex -10.1127 7.34731 31
      vertex -9.30369 6.75953 31
      vertex -8.36413 9.28931 31
    endloop
  endfacet
  facet normal 0 0 1
    outer loop
      vertex -10.1127 7.34731 31
      vertex -10.5058 4.67747 31
      vertex -9.30369 6.75953 31
    endloop
  endfacet
  facet normal -0 0 1
    outer loop
      vertex -11.4193 5.08421 31
      vertex -10.5058 4.67747 31
      vertex -10.1127 7.34731 31
    endloop
  endfacet
  facet normal 0 0 1
    outer loop
      vertex -10.5058 4.67747 31
      vertex -11.4193 5.08421 31
      vertex -11.2487 2.39098 31
    endloop
  endfacet
  facet normal -0 0 1
    outer loop
      vertex -12.2268 2.5989 31
      vertex -11.2487 2.39098 31
      vertex -11.4193 5.08421 31
    endloop
  endfacet
  facet normal 0 0 1
    outer loop
      vertex -11.2487 2.39098 31
      vertex -12.2268 2.5989 31
      vertex -11.5 0 31
    endloop
  endfacet
  facet normal -0 0 1
    outer loop
      vertex 11.2487 -2.39098 31
      vertex 12.2268 -2.5989 31
      vertex 11.5 0 31
    endloop
  endfacet
  facet normal 0 0 1
    outer loop
      vertex 12.2268 -2.5989 31
      vertex 11.2487 -2.39098 31
      vertex 11.4193 -5.08421 31
    endloop
  endfacet
  facet normal -0 0 1
    outer loop
      vertex 10.5058 -4.67747 31
      vertex 11.4193 -5.08421 31
      vertex 11.2487 -2.39098 31
    endloop
  endfacet
  facet normal 0 0 1
    outer loop
      vertex 10.5058 -4.67747 31
      vertex 10.1127 -7.34731 31
      vertex 11.4193 -5.08421 31
    endloop
  endfacet
  facet normal -0 0 1
    outer loop
      vertex 9.30369 -6.75953 31
      vertex 10.1127 -7.34731 31
      vertex 10.5058 -4.67747 31
    endloop
  endfacet
  facet normal 0 0 1
    outer loop
      vertex 9.30369 -6.75953 31
      vertex 8.36413 -9.28931 31
      vertex 10.1127 -7.34731 31
    endloop
  endfacet
  facet normal -0 0 1
    outer loop
      vertex 7.695 -8.54617 31
      vertex 8.36413 -9.28931 31
      vertex 9.30369 -6.75953 31
    endloop
  endfacet
  facet normal 0 0 1
    outer loop
      vertex 7.695 -8.54617 31
      vertex 6.25 -10.8253 31
      vertex 8.36413 -9.28931 31
    endloop
  endfacet
  facet normal -0 0 1
    outer loop
      vertex 5.75 -9.95929 31
      vertex 6.25 -10.8253 31
      vertex 7.695 -8.54617 31
    endloop
  endfacet
  facet normal 0 0 1
    outer loop
      vertex 5.75 -9.95929 31
      vertex 3.86271 -11.8882 31
      vertex 6.25 -10.8253 31
    endloop
  endfacet
  facet normal -0 0 1
    outer loop
      vertex 3.55369 -10.9371 31
      vertex 3.86271 -11.8882 31
      vertex 5.75 -9.95929 31
    endloop
  endfacet
  facet normal 0 0 1
    outer loop
      vertex 3.55369 -10.9371 31
      vertex 1.30661 -12.4315 31
      vertex 3.86271 -11.8882 31
    endloop
  endfacet
  facet normal -0 0 1
    outer loop
      vertex 1.20208 -11.437 31
      vertex 1.30661 -12.4315 31
      vertex 3.55369 -10.9371 31
    endloop
  endfacet
  facet normal -0 0 1
    outer loop
      vertex -1.20208 -11.437 31
      vertex 1.30661 -12.4315 31
      vertex 1.20208 -11.437 31
    endloop
  endfacet
  facet normal 0 0 1
    outer loop
      vertex -1.20208 -11.437 31
      vertex -1.30661 -12.4315 31
      vertex 1.30661 -12.4315 31
    endloop
  endfacet
  facet normal 0 0 1
    outer loop
      vertex -3.55369 -10.9371 31
      vertex -1.30661 -12.4315 31
      vertex -1.20208 -11.437 31
    endloop
  endfacet
  facet normal 0 0 1
    outer loop
      vertex -3.55369 -10.9371 31
      vertex -3.86271 -11.8882 31
      vertex -1.30661 -12.4315 31
    endloop
  endfacet
  facet normal 0 0 1
    outer loop
      vertex -5.75 -9.95929 31
      vertex -3.86271 -11.8882 31
      vertex -3.55369 -10.9371 31
    endloop
  endfacet
  facet normal 0 0 1
    outer loop
      vertex -5.75 -9.95929 31
      vertex -6.25 -10.8253 31
      vertex -3.86271 -11.8882 31
    endloop
  endfacet
  facet normal 0 0 1
    outer loop
      vertex -7.695 -8.54617 31
      vertex -6.25 -10.8253 31
      vertex -5.75 -9.95929 31
    endloop
  endfacet
  facet normal 0 0 1
    outer loop
      vertex -7.695 -8.54617 31
      vertex -8.36413 -9.28931 31
      vertex -6.25 -10.8253 31
    endloop
  endfacet
  facet normal 0 0 1
    outer loop
      vertex -9.30369 -6.75953 31
      vertex -8.36413 -9.28931 31
      vertex -7.695 -8.54617 31
    endloop
  endfacet
  facet normal 0 0 1
    outer loop
      vertex -9.30369 -6.75953 31
      vertex -10.1127 -7.34731 31
      vertex -8.36413 -9.28931 31
    endloop
  endfacet
  facet normal 0 0 1
    outer loop
      vertex -10.5058 -4.67747 31
      vertex -10.1127 -7.34731 31
      vertex -9.30369 -6.75953 31
    endloop
  endfacet
  facet normal 0 0 1
    outer loop
      vertex -11.4193 -5.08421 31
      vertex -10.5058 -4.67747 31
      vertex -11.2487 -2.39098 31
    endloop
  endfacet
  facet normal 0 0 1
    outer loop
      vertex -10.5058 -4.67747 31
      vertex -11.4193 -5.08421 31
      vertex -10.1127 -7.34731 31
    endloop
  endfacet
  facet normal 0 0 1
    outer loop
      vertex -12.2268 -2.5989 31
      vertex -11.2487 -2.39098 31
      vertex -11.5 0 31
    endloop
  endfacet
  facet normal 0 0 1
    outer loop
      vertex -12.5 0 31
      vertex -11.5 0 31
      vertex -12.2268 2.5989 31
    endloop
  endfacet
  facet normal 0 0 1
    outer loop
      vertex -11.2487 -2.39098 31
      vertex -12.2268 -2.5989 31
      vertex -11.4193 -5.08421 31
    endloop
  endfacet
  facet normal 0 0 1
    outer loop
      vertex -11.5 0 31
      vertex -12.5 0 31
      vertex -12.2268 -2.5989 31
    endloop
  endfacet
  facet normal 0 0 -1
    outer loop
      vertex -6.78647 -0.881678 31
      vertex -6.78648 -0.881678 31
      vertex -6.78647 0.881678 31
    endloop
  endfacet
  facet normal 0 -0 -1
    outer loop
      vertex -6.78648 -0.881678 31
      vertex -6.78647 -0.881678 31
      vertex -8.46352 -1.42658 31
    endloop
  endfacet
  facet normal 0 0 -1
    outer loop
      vertex -6.78648 0.881678 31
      vertex -6.78647 0.881678 31
      vertex -6.78648 -0.881678 31
    endloop
  endfacet
  facet normal 0 0 -1
    outer loop
      vertex -6.78647 0.881678 31
      vertex -6.78648 0.881678 31
      vertex -8.46352 1.42658 31
    endloop
  endfacet
  facet normal 0 0 -1
    outer loop
      vertex 0.881678 6.78647 31
      vertex 0.881678 6.78648 31
      vertex 1.42658 8.46352 31
    endloop
  endfacet
  facet normal 0 0 -1
    outer loop
      vertex -0.881678 6.78647 31
      vertex 0.881678 6.78648 31
      vertex 0.881678 6.78647 31
    endloop
  endfacet
  facet normal 0 0 -1
    outer loop
      vertex -0.881678 6.78647 31
      vertex -0.881678 6.78648 31
      vertex 0.881678 6.78648 31
    endloop
  endfacet
  facet normal -0 -0 -1
    outer loop
      vertex -0.881678 6.78648 31
      vertex -0.881678 6.78647 31
      vertex -1.42658 8.46352 31
    endloop
  endfacet
  facet normal 0 0 -1
    outer loop
      vertex 0.881678 -6.78648 31
      vertex 0.881678 -6.78647 31
      vertex 1.42658 -8.46352 31
    endloop
  endfacet
  facet normal 0 0 -1
    outer loop
      vertex -0.881678 -6.78648 31
      vertex 0.881678 -6.78647 31
      vertex 0.881678 -6.78648 31
    endloop
  endfacet
  facet normal 0 0 -1
    outer loop
      vertex -0.881678 -6.78648 31
      vertex -0.881678 -6.78647 31
      vertex 0.881678 -6.78647 31
    endloop
  endfacet
  facet normal 0 -0 -1
    outer loop
      vertex -0.881678 -6.78647 31
      vertex -0.881678 -6.78648 31
      vertex -1.42658 -8.46352 31
    endloop
  endfacet
  facet normal 0 0 -1
    outer loop
      vertex 6.78648 -0.881678 31
      vertex 6.78647 -0.881678 31
      vertex 6.78648 0.881678 31
    endloop
  endfacet
  facet normal 0 0 -1
    outer loop
      vertex 6.78647 -0.881678 31
      vertex 6.78648 -0.881678 31
      vertex 8.46352 -1.42658 31
    endloop
  endfacet
  facet normal 0 0 -1
    outer loop
      vertex 6.78648 0.881678 31
      vertex 6.78647 0.881678 31
      vertex 8.46352 1.42658 31
    endloop
  endfacet
  facet normal 0 0 -1
    outer loop
      vertex 6.78647 0.881678 31
      vertex 6.78648 0.881678 31
      vertex 6.78647 -0.881678 31
    endloop
  endfacet
  facet normal -0.40674 -0.913544 0
    outer loop
      vertex -6.25 -10.8253 28
      vertex -3.86271 -11.8882 31
      vertex -6.25 -10.8253 31
    endloop
  endfacet
  facet normal -0.40674 -0.913544 -0
    outer loop
      vertex -3.86271 -11.8882 31
      vertex -6.25 -10.8253 28
      vertex -3.86271 -11.8882 28
    endloop
  endfacet
  facet normal 0.866026 -0.5 0
    outer loop
      vertex 10.1127 -7.34731 31
      vertex 11.4193 -5.08421 28
      vertex 11.4193 -5.08421 31
    endloop
  endfacet
  facet normal 0.866026 -0.5 0
    outer loop
      vertex 11.4193 -5.08421 28
      vertex 10.1127 -7.34731 31
      vertex 10.1127 -7.34731 28
    endloop
  endfacet
  facet normal 0.951059 -0.309008 0
    outer loop
      vertex 11.4193 -5.08421 31
      vertex 12.2268 -2.5989 28
      vertex 12.2268 -2.5989 31
    endloop
  endfacet
  facet normal 0.951059 -0.309008 0
    outer loop
      vertex 12.2268 -2.5989 28
      vertex 11.4193 -5.08421 31
      vertex 11.4193 -5.08421 28
    endloop
  endfacet
  facet normal -0.951059 -0.309008 0
    outer loop
      vertex -11.4193 -5.08421 28
      vertex -12.2268 -2.5989 31
      vertex -12.2268 -2.5989 28
    endloop
  endfacet
  facet normal -0.951059 -0.309008 0
    outer loop
      vertex -12.2268 -2.5989 31
      vertex -11.4193 -5.08421 28
      vertex -11.4193 -5.08421 31
    endloop
  endfacet
  facet normal 0.207906 -0.978149 0
    outer loop
      vertex 1.30661 -12.4315 28
      vertex 3.86271 -11.8882 31
      vertex 1.30661 -12.4315 31
    endloop
  endfacet
  facet normal 0.207906 -0.978149 0
    outer loop
      vertex 3.86271 -11.8882 31
      vertex 1.30661 -12.4315 28
      vertex 3.86271 -11.8882 28
    endloop
  endfacet
  facet normal -0.951059 0.309008 0
    outer loop
      vertex -12.2268 2.5989 28
      vertex -11.4193 5.08421 31
      vertex -11.4193 5.08421 28
    endloop
  endfacet
  facet normal -0.951059 0.309008 0
    outer loop
      vertex -11.4193 5.08421 31
      vertex -12.2268 2.5989 28
      vertex -12.2268 2.5989 31
    endloop
  endfacet
  facet normal 0 1 -0
    outer loop
      vertex 1.30661 12.4315 28
      vertex -1.30661 12.4315 31
      vertex 1.30661 12.4315 31
    endloop
  endfacet
  facet normal 0 1 0
    outer loop
      vertex -1.30661 12.4315 31
      vertex 1.30661 12.4315 28
      vertex -1.30661 12.4315 28
    endloop
  endfacet
  facet normal 0.743148 -0.669128 0
    outer loop
      vertex 8.36413 -9.28931 31
      vertex 10.1127 -7.34731 28
      vertex 10.1127 -7.34731 31
    endloop
  endfacet
  facet normal 0.743148 -0.669128 0
    outer loop
      vertex 10.1127 -7.34731 28
      vertex 8.36413 -9.28931 31
      vertex 8.36413 -9.28931 28
    endloop
  endfacet
  facet normal -0.207906 -0.978149 0
    outer loop
      vertex -3.86271 -11.8882 28
      vertex -1.30661 -12.4315 31
      vertex -3.86271 -11.8882 31
    endloop
  endfacet
  facet normal -0.207906 -0.978149 -0
    outer loop
      vertex -1.30661 -12.4315 31
      vertex -3.86271 -11.8882 28
      vertex -1.30661 -12.4315 28
    endloop
  endfacet
  facet normal -0.866026 0.5 0
    outer loop
      vertex -11.4193 5.08421 28
      vertex -10.1127 7.34731 31
      vertex -10.1127 7.34731 28
    endloop
  endfacet
  facet normal -0.866026 0.5 0
    outer loop
      vertex -10.1127 7.34731 31
      vertex -11.4193 5.08421 28
      vertex -11.4193 5.08421 31
    endloop
  endfacet
  facet normal -0.99452 0.104545 0
    outer loop
      vertex -12.5 0 28
      vertex -12.2268 2.5989 31
      vertex -12.2268 2.5989 28
    endloop
  endfacet
  facet normal -0.99452 0.104545 0
    outer loop
      vertex -12.2268 2.5989 31
      vertex -12.5 0 28
      vertex -12.5 0 31
    endloop
  endfacet
  facet normal -0.866026 -0.5 0
    outer loop
      vertex -10.1127 -7.34731 28
      vertex -11.4193 -5.08421 31
      vertex -11.4193 -5.08421 28
    endloop
  endfacet
  facet normal -0.866026 -0.5 0
    outer loop
      vertex -11.4193 -5.08421 31
      vertex -10.1127 -7.34731 28
      vertex -10.1127 -7.34731 31
    endloop
  endfacet
  facet normal 0.207906 0.978149 -0
    outer loop
      vertex 3.86271 11.8882 28
      vertex 1.30661 12.4315 31
      vertex 3.86271 11.8882 31
    endloop
  endfacet
  facet normal 0.207906 0.978149 0
    outer loop
      vertex 1.30661 12.4315 31
      vertex 3.86271 11.8882 28
      vertex 1.30661 12.4315 28
    endloop
  endfacet
  facet normal 0.40674 -0.913544 0
    outer loop
      vertex 3.86271 -11.8882 28
      vertex 6.25 -10.8253 31
      vertex 3.86271 -11.8882 31
    endloop
  endfacet
  facet normal 0.40674 -0.913544 0
    outer loop
      vertex 6.25 -10.8253 31
      vertex 3.86271 -11.8882 28
      vertex 6.25 -10.8253 28
    endloop
  endfacet
  facet normal 0.587781 0.80902 -0
    outer loop
      vertex 8.36413 9.28931 28
      vertex 6.25 10.8253 31
      vertex 8.36413 9.28931 31
    endloop
  endfacet
  facet normal 0.587781 0.80902 0
    outer loop
      vertex 6.25 10.8253 31
      vertex 8.36413 9.28931 28
      vertex 6.25 10.8253 28
    endloop
  endfacet
  facet normal -0.587781 -0.80902 0
    outer loop
      vertex -8.36413 -9.28931 28
      vertex -6.25 -10.8253 31
      vertex -8.36413 -9.28931 31
    endloop
  endfacet
  facet normal -0.587781 -0.80902 -0
    outer loop
      vertex -6.25 -10.8253 31
      vertex -8.36413 -9.28931 28
      vertex -6.25 -10.8253 28
    endloop
  endfacet
  facet normal -0.587781 0.80902 0
    outer loop
      vertex -6.25 10.8253 28
      vertex -8.36413 9.28931 31
      vertex -6.25 10.8253 31
    endloop
  endfacet
  facet normal -0.587781 0.80902 0
    outer loop
      vertex -8.36413 9.28931 31
      vertex -6.25 10.8253 28
      vertex -8.36413 9.28931 28
    endloop
  endfacet
  facet normal -0.207906 0.978149 0
    outer loop
      vertex -1.30661 12.4315 28
      vertex -3.86271 11.8882 31
      vertex -1.30661 12.4315 31
    endloop
  endfacet
  facet normal -0.207906 0.978149 0
    outer loop
      vertex -3.86271 11.8882 31
      vertex -1.30661 12.4315 28
      vertex -3.86271 11.8882 28
    endloop
  endfacet
  facet normal 0.95106 0.309007 0
    outer loop
      vertex 11.2487 2.39098 34
      vertex 10.5058 4.67747 31
      vertex 10.5058 4.67747 34
    endloop
  endfacet
  facet normal 0.95106 0.309007 0
    outer loop
      vertex 10.5058 4.67747 31
      vertex 11.2487 2.39098 34
      vertex 11.2487 2.39098 31
    endloop
  endfacet
  facet normal 0.994522 0.104528 0
    outer loop
      vertex 11.5 0 34
      vertex 11.2487 2.39098 31
      vertex 11.2487 2.39098 34
    endloop
  endfacet
  facet normal 0.994522 0.104528 0
    outer loop
      vertex 11.2487 2.39098 31
      vertex 11.5 0 34
      vertex 11.5 0 31
    endloop
  endfacet
  facet normal 0.95106 -0.309007 0
    outer loop
      vertex 10.5058 -4.67747 34
      vertex 11.2487 -2.39098 31
      vertex 11.2487 -2.39098 34
    endloop
  endfacet
  facet normal 0.95106 -0.309007 0
    outer loop
      vertex 11.2487 -2.39098 31
      vertex 10.5058 -4.67747 34
      vertex 10.5058 -4.67747 31
    endloop
  endfacet
  facet normal 0.406719 0.913553 -0
    outer loop
      vertex 5.75 9.95929 31
      vertex 3.55369 10.9371 34
      vertex 5.75 9.95929 34
    endloop
  endfacet
  facet normal 0.406719 0.913553 0
    outer loop
      vertex 3.55369 10.9371 34
      vertex 5.75 9.95929 31
      vertex 3.55369 10.9371 31
    endloop
  endfacet
  facet normal -0.587784 0.809018 0
    outer loop
      vertex -5.75 9.95929 31
      vertex -7.695 8.54617 34
      vertex -5.75 9.95929 34
    endloop
  endfacet
  facet normal -0.587784 0.809018 0
    outer loop
      vertex -7.695 8.54617 34
      vertex -5.75 9.95929 31
      vertex -7.695 8.54617 31
    endloop
  endfacet
  facet normal -0.406719 0.913553 0
    outer loop
      vertex -3.55369 10.9371 31
      vertex -5.75 9.95929 34
      vertex -3.55369 10.9371 34
    endloop
  endfacet
  facet normal -0.406719 0.913553 0
    outer loop
      vertex -5.75 9.95929 34
      vertex -3.55369 10.9371 31
      vertex -5.75 9.95929 31
    endloop
  endfacet
  facet normal 0.587784 -0.809018 0
    outer loop
      vertex 5.75 -9.95929 31
      vertex 7.695 -8.54617 34
      vertex 5.75 -9.95929 34
    endloop
  endfacet
  facet normal 0.587784 -0.809018 0
    outer loop
      vertex 7.695 -8.54617 34
      vertex 5.75 -9.95929 31
      vertex 7.695 -8.54617 31
    endloop
  endfacet
  facet normal -0.86602 -0.50001 0
    outer loop
      vertex -9.30369 -6.75953 31
      vertex -10.5058 -4.67747 34
      vertex -10.5058 -4.67747 31
    endloop
  endfacet
  facet normal -0.86602 -0.50001 0
    outer loop
      vertex -10.5058 -4.67747 34
      vertex -9.30369 -6.75953 31
      vertex -9.30369 -6.75953 34
    endloop
  endfacet
  facet normal 0.406719 -0.913553 0
    outer loop
      vertex 3.55369 -10.9371 31
      vertex 5.75 -9.95929 34
      vertex 3.55369 -10.9371 34
    endloop
  endfacet
  facet normal 0.406719 -0.913553 0
    outer loop
      vertex 5.75 -9.95929 34
      vertex 3.55369 -10.9371 31
      vertex 5.75 -9.95929 31
    endloop
  endfacet
  facet normal 0.207932 -0.978143 0
    outer loop
      vertex 1.20208 -11.437 31
      vertex 3.55369 -10.9371 34
      vertex 1.20208 -11.437 34
    endloop
  endfacet
  facet normal 0.207932 -0.978143 0
    outer loop
      vertex 3.55369 -10.9371 34
      vertex 1.20208 -11.437 31
      vertex 3.55369 -10.9371 31
    endloop
  endfacet
  facet normal 0.587784 0.809018 -0
    outer loop
      vertex 7.695 8.54617 31
      vertex 5.75 9.95929 34
      vertex 7.695 8.54617 34
    endloop
  endfacet
  facet normal 0.587784 0.809018 0
    outer loop
      vertex 5.75 9.95929 34
      vertex 7.695 8.54617 31
      vertex 5.75 9.95929 31
    endloop
  endfacet
  facet normal -0.95106 0.309007 0
    outer loop
      vertex -11.2487 2.39098 31
      vertex -10.5058 4.67747 34
      vertex -10.5058 4.67747 31
    endloop
  endfacet
  facet normal -0.95106 0.309007 0
    outer loop
      vertex -10.5058 4.67747 34
      vertex -11.2487 2.39098 31
      vertex -11.2487 2.39098 34
    endloop
  endfacet
  facet normal 0.994522 -0.104528 0
    outer loop
      vertex 11.2487 -2.39098 34
      vertex 11.5 0 31
      vertex 11.5 0 34
    endloop
  endfacet
  facet normal 0.994522 -0.104528 0
    outer loop
      vertex 11.5 0 31
      vertex 11.2487 -2.39098 34
      vertex 11.2487 -2.39098 31
    endloop
  endfacet
  facet normal -0.743146 0.669129 0
    outer loop
      vertex -9.30369 6.75953 31
      vertex -7.695 8.54617 34
      vertex -7.695 8.54617 31
    endloop
  endfacet
  facet normal -0.743146 0.669129 0
    outer loop
      vertex -7.695 8.54617 34
      vertex -9.30369 6.75953 31
      vertex -9.30369 6.75953 34
    endloop
  endfacet
  facet normal 0 1 -0
    outer loop
      vertex 1.20208 11.437 31
      vertex -1.20208 11.437 34
      vertex 1.20208 11.437 34
    endloop
  endfacet
  facet normal 0 1 0
    outer loop
      vertex -1.20208 11.437 34
      vertex 1.20208 11.437 31
      vertex -1.20208 11.437 31
    endloop
  endfacet
  facet normal 0.86602 -0.50001 0
    outer loop
      vertex 9.30369 -6.75953 34
      vertex 10.5058 -4.67747 31
      vertex 10.5058 -4.67747 34
    endloop
  endfacet
  facet normal 0.86602 -0.50001 0
    outer loop
      vertex 10.5058 -4.67747 31
      vertex 9.30369 -6.75953 34
      vertex 9.30369 -6.75953 31
    endloop
  endfacet
  facet normal -0.207932 0.978143 0
    outer loop
      vertex -1.20208 11.437 31
      vertex -3.55369 10.9371 34
      vertex -1.20208 11.437 34
    endloop
  endfacet
  facet normal -0.207932 0.978143 0
    outer loop
      vertex -3.55369 10.9371 34
      vertex -1.20208 11.437 31
      vertex -3.55369 10.9371 31
    endloop
  endfacet
  facet normal 0.743146 -0.669129 0
    outer loop
      vertex 7.695 -8.54617 34
      vertex 9.30369 -6.75953 31
      vertex 9.30369 -6.75953 34
    endloop
  endfacet
  facet normal 0.743146 -0.669129 0
    outer loop
      vertex 9.30369 -6.75953 31
      vertex 7.695 -8.54617 34
      vertex 7.695 -8.54617 31
    endloop
  endfacet
  facet normal -0.406719 -0.913553 0
    outer loop
      vertex -5.75 -9.95929 31
      vertex -3.55369 -10.9371 34
      vertex -5.75 -9.95929 34
    endloop
  endfacet
  facet normal -0.406719 -0.913553 -0
    outer loop
      vertex -3.55369 -10.9371 34
      vertex -5.75 -9.95929 31
      vertex -3.55369 -10.9371 31
    endloop
  endfacet
  facet normal -0.587784 -0.809018 0
    outer loop
      vertex -7.695 -8.54617 31
      vertex -5.75 -9.95929 34
      vertex -7.695 -8.54617 34
    endloop
  endfacet
  facet normal -0.587784 -0.809018 -0
    outer loop
      vertex -5.75 -9.95929 34
      vertex -7.695 -8.54617 31
      vertex -5.75 -9.95929 31
    endloop
  endfacet
  facet normal 0.743146 0.669129 0
    outer loop
      vertex 9.30369 6.75953 34
      vertex 7.695 8.54617 31
      vertex 7.695 8.54617 34
    endloop
  endfacet
  facet normal 0.743146 0.669129 0
    outer loop
      vertex 7.695 8.54617 31
      vertex 9.30369 6.75953 34
      vertex 9.30369 6.75953 31
    endloop
  endfacet
  facet normal -0.994522 0.104528 0
    outer loop
      vertex -11.5 0 31
      vertex -11.2487 2.39098 34
      vertex -11.2487 2.39098 31
    endloop
  endfacet
  facet normal -0.994522 0.104528 0
    outer loop
      vertex -11.2487 2.39098 34
      vertex -11.5 0 31
      vertex -11.5 0 34
    endloop
  endfacet
  facet normal 0 -1 0
    outer loop
      vertex -1.20208 -11.437 31
      vertex 1.20208 -11.437 34
      vertex -1.20208 -11.437 34
    endloop
  endfacet
  facet normal 0 -1 -0
    outer loop
      vertex 1.20208 -11.437 34
      vertex -1.20208 -11.437 31
      vertex 1.20208 -11.437 31
    endloop
  endfacet
  facet normal 0.86602 0.50001 0
    outer loop
      vertex 10.5058 4.67747 34
      vertex 9.30369 6.75953 31
      vertex 9.30369 6.75953 34
    endloop
  endfacet
  facet normal 0.86602 0.50001 0
    outer loop
      vertex 9.30369 6.75953 31
      vertex 10.5058 4.67747 34
      vertex 10.5058 4.67747 31
    endloop
  endfacet
  facet normal -0.207932 -0.978143 0
    outer loop
      vertex -3.55369 -10.9371 31
      vertex -1.20208 -11.437 34
      vertex -3.55369 -10.9371 34
    endloop
  endfacet
  facet normal -0.207932 -0.978143 -0
    outer loop
      vertex -1.20208 -11.437 34
      vertex -3.55369 -10.9371 31
      vertex -1.20208 -11.437 31
    endloop
  endfacet
  facet normal -0.95106 -0.309007 0
    outer loop
      vertex -10.5058 -4.67747 31
      vertex -11.2487 -2.39098 34
      vertex -11.2487 -2.39098 31
    endloop
  endfacet
  facet normal -0.95106 -0.309007 0
    outer loop
      vertex -11.2487 -2.39098 34
      vertex -10.5058 -4.67747 31
      vertex -10.5058 -4.67747 34
    endloop
  endfacet
  facet normal -0.743146 -0.669129 0
    outer loop
      vertex -7.695 -8.54617 31
      vertex -9.30369 -6.75953 34
      vertex -9.30369 -6.75953 31
    endloop
  endfacet
  facet normal -0.743146 -0.669129 0
    outer loop
      vertex -9.30369 -6.75953 34
      vertex -7.695 -8.54617 31
      vertex -7.695 -8.54617 34
    endloop
  endfacet
  facet normal 0.207932 0.978143 -0
    outer loop
      vertex 3.55369 10.9371 31
      vertex 1.20208 11.437 34
      vertex 3.55369 10.9371 34
    endloop
  endfacet
  facet normal 0.207932 0.978143 0
    outer loop
      vertex 1.20208 11.437 34
      vertex 3.55369 10.9371 31
      vertex 1.20208 11.437 31
    endloop
  endfacet
  facet normal 0 0 -1
    outer loop
      vertex 11.5 0 34
      vertex 12.5 0 34
      vertex 12.2268 -2.5989 34
    endloop
  endfacet
  facet normal 0 0 -1
    outer loop
      vertex 12.5 0 34
      vertex 11.5 0 34
      vertex 12.2268 2.5989 34
    endloop
  endfacet
  facet normal 0 0 -1
    outer loop
      vertex 11.2487 -2.39098 34
      vertex 12.2268 -2.5989 34
      vertex 11.4193 -5.08421 34
    endloop
  endfacet
  facet normal 0 0 -1
    outer loop
      vertex 12.2268 -2.5989 34
      vertex 11.2487 -2.39098 34
      vertex 11.5 0 34
    endloop
  endfacet
  facet normal 0 0 -1
    outer loop
      vertex 11.4193 -5.08421 34
      vertex 10.5058 -4.67747 34
      vertex 11.2487 -2.39098 34
    endloop
  endfacet
  facet normal 0 0 -1
    outer loop
      vertex 10.1127 -7.34731 34
      vertex 10.5058 -4.67747 34
      vertex 11.4193 -5.08421 34
    endloop
  endfacet
  facet normal 0 0 -1
    outer loop
      vertex 10.1127 -7.34731 34
      vertex 9.30369 -6.75953 34
      vertex 10.5058 -4.67747 34
    endloop
  endfacet
  facet normal 0 0 -1
    outer loop
      vertex 8.36413 -9.28931 34
      vertex 9.30369 -6.75953 34
      vertex 10.1127 -7.34731 34
    endloop
  endfacet
  facet normal 0 0 -1
    outer loop
      vertex 8.36413 -9.28931 34
      vertex 7.695 -8.54617 34
      vertex 9.30369 -6.75953 34
    endloop
  endfacet
  facet normal 0 0 -1
    outer loop
      vertex 6.25 -10.8253 34
      vertex 7.695 -8.54617 34
      vertex 8.36413 -9.28931 34
    endloop
  endfacet
  facet normal 0 0 -1
    outer loop
      vertex 6.25 -10.8253 34
      vertex 5.75 -9.95929 34
      vertex 7.695 -8.54617 34
    endloop
  endfacet
  facet normal 0 0 -1
    outer loop
      vertex 3.86271 -11.8882 34
      vertex 5.75 -9.95929 34
      vertex 6.25 -10.8253 34
    endloop
  endfacet
  facet normal 0 0 -1
    outer loop
      vertex 3.86271 -11.8882 34
      vertex 3.55369 -10.9371 34
      vertex 5.75 -9.95929 34
    endloop
  endfacet
  facet normal 0 0 -1
    outer loop
      vertex 1.30661 -12.4315 34
      vertex 3.55369 -10.9371 34
      vertex 3.86271 -11.8882 34
    endloop
  endfacet
  facet normal 0 0 -1
    outer loop
      vertex 1.30661 -12.4315 34
      vertex 1.20208 -11.437 34
      vertex 3.55369 -10.9371 34
    endloop
  endfacet
  facet normal 0 0 -1
    outer loop
      vertex 1.30661 -12.4315 34
      vertex -1.20208 -11.437 34
      vertex 1.20208 -11.437 34
    endloop
  endfacet
  facet normal 0 0 -1
    outer loop
      vertex -1.30661 -12.4315 34
      vertex -1.20208 -11.437 34
      vertex 1.30661 -12.4315 34
    endloop
  endfacet
  facet normal 0 0 -1
    outer loop
      vertex -1.30661 -12.4315 34
      vertex -3.55369 -10.9371 34
      vertex -1.20208 -11.437 34
    endloop
  endfacet
  facet normal 0 0 -1
    outer loop
      vertex -3.86271 -11.8882 34
      vertex -3.55369 -10.9371 34
      vertex -1.30661 -12.4315 34
    endloop
  endfacet
  facet normal 0 0 -1
    outer loop
      vertex -3.86271 -11.8882 34
      vertex -5.75 -9.95929 34
      vertex -3.55369 -10.9371 34
    endloop
  endfacet
  facet normal 0 0 -1
    outer loop
      vertex -6.25 -10.8253 34
      vertex -5.75 -9.95929 34
      vertex -3.86271 -11.8882 34
    endloop
  endfacet
  facet normal 0 0 -1
    outer loop
      vertex -6.25 -10.8253 34
      vertex -7.695 -8.54617 34
      vertex -5.75 -9.95929 34
    endloop
  endfacet
  facet normal 0 0 -1
    outer loop
      vertex -8.36413 -9.28931 34
      vertex -7.695 -8.54617 34
      vertex -6.25 -10.8253 34
    endloop
  endfacet
  facet normal 0 0 -1
    outer loop
      vertex -8.36413 -9.28931 34
      vertex -9.30369 -6.75953 34
      vertex -7.695 -8.54617 34
    endloop
  endfacet
  facet normal 0 0 -1
    outer loop
      vertex -10.1127 -7.34731 34
      vertex -9.30369 -6.75953 34
      vertex -8.36413 -9.28931 34
    endloop
  endfacet
  facet normal 0 0 -1
    outer loop
      vertex -10.1127 -7.34731 34
      vertex -10.5058 -4.67747 34
      vertex -9.30369 -6.75953 34
    endloop
  endfacet
  facet normal 0 0 -1
    outer loop
      vertex -11.4193 -5.08421 34
      vertex -10.5058 -4.67747 34
      vertex -10.1127 -7.34731 34
    endloop
  endfacet
  facet normal -0 0 -1
    outer loop
      vertex -10.5058 -4.67747 34
      vertex -11.4193 -5.08421 34
      vertex -11.2487 -2.39098 34
    endloop
  endfacet
  facet normal 0 0 -1
    outer loop
      vertex -12.2268 -2.5989 34
      vertex -11.2487 -2.39098 34
      vertex -11.4193 -5.08421 34
    endloop
  endfacet
  facet normal -0 0 -1
    outer loop
      vertex -11.2487 -2.39098 34
      vertex -12.2268 -2.5989 34
      vertex -11.5 0 34
    endloop
  endfacet
  facet normal 0 0 -1
    outer loop
      vertex 11.2487 2.39098 34
      vertex 12.2268 2.5989 34
      vertex 11.5 0 34
    endloop
  endfacet
  facet normal -0 0 -1
    outer loop
      vertex 12.2268 2.5989 34
      vertex 11.2487 2.39098 34
      vertex 11.4193 5.08421 34
    endloop
  endfacet
  facet normal 0 0 -1
    outer loop
      vertex 10.5058 4.67747 34
      vertex 11.4193 5.08421 34
      vertex 11.2487 2.39098 34
    endloop
  endfacet
  facet normal 0 0 -1
    outer loop
      vertex 10.5058 4.67747 34
      vertex 10.1127 7.34731 34
      vertex 11.4193 5.08421 34
    endloop
  endfacet
  facet normal 0 0 -1
    outer loop
      vertex 9.30369 6.75953 34
      vertex 10.1127 7.34731 34
      vertex 10.5058 4.67747 34
    endloop
  endfacet
  facet normal 0 0 -1
    outer loop
      vertex 9.30369 6.75953 34
      vertex 8.36413 9.28931 34
      vertex 10.1127 7.34731 34
    endloop
  endfacet
  facet normal 0 0 -1
    outer loop
      vertex 7.695 8.54617 34
      vertex 8.36413 9.28931 34
      vertex 9.30369 6.75953 34
    endloop
  endfacet
  facet normal 0 0 -1
    outer loop
      vertex 7.695 8.54617 34
      vertex 6.25 10.8253 34
      vertex 8.36413 9.28931 34
    endloop
  endfacet
  facet normal 0 0 -1
    outer loop
      vertex 5.75 9.95929 34
      vertex 6.25 10.8253 34
      vertex 7.695 8.54617 34
    endloop
  endfacet
  facet normal 0 0 -1
    outer loop
      vertex 5.75 9.95929 34
      vertex 3.86271 11.8882 34
      vertex 6.25 10.8253 34
    endloop
  endfacet
  facet normal 0 0 -1
    outer loop
      vertex 3.55369 10.9371 34
      vertex 3.86271 11.8882 34
      vertex 5.75 9.95929 34
    endloop
  endfacet
  facet normal 0 0 -1
    outer loop
      vertex 3.55369 10.9371 34
      vertex 1.30661 12.4315 34
      vertex 3.86271 11.8882 34
    endloop
  endfacet
  facet normal 0 0 -1
    outer loop
      vertex 1.20208 11.437 34
      vertex 1.30661 12.4315 34
      vertex 3.55369 10.9371 34
    endloop
  endfacet
  facet normal 0 0 -1
    outer loop
      vertex -1.20208 11.437 34
      vertex 1.30661 12.4315 34
      vertex 1.20208 11.437 34
    endloop
  endfacet
  facet normal 0 0 -1
    outer loop
      vertex -1.20208 11.437 34
      vertex -1.30661 12.4315 34
      vertex 1.30661 12.4315 34
    endloop
  endfacet
  facet normal 0 0 -1
    outer loop
      vertex -3.55369 10.9371 34
      vertex -1.30661 12.4315 34
      vertex -1.20208 11.437 34
    endloop
  endfacet
  facet normal 0 0 -1
    outer loop
      vertex -3.55369 10.9371 34
      vertex -3.86271 11.8882 34
      vertex -1.30661 12.4315 34
    endloop
  endfacet
  facet normal 0 0 -1
    outer loop
      vertex -5.75 9.95929 34
      vertex -3.86271 11.8882 34
      vertex -3.55369 10.9371 34
    endloop
  endfacet
  facet normal 0 0 -1
    outer loop
      vertex -5.75 9.95929 34
      vertex -6.25 10.8253 34
      vertex -3.86271 11.8882 34
    endloop
  endfacet
  facet normal 0 0 -1
    outer loop
      vertex -7.695 8.54617 34
      vertex -6.25 10.8253 34
      vertex -5.75 9.95929 34
    endloop
  endfacet
  facet normal 0 0 -1
    outer loop
      vertex -7.695 8.54617 34
      vertex -8.36413 9.28931 34
      vertex -6.25 10.8253 34
    endloop
  endfacet
  facet normal 0 0 -1
    outer loop
      vertex -9.30369 6.75953 34
      vertex -8.36413 9.28931 34
      vertex -7.695 8.54617 34
    endloop
  endfacet
  facet normal 0 0 -1
    outer loop
      vertex -9.30369 6.75953 34
      vertex -10.1127 7.34731 34
      vertex -8.36413 9.28931 34
    endloop
  endfacet
  facet normal 0 0 -1
    outer loop
      vertex -10.5058 4.67747 34
      vertex -10.1127 7.34731 34
      vertex -9.30369 6.75953 34
    endloop
  endfacet
  facet normal 0 0 -1
    outer loop
      vertex -11.4193 5.08421 34
      vertex -10.5058 4.67747 34
      vertex -11.2487 2.39098 34
    endloop
  endfacet
  facet normal 0 0 -1
    outer loop
      vertex -10.5058 4.67747 34
      vertex -11.4193 5.08421 34
      vertex -10.1127 7.34731 34
    endloop
  endfacet
  facet normal 0 0 -1
    outer loop
      vertex -12.2268 2.5989 34
      vertex -11.2487 2.39098 34
      vertex -11.5 0 34
    endloop
  endfacet
  facet normal 0 0 -1
    outer loop
      vertex -12.5 0 34
      vertex -11.5 0 34
      vertex -12.2268 -2.5989 34
    endloop
  endfacet
  facet normal 0 0 -1
    outer loop
      vertex -11.2487 2.39098 34
      vertex -12.2268 2.5989 34
      vertex -11.4193 5.08421 34
    endloop
  endfacet
  facet normal 0 0 -1
    outer loop
      vertex -11.5 0 34
      vertex -12.5 0 34
      vertex -12.2268 2.5989 34
    endloop
  endfacet
  facet normal 0 0 -1
    outer loop
      vertex 4.6194 -1.91342 34
      vertex 4.6194 1.91342 34
      vertex 5 0 34
    endloop
  endfacet
  facet normal 0 0 -1
    outer loop
      vertex 3.53553 -3.53553 34
      vertex 4.6194 1.91342 34
      vertex 4.6194 -1.91342 34
    endloop
  endfacet
  facet normal 0 0 -1
    outer loop
      vertex 3.53553 -3.53553 34
      vertex 3.53553 3.53553 34
      vertex 4.6194 1.91342 34
    endloop
  endfacet
  facet normal 0 0 -1
    outer loop
      vertex 1.91342 -4.6194 34
      vertex 3.53553 3.53553 34
      vertex 3.53553 -3.53553 34
    endloop
  endfacet
  facet normal 0 0 -1
    outer loop
      vertex 1.91342 -4.6194 34
      vertex 1.91342 4.6194 34
      vertex 3.53553 3.53553 34
    endloop
  endfacet
  facet normal 0 0 -1
    outer loop
      vertex 0 -5 34
      vertex 1.91342 4.6194 34
      vertex 1.91342 -4.6194 34
    endloop
  endfacet
  facet normal 0 0 -1
    outer loop
      vertex 0 -5 34
      vertex 0 5 34
      vertex 1.91342 4.6194 34
    endloop
  endfacet
  facet normal 0 0 -1
    outer loop
      vertex -1.91342 -4.6194 34
      vertex 0 5 34
      vertex 0 -5 34
    endloop
  endfacet
  facet normal 0 0 -1
    outer loop
      vertex -1.91342 -4.6194 34
      vertex -1.91342 4.6194 34
      vertex 0 5 34
    endloop
  endfacet
  facet normal 0 0 -1
    outer loop
      vertex -3.53553 -3.53553 34
      vertex -1.91342 4.6194 34
      vertex -1.91342 -4.6194 34
    endloop
  endfacet
  facet normal 0 0 -1
    outer loop
      vertex -3.53553 -3.53553 34
      vertex -3.53553 3.53553 34
      vertex -1.91342 4.6194 34
    endloop
  endfacet
  facet normal 0 0 -1
    outer loop
      vertex -4.6194 -1.91342 34
      vertex -3.53553 3.53553 34
      vertex -3.53553 -3.53553 34
    endloop
  endfacet
  facet normal 0 0 -1
    outer loop
      vertex -4.6194 -1.91342 34
      vertex -4.6194 1.91342 34
      vertex -3.53553 3.53553 34
    endloop
  endfacet
  facet normal 0 -0 -1
    outer loop
      vertex -4.6194 1.91342 34
      vertex -4.6194 -1.91342 34
      vertex -5 0 34
    endloop
  endfacet
  facet normal -0.994522 -0.104528 0
    outer loop
      vertex -11.2487 -2.39098 31
      vertex -11.5 0 34
      vertex -11.5 0 31
    endloop
  endfacet
  facet normal -0.994522 -0.104528 0
    outer loop
      vertex -11.5 0 34
      vertex -11.2487 -2.39098 31
      vertex -11.2487 -2.39098 34
    endloop
  endfacet
  facet normal -0.86602 0.50001 0
    outer loop
      vertex -10.5058 4.67747 31
      vertex -9.30369 6.75953 34
      vertex -9.30369 6.75953 31
    endloop
  endfacet
  facet normal -0.86602 0.50001 0
    outer loop
      vertex -9.30369 6.75953 34
      vertex -10.5058 4.67747 31
      vertex -10.5058 4.67747 34
    endloop
  endfacet
  facet normal 0.555574 -0.831467 0
    outer loop
      vertex -3.53553 3.53553 37
      vertex -1.91342 4.6194 47.5
      vertex -3.53553 3.53553 47.5
    endloop
  endfacet
  facet normal 0.555574 -0.831467 0
    outer loop
      vertex -1.91342 4.6194 47.5
      vertex -3.53553 3.53553 37
      vertex -1.91342 4.6194 37
    endloop
  endfacet
  facet normal 0.555574 -0.831467 0
    outer loop
      vertex -3.53553 3.53553 31
      vertex -1.91342 4.6194 34
      vertex -3.53553 3.53553 34
    endloop
  endfacet
  facet normal 0.555574 -0.831467 0
    outer loop
      vertex -1.91342 4.6194 34
      vertex -3.53553 3.53553 31
      vertex -1.91342 4.6194 31
    endloop
  endfacet
  facet normal -0.831467 -0.555574 0
    outer loop
      vertex 4.6194 1.91342 37
      vertex 3.53553 3.53553 47.5
      vertex 3.53553 3.53553 37
    endloop
  endfacet
  facet normal -0.831467 -0.555574 0
    outer loop
      vertex 3.53553 3.53553 47.5
      vertex 4.6194 1.91342 37
      vertex 4.6194 1.91342 47.5
    endloop
  endfacet
  facet normal -0.831467 -0.555574 0
    outer loop
      vertex 4.6194 1.91342 31
      vertex 3.53553 3.53553 34
      vertex 3.53553 3.53553 31
    endloop
  endfacet
  facet normal -0.831467 -0.555574 0
    outer loop
      vertex 3.53553 3.53553 34
      vertex 4.6194 1.91342 31
      vertex 4.6194 1.91342 34
    endloop
  endfacet
  facet normal -0.980786 -0.195089 0
    outer loop
      vertex 5 0 37
      vertex 4.6194 1.91342 47.5
      vertex 4.6194 1.91342 37
    endloop
  endfacet
  facet normal -0.980786 -0.195089 0
    outer loop
      vertex 4.6194 1.91342 47.5
      vertex 5 0 37
      vertex 5 0 47.5
    endloop
  endfacet
  facet normal -0.980786 -0.195089 0
    outer loop
      vertex 5 0 31
      vertex 4.6194 1.91342 34
      vertex 4.6194 1.91342 31
    endloop
  endfacet
  facet normal -0.980786 -0.195089 0
    outer loop
      vertex 4.6194 1.91342 34
      vertex 5 0 31
      vertex 5 0 34
    endloop
  endfacet
  facet normal 0.831467 -0.555574 0
    outer loop
      vertex -4.6194 1.91342 47.5
      vertex -3.53553 3.53553 37
      vertex -3.53553 3.53553 47.5
    endloop
  endfacet
  facet normal 0.831467 -0.555574 0
    outer loop
      vertex -3.53553 3.53553 37
      vertex -4.6194 1.91342 47.5
      vertex -4.6194 1.91342 37
    endloop
  endfacet
  facet normal 0.831467 -0.555574 0
    outer loop
      vertex -4.6194 1.91342 34
      vertex -3.53553 3.53553 31
      vertex -3.53553 3.53553 34
    endloop
  endfacet
  facet normal 0.831467 -0.555574 0
    outer loop
      vertex -3.53553 3.53553 31
      vertex -4.6194 1.91342 34
      vertex -4.6194 1.91342 31
    endloop
  endfacet
  facet normal 0.195089 0.980786 -0
    outer loop
      vertex 0 -5 37
      vertex -1.91342 -4.6194 47.5
      vertex 0 -5 47.5
    endloop
  endfacet
  facet normal 0.195089 0.980786 0
    outer loop
      vertex -1.91342 -4.6194 47.5
      vertex 0 -5 37
      vertex -1.91342 -4.6194 37
    endloop
  endfacet
  facet normal 0.195089 0.980786 -0
    outer loop
      vertex 0 -5 31
      vertex -1.91342 -4.6194 34
      vertex 0 -5 34
    endloop
  endfacet
  facet normal 0.195089 0.980786 0
    outer loop
      vertex -1.91342 -4.6194 34
      vertex 0 -5 31
      vertex -1.91342 -4.6194 31
    endloop
  endfacet
  facet normal -0.195089 0.980786 0
    outer loop
      vertex 1.91342 -4.6194 37
      vertex 0 -5 47.5
      vertex 1.91342 -4.6194 47.5
    endloop
  endfacet
  facet normal -0.195089 0.980786 0
    outer loop
      vertex 0 -5 47.5
      vertex 1.91342 -4.6194 37
      vertex 0 -5 37
    endloop
  endfacet
  facet normal -0.195089 0.980786 0
    outer loop
      vertex 1.91342 -4.6194 31
      vertex 0 -5 34
      vertex 1.91342 -4.6194 34
    endloop
  endfacet
  facet normal -0.195089 0.980786 0
    outer loop
      vertex 0 -5 34
      vertex 1.91342 -4.6194 31
      vertex 0 -5 31
    endloop
  endfacet
  facet normal -0.555574 0.831467 0
    outer loop
      vertex 3.53553 -3.53553 37
      vertex 1.91342 -4.6194 47.5
      vertex 3.53553 -3.53553 47.5
    endloop
  endfacet
  facet normal -0.555574 0.831467 0
    outer loop
      vertex 1.91342 -4.6194 47.5
      vertex 3.53553 -3.53553 37
      vertex 1.91342 -4.6194 37
    endloop
  endfacet
  facet normal -0.555574 0.831467 0
    outer loop
      vertex 3.53553 -3.53553 31
      vertex 1.91342 -4.6194 34
      vertex 3.53553 -3.53553 34
    endloop
  endfacet
  facet normal -0.555574 0.831467 0
    outer loop
      vertex 1.91342 -4.6194 34
      vertex 3.53553 -3.53553 31
      vertex 1.91342 -4.6194 31
    endloop
  endfacet
  facet normal -0.831467 0.555574 0
    outer loop
      vertex 3.53553 -3.53553 37
      vertex 4.6194 -1.91342 47.5
      vertex 4.6194 -1.91342 37
    endloop
  endfacet
  facet normal -0.831467 0.555574 0
    outer loop
      vertex 4.6194 -1.91342 47.5
      vertex 3.53553 -3.53553 37
      vertex 3.53553 -3.53553 47.5
    endloop
  endfacet
  facet normal -0.831467 0.555574 0
    outer loop
      vertex 3.53553 -3.53553 31
      vertex 4.6194 -1.91342 34
      vertex 4.6194 -1.91342 31
    endloop
  endfacet
  facet normal -0.831467 0.555574 0
    outer loop
      vertex 4.6194 -1.91342 34
      vertex 3.53553 -3.53553 31
      vertex 3.53553 -3.53553 34
    endloop
  endfacet
  facet normal 0.980786 -0.195089 0
    outer loop
      vertex -5 0 47.5
      vertex -4.6194 1.91342 37
      vertex -4.6194 1.91342 47.5
    endloop
  endfacet
  facet normal 0.980786 -0.195089 0
    outer loop
      vertex -4.6194 1.91342 37
      vertex -5 0 47.5
      vertex -5 0 37
    endloop
  endfacet
  facet normal 0.980786 -0.195089 0
    outer loop
      vertex -5 0 34
      vertex -4.6194 1.91342 31
      vertex -4.6194 1.91342 34
    endloop
  endfacet
  facet normal 0.980786 -0.195089 0
    outer loop
      vertex -4.6194 1.91342 31
      vertex -5 0 34
      vertex -5 0 31
    endloop
  endfacet
  facet normal -0.980786 0.195089 0
    outer loop
      vertex 4.6194 -1.91342 37
      vertex 5 0 47.5
      vertex 5 0 37
    endloop
  endfacet
  facet normal -0.980786 0.195089 0
    outer loop
      vertex 5 0 47.5
      vertex 4.6194 -1.91342 37
      vertex 4.6194 -1.91342 47.5
    endloop
  endfacet
  facet normal -0.980786 0.195089 0
    outer loop
      vertex 4.6194 -1.91342 31
      vertex 5 0 34
      vertex 5 0 31
    endloop
  endfacet
  facet normal -0.980786 0.195089 0
    outer loop
      vertex 5 0 34
      vertex 4.6194 -1.91342 31
      vertex 4.6194 -1.91342 34
    endloop
  endfacet
  facet normal 0.195089 -0.980786 0
    outer loop
      vertex -1.91342 4.6194 37
      vertex 0 5 47.5
      vertex -1.91342 4.6194 47.5
    endloop
  endfacet
  facet normal 0.195089 -0.980786 0
    outer loop
      vertex 0 5 47.5
      vertex -1.91342 4.6194 37
      vertex 0 5 37
    endloop
  endfacet
  facet normal 0.195089 -0.980786 0
    outer loop
      vertex -1.91342 4.6194 31
      vertex 0 5 34
      vertex -1.91342 4.6194 34
    endloop
  endfacet
  facet normal 0.195089 -0.980786 0
    outer loop
      vertex 0 5 34
      vertex -1.91342 4.6194 31
      vertex 0 5 31
    endloop
  endfacet
  facet normal -0.195089 -0.980786 0
    outer loop
      vertex 0 5 37
      vertex 1.91342 4.6194 47.5
      vertex 0 5 47.5
    endloop
  endfacet
  facet normal -0.195089 -0.980786 -0
    outer loop
      vertex 1.91342 4.6194 47.5
      vertex 0 5 37
      vertex 1.91342 4.6194 37
    endloop
  endfacet
  facet normal -0.195089 -0.980786 0
    outer loop
      vertex 0 5 31
      vertex 1.91342 4.6194 34
      vertex 0 5 34
    endloop
  endfacet
  facet normal -0.195089 -0.980786 -0
    outer loop
      vertex 1.91342 4.6194 34
      vertex 0 5 31
      vertex 1.91342 4.6194 31
    endloop
  endfacet
  facet normal 0.831467 0.555574 0
    outer loop
      vertex -3.53553 -3.53553 47.5
      vertex -4.6194 -1.91342 37
      vertex -4.6194 -1.91342 47.5
    endloop
  endfacet
  facet normal 0.831467 0.555574 0
    outer loop
      vertex -4.6194 -1.91342 37
      vertex -3.53553 -3.53553 47.5
      vertex -3.53553 -3.53553 37
    endloop
  endfacet
  facet normal 0.831467 0.555574 0
    outer loop
      vertex -3.53553 -3.53553 34
      vertex -4.6194 -1.91342 31
      vertex -4.6194 -1.91342 34
    endloop
  endfacet
  facet normal 0.831467 0.555574 0
    outer loop
      vertex -4.6194 -1.91342 31
      vertex -3.53553 -3.53553 34
      vertex -3.53553 -3.53553 31
    endloop
  endfacet
  facet normal -0.555574 -0.831467 0
    outer loop
      vertex 1.91342 4.6194 37
      vertex 3.53553 3.53553 47.5
      vertex 1.91342 4.6194 47.5
    endloop
  endfacet
  facet normal -0.555574 -0.831467 -0
    outer loop
      vertex 3.53553 3.53553 47.5
      vertex 1.91342 4.6194 37
      vertex 3.53553 3.53553 37
    endloop
  endfacet
  facet normal -0.555574 -0.831467 0
    outer loop
      vertex 1.91342 4.6194 31
      vertex 3.53553 3.53553 34
      vertex 1.91342 4.6194 34
    endloop
  endfacet
  facet normal -0.555574 -0.831467 -0
    outer loop
      vertex 3.53553 3.53553 34
      vertex 1.91342 4.6194 31
      vertex 3.53553 3.53553 31
    endloop
  endfacet
  facet normal 0.980786 0.195089 0
    outer loop
      vertex -4.6194 -1.91342 47.5
      vertex -5 0 37
      vertex -5 0 47.5
    endloop
  endfacet
  facet normal 0.980786 0.195089 0
    outer loop
      vertex -5 0 37
      vertex -4.6194 -1.91342 47.5
      vertex -4.6194 -1.91342 37
    endloop
  endfacet
  facet normal 0.980786 0.195089 0
    outer loop
      vertex -4.6194 -1.91342 34
      vertex -5 0 31
      vertex -5 0 34
    endloop
  endfacet
  facet normal 0.980786 0.195089 0
    outer loop
      vertex -5 0 31
      vertex -4.6194 -1.91342 34
      vertex -4.6194 -1.91342 31
    endloop
  endfacet
  facet normal 0.555574 0.831467 -0
    outer loop
      vertex -1.91342 -4.6194 37
      vertex -3.53553 -3.53553 47.5
      vertex -1.91342 -4.6194 47.5
    endloop
  endfacet
  facet normal 0.555574 0.831467 0
    outer loop
      vertex -3.53553 -3.53553 47.5
      vertex -1.91342 -4.6194 37
      vertex -3.53553 -3.53553 37
    endloop
  endfacet
  facet normal 0.555574 0.831467 -0
    outer loop
      vertex -1.91342 -4.6194 31
      vertex -3.53553 -3.53553 34
      vertex -1.91342 -4.6194 34
    endloop
  endfacet
  facet normal 0.555574 0.831467 0
    outer loop
      vertex -3.53553 -3.53553 34
      vertex -1.91342 -4.6194 31
      vertex -3.53553 -3.53553 31
    endloop
  endfacet
  facet normal 0.951059 0.309008 0
    outer loop
      vertex 12.2268 2.5989 37
      vertex 11.4193 5.08421 34
      vertex 11.4193 5.08421 37
    endloop
  endfacet
  facet normal 0.951059 0.309008 0
    outer loop
      vertex 11.4193 5.08421 34
      vertex 12.2268 2.5989 37
      vertex 12.2268 2.5989 34
    endloop
  endfacet
  facet normal 0.99452 0.104545 0
    outer loop
      vertex 12.5 0 37
      vertex 12.2268 2.5989 34
      vertex 12.2268 2.5989 37
    endloop
  endfacet
  facet normal 0.99452 0.104545 0
    outer loop
      vertex 12.2268 2.5989 34
      vertex 12.5 0 37
      vertex 12.5 0 34
    endloop
  endfacet
  facet normal 0.866026 0.5 0
    outer loop
      vertex 11.4193 5.08421 37
      vertex 10.1127 7.34731 34
      vertex 10.1127 7.34731 37
    endloop
  endfacet
  facet normal 0.866026 0.5 0
    outer loop
      vertex 10.1127 7.34731 34
      vertex 11.4193 5.08421 37
      vertex 11.4193 5.08421 34
    endloop
  endfacet
  facet normal 0.587781 -0.80902 0
    outer loop
      vertex 6.25 -10.8253 34
      vertex 8.36413 -9.28931 37
      vertex 6.25 -10.8253 37
    endloop
  endfacet
  facet normal 0.587781 -0.80902 0
    outer loop
      vertex 8.36413 -9.28931 37
      vertex 6.25 -10.8253 34
      vertex 8.36413 -9.28931 34
    endloop
  endfacet
  facet normal -0.743148 0.669128 0
    outer loop
      vertex -10.1127 7.34731 34
      vertex -8.36413 9.28931 37
      vertex -8.36413 9.28931 34
    endloop
  endfacet
  facet normal -0.743148 0.669128 0
    outer loop
      vertex -8.36413 9.28931 37
      vertex -10.1127 7.34731 34
      vertex -10.1127 7.34731 37
    endloop
  endfacet
  facet normal 0.40674 0.913544 -0
    outer loop
      vertex 6.25 10.8253 34
      vertex 3.86271 11.8882 37
      vertex 6.25 10.8253 37
    endloop
  endfacet
  facet normal 0.40674 0.913544 0
    outer loop
      vertex 3.86271 11.8882 37
      vertex 6.25 10.8253 34
      vertex 3.86271 11.8882 34
    endloop
  endfacet
  facet normal -0.743148 -0.669128 0
    outer loop
      vertex -8.36413 -9.28931 34
      vertex -10.1127 -7.34731 37
      vertex -10.1127 -7.34731 34
    endloop
  endfacet
  facet normal -0.743148 -0.669128 0
    outer loop
      vertex -10.1127 -7.34731 37
      vertex -8.36413 -9.28931 34
      vertex -8.36413 -9.28931 37
    endloop
  endfacet
  facet normal 0 -1 0
    outer loop
      vertex -1.30661 -12.4315 34
      vertex 1.30661 -12.4315 37
      vertex -1.30661 -12.4315 37
    endloop
  endfacet
  facet normal 0 -1 -0
    outer loop
      vertex 1.30661 -12.4315 37
      vertex -1.30661 -12.4315 34
      vertex 1.30661 -12.4315 34
    endloop
  endfacet
  facet normal 0.99452 -0.104545 0
    outer loop
      vertex 12.2268 -2.5989 37
      vertex 12.5 0 34
      vertex 12.5 0 37
    endloop
  endfacet
  facet normal 0.99452 -0.104545 0
    outer loop
      vertex 12.5 0 34
      vertex 12.2268 -2.5989 37
      vertex 12.2268 -2.5989 34
    endloop
  endfacet
  facet normal -0.40674 0.913544 0
    outer loop
      vertex -3.86271 11.8882 34
      vertex -6.25 10.8253 37
      vertex -3.86271 11.8882 37
    endloop
  endfacet
  facet normal -0.40674 0.913544 0
    outer loop
      vertex -6.25 10.8253 37
      vertex -3.86271 11.8882 34
      vertex -6.25 10.8253 34
    endloop
  endfacet
  facet normal 0.743148 0.669128 0
    outer loop
      vertex 10.1127 7.34731 37
      vertex 8.36413 9.28931 34
      vertex 8.36413 9.28931 37
    endloop
  endfacet
  facet normal 0.743148 0.669128 0
    outer loop
      vertex 8.36413 9.28931 34
      vertex 10.1127 7.34731 37
      vertex 10.1127 7.34731 34
    endloop
  endfacet
  facet normal -0.99452 -0.104545 0
    outer loop
      vertex -12.2268 -2.5989 34
      vertex -12.5 0 37
      vertex -12.5 0 34
    endloop
  endfacet
  facet normal -0.99452 -0.104545 0
    outer loop
      vertex -12.5 0 37
      vertex -12.2268 -2.5989 34
      vertex -12.2268 -2.5989 37
    endloop
  endfacet
  facet normal -0 0 1
    outer loop
      vertex -8.46352 -1.42658 37
      vertex -5.27684 -2.85568 37
      vertex -6.78648 -0.881678 37
    endloop
  endfacet
  facet normal 0 0 1
    outer loop
      vertex -5.27684 -2.85568 37
      vertex -8.36413 -9.28931 37
      vertex -6.25 -10.8253 37
    endloop
  endfacet
  facet normal 0 0 1
    outer loop
      vertex -5.27684 -2.85568 37
      vertex -8.46352 -1.42658 37
      vertex -10.1127 -7.34731 37
    endloop
  endfacet
  facet normal 0 0 1
    outer loop
      vertex -12.2268 -2.5989 37
      vertex -8.46352 -1.42658 37
      vertex -9.5 0 37
    endloop
  endfacet
  facet normal 0 0 1
    outer loop
      vertex -5.27684 -2.85568 37
      vertex -10.1127 -7.34731 37
      vertex -8.36413 -9.28931 37
    endloop
  endfacet
  facet normal -0 0 1
    outer loop
      vertex -12.2268 2.5989 37
      vertex -8.46352 1.42658 37
      vertex -11.4193 5.08421 37
    endloop
  endfacet
  facet normal 0 0 1
    outer loop
      vertex -8.46352 1.42658 37
      vertex -12.2268 2.5989 37
      vertex -9.5 0 37
    endloop
  endfacet
  facet normal 0 0 1
    outer loop
      vertex -8.46352 -1.42658 37
      vertex -11.4193 -5.08421 37
      vertex -10.1127 -7.34731 37
    endloop
  endfacet
  facet normal 0 0 1
    outer loop
      vertex -12.5 0 37
      vertex -9.5 0 37
      vertex -12.2268 2.5989 37
    endloop
  endfacet
  facet normal 0 0 1
    outer loop
      vertex -8.46352 -1.42658 37
      vertex -12.2268 -2.5989 37
      vertex -11.4193 -5.08421 37
    endloop
  endfacet
  facet normal 0 0 1
    outer loop
      vertex -9.5 0 37
      vertex -12.5 0 37
      vertex -12.2268 -2.5989 37
    endloop
  endfacet
  facet normal 0 0 1
    outer loop
      vertex 1.47291 -5.8164 37
      vertex 0.881678 -6.78648 37
      vertex 1.42658 -8.46352 37
    endloop
  endfacet
  facet normal -0 0 1
    outer loop
      vertex -0.495476 -5.97951 37
      vertex 0.881678 -6.78648 37
      vertex 1.47291 -5.8164 37
    endloop
  endfacet
  facet normal 0 0 1
    outer loop
      vertex -0.495476 -5.97951 37
      vertex -0.881678 -6.78648 37
      vertex 0.881678 -6.78648 37
    endloop
  endfacet
  facet normal 0 0 1
    outer loop
      vertex -0.881678 -6.78648 37
      vertex -2.41017 -5.49464 37
      vertex -1.42658 -8.46352 37
    endloop
  endfacet
  facet normal 0 0 1
    outer loop
      vertex -2.41017 -5.49464 37
      vertex -0.881678 -6.78648 37
      vertex -0.495476 -5.97951 37
    endloop
  endfacet
  facet normal 0 0 1
    outer loop
      vertex 10.1127 -7.34731 37
      vertex 4.73484 -3.68528 37
      vertex 8.36413 -9.28931 37
    endloop
  endfacet
  facet normal -0 0 1
    outer loop
      vertex 3.28169 -5.023 37
      vertex 8.36413 -9.28931 37
      vertex 4.73484 -3.68528 37
    endloop
  endfacet
  facet normal 0 0 1
    outer loop
      vertex 8.36413 -9.28931 37
      vertex 3.28169 -5.023 37
      vertex 6.25 -10.8253 37
    endloop
  endfacet
  facet normal -0 0 1
    outer loop
      vertex 1.42658 -8.46352 37
      vertex 6.25 -10.8253 37
      vertex 3.28169 -5.023 37
    endloop
  endfacet
  facet normal 0 0 1
    outer loop
      vertex 1.42658 -8.46352 37
      vertex 3.28169 -5.023 37
      vertex 1.47291 -5.8164 37
    endloop
  endfacet
  facet normal 0 0 1
    outer loop
      vertex 6.25 -10.8253 37
      vertex 1.42658 -8.46352 37
      vertex 3.86271 -11.8882 37
    endloop
  endfacet
  facet normal 0 0 1
    outer loop
      vertex 1.42658 -8.46352 37
      vertex 1.30661 -12.4315 37
      vertex 3.86271 -11.8882 37
    endloop
  endfacet
  facet normal -0 0 1
    outer loop
      vertex 0 -9.5 37
      vertex 1.30661 -12.4315 37
      vertex 1.42658 -8.46352 37
    endloop
  endfacet
  facet normal 0 0 1
    outer loop
      vertex 0 -9.5 37
      vertex -1.30661 -12.4315 37
      vertex 1.30661 -12.4315 37
    endloop
  endfacet
  facet normal 0 0 1
    outer loop
      vertex -1.42658 -8.46352 37
      vertex -1.30661 -12.4315 37
      vertex 0 -9.5 37
    endloop
  endfacet
  facet normal 0 0 1
    outer loop
      vertex -6.25 -10.8253 37
      vertex -1.42658 -8.46352 37
      vertex -2.41017 -5.49464 37
    endloop
  endfacet
  facet normal 0 0 1
    outer loop
      vertex -1.42658 -8.46352 37
      vertex -3.86271 -11.8882 37
      vertex -1.30661 -12.4315 37
    endloop
  endfacet
  facet normal 0 0 1
    outer loop
      vertex -6.25 -10.8253 37
      vertex -2.41017 -5.49464 37
      vertex -4.06369 -4.41434 37
    endloop
  endfacet
  facet normal 0 0 1
    outer loop
      vertex -6.25 -10.8253 37
      vertex -4.06369 -4.41434 37
      vertex -5.27684 -2.85568 37
    endloop
  endfacet
  facet normal 0 0 1
    outer loop
      vertex -6.78648 -0.881678 37
      vertex -5.27684 -2.85568 37
      vertex -5.91817 -0.987567 37
    endloop
  endfacet
  facet normal 0 0 1
    outer loop
      vertex -1.42658 -8.46352 37
      vertex -6.25 -10.8253 37
      vertex -3.86271 -11.8882 37
    endloop
  endfacet
  facet normal 0 0 1
    outer loop
      vertex -5.91817 0.987567 37
      vertex -6.78648 0.881678 37
      vertex -5.91817 -0.987567 37
    endloop
  endfacet
  facet normal -0 0 1
    outer loop
      vertex -6.78648 -0.881678 37
      vertex -5.91817 -0.987567 37
      vertex -6.78648 0.881678 37
    endloop
  endfacet
  facet normal -0 0 1
    outer loop
      vertex -8.36413 9.28931 37
      vertex -6.78648 0.881678 37
      vertex -6.25 10.8253 37
    endloop
  endfacet
  facet normal -0 0 1
    outer loop
      vertex -10.1127 7.34731 37
      vertex -6.78648 0.881678 37
      vertex -8.36413 9.28931 37
    endloop
  endfacet
  facet normal 0 0 1
    outer loop
      vertex -6.78648 0.881678 37
      vertex -10.1127 7.34731 37
      vertex -8.46352 1.42658 37
    endloop
  endfacet
  facet normal -0 0 1
    outer loop
      vertex -11.4193 5.08421 37
      vertex -8.46352 1.42658 37
      vertex -10.1127 7.34731 37
    endloop
  endfacet
  facet normal -0 0 1
    outer loop
      vertex 0.881678 6.78648 37
      vertex 1.47291 5.8164 37
      vertex 1.42658 8.46352 37
    endloop
  endfacet
  facet normal 0 0 1
    outer loop
      vertex 0.881678 6.78648 37
      vertex -0.495476 5.97951 37
      vertex 1.47291 5.8164 37
    endloop
  endfacet
  facet normal -0 0 1
    outer loop
      vertex -0.881678 6.78648 37
      vertex -0.495476 5.97951 37
      vertex 0.881678 6.78648 37
    endloop
  endfacet
  facet normal 0 0 1
    outer loop
      vertex -0.881678 6.78648 37
      vertex -2.41017 5.49464 37
      vertex -0.495476 5.97951 37
    endloop
  endfacet
  facet normal 0 0 1
    outer loop
      vertex -2.41017 5.49464 37
      vertex -0.881678 6.78648 37
      vertex -1.42658 8.46352 37
    endloop
  endfacet
  facet normal 0 0 1
    outer loop
      vertex 9.5 0 37
      vertex 12.5 0 37
      vertex 12.2268 2.5989 37
    endloop
  endfacet
  facet normal 0 0 1
    outer loop
      vertex 8.46352 1.42658 37
      vertex 12.2268 2.5989 37
      vertex 11.4193 5.08421 37
    endloop
  endfacet
  facet normal 0 0 1
    outer loop
      vertex 12.5 0 37
      vertex 9.5 0 37
      vertex 12.2268 -2.5989 37
    endloop
  endfacet
  facet normal 0 0 1
    outer loop
      vertex 8.46352 1.42658 37
      vertex 11.4193 5.08421 37
      vertex 10.1127 7.34731 37
    endloop
  endfacet
  facet normal -0 0 1
    outer loop
      vertex 8.46352 -1.42658 37
      vertex 12.2268 -2.5989 37
      vertex 9.5 0 37
    endloop
  endfacet
  facet normal 0 0 1
    outer loop
      vertex 12.2268 -2.5989 37
      vertex 8.46352 -1.42658 37
      vertex 11.4193 -5.08421 37
    endloop
  endfacet
  facet normal 0 0 1
    outer loop
      vertex 12.2268 2.5989 37
      vertex 8.46352 1.42658 37
      vertex 9.5 0 37
    endloop
  endfacet
  facet normal 0 0 1
    outer loop
      vertex 4.73484 3.68528 37
      vertex 10.1127 7.34731 37
      vertex 8.36413 9.28931 37
    endloop
  endfacet
  facet normal 0 0 1
    outer loop
      vertex 10.1127 7.34731 37
      vertex 4.73484 3.68528 37
      vertex 8.46352 1.42658 37
    endloop
  endfacet
  facet normal 0 0 1
    outer loop
      vertex 8.46352 1.42658 37
      vertex 4.73484 3.68528 37
      vertex 5.6749 1.9482 37
    endloop
  endfacet
  facet normal 0 0 1
    outer loop
      vertex 4.73484 3.68528 37
      vertex 8.36413 9.28931 37
      vertex 6.25 10.8253 37
    endloop
  endfacet
  facet normal 0 0 1
    outer loop
      vertex 11.4193 -5.08421 37
      vertex 8.46352 -1.42658 37
      vertex 10.1127 -7.34731 37
    endloop
  endfacet
  facet normal 0 0 1
    outer loop
      vertex 5.6749 -1.9482 37
      vertex 8.46352 -1.42658 37
      vertex 6.78648 -0.881678 37
    endloop
  endfacet
  facet normal 0 0 1
    outer loop
      vertex 4.73484 -3.68528 37
      vertex 8.46352 -1.42658 37
      vertex 5.6749 -1.9482 37
    endloop
  endfacet
  facet normal 0 0 1
    outer loop
      vertex 8.46352 -1.42658 37
      vertex 4.73484 -3.68528 37
      vertex 10.1127 -7.34731 37
    endloop
  endfacet
  facet normal 0 -0 1
    outer loop
      vertex 6 0 37
      vertex 6.78648 0.881678 37
      vertex 5.6749 1.9482 37
    endloop
  endfacet
  facet normal 0 0 1
    outer loop
      vertex 5.6749 -1.9482 37
      vertex 6.78648 -0.881678 37
      vertex 6 0 37
    endloop
  endfacet
  facet normal 0 0 1
    outer loop
      vertex 6.78648 0.881678 37
      vertex 6 0 37
      vertex 6.78648 -0.881678 37
    endloop
  endfacet
  facet normal 0 0 1
    outer loop
      vertex 8.46352 1.42658 37
      vertex 5.6749 1.9482 37
      vertex 6.78648 0.881678 37
    endloop
  endfacet
  facet normal 0 0 1
    outer loop
      vertex 1.42658 8.46352 37
      vertex 6.25 10.8253 37
      vertex 3.86271 11.8882 37
    endloop
  endfacet
  facet normal 0 0 1
    outer loop
      vertex 6.25 10.8253 37
      vertex 3.28169 5.023 37
      vertex 4.73484 3.68528 37
    endloop
  endfacet
  facet normal 0 0 1
    outer loop
      vertex 6.25 10.8253 37
      vertex 1.42658 8.46352 37
      vertex 3.28169 5.023 37
    endloop
  endfacet
  facet normal 0 0 1
    outer loop
      vertex 3.28169 5.023 37
      vertex 1.42658 8.46352 37
      vertex 1.47291 5.8164 37
    endloop
  endfacet
  facet normal 0 0 1
    outer loop
      vertex 1.30661 12.4315 37
      vertex 1.42658 8.46352 37
      vertex 3.86271 11.8882 37
    endloop
  endfacet
  facet normal 0 0 1
    outer loop
      vertex 1.30661 12.4315 37
      vertex 0 9.5 37
      vertex 1.42658 8.46352 37
    endloop
  endfacet
  facet normal -0 0 1
    outer loop
      vertex -1.30661 12.4315 37
      vertex 0 9.5 37
      vertex 1.30661 12.4315 37
    endloop
  endfacet
  facet normal 0 0 1
    outer loop
      vertex -1.30661 12.4315 37
      vertex -1.42658 8.46352 37
      vertex 0 9.5 37
    endloop
  endfacet
  facet normal -0 0 1
    outer loop
      vertex -3.86271 11.8882 37
      vertex -1.42658 8.46352 37
      vertex -1.30661 12.4315 37
    endloop
  endfacet
  facet normal -0 0 1
    outer loop
      vertex -6.25 10.8253 37
      vertex -1.42658 8.46352 37
      vertex -3.86271 11.8882 37
    endloop
  endfacet
  facet normal 0 0 1
    outer loop
      vertex -1.42658 8.46352 37
      vertex -6.25 10.8253 37
      vertex -2.41017 5.49464 37
    endloop
  endfacet
  facet normal 0 0 1
    outer loop
      vertex -2.41017 5.49464 37
      vertex -6.25 10.8253 37
      vertex -4.06369 4.41434 37
    endloop
  endfacet
  facet normal 0 0 1
    outer loop
      vertex -4.06369 4.41434 37
      vertex -6.25 10.8253 37
      vertex -5.27684 2.85568 37
    endloop
  endfacet
  facet normal 0 0 1
    outer loop
      vertex -5.27684 2.85568 37
      vertex -6.78648 0.881678 37
      vertex -5.91817 0.987567 37
    endloop
  endfacet
  facet normal 0 0 1
    outer loop
      vertex -6.78648 0.881678 37
      vertex -5.27684 2.85568 37
      vertex -6.25 10.8253 37
    endloop
  endfacet
  facet normal 0 0 1
    outer loop
      vertex 4.6194 1.91342 37
      vertex 4.6194 -1.91342 37
      vertex 5 0 37
    endloop
  endfacet
  facet normal 0 0 1
    outer loop
      vertex 3.53553 3.53553 37
      vertex 4.6194 -1.91342 37
      vertex 4.6194 1.91342 37
    endloop
  endfacet
  facet normal 0 0 1
    outer loop
      vertex 3.53553 3.53553 37
      vertex 3.53553 -3.53553 37
      vertex 4.6194 -1.91342 37
    endloop
  endfacet
  facet normal 0 0 1
    outer loop
      vertex 1.91342 4.6194 37
      vertex 3.53553 -3.53553 37
      vertex 3.53553 3.53553 37
    endloop
  endfacet
  facet normal 0 0 1
    outer loop
      vertex 1.91342 4.6194 37
      vertex 1.91342 -4.6194 37
      vertex 3.53553 -3.53553 37
    endloop
  endfacet
  facet normal 0 0 1
    outer loop
      vertex 0 5 37
      vertex 1.91342 -4.6194 37
      vertex 1.91342 4.6194 37
    endloop
  endfacet
  facet normal 0 0 1
    outer loop
      vertex 0 5 37
      vertex 0 -5 37
      vertex 1.91342 -4.6194 37
    endloop
  endfacet
  facet normal -0 0 1
    outer loop
      vertex -1.91342 4.6194 37
      vertex 0 -5 37
      vertex 0 5 37
    endloop
  endfacet
  facet normal 0 0 1
    outer loop
      vertex -1.91342 4.6194 37
      vertex -1.91342 -4.6194 37
      vertex 0 -5 37
    endloop
  endfacet
  facet normal -0 0 1
    outer loop
      vertex -3.53553 3.53553 37
      vertex -1.91342 -4.6194 37
      vertex -1.91342 4.6194 37
    endloop
  endfacet
  facet normal 0 0 1
    outer loop
      vertex -3.53553 3.53553 37
      vertex -3.53553 -3.53553 37
      vertex -1.91342 -4.6194 37
    endloop
  endfacet
  facet normal -0 0 1
    outer loop
      vertex -4.6194 1.91342 37
      vertex -3.53553 -3.53553 37
      vertex -3.53553 3.53553 37
    endloop
  endfacet
  facet normal 0 0 1
    outer loop
      vertex -4.6194 1.91342 37
      vertex -4.6194 -1.91342 37
      vertex -3.53553 -3.53553 37
    endloop
  endfacet
  facet normal 0 -0 1
    outer loop
      vertex -4.6194 -1.91342 37
      vertex -4.6194 1.91342 37
      vertex -5 0 37
    endloop
  endfacet
  facet normal -0.40674 -0.913544 0
    outer loop
      vertex -6.25 -10.8253 34
      vertex -3.86271 -11.8882 37
      vertex -6.25 -10.8253 37
    endloop
  endfacet
  facet normal -0.40674 -0.913544 -0
    outer loop
      vertex -3.86271 -11.8882 37
      vertex -6.25 -10.8253 34
      vertex -3.86271 -11.8882 34
    endloop
  endfacet
  facet normal 0.866026 -0.5 0
    outer loop
      vertex 10.1127 -7.34731 37
      vertex 11.4193 -5.08421 34
      vertex 11.4193 -5.08421 37
    endloop
  endfacet
  facet normal 0.866026 -0.5 0
    outer loop
      vertex 11.4193 -5.08421 34
      vertex 10.1127 -7.34731 37
      vertex 10.1127 -7.34731 34
    endloop
  endfacet
  facet normal 0.951059 -0.309008 0
    outer loop
      vertex 11.4193 -5.08421 37
      vertex 12.2268 -2.5989 34
      vertex 12.2268 -2.5989 37
    endloop
  endfacet
  facet normal 0.951059 -0.309008 0
    outer loop
      vertex 12.2268 -2.5989 34
      vertex 11.4193 -5.08421 37
      vertex 11.4193 -5.08421 34
    endloop
  endfacet
  facet normal -0.951059 -0.309008 0
    outer loop
      vertex -11.4193 -5.08421 34
      vertex -12.2268 -2.5989 37
      vertex -12.2268 -2.5989 34
    endloop
  endfacet
  facet normal -0.951059 -0.309008 0
    outer loop
      vertex -12.2268 -2.5989 37
      vertex -11.4193 -5.08421 34
      vertex -11.4193 -5.08421 37
    endloop
  endfacet
  facet normal 0.207906 -0.978149 0
    outer loop
      vertex 1.30661 -12.4315 34
      vertex 3.86271 -11.8882 37
      vertex 1.30661 -12.4315 37
    endloop
  endfacet
  facet normal 0.207906 -0.978149 0
    outer loop
      vertex 3.86271 -11.8882 37
      vertex 1.30661 -12.4315 34
      vertex 3.86271 -11.8882 34
    endloop
  endfacet
  facet normal -0.951059 0.309008 0
    outer loop
      vertex -12.2268 2.5989 34
      vertex -11.4193 5.08421 37
      vertex -11.4193 5.08421 34
    endloop
  endfacet
  facet normal -0.951059 0.309008 0
    outer loop
      vertex -11.4193 5.08421 37
      vertex -12.2268 2.5989 34
      vertex -12.2268 2.5989 37
    endloop
  endfacet
  facet normal 0 1 -0
    outer loop
      vertex 1.30661 12.4315 34
      vertex -1.30661 12.4315 37
      vertex 1.30661 12.4315 37
    endloop
  endfacet
  facet normal 0 1 0
    outer loop
      vertex -1.30661 12.4315 37
      vertex 1.30661 12.4315 34
      vertex -1.30661 12.4315 34
    endloop
  endfacet
  facet normal 0.743148 -0.669128 0
    outer loop
      vertex 8.36413 -9.28931 37
      vertex 10.1127 -7.34731 34
      vertex 10.1127 -7.34731 37
    endloop
  endfacet
  facet normal 0.743148 -0.669128 0
    outer loop
      vertex 10.1127 -7.34731 34
      vertex 8.36413 -9.28931 37
      vertex 8.36413 -9.28931 34
    endloop
  endfacet
  facet normal -0.207906 -0.978149 0
    outer loop
      vertex -3.86271 -11.8882 34
      vertex -1.30661 -12.4315 37
      vertex -3.86271 -11.8882 37
    endloop
  endfacet
  facet normal -0.207906 -0.978149 -0
    outer loop
      vertex -1.30661 -12.4315 37
      vertex -3.86271 -11.8882 34
      vertex -1.30661 -12.4315 34
    endloop
  endfacet
  facet normal -0.866026 0.5 0
    outer loop
      vertex -11.4193 5.08421 34
      vertex -10.1127 7.34731 37
      vertex -10.1127 7.34731 34
    endloop
  endfacet
  facet normal -0.866026 0.5 0
    outer loop
      vertex -10.1127 7.34731 37
      vertex -11.4193 5.08421 34
      vertex -11.4193 5.08421 37
    endloop
  endfacet
  facet normal -0.99452 0.104545 0
    outer loop
      vertex -12.5 0 34
      vertex -12.2268 2.5989 37
      vertex -12.2268 2.5989 34
    endloop
  endfacet
  facet normal -0.99452 0.104545 0
    outer loop
      vertex -12.2268 2.5989 37
      vertex -12.5 0 34
      vertex -12.5 0 37
    endloop
  endfacet
  facet normal -0.866026 -0.5 0
    outer loop
      vertex -10.1127 -7.34731 34
      vertex -11.4193 -5.08421 37
      vertex -11.4193 -5.08421 34
    endloop
  endfacet
  facet normal -0.866026 -0.5 0
    outer loop
      vertex -11.4193 -5.08421 37
      vertex -10.1127 -7.34731 34
      vertex -10.1127 -7.34731 37
    endloop
  endfacet
  facet normal 0.207906 0.978149 -0
    outer loop
      vertex 3.86271 11.8882 34
      vertex 1.30661 12.4315 37
      vertex 3.86271 11.8882 37
    endloop
  endfacet
  facet normal 0.207906 0.978149 0
    outer loop
      vertex 1.30661 12.4315 37
      vertex 3.86271 11.8882 34
      vertex 1.30661 12.4315 34
    endloop
  endfacet
  facet normal 0.40674 -0.913544 0
    outer loop
      vertex 3.86271 -11.8882 34
      vertex 6.25 -10.8253 37
      vertex 3.86271 -11.8882 37
    endloop
  endfacet
  facet normal 0.40674 -0.913544 0
    outer loop
      vertex 6.25 -10.8253 37
      vertex 3.86271 -11.8882 34
      vertex 6.25 -10.8253 34
    endloop
  endfacet
  facet normal 0.587781 0.80902 -0
    outer loop
      vertex 8.36413 9.28931 34
      vertex 6.25 10.8253 37
      vertex 8.36413 9.28931 37
    endloop
  endfacet
  facet normal 0.587781 0.80902 0
    outer loop
      vertex 6.25 10.8253 37
      vertex 8.36413 9.28931 34
      vertex 6.25 10.8253 34
    endloop
  endfacet
  facet normal -0.587781 -0.80902 0
    outer loop
      vertex -8.36413 -9.28931 34
      vertex -6.25 -10.8253 37
      vertex -8.36413 -9.28931 37
    endloop
  endfacet
  facet normal -0.587781 -0.80902 -0
    outer loop
      vertex -6.25 -10.8253 37
      vertex -8.36413 -9.28931 34
      vertex -6.25 -10.8253 34
    endloop
  endfacet
  facet normal -0.587781 0.80902 0
    outer loop
      vertex -6.25 10.8253 34
      vertex -8.36413 9.28931 37
      vertex -6.25 10.8253 37
    endloop
  endfacet
  facet normal -0.587781 0.80902 0
    outer loop
      vertex -8.36413 9.28931 37
      vertex -6.25 10.8253 34
      vertex -8.36413 9.28931 34
    endloop
  endfacet
  facet normal -0.207906 0.978149 0
    outer loop
      vertex -1.30661 12.4315 34
      vertex -3.86271 11.8882 37
      vertex -1.30661 12.4315 37
    endloop
  endfacet
  facet normal -0.207906 0.978149 0
    outer loop
      vertex -3.86271 11.8882 37
      vertex -1.30661 12.4315 34
      vertex -3.86271 11.8882 34
    endloop
  endfacet
  facet normal 0.879474 0.475947 0
    outer loop
      vertex 5.6749 1.9482 47.5
      vertex 4.73484 3.68528 37
      vertex 4.73484 3.68528 47.5
    endloop
  endfacet
  facet normal 0.879474 0.475947 0
    outer loop
      vertex 4.73484 3.68528 37
      vertex 5.6749 1.9482 47.5
      vertex 5.6749 1.9482 37
    endloop
  endfacet
  facet normal 0.986361 0.164596 0
    outer loop
      vertex 6 0 47.5
      vertex 5.6749 1.9482 37
      vertex 5.6749 1.9482 47.5
    endloop
  endfacet
  facet normal 0.986361 0.164596 0
    outer loop
      vertex 5.6749 1.9482 37
      vertex 6 0 47.5
      vertex 6 0 37
    endloop
  endfacet
  facet normal 0.677282 0.735724 -0
    outer loop
      vertex 4.73484 3.68528 37
      vertex 3.28169 5.023 47.5
      vertex 4.73484 3.68528 47.5
    endloop
  endfacet
  facet normal 0.677282 0.735724 0
    outer loop
      vertex 3.28169 5.023 47.5
      vertex 4.73484 3.68528 37
      vertex 3.28169 5.023 37
    endloop
  endfacet
  facet normal -0.945816 0.324702 0
    outer loop
      vertex -5.91817 0.987567 37
      vertex -5.27684 2.85568 47.5
      vertex -5.27684 2.85568 37
    endloop
  endfacet
  facet normal -0.945816 0.324702 0
    outer loop
      vertex -5.27684 2.85568 47.5
      vertex -5.91817 0.987567 37
      vertex -5.91817 0.987567 47.5
    endloop
  endfacet
  facet normal 0.401694 -0.915774 0
    outer loop
      vertex 1.47291 -5.8164 37
      vertex 3.28169 -5.023 47.5
      vertex 1.47291 -5.8164 47.5
    endloop
  endfacet
  facet normal 0.401694 -0.915774 0
    outer loop
      vertex 3.28169 -5.023 47.5
      vertex 1.47291 -5.8164 37
      vertex 3.28169 -5.023 37
    endloop
  endfacet
  facet normal -0.245487 -0.9694 0
    outer loop
      vertex -2.41017 -5.49464 37
      vertex -0.495476 -5.97951 47.5
      vertex -2.41017 -5.49464 47.5
    endloop
  endfacet
  facet normal -0.245487 -0.9694 -0
    outer loop
      vertex -0.495476 -5.97951 47.5
      vertex -2.41017 -5.49464 37
      vertex -0.495476 -5.97951 37
    endloop
  endfacet
  facet normal -0.546949 -0.837166 0
    outer loop
      vertex -4.06369 -4.41434 37
      vertex -2.41017 -5.49464 47.5
      vertex -4.06369 -4.41434 47.5
    endloop
  endfacet
  facet normal -0.546949 -0.837166 -0
    outer loop
      vertex -2.41017 -5.49464 47.5
      vertex -4.06369 -4.41434 37
      vertex -2.41017 -5.49464 37
    endloop
  endfacet
  facet normal -0.546949 0.837166 0
    outer loop
      vertex -2.41017 5.49464 37
      vertex -4.06369 4.41434 47.5
      vertex -2.41017 5.49464 47.5
    endloop
  endfacet
  facet normal -0.546949 0.837166 0
    outer loop
      vertex -4.06369 4.41434 47.5
      vertex -2.41017 5.49464 37
      vertex -4.06369 4.41434 37
    endloop
  endfacet
  facet normal 0.401694 0.915774 -0
    outer loop
      vertex 3.28169 5.023 37
      vertex 1.47291 5.8164 47.5
      vertex 3.28169 5.023 47.5
    endloop
  endfacet
  facet normal 0.401694 0.915774 0
    outer loop
      vertex 1.47291 5.8164 47.5
      vertex 3.28169 5.023 37
      vertex 1.47291 5.8164 37
    endloop
  endfacet
  facet normal 0.0825818 0.996584 -0
    outer loop
      vertex 1.47291 5.8164 37
      vertex -0.495476 5.97951 47.5
      vertex 1.47291 5.8164 47.5
    endloop
  endfacet
  facet normal 0.0825818 0.996584 0
    outer loop
      vertex -0.495476 5.97951 47.5
      vertex 1.47291 5.8164 37
      vertex -0.495476 5.97951 37
    endloop
  endfacet
  facet normal -0.245487 0.9694 0
    outer loop
      vertex -0.495476 5.97951 37
      vertex -2.41017 5.49464 47.5
      vertex -0.495476 5.97951 47.5
    endloop
  endfacet
  facet normal -0.245487 0.9694 0
    outer loop
      vertex -2.41017 5.49464 47.5
      vertex -0.495476 5.97951 37
      vertex -2.41017 5.49464 37
    endloop
  endfacet
  facet normal -1 0 0
    outer loop
      vertex -5.91817 -0.987567 37
      vertex -5.91817 0.987567 47.5
      vertex -5.91817 0.987567 37
    endloop
  endfacet
  facet normal -1 -0 0
    outer loop
      vertex -5.91817 0.987567 47.5
      vertex -5.91817 -0.987567 37
      vertex -5.91817 -0.987567 47.5
    endloop
  endfacet
  facet normal 0.677282 -0.735724 0
    outer loop
      vertex 3.28169 -5.023 37
      vertex 4.73484 -3.68528 47.5
      vertex 3.28169 -5.023 47.5
    endloop
  endfacet
  facet normal 0.677282 -0.735724 0
    outer loop
      vertex 4.73484 -3.68528 47.5
      vertex 3.28169 -5.023 37
      vertex 4.73484 -3.68528 37
    endloop
  endfacet
  facet normal 0.986361 -0.164596 0
    outer loop
      vertex 5.6749 -1.9482 47.5
      vertex 6 0 37
      vertex 6 0 47.5
    endloop
  endfacet
  facet normal 0.986361 -0.164596 0
    outer loop
      vertex 6 0 37
      vertex 5.6749 -1.9482 47.5
      vertex 5.6749 -1.9482 37
    endloop
  endfacet
  facet normal -0.945816 -0.324702 0
    outer loop
      vertex -5.27684 -2.85568 37
      vertex -5.91817 -0.987567 47.5
      vertex -5.91817 -0.987567 37
    endloop
  endfacet
  facet normal -0.945816 -0.324702 0
    outer loop
      vertex -5.91817 -0.987567 47.5
      vertex -5.27684 -2.85568 37
      vertex -5.27684 -2.85568 47.5
    endloop
  endfacet
  facet normal 0 0 1
    outer loop
      vertex 5 0 47.5
      vertex 6 0 47.5
      vertex 5.6749 1.9482 47.5
    endloop
  endfacet
  facet normal 0 0 1
    outer loop
      vertex 6 0 47.5
      vertex 5 0 47.5
      vertex 5.6749 -1.9482 47.5
    endloop
  endfacet
  facet normal 0 0 1
    outer loop
      vertex 4.6194 1.91342 47.5
      vertex 5.6749 1.9482 47.5
      vertex 4.73484 3.68528 47.5
    endloop
  endfacet
  facet normal 0 0 1
    outer loop
      vertex 5.6749 1.9482 47.5
      vertex 4.6194 1.91342 47.5
      vertex 5 0 47.5
    endloop
  endfacet
  facet normal 0 0 1
    outer loop
      vertex 4.73484 3.68528 47.5
      vertex 3.53553 3.53553 47.5
      vertex 4.6194 1.91342 47.5
    endloop
  endfacet
  facet normal 0 0 1
    outer loop
      vertex 3.28169 5.023 47.5
      vertex 3.53553 3.53553 47.5
      vertex 4.73484 3.68528 47.5
    endloop
  endfacet
  facet normal 0 0 1
    outer loop
      vertex 3.28169 5.023 47.5
      vertex 1.91342 4.6194 47.5
      vertex 3.53553 3.53553 47.5
    endloop
  endfacet
  facet normal 0 0 1
    outer loop
      vertex 1.47291 5.8164 47.5
      vertex 1.91342 4.6194 47.5
      vertex 3.28169 5.023 47.5
    endloop
  endfacet
  facet normal 0 0 1
    outer loop
      vertex 1.47291 5.8164 47.5
      vertex 0 5 47.5
      vertex 1.91342 4.6194 47.5
    endloop
  endfacet
  facet normal 0 0 1
    outer loop
      vertex -0.495476 5.97951 47.5
      vertex 0 5 47.5
      vertex 1.47291 5.8164 47.5
    endloop
  endfacet
  facet normal 0 0 1
    outer loop
      vertex -0.495476 5.97951 47.5
      vertex -1.91342 4.6194 47.5
      vertex 0 5 47.5
    endloop
  endfacet
  facet normal -0 0 1
    outer loop
      vertex -2.41017 5.49464 47.5
      vertex -1.91342 4.6194 47.5
      vertex -0.495476 5.97951 47.5
    endloop
  endfacet
  facet normal 0 0 1
    outer loop
      vertex -4.06369 4.41434 47.5
      vertex -1.91342 4.6194 47.5
      vertex -2.41017 5.49464 47.5
    endloop
  endfacet
  facet normal 0 0 1
    outer loop
      vertex -1.91342 4.6194 47.5
      vertex -4.06369 4.41434 47.5
      vertex -3.53553 3.53553 47.5
    endloop
  endfacet
  facet normal 0 0 1
    outer loop
      vertex -5.27684 2.85568 47.5
      vertex -3.53553 3.53553 47.5
      vertex -4.06369 4.41434 47.5
    endloop
  endfacet
  facet normal 0 0 1
    outer loop
      vertex -5.91817 0.987567 47.5
      vertex -4.6194 1.91342 47.5
      vertex -5.27684 2.85568 47.5
    endloop
  endfacet
  facet normal 0 0 1
    outer loop
      vertex -3.53553 3.53553 47.5
      vertex -5.27684 2.85568 47.5
      vertex -4.6194 1.91342 47.5
    endloop
  endfacet
  facet normal -0 0 1
    outer loop
      vertex 4.6194 -1.91342 47.5
      vertex 5.6749 -1.9482 47.5
      vertex 5 0 47.5
    endloop
  endfacet
  facet normal 0 0 1
    outer loop
      vertex 5.6749 -1.9482 47.5
      vertex 4.6194 -1.91342 47.5
      vertex 4.73484 -3.68528 47.5
    endloop
  endfacet
  facet normal -0 0 1
    outer loop
      vertex 3.53553 -3.53553 47.5
      vertex 4.73484 -3.68528 47.5
      vertex 4.6194 -1.91342 47.5
    endloop
  endfacet
  facet normal 0 0 1
    outer loop
      vertex 3.53553 -3.53553 47.5
      vertex 3.28169 -5.023 47.5
      vertex 4.73484 -3.68528 47.5
    endloop
  endfacet
  facet normal -0 0 1
    outer loop
      vertex 1.91342 -4.6194 47.5
      vertex 3.28169 -5.023 47.5
      vertex 3.53553 -3.53553 47.5
    endloop
  endfacet
  facet normal 0 0 1
    outer loop
      vertex 1.91342 -4.6194 47.5
      vertex 1.47291 -5.8164 47.5
      vertex 3.28169 -5.023 47.5
    endloop
  endfacet
  facet normal -0 0 1
    outer loop
      vertex 0 -5 47.5
      vertex 1.47291 -5.8164 47.5
      vertex 1.91342 -4.6194 47.5
    endloop
  endfacet
  facet normal 0 0 1
    outer loop
      vertex 0 -5 47.5
      vertex -0.495476 -5.97951 47.5
      vertex 1.47291 -5.8164 47.5
    endloop
  endfacet
  facet normal 0 0 1
    outer loop
      vertex -1.91342 -4.6194 47.5
      vertex -0.495476 -5.97951 47.5
      vertex 0 -5 47.5
    endloop
  endfacet
  facet normal 0 0 1
    outer loop
      vertex -1.91342 -4.6194 47.5
      vertex -2.41017 -5.49464 47.5
      vertex -0.495476 -5.97951 47.5
    endloop
  endfacet
  facet normal -0 0 1
    outer loop
      vertex -4.06369 -4.41434 47.5
      vertex -1.91342 -4.6194 47.5
      vertex -3.53553 -3.53553 47.5
    endloop
  endfacet
  facet normal 0 0 1
    outer loop
      vertex -1.91342 -4.6194 47.5
      vertex -4.06369 -4.41434 47.5
      vertex -2.41017 -5.49464 47.5
    endloop
  endfacet
  facet normal -0 0 1
    outer loop
      vertex -5.27684 -2.85568 47.5
      vertex -3.53553 -3.53553 47.5
      vertex -4.6194 -1.91342 47.5
    endloop
  endfacet
  facet normal 0 0 1
    outer loop
      vertex -3.53553 -3.53553 47.5
      vertex -5.27684 -2.85568 47.5
      vertex -4.06369 -4.41434 47.5
    endloop
  endfacet
  facet normal -0 0 1
    outer loop
      vertex -5.91817 -0.987567 47.5
      vertex -4.6194 -1.91342 47.5
      vertex -5 0 47.5
    endloop
  endfacet
  facet normal 0 0 1
    outer loop
      vertex -4.6194 1.91342 47.5
      vertex -5.91817 0.987567 47.5
      vertex -5 0 47.5
    endloop
  endfacet
  facet normal 0 0 1
    outer loop
      vertex -5.91817 -0.987567 47.5
      vertex -5 0 47.5
      vertex -5.91817 0.987567 47.5
    endloop
  endfacet
  facet normal 0 0 1
    outer loop
      vertex -4.6194 -1.91342 47.5
      vertex -5.91817 -0.987567 47.5
      vertex -5.27684 -2.85568 47.5
    endloop
  endfacet
  facet normal -0.789141 -0.614212 0
    outer loop
      vertex -4.06369 -4.41434 37
      vertex -5.27684 -2.85568 47.5
      vertex -5.27684 -2.85568 37
    endloop
  endfacet
  facet normal -0.789141 -0.614212 0
    outer loop
      vertex -5.27684 -2.85568 47.5
      vertex -4.06369 -4.41434 37
      vertex -4.06369 -4.41434 47.5
    endloop
  endfacet
  facet normal 0.879474 -0.475947 0
    outer loop
      vertex 4.73484 -3.68528 47.5
      vertex 5.6749 -1.9482 37
      vertex 5.6749 -1.9482 47.5
    endloop
  endfacet
  facet normal 0.879474 -0.475947 0
    outer loop
      vertex 5.6749 -1.9482 37
      vertex 4.73484 -3.68528 47.5
      vertex 4.73484 -3.68528 37
    endloop
  endfacet
  facet normal -0.789141 0.614212 0
    outer loop
      vertex -5.27684 2.85568 37
      vertex -4.06369 4.41434 47.5
      vertex -4.06369 4.41434 37
    endloop
  endfacet
  facet normal -0.789141 0.614212 0
    outer loop
      vertex -4.06369 4.41434 47.5
      vertex -5.27684 2.85568 37
      vertex -5.27684 2.85568 47.5
    endloop
  endfacet
  facet normal 0.0825818 -0.996584 0
    outer loop
      vertex -0.495476 -5.97951 37
      vertex 1.47291 -5.8164 47.5
      vertex -0.495476 -5.97951 47.5
    endloop
  endfacet
  facet normal 0.0825818 -0.996584 0
    outer loop
      vertex 1.47291 -5.8164 47.5
      vertex -0.495476 -5.97951 37
      vertex 1.47291 -5.8164 37
    endloop
  endfacet
  facet normal -0.309016 -0.951057 0
    outer loop
      vertex 6.78648 -0.881678 -25
      vertex 8.46352 -1.42658 -14
      vertex 6.78648 -0.881678 -14
    endloop
  endfacet
  facet normal -0.309016 -0.951057 -0
    outer loop
      vertex 8.46352 -1.42658 -14
      vertex 6.78648 -0.881678 -25
      vertex 8.46352 -1.42658 -25
    endloop
  endfacet
  facet normal -0.309016 -0.951057 0
    outer loop
      vertex 6.78648 -0.881678 -34
      vertex 8.46352 -1.42658 -31
      vertex 6.78648 -0.881678 -31
    endloop
  endfacet
  facet normal -0.309016 -0.951057 -0
    outer loop
      vertex 8.46352 -1.42658 -31
      vertex 6.78648 -0.881678 -34
      vertex 8.46352 -1.42658 -34
    endloop
  endfacet
  facet normal -0.309016 0.951057 0
    outer loop
      vertex 8.46352 1.42658 -34
      vertex 6.78648 0.881678 -31
      vertex 8.46352 1.42658 -31
    endloop
  endfacet
  facet normal -0.309016 0.951057 0
    outer loop
      vertex 6.78648 0.881678 -31
      vertex 8.46352 1.42658 -34
      vertex 6.78648 0.881678 -34
    endloop
  endfacet
  facet normal -0.309016 0.951057 0
    outer loop
      vertex 8.46352 1.42658 -25
      vertex 6.78648 0.881678 -14
      vertex 8.46352 1.42658 -14
    endloop
  endfacet
  facet normal -0.309016 0.951057 0
    outer loop
      vertex 6.78648 0.881678 -14
      vertex 8.46352 1.42658 -25
      vertex 6.78648 0.881678 -25
    endloop
  endfacet
  facet normal 0.809015 0.587789 0
    outer loop
      vertex 9.5 0 -14
      vertex 8.46352 1.42658 -25
      vertex 8.46352 1.42658 -14
    endloop
  endfacet
  facet normal 0.809015 0.587789 0
    outer loop
      vertex 8.46352 1.42658 -25
      vertex 9.5 0 -14
      vertex 9.5 0 -25
    endloop
  endfacet
  facet normal -1 0 0
    outer loop
      vertex 6.78648 -0.881678 -25
      vertex 6.78648 0.881678 -14
      vertex 6.78648 0.881678 -25
    endloop
  endfacet
  facet normal -1 -0 0
    outer loop
      vertex 6.78648 0.881678 -14
      vertex 6.78648 -0.881678 -25
      vertex 6.78648 -0.881678 -14
    endloop
  endfacet
  facet normal -1 0 0
    outer loop
      vertex 6.78648 -0.881678 -34
      vertex 6.78648 0.881678 -31
      vertex 6.78648 0.881678 -34
    endloop
  endfacet
  facet normal -1 -0 0
    outer loop
      vertex 6.78648 0.881678 -31
      vertex 6.78648 -0.881678 -34
      vertex 6.78648 -0.881678 -31
    endloop
  endfacet
  facet normal 0 0 -1
    outer loop
      vertex 9.5 -2.59808 -14
      vertex 8.46352 -1.42658 -14
      vertex 9.5 0 -14
    endloop
  endfacet
  facet normal 0 0 -1
    outer loop
      vertex 6.5 -2.59808 -14
      vertex 8.46352 -1.42658 -14
      vertex 9.5 -2.59808 -14
    endloop
  endfacet
  facet normal 0 0 -1
    outer loop
      vertex 5 0 -14
      vertex 6.78648 -0.881678 -14
      vertex 6.5 -2.59808 -14
    endloop
  endfacet
  facet normal -0 0 -1
    outer loop
      vertex 8.46352 -1.42658 -14
      vertex 6.5 -2.59808 -14
      vertex 6.78648 -0.881678 -14
    endloop
  endfacet
  facet normal 0 0 -1
    outer loop
      vertex 9.5 0 -14
      vertex 11 0 -14
      vertex 9.5 -2.59808 -14
    endloop
  endfacet
  facet normal 0 0 -1
    outer loop
      vertex 9.5 0 -14
      vertex 9.5 2.59808 -14
      vertex 11 0 -14
    endloop
  endfacet
  facet normal 0 0 -1
    outer loop
      vertex 8.46352 1.42658 -14
      vertex 9.5 2.59808 -14
      vertex 9.5 0 -14
    endloop
  endfacet
  facet normal 0 0 -1
    outer loop
      vertex 6.5 2.59808 -14
      vertex 8.46352 1.42658 -14
      vertex 6.78648 0.881678 -14
    endloop
  endfacet
  facet normal 0 0 -1
    outer loop
      vertex 8.46352 1.42658 -14
      vertex 6.5 2.59808 -14
      vertex 9.5 2.59808 -14
    endloop
  endfacet
  facet normal 0 0 -1
    outer loop
      vertex 6.78648 -0.881678 -14
      vertex 5 0 -14
      vertex 6.78648 0.881678 -14
    endloop
  endfacet
  facet normal -0 0 -1
    outer loop
      vertex 6.78648 0.881678 -14
      vertex 5 0 -14
      vertex 6.5 2.59808 -14
    endloop
  endfacet
  facet normal 0.809015 -0.587789 0
    outer loop
      vertex 8.46352 -1.42658 -14
      vertex 9.5 0 -25
      vertex 9.5 0 -14
    endloop
  endfacet
  facet normal 0.809015 -0.587789 0
    outer loop
      vertex 9.5 0 -25
      vertex 8.46352 -1.42658 -14
      vertex 8.46352 -1.42658 -25
    endloop
  endfacet
  facet normal 0 -1 0
    outer loop
      vertex 6.5 -2.59808 -14
      vertex 9.5 -2.59808 -11
      vertex 6.5 -2.59808 -11
    endloop
  endfacet
  facet normal 0 -1 -0
    outer loop
      vertex 9.5 -2.59808 -11
      vertex 6.5 -2.59808 -14
      vertex 9.5 -2.59808 -14
    endloop
  endfacet
  facet normal 0.866026 -0.499999 0
    outer loop
      vertex 9.5 -2.59808 -11
      vertex 11 0 -14
      vertex 11 0 -11
    endloop
  endfacet
  facet normal 0.866026 -0.499999 0
    outer loop
      vertex 11 0 -14
      vertex 9.5 -2.59808 -11
      vertex 9.5 -2.59808 -14
    endloop
  endfacet
  facet normal 0 1 -0
    outer loop
      vertex 9.5 2.59808 -14
      vertex 6.5 2.59808 -11
      vertex 9.5 2.59808 -11
    endloop
  endfacet
  facet normal 0 1 0
    outer loop
      vertex 6.5 2.59808 -11
      vertex 9.5 2.59808 -14
      vertex 6.5 2.59808 -14
    endloop
  endfacet
  facet normal 0.866026 0.499999 0
    outer loop
      vertex 11 0 -11
      vertex 9.5 2.59808 -14
      vertex 9.5 2.59808 -11
    endloop
  endfacet
  facet normal 0.866026 0.499999 0
    outer loop
      vertex 9.5 2.59808 -14
      vertex 11 0 -11
      vertex 11 0 -14
    endloop
  endfacet
  facet normal -0.866026 0.499999 0
    outer loop
      vertex 5 0 -14
      vertex 6.5 2.59808 -11
      vertex 6.5 2.59808 -14
    endloop
  endfacet
  facet normal -0.866026 0.499999 0
    outer loop
      vertex 6.5 2.59808 -11
      vertex 5 0 -14
      vertex 5 0 -11
    endloop
  endfacet
  facet normal -0.866026 -0.499999 0
    outer loop
      vertex 6.5 -2.59808 -14
      vertex 5 0 -11
      vertex 5 0 -14
    endloop
  endfacet
  facet normal -0.866026 -0.499999 0
    outer loop
      vertex 5 0 -11
      vertex 6.5 -2.59808 -14
      vertex 6.5 -2.59808 -11
    endloop
  endfacet
  facet normal 0 0 1
    outer loop
      vertex 9.5 2.59808 -11
      vertex 9.5 -2.59808 -11
      vertex 11 0 -11
    endloop
  endfacet
  facet normal -0 0 1
    outer loop
      vertex 6.5 2.59808 -11
      vertex 9.5 -2.59808 -11
      vertex 9.5 2.59808 -11
    endloop
  endfacet
  facet normal 0 0 1
    outer loop
      vertex 6.5 2.59808 -11
      vertex 6.5 -2.59808 -11
      vertex 9.5 -2.59808 -11
    endloop
  endfacet
  facet normal 0 -0 1
    outer loop
      vertex 6.5 -2.59808 -11
      vertex 6.5 2.59808 -11
      vertex 5 0 -11
    endloop
  endfacet
  facet normal -0.309016 -0.951057 0
    outer loop
      vertex 6.78648 -0.881678 37
      vertex 8.46352 -1.42658 48
      vertex 6.78648 -0.881678 48
    endloop
  endfacet
  facet normal -0.309016 -0.951057 -0
    outer loop
      vertex 8.46352 -1.42658 48
      vertex 6.78648 -0.881678 37
      vertex 8.46352 -1.42658 37
    endloop
  endfacet
  facet normal -0.309016 -0.951057 0
    outer loop
      vertex 6.78648 -0.881678 28
      vertex 8.46352 -1.42658 31
      vertex 6.78648 -0.881678 31
    endloop
  endfacet
  facet normal -0.309016 -0.951057 -0
    outer loop
      vertex 8.46352 -1.42658 31
      vertex 6.78648 -0.881678 28
      vertex 8.46352 -1.42658 28
    endloop
  endfacet
  facet normal -0.309016 0.951057 0
    outer loop
      vertex 8.46352 1.42658 28
      vertex 6.78648 0.881678 31
      vertex 8.46352 1.42658 31
    endloop
  endfacet
  facet normal -0.309016 0.951057 0
    outer loop
      vertex 6.78648 0.881678 31
      vertex 8.46352 1.42658 28
      vertex 6.78648 0.881678 28
    endloop
  endfacet
  facet normal -0.309016 0.951057 0
    outer loop
      vertex 8.46352 1.42658 37
      vertex 6.78648 0.881678 48
      vertex 8.46352 1.42658 48
    endloop
  endfacet
  facet normal -0.309016 0.951057 0
    outer loop
      vertex 6.78648 0.881678 48
      vertex 8.46352 1.42658 37
      vertex 6.78648 0.881678 37
    endloop
  endfacet
  facet normal 0.809015 0.587789 0
    outer loop
      vertex 9.5 0 48
      vertex 8.46352 1.42658 37
      vertex 8.46352 1.42658 48
    endloop
  endfacet
  facet normal 0.809015 0.587789 0
    outer loop
      vertex 8.46352 1.42658 37
      vertex 9.5 0 48
      vertex 9.5 0 37
    endloop
  endfacet
  facet normal -1 0 0
    outer loop
      vertex 6.78648 -0.881678 37
      vertex 6.78648 0.881678 48
      vertex 6.78648 0.881678 37
    endloop
  endfacet
  facet normal -1 -0 0
    outer loop
      vertex 6.78648 0.881678 48
      vertex 6.78648 -0.881678 37
      vertex 6.78648 -0.881678 48
    endloop
  endfacet
  facet normal -1 0 0
    outer loop
      vertex 6.78648 -0.881678 28
      vertex 6.78648 0.881678 31
      vertex 6.78648 0.881678 28
    endloop
  endfacet
  facet normal -1 -0 0
    outer loop
      vertex 6.78648 0.881678 31
      vertex 6.78648 -0.881678 28
      vertex 6.78648 -0.881678 31
    endloop
  endfacet
  facet normal 0 0 -1
    outer loop
      vertex 9.5 -2.59808 48
      vertex 8.46352 -1.42658 48
      vertex 9.5 0 48
    endloop
  endfacet
  facet normal 0 0 -1
    outer loop
      vertex 6.5 -2.59808 48
      vertex 8.46352 -1.42658 48
      vertex 9.5 -2.59808 48
    endloop
  endfacet
  facet normal 0 0 -1
    outer loop
      vertex 5 0 48
      vertex 6.78648 -0.881678 48
      vertex 6.5 -2.59808 48
    endloop
  endfacet
  facet normal -0 0 -1
    outer loop
      vertex 8.46352 -1.42658 48
      vertex 6.5 -2.59808 48
      vertex 6.78648 -0.881678 48
    endloop
  endfacet
  facet normal 0 0 -1
    outer loop
      vertex 9.5 0 48
      vertex 11 0 48
      vertex 9.5 -2.59808 48
    endloop
  endfacet
  facet normal 0 0 -1
    outer loop
      vertex 9.5 0 48
      vertex 9.5 2.59808 48
      vertex 11 0 48
    endloop
  endfacet
  facet normal 0 0 -1
    outer loop
      vertex 8.46352 1.42658 48
      vertex 9.5 2.59808 48
      vertex 9.5 0 48
    endloop
  endfacet
  facet normal 0 0 -1
    outer loop
      vertex 6.5 2.59808 48
      vertex 8.46352 1.42658 48
      vertex 6.78648 0.881678 48
    endloop
  endfacet
  facet normal 0 0 -1
    outer loop
      vertex 8.46352 1.42658 48
      vertex 6.5 2.59808 48
      vertex 9.5 2.59808 48
    endloop
  endfacet
  facet normal 0 0 -1
    outer loop
      vertex 6.78648 -0.881678 48
      vertex 5 0 48
      vertex 6.78648 0.881678 48
    endloop
  endfacet
  facet normal -0 0 -1
    outer loop
      vertex 6.78648 0.881678 48
      vertex 5 0 48
      vertex 6.5 2.59808 48
    endloop
  endfacet
  facet normal 0.809015 -0.587789 0
    outer loop
      vertex 8.46352 -1.42658 48
      vertex 9.5 0 37
      vertex 9.5 0 48
    endloop
  endfacet
  facet normal 0.809015 -0.587789 0
    outer loop
      vertex 9.5 0 37
      vertex 8.46352 -1.42658 48
      vertex 8.46352 -1.42658 37
    endloop
  endfacet
  facet normal 0 -1 0
    outer loop
      vertex 6.5 -2.59808 48
      vertex 9.5 -2.59808 51
      vertex 6.5 -2.59808 51
    endloop
  endfacet
  facet normal 0 -1 -0
    outer loop
      vertex 9.5 -2.59808 51
      vertex 6.5 -2.59808 48
      vertex 9.5 -2.59808 48
    endloop
  endfacet
  facet normal 0.866026 -0.499999 0
    outer loop
      vertex 9.5 -2.59808 51
      vertex 11 0 48
      vertex 11 0 51
    endloop
  endfacet
  facet normal 0.866026 -0.499999 0
    outer loop
      vertex 11 0 48
      vertex 9.5 -2.59808 51
      vertex 9.5 -2.59808 48
    endloop
  endfacet
  facet normal 0 1 -0
    outer loop
      vertex 9.5 2.59808 48
      vertex 6.5 2.59808 51
      vertex 9.5 2.59808 51
    endloop
  endfacet
  facet normal 0 1 0
    outer loop
      vertex 6.5 2.59808 51
      vertex 9.5 2.59808 48
      vertex 6.5 2.59808 48
    endloop
  endfacet
  facet normal 0.866026 0.499999 0
    outer loop
      vertex 11 0 51
      vertex 9.5 2.59808 48
      vertex 9.5 2.59808 51
    endloop
  endfacet
  facet normal 0.866026 0.499999 0
    outer loop
      vertex 9.5 2.59808 48
      vertex 11 0 51
      vertex 11 0 48
    endloop
  endfacet
  facet normal -0.866026 0.499999 0
    outer loop
      vertex 5 0 48
      vertex 6.5 2.59808 51
      vertex 6.5 2.59808 48
    endloop
  endfacet
  facet normal -0.866026 0.499999 0
    outer loop
      vertex 6.5 2.59808 51
      vertex 5 0 48
      vertex 5 0 51
    endloop
  endfacet
  facet normal -0.866026 -0.499999 0
    outer loop
      vertex 6.5 -2.59808 48
      vertex 5 0 51
      vertex 5 0 48
    endloop
  endfacet
  facet normal -0.866026 -0.499999 0
    outer loop
      vertex 5 0 51
      vertex 6.5 -2.59808 48
      vertex 6.5 -2.59808 51
    endloop
  endfacet
  facet normal 0 0 1
    outer loop
      vertex 9.5 2.59808 51
      vertex 9.5 -2.59808 51
      vertex 11 0 51
    endloop
  endfacet
  facet normal -0 0 1
    outer loop
      vertex 6.5 2.59808 51
      vertex 9.5 -2.59808 51
      vertex 9.5 2.59808 51
    endloop
  endfacet
  facet normal 0 0 1
    outer loop
      vertex 6.5 2.59808 51
      vertex 6.5 -2.59808 51
      vertex 9.5 -2.59808 51
    endloop
  endfacet
  facet normal 0 -0 1
    outer loop
      vertex 6.5 -2.59808 51
      vertex 6.5 2.59808 51
      vertex 5 0 51
    endloop
  endfacet
  facet normal 0.951057 -0.309016 0
    outer loop
      vertex 0.881678 6.78648 -14
      vertex 1.42658 8.46352 -25
      vertex 1.42658 8.46352 -14
    endloop
  endfacet
  facet normal 0.951057 -0.309016 0
    outer loop
      vertex 1.42658 8.46352 -25
      vertex 0.881678 6.78648 -14
      vertex 0.881678 6.78648 -25
    endloop
  endfacet
  facet normal 0.951057 -0.309016 0
    outer loop
      vertex 0.881678 6.78648 -31
      vertex 1.42658 8.46352 -34
      vertex 1.42658 8.46352 -31
    endloop
  endfacet
  facet normal 0.951057 -0.309016 0
    outer loop
      vertex 1.42658 8.46352 -34
      vertex 0.881678 6.78648 -31
      vertex 0.881678 6.78648 -34
    endloop
  endfacet
  facet normal -0.951057 -0.309016 0
    outer loop
      vertex -0.881678 6.78648 -34
      vertex -1.42658 8.46352 -31
      vertex -1.42658 8.46352 -34
    endloop
  endfacet
  facet normal -0.951057 -0.309016 0
    outer loop
      vertex -1.42658 8.46352 -31
      vertex -0.881678 6.78648 -34
      vertex -0.881678 6.78648 -31
    endloop
  endfacet
  facet normal -0.951057 -0.309016 0
    outer loop
      vertex -0.881678 6.78648 -25
      vertex -1.42658 8.46352 -14
      vertex -1.42658 8.46352 -25
    endloop
  endfacet
  facet normal -0.951057 -0.309016 0
    outer loop
      vertex -1.42658 8.46352 -14
      vertex -0.881678 6.78648 -25
      vertex -0.881678 6.78648 -14
    endloop
  endfacet
  facet normal -0.587789 0.809015 0
    outer loop
      vertex 0 9.5 -25
      vertex -1.42658 8.46352 -14
      vertex 0 9.5 -14
    endloop
  endfacet
  facet normal -0.587789 0.809015 0
    outer loop
      vertex -1.42658 8.46352 -14
      vertex 0 9.5 -25
      vertex -1.42658 8.46352 -25
    endloop
  endfacet
  facet normal 0 -1 0
    outer loop
      vertex -0.881678 6.78648 -25
      vertex 0.881678 6.78648 -14
      vertex -0.881678 6.78648 -14
    endloop
  endfacet
  facet normal 0 -1 -0
    outer loop
      vertex 0.881678 6.78648 -14
      vertex -0.881678 6.78648 -25
      vertex 0.881678 6.78648 -25
    endloop
  endfacet
  facet normal 0 -1 0
    outer loop
      vertex -0.881678 6.78648 -34
      vertex 0.881678 6.78648 -31
      vertex -0.881678 6.78648 -31
    endloop
  endfacet
  facet normal 0 -1 -0
    outer loop
      vertex 0.881678 6.78648 -31
      vertex -0.881678 6.78648 -34
      vertex 0.881678 6.78648 -34
    endloop
  endfacet
  facet normal 0 0 -1
    outer loop
      vertex 2.59808 6.5 -14
      vertex 1.42658 8.46352 -14
      vertex 2.59808 9.5 -14
    endloop
  endfacet
  facet normal 0 0 -1
    outer loop
      vertex 2.59808 6.5 -14
      vertex 0.881678 6.78648 -14
      vertex 1.42658 8.46352 -14
    endloop
  endfacet
  facet normal 0 0 -1
    outer loop
      vertex 0 5 -14
      vertex 0.881678 6.78648 -14
      vertex 2.59808 6.5 -14
    endloop
  endfacet
  facet normal 0 0 -1
    outer loop
      vertex 0 5 -14
      vertex -0.881678 6.78648 -14
      vertex 0.881678 6.78648 -14
    endloop
  endfacet
  facet normal -0 0 -1
    outer loop
      vertex -0.881678 6.78648 -14
      vertex -2.59808 6.5 -14
      vertex -1.42658 8.46352 -14
    endloop
  endfacet
  facet normal 0 0 -1
    outer loop
      vertex -2.59808 6.5 -14
      vertex -0.881678 6.78648 -14
      vertex 0 5 -14
    endloop
  endfacet
  facet normal 0 0 -1
    outer loop
      vertex 0 9.5 -14
      vertex 2.59808 9.5 -14
      vertex 1.42658 8.46352 -14
    endloop
  endfacet
  facet normal 0 0 -1
    outer loop
      vertex 0 9.5 -14
      vertex 0 11 -14
      vertex 2.59808 9.5 -14
    endloop
  endfacet
  facet normal 0 0 -1
    outer loop
      vertex -2.59808 9.5 -14
      vertex 0 9.5 -14
      vertex -1.42658 8.46352 -14
    endloop
  endfacet
  facet normal 0 0 -1
    outer loop
      vertex -2.59808 9.5 -14
      vertex -1.42658 8.46352 -14
      vertex -2.59808 6.5 -14
    endloop
  endfacet
  facet normal 0 0 -1
    outer loop
      vertex 0 9.5 -14
      vertex -2.59808 9.5 -14
      vertex 0 11 -14
    endloop
  endfacet
  facet normal 0.587789 0.809015 -0
    outer loop
      vertex 1.42658 8.46352 -25
      vertex 0 9.5 -14
      vertex 1.42658 8.46352 -14
    endloop
  endfacet
  facet normal 0.587789 0.809015 0
    outer loop
      vertex 0 9.5 -14
      vertex 1.42658 8.46352 -25
      vertex 0 9.5 -25
    endloop
  endfacet
  facet normal 1 -0 0
    outer loop
      vertex 2.59808 6.5 -11
      vertex 2.59808 9.5 -14
      vertex 2.59808 9.5 -11
    endloop
  endfacet
  facet normal 1 0 0
    outer loop
      vertex 2.59808 9.5 -14
      vertex 2.59808 6.5 -11
      vertex 2.59808 6.5 -14
    endloop
  endfacet
  facet normal 0.499999 0.866026 -0
    outer loop
      vertex 2.59808 9.5 -14
      vertex 0 11 -11
      vertex 2.59808 9.5 -11
    endloop
  endfacet
  facet normal 0.499999 0.866026 0
    outer loop
      vertex 0 11 -11
      vertex 2.59808 9.5 -14
      vertex 0 11 -14
    endloop
  endfacet
  facet normal -1 0 0
    outer loop
      vertex -2.59808 6.5 -14
      vertex -2.59808 9.5 -11
      vertex -2.59808 9.5 -14
    endloop
  endfacet
  facet normal -1 -0 0
    outer loop
      vertex -2.59808 9.5 -11
      vertex -2.59808 6.5 -14
      vertex -2.59808 6.5 -11
    endloop
  endfacet
  facet normal -0.499999 0.866026 0
    outer loop
      vertex 0 11 -14
      vertex -2.59808 9.5 -11
      vertex 0 11 -11
    endloop
  endfacet
  facet normal -0.499999 0.866026 0
    outer loop
      vertex -2.59808 9.5 -11
      vertex 0 11 -14
      vertex -2.59808 9.5 -14
    endloop
  endfacet
  facet normal -0.499999 -0.866026 0
    outer loop
      vertex -2.59808 6.5 -14
      vertex 0 5 -11
      vertex -2.59808 6.5 -11
    endloop
  endfacet
  facet normal -0.499999 -0.866026 -0
    outer loop
      vertex 0 5 -11
      vertex -2.59808 6.5 -14
      vertex 0 5 -14
    endloop
  endfacet
  facet normal 0.499999 -0.866026 0
    outer loop
      vertex 0 5 -14
      vertex 2.59808 6.5 -11
      vertex 0 5 -11
    endloop
  endfacet
  facet normal 0.499999 -0.866026 0
    outer loop
      vertex 2.59808 6.5 -11
      vertex 0 5 -14
      vertex 2.59808 6.5 -14
    endloop
  endfacet
  facet normal 0 0 1
    outer loop
      vertex 0 11 -11
      vertex 2.59808 6.5 -11
      vertex 2.59808 9.5 -11
    endloop
  endfacet
  facet normal 0 0 1
    outer loop
      vertex 0 11 -11
      vertex 0 5 -11
      vertex 2.59808 6.5 -11
    endloop
  endfacet
  facet normal -0 0 1
    outer loop
      vertex -2.59808 9.5 -11
      vertex 0 5 -11
      vertex 0 11 -11
    endloop
  endfacet
  facet normal 0 0 1
    outer loop
      vertex 0 5 -11
      vertex -2.59808 9.5 -11
      vertex -2.59808 6.5 -11
    endloop
  endfacet
  facet normal 0.951057 -0.309016 0
    outer loop
      vertex 0.881678 6.78648 48
      vertex 1.42658 8.46352 37
      vertex 1.42658 8.46352 48
    endloop
  endfacet
  facet normal 0.951057 -0.309016 0
    outer loop
      vertex 1.42658 8.46352 37
      vertex 0.881678 6.78648 48
      vertex 0.881678 6.78648 37
    endloop
  endfacet
  facet normal 0.951057 -0.309016 0
    outer loop
      vertex 0.881678 6.78648 31
      vertex 1.42658 8.46352 28
      vertex 1.42658 8.46352 31
    endloop
  endfacet
  facet normal 0.951057 -0.309016 0
    outer loop
      vertex 1.42658 8.46352 28
      vertex 0.881678 6.78648 31
      vertex 0.881678 6.78648 28
    endloop
  endfacet
  facet normal -0.951057 -0.309016 0
    outer loop
      vertex -0.881678 6.78648 28
      vertex -1.42658 8.46352 31
      vertex -1.42658 8.46352 28
    endloop
  endfacet
  facet normal -0.951057 -0.309016 0
    outer loop
      vertex -1.42658 8.46352 31
      vertex -0.881678 6.78648 28
      vertex -0.881678 6.78648 31
    endloop
  endfacet
  facet normal -0.951057 -0.309016 0
    outer loop
      vertex -0.881678 6.78648 37
      vertex -1.42658 8.46352 48
      vertex -1.42658 8.46352 37
    endloop
  endfacet
  facet normal -0.951057 -0.309016 0
    outer loop
      vertex -1.42658 8.46352 48
      vertex -0.881678 6.78648 37
      vertex -0.881678 6.78648 48
    endloop
  endfacet
  facet normal -0.587789 0.809015 0
    outer loop
      vertex 0 9.5 37
      vertex -1.42658 8.46352 48
      vertex 0 9.5 48
    endloop
  endfacet
  facet normal -0.587789 0.809015 0
    outer loop
      vertex -1.42658 8.46352 48
      vertex 0 9.5 37
      vertex -1.42658 8.46352 37
    endloop
  endfacet
  facet normal 0 -1 0
    outer loop
      vertex -0.881678 6.78648 37
      vertex 0.881678 6.78648 48
      vertex -0.881678 6.78648 48
    endloop
  endfacet
  facet normal 0 -1 -0
    outer loop
      vertex 0.881678 6.78648 48
      vertex -0.881678 6.78648 37
      vertex 0.881678 6.78648 37
    endloop
  endfacet
  facet normal 0 -1 0
    outer loop
      vertex -0.881678 6.78648 28
      vertex 0.881678 6.78648 31
      vertex -0.881678 6.78648 31
    endloop
  endfacet
  facet normal 0 -1 -0
    outer loop
      vertex 0.881678 6.78648 31
      vertex -0.881678 6.78648 28
      vertex 0.881678 6.78648 28
    endloop
  endfacet
  facet normal 0 0 -1
    outer loop
      vertex 2.59808 6.5 48
      vertex 1.42658 8.46352 48
      vertex 2.59808 9.5 48
    endloop
  endfacet
  facet normal 0 0 -1
    outer loop
      vertex 2.59808 6.5 48
      vertex 0.881678 6.78648 48
      vertex 1.42658 8.46352 48
    endloop
  endfacet
  facet normal 0 0 -1
    outer loop
      vertex 0 5 48
      vertex 0.881678 6.78648 48
      vertex 2.59808 6.5 48
    endloop
  endfacet
  facet normal 0 0 -1
    outer loop
      vertex 0 5 48
      vertex -0.881678 6.78648 48
      vertex 0.881678 6.78648 48
    endloop
  endfacet
  facet normal -0 0 -1
    outer loop
      vertex -0.881678 6.78648 48
      vertex -2.59808 6.5 48
      vertex -1.42658 8.46352 48
    endloop
  endfacet
  facet normal 0 0 -1
    outer loop
      vertex -2.59808 6.5 48
      vertex -0.881678 6.78648 48
      vertex 0 5 48
    endloop
  endfacet
  facet normal 0 0 -1
    outer loop
      vertex 0 9.5 48
      vertex 2.59808 9.5 48
      vertex 1.42658 8.46352 48
    endloop
  endfacet
  facet normal 0 0 -1
    outer loop
      vertex 0 9.5 48
      vertex 0 11 48
      vertex 2.59808 9.5 48
    endloop
  endfacet
  facet normal 0 0 -1
    outer loop
      vertex -2.59808 9.5 48
      vertex 0 9.5 48
      vertex -1.42658 8.46352 48
    endloop
  endfacet
  facet normal 0 0 -1
    outer loop
      vertex -2.59808 9.5 48
      vertex -1.42658 8.46352 48
      vertex -2.59808 6.5 48
    endloop
  endfacet
  facet normal 0 0 -1
    outer loop
      vertex 0 9.5 48
      vertex -2.59808 9.5 48
      vertex 0 11 48
    endloop
  endfacet
  facet normal 0.587789 0.809015 -0
    outer loop
      vertex 1.42658 8.46352 37
      vertex 0 9.5 48
      vertex 1.42658 8.46352 48
    endloop
  endfacet
  facet normal 0.587789 0.809015 0
    outer loop
      vertex 0 9.5 48
      vertex 1.42658 8.46352 37
      vertex 0 9.5 37
    endloop
  endfacet
  facet normal 1 -0 0
    outer loop
      vertex 2.59808 6.5 51
      vertex 2.59808 9.5 48
      vertex 2.59808 9.5 51
    endloop
  endfacet
  facet normal 1 0 0
    outer loop
      vertex 2.59808 9.5 48
      vertex 2.59808 6.5 51
      vertex 2.59808 6.5 48
    endloop
  endfacet
  facet normal 0.499999 0.866026 -0
    outer loop
      vertex 2.59808 9.5 48
      vertex 0 11 51
      vertex 2.59808 9.5 51
    endloop
  endfacet
  facet normal 0.499999 0.866026 0
    outer loop
      vertex 0 11 51
      vertex 2.59808 9.5 48
      vertex 0 11 48
    endloop
  endfacet
  facet normal -1 0 0
    outer loop
      vertex -2.59808 6.5 48
      vertex -2.59808 9.5 51
      vertex -2.59808 9.5 48
    endloop
  endfacet
  facet normal -1 -0 0
    outer loop
      vertex -2.59808 9.5 51
      vertex -2.59808 6.5 48
      vertex -2.59808 6.5 51
    endloop
  endfacet
  facet normal -0.499999 0.866026 0
    outer loop
      vertex 0 11 48
      vertex -2.59808 9.5 51
      vertex 0 11 51
    endloop
  endfacet
  facet normal -0.499999 0.866026 0
    outer loop
      vertex -2.59808 9.5 51
      vertex 0 11 48
      vertex -2.59808 9.5 48
    endloop
  endfacet
  facet normal -0.499999 -0.866026 0
    outer loop
      vertex -2.59808 6.5 48
      vertex 0 5 51
      vertex -2.59808 6.5 51
    endloop
  endfacet
  facet normal -0.499999 -0.866026 -0
    outer loop
      vertex 0 5 51
      vertex -2.59808 6.5 48
      vertex 0 5 48
    endloop
  endfacet
  facet normal 0.499999 -0.866026 0
    outer loop
      vertex 0 5 48
      vertex 2.59808 6.5 51
      vertex 0 5 51
    endloop
  endfacet
  facet normal 0.499999 -0.866026 0
    outer loop
      vertex 2.59808 6.5 51
      vertex 0 5 48
      vertex 2.59808 6.5 48
    endloop
  endfacet
  facet normal 0 0 1
    outer loop
      vertex 0 11 51
      vertex 2.59808 6.5 51
      vertex 2.59808 9.5 51
    endloop
  endfacet
  facet normal 0 0 1
    outer loop
      vertex 0 11 51
      vertex 0 5 51
      vertex 2.59808 6.5 51
    endloop
  endfacet
  facet normal -0 0 1
    outer loop
      vertex -2.59808 9.5 51
      vertex 0 5 51
      vertex 0 11 51
    endloop
  endfacet
  facet normal 0 0 1
    outer loop
      vertex 0 5 51
      vertex -2.59808 9.5 51
      vertex -2.59808 6.5 51
    endloop
  endfacet
  facet normal 0.309016 0.951057 -0
    outer loop
      vertex -6.78648 0.881678 -25
      vertex -8.46352 1.42658 -14
      vertex -6.78648 0.881678 -14
    endloop
  endfacet
  facet normal 0.309016 0.951057 0
    outer loop
      vertex -8.46352 1.42658 -14
      vertex -6.78648 0.881678 -25
      vertex -8.46352 1.42658 -25
    endloop
  endfacet
  facet normal 0.309016 0.951057 -0
    outer loop
      vertex -6.78648 0.881678 -34
      vertex -8.46352 1.42658 -31
      vertex -6.78648 0.881678 -31
    endloop
  endfacet
  facet normal 0.309016 0.951057 0
    outer loop
      vertex -8.46352 1.42658 -31
      vertex -6.78648 0.881678 -34
      vertex -8.46352 1.42658 -34
    endloop
  endfacet
  facet normal 0.309016 -0.951057 0
    outer loop
      vertex -8.46352 -1.42658 -34
      vertex -6.78648 -0.881678 -31
      vertex -8.46352 -1.42658 -31
    endloop
  endfacet
  facet normal 0.309016 -0.951057 0
    outer loop
      vertex -6.78648 -0.881678 -31
      vertex -8.46352 -1.42658 -34
      vertex -6.78648 -0.881678 -34
    endloop
  endfacet
  facet normal 0.309016 -0.951057 0
    outer loop
      vertex -8.46352 -1.42658 -25
      vertex -6.78648 -0.881678 -14
      vertex -8.46352 -1.42658 -14
    endloop
  endfacet
  facet normal 0.309016 -0.951057 0
    outer loop
      vertex -6.78648 -0.881678 -14
      vertex -8.46352 -1.42658 -25
      vertex -6.78648 -0.881678 -25
    endloop
  endfacet
  facet normal -0.809015 -0.587789 0
    outer loop
      vertex -8.46352 -1.42658 -25
      vertex -9.5 0 -14
      vertex -9.5 0 -25
    endloop
  endfacet
  facet normal -0.809015 -0.587789 0
    outer loop
      vertex -9.5 0 -14
      vertex -8.46352 -1.42658 -25
      vertex -8.46352 -1.42658 -14
    endloop
  endfacet
  facet normal 1 -0 0
    outer loop
      vertex -6.78648 -0.881678 -14
      vertex -6.78648 0.881678 -25
      vertex -6.78648 0.881678 -14
    endloop
  endfacet
  facet normal 1 0 0
    outer loop
      vertex -6.78648 0.881678 -25
      vertex -6.78648 -0.881678 -14
      vertex -6.78648 -0.881678 -25
    endloop
  endfacet
  facet normal 1 -0 0
    outer loop
      vertex -6.78648 -0.881678 -31
      vertex -6.78648 0.881678 -34
      vertex -6.78648 0.881678 -31
    endloop
  endfacet
  facet normal 1 0 0
    outer loop
      vertex -6.78648 0.881678 -34
      vertex -6.78648 -0.881678 -31
      vertex -6.78648 -0.881678 -34
    endloop
  endfacet
  facet normal 0 0 -1
    outer loop
      vertex -6.78648 -0.881678 -14
      vertex -5 0 -14
      vertex -6.5 -2.59808 -14
    endloop
  endfacet
  facet normal 0 0 -1
    outer loop
      vertex -6.78648 0.881678 -14
      vertex -5 0 -14
      vertex -6.78648 -0.881678 -14
    endloop
  endfacet
  facet normal 0 0 -1
    outer loop
      vertex -6.5 -2.59808 -14
      vertex -8.46352 -1.42658 -14
      vertex -6.78648 -0.881678 -14
    endloop
  endfacet
  facet normal 0 0 -1
    outer loop
      vertex -9.5 -2.59808 -14
      vertex -8.46352 -1.42658 -14
      vertex -6.5 -2.59808 -14
    endloop
  endfacet
  facet normal 0 0 -1
    outer loop
      vertex -9.5 -2.59808 -14
      vertex -9.5 0 -14
      vertex -8.46352 -1.42658 -14
    endloop
  endfacet
  facet normal 0 0 -1
    outer loop
      vertex -11 0 -14
      vertex -9.5 0 -14
      vertex -9.5 -2.59808 -14
    endloop
  endfacet
  facet normal 0 0 -1
    outer loop
      vertex -9.5 0 -14
      vertex -11 0 -14
      vertex -9.5 2.59808 -14
    endloop
  endfacet
  facet normal 0 0 -1
    outer loop
      vertex -5 0 -14
      vertex -6.78648 0.881678 -14
      vertex -6.5 2.59808 -14
    endloop
  endfacet
  facet normal 0 0 -1
    outer loop
      vertex -8.46352 1.42658 -14
      vertex -6.5 2.59808 -14
      vertex -6.78648 0.881678 -14
    endloop
  endfacet
  facet normal 0 0 -1
    outer loop
      vertex -8.46352 1.42658 -14
      vertex -9.5 2.59808 -14
      vertex -6.5 2.59808 -14
    endloop
  endfacet
  facet normal 0 0 -1
    outer loop
      vertex -9.5 2.59808 -14
      vertex -8.46352 1.42658 -14
      vertex -9.5 0 -14
    endloop
  endfacet
  facet normal -0.809015 0.587789 0
    outer loop
      vertex -9.5 0 -25
      vertex -8.46352 1.42658 -14
      vertex -8.46352 1.42658 -25
    endloop
  endfacet
  facet normal -0.809015 0.587789 0
    outer loop
      vertex -8.46352 1.42658 -14
      vertex -9.5 0 -25
      vertex -9.5 0 -14
    endloop
  endfacet
  facet normal 0 1 -0
    outer loop
      vertex -6.5 2.59808 -14
      vertex -9.5 2.59808 -11
      vertex -6.5 2.59808 -11
    endloop
  endfacet
  facet normal 0 1 0
    outer loop
      vertex -9.5 2.59808 -11
      vertex -6.5 2.59808 -14
      vertex -9.5 2.59808 -14
    endloop
  endfacet
  facet normal -0.866026 0.499999 0
    outer loop
      vertex -11 0 -14
      vertex -9.5 2.59808 -11
      vertex -9.5 2.59808 -14
    endloop
  endfacet
  facet normal -0.866026 0.499999 0
    outer loop
      vertex -9.5 2.59808 -11
      vertex -11 0 -14
      vertex -11 0 -11
    endloop
  endfacet
  facet normal 0 -1 0
    outer loop
      vertex -9.5 -2.59808 -14
      vertex -6.5 -2.59808 -11
      vertex -9.5 -2.59808 -11
    endloop
  endfacet
  facet normal 0 -1 -0
    outer loop
      vertex -6.5 -2.59808 -11
      vertex -9.5 -2.59808 -14
      vertex -6.5 -2.59808 -14
    endloop
  endfacet
  facet normal -0.866026 -0.499999 0
    outer loop
      vertex -9.5 -2.59808 -14
      vertex -11 0 -11
      vertex -11 0 -14
    endloop
  endfacet
  facet normal -0.866026 -0.499999 0
    outer loop
      vertex -11 0 -11
      vertex -9.5 -2.59808 -14
      vertex -9.5 -2.59808 -11
    endloop
  endfacet
  facet normal 0.866026 -0.499999 0
    outer loop
      vertex -6.5 -2.59808 -11
      vertex -5 0 -14
      vertex -5 0 -11
    endloop
  endfacet
  facet normal 0.866026 -0.499999 0
    outer loop
      vertex -5 0 -14
      vertex -6.5 -2.59808 -11
      vertex -6.5 -2.59808 -14
    endloop
  endfacet
  facet normal 0.866026 0.499999 0
    outer loop
      vertex -5 0 -11
      vertex -6.5 2.59808 -14
      vertex -6.5 2.59808 -11
    endloop
  endfacet
  facet normal 0.866026 0.499999 0
    outer loop
      vertex -6.5 2.59808 -14
      vertex -5 0 -11
      vertex -5 0 -14
    endloop
  endfacet
  facet normal 0 0 1
    outer loop
      vertex -6.5 2.59808 -11
      vertex -6.5 -2.59808 -11
      vertex -5 0 -11
    endloop
  endfacet
  facet normal -0 0 1
    outer loop
      vertex -9.5 2.59808 -11
      vertex -6.5 -2.59808 -11
      vertex -6.5 2.59808 -11
    endloop
  endfacet
  facet normal 0 0 1
    outer loop
      vertex -9.5 2.59808 -11
      vertex -9.5 -2.59808 -11
      vertex -6.5 -2.59808 -11
    endloop
  endfacet
  facet normal 0 -0 1
    outer loop
      vertex -9.5 -2.59808 -11
      vertex -9.5 2.59808 -11
      vertex -11 0 -11
    endloop
  endfacet
  facet normal 0.309016 0.951057 -0
    outer loop
      vertex -6.78648 0.881678 37
      vertex -8.46352 1.42658 48
      vertex -6.78648 0.881678 48
    endloop
  endfacet
  facet normal 0.309016 0.951057 0
    outer loop
      vertex -8.46352 1.42658 48
      vertex -6.78648 0.881678 37
      vertex -8.46352 1.42658 37
    endloop
  endfacet
  facet normal 0.309016 0.951057 -0
    outer loop
      vertex -6.78648 0.881678 28
      vertex -8.46352 1.42658 31
      vertex -6.78648 0.881678 31
    endloop
  endfacet
  facet normal 0.309016 0.951057 0
    outer loop
      vertex -8.46352 1.42658 31
      vertex -6.78648 0.881678 28
      vertex -8.46352 1.42658 28
    endloop
  endfacet
  facet normal 0.309016 -0.951057 0
    outer loop
      vertex -8.46352 -1.42658 28
      vertex -6.78648 -0.881678 31
      vertex -8.46352 -1.42658 31
    endloop
  endfacet
  facet normal 0.309016 -0.951057 0
    outer loop
      vertex -6.78648 -0.881678 31
      vertex -8.46352 -1.42658 28
      vertex -6.78648 -0.881678 28
    endloop
  endfacet
  facet normal 0.309016 -0.951057 0
    outer loop
      vertex -8.46352 -1.42658 37
      vertex -6.78648 -0.881678 48
      vertex -8.46352 -1.42658 48
    endloop
  endfacet
  facet normal 0.309016 -0.951057 0
    outer loop
      vertex -6.78648 -0.881678 48
      vertex -8.46352 -1.42658 37
      vertex -6.78648 -0.881678 37
    endloop
  endfacet
  facet normal -0.809015 -0.587789 0
    outer loop
      vertex -8.46352 -1.42658 37
      vertex -9.5 0 48
      vertex -9.5 0 37
    endloop
  endfacet
  facet normal -0.809015 -0.587789 0
    outer loop
      vertex -9.5 0 48
      vertex -8.46352 -1.42658 37
      vertex -8.46352 -1.42658 48
    endloop
  endfacet
  facet normal 1 -0 0
    outer loop
      vertex -6.78648 -0.881678 48
      vertex -6.78648 0.881678 37
      vertex -6.78648 0.881678 48
    endloop
  endfacet
  facet normal 1 0 0
    outer loop
      vertex -6.78648 0.881678 37
      vertex -6.78648 -0.881678 48
      vertex -6.78648 -0.881678 37
    endloop
  endfacet
  facet normal 1 -0 0
    outer loop
      vertex -6.78648 -0.881678 31
      vertex -6.78648 0.881678 28
      vertex -6.78648 0.881678 31
    endloop
  endfacet
  facet normal 1 0 0
    outer loop
      vertex -6.78648 0.881678 28
      vertex -6.78648 -0.881678 31
      vertex -6.78648 -0.881678 28
    endloop
  endfacet
  facet normal 0 0 -1
    outer loop
      vertex -6.78648 -0.881678 48
      vertex -5 0 48
      vertex -6.5 -2.59808 48
    endloop
  endfacet
  facet normal 0 0 -1
    outer loop
      vertex -6.78648 0.881678 48
      vertex -5 0 48
      vertex -6.78648 -0.881678 48
    endloop
  endfacet
  facet normal 0 0 -1
    outer loop
      vertex -6.5 -2.59808 48
      vertex -8.46352 -1.42658 48
      vertex -6.78648 -0.881678 48
    endloop
  endfacet
  facet normal 0 0 -1
    outer loop
      vertex -9.5 -2.59808 48
      vertex -8.46352 -1.42658 48
      vertex -6.5 -2.59808 48
    endloop
  endfacet
  facet normal 0 0 -1
    outer loop
      vertex -9.5 -2.59808 48
      vertex -9.5 0 48
      vertex -8.46352 -1.42658 48
    endloop
  endfacet
  facet normal 0 0 -1
    outer loop
      vertex -11 0 48
      vertex -9.5 0 48
      vertex -9.5 -2.59808 48
    endloop
  endfacet
  facet normal 0 0 -1
    outer loop
      vertex -9.5 0 48
      vertex -11 0 48
      vertex -9.5 2.59808 48
    endloop
  endfacet
  facet normal 0 0 -1
    outer loop
      vertex -5 0 48
      vertex -6.78648 0.881678 48
      vertex -6.5 2.59808 48
    endloop
  endfacet
  facet normal 0 0 -1
    outer loop
      vertex -8.46352 1.42658 48
      vertex -6.5 2.59808 48
      vertex -6.78648 0.881678 48
    endloop
  endfacet
  facet normal 0 0 -1
    outer loop
      vertex -8.46352 1.42658 48
      vertex -9.5 2.59808 48
      vertex -6.5 2.59808 48
    endloop
  endfacet
  facet normal 0 0 -1
    outer loop
      vertex -9.5 2.59808 48
      vertex -8.46352 1.42658 48
      vertex -9.5 0 48
    endloop
  endfacet
  facet normal -0.809015 0.587789 0
    outer loop
      vertex -9.5 0 37
      vertex -8.46352 1.42658 48
      vertex -8.46352 1.42658 37
    endloop
  endfacet
  facet normal -0.809015 0.587789 0
    outer loop
      vertex -8.46352 1.42658 48
      vertex -9.5 0 37
      vertex -9.5 0 48
    endloop
  endfacet
  facet normal 0 1 -0
    outer loop
      vertex -6.5 2.59808 48
      vertex -9.5 2.59808 51
      vertex -6.5 2.59808 51
    endloop
  endfacet
  facet normal 0 1 0
    outer loop
      vertex -9.5 2.59808 51
      vertex -6.5 2.59808 48
      vertex -9.5 2.59808 48
    endloop
  endfacet
  facet normal -0.866026 0.499999 0
    outer loop
      vertex -11 0 48
      vertex -9.5 2.59808 51
      vertex -9.5 2.59808 48
    endloop
  endfacet
  facet normal -0.866026 0.499999 0
    outer loop
      vertex -9.5 2.59808 51
      vertex -11 0 48
      vertex -11 0 51
    endloop
  endfacet
  facet normal 0 -1 0
    outer loop
      vertex -9.5 -2.59808 48
      vertex -6.5 -2.59808 51
      vertex -9.5 -2.59808 51
    endloop
  endfacet
  facet normal 0 -1 -0
    outer loop
      vertex -6.5 -2.59808 51
      vertex -9.5 -2.59808 48
      vertex -6.5 -2.59808 48
    endloop
  endfacet
  facet normal -0.866026 -0.499999 0
    outer loop
      vertex -9.5 -2.59808 48
      vertex -11 0 51
      vertex -11 0 48
    endloop
  endfacet
  facet normal -0.866026 -0.499999 0
    outer loop
      vertex -11 0 51
      vertex -9.5 -2.59808 48
      vertex -9.5 -2.59808 51
    endloop
  endfacet
  facet normal 0.866026 -0.499999 0
    outer loop
      vertex -6.5 -2.59808 51
      vertex -5 0 48
      vertex -5 0 51
    endloop
  endfacet
  facet normal 0.866026 -0.499999 0
    outer loop
      vertex -5 0 48
      vertex -6.5 -2.59808 51
      vertex -6.5 -2.59808 48
    endloop
  endfacet
  facet normal 0.866026 0.499999 0
    outer loop
      vertex -5 0 51
      vertex -6.5 2.59808 48
      vertex -6.5 2.59808 51
    endloop
  endfacet
  facet normal 0.866026 0.499999 0
    outer loop
      vertex -6.5 2.59808 48
      vertex -5 0 51
      vertex -5 0 48
    endloop
  endfacet
  facet normal 0 0 1
    outer loop
      vertex -6.5 2.59808 51
      vertex -6.5 -2.59808 51
      vertex -5 0 51
    endloop
  endfacet
  facet normal -0 0 1
    outer loop
      vertex -9.5 2.59808 51
      vertex -6.5 -2.59808 51
      vertex -6.5 2.59808 51
    endloop
  endfacet
  facet normal 0 0 1
    outer loop
      vertex -9.5 2.59808 51
      vertex -9.5 -2.59808 51
      vertex -6.5 -2.59808 51
    endloop
  endfacet
  facet normal 0 -0 1
    outer loop
      vertex -9.5 -2.59808 51
      vertex -9.5 2.59808 51
      vertex -11 0 51
    endloop
  endfacet
  facet normal -0.951057 0.309016 0
    outer loop
      vertex -1.42658 -8.46352 -25
      vertex -0.881678 -6.78648 -14
      vertex -0.881678 -6.78648 -25
    endloop
  endfacet
  facet normal -0.951057 0.309016 0
    outer loop
      vertex -0.881678 -6.78648 -14
      vertex -1.42658 -8.46352 -25
      vertex -1.42658 -8.46352 -14
    endloop
  endfacet
  facet normal -0.951057 0.309016 0
    outer loop
      vertex -1.42658 -8.46352 -34
      vertex -0.881678 -6.78648 -31
      vertex -0.881678 -6.78648 -34
    endloop
  endfacet
  facet normal -0.951057 0.309016 0
    outer loop
      vertex -0.881678 -6.78648 -31
      vertex -1.42658 -8.46352 -34
      vertex -1.42658 -8.46352 -31
    endloop
  endfacet
  facet normal 0.951057 0.309016 0
    outer loop
      vertex 1.42658 -8.46352 -31
      vertex 0.881678 -6.78648 -34
      vertex 0.881678 -6.78648 -31
    endloop
  endfacet
  facet normal 0.951057 0.309016 0
    outer loop
      vertex 0.881678 -6.78648 -34
      vertex 1.42658 -8.46352 -31
      vertex 1.42658 -8.46352 -34
    endloop
  endfacet
  facet normal 0.951057 0.309016 0
    outer loop
      vertex 1.42658 -8.46352 -14
      vertex 0.881678 -6.78648 -25
      vertex 0.881678 -6.78648 -14
    endloop
  endfacet
  facet normal 0.951057 0.309016 0
    outer loop
      vertex 0.881678 -6.78648 -25
      vertex 1.42658 -8.46352 -14
      vertex 1.42658 -8.46352 -25
    endloop
  endfacet
  facet normal 0.587789 -0.809015 0
    outer loop
      vertex 0 -9.5 -25
      vertex 1.42658 -8.46352 -14
      vertex 0 -9.5 -14
    endloop
  endfacet
  facet normal 0.587789 -0.809015 0
    outer loop
      vertex 1.42658 -8.46352 -14
      vertex 0 -9.5 -25
      vertex 1.42658 -8.46352 -25
    endloop
  endfacet
  facet normal 0 1 -0
    outer loop
      vertex 0.881678 -6.78648 -25
      vertex -0.881678 -6.78648 -14
      vertex 0.881678 -6.78648 -14
    endloop
  endfacet
  facet normal 0 1 0
    outer loop
      vertex -0.881678 -6.78648 -14
      vertex 0.881678 -6.78648 -25
      vertex -0.881678 -6.78648 -25
    endloop
  endfacet
  facet normal 0 1 -0
    outer loop
      vertex 0.881678 -6.78648 -34
      vertex -0.881678 -6.78648 -31
      vertex 0.881678 -6.78648 -31
    endloop
  endfacet
  facet normal 0 1 0
    outer loop
      vertex -0.881678 -6.78648 -31
      vertex 0.881678 -6.78648 -34
      vertex -0.881678 -6.78648 -34
    endloop
  endfacet
  facet normal 0 0 -1
    outer loop
      vertex 2.59808 -9.5 -14
      vertex 1.42658 -8.46352 -14
      vertex 2.59808 -6.5 -14
    endloop
  endfacet
  facet normal 0 0 -1
    outer loop
      vertex 0 -9.5 -14
      vertex 2.59808 -9.5 -14
      vertex 0 -11 -14
    endloop
  endfacet
  facet normal 0 0 -1
    outer loop
      vertex 2.59808 -9.5 -14
      vertex 0 -9.5 -14
      vertex 1.42658 -8.46352 -14
    endloop
  endfacet
  facet normal 0 0 -1
    outer loop
      vertex -2.59808 -9.5 -14
      vertex 0 -9.5 -14
      vertex 0 -11 -14
    endloop
  endfacet
  facet normal 0 0 -1
    outer loop
      vertex 0 -9.5 -14
      vertex -2.59808 -9.5 -14
      vertex -1.42658 -8.46352 -14
    endloop
  endfacet
  facet normal 0 0 -1
    outer loop
      vertex 0.881678 -6.78648 -14
      vertex 2.59808 -6.5 -14
      vertex 1.42658 -8.46352 -14
    endloop
  endfacet
  facet normal 0 0 -1
    outer loop
      vertex 0.881678 -6.78648 -14
      vertex 0 -5 -14
      vertex 2.59808 -6.5 -14
    endloop
  endfacet
  facet normal 0 0 -1
    outer loop
      vertex -0.881678 -6.78648 -14
      vertex 0 -5 -14
      vertex 0.881678 -6.78648 -14
    endloop
  endfacet
  facet normal 0 0 -1
    outer loop
      vertex -2.59808 -6.5 -14
      vertex -1.42658 -8.46352 -14
      vertex -2.59808 -9.5 -14
    endloop
  endfacet
  facet normal 0 0 -1
    outer loop
      vertex -1.42658 -8.46352 -14
      vertex -2.59808 -6.5 -14
      vertex -0.881678 -6.78648 -14
    endloop
  endfacet
  facet normal 0 0 -1
    outer loop
      vertex -0.881678 -6.78648 -14
      vertex -2.59808 -6.5 -14
      vertex 0 -5 -14
    endloop
  endfacet
  facet normal -0.587789 -0.809015 0
    outer loop
      vertex -1.42658 -8.46352 -25
      vertex 0 -9.5 -14
      vertex -1.42658 -8.46352 -14
    endloop
  endfacet
  facet normal -0.587789 -0.809015 -0
    outer loop
      vertex 0 -9.5 -14
      vertex -1.42658 -8.46352 -25
      vertex 0 -9.5 -25
    endloop
  endfacet
  facet normal -1 0 0
    outer loop
      vertex -2.59808 -9.5 -14
      vertex -2.59808 -6.5 -11
      vertex -2.59808 -6.5 -14
    endloop
  endfacet
  facet normal -1 -0 0
    outer loop
      vertex -2.59808 -6.5 -11
      vertex -2.59808 -9.5 -14
      vertex -2.59808 -9.5 -11
    endloop
  endfacet
  facet normal -0.499999 -0.866026 0
    outer loop
      vertex -2.59808 -9.5 -14
      vertex 0 -11 -11
      vertex -2.59808 -9.5 -11
    endloop
  endfacet
  facet normal -0.499999 -0.866026 -0
    outer loop
      vertex 0 -11 -11
      vertex -2.59808 -9.5 -14
      vertex 0 -11 -14
    endloop
  endfacet
  facet normal 1 -0 0
    outer loop
      vertex 2.59808 -9.5 -11
      vertex 2.59808 -6.5 -14
      vertex 2.59808 -6.5 -11
    endloop
  endfacet
  facet normal 1 0 0
    outer loop
      vertex 2.59808 -6.5 -14
      vertex 2.59808 -9.5 -11
      vertex 2.59808 -9.5 -14
    endloop
  endfacet
  facet normal 0.499999 -0.866026 0
    outer loop
      vertex 0 -11 -14
      vertex 2.59808 -9.5 -11
      vertex 0 -11 -11
    endloop
  endfacet
  facet normal 0.499999 -0.866026 0
    outer loop
      vertex 2.59808 -9.5 -11
      vertex 0 -11 -14
      vertex 2.59808 -9.5 -14
    endloop
  endfacet
  facet normal 0.499999 0.866026 -0
    outer loop
      vertex 2.59808 -6.5 -14
      vertex 0 -5 -11
      vertex 2.59808 -6.5 -11
    endloop
  endfacet
  facet normal 0.499999 0.866026 0
    outer loop
      vertex 0 -5 -11
      vertex 2.59808 -6.5 -14
      vertex 0 -5 -14
    endloop
  endfacet
  facet normal -0.499999 0.866026 0
    outer loop
      vertex 0 -5 -14
      vertex -2.59808 -6.5 -11
      vertex 0 -5 -11
    endloop
  endfacet
  facet normal -0.499999 0.866026 0
    outer loop
      vertex -2.59808 -6.5 -11
      vertex 0 -5 -14
      vertex -2.59808 -6.5 -14
    endloop
  endfacet
  facet normal 0 0 1
    outer loop
      vertex 0 -5 -11
      vertex 2.59808 -9.5 -11
      vertex 2.59808 -6.5 -11
    endloop
  endfacet
  facet normal 0 0 1
    outer loop
      vertex 0 -5 -11
      vertex 0 -11 -11
      vertex 2.59808 -9.5 -11
    endloop
  endfacet
  facet normal -0 0 1
    outer loop
      vertex -2.59808 -6.5 -11
      vertex 0 -11 -11
      vertex 0 -5 -11
    endloop
  endfacet
  facet normal 0 0 1
    outer loop
      vertex 0 -11 -11
      vertex -2.59808 -6.5 -11
      vertex -2.59808 -9.5 -11
    endloop
  endfacet
  facet normal -0.951057 0.309016 0
    outer loop
      vertex -1.42658 -8.46352 37
      vertex -0.881678 -6.78648 48
      vertex -0.881678 -6.78648 37
    endloop
  endfacet
  facet normal -0.951057 0.309016 0
    outer loop
      vertex -0.881678 -6.78648 48
      vertex -1.42658 -8.46352 37
      vertex -1.42658 -8.46352 48
    endloop
  endfacet
  facet normal -0.951057 0.309016 0
    outer loop
      vertex -1.42658 -8.46352 28
      vertex -0.881678 -6.78648 31
      vertex -0.881678 -6.78648 28
    endloop
  endfacet
  facet normal -0.951057 0.309016 0
    outer loop
      vertex -0.881678 -6.78648 31
      vertex -1.42658 -8.46352 28
      vertex -1.42658 -8.46352 31
    endloop
  endfacet
  facet normal 0.951057 0.309016 0
    outer loop
      vertex 1.42658 -8.46352 31
      vertex 0.881678 -6.78648 28
      vertex 0.881678 -6.78648 31
    endloop
  endfacet
  facet normal 0.951057 0.309016 0
    outer loop
      vertex 0.881678 -6.78648 28
      vertex 1.42658 -8.46352 31
      vertex 1.42658 -8.46352 28
    endloop
  endfacet
  facet normal 0.951057 0.309016 0
    outer loop
      vertex 1.42658 -8.46352 48
      vertex 0.881678 -6.78648 37
      vertex 0.881678 -6.78648 48
    endloop
  endfacet
  facet normal 0.951057 0.309016 0
    outer loop
      vertex 0.881678 -6.78648 37
      vertex 1.42658 -8.46352 48
      vertex 1.42658 -8.46352 37
    endloop
  endfacet
  facet normal 0.587789 -0.809015 0
    outer loop
      vertex 0 -9.5 37
      vertex 1.42658 -8.46352 48
      vertex 0 -9.5 48
    endloop
  endfacet
  facet normal 0.587789 -0.809015 0
    outer loop
      vertex 1.42658 -8.46352 48
      vertex 0 -9.5 37
      vertex 1.42658 -8.46352 37
    endloop
  endfacet
  facet normal 0 1 -0
    outer loop
      vertex 0.881678 -6.78648 37
      vertex -0.881678 -6.78648 48
      vertex 0.881678 -6.78648 48
    endloop
  endfacet
  facet normal 0 1 0
    outer loop
      vertex -0.881678 -6.78648 48
      vertex 0.881678 -6.78648 37
      vertex -0.881678 -6.78648 37
    endloop
  endfacet
  facet normal 0 1 -0
    outer loop
      vertex 0.881678 -6.78648 28
      vertex -0.881678 -6.78648 31
      vertex 0.881678 -6.78648 31
    endloop
  endfacet
  facet normal 0 1 0
    outer loop
      vertex -0.881678 -6.78648 31
      vertex 0.881678 -6.78648 28
      vertex -0.881678 -6.78648 28
    endloop
  endfacet
  facet normal 0 0 -1
    outer loop
      vertex 2.59808 -9.5 48
      vertex 1.42658 -8.46352 48
      vertex 2.59808 -6.5 48
    endloop
  endfacet
  facet normal 0 0 -1
    outer loop
      vertex 0 -9.5 48
      vertex 2.59808 -9.5 48
      vertex 0 -11 48
    endloop
  endfacet
  facet normal 0 0 -1
    outer loop
      vertex 2.59808 -9.5 48
      vertex 0 -9.5 48
      vertex 1.42658 -8.46352 48
    endloop
  endfacet
  facet normal 0 0 -1
    outer loop
      vertex -2.59808 -9.5 48
      vertex 0 -9.5 48
      vertex 0 -11 48
    endloop
  endfacet
  facet normal 0 0 -1
    outer loop
      vertex 0 -9.5 48
      vertex -2.59808 -9.5 48
      vertex -1.42658 -8.46352 48
    endloop
  endfacet
  facet normal 0 0 -1
    outer loop
      vertex 0.881678 -6.78648 48
      vertex 2.59808 -6.5 48
      vertex 1.42658 -8.46352 48
    endloop
  endfacet
  facet normal 0 0 -1
    outer loop
      vertex 0.881678 -6.78648 48
      vertex 0 -5 48
      vertex 2.59808 -6.5 48
    endloop
  endfacet
  facet normal 0 0 -1
    outer loop
      vertex -0.881678 -6.78648 48
      vertex 0 -5 48
      vertex 0.881678 -6.78648 48
    endloop
  endfacet
  facet normal 0 0 -1
    outer loop
      vertex -2.59808 -6.5 48
      vertex -1.42658 -8.46352 48
      vertex -2.59808 -9.5 48
    endloop
  endfacet
  facet normal 0 0 -1
    outer loop
      vertex -1.42658 -8.46352 48
      vertex -2.59808 -6.5 48
      vertex -0.881678 -6.78648 48
    endloop
  endfacet
  facet normal 0 0 -1
    outer loop
      vertex -0.881678 -6.78648 48
      vertex -2.59808 -6.5 48
      vertex 0 -5 48
    endloop
  endfacet
  facet normal -0.587789 -0.809015 0
    outer loop
      vertex -1.42658 -8.46352 37
      vertex 0 -9.5 48
      vertex -1.42658 -8.46352 48
    endloop
  endfacet
  facet normal -0.587789 -0.809015 -0
    outer loop
      vertex 0 -9.5 48
      vertex -1.42658 -8.46352 37
      vertex 0 -9.5 37
    endloop
  endfacet
  facet normal -1 0 0
    outer loop
      vertex -2.59808 -9.5 48
      vertex -2.59808 -6.5 51
      vertex -2.59808 -6.5 48
    endloop
  endfacet
  facet normal -1 -0 0
    outer loop
      vertex -2.59808 -6.5 51
      vertex -2.59808 -9.5 48
      vertex -2.59808 -9.5 51
    endloop
  endfacet
  facet normal -0.499999 -0.866026 0
    outer loop
      vertex -2.59808 -9.5 48
      vertex 0 -11 51
      vertex -2.59808 -9.5 51
    endloop
  endfacet
  facet normal -0.499999 -0.866026 -0
    outer loop
      vertex 0 -11 51
      vertex -2.59808 -9.5 48
      vertex 0 -11 48
    endloop
  endfacet
  facet normal 1 -0 0
    outer loop
      vertex 2.59808 -9.5 51
      vertex 2.59808 -6.5 48
      vertex 2.59808 -6.5 51
    endloop
  endfacet
  facet normal 1 0 0
    outer loop
      vertex 2.59808 -6.5 48
      vertex 2.59808 -9.5 51
      vertex 2.59808 -9.5 48
    endloop
  endfacet
  facet normal 0.499999 -0.866026 0
    outer loop
      vertex 0 -11 48
      vertex 2.59808 -9.5 51
      vertex 0 -11 51
    endloop
  endfacet
  facet normal 0.499999 -0.866026 0
    outer loop
      vertex 2.59808 -9.5 51
      vertex 0 -11 48
      vertex 2.59808 -9.5 48
    endloop
  endfacet
  facet normal 0.499999 0.866026 -0
    outer loop
      vertex 2.59808 -6.5 48
      vertex 0 -5 51
      vertex 2.59808 -6.5 51
    endloop
  endfacet
  facet normal 0.499999 0.866026 0
    outer loop
      vertex 0 -5 51
      vertex 2.59808 -6.5 48
      vertex 0 -5 48
    endloop
  endfacet
  facet normal -0.499999 0.866026 0
    outer loop
      vertex 0 -5 48
      vertex -2.59808 -6.5 51
      vertex 0 -5 51
    endloop
  endfacet
  facet normal -0.499999 0.866026 0
    outer loop
      vertex -2.59808 -6.5 51
      vertex 0 -5 48
      vertex -2.59808 -6.5 48
    endloop
  endfacet
  facet normal 0 0 1
    outer loop
      vertex 0 -5 51
      vertex 2.59808 -9.5 51
      vertex 2.59808 -6.5 51
    endloop
  endfacet
  facet normal 0 0 1
    outer loop
      vertex 0 -5 51
      vertex 0 -11 51
      vertex 2.59808 -9.5 51
    endloop
  endfacet
  facet normal -0 0 1
    outer loop
      vertex -2.59808 -6.5 51
      vertex 0 -11 51
      vertex 0 -5 51
    endloop
  endfacet
  facet normal 0 0 1
    outer loop
      vertex 0 -11 51
      vertex -2.59808 -6.5 51
      vertex -2.59808 -9.5 51
    endloop
  endfacet
  facet normal 0 0 1
    outer loop
      vertex 4.6194 1.91342 25
      vertex 4.6194 -1.91342 25
      vertex 5 0 25
    endloop
  endfacet
  facet normal 0 0 1
    outer loop
      vertex 3.53553 3.53553 25
      vertex 4.6194 -1.91342 25
      vertex 4.6194 1.91342 25
    endloop
  endfacet
  facet normal 0 0 1
    outer loop
      vertex 3.53553 3.53553 25
      vertex 3.53553 -3.53553 25
      vertex 4.6194 -1.91342 25
    endloop
  endfacet
  facet normal 0 0 1
    outer loop
      vertex 1.91342 4.6194 25
      vertex 3.53553 -3.53553 25
      vertex 3.53553 3.53553 25
    endloop
  endfacet
  facet normal 0 0 1
    outer loop
      vertex 1.91342 4.6194 25
      vertex 1.91342 -4.6194 25
      vertex 3.53553 -3.53553 25
    endloop
  endfacet
  facet normal 0 0 1
    outer loop
      vertex 0 5 25
      vertex 1.91342 -4.6194 25
      vertex 1.91342 4.6194 25
    endloop
  endfacet
  facet normal 0 0 1
    outer loop
      vertex 0 5 25
      vertex 0 -5 25
      vertex 1.91342 -4.6194 25
    endloop
  endfacet
  facet normal -0 0 1
    outer loop
      vertex -1.91342 4.6194 25
      vertex 0 -5 25
      vertex 0 5 25
    endloop
  endfacet
  facet normal 0 0 1
    outer loop
      vertex -1.91342 4.6194 25
      vertex -1.91342 -4.6194 25
      vertex 0 -5 25
    endloop
  endfacet
  facet normal -0 0 1
    outer loop
      vertex -3.53553 3.53553 25
      vertex -1.91342 -4.6194 25
      vertex -1.91342 4.6194 25
    endloop
  endfacet
  facet normal 0 0 1
    outer loop
      vertex -3.53553 3.53553 25
      vertex -3.53553 -3.53553 25
      vertex -1.91342 -4.6194 25
    endloop
  endfacet
  facet normal -0 0 1
    outer loop
      vertex -4.6194 1.91342 25
      vertex -3.53553 -3.53553 25
      vertex -3.53553 3.53553 25
    endloop
  endfacet
  facet normal 0 0 1
    outer loop
      vertex -4.6194 1.91342 25
      vertex -4.6194 -1.91342 25
      vertex -3.53553 -3.53553 25
    endloop
  endfacet
  facet normal 0 -0 1
    outer loop
      vertex -4.6194 -1.91342 25
      vertex -4.6194 1.91342 25
      vertex -5 0 25
    endloop
  endfacet
endsolid OpenSCAD_Model
