solid OpenSCAD_Model
  facet normal -0.382687 0.923878 0
    outer loop
      vertex 25 2.5 81.5
      vertex 24.7482 2.3957 93
      vertex 25 2.5 93
    endloop
  endfacet
  facet normal -0.382687 0.923878 0
    outer loop
      vertex 24.7482 2.3957 93
      vertex 25 2.5 81.5
      vertex 24.7482 2.3957 81.5
    endloop
  endfacet
  facet normal -0.382676 0.923883 0
    outer loop
      vertex 25 2.5 65
      vertex 23.2322 1.76777 72.5
      vertex 25 2.5 72.5
    endloop
  endfacet
  facet normal -0.382676 0.923883 0
    outer loop
      vertex 23.2322 1.76777 72.5
      vertex 25 2.5 65
      vertex 23.2322 1.76777 65
    endloop
  endfacet
  facet normal 0.382674 -0.923883 0
    outer loop
      vertex 23.2322 1.76777 97
      vertex 24.7482 2.3957 110
      vertex 23.2322 1.76777 110
    endloop
  endfacet
  facet normal 0.382674 -0.923883 0
    outer loop
      vertex 24.7482 2.3957 110
      vertex 23.2322 1.76777 97
      vertex 24.7482 2.3957 97
    endloop
  endfacet
  facet normal -0.923886 0.382668 0
    outer loop
      vertex 22.5 0 65
      vertex 23.2322 1.76777 72.5
      vertex 23.2322 1.76777 65
    endloop
  endfacet
  facet normal -0.923886 0.382668 0
    outer loop
      vertex 23.2322 1.76777 72.5
      vertex 22.5 0 65
      vertex 22.5 0 72.5
    endloop
  endfacet
  facet normal 0.923886 -0.382668 0
    outer loop
      vertex 22.5 0 110
      vertex 23.2322 1.76777 97
      vertex 23.2322 1.76777 110
    endloop
  endfacet
  facet normal 0.923886 -0.382668 0
    outer loop
      vertex 23.2322 1.76777 97
      vertex 22.5 0 110
      vertex 22.5 0 97
    endloop
  endfacet
  facet normal -0.382687 -0.923878 0
    outer loop
      vertex 24.7482 -2.3957 81.5
      vertex 25 -2.5 93
      vertex 24.7482 -2.3957 93
    endloop
  endfacet
  facet normal -0.382687 -0.923878 -0
    outer loop
      vertex 25 -2.5 93
      vertex 24.7482 -2.3957 81.5
      vertex 25 -2.5 81.5
    endloop
  endfacet
  facet normal -0.382676 -0.923883 0
    outer loop
      vertex 23.2322 -1.76777 65
      vertex 25 -2.5 72.5
      vertex 23.2322 -1.76777 72.5
    endloop
  endfacet
  facet normal -0.382676 -0.923883 -0
    outer loop
      vertex 25 -2.5 72.5
      vertex 23.2322 -1.76777 65
      vertex 25 -2.5 65
    endloop
  endfacet
  facet normal 0.382674 0.923883 -0
    outer loop
      vertex 24.7482 -2.3957 97
      vertex 23.2322 -1.76777 110
      vertex 24.7482 -2.3957 110
    endloop
  endfacet
  facet normal 0.382674 0.923883 0
    outer loop
      vertex 23.2322 -1.76777 110
      vertex 24.7482 -2.3957 97
      vertex 23.2322 -1.76777 97
    endloop
  endfacet
  facet normal -0.923886 -0.382668 0
    outer loop
      vertex 23.2322 -1.76777 65
      vertex 22.5 0 72.5
      vertex 22.5 0 65
    endloop
  endfacet
  facet normal -0.923886 -0.382668 0
    outer loop
      vertex 22.5 0 72.5
      vertex 23.2322 -1.76777 65
      vertex 23.2322 -1.76777 72.5
    endloop
  endfacet
  facet normal 0.923886 0.382668 0
    outer loop
      vertex 23.2322 -1.76777 110
      vertex 22.5 0 97
      vertex 22.5 0 110
    endloop
  endfacet
  facet normal 0.923886 0.382668 0
    outer loop
      vertex 22.5 0 97
      vertex 23.2322 -1.76777 110
      vertex 23.2322 -1.76777 97
    endloop
  endfacet
  facet normal 0.923876 -0.382693 0
    outer loop
      vertex 14.4217 20.2545 93
      vertex 15 21.6506 81.5
      vertex 15 21.6506 93
    endloop
  endfacet
  facet normal 0.923876 -0.382693 0
    outer loop
      vertex 15 21.6506 81.5
      vertex 14.4217 20.2545 93
      vertex 14.4217 20.2545 81.5
    endloop
  endfacet
  facet normal 0.923881 -0.382681 0
    outer loop
      vertex 14.2678 19.8829 72.5
      vertex 15 21.6506 65
      vertex 15 21.6506 72.5
    endloop
  endfacet
  facet normal 0.923881 -0.382681 0
    outer loop
      vertex 15 21.6506 65
      vertex 14.2678 19.8829 72.5
      vertex 14.2678 19.8829 65
    endloop
  endfacet
  facet normal -0.923899 0.382637 0
    outer loop
      vertex 14.2678 19.8829 97
      vertex 14.4217 20.2545 110
      vertex 14.4217 20.2545 97
    endloop
  endfacet
  facet normal -0.923899 0.382637 0
    outer loop
      vertex 14.4217 20.2545 110
      vertex 14.2678 19.8829 97
      vertex 14.2678 19.8829 110
    endloop
  endfacet
  facet normal -0.923907 0.382618 0
    outer loop
      vertex 10.3893 22.5904 81.5
      vertex 10.7322 23.4184 93
      vertex 10.7322 23.4184 81.5
    endloop
  endfacet
  facet normal -0.923907 0.382618 0
    outer loop
      vertex 10.7322 23.4184 93
      vertex 10.3893 22.5904 81.5
      vertex 10.3893 22.5904 93
    endloop
  endfacet
  facet normal -0.923888 0.382663 0
    outer loop
      vertex 10 21.6506 65
      vertex 10.7322 23.4184 72.5
      vertex 10.7322 23.4184 65
    endloop
  endfacet
  facet normal -0.923888 0.382663 0
    outer loop
      vertex 10.7322 23.4184 72.5
      vertex 10 21.6506 65
      vertex 10 21.6506 72.5
    endloop
  endfacet
  facet normal 0.923872 -0.382702 0
    outer loop
      vertex 10 21.6506 110
      vertex 10.3893 22.5904 97
      vertex 10.3893 22.5904 110
    endloop
  endfacet
  facet normal 0.923872 -0.382702 0
    outer loop
      vertex 10.3893 22.5904 97
      vertex 10 21.6506 110
      vertex 10 21.6506 97
    endloop
  endfacet
  facet normal -0.382707 -0.92387 0
    outer loop
      vertex 10.7322 19.8829 65
      vertex 12.5 19.1506 72.5
      vertex 10.7322 19.8829 72.5
    endloop
  endfacet
  facet normal -0.382707 -0.92387 -0
    outer loop
      vertex 12.5 19.1506 72.5
      vertex 10.7322 19.8829 65
      vertex 12.5 19.1506 65
    endloop
  endfacet
  facet normal 0.382707 0.92387 -0
    outer loop
      vertex 12.5 19.1506 97
      vertex 10.7322 19.8829 110
      vertex 12.5 19.1506 110
    endloop
  endfacet
  facet normal 0.382707 0.92387 0
    outer loop
      vertex 10.7322 19.8829 110
      vertex 12.5 19.1506 97
      vertex 10.7322 19.8829 97
    endloop
  endfacet
  facet normal 0.382707 -0.92387 0
    outer loop
      vertex 12.5 19.1506 65
      vertex 14.2678 19.8829 72.5
      vertex 12.5 19.1506 72.5
    endloop
  endfacet
  facet normal 0.382707 -0.92387 0
    outer loop
      vertex 14.2678 19.8829 72.5
      vertex 12.5 19.1506 65
      vertex 14.2678 19.8829 65
    endloop
  endfacet
  facet normal -0.382707 0.92387 0
    outer loop
      vertex 14.2678 19.8829 97
      vertex 12.5 19.1506 110
      vertex 14.2678 19.8829 110
    endloop
  endfacet
  facet normal -0.382707 0.92387 0
    outer loop
      vertex 12.5 19.1506 110
      vertex 14.2678 19.8829 97
      vertex 12.5 19.1506 97
    endloop
  endfacet
  facet normal -0.923881 -0.382681 0
    outer loop
      vertex 10.7322 19.8829 65
      vertex 10 21.6506 72.5
      vertex 10 21.6506 65
    endloop
  endfacet
  facet normal -0.923881 -0.382681 0
    outer loop
      vertex 10 21.6506 72.5
      vertex 10.7322 19.8829 65
      vertex 10.7322 19.8829 72.5
    endloop
  endfacet
  facet normal 0.923881 0.382681 0
    outer loop
      vertex 10.7322 19.8829 110
      vertex 10 21.6506 97
      vertex 10 21.6506 110
    endloop
  endfacet
  facet normal 0.923881 0.382681 0
    outer loop
      vertex 10 21.6506 97
      vertex 10.7322 19.8829 110
      vertex 10.7322 19.8829 97
    endloop
  endfacet
  facet normal -0.923876 -0.382693 0
    outer loop
      vertex -14.4217 20.2545 81.5
      vertex -15 21.6506 93
      vertex -15 21.6506 81.5
    endloop
  endfacet
  facet normal -0.923876 -0.382693 0
    outer loop
      vertex -15 21.6506 93
      vertex -14.4217 20.2545 81.5
      vertex -14.4217 20.2545 93
    endloop
  endfacet
  facet normal -0.923881 -0.382681 0
    outer loop
      vertex -14.2678 19.8829 65
      vertex -15 21.6506 72.5
      vertex -15 21.6506 65
    endloop
  endfacet
  facet normal -0.923881 -0.382681 0
    outer loop
      vertex -15 21.6506 72.5
      vertex -14.2678 19.8829 65
      vertex -14.2678 19.8829 72.5
    endloop
  endfacet
  facet normal 0.923899 0.382637 0
    outer loop
      vertex -14.2678 19.8829 110
      vertex -14.4217 20.2545 97
      vertex -14.4217 20.2545 110
    endloop
  endfacet
  facet normal 0.923899 0.382637 0
    outer loop
      vertex -14.4217 20.2545 97
      vertex -14.2678 19.8829 110
      vertex -14.2678 19.8829 97
    endloop
  endfacet
  facet normal 0.923907 0.382618 0
    outer loop
      vertex -10.3893 22.5904 93
      vertex -10.7322 23.4184 81.5
      vertex -10.7322 23.4184 93
    endloop
  endfacet
  facet normal 0.923907 0.382618 0
    outer loop
      vertex -10.7322 23.4184 81.5
      vertex -10.3893 22.5904 93
      vertex -10.3893 22.5904 81.5
    endloop
  endfacet
  facet normal 0.923888 0.382663 0
    outer loop
      vertex -10 21.6506 72.5
      vertex -10.7322 23.4184 65
      vertex -10.7322 23.4184 72.5
    endloop
  endfacet
  facet normal 0.923888 0.382663 0
    outer loop
      vertex -10.7322 23.4184 65
      vertex -10 21.6506 72.5
      vertex -10 21.6506 65
    endloop
  endfacet
  facet normal -0.923872 -0.382702 0
    outer loop
      vertex -10 21.6506 97
      vertex -10.3893 22.5904 110
      vertex -10.3893 22.5904 97
    endloop
  endfacet
  facet normal -0.923872 -0.382702 0
    outer loop
      vertex -10.3893 22.5904 110
      vertex -10 21.6506 97
      vertex -10 21.6506 110
    endloop
  endfacet
  facet normal 0.382707 -0.92387 0
    outer loop
      vertex -12.5 19.1506 65
      vertex -10.7322 19.8829 72.5
      vertex -12.5 19.1506 72.5
    endloop
  endfacet
  facet normal 0.382707 -0.92387 0
    outer loop
      vertex -10.7322 19.8829 72.5
      vertex -12.5 19.1506 65
      vertex -10.7322 19.8829 65
    endloop
  endfacet
  facet normal -0.382707 0.92387 0
    outer loop
      vertex -10.7322 19.8829 97
      vertex -12.5 19.1506 110
      vertex -10.7322 19.8829 110
    endloop
  endfacet
  facet normal -0.382707 0.92387 0
    outer loop
      vertex -12.5 19.1506 110
      vertex -10.7322 19.8829 97
      vertex -12.5 19.1506 97
    endloop
  endfacet
  facet normal -0.382707 -0.92387 0
    outer loop
      vertex -14.2678 19.8829 65
      vertex -12.5 19.1506 72.5
      vertex -14.2678 19.8829 72.5
    endloop
  endfacet
  facet normal -0.382707 -0.92387 -0
    outer loop
      vertex -12.5 19.1506 72.5
      vertex -14.2678 19.8829 65
      vertex -12.5 19.1506 65
    endloop
  endfacet
  facet normal 0.382707 0.92387 -0
    outer loop
      vertex -12.5 19.1506 97
      vertex -14.2678 19.8829 110
      vertex -12.5 19.1506 110
    endloop
  endfacet
  facet normal 0.382707 0.92387 0
    outer loop
      vertex -14.2678 19.8829 110
      vertex -12.5 19.1506 97
      vertex -14.2678 19.8829 97
    endloop
  endfacet
  facet normal 0.923881 -0.382681 0
    outer loop
      vertex -10.7322 19.8829 72.5
      vertex -10 21.6506 65
      vertex -10 21.6506 72.5
    endloop
  endfacet
  facet normal 0.923881 -0.382681 0
    outer loop
      vertex -10 21.6506 65
      vertex -10.7322 19.8829 72.5
      vertex -10.7322 19.8829 65
    endloop
  endfacet
  facet normal -0.923881 0.382681 0
    outer loop
      vertex -10.7322 19.8829 97
      vertex -10 21.6506 110
      vertex -10 21.6506 97
    endloop
  endfacet
  facet normal -0.923881 0.382681 0
    outer loop
      vertex -10 21.6506 110
      vertex -10.7322 19.8829 97
      vertex -10.7322 19.8829 110
    endloop
  endfacet
  facet normal 0.382687 0.923878 -0
    outer loop
      vertex -24.7482 2.3957 81.5
      vertex -25 2.5 93
      vertex -24.7482 2.3957 93
    endloop
  endfacet
  facet normal 0.382687 0.923878 0
    outer loop
      vertex -25 2.5 93
      vertex -24.7482 2.3957 81.5
      vertex -25 2.5 81.5
    endloop
  endfacet
  facet normal 0.382676 0.923883 -0
    outer loop
      vertex -23.2322 1.76777 65
      vertex -25 2.5 72.5
      vertex -23.2322 1.76777 72.5
    endloop
  endfacet
  facet normal 0.382676 0.923883 0
    outer loop
      vertex -25 2.5 72.5
      vertex -23.2322 1.76777 65
      vertex -25 2.5 65
    endloop
  endfacet
  facet normal -0.382674 -0.923883 0
    outer loop
      vertex -24.7482 2.3957 97
      vertex -23.2322 1.76777 110
      vertex -24.7482 2.3957 110
    endloop
  endfacet
  facet normal -0.382674 -0.923883 -0
    outer loop
      vertex -23.2322 1.76777 110
      vertex -24.7482 2.3957 97
      vertex -23.2322 1.76777 97
    endloop
  endfacet
  facet normal 0.923886 0.382668 0
    outer loop
      vertex -22.5 0 72.5
      vertex -23.2322 1.76777 65
      vertex -23.2322 1.76777 72.5
    endloop
  endfacet
  facet normal 0.923886 0.382668 0
    outer loop
      vertex -23.2322 1.76777 65
      vertex -22.5 0 72.5
      vertex -22.5 0 65
    endloop
  endfacet
  facet normal -0.923886 -0.382668 0
    outer loop
      vertex -22.5 0 97
      vertex -23.2322 1.76777 110
      vertex -23.2322 1.76777 97
    endloop
  endfacet
  facet normal -0.923886 -0.382668 0
    outer loop
      vertex -23.2322 1.76777 110
      vertex -22.5 0 97
      vertex -22.5 0 110
    endloop
  endfacet
  facet normal 0.382687 -0.923878 0
    outer loop
      vertex -25 -2.5 81.5
      vertex -24.7482 -2.3957 93
      vertex -25 -2.5 93
    endloop
  endfacet
  facet normal 0.382687 -0.923878 0
    outer loop
      vertex -24.7482 -2.3957 93
      vertex -25 -2.5 81.5
      vertex -24.7482 -2.3957 81.5
    endloop
  endfacet
  facet normal 0.382676 -0.923883 0
    outer loop
      vertex -25 -2.5 65
      vertex -23.2322 -1.76777 72.5
      vertex -25 -2.5 72.5
    endloop
  endfacet
  facet normal 0.382676 -0.923883 0
    outer loop
      vertex -23.2322 -1.76777 72.5
      vertex -25 -2.5 65
      vertex -23.2322 -1.76777 65
    endloop
  endfacet
  facet normal -0.382674 0.923883 0
    outer loop
      vertex -23.2322 -1.76777 97
      vertex -24.7482 -2.3957 110
      vertex -23.2322 -1.76777 110
    endloop
  endfacet
  facet normal -0.382674 0.923883 0
    outer loop
      vertex -24.7482 -2.3957 110
      vertex -23.2322 -1.76777 97
      vertex -24.7482 -2.3957 97
    endloop
  endfacet
  facet normal 0.923886 -0.382668 0
    outer loop
      vertex -23.2322 -1.76777 72.5
      vertex -22.5 0 65
      vertex -22.5 0 72.5
    endloop
  endfacet
  facet normal 0.923886 -0.382668 0
    outer loop
      vertex -22.5 0 65
      vertex -23.2322 -1.76777 72.5
      vertex -23.2322 -1.76777 65
    endloop
  endfacet
  facet normal -0.923886 0.382668 0
    outer loop
      vertex -23.2322 -1.76777 97
      vertex -22.5 0 110
      vertex -22.5 0 97
    endloop
  endfacet
  facet normal -0.923886 0.382668 0
    outer loop
      vertex -22.5 0 110
      vertex -23.2322 -1.76777 97
      vertex -23.2322 -1.76777 110
    endloop
  endfacet
  facet normal 0.382707 0.92387 -0
    outer loop
      vertex -10.7322 -19.8829 65
      vertex -12.5 -19.1506 72.5
      vertex -10.7322 -19.8829 72.5
    endloop
  endfacet
  facet normal 0.382707 0.92387 0
    outer loop
      vertex -12.5 -19.1506 72.5
      vertex -10.7322 -19.8829 65
      vertex -12.5 -19.1506 65
    endloop
  endfacet
  facet normal -0.382707 -0.92387 0
    outer loop
      vertex -12.5 -19.1506 97
      vertex -10.7322 -19.8829 110
      vertex -12.5 -19.1506 110
    endloop
  endfacet
  facet normal -0.382707 -0.92387 -0
    outer loop
      vertex -10.7322 -19.8829 110
      vertex -12.5 -19.1506 97
      vertex -10.7322 -19.8829 97
    endloop
  endfacet
  facet normal 0.923881 0.382681 0
    outer loop
      vertex -10 -21.6506 72.5
      vertex -10.7322 -19.8829 65
      vertex -10.7322 -19.8829 72.5
    endloop
  endfacet
  facet normal 0.923881 0.382681 0
    outer loop
      vertex -10.7322 -19.8829 65
      vertex -10 -21.6506 72.5
      vertex -10 -21.6506 65
    endloop
  endfacet
  facet normal -0.923881 -0.382681 0
    outer loop
      vertex -10 -21.6506 97
      vertex -10.7322 -19.8829 110
      vertex -10.7322 -19.8829 97
    endloop
  endfacet
  facet normal -0.923881 -0.382681 0
    outer loop
      vertex -10.7322 -19.8829 110
      vertex -10 -21.6506 97
      vertex -10 -21.6506 110
    endloop
  endfacet
  facet normal -0.382707 0.92387 0
    outer loop
      vertex -12.5 -19.1506 65
      vertex -14.2678 -19.8829 72.5
      vertex -12.5 -19.1506 72.5
    endloop
  endfacet
  facet normal -0.382707 0.92387 0
    outer loop
      vertex -14.2678 -19.8829 72.5
      vertex -12.5 -19.1506 65
      vertex -14.2678 -19.8829 65
    endloop
  endfacet
  facet normal 0.382707 -0.92387 0
    outer loop
      vertex -14.2678 -19.8829 97
      vertex -12.5 -19.1506 110
      vertex -14.2678 -19.8829 110
    endloop
  endfacet
  facet normal 0.382707 -0.92387 0
    outer loop
      vertex -12.5 -19.1506 110
      vertex -14.2678 -19.8829 97
      vertex -12.5 -19.1506 97
    endloop
  endfacet
  facet normal 0.923907 -0.382618 0
    outer loop
      vertex -10.7322 -23.4184 93
      vertex -10.3893 -22.5904 81.5
      vertex -10.3893 -22.5904 93
    endloop
  endfacet
  facet normal 0.923907 -0.382618 0
    outer loop
      vertex -10.3893 -22.5904 81.5
      vertex -10.7322 -23.4184 93
      vertex -10.7322 -23.4184 81.5
    endloop
  endfacet
  facet normal 0.923888 -0.382663 0
    outer loop
      vertex -10.7322 -23.4184 72.5
      vertex -10 -21.6506 65
      vertex -10 -21.6506 72.5
    endloop
  endfacet
  facet normal 0.923888 -0.382663 0
    outer loop
      vertex -10 -21.6506 65
      vertex -10.7322 -23.4184 72.5
      vertex -10.7322 -23.4184 65
    endloop
  endfacet
  facet normal -0.923872 0.382702 0
    outer loop
      vertex -10.3893 -22.5904 97
      vertex -10 -21.6506 110
      vertex -10 -21.6506 97
    endloop
  endfacet
  facet normal -0.923872 0.382702 0
    outer loop
      vertex -10 -21.6506 110
      vertex -10.3893 -22.5904 97
      vertex -10.3893 -22.5904 110
    endloop
  endfacet
  facet normal -0.923876 0.382693 0
    outer loop
      vertex -15 -21.6506 81.5
      vertex -14.4217 -20.2545 93
      vertex -14.4217 -20.2545 81.5
    endloop
  endfacet
  facet normal -0.923876 0.382693 0
    outer loop
      vertex -14.4217 -20.2545 93
      vertex -15 -21.6506 81.5
      vertex -15 -21.6506 93
    endloop
  endfacet
  facet normal -0.923881 0.382681 0
    outer loop
      vertex -15 -21.6506 65
      vertex -14.2678 -19.8829 72.5
      vertex -14.2678 -19.8829 65
    endloop
  endfacet
  facet normal -0.923881 0.382681 0
    outer loop
      vertex -14.2678 -19.8829 72.5
      vertex -15 -21.6506 65
      vertex -15 -21.6506 72.5
    endloop
  endfacet
  facet normal 0.923899 -0.382637 0
    outer loop
      vertex -14.4217 -20.2545 110
      vertex -14.2678 -19.8829 97
      vertex -14.2678 -19.8829 110
    endloop
  endfacet
  facet normal 0.923899 -0.382637 0
    outer loop
      vertex -14.2678 -19.8829 97
      vertex -14.4217 -20.2545 110
      vertex -14.4217 -20.2545 97
    endloop
  endfacet
  facet normal 0.382707 0.92387 -0
    outer loop
      vertex 14.2678 -19.8829 65
      vertex 12.5 -19.1506 72.5
      vertex 14.2678 -19.8829 72.5
    endloop
  endfacet
  facet normal 0.382707 0.92387 0
    outer loop
      vertex 12.5 -19.1506 72.5
      vertex 14.2678 -19.8829 65
      vertex 12.5 -19.1506 65
    endloop
  endfacet
  facet normal -0.382707 -0.92387 0
    outer loop
      vertex 12.5 -19.1506 97
      vertex 14.2678 -19.8829 110
      vertex 12.5 -19.1506 110
    endloop
  endfacet
  facet normal -0.382707 -0.92387 -0
    outer loop
      vertex 14.2678 -19.8829 110
      vertex 12.5 -19.1506 97
      vertex 14.2678 -19.8829 97
    endloop
  endfacet
  facet normal 0.923876 0.382693 0
    outer loop
      vertex 15 -21.6506 93
      vertex 14.4217 -20.2545 81.5
      vertex 14.4217 -20.2545 93
    endloop
  endfacet
  facet normal 0.923876 0.382693 0
    outer loop
      vertex 14.4217 -20.2545 81.5
      vertex 15 -21.6506 93
      vertex 15 -21.6506 81.5
    endloop
  endfacet
  facet normal 0.923881 0.382681 0
    outer loop
      vertex 15 -21.6506 72.5
      vertex 14.2678 -19.8829 65
      vertex 14.2678 -19.8829 72.5
    endloop
  endfacet
  facet normal 0.923881 0.382681 0
    outer loop
      vertex 14.2678 -19.8829 65
      vertex 15 -21.6506 72.5
      vertex 15 -21.6506 65
    endloop
  endfacet
  facet normal -0.923899 -0.382637 0
    outer loop
      vertex 14.4217 -20.2545 97
      vertex 14.2678 -19.8829 110
      vertex 14.2678 -19.8829 97
    endloop
  endfacet
  facet normal -0.923899 -0.382637 0
    outer loop
      vertex 14.2678 -19.8829 110
      vertex 14.4217 -20.2545 97
      vertex 14.4217 -20.2545 110
    endloop
  endfacet
  facet normal -0.382707 0.92387 0
    outer loop
      vertex 12.5 -19.1506 65
      vertex 10.7322 -19.8829 72.5
      vertex 12.5 -19.1506 72.5
    endloop
  endfacet
  facet normal -0.382707 0.92387 0
    outer loop
      vertex 10.7322 -19.8829 72.5
      vertex 12.5 -19.1506 65
      vertex 10.7322 -19.8829 65
    endloop
  endfacet
  facet normal 0.382707 -0.92387 0
    outer loop
      vertex 10.7322 -19.8829 97
      vertex 12.5 -19.1506 110
      vertex 10.7322 -19.8829 110
    endloop
  endfacet
  facet normal 0.382707 -0.92387 0
    outer loop
      vertex 12.5 -19.1506 110
      vertex 10.7322 -19.8829 97
      vertex 12.5 -19.1506 97
    endloop
  endfacet
  facet normal -0.923881 0.382681 0
    outer loop
      vertex 10 -21.6506 65
      vertex 10.7322 -19.8829 72.5
      vertex 10.7322 -19.8829 65
    endloop
  endfacet
  facet normal -0.923881 0.382681 0
    outer loop
      vertex 10.7322 -19.8829 72.5
      vertex 10 -21.6506 65
      vertex 10 -21.6506 72.5
    endloop
  endfacet
  facet normal 0.923881 -0.382681 0
    outer loop
      vertex 10 -21.6506 110
      vertex 10.7322 -19.8829 97
      vertex 10.7322 -19.8829 110
    endloop
  endfacet
  facet normal 0.923881 -0.382681 0
    outer loop
      vertex 10.7322 -19.8829 97
      vertex 10 -21.6506 110
      vertex 10 -21.6506 97
    endloop
  endfacet
  facet normal -0.923907 -0.382618 0
    outer loop
      vertex 10.7322 -23.4184 81.5
      vertex 10.3893 -22.5904 93
      vertex 10.3893 -22.5904 81.5
    endloop
  endfacet
  facet normal -0.923907 -0.382618 0
    outer loop
      vertex 10.3893 -22.5904 93
      vertex 10.7322 -23.4184 81.5
      vertex 10.7322 -23.4184 93
    endloop
  endfacet
  facet normal -0.923888 -0.382663 0
    outer loop
      vertex 10.7322 -23.4184 65
      vertex 10 -21.6506 72.5
      vertex 10 -21.6506 65
    endloop
  endfacet
  facet normal -0.923888 -0.382663 0
    outer loop
      vertex 10 -21.6506 72.5
      vertex 10.7322 -23.4184 65
      vertex 10.7322 -23.4184 72.5
    endloop
  endfacet
  facet normal 0.923872 0.382702 0
    outer loop
      vertex 10.3893 -22.5904 110
      vertex 10 -21.6506 97
      vertex 10 -21.6506 110
    endloop
  endfacet
  facet normal 0.923872 0.382702 0
    outer loop
      vertex 10 -21.6506 97
      vertex 10.3893 -22.5904 110
      vertex 10.3893 -22.5904 97
    endloop
  endfacet
  facet normal -0.406706 -0.913559 -0
    outer loop
      vertex -10.3893 -22.5904 93
      vertex -10.3893 -22.5904 81.5
      vertex -8.89555 -23.2554 93
    endloop
  endfacet
  facet normal -0.406706 -0.913559 0
    outer loop
      vertex -8.89555 -23.2554 97
      vertex -10.3893 -22.5904 110
      vertex -10.3893 -22.5904 97
    endloop
  endfacet
  facet normal -0.406726 -0.91355 -2.83057e-06
    outer loop
      vertex -10.3893 -22.5904 110
      vertex -8.89555 -23.2554 97
      vertex -7.72542 -23.7764 110
    endloop
  endfacet
  facet normal -0.406753 -0.913538 0
    outer loop
      vertex -7.72542 -23.7764 81.5
      vertex -8.89555 -23.2554 97
      vertex -8.89555 -23.2554 93
    endloop
  endfacet
  facet normal -0.406753 -0.913538 0
    outer loop
      vertex -8.89555 -23.2554 97
      vertex -7.72542 -23.7764 81.5
      vertex -7.72542 -23.7764 110
    endloop
  endfacet
  facet normal -0.406726 -0.91355 3.19978e-06
    outer loop
      vertex -7.72542 -23.7764 81.5
      vertex -8.89555 -23.2554 93
      vertex -10.3893 -22.5904 81.5
    endloop
  endfacet
  facet normal -0.951054 -0.309026 0
    outer loop
      vertex -22.8386 -10.1684 81.5
      vertex -24.4537 -5.19779 110
      vertex -24.4537 -5.19779 81.5
    endloop
  endfacet
  facet normal -0.951054 -0.309026 0
    outer loop
      vertex -24.4537 -5.19779 110
      vertex -22.8386 -10.1684 81.5
      vertex -22.8386 -10.1684 110
    endloop
  endfacet
  facet normal 0.951054 0.309026 0
    outer loop
      vertex 24.4537 5.19779 110
      vertex 22.8386 10.1684 81.5
      vertex 22.8386 10.1684 110
    endloop
  endfacet
  facet normal 0.951054 0.309026 0
    outer loop
      vertex 22.8386 10.1684 81.5
      vertex 24.4537 5.19779 110
      vertex 24.4537 5.19779 81.5
    endloop
  endfacet
  facet normal 0.994521 0.104534 0
    outer loop
      vertex 24.4537 5.19779 110
      vertex 24.594 3.86299 97
      vertex 24.4537 5.19779 81.5
    endloop
  endfacet
  facet normal 0.994522 0.104524 9.45375e-07
    outer loop
      vertex 24.7482 2.3957 110
      vertex 24.594 3.86299 97
      vertex 24.4537 5.19779 110
    endloop
  endfacet
  facet normal 0.994523 0.104516 0
    outer loop
      vertex 24.594 3.86299 97
      vertex 24.7482 2.3957 110
      vertex 24.7482 2.3957 97
    endloop
  endfacet
  facet normal 0.994521 0.104534 -0
    outer loop
      vertex 24.594 3.86299 93
      vertex 24.4537 5.19779 81.5
      vertex 24.594 3.86299 97
    endloop
  endfacet
  facet normal 0.994523 0.104516 -0
    outer loop
      vertex 24.7482 2.3957 81.5
      vertex 24.594 3.86299 93
      vertex 24.7482 2.3957 93
    endloop
  endfacet
  facet normal 0.994522 0.104524 -1.06868e-06
    outer loop
      vertex 24.594 3.86299 93
      vertex 24.7482 2.3957 81.5
      vertex 24.4537 5.19779 81.5
    endloop
  endfacet
  facet normal 0.866026 0.5 0
    outer loop
      vertex 22.8386 10.1684 110
      vertex 20.2254 14.6946 81.5
      vertex 20.2254 14.6946 110
    endloop
  endfacet
  facet normal 0.866026 0.5 0
    outer loop
      vertex 20.2254 14.6946 81.5
      vertex 22.8386 10.1684 110
      vertex 22.8386 10.1684 81.5
    endloop
  endfacet
  facet normal 0.587806 -0.809002 0
    outer loop
      vertex 14.4217 -20.2545 93
      vertex 14.4217 -20.2545 81.5
      vertex 15.6568 -19.3571 93
    endloop
  endfacet
  facet normal 0.587806 -0.809002 0
    outer loop
      vertex 15.6568 -19.3571 97
      vertex 14.4217 -20.2545 110
      vertex 14.4217 -20.2545 97
    endloop
  endfacet
  facet normal 0.587798 -0.809007 -1.04546e-06
    outer loop
      vertex 14.4217 -20.2545 110
      vertex 15.6568 -19.3571 97
      vertex 16.7283 -18.5786 110
    endloop
  endfacet
  facet normal 0.58779 -0.809014 0
    outer loop
      vertex 16.7283 -18.5786 81.5
      vertex 15.6568 -19.3571 97
      vertex 15.6568 -19.3571 93
    endloop
  endfacet
  facet normal 0.58779 -0.809014 0
    outer loop
      vertex 15.6568 -19.3571 97
      vertex 16.7283 -18.5786 81.5
      vertex 16.7283 -18.5786 110
    endloop
  endfacet
  facet normal 0.587798 -0.809007 1.18183e-06
    outer loop
      vertex 16.7283 -18.5786 81.5
      vertex 15.6568 -19.3571 93
      vertex 14.4217 -20.2545 81.5
    endloop
  endfacet
  facet normal 0.40673 0.913549 0
    outer loop
      vertex 10.3893 22.5904 93
      vertex 10.3893 22.5904 81.5
      vertex 8.94462 23.2336 93
    endloop
  endfacet
  facet normal 0.40673 0.913549 0
    outer loop
      vertex 8.94462 23.2336 97
      vertex 10.3893 22.5904 110
      vertex 10.3893 22.5904 97
    endloop
  endfacet
  facet normal 0.406726 0.91355 4.52047e-07
    outer loop
      vertex 10.3893 22.5904 110
      vertex 8.94462 23.2336 97
      vertex 7.72542 23.7764 110
    endloop
  endfacet
  facet normal 0.406722 0.913552 0
    outer loop
      vertex 7.72542 23.7764 81.5
      vertex 8.94462 23.2336 97
      vertex 8.94462 23.2336 93
    endloop
  endfacet
  facet normal 0.406722 0.913552 0
    outer loop
      vertex 8.94462 23.2336 97
      vertex 7.72542 23.7764 81.5
      vertex 7.72542 23.7764 110
    endloop
  endfacet
  facet normal 0.406726 0.91355 -5.1101e-07
    outer loop
      vertex 7.72542 23.7764 81.5
      vertex 8.94462 23.2336 93
      vertex 10.3893 22.5904 81.5
    endloop
  endfacet
  facet normal 0.994523 -0.104516 0
    outer loop
      vertex 24.7482 -2.3957 110
      vertex 24.594 -3.86299 97
      vertex 24.7482 -2.3957 97
    endloop
  endfacet
  facet normal 0.994521 -0.104534 0
    outer loop
      vertex 24.4537 -5.19779 81.5
      vertex 24.594 -3.86299 97
      vertex 24.4537 -5.19779 110
    endloop
  endfacet
  facet normal 0.994522 -0.104524 9.45375e-07
    outer loop
      vertex 24.4537 -5.19779 110
      vertex 24.594 -3.86299 97
      vertex 24.7482 -2.3957 110
    endloop
  endfacet
  facet normal 0.994523 -0.104516 0
    outer loop
      vertex 24.594 -3.86299 93
      vertex 24.7482 -2.3957 81.5
      vertex 24.7482 -2.3957 93
    endloop
  endfacet
  facet normal 0.994522 -0.104524 -1.06868e-06
    outer loop
      vertex 24.594 -3.86299 93
      vertex 24.4537 -5.19779 81.5
      vertex 24.7482 -2.3957 81.5
    endloop
  endfacet
  facet normal 0.994521 -0.104534 0
    outer loop
      vertex 24.594 -3.86299 97
      vertex 24.4537 -5.19779 81.5
      vertex 24.594 -3.86299 93
    endloop
  endfacet
  facet normal 0.743151 0.669123 0
    outer loop
      vertex 20.2254 14.6946 110
      vertex 16.7283 18.5786 81.5
      vertex 16.7283 18.5786 110
    endloop
  endfacet
  facet normal 0.743151 0.669123 0
    outer loop
      vertex 16.7283 18.5786 81.5
      vertex 20.2254 14.6946 110
      vertex 20.2254 14.6946 81.5
    endloop
  endfacet
  facet normal -0.866026 0.5 0
    outer loop
      vertex -22.8386 10.1684 81.5
      vertex -20.2254 14.6946 110
      vertex -20.2254 14.6946 81.5
    endloop
  endfacet
  facet normal -0.866026 0.5 0
    outer loop
      vertex -20.2254 14.6946 110
      vertex -22.8386 10.1684 81.5
      vertex -22.8386 10.1684 110
    endloop
  endfacet
  facet normal 0.743151 -0.669123 0
    outer loop
      vertex 16.7283 -18.5786 110
      vertex 20.2254 -14.6946 81.5
      vertex 20.2254 -14.6946 110
    endloop
  endfacet
  facet normal 0.743151 -0.669123 0
    outer loop
      vertex 20.2254 -14.6946 81.5
      vertex 16.7283 -18.5786 110
      vertex 16.7283 -18.5786 81.5
    endloop
  endfacet
  facet normal -0.743151 0.669123 0
    outer loop
      vertex -20.2254 14.6946 81.5
      vertex -16.7283 18.5786 110
      vertex -16.7283 18.5786 81.5
    endloop
  endfacet
  facet normal -0.743151 0.669123 0
    outer loop
      vertex -16.7283 18.5786 110
      vertex -20.2254 14.6946 81.5
      vertex -20.2254 14.6946 110
    endloop
  endfacet
  facet normal 0.866026 -0.5 0
    outer loop
      vertex 20.2254 -14.6946 110
      vertex 22.8386 -10.1684 81.5
      vertex 22.8386 -10.1684 110
    endloop
  endfacet
  facet normal 0.866026 -0.5 0
    outer loop
      vertex 22.8386 -10.1684 81.5
      vertex 20.2254 -14.6946 110
      vertex 20.2254 -14.6946 81.5
    endloop
  endfacet
  facet normal -0.587799 0.809007 0
    outer loop
      vertex -14.4217 20.2545 93
      vertex -14.4217 20.2545 81.5
      vertex -15.6754 19.3436 93
    endloop
  endfacet
  facet normal -0.587799 0.809007 0
    outer loop
      vertex -15.6754 19.3436 97
      vertex -14.4217 20.2545 110
      vertex -14.4217 20.2545 97
    endloop
  endfacet
  facet normal -0.587798 0.809007 -1.64846e-07
    outer loop
      vertex -14.4217 20.2545 110
      vertex -15.6754 19.3436 97
      vertex -16.7283 18.5786 110
    endloop
  endfacet
  facet normal -0.587797 0.809008 0
    outer loop
      vertex -16.7283 18.5786 81.5
      vertex -15.6754 19.3436 97
      vertex -15.6754 19.3436 93
    endloop
  endfacet
  facet normal -0.587797 0.809008 0
    outer loop
      vertex -15.6754 19.3436 97
      vertex -16.7283 18.5786 81.5
      vertex -16.7283 18.5786 110
    endloop
  endfacet
  facet normal -0.587798 0.809007 1.86348e-07
    outer loop
      vertex -16.7283 18.5786 81.5
      vertex -15.6754 19.3436 93
      vertex -14.4217 20.2545 81.5
    endloop
  endfacet
  facet normal 0 0 1
    outer loop
      vertex 22.5 0 110
      vertex 9.78148 2.07912 110
      vertex 10 0 110
    endloop
  endfacet
  facet normal 0 0 1
    outer loop
      vertex 10.7322 19.8829 110
      vertex 9.13545 4.06737 110
      vertex 9.78148 2.07912 110
    endloop
  endfacet
  facet normal 0 0 1
    outer loop
      vertex 10.7322 19.8829 110
      vertex 8.09017 5.87785 110
      vertex 9.13545 4.06737 110
    endloop
  endfacet
  facet normal 0 0 1
    outer loop
      vertex 7.72542 23.7764 110
      vertex 10 21.6506 110
      vertex 10.3893 22.5904 110
    endloop
  endfacet
  facet normal 0 0 1
    outer loop
      vertex 2.61321 24.863 110
      vertex 10.7322 19.8829 110
      vertex 7.72542 23.7764 110
    endloop
  endfacet
  facet normal 0 0 1
    outer loop
      vertex 10.7322 19.8829 110
      vertex 6.69131 7.43145 110
      vertex 8.09017 5.87785 110
    endloop
  endfacet
  facet normal 0 0 1
    outer loop
      vertex 10.7322 19.8829 110
      vertex 5 8.66025 110
      vertex 6.69131 7.43145 110
    endloop
  endfacet
  facet normal 0 0 1
    outer loop
      vertex 10.7322 19.8829 110
      vertex 3.09017 9.51056 110
      vertex 5 8.66025 110
    endloop
  endfacet
  facet normal 0 0 1
    outer loop
      vertex 1.04528 9.94522 110
      vertex 10.7322 19.8829 110
      vertex 2.61321 24.863 110
    endloop
  endfacet
  facet normal 0 0 1
    outer loop
      vertex 10.7322 19.8829 110
      vertex 1.04528 9.94522 110
      vertex 3.09017 9.51056 110
    endloop
  endfacet
  facet normal 0 0 1
    outer loop
      vertex 2.61321 24.863 110
      vertex -1.04528 9.94522 110
      vertex 1.04528 9.94522 110
    endloop
  endfacet
  facet normal -0 0 1
    outer loop
      vertex -2.61321 24.863 110
      vertex -1.04528 9.94522 110
      vertex 2.61321 24.863 110
    endloop
  endfacet
  facet normal -0 0 1
    outer loop
      vertex -10.7322 19.8829 110
      vertex -1.04528 9.94522 110
      vertex -2.61321 24.863 110
    endloop
  endfacet
  facet normal 0 0 1
    outer loop
      vertex -1.04528 9.94522 110
      vertex -10.7322 19.8829 110
      vertex -3.09017 9.51056 110
    endloop
  endfacet
  facet normal 0 0 1
    outer loop
      vertex -3.09017 9.51056 110
      vertex -10.7322 19.8829 110
      vertex -5 8.66025 110
    endloop
  endfacet
  facet normal 0 0 1
    outer loop
      vertex -10.7322 19.8829 110
      vertex -2.61321 24.863 110
      vertex -7.72542 23.7764 110
    endloop
  endfacet
  facet normal -0 0 1
    outer loop
      vertex -12.5 19.1506 110
      vertex -5 8.66025 110
      vertex -10.7322 19.8829 110
    endloop
  endfacet
  facet normal 0 0 1
    outer loop
      vertex -5 8.66025 110
      vertex -12.5 19.1506 110
      vertex -6.69131 7.43145 110
    endloop
  endfacet
  facet normal 0 0 1
    outer loop
      vertex -6.69131 7.43145 110
      vertex -12.5 19.1506 110
      vertex -8.09017 5.87785 110
    endloop
  endfacet
  facet normal 0 0 1
    outer loop
      vertex -10.7322 19.8829 110
      vertex -7.72542 23.7764 110
      vertex -10 21.6506 110
    endloop
  endfacet
  facet normal 0 -0 1
    outer loop
      vertex -10 21.6506 110
      vertex -7.72542 23.7764 110
      vertex -10.3893 22.5904 110
    endloop
  endfacet
  facet normal 0 0 1
    outer loop
      vertex 24.4537 5.19779 110
      vertex 23.2322 1.76777 110
      vertex 24.7482 2.3957 110
    endloop
  endfacet
  facet normal 0 0 1
    outer loop
      vertex 22.8386 10.1684 110
      vertex 23.2322 1.76777 110
      vertex 24.4537 5.19779 110
    endloop
  endfacet
  facet normal -0 0 1
    outer loop
      vertex 9.78148 2.07912 110
      vertex 23.2322 1.76777 110
      vertex 22.8386 10.1684 110
    endloop
  endfacet
  facet normal 0 0 1
    outer loop
      vertex 9.78148 2.07912 110
      vertex 22.8386 10.1684 110
      vertex 20.2254 14.6946 110
    endloop
  endfacet
  facet normal 0 0 1
    outer loop
      vertex 23.2322 -1.76777 110
      vertex 24.4537 -5.19779 110
      vertex 24.7482 -2.3957 110
    endloop
  endfacet
  facet normal 0 0 1
    outer loop
      vertex 23.2322 -1.76777 110
      vertex 22.8386 -10.1684 110
      vertex 24.4537 -5.19779 110
    endloop
  endfacet
  facet normal 0 0 1
    outer loop
      vertex 9.78148 -2.07912 110
      vertex 23.2322 -1.76777 110
      vertex 22.5 0 110
    endloop
  endfacet
  facet normal 0 0 1
    outer loop
      vertex 9.78148 2.07912 110
      vertex 22.5 0 110
      vertex 23.2322 1.76777 110
    endloop
  endfacet
  facet normal 0 0 1
    outer loop
      vertex 9.78148 -2.07912 110
      vertex 22.5 0 110
      vertex 10 0 110
    endloop
  endfacet
  facet normal 0 0 1
    outer loop
      vertex 12.5 19.1506 110
      vertex 20.2254 14.6946 110
      vertex 16.7283 18.5786 110
    endloop
  endfacet
  facet normal 0 0 1
    outer loop
      vertex 9.13545 -4.06737 110
      vertex 23.2322 -1.76777 110
      vertex 9.78148 -2.07912 110
    endloop
  endfacet
  facet normal -0 0 1
    outer loop
      vertex 14.2678 19.8829 110
      vertex 16.7283 18.5786 110
      vertex 14.4217 20.2545 110
    endloop
  endfacet
  facet normal -0 0 1
    outer loop
      vertex 12.5 19.1506 110
      vertex 16.7283 18.5786 110
      vertex 14.2678 19.8829 110
    endloop
  endfacet
  facet normal 0 0 1
    outer loop
      vertex 23.2322 -1.76777 110
      vertex 9.13545 -4.06737 110
      vertex 22.8386 -10.1684 110
    endloop
  endfacet
  facet normal 0 0 1
    outer loop
      vertex 16.7283 -18.5786 110
      vertex 14.2678 -19.8829 110
      vertex 14.4217 -20.2545 110
    endloop
  endfacet
  facet normal 0 0 1
    outer loop
      vertex 9.78148 2.07912 110
      vertex 20.2254 14.6946 110
      vertex 12.5 19.1506 110
    endloop
  endfacet
  facet normal 0 0 1
    outer loop
      vertex 22.8386 -10.1684 110
      vertex 9.13545 -4.06737 110
      vertex 20.2254 -14.6946 110
    endloop
  endfacet
  facet normal 0 0 1
    outer loop
      vertex 9.78148 2.07912 110
      vertex 12.5 19.1506 110
      vertex 10.7322 19.8829 110
    endloop
  endfacet
  facet normal -0 0 1
    outer loop
      vertex 8.09017 -5.87785 110
      vertex 20.2254 -14.6946 110
      vertex 9.13545 -4.06737 110
    endloop
  endfacet
  facet normal 0 0 1
    outer loop
      vertex 7.72542 23.7764 110
      vertex 10.7322 19.8829 110
      vertex 10 21.6506 110
    endloop
  endfacet
  facet normal 0 -0 1
    outer loop
      vertex 12.5 -19.1506 110
      vertex 20.2254 -14.6946 110
      vertex 8.09017 -5.87785 110
    endloop
  endfacet
  facet normal 0 0 1
    outer loop
      vertex 20.2254 -14.6946 110
      vertex 12.5 -19.1506 110
      vertex 16.7283 -18.5786 110
    endloop
  endfacet
  facet normal 0 0 1
    outer loop
      vertex 16.7283 -18.5786 110
      vertex 12.5 -19.1506 110
      vertex 14.2678 -19.8829 110
    endloop
  endfacet
  facet normal -0 0 1
    outer loop
      vertex 6.69131 -7.43145 110
      vertex 12.5 -19.1506 110
      vertex 8.09017 -5.87785 110
    endloop
  endfacet
  facet normal -0 0 1
    outer loop
      vertex 5 -8.66025 110
      vertex 12.5 -19.1506 110
      vertex 6.69131 -7.43145 110
    endloop
  endfacet
  facet normal 0 0 1
    outer loop
      vertex 10 -21.6506 110
      vertex 7.72542 -23.7764 110
      vertex 10.3893 -22.5904 110
    endloop
  endfacet
  facet normal 0 0 1
    outer loop
      vertex 12.5 -19.1506 110
      vertex 5 -8.66025 110
      vertex 10.7322 -19.8829 110
    endloop
  endfacet
  facet normal -0 0 1
    outer loop
      vertex 3.09017 -9.51056 110
      vertex 10.7322 -19.8829 110
      vertex 5 -8.66025 110
    endloop
  endfacet
  facet normal -0 0 1
    outer loop
      vertex 1.04528 -9.94522 110
      vertex 10.7322 -19.8829 110
      vertex 3.09017 -9.51056 110
    endloop
  endfacet
  facet normal 0 0 1
    outer loop
      vertex 10.7322 -19.8829 110
      vertex 7.72542 -23.7764 110
      vertex 10 -21.6506 110
    endloop
  endfacet
  facet normal 0 0 1
    outer loop
      vertex 10.7322 -19.8829 110
      vertex 2.61321 -24.863 110
      vertex 7.72542 -23.7764 110
    endloop
  endfacet
  facet normal 0 0 1
    outer loop
      vertex 10.7322 -19.8829 110
      vertex 1.04528 -9.94522 110
      vertex 2.61321 -24.863 110
    endloop
  endfacet
  facet normal -0 0 1
    outer loop
      vertex -1.04528 -9.94522 110
      vertex 2.61321 -24.863 110
      vertex 1.04528 -9.94522 110
    endloop
  endfacet
  facet normal 0 0 1
    outer loop
      vertex -1.04528 -9.94522 110
      vertex -2.61321 -24.863 110
      vertex 2.61321 -24.863 110
    endloop
  endfacet
  facet normal 0 0 1
    outer loop
      vertex -10.7322 -19.8829 110
      vertex -1.04528 -9.94522 110
      vertex -3.09017 -9.51056 110
    endloop
  endfacet
  facet normal 0 0 1
    outer loop
      vertex -10.7322 -19.8829 110
      vertex -3.09017 -9.51056 110
      vertex -5 -8.66025 110
    endloop
  endfacet
  facet normal 0 0 1
    outer loop
      vertex -12.5 -19.1506 110
      vertex -5 -8.66025 110
      vertex -6.69131 -7.43145 110
    endloop
  endfacet
  facet normal 0 0 1
    outer loop
      vertex -1.04528 -9.94522 110
      vertex -10.7322 -19.8829 110
      vertex -2.61321 -24.863 110
    endloop
  endfacet
  facet normal 0 0 1
    outer loop
      vertex -12.5 -19.1506 110
      vertex -6.69131 -7.43145 110
      vertex -8.09017 -5.87785 110
    endloop
  endfacet
  facet normal 0 0 1
    outer loop
      vertex -20.2254 -14.6946 110
      vertex -8.09017 -5.87785 110
      vertex -9.13545 -4.06737 110
    endloop
  endfacet
  facet normal 0 0 1
    outer loop
      vertex -23.2322 -1.76777 110
      vertex -9.13545 -4.06737 110
      vertex -9.78148 -2.07912 110
    endloop
  endfacet
  facet normal -0 0 1
    outer loop
      vertex -22.5 0 110
      vertex -9.78148 -2.07912 110
      vertex -10 0 110
    endloop
  endfacet
  facet normal 0 0 1
    outer loop
      vertex -2.61321 -24.863 110
      vertex -10.7322 -19.8829 110
      vertex -7.72542 -23.7764 110
    endloop
  endfacet
  facet normal 0 0 1
    outer loop
      vertex -7.72542 -23.7764 110
      vertex -10 -21.6506 110
      vertex -10.3893 -22.5904 110
    endloop
  endfacet
  facet normal 0 0 1
    outer loop
      vertex -9.13545 -4.06737 110
      vertex -22.8386 -10.1684 110
      vertex -20.2254 -14.6946 110
    endloop
  endfacet
  facet normal 0 0 1
    outer loop
      vertex -9.13545 -4.06737 110
      vertex -23.2322 -1.76777 110
      vertex -22.8386 -10.1684 110
    endloop
  endfacet
  facet normal 0 0 1
    outer loop
      vertex -23.2322 -1.76777 110
      vertex -24.4537 -5.19779 110
      vertex -22.8386 -10.1684 110
    endloop
  endfacet
  facet normal 0 -0 1
    outer loop
      vertex -24.4537 -5.19779 110
      vertex -23.2322 -1.76777 110
      vertex -24.7482 -2.3957 110
    endloop
  endfacet
  facet normal -0 0 1
    outer loop
      vertex -20.2254 14.6946 110
      vertex -8.09017 5.87785 110
      vertex -12.5 19.1506 110
    endloop
  endfacet
  facet normal 0 0 1
    outer loop
      vertex -8.09017 5.87785 110
      vertex -20.2254 14.6946 110
      vertex -9.13545 4.06737 110
    endloop
  endfacet
  facet normal -0 0 1
    outer loop
      vertex -22.8386 10.1684 110
      vertex -9.13545 4.06737 110
      vertex -20.2254 14.6946 110
    endloop
  endfacet
  facet normal 0 0 1
    outer loop
      vertex -7.72542 -23.7764 110
      vertex -10.7322 -19.8829 110
      vertex -10 -21.6506 110
    endloop
  endfacet
  facet normal 0 0 1
    outer loop
      vertex -23.2322 1.76777 110
      vertex -9.13545 4.06737 110
      vertex -22.8386 10.1684 110
    endloop
  endfacet
  facet normal 0 0 1
    outer loop
      vertex -9.78148 -2.07912 110
      vertex -22.5 0 110
      vertex -23.2322 -1.76777 110
    endloop
  endfacet
  facet normal 0 0 1
    outer loop
      vertex -16.7283 18.5786 110
      vertex -12.5 19.1506 110
      vertex -14.2678 19.8829 110
    endloop
  endfacet
  facet normal 0 0 1
    outer loop
      vertex -5 -8.66025 110
      vertex -12.5 -19.1506 110
      vertex -10.7322 -19.8829 110
    endloop
  endfacet
  facet normal 0 0 1
    outer loop
      vertex -16.7283 18.5786 110
      vertex -14.2678 19.8829 110
      vertex -14.4217 20.2545 110
    endloop
  endfacet
  facet normal 0 0 1
    outer loop
      vertex -8.09017 -5.87785 110
      vertex -20.2254 -14.6946 110
      vertex -12.5 -19.1506 110
    endloop
  endfacet
  facet normal 0 0 1
    outer loop
      vertex -12.5 19.1506 110
      vertex -16.7283 18.5786 110
      vertex -20.2254 14.6946 110
    endloop
  endfacet
  facet normal -0 -0 1
    outer loop
      vertex -16.7283 -18.5786 110
      vertex -12.5 -19.1506 110
      vertex -20.2254 -14.6946 110
    endloop
  endfacet
  facet normal 0 0 1
    outer loop
      vertex -9.13545 4.06737 110
      vertex -23.2322 1.76777 110
      vertex -9.78148 2.07912 110
    endloop
  endfacet
  facet normal 0 0 1
    outer loop
      vertex -14.2678 -19.8829 110
      vertex -16.7283 -18.5786 110
      vertex -14.4217 -20.2545 110
    endloop
  endfacet
  facet normal 0 0 1
    outer loop
      vertex -12.5 -19.1506 110
      vertex -16.7283 -18.5786 110
      vertex -14.2678 -19.8829 110
    endloop
  endfacet
  facet normal 0 -0 1
    outer loop
      vertex -22.5 0 110
      vertex -9.78148 2.07912 110
      vertex -23.2322 1.76777 110
    endloop
  endfacet
  facet normal 0 0 1
    outer loop
      vertex -9.78148 2.07912 110
      vertex -22.5 0 110
      vertex -10 0 110
    endloop
  endfacet
  facet normal -0 0 1
    outer loop
      vertex -24.4537 5.19779 110
      vertex -23.2322 1.76777 110
      vertex -22.8386 10.1684 110
    endloop
  endfacet
  facet normal 0 0 1
    outer loop
      vertex -23.2322 1.76777 110
      vertex -24.4537 5.19779 110
      vertex -24.7482 2.3957 110
    endloop
  endfacet
  facet normal 0.951054 -0.309026 0
    outer loop
      vertex 22.8386 -10.1684 110
      vertex 24.4537 -5.19779 81.5
      vertex 24.4537 -5.19779 110
    endloop
  endfacet
  facet normal 0.951054 -0.309026 0
    outer loop
      vertex 24.4537 -5.19779 81.5
      vertex 22.8386 -10.1684 110
      vertex 22.8386 -10.1684 81.5
    endloop
  endfacet
  facet normal 0 1 -0
    outer loop
      vertex 2.61321 24.863 81.5
      vertex -2.61321 24.863 110
      vertex 2.61321 24.863 110
    endloop
  endfacet
  facet normal 0 1 0
    outer loop
      vertex -2.61321 24.863 110
      vertex 2.61321 24.863 81.5
      vertex -2.61321 24.863 81.5
    endloop
  endfacet
  facet normal -0.587798 -0.809007 -1.64846e-07
    outer loop
      vertex -16.7283 -18.5786 110
      vertex -15.6754 -19.3436 97
      vertex -14.4217 -20.2545 110
    endloop
  endfacet
  facet normal -0.587797 -0.809008 0
    outer loop
      vertex -16.7283 -18.5786 81.5
      vertex -15.6754 -19.3436 97
      vertex -16.7283 -18.5786 110
    endloop
  endfacet
  facet normal -0.587797 -0.809008 -0
    outer loop
      vertex -15.6754 -19.3436 97
      vertex -16.7283 -18.5786 81.5
      vertex -15.6754 -19.3436 93
    endloop
  endfacet
  facet normal -0.587798 -0.809007 1.86348e-07
    outer loop
      vertex -14.4217 -20.2545 81.5
      vertex -15.6754 -19.3436 93
      vertex -16.7283 -18.5786 81.5
    endloop
  endfacet
  facet normal -0.587799 -0.809007 0
    outer loop
      vertex -15.6754 -19.3436 93
      vertex -14.4217 -20.2545 81.5
      vertex -14.4217 -20.2545 93
    endloop
  endfacet
  facet normal -0.587799 -0.809007 -0
    outer loop
      vertex -14.4217 -20.2545 110
      vertex -15.6754 -19.3436 97
      vertex -14.4217 -20.2545 97
    endloop
  endfacet
  facet normal -0.406726 0.91355 -2.83057e-06
    outer loop
      vertex -7.72542 23.7764 110
      vertex -8.89555 23.2554 97
      vertex -10.3893 22.5904 110
    endloop
  endfacet
  facet normal -0.406753 0.913538 0
    outer loop
      vertex -7.72542 23.7764 81.5
      vertex -8.89555 23.2554 97
      vertex -7.72542 23.7764 110
    endloop
  endfacet
  facet normal -0.406753 0.913538 0
    outer loop
      vertex -8.89555 23.2554 97
      vertex -7.72542 23.7764 81.5
      vertex -8.89555 23.2554 93
    endloop
  endfacet
  facet normal -0.406726 0.91355 3.19978e-06
    outer loop
      vertex -10.3893 22.5904 81.5
      vertex -8.89555 23.2554 93
      vertex -7.72542 23.7764 81.5
    endloop
  endfacet
  facet normal -0.406706 0.913559 0
    outer loop
      vertex -8.89555 23.2554 93
      vertex -10.3893 22.5904 81.5
      vertex -10.3893 22.5904 93
    endloop
  endfacet
  facet normal -0.406706 0.913559 0
    outer loop
      vertex -10.3893 22.5904 110
      vertex -8.89555 23.2554 97
      vertex -10.3893 22.5904 97
    endloop
  endfacet
  facet normal -0.994523 -0.104518 0
    outer loop
      vertex -24.7482 -2.3957 81.5
      vertex -24.5835 -3.96287 93
      vertex -24.7482 -2.3957 93
    endloop
  endfacet
  facet normal -0.994522 -0.104532 0
    outer loop
      vertex -24.5835 -3.96287 93
      vertex -24.4537 -5.19779 81.5
      vertex -24.5835 -3.96287 97
    endloop
  endfacet
  facet normal -0.994522 -0.104524 -8.43849e-07
    outer loop
      vertex -24.4537 -5.19779 81.5
      vertex -24.5835 -3.96287 93
      vertex -24.7482 -2.3957 81.5
    endloop
  endfacet
  facet normal -0.994523 -0.104518 0
    outer loop
      vertex -24.5835 -3.96287 97
      vertex -24.7482 -2.3957 110
      vertex -24.7482 -2.3957 97
    endloop
  endfacet
  facet normal -0.994522 -0.104524 7.46482e-07
    outer loop
      vertex -24.5835 -3.96287 97
      vertex -24.4537 -5.19779 110
      vertex -24.7482 -2.3957 110
    endloop
  endfacet
  facet normal -0.994522 -0.104532 -0
    outer loop
      vertex -24.4537 -5.19779 110
      vertex -24.5835 -3.96287 97
      vertex -24.4537 -5.19779 81.5
    endloop
  endfacet
  facet normal -0.743151 -0.669123 0
    outer loop
      vertex -16.7283 -18.5786 81.5
      vertex -20.2254 -14.6946 110
      vertex -20.2254 -14.6946 81.5
    endloop
  endfacet
  facet normal -0.743151 -0.669123 0
    outer loop
      vertex -20.2254 -14.6946 110
      vertex -16.7283 -18.5786 81.5
      vertex -16.7283 -18.5786 110
    endloop
  endfacet
  facet normal -0.866026 -0.5 0
    outer loop
      vertex -20.2254 -14.6946 81.5
      vertex -22.8386 -10.1684 110
      vertex -22.8386 -10.1684 81.5
    endloop
  endfacet
  facet normal -0.866026 -0.5 0
    outer loop
      vertex -22.8386 -10.1684 110
      vertex -20.2254 -14.6946 81.5
      vertex -20.2254 -14.6946 110
    endloop
  endfacet
  facet normal 0.207906 -0.978149 0
    outer loop
      vertex 2.61321 -24.863 81.5
      vertex 7.72542 -23.7764 110
      vertex 2.61321 -24.863 110
    endloop
  endfacet
  facet normal 0.207906 -0.978149 0
    outer loop
      vertex 7.72542 -23.7764 110
      vertex 2.61321 -24.863 81.5
      vertex 7.72542 -23.7764 81.5
    endloop
  endfacet
  facet normal -0.994522 0.104532 0
    outer loop
      vertex -24.5835 3.96287 97
      vertex -24.4537 5.19779 81.5
      vertex -24.5835 3.96287 93
    endloop
  endfacet
  facet normal -0.994522 0.104524 -8.43849e-07
    outer loop
      vertex -24.7482 2.3957 81.5
      vertex -24.5835 3.96287 93
      vertex -24.4537 5.19779 81.5
    endloop
  endfacet
  facet normal -0.994523 0.104518 0
    outer loop
      vertex -24.5835 3.96287 93
      vertex -24.7482 2.3957 81.5
      vertex -24.7482 2.3957 93
    endloop
  endfacet
  facet normal -0.994522 0.104532 0
    outer loop
      vertex -24.4537 5.19779 81.5
      vertex -24.5835 3.96287 97
      vertex -24.4537 5.19779 110
    endloop
  endfacet
  facet normal -0.994523 0.104518 0
    outer loop
      vertex -24.7482 2.3957 110
      vertex -24.5835 3.96287 97
      vertex -24.7482 2.3957 97
    endloop
  endfacet
  facet normal -0.994522 0.104524 7.46482e-07
    outer loop
      vertex -24.5835 3.96287 97
      vertex -24.7482 2.3957 110
      vertex -24.4537 5.19779 110
    endloop
  endfacet
  facet normal 0.207906 0.978149 -0
    outer loop
      vertex 7.72542 23.7764 81.5
      vertex 2.61321 24.863 110
      vertex 7.72542 23.7764 110
    endloop
  endfacet
  facet normal 0.207906 0.978149 0
    outer loop
      vertex 2.61321 24.863 110
      vertex 7.72542 23.7764 81.5
      vertex 2.61321 24.863 81.5
    endloop
  endfacet
  facet normal 0.587798 0.809007 -1.04546e-06
    outer loop
      vertex 16.7283 18.5786 110
      vertex 15.6568 19.3571 97
      vertex 14.4217 20.2545 110
    endloop
  endfacet
  facet normal 0.58779 0.809014 -0
    outer loop
      vertex 16.7283 18.5786 81.5
      vertex 15.6568 19.3571 97
      vertex 16.7283 18.5786 110
    endloop
  endfacet
  facet normal 0.58779 0.809014 0
    outer loop
      vertex 15.6568 19.3571 97
      vertex 16.7283 18.5786 81.5
      vertex 15.6568 19.3571 93
    endloop
  endfacet
  facet normal 0.587798 0.809007 1.18183e-06
    outer loop
      vertex 14.4217 20.2545 81.5
      vertex 15.6568 19.3571 93
      vertex 16.7283 18.5786 81.5
    endloop
  endfacet
  facet normal 0.587806 0.809002 0
    outer loop
      vertex 15.6568 19.3571 93
      vertex 14.4217 20.2545 81.5
      vertex 14.4217 20.2545 93
    endloop
  endfacet
  facet normal 0.587806 0.809002 0
    outer loop
      vertex 14.4217 20.2545 110
      vertex 15.6568 19.3571 97
      vertex 14.4217 20.2545 97
    endloop
  endfacet
  facet normal -0.207906 0.978149 0
    outer loop
      vertex -2.61321 24.863 81.5
      vertex -7.72542 23.7764 110
      vertex -2.61321 24.863 110
    endloop
  endfacet
  facet normal -0.207906 0.978149 0
    outer loop
      vertex -7.72542 23.7764 110
      vertex -2.61321 24.863 81.5
      vertex -7.72542 23.7764 81.5
    endloop
  endfacet
  facet normal 0.406726 -0.91355 4.52047e-07
    outer loop
      vertex 7.72542 -23.7764 110
      vertex 8.94462 -23.2336 97
      vertex 10.3893 -22.5904 110
    endloop
  endfacet
  facet normal 0.406722 -0.913552 0
    outer loop
      vertex 7.72542 -23.7764 81.5
      vertex 8.94462 -23.2336 97
      vertex 7.72542 -23.7764 110
    endloop
  endfacet
  facet normal 0.406722 -0.913552 0
    outer loop
      vertex 8.94462 -23.2336 97
      vertex 7.72542 -23.7764 81.5
      vertex 8.94462 -23.2336 93
    endloop
  endfacet
  facet normal 0.406726 -0.91355 -5.1101e-07
    outer loop
      vertex 10.3893 -22.5904 81.5
      vertex 8.94462 -23.2336 93
      vertex 7.72542 -23.7764 81.5
    endloop
  endfacet
  facet normal 0.40673 -0.913549 0
    outer loop
      vertex 8.94462 -23.2336 93
      vertex 10.3893 -22.5904 81.5
      vertex 10.3893 -22.5904 93
    endloop
  endfacet
  facet normal 0.40673 -0.913549 0
    outer loop
      vertex 10.3893 -22.5904 110
      vertex 8.94462 -23.2336 97
      vertex 10.3893 -22.5904 97
    endloop
  endfacet
  facet normal 0 -1 0
    outer loop
      vertex -2.61321 -24.863 81.5
      vertex 2.61321 -24.863 110
      vertex -2.61321 -24.863 110
    endloop
  endfacet
  facet normal 0 -1 -0
    outer loop
      vertex 2.61321 -24.863 110
      vertex -2.61321 -24.863 81.5
      vertex 2.61321 -24.863 81.5
    endloop
  endfacet
  facet normal -0.207906 -0.978149 0
    outer loop
      vertex -7.72542 -23.7764 81.5
      vertex -2.61321 -24.863 110
      vertex -7.72542 -23.7764 110
    endloop
  endfacet
  facet normal -0.207906 -0.978149 -0
    outer loop
      vertex -2.61321 -24.863 110
      vertex -7.72542 -23.7764 81.5
      vertex -2.61321 -24.863 81.5
    endloop
  endfacet
  facet normal -0.951054 0.309026 0
    outer loop
      vertex -24.4537 5.19779 81.5
      vertex -22.8386 10.1684 110
      vertex -22.8386 10.1684 81.5
    endloop
  endfacet
  facet normal -0.951054 0.309026 0
    outer loop
      vertex -22.8386 10.1684 110
      vertex -24.4537 5.19779 81.5
      vertex -24.4537 5.19779 110
    endloop
  endfacet
  facet normal -0.743147 -0.669129 0
    outer loop
      vertex -6.69131 -7.43145 -72.5
      vertex -8.09017 -5.87785 72.5
      vertex -8.09017 -5.87785 -72.5
    endloop
  endfacet
  facet normal -0.743147 -0.669129 0
    outer loop
      vertex -8.09017 -5.87785 72.5
      vertex -6.69131 -7.43145 -72.5
      vertex -6.69131 -7.43145 72.5
    endloop
  endfacet
  facet normal 0.743147 0.669129 0
    outer loop
      vertex -6.69131 -7.43145 110
      vertex -8.09017 -5.87785 80
      vertex -8.09017 -5.87785 110
    endloop
  endfacet
  facet normal 0.743147 0.669129 0
    outer loop
      vertex -8.09017 -5.87785 80
      vertex -6.69131 -7.43145 110
      vertex -6.69131 -7.43145 80
    endloop
  endfacet
  facet normal 0.743147 0.669129 0
    outer loop
      vertex -6.69131 -7.43145 -80
      vertex -8.09017 -5.87785 -110
      vertex -8.09017 -5.87785 -80
    endloop
  endfacet
  facet normal 0.743147 0.669129 0
    outer loop
      vertex -8.09017 -5.87785 -110
      vertex -6.69131 -7.43145 -80
      vertex -6.69131 -7.43145 -110
    endloop
  endfacet
  facet normal -0.951055 -0.309021 0
    outer loop
      vertex 9.78148 2.07912 80
      vertex 9.13545 4.06737 110
      vertex 9.13545 4.06737 80
    endloop
  endfacet
  facet normal -0.951055 -0.309021 0
    outer loop
      vertex 9.13545 4.06737 110
      vertex 9.78148 2.07912 80
      vertex 9.78148 2.07912 110
    endloop
  endfacet
  facet normal 0.951055 0.309021 0
    outer loop
      vertex 9.78148 2.07912 72.5
      vertex 9.13545 4.06737 -72.5
      vertex 9.13545 4.06737 72.5
    endloop
  endfacet
  facet normal 0.951055 0.309021 0
    outer loop
      vertex 9.13545 4.06737 -72.5
      vertex 9.78148 2.07912 72.5
      vertex 9.78148 2.07912 -72.5
    endloop
  endfacet
  facet normal -0.951055 -0.309021 0
    outer loop
      vertex 9.78148 2.07912 -110
      vertex 9.13545 4.06737 -80
      vertex 9.13545 4.06737 -110
    endloop
  endfacet
  facet normal -0.951055 -0.309021 0
    outer loop
      vertex 9.13545 4.06737 -80
      vertex 9.78148 2.07912 -110
      vertex 9.78148 2.07912 -80
    endloop
  endfacet
  facet normal -0.994522 -0.104526 0
    outer loop
      vertex 10 0 80
      vertex 9.78148 2.07912 110
      vertex 9.78148 2.07912 80
    endloop
  endfacet
  facet normal -0.994522 -0.104526 0
    outer loop
      vertex 9.78148 2.07912 110
      vertex 10 0 80
      vertex 10 0 110
    endloop
  endfacet
  facet normal 0.994522 0.104526 0
    outer loop
      vertex 10 0 72.5
      vertex 9.78148 2.07912 -72.5
      vertex 9.78148 2.07912 72.5
    endloop
  endfacet
  facet normal 0.994522 0.104526 0
    outer loop
      vertex 9.78148 2.07912 -72.5
      vertex 10 0 72.5
      vertex 10 0 -72.5
    endloop
  endfacet
  facet normal -0.994522 -0.104526 0
    outer loop
      vertex 10 0 -110
      vertex 9.78148 2.07912 -80
      vertex 9.78148 2.07912 -110
    endloop
  endfacet
  facet normal -0.994522 -0.104526 0
    outer loop
      vertex 9.78148 2.07912 -80
      vertex 10 0 -110
      vertex 10 0 -80
    endloop
  endfacet
  facet normal -0.866026 -0.5 0
    outer loop
      vertex 9.13545 4.06737 80
      vertex 8.09017 5.87785 110
      vertex 8.09017 5.87785 80
    endloop
  endfacet
  facet normal -0.866026 -0.5 0
    outer loop
      vertex 8.09017 5.87785 110
      vertex 9.13545 4.06737 80
      vertex 9.13545 4.06737 110
    endloop
  endfacet
  facet normal 0.866026 0.5 0
    outer loop
      vertex 9.13545 4.06737 72.5
      vertex 8.09017 5.87785 -72.5
      vertex 8.09017 5.87785 72.5
    endloop
  endfacet
  facet normal 0.866026 0.5 0
    outer loop
      vertex 8.09017 5.87785 -72.5
      vertex 9.13545 4.06737 72.5
      vertex 9.13545 4.06737 -72.5
    endloop
  endfacet
  facet normal -0.866026 -0.5 0
    outer loop
      vertex 9.13545 4.06737 -110
      vertex 8.09017 5.87785 -80
      vertex 8.09017 5.87785 -110
    endloop
  endfacet
  facet normal -0.866026 -0.5 0
    outer loop
      vertex 8.09017 5.87785 -80
      vertex 9.13545 4.06737 -110
      vertex 9.13545 4.06737 -80
    endloop
  endfacet
  facet normal 0.951055 -0.309021 0
    outer loop
      vertex 9.13545 -4.06737 72.5
      vertex 9.78148 -2.07912 -72.5
      vertex 9.78148 -2.07912 72.5
    endloop
  endfacet
  facet normal 0.951055 -0.309021 0
    outer loop
      vertex 9.78148 -2.07912 -72.5
      vertex 9.13545 -4.06737 72.5
      vertex 9.13545 -4.06737 -72.5
    endloop
  endfacet
  facet normal -0.951055 0.309021 0
    outer loop
      vertex 9.13545 -4.06737 80
      vertex 9.78148 -2.07912 110
      vertex 9.78148 -2.07912 80
    endloop
  endfacet
  facet normal -0.951055 0.309021 0
    outer loop
      vertex 9.78148 -2.07912 110
      vertex 9.13545 -4.06737 80
      vertex 9.13545 -4.06737 110
    endloop
  endfacet
  facet normal -0.951055 0.309021 0
    outer loop
      vertex 9.13545 -4.06737 -110
      vertex 9.78148 -2.07912 -80
      vertex 9.78148 -2.07912 -110
    endloop
  endfacet
  facet normal -0.951055 0.309021 0
    outer loop
      vertex 9.78148 -2.07912 -80
      vertex 9.13545 -4.06737 -110
      vertex 9.13545 -4.06737 -80
    endloop
  endfacet
  facet normal 0.587783 -0.809019 0
    outer loop
      vertex -6.69131 7.43145 80
      vertex -5 8.66025 110
      vertex -6.69131 7.43145 110
    endloop
  endfacet
  facet normal 0.587783 -0.809019 0
    outer loop
      vertex -5 8.66025 110
      vertex -6.69131 7.43145 80
      vertex -5 8.66025 80
    endloop
  endfacet
  facet normal -0.587783 0.809019 0
    outer loop
      vertex -5 8.66025 -72.5
      vertex -6.69131 7.43145 72.5
      vertex -5 8.66025 72.5
    endloop
  endfacet
  facet normal -0.587783 0.809019 0
    outer loop
      vertex -6.69131 7.43145 72.5
      vertex -5 8.66025 -72.5
      vertex -6.69131 7.43145 -72.5
    endloop
  endfacet
  facet normal 0.587783 -0.809019 0
    outer loop
      vertex -6.69131 7.43145 -110
      vertex -5 8.66025 -80
      vertex -6.69131 7.43145 -80
    endloop
  endfacet
  facet normal 0.587783 -0.809019 0
    outer loop
      vertex -5 8.66025 -80
      vertex -6.69131 7.43145 -110
      vertex -5 8.66025 -110
    endloop
  endfacet
  facet normal 0.587783 -0.809019 0
    outer loop
      vertex 5 -8.66025 -72.5
      vertex 6.69131 -7.43145 72.5
      vertex 5 -8.66025 72.5
    endloop
  endfacet
  facet normal 0.587783 -0.809019 0
    outer loop
      vertex 6.69131 -7.43145 72.5
      vertex 5 -8.66025 -72.5
      vertex 6.69131 -7.43145 -72.5
    endloop
  endfacet
  facet normal -0.587783 0.809019 0
    outer loop
      vertex 6.69131 -7.43145 80
      vertex 5 -8.66025 110
      vertex 6.69131 -7.43145 110
    endloop
  endfacet
  facet normal -0.587783 0.809019 0
    outer loop
      vertex 5 -8.66025 110
      vertex 6.69131 -7.43145 80
      vertex 5 -8.66025 80
    endloop
  endfacet
  facet normal -0.587783 0.809019 0
    outer loop
      vertex 6.69131 -7.43145 -110
      vertex 5 -8.66025 -80
      vertex 6.69131 -7.43145 -80
    endloop
  endfacet
  facet normal -0.587783 0.809019 0
    outer loop
      vertex 5 -8.66025 -80
      vertex 6.69131 -7.43145 -110
      vertex 5 -8.66025 -110
    endloop
  endfacet
  facet normal 0.743147 -0.669129 0
    outer loop
      vertex 6.69131 -7.43145 72.5
      vertex 8.09017 -5.87785 -72.5
      vertex 8.09017 -5.87785 72.5
    endloop
  endfacet
  facet normal 0.743147 -0.669129 0
    outer loop
      vertex 8.09017 -5.87785 -72.5
      vertex 6.69131 -7.43145 72.5
      vertex 6.69131 -7.43145 -72.5
    endloop
  endfacet
  facet normal -0.743147 0.669129 0
    outer loop
      vertex 6.69131 -7.43145 80
      vertex 8.09017 -5.87785 110
      vertex 8.09017 -5.87785 80
    endloop
  endfacet
  facet normal -0.743147 0.669129 0
    outer loop
      vertex 8.09017 -5.87785 110
      vertex 6.69131 -7.43145 80
      vertex 6.69131 -7.43145 110
    endloop
  endfacet
  facet normal -0.743147 0.669129 0
    outer loop
      vertex 6.69131 -7.43145 -110
      vertex 8.09017 -5.87785 -80
      vertex 8.09017 -5.87785 -110
    endloop
  endfacet
  facet normal -0.743147 0.669129 0
    outer loop
      vertex 8.09017 -5.87785 -80
      vertex 6.69131 -7.43145 -110
      vertex 6.69131 -7.43145 -80
    endloop
  endfacet
  facet normal 0.994522 -0.104526 0
    outer loop
      vertex 9.78148 -2.07912 72.5
      vertex 10 0 -72.5
      vertex 10 0 72.5
    endloop
  endfacet
  facet normal 0.994522 -0.104526 0
    outer loop
      vertex 10 0 -72.5
      vertex 9.78148 -2.07912 72.5
      vertex 9.78148 -2.07912 -72.5
    endloop
  endfacet
  facet normal -0.994522 0.104526 0
    outer loop
      vertex 9.78148 -2.07912 80
      vertex 10 0 110
      vertex 10 0 80
    endloop
  endfacet
  facet normal -0.994522 0.104526 0
    outer loop
      vertex 10 0 110
      vertex 9.78148 -2.07912 80
      vertex 9.78148 -2.07912 110
    endloop
  endfacet
  facet normal -0.994522 0.104526 0
    outer loop
      vertex 9.78148 -2.07912 -110
      vertex 10 0 -80
      vertex 10 0 -110
    endloop
  endfacet
  facet normal -0.994522 0.104526 0
    outer loop
      vertex 10 0 -80
      vertex 9.78148 -2.07912 -110
      vertex 9.78148 -2.07912 -80
    endloop
  endfacet
  facet normal -0.406736 -0.913546 0
    outer loop
      vertex -5 -8.66025 -72.5
      vertex -3.09017 -9.51056 72.5
      vertex -5 -8.66025 72.5
    endloop
  endfacet
  facet normal -0.406736 -0.913546 -0
    outer loop
      vertex -3.09017 -9.51056 72.5
      vertex -5 -8.66025 -72.5
      vertex -3.09017 -9.51056 -72.5
    endloop
  endfacet
  facet normal 0.406736 0.913546 -0
    outer loop
      vertex -3.09017 -9.51056 80
      vertex -5 -8.66025 110
      vertex -3.09017 -9.51056 110
    endloop
  endfacet
  facet normal 0.406736 0.913546 0
    outer loop
      vertex -5 -8.66025 110
      vertex -3.09017 -9.51056 80
      vertex -5 -8.66025 80
    endloop
  endfacet
  facet normal 0.406736 0.913546 -0
    outer loop
      vertex -3.09017 -9.51056 -110
      vertex -5 -8.66025 -80
      vertex -3.09017 -9.51056 -80
    endloop
  endfacet
  facet normal 0.406736 0.913546 0
    outer loop
      vertex -5 -8.66025 -80
      vertex -3.09017 -9.51056 -110
      vertex -5 -8.66025 -110
    endloop
  endfacet
  facet normal -0.406736 -0.913546 0
    outer loop
      vertex 3.09017 9.51056 80
      vertex 5 8.66025 110
      vertex 3.09017 9.51056 110
    endloop
  endfacet
  facet normal -0.406736 -0.913546 -0
    outer loop
      vertex 5 8.66025 110
      vertex 3.09017 9.51056 80
      vertex 5 8.66025 80
    endloop
  endfacet
  facet normal 0.406736 0.913546 -0
    outer loop
      vertex 5 8.66025 -72.5
      vertex 3.09017 9.51056 72.5
      vertex 5 8.66025 72.5
    endloop
  endfacet
  facet normal 0.406736 0.913546 0
    outer loop
      vertex 3.09017 9.51056 72.5
      vertex 5 8.66025 -72.5
      vertex 3.09017 9.51056 -72.5
    endloop
  endfacet
  facet normal -0.406736 -0.913546 0
    outer loop
      vertex 3.09017 9.51056 -110
      vertex 5 8.66025 -80
      vertex 3.09017 9.51056 -80
    endloop
  endfacet
  facet normal -0.406736 -0.913546 -0
    outer loop
      vertex 5 8.66025 -80
      vertex 3.09017 9.51056 -110
      vertex 5 8.66025 -110
    endloop
  endfacet
  facet normal -0.743147 -0.669129 0
    outer loop
      vertex 8.09017 5.87785 80
      vertex 6.69131 7.43145 110
      vertex 6.69131 7.43145 80
    endloop
  endfacet
  facet normal -0.743147 -0.669129 0
    outer loop
      vertex 6.69131 7.43145 110
      vertex 8.09017 5.87785 80
      vertex 8.09017 5.87785 110
    endloop
  endfacet
  facet normal 0.743147 0.669129 0
    outer loop
      vertex 8.09017 5.87785 72.5
      vertex 6.69131 7.43145 -72.5
      vertex 6.69131 7.43145 72.5
    endloop
  endfacet
  facet normal 0.743147 0.669129 0
    outer loop
      vertex 6.69131 7.43145 -72.5
      vertex 8.09017 5.87785 72.5
      vertex 8.09017 5.87785 -72.5
    endloop
  endfacet
  facet normal -0.743147 -0.669129 0
    outer loop
      vertex 8.09017 5.87785 -110
      vertex 6.69131 7.43145 -80
      vertex 6.69131 7.43145 -110
    endloop
  endfacet
  facet normal -0.743147 -0.669129 0
    outer loop
      vertex 6.69131 7.43145 -80
      vertex 8.09017 5.87785 -110
      vertex 8.09017 5.87785 -80
    endloop
  endfacet
  facet normal -0.587783 -0.809019 0
    outer loop
      vertex -6.69131 -7.43145 -72.5
      vertex -5 -8.66025 72.5
      vertex -6.69131 -7.43145 72.5
    endloop
  endfacet
  facet normal -0.587783 -0.809019 -0
    outer loop
      vertex -5 -8.66025 72.5
      vertex -6.69131 -7.43145 -72.5
      vertex -5 -8.66025 -72.5
    endloop
  endfacet
  facet normal 0.587783 0.809019 -0
    outer loop
      vertex -5 -8.66025 80
      vertex -6.69131 -7.43145 110
      vertex -5 -8.66025 110
    endloop
  endfacet
  facet normal 0.587783 0.809019 0
    outer loop
      vertex -6.69131 -7.43145 110
      vertex -5 -8.66025 80
      vertex -6.69131 -7.43145 80
    endloop
  endfacet
  facet normal 0.587783 0.809019 -0
    outer loop
      vertex -5 -8.66025 -110
      vertex -6.69131 -7.43145 -80
      vertex -5 -8.66025 -80
    endloop
  endfacet
  facet normal 0.587783 0.809019 0
    outer loop
      vertex -6.69131 -7.43145 -80
      vertex -5 -8.66025 -110
      vertex -6.69131 -7.43145 -110
    endloop
  endfacet
  facet normal 0.743147 -0.669129 0
    outer loop
      vertex -8.09017 5.87785 110
      vertex -6.69131 7.43145 80
      vertex -6.69131 7.43145 110
    endloop
  endfacet
  facet normal 0.743147 -0.669129 0
    outer loop
      vertex -6.69131 7.43145 80
      vertex -8.09017 5.87785 110
      vertex -8.09017 5.87785 80
    endloop
  endfacet
  facet normal -0.743147 0.669129 0
    outer loop
      vertex -8.09017 5.87785 -72.5
      vertex -6.69131 7.43145 72.5
      vertex -6.69131 7.43145 -72.5
    endloop
  endfacet
  facet normal -0.743147 0.669129 0
    outer loop
      vertex -6.69131 7.43145 72.5
      vertex -8.09017 5.87785 -72.5
      vertex -8.09017 5.87785 72.5
    endloop
  endfacet
  facet normal 0.743147 -0.669129 0
    outer loop
      vertex -8.09017 5.87785 -80
      vertex -6.69131 7.43145 -110
      vertex -6.69131 7.43145 -80
    endloop
  endfacet
  facet normal 0.743147 -0.669129 0
    outer loop
      vertex -6.69131 7.43145 -110
      vertex -8.09017 5.87785 -80
      vertex -8.09017 5.87785 -110
    endloop
  endfacet
  facet normal 0 -1 0
    outer loop
      vertex -1.04528 9.94522 80
      vertex 1.04528 9.94522 110
      vertex -1.04528 9.94522 110
    endloop
  endfacet
  facet normal 0 -1 -0
    outer loop
      vertex 1.04528 9.94522 110
      vertex -1.04528 9.94522 80
      vertex 1.04528 9.94522 80
    endloop
  endfacet
  facet normal 0 1 -0
    outer loop
      vertex 1.04528 9.94522 -72.5
      vertex -1.04528 9.94522 72.5
      vertex 1.04528 9.94522 72.5
    endloop
  endfacet
  facet normal 0 1 0
    outer loop
      vertex -1.04528 9.94522 72.5
      vertex 1.04528 9.94522 -72.5
      vertex -1.04528 9.94522 -72.5
    endloop
  endfacet
  facet normal 0 -1 0
    outer loop
      vertex -1.04528 9.94522 -110
      vertex 1.04528 9.94522 -80
      vertex -1.04528 9.94522 -80
    endloop
  endfacet
  facet normal 0 -1 -0
    outer loop
      vertex 1.04528 9.94522 -80
      vertex -1.04528 9.94522 -110
      vertex 1.04528 9.94522 -110
    endloop
  endfacet
  facet normal 0.406736 -0.913546 0
    outer loop
      vertex 3.09017 -9.51056 -72.5
      vertex 5 -8.66025 72.5
      vertex 3.09017 -9.51056 72.5
    endloop
  endfacet
  facet normal 0.406736 -0.913546 0
    outer loop
      vertex 5 -8.66025 72.5
      vertex 3.09017 -9.51056 -72.5
      vertex 5 -8.66025 -72.5
    endloop
  endfacet
  facet normal -0.406736 0.913546 0
    outer loop
      vertex 5 -8.66025 80
      vertex 3.09017 -9.51056 110
      vertex 5 -8.66025 110
    endloop
  endfacet
  facet normal -0.406736 0.913546 0
    outer loop
      vertex 3.09017 -9.51056 110
      vertex 5 -8.66025 80
      vertex 3.09017 -9.51056 80
    endloop
  endfacet
  facet normal -0.406736 0.913546 0
    outer loop
      vertex 5 -8.66025 -110
      vertex 3.09017 -9.51056 -80
      vertex 5 -8.66025 -80
    endloop
  endfacet
  facet normal -0.406736 0.913546 0
    outer loop
      vertex 3.09017 -9.51056 -80
      vertex 5 -8.66025 -110
      vertex 3.09017 -9.51056 -110
    endloop
  endfacet
  facet normal 0.207914 -0.978147 0
    outer loop
      vertex 1.04528 -9.94522 -72.5
      vertex 3.09017 -9.51056 72.5
      vertex 1.04528 -9.94522 72.5
    endloop
  endfacet
  facet normal 0.207914 -0.978147 0
    outer loop
      vertex 3.09017 -9.51056 72.5
      vertex 1.04528 -9.94522 -72.5
      vertex 3.09017 -9.51056 -72.5
    endloop
  endfacet
  facet normal -0.207914 0.978147 0
    outer loop
      vertex 3.09017 -9.51056 80
      vertex 1.04528 -9.94522 110
      vertex 3.09017 -9.51056 110
    endloop
  endfacet
  facet normal -0.207914 0.978147 0
    outer loop
      vertex 1.04528 -9.94522 110
      vertex 3.09017 -9.51056 80
      vertex 1.04528 -9.94522 80
    endloop
  endfacet
  facet normal -0.207914 0.978147 0
    outer loop
      vertex 3.09017 -9.51056 -110
      vertex 1.04528 -9.94522 -80
      vertex 3.09017 -9.51056 -80
    endloop
  endfacet
  facet normal -0.207914 0.978147 0
    outer loop
      vertex 1.04528 -9.94522 -80
      vertex 3.09017 -9.51056 -110
      vertex 1.04528 -9.94522 -110
    endloop
  endfacet
  facet normal 0.951055 -0.309021 0
    outer loop
      vertex -9.78148 2.07912 110
      vertex -9.13545 4.06737 80
      vertex -9.13545 4.06737 110
    endloop
  endfacet
  facet normal 0.951055 -0.309021 0
    outer loop
      vertex -9.13545 4.06737 80
      vertex -9.78148 2.07912 110
      vertex -9.78148 2.07912 80
    endloop
  endfacet
  facet normal -0.951055 0.309021 0
    outer loop
      vertex -9.78148 2.07912 -72.5
      vertex -9.13545 4.06737 72.5
      vertex -9.13545 4.06737 -72.5
    endloop
  endfacet
  facet normal -0.951055 0.309021 0
    outer loop
      vertex -9.13545 4.06737 72.5
      vertex -9.78148 2.07912 -72.5
      vertex -9.78148 2.07912 72.5
    endloop
  endfacet
  facet normal 0.951055 -0.309021 0
    outer loop
      vertex -9.78148 2.07912 -80
      vertex -9.13545 4.06737 -110
      vertex -9.13545 4.06737 -80
    endloop
  endfacet
  facet normal 0.951055 -0.309021 0
    outer loop
      vertex -9.13545 4.06737 -110
      vertex -9.78148 2.07912 -80
      vertex -9.78148 2.07912 -110
    endloop
  endfacet
  facet normal -0.951055 -0.309021 0
    outer loop
      vertex -9.13545 -4.06737 -72.5
      vertex -9.78148 -2.07912 72.5
      vertex -9.78148 -2.07912 -72.5
    endloop
  endfacet
  facet normal -0.951055 -0.309021 0
    outer loop
      vertex -9.78148 -2.07912 72.5
      vertex -9.13545 -4.06737 -72.5
      vertex -9.13545 -4.06737 72.5
    endloop
  endfacet
  facet normal 0.951055 0.309021 0
    outer loop
      vertex -9.13545 -4.06737 110
      vertex -9.78148 -2.07912 80
      vertex -9.78148 -2.07912 110
    endloop
  endfacet
  facet normal 0.951055 0.309021 0
    outer loop
      vertex -9.78148 -2.07912 80
      vertex -9.13545 -4.06737 110
      vertex -9.13545 -4.06737 80
    endloop
  endfacet
  facet normal 0.951055 0.309021 0
    outer loop
      vertex -9.13545 -4.06737 -80
      vertex -9.78148 -2.07912 -110
      vertex -9.78148 -2.07912 -80
    endloop
  endfacet
  facet normal 0.951055 0.309021 0
    outer loop
      vertex -9.78148 -2.07912 -110
      vertex -9.13545 -4.06737 -80
      vertex -9.13545 -4.06737 -110
    endloop
  endfacet
  facet normal 0.406736 -0.913546 0
    outer loop
      vertex -5 8.66025 80
      vertex -3.09017 9.51056 110
      vertex -5 8.66025 110
    endloop
  endfacet
  facet normal 0.406736 -0.913546 0
    outer loop
      vertex -3.09017 9.51056 110
      vertex -5 8.66025 80
      vertex -3.09017 9.51056 80
    endloop
  endfacet
  facet normal -0.406736 0.913546 0
    outer loop
      vertex -3.09017 9.51056 -72.5
      vertex -5 8.66025 72.5
      vertex -3.09017 9.51056 72.5
    endloop
  endfacet
  facet normal -0.406736 0.913546 0
    outer loop
      vertex -5 8.66025 72.5
      vertex -3.09017 9.51056 -72.5
      vertex -5 8.66025 -72.5
    endloop
  endfacet
  facet normal 0.406736 -0.913546 0
    outer loop
      vertex -5 8.66025 -110
      vertex -3.09017 9.51056 -80
      vertex -5 8.66025 -80
    endloop
  endfacet
  facet normal 0.406736 -0.913546 0
    outer loop
      vertex -3.09017 9.51056 -80
      vertex -5 8.66025 -110
      vertex -3.09017 9.51056 -110
    endloop
  endfacet
  facet normal -0.207914 -0.978147 0
    outer loop
      vertex -3.09017 -9.51056 -72.5
      vertex -1.04528 -9.94522 72.5
      vertex -3.09017 -9.51056 72.5
    endloop
  endfacet
  facet normal -0.207914 -0.978147 -0
    outer loop
      vertex -1.04528 -9.94522 72.5
      vertex -3.09017 -9.51056 -72.5
      vertex -1.04528 -9.94522 -72.5
    endloop
  endfacet
  facet normal 0.207914 0.978147 -0
    outer loop
      vertex -1.04528 -9.94522 80
      vertex -3.09017 -9.51056 110
      vertex -1.04528 -9.94522 110
    endloop
  endfacet
  facet normal 0.207914 0.978147 0
    outer loop
      vertex -3.09017 -9.51056 110
      vertex -1.04528 -9.94522 80
      vertex -3.09017 -9.51056 80
    endloop
  endfacet
  facet normal 0.207914 0.978147 -0
    outer loop
      vertex -1.04528 -9.94522 -110
      vertex -3.09017 -9.51056 -80
      vertex -1.04528 -9.94522 -80
    endloop
  endfacet
  facet normal 0.207914 0.978147 0
    outer loop
      vertex -3.09017 -9.51056 -80
      vertex -1.04528 -9.94522 -110
      vertex -3.09017 -9.51056 -110
    endloop
  endfacet
  facet normal -0.207914 -0.978147 0
    outer loop
      vertex 1.04528 9.94522 80
      vertex 3.09017 9.51056 110
      vertex 1.04528 9.94522 110
    endloop
  endfacet
  facet normal -0.207914 -0.978147 -0
    outer loop
      vertex 3.09017 9.51056 110
      vertex 1.04528 9.94522 80
      vertex 3.09017 9.51056 80
    endloop
  endfacet
  facet normal 0.207914 0.978147 -0
    outer loop
      vertex 3.09017 9.51056 -72.5
      vertex 1.04528 9.94522 72.5
      vertex 3.09017 9.51056 72.5
    endloop
  endfacet
  facet normal 0.207914 0.978147 0
    outer loop
      vertex 1.04528 9.94522 72.5
      vertex 3.09017 9.51056 -72.5
      vertex 1.04528 9.94522 -72.5
    endloop
  endfacet
  facet normal -0.207914 -0.978147 0
    outer loop
      vertex 1.04528 9.94522 -110
      vertex 3.09017 9.51056 -80
      vertex 1.04528 9.94522 -80
    endloop
  endfacet
  facet normal -0.207914 -0.978147 -0
    outer loop
      vertex 3.09017 9.51056 -80
      vertex 1.04528 9.94522 -110
      vertex 3.09017 9.51056 -110
    endloop
  endfacet
  facet normal -0.994522 -0.104526 0
    outer loop
      vertex -9.78148 -2.07912 -72.5
      vertex -10 0 72.5
      vertex -10 0 -72.5
    endloop
  endfacet
  facet normal -0.994522 -0.104526 0
    outer loop
      vertex -10 0 72.5
      vertex -9.78148 -2.07912 -72.5
      vertex -9.78148 -2.07912 72.5
    endloop
  endfacet
  facet normal 0.994522 0.104526 0
    outer loop
      vertex -9.78148 -2.07912 110
      vertex -10 0 80
      vertex -10 0 110
    endloop
  endfacet
  facet normal 0.994522 0.104526 0
    outer loop
      vertex -10 0 80
      vertex -9.78148 -2.07912 110
      vertex -9.78148 -2.07912 80
    endloop
  endfacet
  facet normal 0.994522 0.104526 0
    outer loop
      vertex -9.78148 -2.07912 -80
      vertex -10 0 -110
      vertex -10 0 -80
    endloop
  endfacet
  facet normal 0.994522 0.104526 0
    outer loop
      vertex -10 0 -110
      vertex -9.78148 -2.07912 -80
      vertex -9.78148 -2.07912 -110
    endloop
  endfacet
  facet normal -0.866026 -0.5 0
    outer loop
      vertex -8.09017 -5.87785 -72.5
      vertex -9.13545 -4.06737 72.5
      vertex -9.13545 -4.06737 -72.5
    endloop
  endfacet
  facet normal -0.866026 -0.5 0
    outer loop
      vertex -9.13545 -4.06737 72.5
      vertex -8.09017 -5.87785 -72.5
      vertex -8.09017 -5.87785 72.5
    endloop
  endfacet
  facet normal 0.866026 0.5 0
    outer loop
      vertex -8.09017 -5.87785 110
      vertex -9.13545 -4.06737 80
      vertex -9.13545 -4.06737 110
    endloop
  endfacet
  facet normal 0.866026 0.5 0
    outer loop
      vertex -9.13545 -4.06737 80
      vertex -8.09017 -5.87785 110
      vertex -8.09017 -5.87785 80
    endloop
  endfacet
  facet normal 0.866026 0.5 0
    outer loop
      vertex -8.09017 -5.87785 -80
      vertex -9.13545 -4.06737 -110
      vertex -9.13545 -4.06737 -80
    endloop
  endfacet
  facet normal 0.866026 0.5 0
    outer loop
      vertex -9.13545 -4.06737 -110
      vertex -8.09017 -5.87785 -80
      vertex -8.09017 -5.87785 -110
    endloop
  endfacet
  facet normal 0.866026 -0.5 0
    outer loop
      vertex -9.13545 4.06737 110
      vertex -8.09017 5.87785 80
      vertex -8.09017 5.87785 110
    endloop
  endfacet
  facet normal 0.866026 -0.5 0
    outer loop
      vertex -8.09017 5.87785 80
      vertex -9.13545 4.06737 110
      vertex -9.13545 4.06737 80
    endloop
  endfacet
  facet normal -0.866026 0.5 0
    outer loop
      vertex -9.13545 4.06737 -72.5
      vertex -8.09017 5.87785 72.5
      vertex -8.09017 5.87785 -72.5
    endloop
  endfacet
  facet normal -0.866026 0.5 0
    outer loop
      vertex -8.09017 5.87785 72.5
      vertex -9.13545 4.06737 -72.5
      vertex -9.13545 4.06737 72.5
    endloop
  endfacet
  facet normal 0.866026 -0.5 0
    outer loop
      vertex -9.13545 4.06737 -80
      vertex -8.09017 5.87785 -110
      vertex -8.09017 5.87785 -80
    endloop
  endfacet
  facet normal 0.866026 -0.5 0
    outer loop
      vertex -8.09017 5.87785 -110
      vertex -9.13545 4.06737 -80
      vertex -9.13545 4.06737 -110
    endloop
  endfacet
  facet normal 0.866026 -0.5 0
    outer loop
      vertex 8.09017 -5.87785 72.5
      vertex 9.13545 -4.06737 -72.5
      vertex 9.13545 -4.06737 72.5
    endloop
  endfacet
  facet normal 0.866026 -0.5 0
    outer loop
      vertex 9.13545 -4.06737 -72.5
      vertex 8.09017 -5.87785 72.5
      vertex 8.09017 -5.87785 -72.5
    endloop
  endfacet
  facet normal -0.866026 0.5 0
    outer loop
      vertex 8.09017 -5.87785 80
      vertex 9.13545 -4.06737 110
      vertex 9.13545 -4.06737 80
    endloop
  endfacet
  facet normal -0.866026 0.5 0
    outer loop
      vertex 9.13545 -4.06737 110
      vertex 8.09017 -5.87785 80
      vertex 8.09017 -5.87785 110
    endloop
  endfacet
  facet normal -0.866026 0.5 0
    outer loop
      vertex 8.09017 -5.87785 -110
      vertex 9.13545 -4.06737 -80
      vertex 9.13545 -4.06737 -110
    endloop
  endfacet
  facet normal -0.866026 0.5 0
    outer loop
      vertex 9.13545 -4.06737 -80
      vertex 8.09017 -5.87785 -110
      vertex 8.09017 -5.87785 -80
    endloop
  endfacet
  facet normal -0.587783 -0.809019 0
    outer loop
      vertex 5 8.66025 80
      vertex 6.69131 7.43145 110
      vertex 5 8.66025 110
    endloop
  endfacet
  facet normal -0.587783 -0.809019 -0
    outer loop
      vertex 6.69131 7.43145 110
      vertex 5 8.66025 80
      vertex 6.69131 7.43145 80
    endloop
  endfacet
  facet normal 0.587783 0.809019 -0
    outer loop
      vertex 6.69131 7.43145 -72.5
      vertex 5 8.66025 72.5
      vertex 6.69131 7.43145 72.5
    endloop
  endfacet
  facet normal 0.587783 0.809019 0
    outer loop
      vertex 5 8.66025 72.5
      vertex 6.69131 7.43145 -72.5
      vertex 5 8.66025 -72.5
    endloop
  endfacet
  facet normal -0.587783 -0.809019 0
    outer loop
      vertex 5 8.66025 -110
      vertex 6.69131 7.43145 -80
      vertex 5 8.66025 -80
    endloop
  endfacet
  facet normal -0.587783 -0.809019 -0
    outer loop
      vertex 6.69131 7.43145 -80
      vertex 5 8.66025 -110
      vertex 6.69131 7.43145 -110
    endloop
  endfacet
  facet normal 0.207914 -0.978147 0
    outer loop
      vertex -3.09017 9.51056 80
      vertex -1.04528 9.94522 110
      vertex -3.09017 9.51056 110
    endloop
  endfacet
  facet normal 0.207914 -0.978147 0
    outer loop
      vertex -1.04528 9.94522 110
      vertex -3.09017 9.51056 80
      vertex -1.04528 9.94522 80
    endloop
  endfacet
  facet normal -0.207914 0.978147 0
    outer loop
      vertex -1.04528 9.94522 -72.5
      vertex -3.09017 9.51056 72.5
      vertex -1.04528 9.94522 72.5
    endloop
  endfacet
  facet normal -0.207914 0.978147 0
    outer loop
      vertex -3.09017 9.51056 72.5
      vertex -1.04528 9.94522 -72.5
      vertex -3.09017 9.51056 -72.5
    endloop
  endfacet
  facet normal 0.207914 -0.978147 0
    outer loop
      vertex -3.09017 9.51056 -110
      vertex -1.04528 9.94522 -80
      vertex -3.09017 9.51056 -80
    endloop
  endfacet
  facet normal 0.207914 -0.978147 0
    outer loop
      vertex -1.04528 9.94522 -80
      vertex -3.09017 9.51056 -110
      vertex -1.04528 9.94522 -110
    endloop
  endfacet
  facet normal 0 -1 0
    outer loop
      vertex -1.04528 -9.94522 -72.5
      vertex 1.04528 -9.94522 72.5
      vertex -1.04528 -9.94522 72.5
    endloop
  endfacet
  facet normal 0 -1 -0
    outer loop
      vertex 1.04528 -9.94522 72.5
      vertex -1.04528 -9.94522 -72.5
      vertex 1.04528 -9.94522 -72.5
    endloop
  endfacet
  facet normal 0 1 -0
    outer loop
      vertex 1.04528 -9.94522 80
      vertex -1.04528 -9.94522 110
      vertex 1.04528 -9.94522 110
    endloop
  endfacet
  facet normal 0 1 0
    outer loop
      vertex -1.04528 -9.94522 110
      vertex 1.04528 -9.94522 80
      vertex -1.04528 -9.94522 80
    endloop
  endfacet
  facet normal 0 1 -0
    outer loop
      vertex 1.04528 -9.94522 -110
      vertex -1.04528 -9.94522 -80
      vertex 1.04528 -9.94522 -80
    endloop
  endfacet
  facet normal 0 1 0
    outer loop
      vertex -1.04528 -9.94522 -80
      vertex 1.04528 -9.94522 -110
      vertex -1.04528 -9.94522 -110
    endloop
  endfacet
  facet normal 0.994522 -0.104526 0
    outer loop
      vertex -10 0 110
      vertex -9.78148 2.07912 80
      vertex -9.78148 2.07912 110
    endloop
  endfacet
  facet normal 0.994522 -0.104526 0
    outer loop
      vertex -9.78148 2.07912 80
      vertex -10 0 110
      vertex -10 0 80
    endloop
  endfacet
  facet normal -0.994522 0.104526 0
    outer loop
      vertex -10 0 -72.5
      vertex -9.78148 2.07912 72.5
      vertex -9.78148 2.07912 -72.5
    endloop
  endfacet
  facet normal -0.994522 0.104526 0
    outer loop
      vertex -9.78148 2.07912 72.5
      vertex -10 0 -72.5
      vertex -10 0 72.5
    endloop
  endfacet
  facet normal 0.994522 -0.104526 0
    outer loop
      vertex -10 0 -80
      vertex -9.78148 2.07912 -110
      vertex -9.78148 2.07912 -80
    endloop
  endfacet
  facet normal 0.994522 -0.104526 0
    outer loop
      vertex -9.78148 2.07912 -110
      vertex -10 0 -80
      vertex -10 0 -110
    endloop
  endfacet
  facet normal 0.382676 0.923883 -0
    outer loop
      vertex 26.7678 1.76777 81.5
      vertex 25 2.5 93
      vertex 26.7678 1.76777 93
    endloop
  endfacet
  facet normal 0.382676 0.923883 0
    outer loop
      vertex 25 2.5 93
      vertex 26.7678 1.76777 81.5
      vertex 25 2.5 81.5
    endloop
  endfacet
  facet normal 0.382676 0.923883 -0
    outer loop
      vertex 26.7678 1.76777 65
      vertex 25 2.5 72.5
      vertex 26.7678 1.76777 72.5
    endloop
  endfacet
  facet normal 0.382676 0.923883 0
    outer loop
      vertex 25 2.5 72.5
      vertex 26.7678 1.76777 65
      vertex 25 2.5 65
    endloop
  endfacet
  facet normal 0.923886 0.382668 0
    outer loop
      vertex 27.5 0 93
      vertex 26.7678 1.76777 81.5
      vertex 26.7678 1.76777 93
    endloop
  endfacet
  facet normal 0.923886 0.382668 0
    outer loop
      vertex 26.7678 1.76777 81.5
      vertex 27.5 0 93
      vertex 27.5 0 81.5
    endloop
  endfacet
  facet normal 0.923886 0.382668 0
    outer loop
      vertex 27.5 0 72.5
      vertex 26.7678 1.76777 65
      vertex 26.7678 1.76777 72.5
    endloop
  endfacet
  facet normal 0.923886 0.382668 0
    outer loop
      vertex 26.7678 1.76777 65
      vertex 27.5 0 72.5
      vertex 27.5 0 65
    endloop
  endfacet
  facet normal 0.923886 -0.382668 0
    outer loop
      vertex 26.7678 -1.76777 93
      vertex 27.5 0 81.5
      vertex 27.5 0 93
    endloop
  endfacet
  facet normal 0.923886 -0.382668 0
    outer loop
      vertex 27.5 0 81.5
      vertex 26.7678 -1.76777 93
      vertex 26.7678 -1.76777 81.5
    endloop
  endfacet
  facet normal 0.923886 -0.382668 0
    outer loop
      vertex 26.7678 -1.76777 72.5
      vertex 27.5 0 65
      vertex 27.5 0 72.5
    endloop
  endfacet
  facet normal 0.923886 -0.382668 0
    outer loop
      vertex 27.5 0 65
      vertex 26.7678 -1.76777 72.5
      vertex 26.7678 -1.76777 65
    endloop
  endfacet
  facet normal 0.382676 -0.923883 0
    outer loop
      vertex 25 -2.5 81.5
      vertex 26.7678 -1.76777 93
      vertex 25 -2.5 93
    endloop
  endfacet
  facet normal 0.382676 -0.923883 0
    outer loop
      vertex 26.7678 -1.76777 93
      vertex 25 -2.5 81.5
      vertex 26.7678 -1.76777 81.5
    endloop
  endfacet
  facet normal 0.382676 -0.923883 0
    outer loop
      vertex 25 -2.5 65
      vertex 26.7678 -1.76777 72.5
      vertex 25 -2.5 72.5
    endloop
  endfacet
  facet normal 0.382676 -0.923883 0
    outer loop
      vertex 26.7678 -1.76777 72.5
      vertex 25 -2.5 65
      vertex 26.7678 -1.76777 65
    endloop
  endfacet
  facet normal 0.382663 0.923888 -0
    outer loop
      vertex 14.2678 23.4184 81.5
      vertex 12.5 24.1506 93
      vertex 14.2678 23.4184 93
    endloop
  endfacet
  facet normal 0.382663 0.923888 0
    outer loop
      vertex 12.5 24.1506 93
      vertex 14.2678 23.4184 81.5
      vertex 12.5 24.1506 81.5
    endloop
  endfacet
  facet normal 0.382663 0.923888 -0
    outer loop
      vertex 14.2678 23.4184 65
      vertex 12.5 24.1506 72.5
      vertex 14.2678 23.4184 72.5
    endloop
  endfacet
  facet normal 0.382663 0.923888 0
    outer loop
      vertex 12.5 24.1506 72.5
      vertex 14.2678 23.4184 65
      vertex 12.5 24.1506 65
    endloop
  endfacet
  facet normal 0.923888 0.382663 0
    outer loop
      vertex 15 21.6506 93
      vertex 14.2678 23.4184 81.5
      vertex 14.2678 23.4184 93
    endloop
  endfacet
  facet normal 0.923888 0.382663 0
    outer loop
      vertex 14.2678 23.4184 81.5
      vertex 15 21.6506 93
      vertex 15 21.6506 81.5
    endloop
  endfacet
  facet normal 0.923888 0.382663 0
    outer loop
      vertex 15 21.6506 72.5
      vertex 14.2678 23.4184 65
      vertex 14.2678 23.4184 72.5
    endloop
  endfacet
  facet normal 0.923888 0.382663 0
    outer loop
      vertex 14.2678 23.4184 65
      vertex 15 21.6506 72.5
      vertex 15 21.6506 65
    endloop
  endfacet
  facet normal -0.382663 0.923888 0
    outer loop
      vertex 12.5 24.1506 81.5
      vertex 10.7322 23.4184 93
      vertex 12.5 24.1506 93
    endloop
  endfacet
  facet normal -0.382663 0.923888 0
    outer loop
      vertex 10.7322 23.4184 93
      vertex 12.5 24.1506 81.5
      vertex 10.7322 23.4184 81.5
    endloop
  endfacet
  facet normal -0.382663 0.923888 0
    outer loop
      vertex 12.5 24.1506 65
      vertex 10.7322 23.4184 72.5
      vertex 12.5 24.1506 72.5
    endloop
  endfacet
  facet normal -0.382663 0.923888 0
    outer loop
      vertex 10.7322 23.4184 72.5
      vertex 12.5 24.1506 65
      vertex 10.7322 23.4184 65
    endloop
  endfacet
  facet normal 0.382663 0.923888 -0
    outer loop
      vertex -10.7322 23.4184 81.5
      vertex -12.5 24.1506 93
      vertex -10.7322 23.4184 93
    endloop
  endfacet
  facet normal 0.382663 0.923888 0
    outer loop
      vertex -12.5 24.1506 93
      vertex -10.7322 23.4184 81.5
      vertex -12.5 24.1506 81.5
    endloop
  endfacet
  facet normal 0.382663 0.923888 -0
    outer loop
      vertex -10.7322 23.4184 65
      vertex -12.5 24.1506 72.5
      vertex -10.7322 23.4184 72.5
    endloop
  endfacet
  facet normal 0.382663 0.923888 0
    outer loop
      vertex -12.5 24.1506 72.5
      vertex -10.7322 23.4184 65
      vertex -12.5 24.1506 65
    endloop
  endfacet
  facet normal -0.923888 0.382663 0
    outer loop
      vertex -15 21.6506 81.5
      vertex -14.2678 23.4184 93
      vertex -14.2678 23.4184 81.5
    endloop
  endfacet
  facet normal -0.923888 0.382663 0
    outer loop
      vertex -14.2678 23.4184 93
      vertex -15 21.6506 81.5
      vertex -15 21.6506 93
    endloop
  endfacet
  facet normal -0.923888 0.382663 0
    outer loop
      vertex -15 21.6506 65
      vertex -14.2678 23.4184 72.5
      vertex -14.2678 23.4184 65
    endloop
  endfacet
  facet normal -0.923888 0.382663 0
    outer loop
      vertex -14.2678 23.4184 72.5
      vertex -15 21.6506 65
      vertex -15 21.6506 72.5
    endloop
  endfacet
  facet normal -0.382663 0.923888 0
    outer loop
      vertex -12.5 24.1506 81.5
      vertex -14.2678 23.4184 93
      vertex -12.5 24.1506 93
    endloop
  endfacet
  facet normal -0.382663 0.923888 0
    outer loop
      vertex -14.2678 23.4184 93
      vertex -12.5 24.1506 81.5
      vertex -14.2678 23.4184 81.5
    endloop
  endfacet
  facet normal -0.382663 0.923888 0
    outer loop
      vertex -12.5 24.1506 65
      vertex -14.2678 23.4184 72.5
      vertex -12.5 24.1506 72.5
    endloop
  endfacet
  facet normal -0.382663 0.923888 0
    outer loop
      vertex -14.2678 23.4184 72.5
      vertex -12.5 24.1506 65
      vertex -14.2678 23.4184 65
    endloop
  endfacet
  facet normal -0.923886 -0.382668 0
    outer loop
      vertex -26.7678 -1.76777 81.5
      vertex -27.5 0 93
      vertex -27.5 0 81.5
    endloop
  endfacet
  facet normal -0.923886 -0.382668 0
    outer loop
      vertex -27.5 0 93
      vertex -26.7678 -1.76777 81.5
      vertex -26.7678 -1.76777 93
    endloop
  endfacet
  facet normal -0.923886 -0.382668 0
    outer loop
      vertex -26.7678 -1.76777 65
      vertex -27.5 0 72.5
      vertex -27.5 0 65
    endloop
  endfacet
  facet normal -0.923886 -0.382668 0
    outer loop
      vertex -27.5 0 72.5
      vertex -26.7678 -1.76777 65
      vertex -26.7678 -1.76777 72.5
    endloop
  endfacet
  facet normal -0.382676 -0.923883 0
    outer loop
      vertex -26.7678 -1.76777 81.5
      vertex -25 -2.5 93
      vertex -26.7678 -1.76777 93
    endloop
  endfacet
  facet normal -0.382676 -0.923883 -0
    outer loop
      vertex -25 -2.5 93
      vertex -26.7678 -1.76777 81.5
      vertex -25 -2.5 81.5
    endloop
  endfacet
  facet normal -0.382676 -0.923883 0
    outer loop
      vertex -26.7678 -1.76777 65
      vertex -25 -2.5 72.5
      vertex -26.7678 -1.76777 72.5
    endloop
  endfacet
  facet normal -0.382676 -0.923883 -0
    outer loop
      vertex -25 -2.5 72.5
      vertex -26.7678 -1.76777 65
      vertex -25 -2.5 65
    endloop
  endfacet
  facet normal -0.923886 0.382668 0
    outer loop
      vertex -27.5 0 81.5
      vertex -26.7678 1.76777 93
      vertex -26.7678 1.76777 81.5
    endloop
  endfacet
  facet normal -0.923886 0.382668 0
    outer loop
      vertex -26.7678 1.76777 93
      vertex -27.5 0 81.5
      vertex -27.5 0 93
    endloop
  endfacet
  facet normal -0.923886 0.382668 0
    outer loop
      vertex -27.5 0 65
      vertex -26.7678 1.76777 72.5
      vertex -26.7678 1.76777 65
    endloop
  endfacet
  facet normal -0.923886 0.382668 0
    outer loop
      vertex -26.7678 1.76777 72.5
      vertex -27.5 0 65
      vertex -27.5 0 72.5
    endloop
  endfacet
  facet normal -0.382676 0.923883 0
    outer loop
      vertex -25 2.5 81.5
      vertex -26.7678 1.76777 93
      vertex -25 2.5 93
    endloop
  endfacet
  facet normal -0.382676 0.923883 0
    outer loop
      vertex -26.7678 1.76777 93
      vertex -25 2.5 81.5
      vertex -26.7678 1.76777 81.5
    endloop
  endfacet
  facet normal -0.382676 0.923883 0
    outer loop
      vertex -25 2.5 65
      vertex -26.7678 1.76777 72.5
      vertex -25 2.5 72.5
    endloop
  endfacet
  facet normal -0.382676 0.923883 0
    outer loop
      vertex -26.7678 1.76777 72.5
      vertex -25 2.5 65
      vertex -26.7678 1.76777 65
    endloop
  endfacet
  facet normal -0.923888 -0.382663 0
    outer loop
      vertex -14.2678 -23.4184 81.5
      vertex -15 -21.6506 93
      vertex -15 -21.6506 81.5
    endloop
  endfacet
  facet normal -0.923888 -0.382663 0
    outer loop
      vertex -15 -21.6506 93
      vertex -14.2678 -23.4184 81.5
      vertex -14.2678 -23.4184 93
    endloop
  endfacet
  facet normal -0.923888 -0.382663 0
    outer loop
      vertex -14.2678 -23.4184 65
      vertex -15 -21.6506 72.5
      vertex -15 -21.6506 65
    endloop
  endfacet
  facet normal -0.923888 -0.382663 0
    outer loop
      vertex -15 -21.6506 72.5
      vertex -14.2678 -23.4184 65
      vertex -14.2678 -23.4184 72.5
    endloop
  endfacet
  facet normal 0.382663 -0.923888 0
    outer loop
      vertex -12.5 -24.1506 81.5
      vertex -10.7322 -23.4184 93
      vertex -12.5 -24.1506 93
    endloop
  endfacet
  facet normal 0.382663 -0.923888 0
    outer loop
      vertex -10.7322 -23.4184 93
      vertex -12.5 -24.1506 81.5
      vertex -10.7322 -23.4184 81.5
    endloop
  endfacet
  facet normal 0.382663 -0.923888 0
    outer loop
      vertex -12.5 -24.1506 65
      vertex -10.7322 -23.4184 72.5
      vertex -12.5 -24.1506 72.5
    endloop
  endfacet
  facet normal 0.382663 -0.923888 0
    outer loop
      vertex -10.7322 -23.4184 72.5
      vertex -12.5 -24.1506 65
      vertex -10.7322 -23.4184 65
    endloop
  endfacet
  facet normal -0.382663 -0.923888 0
    outer loop
      vertex -14.2678 -23.4184 81.5
      vertex -12.5 -24.1506 93
      vertex -14.2678 -23.4184 93
    endloop
  endfacet
  facet normal -0.382663 -0.923888 -0
    outer loop
      vertex -12.5 -24.1506 93
      vertex -14.2678 -23.4184 81.5
      vertex -12.5 -24.1506 81.5
    endloop
  endfacet
  facet normal -0.382663 -0.923888 0
    outer loop
      vertex -14.2678 -23.4184 65
      vertex -12.5 -24.1506 72.5
      vertex -14.2678 -23.4184 72.5
    endloop
  endfacet
  facet normal -0.382663 -0.923888 -0
    outer loop
      vertex -12.5 -24.1506 72.5
      vertex -14.2678 -23.4184 65
      vertex -12.5 -24.1506 65
    endloop
  endfacet
  facet normal 0.923888 -0.382663 0
    outer loop
      vertex 14.2678 -23.4184 93
      vertex 15 -21.6506 81.5
      vertex 15 -21.6506 93
    endloop
  endfacet
  facet normal 0.923888 -0.382663 0
    outer loop
      vertex 15 -21.6506 81.5
      vertex 14.2678 -23.4184 93
      vertex 14.2678 -23.4184 81.5
    endloop
  endfacet
  facet normal 0.923888 -0.382663 0
    outer loop
      vertex 14.2678 -23.4184 72.5
      vertex 15 -21.6506 65
      vertex 15 -21.6506 72.5
    endloop
  endfacet
  facet normal 0.923888 -0.382663 0
    outer loop
      vertex 15 -21.6506 65
      vertex 14.2678 -23.4184 72.5
      vertex 14.2678 -23.4184 65
    endloop
  endfacet
  facet normal -0.382663 -0.923888 0
    outer loop
      vertex 10.7322 -23.4184 81.5
      vertex 12.5 -24.1506 93
      vertex 10.7322 -23.4184 93
    endloop
  endfacet
  facet normal -0.382663 -0.923888 -0
    outer loop
      vertex 12.5 -24.1506 93
      vertex 10.7322 -23.4184 81.5
      vertex 12.5 -24.1506 81.5
    endloop
  endfacet
  facet normal -0.382663 -0.923888 0
    outer loop
      vertex 10.7322 -23.4184 65
      vertex 12.5 -24.1506 72.5
      vertex 10.7322 -23.4184 72.5
    endloop
  endfacet
  facet normal -0.382663 -0.923888 -0
    outer loop
      vertex 12.5 -24.1506 72.5
      vertex 10.7322 -23.4184 65
      vertex 12.5 -24.1506 65
    endloop
  endfacet
  facet normal 0.382663 -0.923888 0
    outer loop
      vertex 12.5 -24.1506 81.5
      vertex 14.2678 -23.4184 93
      vertex 12.5 -24.1506 93
    endloop
  endfacet
  facet normal 0.382663 -0.923888 0
    outer loop
      vertex 14.2678 -23.4184 93
      vertex 12.5 -24.1506 81.5
      vertex 14.2678 -23.4184 81.5
    endloop
  endfacet
  facet normal 0.382663 -0.923888 0
    outer loop
      vertex 12.5 -24.1506 65
      vertex 14.2678 -23.4184 72.5
      vertex 12.5 -24.1506 72.5
    endloop
  endfacet
  facet normal 0.382663 -0.923888 0
    outer loop
      vertex 14.2678 -23.4184 72.5
      vertex 12.5 -24.1506 65
      vertex 14.2678 -23.4184 65
    endloop
  endfacet
  facet normal -0.743138 -0.669138 0
    outer loop
      vertex -20.0739 -22.2943 78.5
      vertex -24.2705 -17.6336 81.5
      vertex -24.2705 -17.6336 78.5
    endloop
  endfacet
  facet normal -0.743138 -0.669138 0
    outer loop
      vertex -24.2705 -17.6336 81.5
      vertex -20.0739 -22.2943 78.5
      vertex -20.0739 -22.2943 81.5
    endloop
  endfacet
  facet normal 0.95106 0.309008 0
    outer loop
      vertex 29.3444 6.23735 81.5
      vertex 27.4064 12.2021 78.5
      vertex 27.4064 12.2021 81.5
    endloop
  endfacet
  facet normal 0.95106 0.309008 0
    outer loop
      vertex 27.4064 12.2021 78.5
      vertex 29.3444 6.23735 81.5
      vertex 29.3444 6.23735 78.5
    endloop
  endfacet
  facet normal 0.994521 0.104533 0
    outer loop
      vertex 30 0 81.5
      vertex 29.3444 6.23735 78.5
      vertex 29.3444 6.23735 81.5
    endloop
  endfacet
  facet normal 0.994521 0.104533 0
    outer loop
      vertex 29.3444 6.23735 78.5
      vertex 30 0 81.5
      vertex 30 0 78.5
    endloop
  endfacet
  facet normal 0.866024 0.500003 0
    outer loop
      vertex 27.4064 12.2021 81.5
      vertex 24.2705 17.6336 78.5
      vertex 24.2705 17.6336 81.5
    endloop
  endfacet
  facet normal 0.866024 0.500003 0
    outer loop
      vertex 24.2705 17.6336 78.5
      vertex 27.4064 12.2021 81.5
      vertex 27.4064 12.2021 78.5
    endloop
  endfacet
  facet normal 0.95106 -0.309008 0
    outer loop
      vertex 27.4064 -12.2021 81.5
      vertex 29.3444 -6.23735 78.5
      vertex 29.3444 -6.23735 81.5
    endloop
  endfacet
  facet normal 0.95106 -0.309008 0
    outer loop
      vertex 29.3444 -6.23735 78.5
      vertex 27.4064 -12.2021 81.5
      vertex 27.4064 -12.2021 78.5
    endloop
  endfacet
  facet normal 0.587795 -0.80901 0
    outer loop
      vertex 15 -25.9808 78.5
      vertex 20.0739 -22.2943 81.5
      vertex 15 -25.9808 81.5
    endloop
  endfacet
  facet normal 0.587795 -0.80901 0
    outer loop
      vertex 20.0739 -22.2943 81.5
      vertex 15 -25.9808 78.5
      vertex 20.0739 -22.2943 78.5
    endloop
  endfacet
  facet normal 0.743138 -0.669138 0
    outer loop
      vertex 20.0739 -22.2943 81.5
      vertex 24.2705 -17.6336 78.5
      vertex 24.2705 -17.6336 81.5
    endloop
  endfacet
  facet normal 0.743138 -0.669138 0
    outer loop
      vertex 24.2705 -17.6336 78.5
      vertex 20.0739 -22.2943 81.5
      vertex 20.0739 -22.2943 78.5
    endloop
  endfacet
  facet normal 0.994521 -0.104533 0
    outer loop
      vertex 29.3444 -6.23735 81.5
      vertex 30 0 78.5
      vertex 30 0 81.5
    endloop
  endfacet
  facet normal 0.994521 -0.104533 0
    outer loop
      vertex 30 0 78.5
      vertex 29.3444 -6.23735 81.5
      vertex 29.3444 -6.23735 78.5
    endloop
  endfacet
  facet normal -0.406732 -0.913547 0
    outer loop
      vertex -15 -25.9808 78.5
      vertex -9.27051 -28.5317 81.5
      vertex -15 -25.9808 81.5
    endloop
  endfacet
  facet normal -0.406732 -0.913547 -0
    outer loop
      vertex -9.27051 -28.5317 81.5
      vertex -15 -25.9808 78.5
      vertex -9.27051 -28.5317 78.5
    endloop
  endfacet
  facet normal 0.406732 0.913547 -0
    outer loop
      vertex 15 25.9808 78.5
      vertex 9.27051 28.5317 81.5
      vertex 15 25.9808 81.5
    endloop
  endfacet
  facet normal 0.406732 0.913547 0
    outer loop
      vertex 9.27051 28.5317 81.5
      vertex 15 25.9808 78.5
      vertex 9.27051 28.5317 78.5
    endloop
  endfacet
  facet normal 0.743138 0.669138 0
    outer loop
      vertex 24.2705 17.6336 81.5
      vertex 20.0739 22.2943 78.5
      vertex 20.0739 22.2943 81.5
    endloop
  endfacet
  facet normal 0.743138 0.669138 0
    outer loop
      vertex 20.0739 22.2943 78.5
      vertex 24.2705 17.6336 81.5
      vertex 24.2705 17.6336 78.5
    endloop
  endfacet
  facet normal -0.587795 -0.80901 0
    outer loop
      vertex -20.0739 -22.2943 78.5
      vertex -15 -25.9808 81.5
      vertex -20.0739 -22.2943 81.5
    endloop
  endfacet
  facet normal -0.587795 -0.80901 -0
    outer loop
      vertex -15 -25.9808 81.5
      vertex -20.0739 -22.2943 78.5
      vertex -15 -25.9808 78.5
    endloop
  endfacet
  facet normal -0.743138 0.669138 0
    outer loop
      vertex -24.2705 17.6336 78.5
      vertex -20.0739 22.2943 81.5
      vertex -20.0739 22.2943 78.5
    endloop
  endfacet
  facet normal -0.743138 0.669138 0
    outer loop
      vertex -20.0739 22.2943 81.5
      vertex -24.2705 17.6336 78.5
      vertex -24.2705 17.6336 81.5
    endloop
  endfacet
  facet normal 0 1 -0
    outer loop
      vertex 3.13585 29.8357 78.5
      vertex -3.13585 29.8357 81.5
      vertex 3.13585 29.8357 81.5
    endloop
  endfacet
  facet normal 0 1 0
    outer loop
      vertex -3.13585 29.8357 81.5
      vertex 3.13585 29.8357 78.5
      vertex -3.13585 29.8357 78.5
    endloop
  endfacet
  facet normal 0.406732 -0.913547 0
    outer loop
      vertex 9.27051 -28.5317 78.5
      vertex 15 -25.9808 81.5
      vertex 9.27051 -28.5317 81.5
    endloop
  endfacet
  facet normal 0.406732 -0.913547 0
    outer loop
      vertex 15 -25.9808 81.5
      vertex 9.27051 -28.5317 78.5
      vertex 15 -25.9808 78.5
    endloop
  endfacet
  facet normal 0.207917 -0.978146 0
    outer loop
      vertex 3.13585 -29.8357 78.5
      vertex 9.27051 -28.5317 81.5
      vertex 3.13585 -29.8357 81.5
    endloop
  endfacet
  facet normal 0.207917 -0.978146 0
    outer loop
      vertex 9.27051 -28.5317 81.5
      vertex 3.13585 -29.8357 78.5
      vertex 9.27051 -28.5317 78.5
    endloop
  endfacet
  facet normal -0.95106 0.309008 0
    outer loop
      vertex -29.3444 6.23735 78.5
      vertex -27.4064 12.2021 81.5
      vertex -27.4064 12.2021 78.5
    endloop
  endfacet
  facet normal -0.95106 0.309008 0
    outer loop
      vertex -27.4064 12.2021 81.5
      vertex -29.3444 6.23735 78.5
      vertex -29.3444 6.23735 81.5
    endloop
  endfacet
  facet normal 0 0 -1
    outer loop
      vertex 27.5 0 78.5
      vertex 30 0 78.5
      vertex 29.3444 -6.23735 78.5
    endloop
  endfacet
  facet normal 0 0 -1
    outer loop
      vertex 30 0 78.5
      vertex 27.5 0 78.5
      vertex 29.3444 6.23735 78.5
    endloop
  endfacet
  facet normal 0 0 -1
    outer loop
      vertex 26.8991 -5.71757 78.5
      vertex 29.3444 -6.23735 78.5
      vertex 27.4064 -12.2021 78.5
    endloop
  endfacet
  facet normal 0 0 -1
    outer loop
      vertex 29.3444 -6.23735 78.5
      vertex 26.8991 -5.71757 78.5
      vertex 27.5 0 78.5
    endloop
  endfacet
  facet normal 0 0 -1
    outer loop
      vertex 27.4064 -12.2021 78.5
      vertex 25.1225 -11.1853 78.5
      vertex 26.8991 -5.71757 78.5
    endloop
  endfacet
  facet normal 0 0 -1
    outer loop
      vertex 24.2705 -17.6336 78.5
      vertex 25.1225 -11.1853 78.5
      vertex 27.4064 -12.2021 78.5
    endloop
  endfacet
  facet normal 0 0 -1
    outer loop
      vertex 24.2705 -17.6336 78.5
      vertex 22.248 -16.1641 78.5
      vertex 25.1225 -11.1853 78.5
    endloop
  endfacet
  facet normal 0 0 -1
    outer loop
      vertex 20.0739 -22.2943 78.5
      vertex 22.248 -16.1641 78.5
      vertex 24.2705 -17.6336 78.5
    endloop
  endfacet
  facet normal 0 0 -1
    outer loop
      vertex 20.0739 -22.2943 78.5
      vertex 18.4011 -20.4365 78.5
      vertex 22.248 -16.1641 78.5
    endloop
  endfacet
  facet normal 0 0 -1
    outer loop
      vertex 15 -25.9808 78.5
      vertex 18.4011 -20.4365 78.5
      vertex 20.0739 -22.2943 78.5
    endloop
  endfacet
  facet normal 0 0 -1
    outer loop
      vertex 15 -25.9808 78.5
      vertex 13.75 -23.8157 78.5
      vertex 18.4011 -20.4365 78.5
    endloop
  endfacet
  facet normal 0 0 -1
    outer loop
      vertex 9.27051 -28.5317 78.5
      vertex 13.75 -23.8157 78.5
      vertex 15 -25.9808 78.5
    endloop
  endfacet
  facet normal 0 0 -1
    outer loop
      vertex 9.27051 -28.5317 78.5
      vertex 8.49797 -26.1541 78.5
      vertex 13.75 -23.8157 78.5
    endloop
  endfacet
  facet normal 0 0 -1
    outer loop
      vertex 3.13585 -29.8357 78.5
      vertex 8.49797 -26.1541 78.5
      vertex 9.27051 -28.5317 78.5
    endloop
  endfacet
  facet normal 0 0 -1
    outer loop
      vertex 3.13585 -29.8357 78.5
      vertex 2.87453 -27.3494 78.5
      vertex 8.49797 -26.1541 78.5
    endloop
  endfacet
  facet normal 0 0 -1
    outer loop
      vertex 3.13585 -29.8357 78.5
      vertex -2.87453 -27.3494 78.5
      vertex 2.87453 -27.3494 78.5
    endloop
  endfacet
  facet normal 0 0 -1
    outer loop
      vertex -3.13585 -29.8357 78.5
      vertex -2.87453 -27.3494 78.5
      vertex 3.13585 -29.8357 78.5
    endloop
  endfacet
  facet normal 0 0 -1
    outer loop
      vertex -3.13585 -29.8357 78.5
      vertex -8.49797 -26.1541 78.5
      vertex -2.87453 -27.3494 78.5
    endloop
  endfacet
  facet normal 0 0 -1
    outer loop
      vertex -9.27051 -28.5317 78.5
      vertex -8.49797 -26.1541 78.5
      vertex -3.13585 -29.8357 78.5
    endloop
  endfacet
  facet normal 0 0 -1
    outer loop
      vertex -9.27051 -28.5317 78.5
      vertex -13.75 -23.8157 78.5
      vertex -8.49797 -26.1541 78.5
    endloop
  endfacet
  facet normal 0 0 -1
    outer loop
      vertex -15 -25.9808 78.5
      vertex -13.75 -23.8157 78.5
      vertex -9.27051 -28.5317 78.5
    endloop
  endfacet
  facet normal 0 0 -1
    outer loop
      vertex -15 -25.9808 78.5
      vertex -18.4011 -20.4365 78.5
      vertex -13.75 -23.8157 78.5
    endloop
  endfacet
  facet normal 0 0 -1
    outer loop
      vertex -20.0739 -22.2943 78.5
      vertex -18.4011 -20.4365 78.5
      vertex -15 -25.9808 78.5
    endloop
  endfacet
  facet normal 0 0 -1
    outer loop
      vertex -20.0739 -22.2943 78.5
      vertex -22.248 -16.1641 78.5
      vertex -18.4011 -20.4365 78.5
    endloop
  endfacet
  facet normal 0 0 -1
    outer loop
      vertex -24.2705 -17.6336 78.5
      vertex -22.248 -16.1641 78.5
      vertex -20.0739 -22.2943 78.5
    endloop
  endfacet
  facet normal 0 0 -1
    outer loop
      vertex -24.2705 -17.6336 78.5
      vertex -25.1225 -11.1853 78.5
      vertex -22.248 -16.1641 78.5
    endloop
  endfacet
  facet normal 0 0 -1
    outer loop
      vertex -27.4064 -12.2021 78.5
      vertex -25.1225 -11.1853 78.5
      vertex -24.2705 -17.6336 78.5
    endloop
  endfacet
  facet normal -0 0 -1
    outer loop
      vertex -25.1225 -11.1853 78.5
      vertex -27.4064 -12.2021 78.5
      vertex -26.8991 -5.71757 78.5
    endloop
  endfacet
  facet normal 0 0 -1
    outer loop
      vertex -29.3444 -6.23735 78.5
      vertex -26.8991 -5.71757 78.5
      vertex -27.4064 -12.2021 78.5
    endloop
  endfacet
  facet normal -0 0 -1
    outer loop
      vertex -26.8991 -5.71757 78.5
      vertex -29.3444 -6.23735 78.5
      vertex -27.5 0 78.5
    endloop
  endfacet
  facet normal 0 0 -1
    outer loop
      vertex 26.8991 5.71757 78.5
      vertex 29.3444 6.23735 78.5
      vertex 27.5 0 78.5
    endloop
  endfacet
  facet normal -0 0 -1
    outer loop
      vertex 29.3444 6.23735 78.5
      vertex 26.8991 5.71757 78.5
      vertex 27.4064 12.2021 78.5
    endloop
  endfacet
  facet normal 0 0 -1
    outer loop
      vertex 25.1225 11.1853 78.5
      vertex 27.4064 12.2021 78.5
      vertex 26.8991 5.71757 78.5
    endloop
  endfacet
  facet normal 0 0 -1
    outer loop
      vertex 25.1225 11.1853 78.5
      vertex 24.2705 17.6336 78.5
      vertex 27.4064 12.2021 78.5
    endloop
  endfacet
  facet normal 0 0 -1
    outer loop
      vertex 22.248 16.1641 78.5
      vertex 24.2705 17.6336 78.5
      vertex 25.1225 11.1853 78.5
    endloop
  endfacet
  facet normal 0 0 -1
    outer loop
      vertex 22.248 16.1641 78.5
      vertex 20.0739 22.2943 78.5
      vertex 24.2705 17.6336 78.5
    endloop
  endfacet
  facet normal 0 0 -1
    outer loop
      vertex 18.4011 20.4365 78.5
      vertex 20.0739 22.2943 78.5
      vertex 22.248 16.1641 78.5
    endloop
  endfacet
  facet normal 0 0 -1
    outer loop
      vertex 18.4011 20.4365 78.5
      vertex 15 25.9808 78.5
      vertex 20.0739 22.2943 78.5
    endloop
  endfacet
  facet normal 0 0 -1
    outer loop
      vertex 13.75 23.8157 78.5
      vertex 15 25.9808 78.5
      vertex 18.4011 20.4365 78.5
    endloop
  endfacet
  facet normal 0 0 -1
    outer loop
      vertex 13.75 23.8157 78.5
      vertex 9.27051 28.5317 78.5
      vertex 15 25.9808 78.5
    endloop
  endfacet
  facet normal 0 0 -1
    outer loop
      vertex 8.49797 26.1541 78.5
      vertex 9.27051 28.5317 78.5
      vertex 13.75 23.8157 78.5
    endloop
  endfacet
  facet normal 0 0 -1
    outer loop
      vertex 8.49797 26.1541 78.5
      vertex 3.13585 29.8357 78.5
      vertex 9.27051 28.5317 78.5
    endloop
  endfacet
  facet normal 0 0 -1
    outer loop
      vertex 2.87453 27.3494 78.5
      vertex 3.13585 29.8357 78.5
      vertex 8.49797 26.1541 78.5
    endloop
  endfacet
  facet normal 0 0 -1
    outer loop
      vertex -2.87453 27.3494 78.5
      vertex 3.13585 29.8357 78.5
      vertex 2.87453 27.3494 78.5
    endloop
  endfacet
  facet normal 0 0 -1
    outer loop
      vertex -2.87453 27.3494 78.5
      vertex -3.13585 29.8357 78.5
      vertex 3.13585 29.8357 78.5
    endloop
  endfacet
  facet normal 0 0 -1
    outer loop
      vertex -8.49797 26.1541 78.5
      vertex -3.13585 29.8357 78.5
      vertex -2.87453 27.3494 78.5
    endloop
  endfacet
  facet normal 0 0 -1
    outer loop
      vertex -8.49797 26.1541 78.5
      vertex -9.27051 28.5317 78.5
      vertex -3.13585 29.8357 78.5
    endloop
  endfacet
  facet normal 0 0 -1
    outer loop
      vertex -13.75 23.8157 78.5
      vertex -9.27051 28.5317 78.5
      vertex -8.49797 26.1541 78.5
    endloop
  endfacet
  facet normal 0 0 -1
    outer loop
      vertex -13.75 23.8157 78.5
      vertex -15 25.9808 78.5
      vertex -9.27051 28.5317 78.5
    endloop
  endfacet
  facet normal 0 0 -1
    outer loop
      vertex -18.4011 20.4365 78.5
      vertex -15 25.9808 78.5
      vertex -13.75 23.8157 78.5
    endloop
  endfacet
  facet normal 0 0 -1
    outer loop
      vertex -18.4011 20.4365 78.5
      vertex -20.0739 22.2943 78.5
      vertex -15 25.9808 78.5
    endloop
  endfacet
  facet normal 0 0 -1
    outer loop
      vertex -22.248 16.1641 78.5
      vertex -20.0739 22.2943 78.5
      vertex -18.4011 20.4365 78.5
    endloop
  endfacet
  facet normal 0 0 -1
    outer loop
      vertex -22.248 16.1641 78.5
      vertex -24.2705 17.6336 78.5
      vertex -20.0739 22.2943 78.5
    endloop
  endfacet
  facet normal 0 0 -1
    outer loop
      vertex -25.1225 11.1853 78.5
      vertex -24.2705 17.6336 78.5
      vertex -22.248 16.1641 78.5
    endloop
  endfacet
  facet normal 0 0 -1
    outer loop
      vertex -27.4064 12.2021 78.5
      vertex -25.1225 11.1853 78.5
      vertex -26.8991 5.71757 78.5
    endloop
  endfacet
  facet normal 0 0 -1
    outer loop
      vertex -25.1225 11.1853 78.5
      vertex -27.4064 12.2021 78.5
      vertex -24.2705 17.6336 78.5
    endloop
  endfacet
  facet normal 0 0 -1
    outer loop
      vertex -29.3444 6.23735 78.5
      vertex -26.8991 5.71757 78.5
      vertex -27.5 0 78.5
    endloop
  endfacet
  facet normal 0 0 -1
    outer loop
      vertex -30 0 78.5
      vertex -27.5 0 78.5
      vertex -29.3444 -6.23735 78.5
    endloop
  endfacet
  facet normal 0 0 -1
    outer loop
      vertex -26.8991 5.71757 78.5
      vertex -29.3444 6.23735 78.5
      vertex -27.4064 12.2021 78.5
    endloop
  endfacet
  facet normal 0 0 -1
    outer loop
      vertex -27.5 0 78.5
      vertex -30 0 78.5
      vertex -29.3444 6.23735 78.5
    endloop
  endfacet
  facet normal -0.95106 -0.309008 0
    outer loop
      vertex -27.4064 -12.2021 78.5
      vertex -29.3444 -6.23735 81.5
      vertex -29.3444 -6.23735 78.5
    endloop
  endfacet
  facet normal -0.95106 -0.309008 0
    outer loop
      vertex -29.3444 -6.23735 81.5
      vertex -27.4064 -12.2021 78.5
      vertex -27.4064 -12.2021 81.5
    endloop
  endfacet
  facet normal -0.406732 0.913547 0
    outer loop
      vertex -9.27051 28.5317 78.5
      vertex -15 25.9808 81.5
      vertex -9.27051 28.5317 81.5
    endloop
  endfacet
  facet normal -0.406732 0.913547 0
    outer loop
      vertex -15 25.9808 81.5
      vertex -9.27051 28.5317 78.5
      vertex -15 25.9808 78.5
    endloop
  endfacet
  facet normal 0 0 1
    outer loop
      vertex -16.7283 -18.5786 81.5
      vertex -15 -21.6506 81.5
      vertex -14.4217 -20.2545 81.5
    endloop
  endfacet
  facet normal 0 0 1
    outer loop
      vertex -20.0739 -22.2943 81.5
      vertex -15 -21.6506 81.5
      vertex -16.7283 -18.5786 81.5
    endloop
  endfacet
  facet normal 0 0 1
    outer loop
      vertex -15 -21.6506 81.5
      vertex -20.0739 -22.2943 81.5
      vertex -15 -25.9808 81.5
    endloop
  endfacet
  facet normal 0 0 1
    outer loop
      vertex -20.2254 -14.6946 81.5
      vertex -20.0739 -22.2943 81.5
      vertex -16.7283 -18.5786 81.5
    endloop
  endfacet
  facet normal 0 0 1
    outer loop
      vertex -24.2705 -17.6336 81.5
      vertex -20.2254 -14.6946 81.5
      vertex -22.8386 -10.1684 81.5
    endloop
  endfacet
  facet normal 0 0 1
    outer loop
      vertex -20.2254 -14.6946 81.5
      vertex -24.2705 -17.6336 81.5
      vertex -20.0739 -22.2943 81.5
    endloop
  endfacet
  facet normal 0 0 1
    outer loop
      vertex -27.4064 -12.2021 81.5
      vertex -22.8386 -10.1684 81.5
      vertex -24.4537 -5.19779 81.5
    endloop
  endfacet
  facet normal -0 0 1
    outer loop
      vertex -25 -2.5 81.5
      vertex -24.4537 -5.19779 81.5
      vertex -24.7482 -2.3957 81.5
    endloop
  endfacet
  facet normal 0 0 1
    outer loop
      vertex -26.7678 -1.76777 81.5
      vertex -24.4537 -5.19779 81.5
      vertex -25 -2.5 81.5
    endloop
  endfacet
  facet normal 0 0 1
    outer loop
      vertex -24.4537 -5.19779 81.5
      vertex -26.7678 -1.76777 81.5
      vertex -29.3444 -6.23735 81.5
    endloop
  endfacet
  facet normal 0 0 1
    outer loop
      vertex -22.8386 -10.1684 81.5
      vertex -27.4064 -12.2021 81.5
      vertex -24.2705 -17.6336 81.5
    endloop
  endfacet
  facet normal -0 0 1
    outer loop
      vertex -30 0 81.5
      vertex -26.7678 -1.76777 81.5
      vertex -27.5 0 81.5
    endloop
  endfacet
  facet normal 0 0 1
    outer loop
      vertex -26.7678 1.76777 81.5
      vertex -30 0 81.5
      vertex -27.5 0 81.5
    endloop
  endfacet
  facet normal 0 0 1
    outer loop
      vertex -24.4537 -5.19779 81.5
      vertex -29.3444 -6.23735 81.5
      vertex -27.4064 -12.2021 81.5
    endloop
  endfacet
  facet normal 0 0 1
    outer loop
      vertex -26.7678 -1.76777 81.5
      vertex -30 0 81.5
      vertex -29.3444 -6.23735 81.5
    endloop
  endfacet
  facet normal 0 0 1
    outer loop
      vertex 16.7283 -18.5786 81.5
      vertex 14.4217 -20.2545 81.5
      vertex 15 -21.6506 81.5
    endloop
  endfacet
  facet normal 0 0 1
    outer loop
      vertex 20.0739 22.2943 81.5
      vertex 14.2678 23.4184 81.5
      vertex 15 21.6506 81.5
    endloop
  endfacet
  facet normal 0 0 1
    outer loop
      vertex 15 25.9808 81.5
      vertex 12.5 24.1506 81.5
      vertex 14.2678 23.4184 81.5
    endloop
  endfacet
  facet normal 0 0 1
    outer loop
      vertex 9.27051 28.5317 81.5
      vertex 12.5 24.1506 81.5
      vertex 15 25.9808 81.5
    endloop
  endfacet
  facet normal 0 0 1
    outer loop
      vertex 12.5 24.1506 81.5
      vertex 9.27051 28.5317 81.5
      vertex 10.7322 23.4184 81.5
    endloop
  endfacet
  facet normal -0 0 1
    outer loop
      vertex 7.72542 23.7764 81.5
      vertex 10.7322 23.4184 81.5
      vertex 9.27051 28.5317 81.5
    endloop
  endfacet
  facet normal 0 0 1
    outer loop
      vertex 10.7322 23.4184 81.5
      vertex 7.72542 23.7764 81.5
      vertex 10.3893 22.5904 81.5
    endloop
  endfacet
  facet normal 0 0 1
    outer loop
      vertex 3.13585 29.8357 81.5
      vertex 7.72542 23.7764 81.5
      vertex 9.27051 28.5317 81.5
    endloop
  endfacet
  facet normal 0 0 1
    outer loop
      vertex 3.13585 29.8357 81.5
      vertex 2.61321 24.863 81.5
      vertex 7.72542 23.7764 81.5
    endloop
  endfacet
  facet normal 0 0 1
    outer loop
      vertex 3.13585 29.8357 81.5
      vertex -2.61321 24.863 81.5
      vertex 2.61321 24.863 81.5
    endloop
  endfacet
  facet normal -0 0 1
    outer loop
      vertex -3.13585 29.8357 81.5
      vertex -2.61321 24.863 81.5
      vertex 3.13585 29.8357 81.5
    endloop
  endfacet
  facet normal 0 0 1
    outer loop
      vertex -3.13585 29.8357 81.5
      vertex -7.72542 23.7764 81.5
      vertex -2.61321 24.863 81.5
    endloop
  endfacet
  facet normal -0 0 1
    outer loop
      vertex -9.27051 28.5317 81.5
      vertex -7.72542 23.7764 81.5
      vertex -3.13585 29.8357 81.5
    endloop
  endfacet
  facet normal 0 0 1
    outer loop
      vertex -10.7322 23.4184 81.5
      vertex -7.72542 23.7764 81.5
      vertex -9.27051 28.5317 81.5
    endloop
  endfacet
  facet normal 0 0 1
    outer loop
      vertex -7.72542 23.7764 81.5
      vertex -10.7322 23.4184 81.5
      vertex -10.3893 22.5904 81.5
    endloop
  endfacet
  facet normal 0 0 1
    outer loop
      vertex -9.27051 28.5317 81.5
      vertex -12.5 24.1506 81.5
      vertex -10.7322 23.4184 81.5
    endloop
  endfacet
  facet normal -0 0 1
    outer loop
      vertex -15 25.9808 81.5
      vertex -12.5 24.1506 81.5
      vertex -9.27051 28.5317 81.5
    endloop
  endfacet
  facet normal 0 0 1
    outer loop
      vertex -12.5 24.1506 81.5
      vertex -15 25.9808 81.5
      vertex -14.2678 23.4184 81.5
    endloop
  endfacet
  facet normal 0 0 1
    outer loop
      vertex -20.0739 22.2943 81.5
      vertex -14.2678 23.4184 81.5
      vertex -15 25.9808 81.5
    endloop
  endfacet
  facet normal 0 0 1
    outer loop
      vertex -14.2678 23.4184 81.5
      vertex -20.0739 22.2943 81.5
      vertex -15 21.6506 81.5
    endloop
  endfacet
  facet normal 0 0 1
    outer loop
      vertex -15 21.6506 81.5
      vertex -20.0739 22.2943 81.5
      vertex -16.7283 18.5786 81.5
    endloop
  endfacet
  facet normal 0 0 1
    outer loop
      vertex -20.0739 22.2943 81.5
      vertex -20.2254 14.6946 81.5
      vertex -16.7283 18.5786 81.5
    endloop
  endfacet
  facet normal -0 0 1
    outer loop
      vertex -24.2705 17.6336 81.5
      vertex -20.2254 14.6946 81.5
      vertex -20.0739 22.2943 81.5
    endloop
  endfacet
  facet normal 0 0 1
    outer loop
      vertex -20.2254 14.6946 81.5
      vertex -24.2705 17.6336 81.5
      vertex -22.8386 10.1684 81.5
    endloop
  endfacet
  facet normal -0 0 1
    outer loop
      vertex -27.4064 12.2021 81.5
      vertex -22.8386 10.1684 81.5
      vertex -24.2705 17.6336 81.5
    endloop
  endfacet
  facet normal 0 0 1
    outer loop
      vertex -22.8386 10.1684 81.5
      vertex -27.4064 12.2021 81.5
      vertex -24.4537 5.19779 81.5
    endloop
  endfacet
  facet normal -0 0 1
    outer loop
      vertex -29.3444 6.23735 81.5
      vertex -24.4537 5.19779 81.5
      vertex -27.4064 12.2021 81.5
    endloop
  endfacet
  facet normal 0 0 1
    outer loop
      vertex -24.4537 5.19779 81.5
      vertex -25 2.5 81.5
      vertex -24.7482 2.3957 81.5
    endloop
  endfacet
  facet normal 0 -0 1
    outer loop
      vertex -26.7678 1.76777 81.5
      vertex -24.4537 5.19779 81.5
      vertex -29.3444 6.23735 81.5
    endloop
  endfacet
  facet normal 0 0 1
    outer loop
      vertex -24.4537 5.19779 81.5
      vertex -26.7678 1.76777 81.5
      vertex -25 2.5 81.5
    endloop
  endfacet
  facet normal 0 0 1
    outer loop
      vertex -30 0 81.5
      vertex -26.7678 1.76777 81.5
      vertex -29.3444 6.23735 81.5
    endloop
  endfacet
  facet normal -0 0 1
    outer loop
      vertex 26.7678 1.76777 81.5
      vertex 30 0 81.5
      vertex 29.3444 6.23735 81.5
    endloop
  endfacet
  facet normal 0 0 1
    outer loop
      vertex 26.7678 -1.76777 81.5
      vertex 30 0 81.5
      vertex 27.5 0 81.5
    endloop
  endfacet
  facet normal 0 0 1
    outer loop
      vertex 24.4537 5.19779 81.5
      vertex 29.3444 6.23735 81.5
      vertex 27.4064 12.2021 81.5
    endloop
  endfacet
  facet normal 0 0 1
    outer loop
      vertex 30 0 81.5
      vertex 26.7678 1.76777 81.5
      vertex 27.5 0 81.5
    endloop
  endfacet
  facet normal 0 0 1
    outer loop
      vertex 29.3444 6.23735 81.5
      vertex 24.4537 5.19779 81.5
      vertex 26.7678 1.76777 81.5
    endloop
  endfacet
  facet normal 0 0 1
    outer loop
      vertex 26.7678 1.76777 81.5
      vertex 24.4537 5.19779 81.5
      vertex 25 2.5 81.5
    endloop
  endfacet
  facet normal 0 0 1
    outer loop
      vertex 25 2.5 81.5
      vertex 24.4537 5.19779 81.5
      vertex 24.7482 2.3957 81.5
    endloop
  endfacet
  facet normal 0 0 1
    outer loop
      vertex 22.8386 10.1684 81.5
      vertex 27.4064 12.2021 81.5
      vertex 24.2705 17.6336 81.5
    endloop
  endfacet
  facet normal 0 0 1
    outer loop
      vertex 27.4064 12.2021 81.5
      vertex 22.8386 10.1684 81.5
      vertex 24.4537 5.19779 81.5
    endloop
  endfacet
  facet normal 0 0 1
    outer loop
      vertex 24.2705 17.6336 81.5
      vertex 20.2254 14.6946 81.5
      vertex 22.8386 10.1684 81.5
    endloop
  endfacet
  facet normal 0 0 1
    outer loop
      vertex 20.0739 22.2943 81.5
      vertex 20.2254 14.6946 81.5
      vertex 24.2705 17.6336 81.5
    endloop
  endfacet
  facet normal 0 0 1
    outer loop
      vertex 20.0739 22.2943 81.5
      vertex 16.7283 18.5786 81.5
      vertex 20.2254 14.6946 81.5
    endloop
  endfacet
  facet normal -0 0 1
    outer loop
      vertex 14.2678 23.4184 81.5
      vertex 20.0739 22.2943 81.5
      vertex 15 25.9808 81.5
    endloop
  endfacet
  facet normal 0 0 1
    outer loop
      vertex 20.0739 22.2943 81.5
      vertex 15 21.6506 81.5
      vertex 16.7283 18.5786 81.5
    endloop
  endfacet
  facet normal 0 0 1
    outer loop
      vertex 16.7283 18.5786 81.5
      vertex 15 21.6506 81.5
      vertex 14.4217 20.2545 81.5
    endloop
  endfacet
  facet normal 0 0 1
    outer loop
      vertex 30 0 81.5
      vertex 26.7678 -1.76777 81.5
      vertex 29.3444 -6.23735 81.5
    endloop
  endfacet
  facet normal -0 0 1
    outer loop
      vertex 24.4537 -5.19779 81.5
      vertex 29.3444 -6.23735 81.5
      vertex 26.7678 -1.76777 81.5
    endloop
  endfacet
  facet normal 0 0 1
    outer loop
      vertex 24.4537 -5.19779 81.5
      vertex 26.7678 -1.76777 81.5
      vertex 25 -2.5 81.5
    endloop
  endfacet
  facet normal 0 0 1
    outer loop
      vertex 24.4537 -5.19779 81.5
      vertex 25 -2.5 81.5
      vertex 24.7482 -2.3957 81.5
    endloop
  endfacet
  facet normal 0 0 1
    outer loop
      vertex 29.3444 -6.23735 81.5
      vertex 24.4537 -5.19779 81.5
      vertex 27.4064 -12.2021 81.5
    endloop
  endfacet
  facet normal -0 0 1
    outer loop
      vertex 22.8386 -10.1684 81.5
      vertex 27.4064 -12.2021 81.5
      vertex 24.4537 -5.19779 81.5
    endloop
  endfacet
  facet normal 0 0 1
    outer loop
      vertex 27.4064 -12.2021 81.5
      vertex 22.8386 -10.1684 81.5
      vertex 24.2705 -17.6336 81.5
    endloop
  endfacet
  facet normal -0 0 1
    outer loop
      vertex 20.2254 -14.6946 81.5
      vertex 24.2705 -17.6336 81.5
      vertex 22.8386 -10.1684 81.5
    endloop
  endfacet
  facet normal 0 0 1
    outer loop
      vertex 20.2254 -14.6946 81.5
      vertex 20.0739 -22.2943 81.5
      vertex 24.2705 -17.6336 81.5
    endloop
  endfacet
  facet normal -0 0 1
    outer loop
      vertex 16.7283 -18.5786 81.5
      vertex 20.0739 -22.2943 81.5
      vertex 20.2254 -14.6946 81.5
    endloop
  endfacet
  facet normal -0 0 1
    outer loop
      vertex 15 -21.6506 81.5
      vertex 20.0739 -22.2943 81.5
      vertex 16.7283 -18.5786 81.5
    endloop
  endfacet
  facet normal 0 0 1
    outer loop
      vertex 14.2678 -23.4184 81.5
      vertex 20.0739 -22.2943 81.5
      vertex 15 -21.6506 81.5
    endloop
  endfacet
  facet normal 0 0 1
    outer loop
      vertex 20.0739 -22.2943 81.5
      vertex 14.2678 -23.4184 81.5
      vertex 15 -25.9808 81.5
    endloop
  endfacet
  facet normal -0 0 1
    outer loop
      vertex 12.5 -24.1506 81.5
      vertex 15 -25.9808 81.5
      vertex 14.2678 -23.4184 81.5
    endloop
  endfacet
  facet normal 0 0 1
    outer loop
      vertex 9.27051 -28.5317 81.5
      vertex 12.5 -24.1506 81.5
      vertex 10.7322 -23.4184 81.5
    endloop
  endfacet
  facet normal 0 0 1
    outer loop
      vertex 12.5 -24.1506 81.5
      vertex 9.27051 -28.5317 81.5
      vertex 15 -25.9808 81.5
    endloop
  endfacet
  facet normal 0 0 1
    outer loop
      vertex 7.72542 -23.7764 81.5
      vertex 10.7322 -23.4184 81.5
      vertex 10.3893 -22.5904 81.5
    endloop
  endfacet
  facet normal 0 0 1
    outer loop
      vertex 10.7322 -23.4184 81.5
      vertex 7.72542 -23.7764 81.5
      vertex 9.27051 -28.5317 81.5
    endloop
  endfacet
  facet normal 0 0 1
    outer loop
      vertex 7.72542 -23.7764 81.5
      vertex 3.13585 -29.8357 81.5
      vertex 9.27051 -28.5317 81.5
    endloop
  endfacet
  facet normal -0 0 1
    outer loop
      vertex 2.61321 -24.863 81.5
      vertex 3.13585 -29.8357 81.5
      vertex 7.72542 -23.7764 81.5
    endloop
  endfacet
  facet normal -0 0 1
    outer loop
      vertex -2.61321 -24.863 81.5
      vertex 3.13585 -29.8357 81.5
      vertex 2.61321 -24.863 81.5
    endloop
  endfacet
  facet normal 0 0 1
    outer loop
      vertex -2.61321 -24.863 81.5
      vertex -3.13585 -29.8357 81.5
      vertex 3.13585 -29.8357 81.5
    endloop
  endfacet
  facet normal 0 0 1
    outer loop
      vertex -7.72542 -23.7764 81.5
      vertex -3.13585 -29.8357 81.5
      vertex -2.61321 -24.863 81.5
    endloop
  endfacet
  facet normal 0 0 1
    outer loop
      vertex -7.72542 -23.7764 81.5
      vertex -9.27051 -28.5317 81.5
      vertex -3.13585 -29.8357 81.5
    endloop
  endfacet
  facet normal -0 0 1
    outer loop
      vertex -10.7322 -23.4184 81.5
      vertex -7.72542 -23.7764 81.5
      vertex -10.3893 -22.5904 81.5
    endloop
  endfacet
  facet normal 0 0 1
    outer loop
      vertex -7.72542 -23.7764 81.5
      vertex -10.7322 -23.4184 81.5
      vertex -9.27051 -28.5317 81.5
    endloop
  endfacet
  facet normal -0 0 1
    outer loop
      vertex -12.5 -24.1506 81.5
      vertex -9.27051 -28.5317 81.5
      vertex -10.7322 -23.4184 81.5
    endloop
  endfacet
  facet normal 0 0 1
    outer loop
      vertex -15 -25.9808 81.5
      vertex -12.5 -24.1506 81.5
      vertex -14.2678 -23.4184 81.5
    endloop
  endfacet
  facet normal 0 0 1
    outer loop
      vertex -12.5 -24.1506 81.5
      vertex -15 -25.9808 81.5
      vertex -9.27051 -28.5317 81.5
    endloop
  endfacet
  facet normal 0 0 1
    outer loop
      vertex -15 -25.9808 81.5
      vertex -14.2678 -23.4184 81.5
      vertex -15 -21.6506 81.5
    endloop
  endfacet
  facet normal 0 0 1
    outer loop
      vertex -14.4217 20.2545 81.5
      vertex -15 21.6506 81.5
      vertex -16.7283 18.5786 81.5
    endloop
  endfacet
  facet normal -0.207917 -0.978146 0
    outer loop
      vertex -9.27051 -28.5317 78.5
      vertex -3.13585 -29.8357 81.5
      vertex -9.27051 -28.5317 81.5
    endloop
  endfacet
  facet normal -0.207917 -0.978146 -0
    outer loop
      vertex -3.13585 -29.8357 81.5
      vertex -9.27051 -28.5317 78.5
      vertex -3.13585 -29.8357 78.5
    endloop
  endfacet
  facet normal 0.207917 0.978146 -0
    outer loop
      vertex 9.27051 28.5317 78.5
      vertex 3.13585 29.8357 81.5
      vertex 9.27051 28.5317 81.5
    endloop
  endfacet
  facet normal 0.207917 0.978146 0
    outer loop
      vertex 3.13585 29.8357 81.5
      vertex 9.27051 28.5317 78.5
      vertex 3.13585 29.8357 78.5
    endloop
  endfacet
  facet normal -0.994521 -0.104533 0
    outer loop
      vertex -29.3444 -6.23735 78.5
      vertex -30 0 81.5
      vertex -30 0 78.5
    endloop
  endfacet
  facet normal -0.994521 -0.104533 0
    outer loop
      vertex -30 0 81.5
      vertex -29.3444 -6.23735 78.5
      vertex -29.3444 -6.23735 81.5
    endloop
  endfacet
  facet normal -0.994521 0.104533 0
    outer loop
      vertex -30 0 78.5
      vertex -29.3444 6.23735 81.5
      vertex -29.3444 6.23735 78.5
    endloop
  endfacet
  facet normal -0.994521 0.104533 0
    outer loop
      vertex -29.3444 6.23735 81.5
      vertex -30 0 78.5
      vertex -30 0 81.5
    endloop
  endfacet
  facet normal -0.866024 -0.500003 0
    outer loop
      vertex -24.2705 -17.6336 78.5
      vertex -27.4064 -12.2021 81.5
      vertex -27.4064 -12.2021 78.5
    endloop
  endfacet
  facet normal -0.866024 -0.500003 0
    outer loop
      vertex -27.4064 -12.2021 81.5
      vertex -24.2705 -17.6336 78.5
      vertex -24.2705 -17.6336 81.5
    endloop
  endfacet
  facet normal -0.866024 0.500003 0
    outer loop
      vertex -27.4064 12.2021 78.5
      vertex -24.2705 17.6336 81.5
      vertex -24.2705 17.6336 78.5
    endloop
  endfacet
  facet normal -0.866024 0.500003 0
    outer loop
      vertex -24.2705 17.6336 81.5
      vertex -27.4064 12.2021 78.5
      vertex -27.4064 12.2021 81.5
    endloop
  endfacet
  facet normal 0.866024 -0.500003 0
    outer loop
      vertex 24.2705 -17.6336 81.5
      vertex 27.4064 -12.2021 78.5
      vertex 27.4064 -12.2021 81.5
    endloop
  endfacet
  facet normal 0.866024 -0.500003 0
    outer loop
      vertex 27.4064 -12.2021 78.5
      vertex 24.2705 -17.6336 81.5
      vertex 24.2705 -17.6336 78.5
    endloop
  endfacet
  facet normal 0.587795 0.80901 -0
    outer loop
      vertex 20.0739 22.2943 78.5
      vertex 15 25.9808 81.5
      vertex 20.0739 22.2943 81.5
    endloop
  endfacet
  facet normal 0.587795 0.80901 0
    outer loop
      vertex 15 25.9808 81.5
      vertex 20.0739 22.2943 78.5
      vertex 15 25.9808 78.5
    endloop
  endfacet
  facet normal -0.587795 0.80901 0
    outer loop
      vertex -15 25.9808 78.5
      vertex -20.0739 22.2943 81.5
      vertex -15 25.9808 81.5
    endloop
  endfacet
  facet normal -0.587795 0.80901 0
    outer loop
      vertex -20.0739 22.2943 81.5
      vertex -15 25.9808 78.5
      vertex -20.0739 22.2943 78.5
    endloop
  endfacet
  facet normal -0.207917 0.978146 0
    outer loop
      vertex -3.13585 29.8357 78.5
      vertex -9.27051 28.5317 81.5
      vertex -3.13585 29.8357 81.5
    endloop
  endfacet
  facet normal -0.207917 0.978146 0
    outer loop
      vertex -9.27051 28.5317 81.5
      vertex -3.13585 29.8357 78.5
      vertex -9.27051 28.5317 78.5
    endloop
  endfacet
  facet normal 0 -1 0
    outer loop
      vertex -3.13585 -29.8357 78.5
      vertex 3.13585 -29.8357 81.5
      vertex -3.13585 -29.8357 81.5
    endloop
  endfacet
  facet normal 0 -1 -0
    outer loop
      vertex 3.13585 -29.8357 81.5
      vertex -3.13585 -29.8357 78.5
      vertex 3.13585 -29.8357 78.5
    endloop
  endfacet
  facet normal -0.207912 -0.978148 0
    outer loop
      vertex -8.49797 -26.1541 75.5
      vertex -2.87453 -27.3494 78.5
      vertex -8.49797 -26.1541 78.5
    endloop
  endfacet
  facet normal -0.207912 -0.978148 -0
    outer loop
      vertex -2.87453 -27.3494 78.5
      vertex -8.49797 -26.1541 75.5
      vertex -2.87453 -27.3494 75.5
    endloop
  endfacet
  facet normal 0.951055 0.309021 0
    outer loop
      vertex 26.8991 5.71757 78.5
      vertex 25.1225 11.1853 75.5
      vertex 25.1225 11.1853 78.5
    endloop
  endfacet
  facet normal 0.951055 0.309021 0
    outer loop
      vertex 25.1225 11.1853 75.5
      vertex 26.8991 5.71757 78.5
      vertex 26.8991 5.71757 75.5
    endloop
  endfacet
  facet normal 0.994523 0.104521 0
    outer loop
      vertex 27.5 0 78.5
      vertex 26.8991 5.71757 75.5
      vertex 26.8991 5.71757 78.5
    endloop
  endfacet
  facet normal 0.994523 0.104521 0
    outer loop
      vertex 26.8991 5.71757 75.5
      vertex 27.5 0 78.5
      vertex 27.5 0 75.5
    endloop
  endfacet
  facet normal 0.866026 0.499998 0
    outer loop
      vertex 25.1225 11.1853 78.5
      vertex 22.248 16.1641 75.5
      vertex 22.248 16.1641 78.5
    endloop
  endfacet
  facet normal 0.866026 0.499998 0
    outer loop
      vertex 22.248 16.1641 75.5
      vertex 25.1225 11.1853 78.5
      vertex 25.1225 11.1853 75.5
    endloop
  endfacet
  facet normal 0.994523 -0.104521 0
    outer loop
      vertex 26.8991 -5.71757 78.5
      vertex 27.5 0 75.5
      vertex 27.5 0 78.5
    endloop
  endfacet
  facet normal 0.994523 -0.104521 0
    outer loop
      vertex 27.5 0 75.5
      vertex 26.8991 -5.71757 78.5
      vertex 26.8991 -5.71757 75.5
    endloop
  endfacet
  facet normal 0.743144 0.669132 0
    outer loop
      vertex 22.248 16.1641 78.5
      vertex 18.4011 20.4365 75.5
      vertex 18.4011 20.4365 78.5
    endloop
  endfacet
  facet normal 0.743144 0.669132 0
    outer loop
      vertex 18.4011 20.4365 75.5
      vertex 22.248 16.1641 78.5
      vertex 22.248 16.1641 75.5
    endloop
  endfacet
  facet normal -0.951055 -0.309021 0
    outer loop
      vertex -25.1225 -11.1853 75.5
      vertex -26.8991 -5.71757 78.5
      vertex -26.8991 -5.71757 75.5
    endloop
  endfacet
  facet normal -0.951055 -0.309021 0
    outer loop
      vertex -26.8991 -5.71757 78.5
      vertex -25.1225 -11.1853 75.5
      vertex -25.1225 -11.1853 78.5
    endloop
  endfacet
  facet normal -0.743144 0.669132 0
    outer loop
      vertex -22.248 16.1641 75.5
      vertex -18.4011 20.4365 78.5
      vertex -18.4011 20.4365 75.5
    endloop
  endfacet
  facet normal -0.743144 0.669132 0
    outer loop
      vertex -18.4011 20.4365 78.5
      vertex -22.248 16.1641 75.5
      vertex -22.248 16.1641 78.5
    endloop
  endfacet
  facet normal -0.951055 0.309021 0
    outer loop
      vertex -26.8991 5.71757 75.5
      vertex -25.1225 11.1853 78.5
      vertex -25.1225 11.1853 75.5
    endloop
  endfacet
  facet normal -0.951055 0.309021 0
    outer loop
      vertex -25.1225 11.1853 78.5
      vertex -26.8991 5.71757 75.5
      vertex -26.8991 5.71757 78.5
    endloop
  endfacet
  facet normal 0.587783 -0.809019 0
    outer loop
      vertex 13.75 -23.8157 75.5
      vertex 18.4011 -20.4365 78.5
      vertex 13.75 -23.8157 78.5
    endloop
  endfacet
  facet normal 0.587783 -0.809019 0
    outer loop
      vertex 18.4011 -20.4365 78.5
      vertex 13.75 -23.8157 75.5
      vertex 18.4011 -20.4365 75.5
    endloop
  endfacet
  facet normal -0.587783 -0.809019 0
    outer loop
      vertex -18.4011 -20.4365 75.5
      vertex -13.75 -23.8157 78.5
      vertex -18.4011 -20.4365 78.5
    endloop
  endfacet
  facet normal -0.587783 -0.809019 -0
    outer loop
      vertex -13.75 -23.8157 78.5
      vertex -18.4011 -20.4365 75.5
      vertex -13.75 -23.8157 75.5
    endloop
  endfacet
  facet normal -0.587783 0.809019 0
    outer loop
      vertex -13.75 23.8157 75.5
      vertex -18.4011 20.4365 78.5
      vertex -13.75 23.8157 78.5
    endloop
  endfacet
  facet normal -0.587783 0.809019 0
    outer loop
      vertex -18.4011 20.4365 78.5
      vertex -13.75 23.8157 75.5
      vertex -18.4011 20.4365 75.5
    endloop
  endfacet
  facet normal -0.866026 0.499998 0
    outer loop
      vertex -25.1225 11.1853 75.5
      vertex -22.248 16.1641 78.5
      vertex -22.248 16.1641 75.5
    endloop
  endfacet
  facet normal -0.866026 0.499998 0
    outer loop
      vertex -22.248 16.1641 78.5
      vertex -25.1225 11.1853 75.5
      vertex -25.1225 11.1853 78.5
    endloop
  endfacet
  facet normal -0.406743 0.913543 0
    outer loop
      vertex -8.49797 26.1541 75.5
      vertex -13.75 23.8157 78.5
      vertex -8.49797 26.1541 78.5
    endloop
  endfacet
  facet normal -0.406743 0.913543 0
    outer loop
      vertex -13.75 23.8157 78.5
      vertex -8.49797 26.1541 75.5
      vertex -13.75 23.8157 75.5
    endloop
  endfacet
  facet normal -0.406743 -0.913543 0
    outer loop
      vertex -13.75 -23.8157 75.5
      vertex -8.49797 -26.1541 78.5
      vertex -13.75 -23.8157 78.5
    endloop
  endfacet
  facet normal -0.406743 -0.913543 -0
    outer loop
      vertex -8.49797 -26.1541 78.5
      vertex -13.75 -23.8157 75.5
      vertex -8.49797 -26.1541 75.5
    endloop
  endfacet
  facet normal -0.207912 0.978148 0
    outer loop
      vertex -2.87453 27.3494 75.5
      vertex -8.49797 26.1541 78.5
      vertex -2.87453 27.3494 78.5
    endloop
  endfacet
  facet normal -0.207912 0.978148 0
    outer loop
      vertex -8.49797 26.1541 78.5
      vertex -2.87453 27.3494 75.5
      vertex -8.49797 26.1541 75.5
    endloop
  endfacet
  facet normal 0.866026 -0.499998 0
    outer loop
      vertex 22.248 -16.1641 78.5
      vertex 25.1225 -11.1853 75.5
      vertex 25.1225 -11.1853 78.5
    endloop
  endfacet
  facet normal 0.866026 -0.499998 0
    outer loop
      vertex 25.1225 -11.1853 75.5
      vertex 22.248 -16.1641 78.5
      vertex 22.248 -16.1641 75.5
    endloop
  endfacet
  facet normal 0.743144 -0.669132 0
    outer loop
      vertex 18.4011 -20.4365 78.5
      vertex 22.248 -16.1641 75.5
      vertex 22.248 -16.1641 78.5
    endloop
  endfacet
  facet normal 0.743144 -0.669132 0
    outer loop
      vertex 22.248 -16.1641 75.5
      vertex 18.4011 -20.4365 78.5
      vertex 18.4011 -20.4365 75.5
    endloop
  endfacet
  facet normal 0.207912 -0.978148 0
    outer loop
      vertex 2.87453 -27.3494 75.5
      vertex 8.49797 -26.1541 78.5
      vertex 2.87453 -27.3494 78.5
    endloop
  endfacet
  facet normal 0.207912 -0.978148 0
    outer loop
      vertex 8.49797 -26.1541 78.5
      vertex 2.87453 -27.3494 75.5
      vertex 8.49797 -26.1541 75.5
    endloop
  endfacet
  facet normal 0 1 -0
    outer loop
      vertex 2.87453 27.3494 75.5
      vertex -2.87453 27.3494 78.5
      vertex 2.87453 27.3494 78.5
    endloop
  endfacet
  facet normal 0 1 0
    outer loop
      vertex -2.87453 27.3494 78.5
      vertex 2.87453 27.3494 75.5
      vertex -2.87453 27.3494 75.5
    endloop
  endfacet
  facet normal 0.951055 -0.309021 0
    outer loop
      vertex 25.1225 -11.1853 78.5
      vertex 26.8991 -5.71757 75.5
      vertex 26.8991 -5.71757 78.5
    endloop
  endfacet
  facet normal 0.951055 -0.309021 0
    outer loop
      vertex 26.8991 -5.71757 75.5
      vertex 25.1225 -11.1853 78.5
      vertex 25.1225 -11.1853 75.5
    endloop
  endfacet
  facet normal 0.587783 0.809019 -0
    outer loop
      vertex 18.4011 20.4365 75.5
      vertex 13.75 23.8157 78.5
      vertex 18.4011 20.4365 78.5
    endloop
  endfacet
  facet normal 0.587783 0.809019 0
    outer loop
      vertex 13.75 23.8157 78.5
      vertex 18.4011 20.4365 75.5
      vertex 13.75 23.8157 75.5
    endloop
  endfacet
  facet normal -0.994523 0.104521 0
    outer loop
      vertex -27.5 0 75.5
      vertex -26.8991 5.71757 78.5
      vertex -26.8991 5.71757 75.5
    endloop
  endfacet
  facet normal -0.994523 0.104521 0
    outer loop
      vertex -26.8991 5.71757 78.5
      vertex -27.5 0 75.5
      vertex -27.5 0 78.5
    endloop
  endfacet
  facet normal -0.866026 -0.499998 0
    outer loop
      vertex -22.248 -16.1641 75.5
      vertex -25.1225 -11.1853 78.5
      vertex -25.1225 -11.1853 75.5
    endloop
  endfacet
  facet normal -0.866026 -0.499998 0
    outer loop
      vertex -25.1225 -11.1853 78.5
      vertex -22.248 -16.1641 75.5
      vertex -22.248 -16.1641 78.5
    endloop
  endfacet
  facet normal 0.406743 0.913543 -0
    outer loop
      vertex 13.75 23.8157 75.5
      vertex 8.49797 26.1541 78.5
      vertex 13.75 23.8157 78.5
    endloop
  endfacet
  facet normal 0.406743 0.913543 0
    outer loop
      vertex 8.49797 26.1541 78.5
      vertex 13.75 23.8157 75.5
      vertex 8.49797 26.1541 75.5
    endloop
  endfacet
  facet normal 0 -1 0
    outer loop
      vertex -2.87453 -27.3494 75.5
      vertex 2.87453 -27.3494 78.5
      vertex -2.87453 -27.3494 78.5
    endloop
  endfacet
  facet normal 0 -1 -0
    outer loop
      vertex 2.87453 -27.3494 78.5
      vertex -2.87453 -27.3494 75.5
      vertex 2.87453 -27.3494 75.5
    endloop
  endfacet
  facet normal -0.994523 -0.104521 0
    outer loop
      vertex -26.8991 -5.71757 75.5
      vertex -27.5 0 78.5
      vertex -27.5 0 75.5
    endloop
  endfacet
  facet normal -0.994523 -0.104521 0
    outer loop
      vertex -27.5 0 78.5
      vertex -26.8991 -5.71757 75.5
      vertex -26.8991 -5.71757 78.5
    endloop
  endfacet
  facet normal 0.406743 -0.913543 0
    outer loop
      vertex 8.49797 -26.1541 75.5
      vertex 13.75 -23.8157 78.5
      vertex 8.49797 -26.1541 78.5
    endloop
  endfacet
  facet normal 0.406743 -0.913543 0
    outer loop
      vertex 13.75 -23.8157 78.5
      vertex 8.49797 -26.1541 75.5
      vertex 13.75 -23.8157 75.5
    endloop
  endfacet
  facet normal -0.743144 -0.669132 0
    outer loop
      vertex -18.4011 -20.4365 75.5
      vertex -22.248 -16.1641 78.5
      vertex -22.248 -16.1641 75.5
    endloop
  endfacet
  facet normal -0.743144 -0.669132 0
    outer loop
      vertex -22.248 -16.1641 78.5
      vertex -18.4011 -20.4365 75.5
      vertex -18.4011 -20.4365 78.5
    endloop
  endfacet
  facet normal 0.207912 0.978148 -0
    outer loop
      vertex 8.49797 26.1541 75.5
      vertex 2.87453 27.3494 78.5
      vertex 8.49797 26.1541 78.5
    endloop
  endfacet
  facet normal 0.207912 0.978148 0
    outer loop
      vertex 2.87453 27.3494 78.5
      vertex 8.49797 26.1541 75.5
      vertex 2.87453 27.3494 75.5
    endloop
  endfacet
  facet normal 0 0 1
    outer loop
      vertex 27.5 0 75.5
      vertex 30 0 75.5
      vertex 29.3444 6.23735 75.5
    endloop
  endfacet
  facet normal 0 0 1
    outer loop
      vertex 30 0 75.5
      vertex 27.5 0 75.5
      vertex 29.3444 -6.23735 75.5
    endloop
  endfacet
  facet normal 0 0 1
    outer loop
      vertex 26.8991 5.71757 75.5
      vertex 29.3444 6.23735 75.5
      vertex 27.4064 12.2021 75.5
    endloop
  endfacet
  facet normal 0 0 1
    outer loop
      vertex 29.3444 6.23735 75.5
      vertex 26.8991 5.71757 75.5
      vertex 27.5 0 75.5
    endloop
  endfacet
  facet normal 0 0 1
    outer loop
      vertex 27.4064 12.2021 75.5
      vertex 25.1225 11.1853 75.5
      vertex 26.8991 5.71757 75.5
    endloop
  endfacet
  facet normal 0 0 1
    outer loop
      vertex 24.2705 17.6336 75.5
      vertex 25.1225 11.1853 75.5
      vertex 27.4064 12.2021 75.5
    endloop
  endfacet
  facet normal 0 0 1
    outer loop
      vertex 24.2705 17.6336 75.5
      vertex 22.248 16.1641 75.5
      vertex 25.1225 11.1853 75.5
    endloop
  endfacet
  facet normal 0 0 1
    outer loop
      vertex 20.0739 22.2943 75.5
      vertex 22.248 16.1641 75.5
      vertex 24.2705 17.6336 75.5
    endloop
  endfacet
  facet normal 0 0 1
    outer loop
      vertex 20.0739 22.2943 75.5
      vertex 18.4011 20.4365 75.5
      vertex 22.248 16.1641 75.5
    endloop
  endfacet
  facet normal 0 0 1
    outer loop
      vertex 15 25.9808 75.5
      vertex 18.4011 20.4365 75.5
      vertex 20.0739 22.2943 75.5
    endloop
  endfacet
  facet normal 0 0 1
    outer loop
      vertex 15 25.9808 75.5
      vertex 13.75 23.8157 75.5
      vertex 18.4011 20.4365 75.5
    endloop
  endfacet
  facet normal 0 0 1
    outer loop
      vertex 9.27051 28.5317 75.5
      vertex 13.75 23.8157 75.5
      vertex 15 25.9808 75.5
    endloop
  endfacet
  facet normal 0 0 1
    outer loop
      vertex 9.27051 28.5317 75.5
      vertex 8.49797 26.1541 75.5
      vertex 13.75 23.8157 75.5
    endloop
  endfacet
  facet normal 0 0 1
    outer loop
      vertex 3.13585 29.8357 75.5
      vertex 8.49797 26.1541 75.5
      vertex 9.27051 28.5317 75.5
    endloop
  endfacet
  facet normal 0 0 1
    outer loop
      vertex 3.13585 29.8357 75.5
      vertex 2.87453 27.3494 75.5
      vertex 8.49797 26.1541 75.5
    endloop
  endfacet
  facet normal 0 0 1
    outer loop
      vertex 3.13585 29.8357 75.5
      vertex -2.87453 27.3494 75.5
      vertex 2.87453 27.3494 75.5
    endloop
  endfacet
  facet normal -0 0 1
    outer loop
      vertex -3.13585 29.8357 75.5
      vertex -2.87453 27.3494 75.5
      vertex 3.13585 29.8357 75.5
    endloop
  endfacet
  facet normal 0 0 1
    outer loop
      vertex -3.13585 29.8357 75.5
      vertex -8.49797 26.1541 75.5
      vertex -2.87453 27.3494 75.5
    endloop
  endfacet
  facet normal -0 0 1
    outer loop
      vertex -9.27051 28.5317 75.5
      vertex -8.49797 26.1541 75.5
      vertex -3.13585 29.8357 75.5
    endloop
  endfacet
  facet normal 0 0 1
    outer loop
      vertex -9.27051 28.5317 75.5
      vertex -13.75 23.8157 75.5
      vertex -8.49797 26.1541 75.5
    endloop
  endfacet
  facet normal -0 0 1
    outer loop
      vertex -15 25.9808 75.5
      vertex -13.75 23.8157 75.5
      vertex -9.27051 28.5317 75.5
    endloop
  endfacet
  facet normal 0 0 1
    outer loop
      vertex -15 25.9808 75.5
      vertex -18.4011 20.4365 75.5
      vertex -13.75 23.8157 75.5
    endloop
  endfacet
  facet normal -0 0 1
    outer loop
      vertex -20.0739 22.2943 75.5
      vertex -18.4011 20.4365 75.5
      vertex -15 25.9808 75.5
    endloop
  endfacet
  facet normal 0 0 1
    outer loop
      vertex -20.0739 22.2943 75.5
      vertex -22.248 16.1641 75.5
      vertex -18.4011 20.4365 75.5
    endloop
  endfacet
  facet normal -0 0 1
    outer loop
      vertex -24.2705 17.6336 75.5
      vertex -22.248 16.1641 75.5
      vertex -20.0739 22.2943 75.5
    endloop
  endfacet
  facet normal 0 0 1
    outer loop
      vertex -24.2705 17.6336 75.5
      vertex -25.1225 11.1853 75.5
      vertex -22.248 16.1641 75.5
    endloop
  endfacet
  facet normal -0 0 1
    outer loop
      vertex -27.4064 12.2021 75.5
      vertex -25.1225 11.1853 75.5
      vertex -24.2705 17.6336 75.5
    endloop
  endfacet
  facet normal 0 0 1
    outer loop
      vertex -25.1225 11.1853 75.5
      vertex -27.4064 12.2021 75.5
      vertex -26.8991 5.71757 75.5
    endloop
  endfacet
  facet normal -0 0 1
    outer loop
      vertex -29.3444 6.23735 75.5
      vertex -26.8991 5.71757 75.5
      vertex -27.4064 12.2021 75.5
    endloop
  endfacet
  facet normal 0 0 1
    outer loop
      vertex -26.8991 5.71757 75.5
      vertex -29.3444 6.23735 75.5
      vertex -27.5 0 75.5
    endloop
  endfacet
  facet normal -0 0 1
    outer loop
      vertex 26.8991 -5.71757 75.5
      vertex 29.3444 -6.23735 75.5
      vertex 27.5 0 75.5
    endloop
  endfacet
  facet normal 0 0 1
    outer loop
      vertex 29.3444 -6.23735 75.5
      vertex 26.8991 -5.71757 75.5
      vertex 27.4064 -12.2021 75.5
    endloop
  endfacet
  facet normal -0 0 1
    outer loop
      vertex 25.1225 -11.1853 75.5
      vertex 27.4064 -12.2021 75.5
      vertex 26.8991 -5.71757 75.5
    endloop
  endfacet
  facet normal 0 0 1
    outer loop
      vertex 25.1225 -11.1853 75.5
      vertex 24.2705 -17.6336 75.5
      vertex 27.4064 -12.2021 75.5
    endloop
  endfacet
  facet normal -0 0 1
    outer loop
      vertex 22.248 -16.1641 75.5
      vertex 24.2705 -17.6336 75.5
      vertex 25.1225 -11.1853 75.5
    endloop
  endfacet
  facet normal 0 0 1
    outer loop
      vertex 22.248 -16.1641 75.5
      vertex 20.0739 -22.2943 75.5
      vertex 24.2705 -17.6336 75.5
    endloop
  endfacet
  facet normal -0 0 1
    outer loop
      vertex 18.4011 -20.4365 75.5
      vertex 20.0739 -22.2943 75.5
      vertex 22.248 -16.1641 75.5
    endloop
  endfacet
  facet normal 0 0 1
    outer loop
      vertex 18.4011 -20.4365 75.5
      vertex 15 -25.9808 75.5
      vertex 20.0739 -22.2943 75.5
    endloop
  endfacet
  facet normal -0 0 1
    outer loop
      vertex 13.75 -23.8157 75.5
      vertex 15 -25.9808 75.5
      vertex 18.4011 -20.4365 75.5
    endloop
  endfacet
  facet normal 0 0 1
    outer loop
      vertex 13.75 -23.8157 75.5
      vertex 9.27051 -28.5317 75.5
      vertex 15 -25.9808 75.5
    endloop
  endfacet
  facet normal -0 0 1
    outer loop
      vertex 8.49797 -26.1541 75.5
      vertex 9.27051 -28.5317 75.5
      vertex 13.75 -23.8157 75.5
    endloop
  endfacet
  facet normal 0 0 1
    outer loop
      vertex 8.49797 -26.1541 75.5
      vertex 3.13585 -29.8357 75.5
      vertex 9.27051 -28.5317 75.5
    endloop
  endfacet
  facet normal -0 0 1
    outer loop
      vertex 2.87453 -27.3494 75.5
      vertex 3.13585 -29.8357 75.5
      vertex 8.49797 -26.1541 75.5
    endloop
  endfacet
  facet normal -0 0 1
    outer loop
      vertex -2.87453 -27.3494 75.5
      vertex 3.13585 -29.8357 75.5
      vertex 2.87453 -27.3494 75.5
    endloop
  endfacet
  facet normal 0 0 1
    outer loop
      vertex -2.87453 -27.3494 75.5
      vertex -3.13585 -29.8357 75.5
      vertex 3.13585 -29.8357 75.5
    endloop
  endfacet
  facet normal 0 0 1
    outer loop
      vertex -8.49797 -26.1541 75.5
      vertex -3.13585 -29.8357 75.5
      vertex -2.87453 -27.3494 75.5
    endloop
  endfacet
  facet normal 0 0 1
    outer loop
      vertex -8.49797 -26.1541 75.5
      vertex -9.27051 -28.5317 75.5
      vertex -3.13585 -29.8357 75.5
    endloop
  endfacet
  facet normal 0 0 1
    outer loop
      vertex -13.75 -23.8157 75.5
      vertex -9.27051 -28.5317 75.5
      vertex -8.49797 -26.1541 75.5
    endloop
  endfacet
  facet normal 0 0 1
    outer loop
      vertex -13.75 -23.8157 75.5
      vertex -15 -25.9808 75.5
      vertex -9.27051 -28.5317 75.5
    endloop
  endfacet
  facet normal 0 0 1
    outer loop
      vertex -18.4011 -20.4365 75.5
      vertex -15 -25.9808 75.5
      vertex -13.75 -23.8157 75.5
    endloop
  endfacet
  facet normal 0 0 1
    outer loop
      vertex -18.4011 -20.4365 75.5
      vertex -20.0739 -22.2943 75.5
      vertex -15 -25.9808 75.5
    endloop
  endfacet
  facet normal 0 0 1
    outer loop
      vertex -22.248 -16.1641 75.5
      vertex -20.0739 -22.2943 75.5
      vertex -18.4011 -20.4365 75.5
    endloop
  endfacet
  facet normal 0 0 1
    outer loop
      vertex -22.248 -16.1641 75.5
      vertex -24.2705 -17.6336 75.5
      vertex -20.0739 -22.2943 75.5
    endloop
  endfacet
  facet normal 0 0 1
    outer loop
      vertex -25.1225 -11.1853 75.5
      vertex -24.2705 -17.6336 75.5
      vertex -22.248 -16.1641 75.5
    endloop
  endfacet
  facet normal 0 0 1
    outer loop
      vertex -27.4064 -12.2021 75.5
      vertex -25.1225 -11.1853 75.5
      vertex -26.8991 -5.71757 75.5
    endloop
  endfacet
  facet normal 0 0 1
    outer loop
      vertex -25.1225 -11.1853 75.5
      vertex -27.4064 -12.2021 75.5
      vertex -24.2705 -17.6336 75.5
    endloop
  endfacet
  facet normal 0 0 1
    outer loop
      vertex -29.3444 -6.23735 75.5
      vertex -26.8991 -5.71757 75.5
      vertex -27.5 0 75.5
    endloop
  endfacet
  facet normal 0 0 1
    outer loop
      vertex -30 0 75.5
      vertex -27.5 0 75.5
      vertex -29.3444 6.23735 75.5
    endloop
  endfacet
  facet normal 0 0 1
    outer loop
      vertex -26.8991 -5.71757 75.5
      vertex -29.3444 -6.23735 75.5
      vertex -27.4064 -12.2021 75.5
    endloop
  endfacet
  facet normal 0 0 1
    outer loop
      vertex -27.5 0 75.5
      vertex -30 0 75.5
      vertex -29.3444 -6.23735 75.5
    endloop
  endfacet
  facet normal -0.743138 -0.669138 0
    outer loop
      vertex -20.0739 -22.2943 72.5
      vertex -24.2705 -17.6336 75.5
      vertex -24.2705 -17.6336 72.5
    endloop
  endfacet
  facet normal -0.743138 -0.669138 0
    outer loop
      vertex -24.2705 -17.6336 75.5
      vertex -20.0739 -22.2943 72.5
      vertex -20.0739 -22.2943 75.5
    endloop
  endfacet
  facet normal 0.95106 0.309008 0
    outer loop
      vertex 29.3444 6.23735 75.5
      vertex 27.4064 12.2021 72.5
      vertex 27.4064 12.2021 75.5
    endloop
  endfacet
  facet normal 0.95106 0.309008 0
    outer loop
      vertex 27.4064 12.2021 72.5
      vertex 29.3444 6.23735 75.5
      vertex 29.3444 6.23735 72.5
    endloop
  endfacet
  facet normal 0.994521 0.104533 0
    outer loop
      vertex 30 0 75.5
      vertex 29.3444 6.23735 72.5
      vertex 29.3444 6.23735 75.5
    endloop
  endfacet
  facet normal 0.994521 0.104533 0
    outer loop
      vertex 29.3444 6.23735 72.5
      vertex 30 0 75.5
      vertex 30 0 72.5
    endloop
  endfacet
  facet normal 0.866024 0.500003 0
    outer loop
      vertex 27.4064 12.2021 75.5
      vertex 24.2705 17.6336 72.5
      vertex 24.2705 17.6336 75.5
    endloop
  endfacet
  facet normal 0.866024 0.500003 0
    outer loop
      vertex 24.2705 17.6336 72.5
      vertex 27.4064 12.2021 75.5
      vertex 27.4064 12.2021 72.5
    endloop
  endfacet
  facet normal 0.95106 -0.309008 0
    outer loop
      vertex 27.4064 -12.2021 75.5
      vertex 29.3444 -6.23735 72.5
      vertex 29.3444 -6.23735 75.5
    endloop
  endfacet
  facet normal 0.95106 -0.309008 0
    outer loop
      vertex 29.3444 -6.23735 72.5
      vertex 27.4064 -12.2021 75.5
      vertex 27.4064 -12.2021 72.5
    endloop
  endfacet
  facet normal 0.587795 -0.80901 0
    outer loop
      vertex 15 -25.9808 72.5
      vertex 20.0739 -22.2943 75.5
      vertex 15 -25.9808 75.5
    endloop
  endfacet
  facet normal 0.587795 -0.80901 0
    outer loop
      vertex 20.0739 -22.2943 75.5
      vertex 15 -25.9808 72.5
      vertex 20.0739 -22.2943 72.5
    endloop
  endfacet
  facet normal 0.743138 -0.669138 0
    outer loop
      vertex 20.0739 -22.2943 75.5
      vertex 24.2705 -17.6336 72.5
      vertex 24.2705 -17.6336 75.5
    endloop
  endfacet
  facet normal 0.743138 -0.669138 0
    outer loop
      vertex 24.2705 -17.6336 72.5
      vertex 20.0739 -22.2943 75.5
      vertex 20.0739 -22.2943 72.5
    endloop
  endfacet
  facet normal 0.994521 -0.104533 0
    outer loop
      vertex 29.3444 -6.23735 75.5
      vertex 30 0 72.5
      vertex 30 0 75.5
    endloop
  endfacet
  facet normal 0.994521 -0.104533 0
    outer loop
      vertex 30 0 72.5
      vertex 29.3444 -6.23735 75.5
      vertex 29.3444 -6.23735 72.5
    endloop
  endfacet
  facet normal -0.406732 -0.913547 0
    outer loop
      vertex -15 -25.9808 72.5
      vertex -9.27051 -28.5317 75.5
      vertex -15 -25.9808 75.5
    endloop
  endfacet
  facet normal -0.406732 -0.913547 -0
    outer loop
      vertex -9.27051 -28.5317 75.5
      vertex -15 -25.9808 72.5
      vertex -9.27051 -28.5317 72.5
    endloop
  endfacet
  facet normal 0.406732 0.913547 -0
    outer loop
      vertex 15 25.9808 72.5
      vertex 9.27051 28.5317 75.5
      vertex 15 25.9808 75.5
    endloop
  endfacet
  facet normal 0.406732 0.913547 0
    outer loop
      vertex 9.27051 28.5317 75.5
      vertex 15 25.9808 72.5
      vertex 9.27051 28.5317 72.5
    endloop
  endfacet
  facet normal 0.743138 0.669138 0
    outer loop
      vertex 24.2705 17.6336 75.5
      vertex 20.0739 22.2943 72.5
      vertex 20.0739 22.2943 75.5
    endloop
  endfacet
  facet normal 0.743138 0.669138 0
    outer loop
      vertex 20.0739 22.2943 72.5
      vertex 24.2705 17.6336 75.5
      vertex 24.2705 17.6336 72.5
    endloop
  endfacet
  facet normal -0.587795 -0.80901 0
    outer loop
      vertex -20.0739 -22.2943 72.5
      vertex -15 -25.9808 75.5
      vertex -20.0739 -22.2943 75.5
    endloop
  endfacet
  facet normal -0.587795 -0.80901 -0
    outer loop
      vertex -15 -25.9808 75.5
      vertex -20.0739 -22.2943 72.5
      vertex -15 -25.9808 72.5
    endloop
  endfacet
  facet normal -0.743138 0.669138 0
    outer loop
      vertex -24.2705 17.6336 72.5
      vertex -20.0739 22.2943 75.5
      vertex -20.0739 22.2943 72.5
    endloop
  endfacet
  facet normal -0.743138 0.669138 0
    outer loop
      vertex -20.0739 22.2943 75.5
      vertex -24.2705 17.6336 72.5
      vertex -24.2705 17.6336 75.5
    endloop
  endfacet
  facet normal 0 1 -0
    outer loop
      vertex 3.13585 29.8357 72.5
      vertex -3.13585 29.8357 75.5
      vertex 3.13585 29.8357 75.5
    endloop
  endfacet
  facet normal 0 1 0
    outer loop
      vertex -3.13585 29.8357 75.5
      vertex 3.13585 29.8357 72.5
      vertex -3.13585 29.8357 72.5
    endloop
  endfacet
  facet normal 0.406732 -0.913547 0
    outer loop
      vertex 9.27051 -28.5317 72.5
      vertex 15 -25.9808 75.5
      vertex 9.27051 -28.5317 75.5
    endloop
  endfacet
  facet normal 0.406732 -0.913547 0
    outer loop
      vertex 15 -25.9808 75.5
      vertex 9.27051 -28.5317 72.5
      vertex 15 -25.9808 72.5
    endloop
  endfacet
  facet normal 0.207917 -0.978146 0
    outer loop
      vertex 3.13585 -29.8357 72.5
      vertex 9.27051 -28.5317 75.5
      vertex 3.13585 -29.8357 75.5
    endloop
  endfacet
  facet normal 0.207917 -0.978146 0
    outer loop
      vertex 9.27051 -28.5317 75.5
      vertex 3.13585 -29.8357 72.5
      vertex 9.27051 -28.5317 72.5
    endloop
  endfacet
  facet normal -0.95106 0.309008 0
    outer loop
      vertex -29.3444 6.23735 72.5
      vertex -27.4064 12.2021 75.5
      vertex -27.4064 12.2021 72.5
    endloop
  endfacet
  facet normal -0.95106 0.309008 0
    outer loop
      vertex -27.4064 12.2021 75.5
      vertex -29.3444 6.23735 72.5
      vertex -29.3444 6.23735 75.5
    endloop
  endfacet
  facet normal 0 0 -1
    outer loop
      vertex -24.2705 17.6336 72.5
      vertex -14.2678 19.8829 72.5
      vertex -23.2322 1.76777 72.5
    endloop
  endfacet
  facet normal -0 0 -1
    outer loop
      vertex -14.2678 19.8829 72.5
      vertex -24.2705 17.6336 72.5
      vertex -20.0739 22.2943 72.5
    endloop
  endfacet
  facet normal 0 0 -1
    outer loop
      vertex -27.4064 12.2021 72.5
      vertex -23.2322 1.76777 72.5
      vertex -25 2.5 72.5
    endloop
  endfacet
  facet normal 0 0 -1
    outer loop
      vertex -29.3444 6.23735 72.5
      vertex -25 2.5 72.5
      vertex -26.7678 1.76777 72.5
    endloop
  endfacet
  facet normal 0 0 -1
    outer loop
      vertex -23.2322 1.76777 72.5
      vertex -27.4064 12.2021 72.5
      vertex -24.2705 17.6336 72.5
    endloop
  endfacet
  facet normal 0 0 -1
    outer loop
      vertex -30 0 72.5
      vertex -26.7678 1.76777 72.5
      vertex -27.5 0 72.5
    endloop
  endfacet
  facet normal 0 0 -1
    outer loop
      vertex -26.7678 -1.76777 72.5
      vertex -30 0 72.5
      vertex -27.5 0 72.5
    endloop
  endfacet
  facet normal 0 0 -1
    outer loop
      vertex -25 2.5 72.5
      vertex -29.3444 6.23735 72.5
      vertex -27.4064 12.2021 72.5
    endloop
  endfacet
  facet normal -0 0 -1
    outer loop
      vertex -26.7678 1.76777 72.5
      vertex -30 0 72.5
      vertex -29.3444 6.23735 72.5
    endloop
  endfacet
  facet normal 0 0 -1
    outer loop
      vertex -14.2678 -19.8829 72.5
      vertex -8.09017 -5.87785 72.5
      vertex -12.5 -19.1506 72.5
    endloop
  endfacet
  facet normal 0 0 -1
    outer loop
      vertex -8.09017 -5.87785 72.5
      vertex -23.2322 -1.76777 72.5
      vertex -9.13545 -4.06737 72.5
    endloop
  endfacet
  facet normal 0 0 -1
    outer loop
      vertex -9.13545 -4.06737 72.5
      vertex -23.2322 -1.76777 72.5
      vertex -9.78148 -2.07912 72.5
    endloop
  endfacet
  facet normal 0 0 -1
    outer loop
      vertex -10 0 72.5
      vertex -10.7322 19.8829 72.5
      vertex -10 21.6506 72.5
    endloop
  endfacet
  facet normal 0 -0 -1
    outer loop
      vertex -22.5 0 72.5
      vertex -9.78148 -2.07912 72.5
      vertex -23.2322 -1.76777 72.5
    endloop
  endfacet
  facet normal 0 0 -1
    outer loop
      vertex -23.2322 1.76777 72.5
      vertex -10 0 72.5
      vertex -22.5 0 72.5
    endloop
  endfacet
  facet normal -0 0 -1
    outer loop
      vertex -8.09017 -5.87785 72.5
      vertex -14.2678 -19.8829 72.5
      vertex -23.2322 -1.76777 72.5
    endloop
  endfacet
  facet normal 0 0 -1
    outer loop
      vertex -10 0 72.5
      vertex -12.5 19.1506 72.5
      vertex -10.7322 19.8829 72.5
    endloop
  endfacet
  facet normal 0 0 -1
    outer loop
      vertex -20.0739 -22.2943 72.5
      vertex -14.2678 -19.8829 72.5
      vertex -15 -21.6506 72.5
    endloop
  endfacet
  facet normal 0 0 -1
    outer loop
      vertex -10 0 72.5
      vertex -23.2322 1.76777 72.5
      vertex -12.5 19.1506 72.5
    endloop
  endfacet
  facet normal 0 -0 -1
    outer loop
      vertex 9.78148 -2.07912 72.5
      vertex 23.2322 -1.76777 72.5
      vertex 9.13545 -4.06737 72.5
    endloop
  endfacet
  facet normal 0 0 -1
    outer loop
      vertex 22.5 0 72.5
      vertex 14.2678 19.8829 72.5
      vertex 15 21.6506 72.5
    endloop
  endfacet
  facet normal 0 0 -1
    outer loop
      vertex 8.09017 -5.87785 72.5
      vertex 14.2678 -19.8829 72.5
      vertex 12.5 -19.1506 72.5
    endloop
  endfacet
  facet normal 0 0 -1
    outer loop
      vertex 9.78148 2.07912 72.5
      vertex 22.5 0 72.5
      vertex 10 0 72.5
    endloop
  endfacet
  facet normal 0 0 -1
    outer loop
      vertex 5 -8.66025 72.5
      vertex 12.5 -19.1506 72.5
      vertex 10.7322 -19.8829 72.5
    endloop
  endfacet
  facet normal 0 0 -1
    outer loop
      vertex 9.13545 4.06737 72.5
      vertex 22.5 0 72.5
      vertex 9.78148 2.07912 72.5
    endloop
  endfacet
  facet normal 0 0 -1
    outer loop
      vertex 1.04528 -9.94522 72.5
      vertex 10.7322 -19.8829 72.5
      vertex 10 -21.6506 72.5
    endloop
  endfacet
  facet normal 0 0 -1
    outer loop
      vertex 22.5 0 72.5
      vertex 9.13545 4.06737 72.5
      vertex 14.2678 19.8829 72.5
    endloop
  endfacet
  facet normal 0 0 -1
    outer loop
      vertex 8.09017 5.87785 72.5
      vertex 14.2678 19.8829 72.5
      vertex 9.13545 4.06737 72.5
    endloop
  endfacet
  facet normal 0 0 -1
    outer loop
      vertex 14.2678 19.8829 72.5
      vertex 8.09017 5.87785 72.5
      vertex 12.5 19.1506 72.5
    endloop
  endfacet
  facet normal -0 0 -1
    outer loop
      vertex 20.0739 -22.2943 72.5
      vertex 14.2678 -23.4184 72.5
      vertex 15 -21.6506 72.5
    endloop
  endfacet
  facet normal 0 0 -1
    outer loop
      vertex 15 -25.9808 72.5
      vertex 12.5 -24.1506 72.5
      vertex 14.2678 -23.4184 72.5
    endloop
  endfacet
  facet normal 0 0 -1
    outer loop
      vertex 9.27051 -28.5317 72.5
      vertex 12.5 -24.1506 72.5
      vertex 15 -25.9808 72.5
    endloop
  endfacet
  facet normal -0 0 -1
    outer loop
      vertex 22.5 0 72.5
      vertex 9.78148 -2.07912 72.5
      vertex 10 0 72.5
    endloop
  endfacet
  facet normal -0 0 -1
    outer loop
      vertex 12.5 -24.1506 72.5
      vertex 9.27051 -28.5317 72.5
      vertex 10.7322 -23.4184 72.5
    endloop
  endfacet
  facet normal 0 0 -1
    outer loop
      vertex 9.27051 -28.5317 72.5
      vertex 10 -21.6506 72.5
      vertex 10.7322 -23.4184 72.5
    endloop
  endfacet
  facet normal 0 0 -1
    outer loop
      vertex 3.13585 -29.8357 72.5
      vertex 10 -21.6506 72.5
      vertex 9.27051 -28.5317 72.5
    endloop
  endfacet
  facet normal -0 0 -1
    outer loop
      vertex 23.2322 -1.76777 72.5
      vertex 9.78148 -2.07912 72.5
      vertex 22.5 0 72.5
    endloop
  endfacet
  facet normal 0 0 -1
    outer loop
      vertex 14.2678 -19.8829 72.5
      vertex 8.09017 -5.87785 72.5
      vertex 9.13545 -4.06737 72.5
    endloop
  endfacet
  facet normal 0 0 -1
    outer loop
      vertex 12.5 -19.1506 72.5
      vertex 6.69131 -7.43145 72.5
      vertex 8.09017 -5.87785 72.5
    endloop
  endfacet
  facet normal 0 0 -1
    outer loop
      vertex 12.5 -19.1506 72.5
      vertex 5 -8.66025 72.5
      vertex 6.69131 -7.43145 72.5
    endloop
  endfacet
  facet normal 0 0 -1
    outer loop
      vertex -10 -21.6506 72.5
      vertex 10 -21.6506 72.5
      vertex 3.13585 -29.8357 72.5
    endloop
  endfacet
  facet normal 0 0 -1
    outer loop
      vertex 10.7322 -19.8829 72.5
      vertex 3.09017 -9.51056 72.5
      vertex 5 -8.66025 72.5
    endloop
  endfacet
  facet normal 0 0 -1
    outer loop
      vertex 10.7322 -19.8829 72.5
      vertex 1.04528 -9.94522 72.5
      vertex 3.09017 -9.51056 72.5
    endloop
  endfacet
  facet normal 0 0 -1
    outer loop
      vertex 10 -21.6506 72.5
      vertex -1.04528 -9.94522 72.5
      vertex 1.04528 -9.94522 72.5
    endloop
  endfacet
  facet normal 0 0 -1
    outer loop
      vertex 10 -21.6506 72.5
      vertex -10 -21.6506 72.5
      vertex -1.04528 -9.94522 72.5
    endloop
  endfacet
  facet normal 0 0 -1
    outer loop
      vertex -10 -21.6506 72.5
      vertex 3.13585 -29.8357 72.5
      vertex -3.13585 -29.8357 72.5
    endloop
  endfacet
  facet normal 0 0 -1
    outer loop
      vertex -10.7322 -19.8829 72.5
      vertex -1.04528 -9.94522 72.5
      vertex -10 -21.6506 72.5
    endloop
  endfacet
  facet normal -0 0 -1
    outer loop
      vertex -1.04528 -9.94522 72.5
      vertex -10.7322 -19.8829 72.5
      vertex -3.09017 -9.51056 72.5
    endloop
  endfacet
  facet normal -0 0 -1
    outer loop
      vertex -3.09017 -9.51056 72.5
      vertex -10.7322 -19.8829 72.5
      vertex -5 -8.66025 72.5
    endloop
  endfacet
  facet normal 0 0 -1
    outer loop
      vertex -12.5 -19.1506 72.5
      vertex -5 -8.66025 72.5
      vertex -10.7322 -19.8829 72.5
    endloop
  endfacet
  facet normal 0 0 -1
    outer loop
      vertex -10 -21.6506 72.5
      vertex -3.13585 -29.8357 72.5
      vertex -9.27051 -28.5317 72.5
    endloop
  endfacet
  facet normal -0 0 -1
    outer loop
      vertex -5 -8.66025 72.5
      vertex -12.5 -19.1506 72.5
      vertex -6.69131 -7.43145 72.5
    endloop
  endfacet
  facet normal -0 0 -1
    outer loop
      vertex -6.69131 -7.43145 72.5
      vertex -12.5 -19.1506 72.5
      vertex -8.09017 -5.87785 72.5
    endloop
  endfacet
  facet normal 0 0 -1
    outer loop
      vertex -9.27051 -28.5317 72.5
      vertex -10.7322 -23.4184 72.5
      vertex -10 -21.6506 72.5
    endloop
  endfacet
  facet normal 0 0 -1
    outer loop
      vertex -9.27051 -28.5317 72.5
      vertex -12.5 -24.1506 72.5
      vertex -10.7322 -23.4184 72.5
    endloop
  endfacet
  facet normal 0 0 -1
    outer loop
      vertex -15 -25.9808 72.5
      vertex -12.5 -24.1506 72.5
      vertex -9.27051 -28.5317 72.5
    endloop
  endfacet
  facet normal -0 0 -1
    outer loop
      vertex -12.5 -24.1506 72.5
      vertex -15 -25.9808 72.5
      vertex -14.2678 -23.4184 72.5
    endloop
  endfacet
  facet normal 0 0 -1
    outer loop
      vertex -20.0739 -22.2943 72.5
      vertex -14.2678 -23.4184 72.5
      vertex -15 -25.9808 72.5
    endloop
  endfacet
  facet normal 0 0 -1
    outer loop
      vertex -14.2678 -23.4184 72.5
      vertex -20.0739 -22.2943 72.5
      vertex -15 -21.6506 72.5
    endloop
  endfacet
  facet normal -0 0 -1
    outer loop
      vertex -12.5 19.1506 72.5
      vertex -23.2322 1.76777 72.5
      vertex -14.2678 19.8829 72.5
    endloop
  endfacet
  facet normal -0 0 -1
    outer loop
      vertex -14.2678 -19.8829 72.5
      vertex -20.0739 -22.2943 72.5
      vertex -24.2705 -17.6336 72.5
    endloop
  endfacet
  facet normal 0 0 -1
    outer loop
      vertex -14.2678 19.8829 72.5
      vertex -20.0739 22.2943 72.5
      vertex -15 21.6506 72.5
    endloop
  endfacet
  facet normal 0 0 -1
    outer loop
      vertex -15 21.6506 72.5
      vertex -20.0739 22.2943 72.5
      vertex -15 25.9808 72.5
    endloop
  endfacet
  facet normal 0 0 -1
    outer loop
      vertex -9.78148 -2.07912 72.5
      vertex -22.5 0 72.5
      vertex -10 0 72.5
    endloop
  endfacet
  facet normal 0 0 -1
    outer loop
      vertex -14.2678 -19.8829 72.5
      vertex -24.2705 -17.6336 72.5
      vertex -23.2322 -1.76777 72.5
    endloop
  endfacet
  facet normal 0 0 -1
    outer loop
      vertex -27.4064 -12.2021 72.5
      vertex -23.2322 -1.76777 72.5
      vertex -24.2705 -17.6336 72.5
    endloop
  endfacet
  facet normal 0 0 -1
    outer loop
      vertex -23.2322 -1.76777 72.5
      vertex -27.4064 -12.2021 72.5
      vertex -25 -2.5 72.5
    endloop
  endfacet
  facet normal 0 0 -1
    outer loop
      vertex -29.3444 -6.23735 72.5
      vertex -25 -2.5 72.5
      vertex -27.4064 -12.2021 72.5
    endloop
  endfacet
  facet normal -0 0 -1
    outer loop
      vertex -25 -2.5 72.5
      vertex -29.3444 -6.23735 72.5
      vertex -26.7678 -1.76777 72.5
    endloop
  endfacet
  facet normal 0 0 -1
    outer loop
      vertex -30 0 72.5
      vertex -26.7678 -1.76777 72.5
      vertex -29.3444 -6.23735 72.5
    endloop
  endfacet
  facet normal 0 0 -1
    outer loop
      vertex 26.7678 -1.76777 72.5
      vertex 30 0 72.5
      vertex 29.3444 -6.23735 72.5
    endloop
  endfacet
  facet normal 0 0 -1
    outer loop
      vertex 26.7678 1.76777 72.5
      vertex 30 0 72.5
      vertex 27.5 0 72.5
    endloop
  endfacet
  facet normal 0 0 -1
    outer loop
      vertex 25 -2.5 72.5
      vertex 29.3444 -6.23735 72.5
      vertex 27.4064 -12.2021 72.5
    endloop
  endfacet
  facet normal -0 0 -1
    outer loop
      vertex 30 0 72.5
      vertex 26.7678 -1.76777 72.5
      vertex 27.5 0 72.5
    endloop
  endfacet
  facet normal 0 0 -1
    outer loop
      vertex 29.3444 -6.23735 72.5
      vertex 25 -2.5 72.5
      vertex 26.7678 -1.76777 72.5
    endloop
  endfacet
  facet normal 0 0 -1
    outer loop
      vertex 23.2322 -1.76777 72.5
      vertex 27.4064 -12.2021 72.5
      vertex 24.2705 -17.6336 72.5
    endloop
  endfacet
  facet normal 0 0 -1
    outer loop
      vertex 27.4064 -12.2021 72.5
      vertex 23.2322 -1.76777 72.5
      vertex 25 -2.5 72.5
    endloop
  endfacet
  facet normal 0 0 -1
    outer loop
      vertex 20.0739 -22.2943 72.5
      vertex 14.2678 -19.8829 72.5
      vertex 24.2705 -17.6336 72.5
    endloop
  endfacet
  facet normal 0 0 -1
    outer loop
      vertex 14.2678 -19.8829 72.5
      vertex 20.0739 -22.2943 72.5
      vertex 15 -21.6506 72.5
    endloop
  endfacet
  facet normal 0 0 -1
    outer loop
      vertex 30 0 72.5
      vertex 26.7678 1.76777 72.5
      vertex 29.3444 6.23735 72.5
    endloop
  endfacet
  facet normal 0 0 -1
    outer loop
      vertex 25 2.5 72.5
      vertex 29.3444 6.23735 72.5
      vertex 26.7678 1.76777 72.5
    endloop
  endfacet
  facet normal -0 0 -1
    outer loop
      vertex 29.3444 6.23735 72.5
      vertex 25 2.5 72.5
      vertex 27.4064 12.2021 72.5
    endloop
  endfacet
  facet normal 0 0 -1
    outer loop
      vertex 23.2322 1.76777 72.5
      vertex 27.4064 12.2021 72.5
      vertex 25 2.5 72.5
    endloop
  endfacet
  facet normal -0 0 -1
    outer loop
      vertex 27.4064 12.2021 72.5
      vertex 23.2322 1.76777 72.5
      vertex 24.2705 17.6336 72.5
    endloop
  endfacet
  facet normal 0 0 -1
    outer loop
      vertex 15 21.6506 72.5
      vertex 23.2322 1.76777 72.5
      vertex 22.5 0 72.5
    endloop
  endfacet
  facet normal -0 0 -1
    outer loop
      vertex 24.2705 -17.6336 72.5
      vertex 14.2678 -19.8829 72.5
      vertex 23.2322 -1.76777 72.5
    endloop
  endfacet
  facet normal 0 0 -1
    outer loop
      vertex 9.13545 -4.06737 72.5
      vertex 23.2322 -1.76777 72.5
      vertex 14.2678 -19.8829 72.5
    endloop
  endfacet
  facet normal 0 0 -1
    outer loop
      vertex 14.2678 -23.4184 72.5
      vertex 20.0739 -22.2943 72.5
      vertex 15 -25.9808 72.5
    endloop
  endfacet
  facet normal 0 0 -1
    outer loop
      vertex 23.2322 1.76777 72.5
      vertex 15 21.6506 72.5
      vertex 24.2705 17.6336 72.5
    endloop
  endfacet
  facet normal 0 0 -1
    outer loop
      vertex 24.2705 17.6336 72.5
      vertex 15 21.6506 72.5
      vertex 20.0739 22.2943 72.5
    endloop
  endfacet
  facet normal 0 0 -1
    outer loop
      vertex 14.2678 23.4184 72.5
      vertex 20.0739 22.2943 72.5
      vertex 15 21.6506 72.5
    endloop
  endfacet
  facet normal 0 0 -1
    outer loop
      vertex 20.0739 22.2943 72.5
      vertex 14.2678 23.4184 72.5
      vertex 15 25.9808 72.5
    endloop
  endfacet
  facet normal 0 0 -1
    outer loop
      vertex 12.5 24.1506 72.5
      vertex 15 25.9808 72.5
      vertex 14.2678 23.4184 72.5
    endloop
  endfacet
  facet normal 0 0 -1
    outer loop
      vertex 9.27051 28.5317 72.5
      vertex 12.5 24.1506 72.5
      vertex 10.7322 23.4184 72.5
    endloop
  endfacet
  facet normal 0 0 -1
    outer loop
      vertex 12.5 24.1506 72.5
      vertex 9.27051 28.5317 72.5
      vertex 15 25.9808 72.5
    endloop
  endfacet
  facet normal 0 0 -1
    outer loop
      vertex 10 21.6506 72.5
      vertex 9.27051 28.5317 72.5
      vertex 10.7322 23.4184 72.5
    endloop
  endfacet
  facet normal 0 0 -1
    outer loop
      vertex 6.69131 7.43145 72.5
      vertex 12.5 19.1506 72.5
      vertex 8.09017 5.87785 72.5
    endloop
  endfacet
  facet normal 0 0 -1
    outer loop
      vertex 5 8.66025 72.5
      vertex 12.5 19.1506 72.5
      vertex 6.69131 7.43145 72.5
    endloop
  endfacet
  facet normal -0 0 -1
    outer loop
      vertex 12.5 19.1506 72.5
      vertex 5 8.66025 72.5
      vertex 10.7322 19.8829 72.5
    endloop
  endfacet
  facet normal 0 0 -1
    outer loop
      vertex 3.09017 9.51056 72.5
      vertex 10.7322 19.8829 72.5
      vertex 5 8.66025 72.5
    endloop
  endfacet
  facet normal 0 0 -1
    outer loop
      vertex 1.04528 9.94522 72.5
      vertex 10.7322 19.8829 72.5
      vertex 3.09017 9.51056 72.5
    endloop
  endfacet
  facet normal -0 0 -1
    outer loop
      vertex 10.7322 19.8829 72.5
      vertex 1.04528 9.94522 72.5
      vertex 10 21.6506 72.5
    endloop
  endfacet
  facet normal 0 0 -1
    outer loop
      vertex 10 21.6506 72.5
      vertex 3.13585 29.8357 72.5
      vertex 9.27051 28.5317 72.5
    endloop
  endfacet
  facet normal 0 0 -1
    outer loop
      vertex -1.04528 9.94522 72.5
      vertex 10 21.6506 72.5
      vertex 1.04528 9.94522 72.5
    endloop
  endfacet
  facet normal 0 0 -1
    outer loop
      vertex -10 21.6506 72.5
      vertex 10 21.6506 72.5
      vertex -1.04528 9.94522 72.5
    endloop
  endfacet
  facet normal 0 0 -1
    outer loop
      vertex -10 21.6506 72.5
      vertex -1.04528 9.94522 72.5
      vertex -3.09017 9.51056 72.5
    endloop
  endfacet
  facet normal 0 0 -1
    outer loop
      vertex 10 21.6506 72.5
      vertex -10 21.6506 72.5
      vertex 3.13585 29.8357 72.5
    endloop
  endfacet
  facet normal 0 0 -1
    outer loop
      vertex -10 21.6506 72.5
      vertex -3.09017 9.51056 72.5
      vertex -5 8.66025 72.5
    endloop
  endfacet
  facet normal 0 0 -1
    outer loop
      vertex -10 21.6506 72.5
      vertex -5 8.66025 72.5
      vertex -6.69131 7.43145 72.5
    endloop
  endfacet
  facet normal 0 0 -1
    outer loop
      vertex -10 21.6506 72.5
      vertex -6.69131 7.43145 72.5
      vertex -8.09017 5.87785 72.5
    endloop
  endfacet
  facet normal 0 0 -1
    outer loop
      vertex -10 21.6506 72.5
      vertex -8.09017 5.87785 72.5
      vertex -9.13545 4.06737 72.5
    endloop
  endfacet
  facet normal -0 0 -1
    outer loop
      vertex 3.13585 29.8357 72.5
      vertex -10 21.6506 72.5
      vertex -3.13585 29.8357 72.5
    endloop
  endfacet
  facet normal 0 0 -1
    outer loop
      vertex -10 21.6506 72.5
      vertex -9.13545 4.06737 72.5
      vertex -9.78148 2.07912 72.5
    endloop
  endfacet
  facet normal 0 0 -1
    outer loop
      vertex -10 21.6506 72.5
      vertex -9.78148 2.07912 72.5
      vertex -10 0 72.5
    endloop
  endfacet
  facet normal 0 0 -1
    outer loop
      vertex -3.13585 29.8357 72.5
      vertex -10 21.6506 72.5
      vertex -9.27051 28.5317 72.5
    endloop
  endfacet
  facet normal 0 0 -1
    outer loop
      vertex -10.7322 23.4184 72.5
      vertex -9.27051 28.5317 72.5
      vertex -10 21.6506 72.5
    endloop
  endfacet
  facet normal 0 0 -1
    outer loop
      vertex -12.5 24.1506 72.5
      vertex -9.27051 28.5317 72.5
      vertex -10.7322 23.4184 72.5
    endloop
  endfacet
  facet normal 0 0 -1
    outer loop
      vertex -15 25.9808 72.5
      vertex -12.5 24.1506 72.5
      vertex -14.2678 23.4184 72.5
    endloop
  endfacet
  facet normal 0 0 -1
    outer loop
      vertex -12.5 24.1506 72.5
      vertex -15 25.9808 72.5
      vertex -9.27051 28.5317 72.5
    endloop
  endfacet
  facet normal 0 0 -1
    outer loop
      vertex -15 25.9808 72.5
      vertex -14.2678 23.4184 72.5
      vertex -15 21.6506 72.5
    endloop
  endfacet
  facet normal -0.95106 -0.309008 0
    outer loop
      vertex -27.4064 -12.2021 72.5
      vertex -29.3444 -6.23735 75.5
      vertex -29.3444 -6.23735 72.5
    endloop
  endfacet
  facet normal -0.95106 -0.309008 0
    outer loop
      vertex -29.3444 -6.23735 75.5
      vertex -27.4064 -12.2021 72.5
      vertex -27.4064 -12.2021 75.5
    endloop
  endfacet
  facet normal -0.406732 0.913547 0
    outer loop
      vertex -9.27051 28.5317 72.5
      vertex -15 25.9808 75.5
      vertex -9.27051 28.5317 75.5
    endloop
  endfacet
  facet normal -0.406732 0.913547 0
    outer loop
      vertex -15 25.9808 75.5
      vertex -9.27051 28.5317 72.5
      vertex -15 25.9808 72.5
    endloop
  endfacet
  facet normal -0.207917 -0.978146 0
    outer loop
      vertex -9.27051 -28.5317 72.5
      vertex -3.13585 -29.8357 75.5
      vertex -9.27051 -28.5317 75.5
    endloop
  endfacet
  facet normal -0.207917 -0.978146 -0
    outer loop
      vertex -3.13585 -29.8357 75.5
      vertex -9.27051 -28.5317 72.5
      vertex -3.13585 -29.8357 72.5
    endloop
  endfacet
  facet normal 0.207917 0.978146 -0
    outer loop
      vertex 9.27051 28.5317 72.5
      vertex 3.13585 29.8357 75.5
      vertex 9.27051 28.5317 75.5
    endloop
  endfacet
  facet normal 0.207917 0.978146 0
    outer loop
      vertex 3.13585 29.8357 75.5
      vertex 9.27051 28.5317 72.5
      vertex 3.13585 29.8357 72.5
    endloop
  endfacet
  facet normal -0.994521 -0.104533 0
    outer loop
      vertex -29.3444 -6.23735 72.5
      vertex -30 0 75.5
      vertex -30 0 72.5
    endloop
  endfacet
  facet normal -0.994521 -0.104533 0
    outer loop
      vertex -30 0 75.5
      vertex -29.3444 -6.23735 72.5
      vertex -29.3444 -6.23735 75.5
    endloop
  endfacet
  facet normal -0.994521 0.104533 0
    outer loop
      vertex -30 0 72.5
      vertex -29.3444 6.23735 75.5
      vertex -29.3444 6.23735 72.5
    endloop
  endfacet
  facet normal -0.994521 0.104533 0
    outer loop
      vertex -29.3444 6.23735 75.5
      vertex -30 0 72.5
      vertex -30 0 75.5
    endloop
  endfacet
  facet normal -0.866024 -0.500003 0
    outer loop
      vertex -24.2705 -17.6336 72.5
      vertex -27.4064 -12.2021 75.5
      vertex -27.4064 -12.2021 72.5
    endloop
  endfacet
  facet normal -0.866024 -0.500003 0
    outer loop
      vertex -27.4064 -12.2021 75.5
      vertex -24.2705 -17.6336 72.5
      vertex -24.2705 -17.6336 75.5
    endloop
  endfacet
  facet normal -0.866024 0.500003 0
    outer loop
      vertex -27.4064 12.2021 72.5
      vertex -24.2705 17.6336 75.5
      vertex -24.2705 17.6336 72.5
    endloop
  endfacet
  facet normal -0.866024 0.500003 0
    outer loop
      vertex -24.2705 17.6336 75.5
      vertex -27.4064 12.2021 72.5
      vertex -27.4064 12.2021 75.5
    endloop
  endfacet
  facet normal 0.866024 -0.500003 0
    outer loop
      vertex 24.2705 -17.6336 75.5
      vertex 27.4064 -12.2021 72.5
      vertex 27.4064 -12.2021 75.5
    endloop
  endfacet
  facet normal 0.866024 -0.500003 0
    outer loop
      vertex 27.4064 -12.2021 72.5
      vertex 24.2705 -17.6336 75.5
      vertex 24.2705 -17.6336 72.5
    endloop
  endfacet
  facet normal 0.587795 0.80901 -0
    outer loop
      vertex 20.0739 22.2943 72.5
      vertex 15 25.9808 75.5
      vertex 20.0739 22.2943 75.5
    endloop
  endfacet
  facet normal 0.587795 0.80901 0
    outer loop
      vertex 15 25.9808 75.5
      vertex 20.0739 22.2943 72.5
      vertex 15 25.9808 72.5
    endloop
  endfacet
  facet normal -0.587795 0.80901 0
    outer loop
      vertex -15 25.9808 72.5
      vertex -20.0739 22.2943 75.5
      vertex -15 25.9808 75.5
    endloop
  endfacet
  facet normal -0.587795 0.80901 0
    outer loop
      vertex -20.0739 22.2943 75.5
      vertex -15 25.9808 72.5
      vertex -20.0739 22.2943 72.5
    endloop
  endfacet
  facet normal -0.207917 0.978146 0
    outer loop
      vertex -3.13585 29.8357 72.5
      vertex -9.27051 28.5317 75.5
      vertex -3.13585 29.8357 75.5
    endloop
  endfacet
  facet normal -0.207917 0.978146 0
    outer loop
      vertex -9.27051 28.5317 75.5
      vertex -3.13585 29.8357 72.5
      vertex -9.27051 28.5317 72.5
    endloop
  endfacet
  facet normal 0 -1 0
    outer loop
      vertex -3.13585 -29.8357 72.5
      vertex 3.13585 -29.8357 75.5
      vertex -3.13585 -29.8357 75.5
    endloop
  endfacet
  facet normal 0 -1 -0
    outer loop
      vertex 3.13585 -29.8357 75.5
      vertex -3.13585 -29.8357 72.5
      vertex 3.13585 -29.8357 72.5
    endloop
  endfacet
  facet normal 0.382676 0.923883 -0
    outer loop
      vertex 26.7678 1.76777 -72.5
      vertex 25 2.5 -65
      vertex 26.7678 1.76777 -65
    endloop
  endfacet
  facet normal 0.382676 0.923883 0
    outer loop
      vertex 25 2.5 -65
      vertex 26.7678 1.76777 -72.5
      vertex 25 2.5 -72.5
    endloop
  endfacet
  facet normal 0.382676 0.923883 -0
    outer loop
      vertex 26.7678 1.76777 -93
      vertex 25 2.5 -81.5
      vertex 26.7678 1.76777 -81.5
    endloop
  endfacet
  facet normal 0.382676 0.923883 0
    outer loop
      vertex 25 2.5 -81.5
      vertex 26.7678 1.76777 -93
      vertex 25 2.5 -93
    endloop
  endfacet
  facet normal 0.923886 0.382668 0
    outer loop
      vertex 27.5 0 -65
      vertex 26.7678 1.76777 -72.5
      vertex 26.7678 1.76777 -65
    endloop
  endfacet
  facet normal 0.923886 0.382668 0
    outer loop
      vertex 26.7678 1.76777 -72.5
      vertex 27.5 0 -65
      vertex 27.5 0 -72.5
    endloop
  endfacet
  facet normal 0.923886 0.382668 0
    outer loop
      vertex 27.5 0 -81.5
      vertex 26.7678 1.76777 -93
      vertex 26.7678 1.76777 -81.5
    endloop
  endfacet
  facet normal 0.923886 0.382668 0
    outer loop
      vertex 26.7678 1.76777 -93
      vertex 27.5 0 -81.5
      vertex 27.5 0 -93
    endloop
  endfacet
  facet normal -0.382676 0.923883 0
    outer loop
      vertex 25 2.5 -72.5
      vertex 23.2322 1.76777 -65
      vertex 25 2.5 -65
    endloop
  endfacet
  facet normal -0.382676 0.923883 0
    outer loop
      vertex 23.2322 1.76777 -65
      vertex 25 2.5 -72.5
      vertex 23.2322 1.76777 -72.5
    endloop
  endfacet
  facet normal -0.382687 0.923878 0
    outer loop
      vertex 25 2.5 -93
      vertex 24.7482 2.3957 -81.5
      vertex 25 2.5 -81.5
    endloop
  endfacet
  facet normal -0.382687 0.923878 0
    outer loop
      vertex 24.7482 2.3957 -81.5
      vertex 25 2.5 -93
      vertex 24.7482 2.3957 -93
    endloop
  endfacet
  facet normal 0.382674 -0.923883 0
    outer loop
      vertex 23.2322 1.76777 -110
      vertex 24.7482 2.3957 -97
      vertex 23.2322 1.76777 -97
    endloop
  endfacet
  facet normal 0.382674 -0.923883 0
    outer loop
      vertex 24.7482 2.3957 -97
      vertex 23.2322 1.76777 -110
      vertex 24.7482 2.3957 -110
    endloop
  endfacet
  facet normal 0.923886 -0.382668 0
    outer loop
      vertex 26.7678 -1.76777 -65
      vertex 27.5 0 -72.5
      vertex 27.5 0 -65
    endloop
  endfacet
  facet normal 0.923886 -0.382668 0
    outer loop
      vertex 27.5 0 -72.5
      vertex 26.7678 -1.76777 -65
      vertex 26.7678 -1.76777 -72.5
    endloop
  endfacet
  facet normal 0.923886 -0.382668 0
    outer loop
      vertex 26.7678 -1.76777 -81.5
      vertex 27.5 0 -93
      vertex 27.5 0 -81.5
    endloop
  endfacet
  facet normal 0.923886 -0.382668 0
    outer loop
      vertex 27.5 0 -93
      vertex 26.7678 -1.76777 -81.5
      vertex 26.7678 -1.76777 -93
    endloop
  endfacet
  facet normal -0.923886 0.382668 0
    outer loop
      vertex 22.5 0 -72.5
      vertex 23.2322 1.76777 -65
      vertex 23.2322 1.76777 -72.5
    endloop
  endfacet
  facet normal -0.923886 0.382668 0
    outer loop
      vertex 23.2322 1.76777 -65
      vertex 22.5 0 -72.5
      vertex 22.5 0 -65
    endloop
  endfacet
  facet normal 0.923886 -0.382668 0
    outer loop
      vertex 22.5 0 -97
      vertex 23.2322 1.76777 -110
      vertex 23.2322 1.76777 -97
    endloop
  endfacet
  facet normal 0.923886 -0.382668 0
    outer loop
      vertex 23.2322 1.76777 -110
      vertex 22.5 0 -97
      vertex 22.5 0 -110
    endloop
  endfacet
  facet normal -0.382676 -0.923883 0
    outer loop
      vertex 23.2322 -1.76777 -72.5
      vertex 25 -2.5 -65
      vertex 23.2322 -1.76777 -65
    endloop
  endfacet
  facet normal -0.382676 -0.923883 -0
    outer loop
      vertex 25 -2.5 -65
      vertex 23.2322 -1.76777 -72.5
      vertex 25 -2.5 -72.5
    endloop
  endfacet
  facet normal -0.382687 -0.923878 0
    outer loop
      vertex 24.7482 -2.3957 -93
      vertex 25 -2.5 -81.5
      vertex 24.7482 -2.3957 -81.5
    endloop
  endfacet
  facet normal -0.382687 -0.923878 -0
    outer loop
      vertex 25 -2.5 -81.5
      vertex 24.7482 -2.3957 -93
      vertex 25 -2.5 -93
    endloop
  endfacet
  facet normal 0.382674 0.923883 -0
    outer loop
      vertex 24.7482 -2.3957 -110
      vertex 23.2322 -1.76777 -97
      vertex 24.7482 -2.3957 -97
    endloop
  endfacet
  facet normal 0.382674 0.923883 0
    outer loop
      vertex 23.2322 -1.76777 -97
      vertex 24.7482 -2.3957 -110
      vertex 23.2322 -1.76777 -110
    endloop
  endfacet
  facet normal 0.382676 -0.923883 0
    outer loop
      vertex 25 -2.5 -72.5
      vertex 26.7678 -1.76777 -65
      vertex 25 -2.5 -65
    endloop
  endfacet
  facet normal 0.382676 -0.923883 0
    outer loop
      vertex 26.7678 -1.76777 -65
      vertex 25 -2.5 -72.5
      vertex 26.7678 -1.76777 -72.5
    endloop
  endfacet
  facet normal 0.382676 -0.923883 0
    outer loop
      vertex 25 -2.5 -93
      vertex 26.7678 -1.76777 -81.5
      vertex 25 -2.5 -81.5
    endloop
  endfacet
  facet normal 0.382676 -0.923883 0
    outer loop
      vertex 26.7678 -1.76777 -81.5
      vertex 25 -2.5 -93
      vertex 26.7678 -1.76777 -93
    endloop
  endfacet
  facet normal -0.923886 -0.382668 0
    outer loop
      vertex 23.2322 -1.76777 -72.5
      vertex 22.5 0 -65
      vertex 22.5 0 -72.5
    endloop
  endfacet
  facet normal -0.923886 -0.382668 0
    outer loop
      vertex 22.5 0 -65
      vertex 23.2322 -1.76777 -72.5
      vertex 23.2322 -1.76777 -65
    endloop
  endfacet
  facet normal 0.923886 0.382668 0
    outer loop
      vertex 23.2322 -1.76777 -97
      vertex 22.5 0 -110
      vertex 22.5 0 -97
    endloop
  endfacet
  facet normal 0.923886 0.382668 0
    outer loop
      vertex 22.5 0 -110
      vertex 23.2322 -1.76777 -97
      vertex 23.2322 -1.76777 -110
    endloop
  endfacet
  facet normal 0.382663 0.923888 -0
    outer loop
      vertex 14.2678 23.4184 -72.5
      vertex 12.5 24.1506 -65
      vertex 14.2678 23.4184 -65
    endloop
  endfacet
  facet normal 0.382663 0.923888 0
    outer loop
      vertex 12.5 24.1506 -65
      vertex 14.2678 23.4184 -72.5
      vertex 12.5 24.1506 -72.5
    endloop
  endfacet
  facet normal 0.382663 0.923888 -0
    outer loop
      vertex 14.2678 23.4184 -93
      vertex 12.5 24.1506 -81.5
      vertex 14.2678 23.4184 -81.5
    endloop
  endfacet
  facet normal 0.382663 0.923888 0
    outer loop
      vertex 12.5 24.1506 -81.5
      vertex 14.2678 23.4184 -93
      vertex 12.5 24.1506 -93
    endloop
  endfacet
  facet normal 0.923888 0.382663 0
    outer loop
      vertex 15 21.6506 -65
      vertex 14.2678 23.4184 -72.5
      vertex 14.2678 23.4184 -65
    endloop
  endfacet
  facet normal 0.923888 0.382663 0
    outer loop
      vertex 14.2678 23.4184 -72.5
      vertex 15 21.6506 -65
      vertex 15 21.6506 -72.5
    endloop
  endfacet
  facet normal 0.923888 0.382663 0
    outer loop
      vertex 15 21.6506 -81.5
      vertex 14.2678 23.4184 -93
      vertex 14.2678 23.4184 -81.5
    endloop
  endfacet
  facet normal 0.923888 0.382663 0
    outer loop
      vertex 14.2678 23.4184 -93
      vertex 15 21.6506 -81.5
      vertex 15 21.6506 -93
    endloop
  endfacet
  facet normal -0.382663 0.923888 0
    outer loop
      vertex 12.5 24.1506 -72.5
      vertex 10.7322 23.4184 -65
      vertex 12.5 24.1506 -65
    endloop
  endfacet
  facet normal -0.382663 0.923888 0
    outer loop
      vertex 10.7322 23.4184 -65
      vertex 12.5 24.1506 -72.5
      vertex 10.7322 23.4184 -72.5
    endloop
  endfacet
  facet normal -0.382663 0.923888 0
    outer loop
      vertex 12.5 24.1506 -93
      vertex 10.7322 23.4184 -81.5
      vertex 12.5 24.1506 -81.5
    endloop
  endfacet
  facet normal -0.382663 0.923888 0
    outer loop
      vertex 10.7322 23.4184 -81.5
      vertex 12.5 24.1506 -93
      vertex 10.7322 23.4184 -93
    endloop
  endfacet
  facet normal 0.923881 -0.382681 0
    outer loop
      vertex 14.2678 19.8829 -65
      vertex 15 21.6506 -72.5
      vertex 15 21.6506 -65
    endloop
  endfacet
  facet normal 0.923881 -0.382681 0
    outer loop
      vertex 15 21.6506 -72.5
      vertex 14.2678 19.8829 -65
      vertex 14.2678 19.8829 -72.5
    endloop
  endfacet
  facet normal 0.923876 -0.382693 0
    outer loop
      vertex 14.4217 20.2545 -81.5
      vertex 15 21.6506 -93
      vertex 15 21.6506 -81.5
    endloop
  endfacet
  facet normal 0.923876 -0.382693 0
    outer loop
      vertex 15 21.6506 -93
      vertex 14.4217 20.2545 -81.5
      vertex 14.4217 20.2545 -93
    endloop
  endfacet
  facet normal -0.923899 0.382637 0
    outer loop
      vertex 14.2678 19.8829 -110
      vertex 14.4217 20.2545 -97
      vertex 14.4217 20.2545 -110
    endloop
  endfacet
  facet normal -0.923899 0.382637 0
    outer loop
      vertex 14.4217 20.2545 -97
      vertex 14.2678 19.8829 -110
      vertex 14.2678 19.8829 -97
    endloop
  endfacet
  facet normal -0.923888 0.382663 0
    outer loop
      vertex 10 21.6506 -72.5
      vertex 10.7322 23.4184 -65
      vertex 10.7322 23.4184 -72.5
    endloop
  endfacet
  facet normal -0.923888 0.382663 0
    outer loop
      vertex 10.7322 23.4184 -65
      vertex 10 21.6506 -72.5
      vertex 10 21.6506 -65
    endloop
  endfacet
  facet normal -0.923907 0.382618 0
    outer loop
      vertex 10.3893 22.5904 -93
      vertex 10.7322 23.4184 -81.5
      vertex 10.7322 23.4184 -93
    endloop
  endfacet
  facet normal -0.923907 0.382618 0
    outer loop
      vertex 10.7322 23.4184 -81.5
      vertex 10.3893 22.5904 -93
      vertex 10.3893 22.5904 -81.5
    endloop
  endfacet
  facet normal 0.923872 -0.382702 0
    outer loop
      vertex 10 21.6506 -97
      vertex 10.3893 22.5904 -110
      vertex 10.3893 22.5904 -97
    endloop
  endfacet
  facet normal 0.923872 -0.382702 0
    outer loop
      vertex 10.3893 22.5904 -110
      vertex 10 21.6506 -97
      vertex 10 21.6506 -110
    endloop
  endfacet
  facet normal -0.382707 -0.92387 0
    outer loop
      vertex 10.7322 19.8829 -72.5
      vertex 12.5 19.1506 -65
      vertex 10.7322 19.8829 -65
    endloop
  endfacet
  facet normal -0.382707 -0.92387 -0
    outer loop
      vertex 12.5 19.1506 -65
      vertex 10.7322 19.8829 -72.5
      vertex 12.5 19.1506 -72.5
    endloop
  endfacet
  facet normal 0.382707 0.92387 -0
    outer loop
      vertex 12.5 19.1506 -110
      vertex 10.7322 19.8829 -97
      vertex 12.5 19.1506 -97
    endloop
  endfacet
  facet normal 0.382707 0.92387 0
    outer loop
      vertex 10.7322 19.8829 -97
      vertex 12.5 19.1506 -110
      vertex 10.7322 19.8829 -110
    endloop
  endfacet
  facet normal 0.382707 -0.92387 0
    outer loop
      vertex 12.5 19.1506 -72.5
      vertex 14.2678 19.8829 -65
      vertex 12.5 19.1506 -65
    endloop
  endfacet
  facet normal 0.382707 -0.92387 0
    outer loop
      vertex 14.2678 19.8829 -65
      vertex 12.5 19.1506 -72.5
      vertex 14.2678 19.8829 -72.5
    endloop
  endfacet
  facet normal -0.382707 0.92387 0
    outer loop
      vertex 14.2678 19.8829 -110
      vertex 12.5 19.1506 -97
      vertex 14.2678 19.8829 -97
    endloop
  endfacet
  facet normal -0.382707 0.92387 0
    outer loop
      vertex 12.5 19.1506 -97
      vertex 14.2678 19.8829 -110
      vertex 12.5 19.1506 -110
    endloop
  endfacet
  facet normal -0.923881 -0.382681 0
    outer loop
      vertex 10.7322 19.8829 -72.5
      vertex 10 21.6506 -65
      vertex 10 21.6506 -72.5
    endloop
  endfacet
  facet normal -0.923881 -0.382681 0
    outer loop
      vertex 10 21.6506 -65
      vertex 10.7322 19.8829 -72.5
      vertex 10.7322 19.8829 -65
    endloop
  endfacet
  facet normal 0.923881 0.382681 0
    outer loop
      vertex 10.7322 19.8829 -97
      vertex 10 21.6506 -110
      vertex 10 21.6506 -97
    endloop
  endfacet
  facet normal 0.923881 0.382681 0
    outer loop
      vertex 10 21.6506 -110
      vertex 10.7322 19.8829 -97
      vertex 10.7322 19.8829 -110
    endloop
  endfacet
  facet normal -0.923881 -0.382681 0
    outer loop
      vertex -14.2678 19.8829 -72.5
      vertex -15 21.6506 -65
      vertex -15 21.6506 -72.5
    endloop
  endfacet
  facet normal -0.923881 -0.382681 0
    outer loop
      vertex -15 21.6506 -65
      vertex -14.2678 19.8829 -72.5
      vertex -14.2678 19.8829 -65
    endloop
  endfacet
  facet normal -0.923876 -0.382693 0
    outer loop
      vertex -14.4217 20.2545 -93
      vertex -15 21.6506 -81.5
      vertex -15 21.6506 -93
    endloop
  endfacet
  facet normal -0.923876 -0.382693 0
    outer loop
      vertex -15 21.6506 -81.5
      vertex -14.4217 20.2545 -93
      vertex -14.4217 20.2545 -81.5
    endloop
  endfacet
  facet normal 0.923899 0.382637 0
    outer loop
      vertex -14.2678 19.8829 -97
      vertex -14.4217 20.2545 -110
      vertex -14.4217 20.2545 -97
    endloop
  endfacet
  facet normal 0.923899 0.382637 0
    outer loop
      vertex -14.4217 20.2545 -110
      vertex -14.2678 19.8829 -97
      vertex -14.2678 19.8829 -110
    endloop
  endfacet
  facet normal 0.382663 0.923888 -0
    outer loop
      vertex -10.7322 23.4184 -72.5
      vertex -12.5 24.1506 -65
      vertex -10.7322 23.4184 -65
    endloop
  endfacet
  facet normal 0.382663 0.923888 0
    outer loop
      vertex -12.5 24.1506 -65
      vertex -10.7322 23.4184 -72.5
      vertex -12.5 24.1506 -72.5
    endloop
  endfacet
  facet normal 0.382663 0.923888 -0
    outer loop
      vertex -10.7322 23.4184 -93
      vertex -12.5 24.1506 -81.5
      vertex -10.7322 23.4184 -81.5
    endloop
  endfacet
  facet normal 0.382663 0.923888 0
    outer loop
      vertex -12.5 24.1506 -81.5
      vertex -10.7322 23.4184 -93
      vertex -12.5 24.1506 -93
    endloop
  endfacet
  facet normal 0.923888 0.382663 0
    outer loop
      vertex -10 21.6506 -65
      vertex -10.7322 23.4184 -72.5
      vertex -10.7322 23.4184 -65
    endloop
  endfacet
  facet normal 0.923888 0.382663 0
    outer loop
      vertex -10.7322 23.4184 -72.5
      vertex -10 21.6506 -65
      vertex -10 21.6506 -72.5
    endloop
  endfacet
  facet normal 0.923907 0.382618 0
    outer loop
      vertex -10.3893 22.5904 -81.5
      vertex -10.7322 23.4184 -93
      vertex -10.7322 23.4184 -81.5
    endloop
  endfacet
  facet normal 0.923907 0.382618 0
    outer loop
      vertex -10.7322 23.4184 -93
      vertex -10.3893 22.5904 -81.5
      vertex -10.3893 22.5904 -93
    endloop
  endfacet
  facet normal -0.923872 -0.382702 0
    outer loop
      vertex -10 21.6506 -110
      vertex -10.3893 22.5904 -97
      vertex -10.3893 22.5904 -110
    endloop
  endfacet
  facet normal -0.923872 -0.382702 0
    outer loop
      vertex -10.3893 22.5904 -97
      vertex -10 21.6506 -110
      vertex -10 21.6506 -97
    endloop
  endfacet
  facet normal 0.382707 -0.92387 0
    outer loop
      vertex -12.5 19.1506 -72.5
      vertex -10.7322 19.8829 -65
      vertex -12.5 19.1506 -65
    endloop
  endfacet
  facet normal 0.382707 -0.92387 0
    outer loop
      vertex -10.7322 19.8829 -65
      vertex -12.5 19.1506 -72.5
      vertex -10.7322 19.8829 -72.5
    endloop
  endfacet
  facet normal -0.382707 0.92387 0
    outer loop
      vertex -10.7322 19.8829 -110
      vertex -12.5 19.1506 -97
      vertex -10.7322 19.8829 -97
    endloop
  endfacet
  facet normal -0.382707 0.92387 0
    outer loop
      vertex -12.5 19.1506 -97
      vertex -10.7322 19.8829 -110
      vertex -12.5 19.1506 -110
    endloop
  endfacet
  facet normal -0.382707 -0.92387 0
    outer loop
      vertex -14.2678 19.8829 -72.5
      vertex -12.5 19.1506 -65
      vertex -14.2678 19.8829 -65
    endloop
  endfacet
  facet normal -0.382707 -0.92387 -0
    outer loop
      vertex -12.5 19.1506 -65
      vertex -14.2678 19.8829 -72.5
      vertex -12.5 19.1506 -72.5
    endloop
  endfacet
  facet normal 0.382707 0.92387 -0
    outer loop
      vertex -12.5 19.1506 -110
      vertex -14.2678 19.8829 -97
      vertex -12.5 19.1506 -97
    endloop
  endfacet
  facet normal 0.382707 0.92387 0
    outer loop
      vertex -14.2678 19.8829 -97
      vertex -12.5 19.1506 -110
      vertex -14.2678 19.8829 -110
    endloop
  endfacet
  facet normal 0.923881 -0.382681 0
    outer loop
      vertex -10.7322 19.8829 -65
      vertex -10 21.6506 -72.5
      vertex -10 21.6506 -65
    endloop
  endfacet
  facet normal 0.923881 -0.382681 0
    outer loop
      vertex -10 21.6506 -72.5
      vertex -10.7322 19.8829 -65
      vertex -10.7322 19.8829 -72.5
    endloop
  endfacet
  facet normal -0.923881 0.382681 0
    outer loop
      vertex -10.7322 19.8829 -110
      vertex -10 21.6506 -97
      vertex -10 21.6506 -110
    endloop
  endfacet
  facet normal -0.923881 0.382681 0
    outer loop
      vertex -10 21.6506 -97
      vertex -10.7322 19.8829 -110
      vertex -10.7322 19.8829 -97
    endloop
  endfacet
  facet normal -0.923888 0.382663 0
    outer loop
      vertex -15 21.6506 -72.5
      vertex -14.2678 23.4184 -65
      vertex -14.2678 23.4184 -72.5
    endloop
  endfacet
  facet normal -0.923888 0.382663 0
    outer loop
      vertex -14.2678 23.4184 -65
      vertex -15 21.6506 -72.5
      vertex -15 21.6506 -65
    endloop
  endfacet
  facet normal -0.923888 0.382663 0
    outer loop
      vertex -15 21.6506 -93
      vertex -14.2678 23.4184 -81.5
      vertex -14.2678 23.4184 -93
    endloop
  endfacet
  facet normal -0.923888 0.382663 0
    outer loop
      vertex -14.2678 23.4184 -81.5
      vertex -15 21.6506 -93
      vertex -15 21.6506 -81.5
    endloop
  endfacet
  facet normal -0.382663 0.923888 0
    outer loop
      vertex -12.5 24.1506 -72.5
      vertex -14.2678 23.4184 -65
      vertex -12.5 24.1506 -65
    endloop
  endfacet
  facet normal -0.382663 0.923888 0
    outer loop
      vertex -14.2678 23.4184 -65
      vertex -12.5 24.1506 -72.5
      vertex -14.2678 23.4184 -72.5
    endloop
  endfacet
  facet normal -0.382663 0.923888 0
    outer loop
      vertex -12.5 24.1506 -93
      vertex -14.2678 23.4184 -81.5
      vertex -12.5 24.1506 -81.5
    endloop
  endfacet
  facet normal -0.382663 0.923888 0
    outer loop
      vertex -14.2678 23.4184 -81.5
      vertex -12.5 24.1506 -93
      vertex -14.2678 23.4184 -93
    endloop
  endfacet
  facet normal -0.923886 -0.382668 0
    outer loop
      vertex -26.7678 -1.76777 -72.5
      vertex -27.5 0 -65
      vertex -27.5 0 -72.5
    endloop
  endfacet
  facet normal -0.923886 -0.382668 0
    outer loop
      vertex -27.5 0 -65
      vertex -26.7678 -1.76777 -72.5
      vertex -26.7678 -1.76777 -65
    endloop
  endfacet
  facet normal -0.923886 -0.382668 0
    outer loop
      vertex -26.7678 -1.76777 -93
      vertex -27.5 0 -81.5
      vertex -27.5 0 -93
    endloop
  endfacet
  facet normal -0.923886 -0.382668 0
    outer loop
      vertex -27.5 0 -81.5
      vertex -26.7678 -1.76777 -93
      vertex -26.7678 -1.76777 -81.5
    endloop
  endfacet
  facet normal 0.382676 0.923883 -0
    outer loop
      vertex -23.2322 1.76777 -72.5
      vertex -25 2.5 -65
      vertex -23.2322 1.76777 -65
    endloop
  endfacet
  facet normal 0.382676 0.923883 0
    outer loop
      vertex -25 2.5 -65
      vertex -23.2322 1.76777 -72.5
      vertex -25 2.5 -72.5
    endloop
  endfacet
  facet normal 0.382687 0.923878 -0
    outer loop
      vertex -24.7482 2.3957 -93
      vertex -25 2.5 -81.5
      vertex -24.7482 2.3957 -81.5
    endloop
  endfacet
  facet normal 0.382687 0.923878 0
    outer loop
      vertex -25 2.5 -81.5
      vertex -24.7482 2.3957 -93
      vertex -25 2.5 -93
    endloop
  endfacet
  facet normal -0.382674 -0.923883 0
    outer loop
      vertex -24.7482 2.3957 -110
      vertex -23.2322 1.76777 -97
      vertex -24.7482 2.3957 -97
    endloop
  endfacet
  facet normal -0.382674 -0.923883 -0
    outer loop
      vertex -23.2322 1.76777 -97
      vertex -24.7482 2.3957 -110
      vertex -23.2322 1.76777 -110
    endloop
  endfacet
  facet normal 0.923886 0.382668 0
    outer loop
      vertex -22.5 0 -65
      vertex -23.2322 1.76777 -72.5
      vertex -23.2322 1.76777 -65
    endloop
  endfacet
  facet normal 0.923886 0.382668 0
    outer loop
      vertex -23.2322 1.76777 -72.5
      vertex -22.5 0 -65
      vertex -22.5 0 -72.5
    endloop
  endfacet
  facet normal -0.923886 -0.382668 0
    outer loop
      vertex -22.5 0 -110
      vertex -23.2322 1.76777 -97
      vertex -23.2322 1.76777 -110
    endloop
  endfacet
  facet normal -0.923886 -0.382668 0
    outer loop
      vertex -23.2322 1.76777 -97
      vertex -22.5 0 -110
      vertex -22.5 0 -97
    endloop
  endfacet
  facet normal 0.382676 -0.923883 0
    outer loop
      vertex -25 -2.5 -72.5
      vertex -23.2322 -1.76777 -65
      vertex -25 -2.5 -65
    endloop
  endfacet
  facet normal 0.382676 -0.923883 0
    outer loop
      vertex -23.2322 -1.76777 -65
      vertex -25 -2.5 -72.5
      vertex -23.2322 -1.76777 -72.5
    endloop
  endfacet
  facet normal 0.382687 -0.923878 0
    outer loop
      vertex -25 -2.5 -93
      vertex -24.7482 -2.3957 -81.5
      vertex -25 -2.5 -81.5
    endloop
  endfacet
  facet normal 0.382687 -0.923878 0
    outer loop
      vertex -24.7482 -2.3957 -81.5
      vertex -25 -2.5 -93
      vertex -24.7482 -2.3957 -93
    endloop
  endfacet
  facet normal -0.382674 0.923883 0
    outer loop
      vertex -23.2322 -1.76777 -110
      vertex -24.7482 -2.3957 -97
      vertex -23.2322 -1.76777 -97
    endloop
  endfacet
  facet normal -0.382674 0.923883 0
    outer loop
      vertex -24.7482 -2.3957 -97
      vertex -23.2322 -1.76777 -110
      vertex -24.7482 -2.3957 -110
    endloop
  endfacet
  facet normal -0.382676 -0.923883 0
    outer loop
      vertex -26.7678 -1.76777 -72.5
      vertex -25 -2.5 -65
      vertex -26.7678 -1.76777 -65
    endloop
  endfacet
  facet normal -0.382676 -0.923883 -0
    outer loop
      vertex -25 -2.5 -65
      vertex -26.7678 -1.76777 -72.5
      vertex -25 -2.5 -72.5
    endloop
  endfacet
  facet normal -0.382676 -0.923883 0
    outer loop
      vertex -26.7678 -1.76777 -93
      vertex -25 -2.5 -81.5
      vertex -26.7678 -1.76777 -81.5
    endloop
  endfacet
  facet normal -0.382676 -0.923883 -0
    outer loop
      vertex -25 -2.5 -81.5
      vertex -26.7678 -1.76777 -93
      vertex -25 -2.5 -93
    endloop
  endfacet
  facet normal 0.923886 -0.382668 0
    outer loop
      vertex -23.2322 -1.76777 -65
      vertex -22.5 0 -72.5
      vertex -22.5 0 -65
    endloop
  endfacet
  facet normal 0.923886 -0.382668 0
    outer loop
      vertex -22.5 0 -72.5
      vertex -23.2322 -1.76777 -65
      vertex -23.2322 -1.76777 -72.5
    endloop
  endfacet
  facet normal -0.923886 0.382668 0
    outer loop
      vertex -23.2322 -1.76777 -110
      vertex -22.5 0 -97
      vertex -22.5 0 -110
    endloop
  endfacet
  facet normal -0.923886 0.382668 0
    outer loop
      vertex -22.5 0 -97
      vertex -23.2322 -1.76777 -110
      vertex -23.2322 -1.76777 -97
    endloop
  endfacet
  facet normal -0.923886 0.382668 0
    outer loop
      vertex -27.5 0 -72.5
      vertex -26.7678 1.76777 -65
      vertex -26.7678 1.76777 -72.5
    endloop
  endfacet
  facet normal -0.923886 0.382668 0
    outer loop
      vertex -26.7678 1.76777 -65
      vertex -27.5 0 -72.5
      vertex -27.5 0 -65
    endloop
  endfacet
  facet normal -0.923886 0.382668 0
    outer loop
      vertex -27.5 0 -93
      vertex -26.7678 1.76777 -81.5
      vertex -26.7678 1.76777 -93
    endloop
  endfacet
  facet normal -0.923886 0.382668 0
    outer loop
      vertex -26.7678 1.76777 -81.5
      vertex -27.5 0 -93
      vertex -27.5 0 -81.5
    endloop
  endfacet
  facet normal -0.382676 0.923883 0
    outer loop
      vertex -25 2.5 -72.5
      vertex -26.7678 1.76777 -65
      vertex -25 2.5 -65
    endloop
  endfacet
  facet normal -0.382676 0.923883 0
    outer loop
      vertex -26.7678 1.76777 -65
      vertex -25 2.5 -72.5
      vertex -26.7678 1.76777 -72.5
    endloop
  endfacet
  facet normal -0.382676 0.923883 0
    outer loop
      vertex -25 2.5 -93
      vertex -26.7678 1.76777 -81.5
      vertex -25 2.5 -81.5
    endloop
  endfacet
  facet normal -0.382676 0.923883 0
    outer loop
      vertex -26.7678 1.76777 -81.5
      vertex -25 2.5 -93
      vertex -26.7678 1.76777 -93
    endloop
  endfacet
  facet normal -0.923888 -0.382663 0
    outer loop
      vertex -14.2678 -23.4184 -72.5
      vertex -15 -21.6506 -65
      vertex -15 -21.6506 -72.5
    endloop
  endfacet
  facet normal -0.923888 -0.382663 0
    outer loop
      vertex -15 -21.6506 -65
      vertex -14.2678 -23.4184 -72.5
      vertex -14.2678 -23.4184 -65
    endloop
  endfacet
  facet normal -0.923888 -0.382663 0
    outer loop
      vertex -14.2678 -23.4184 -93
      vertex -15 -21.6506 -81.5
      vertex -15 -21.6506 -93
    endloop
  endfacet
  facet normal -0.923888 -0.382663 0
    outer loop
      vertex -15 -21.6506 -81.5
      vertex -14.2678 -23.4184 -93
      vertex -14.2678 -23.4184 -81.5
    endloop
  endfacet
  facet normal 0.382707 0.92387 -0
    outer loop
      vertex -10.7322 -19.8829 -72.5
      vertex -12.5 -19.1506 -65
      vertex -10.7322 -19.8829 -65
    endloop
  endfacet
  facet normal 0.382707 0.92387 0
    outer loop
      vertex -12.5 -19.1506 -65
      vertex -10.7322 -19.8829 -72.5
      vertex -12.5 -19.1506 -72.5
    endloop
  endfacet
  facet normal -0.382707 -0.92387 0
    outer loop
      vertex -12.5 -19.1506 -110
      vertex -10.7322 -19.8829 -97
      vertex -12.5 -19.1506 -97
    endloop
  endfacet
  facet normal -0.382707 -0.92387 -0
    outer loop
      vertex -10.7322 -19.8829 -97
      vertex -12.5 -19.1506 -110
      vertex -10.7322 -19.8829 -110
    endloop
  endfacet
  facet normal 0.923881 0.382681 0
    outer loop
      vertex -10 -21.6506 -65
      vertex -10.7322 -19.8829 -72.5
      vertex -10.7322 -19.8829 -65
    endloop
  endfacet
  facet normal 0.923881 0.382681 0
    outer loop
      vertex -10.7322 -19.8829 -72.5
      vertex -10 -21.6506 -65
      vertex -10 -21.6506 -72.5
    endloop
  endfacet
  facet normal -0.923881 -0.382681 0
    outer loop
      vertex -10 -21.6506 -110
      vertex -10.7322 -19.8829 -97
      vertex -10.7322 -19.8829 -110
    endloop
  endfacet
  facet normal -0.923881 -0.382681 0
    outer loop
      vertex -10.7322 -19.8829 -97
      vertex -10 -21.6506 -110
      vertex -10 -21.6506 -97
    endloop
  endfacet
  facet normal 0.382663 -0.923888 0
    outer loop
      vertex -12.5 -24.1506 -72.5
      vertex -10.7322 -23.4184 -65
      vertex -12.5 -24.1506 -65
    endloop
  endfacet
  facet normal 0.382663 -0.923888 0
    outer loop
      vertex -10.7322 -23.4184 -65
      vertex -12.5 -24.1506 -72.5
      vertex -10.7322 -23.4184 -72.5
    endloop
  endfacet
  facet normal 0.382663 -0.923888 0
    outer loop
      vertex -12.5 -24.1506 -93
      vertex -10.7322 -23.4184 -81.5
      vertex -12.5 -24.1506 -81.5
    endloop
  endfacet
  facet normal 0.382663 -0.923888 0
    outer loop
      vertex -10.7322 -23.4184 -81.5
      vertex -12.5 -24.1506 -93
      vertex -10.7322 -23.4184 -93
    endloop
  endfacet
  facet normal -0.382663 -0.923888 0
    outer loop
      vertex -14.2678 -23.4184 -72.5
      vertex -12.5 -24.1506 -65
      vertex -14.2678 -23.4184 -65
    endloop
  endfacet
  facet normal -0.382663 -0.923888 -0
    outer loop
      vertex -12.5 -24.1506 -65
      vertex -14.2678 -23.4184 -72.5
      vertex -12.5 -24.1506 -72.5
    endloop
  endfacet
  facet normal -0.382663 -0.923888 0
    outer loop
      vertex -14.2678 -23.4184 -93
      vertex -12.5 -24.1506 -81.5
      vertex -14.2678 -23.4184 -81.5
    endloop
  endfacet
  facet normal -0.382663 -0.923888 -0
    outer loop
      vertex -12.5 -24.1506 -81.5
      vertex -14.2678 -23.4184 -93
      vertex -12.5 -24.1506 -93
    endloop
  endfacet
  facet normal 0.923888 -0.382663 0
    outer loop
      vertex -10.7322 -23.4184 -65
      vertex -10 -21.6506 -72.5
      vertex -10 -21.6506 -65
    endloop
  endfacet
  facet normal 0.923888 -0.382663 0
    outer loop
      vertex -10 -21.6506 -72.5
      vertex -10.7322 -23.4184 -65
      vertex -10.7322 -23.4184 -72.5
    endloop
  endfacet
  facet normal 0.923907 -0.382618 0
    outer loop
      vertex -10.7322 -23.4184 -81.5
      vertex -10.3893 -22.5904 -93
      vertex -10.3893 -22.5904 -81.5
    endloop
  endfacet
  facet normal 0.923907 -0.382618 0
    outer loop
      vertex -10.3893 -22.5904 -93
      vertex -10.7322 -23.4184 -81.5
      vertex -10.7322 -23.4184 -93
    endloop
  endfacet
  facet normal -0.923872 0.382702 0
    outer loop
      vertex -10.3893 -22.5904 -110
      vertex -10 -21.6506 -97
      vertex -10 -21.6506 -110
    endloop
  endfacet
  facet normal -0.923872 0.382702 0
    outer loop
      vertex -10 -21.6506 -97
      vertex -10.3893 -22.5904 -110
      vertex -10.3893 -22.5904 -97
    endloop
  endfacet
  facet normal -0.923881 0.382681 0
    outer loop
      vertex -15 -21.6506 -72.5
      vertex -14.2678 -19.8829 -65
      vertex -14.2678 -19.8829 -72.5
    endloop
  endfacet
  facet normal -0.923881 0.382681 0
    outer loop
      vertex -14.2678 -19.8829 -65
      vertex -15 -21.6506 -72.5
      vertex -15 -21.6506 -65
    endloop
  endfacet
  facet normal -0.923876 0.382693 0
    outer loop
      vertex -15 -21.6506 -93
      vertex -14.4217 -20.2545 -81.5
      vertex -14.4217 -20.2545 -93
    endloop
  endfacet
  facet normal -0.923876 0.382693 0
    outer loop
      vertex -14.4217 -20.2545 -81.5
      vertex -15 -21.6506 -93
      vertex -15 -21.6506 -81.5
    endloop
  endfacet
  facet normal 0.923899 -0.382637 0
    outer loop
      vertex -14.4217 -20.2545 -97
      vertex -14.2678 -19.8829 -110
      vertex -14.2678 -19.8829 -97
    endloop
  endfacet
  facet normal 0.923899 -0.382637 0
    outer loop
      vertex -14.2678 -19.8829 -110
      vertex -14.4217 -20.2545 -97
      vertex -14.4217 -20.2545 -110
    endloop
  endfacet
  facet normal -0.382707 0.92387 0
    outer loop
      vertex -12.5 -19.1506 -72.5
      vertex -14.2678 -19.8829 -65
      vertex -12.5 -19.1506 -65
    endloop
  endfacet
  facet normal -0.382707 0.92387 0
    outer loop
      vertex -14.2678 -19.8829 -65
      vertex -12.5 -19.1506 -72.5
      vertex -14.2678 -19.8829 -72.5
    endloop
  endfacet
  facet normal 0.382707 -0.92387 0
    outer loop
      vertex -14.2678 -19.8829 -110
      vertex -12.5 -19.1506 -97
      vertex -14.2678 -19.8829 -97
    endloop
  endfacet
  facet normal 0.382707 -0.92387 0
    outer loop
      vertex -12.5 -19.1506 -97
      vertex -14.2678 -19.8829 -110
      vertex -12.5 -19.1506 -110
    endloop
  endfacet
  facet normal 0.382707 0.92387 -0
    outer loop
      vertex 14.2678 -19.8829 -72.5
      vertex 12.5 -19.1506 -65
      vertex 14.2678 -19.8829 -65
    endloop
  endfacet
  facet normal 0.382707 0.92387 0
    outer loop
      vertex 12.5 -19.1506 -65
      vertex 14.2678 -19.8829 -72.5
      vertex 12.5 -19.1506 -72.5
    endloop
  endfacet
  facet normal -0.382707 -0.92387 0
    outer loop
      vertex 12.5 -19.1506 -110
      vertex 14.2678 -19.8829 -97
      vertex 12.5 -19.1506 -97
    endloop
  endfacet
  facet normal -0.382707 -0.92387 -0
    outer loop
      vertex 14.2678 -19.8829 -97
      vertex 12.5 -19.1506 -110
      vertex 14.2678 -19.8829 -110
    endloop
  endfacet
  facet normal 0.923881 0.382681 0
    outer loop
      vertex 15 -21.6506 -65
      vertex 14.2678 -19.8829 -72.5
      vertex 14.2678 -19.8829 -65
    endloop
  endfacet
  facet normal 0.923881 0.382681 0
    outer loop
      vertex 14.2678 -19.8829 -72.5
      vertex 15 -21.6506 -65
      vertex 15 -21.6506 -72.5
    endloop
  endfacet
  facet normal 0.923876 0.382693 0
    outer loop
      vertex 15 -21.6506 -81.5
      vertex 14.4217 -20.2545 -93
      vertex 14.4217 -20.2545 -81.5
    endloop
  endfacet
  facet normal 0.923876 0.382693 0
    outer loop
      vertex 14.4217 -20.2545 -93
      vertex 15 -21.6506 -81.5
      vertex 15 -21.6506 -93
    endloop
  endfacet
  facet normal -0.923899 -0.382637 0
    outer loop
      vertex 14.4217 -20.2545 -110
      vertex 14.2678 -19.8829 -97
      vertex 14.2678 -19.8829 -110
    endloop
  endfacet
  facet normal -0.923899 -0.382637 0
    outer loop
      vertex 14.2678 -19.8829 -97
      vertex 14.4217 -20.2545 -110
      vertex 14.4217 -20.2545 -97
    endloop
  endfacet
  facet normal -0.382707 0.92387 0
    outer loop
      vertex 12.5 -19.1506 -72.5
      vertex 10.7322 -19.8829 -65
      vertex 12.5 -19.1506 -65
    endloop
  endfacet
  facet normal -0.382707 0.92387 0
    outer loop
      vertex 10.7322 -19.8829 -65
      vertex 12.5 -19.1506 -72.5
      vertex 10.7322 -19.8829 -72.5
    endloop
  endfacet
  facet normal 0.382707 -0.92387 0
    outer loop
      vertex 10.7322 -19.8829 -110
      vertex 12.5 -19.1506 -97
      vertex 10.7322 -19.8829 -97
    endloop
  endfacet
  facet normal 0.382707 -0.92387 0
    outer loop
      vertex 12.5 -19.1506 -97
      vertex 10.7322 -19.8829 -110
      vertex 12.5 -19.1506 -110
    endloop
  endfacet
  facet normal 0.923888 -0.382663 0
    outer loop
      vertex 14.2678 -23.4184 -65
      vertex 15 -21.6506 -72.5
      vertex 15 -21.6506 -65
    endloop
  endfacet
  facet normal 0.923888 -0.382663 0
    outer loop
      vertex 15 -21.6506 -72.5
      vertex 14.2678 -23.4184 -65
      vertex 14.2678 -23.4184 -72.5
    endloop
  endfacet
  facet normal 0.923888 -0.382663 0
    outer loop
      vertex 14.2678 -23.4184 -81.5
      vertex 15 -21.6506 -93
      vertex 15 -21.6506 -81.5
    endloop
  endfacet
  facet normal 0.923888 -0.382663 0
    outer loop
      vertex 15 -21.6506 -93
      vertex 14.2678 -23.4184 -81.5
      vertex 14.2678 -23.4184 -93
    endloop
  endfacet
  facet normal -0.923881 0.382681 0
    outer loop
      vertex 10 -21.6506 -72.5
      vertex 10.7322 -19.8829 -65
      vertex 10.7322 -19.8829 -72.5
    endloop
  endfacet
  facet normal -0.923881 0.382681 0
    outer loop
      vertex 10.7322 -19.8829 -65
      vertex 10 -21.6506 -72.5
      vertex 10 -21.6506 -65
    endloop
  endfacet
  facet normal 0.923881 -0.382681 0
    outer loop
      vertex 10 -21.6506 -97
      vertex 10.7322 -19.8829 -110
      vertex 10.7322 -19.8829 -97
    endloop
  endfacet
  facet normal 0.923881 -0.382681 0
    outer loop
      vertex 10.7322 -19.8829 -110
      vertex 10 -21.6506 -97
      vertex 10 -21.6506 -110
    endloop
  endfacet
  facet normal -0.382663 -0.923888 0
    outer loop
      vertex 10.7322 -23.4184 -72.5
      vertex 12.5 -24.1506 -65
      vertex 10.7322 -23.4184 -65
    endloop
  endfacet
  facet normal -0.382663 -0.923888 -0
    outer loop
      vertex 12.5 -24.1506 -65
      vertex 10.7322 -23.4184 -72.5
      vertex 12.5 -24.1506 -72.5
    endloop
  endfacet
  facet normal -0.382663 -0.923888 0
    outer loop
      vertex 10.7322 -23.4184 -93
      vertex 12.5 -24.1506 -81.5
      vertex 10.7322 -23.4184 -81.5
    endloop
  endfacet
  facet normal -0.382663 -0.923888 -0
    outer loop
      vertex 12.5 -24.1506 -81.5
      vertex 10.7322 -23.4184 -93
      vertex 12.5 -24.1506 -93
    endloop
  endfacet
  facet normal 0.382663 -0.923888 0
    outer loop
      vertex 12.5 -24.1506 -72.5
      vertex 14.2678 -23.4184 -65
      vertex 12.5 -24.1506 -65
    endloop
  endfacet
  facet normal 0.382663 -0.923888 0
    outer loop
      vertex 14.2678 -23.4184 -65
      vertex 12.5 -24.1506 -72.5
      vertex 14.2678 -23.4184 -72.5
    endloop
  endfacet
  facet normal 0.382663 -0.923888 0
    outer loop
      vertex 12.5 -24.1506 -93
      vertex 14.2678 -23.4184 -81.5
      vertex 12.5 -24.1506 -81.5
    endloop
  endfacet
  facet normal 0.382663 -0.923888 0
    outer loop
      vertex 14.2678 -23.4184 -81.5
      vertex 12.5 -24.1506 -93
      vertex 14.2678 -23.4184 -93
    endloop
  endfacet
  facet normal -0.923888 -0.382663 0
    outer loop
      vertex 10.7322 -23.4184 -72.5
      vertex 10 -21.6506 -65
      vertex 10 -21.6506 -72.5
    endloop
  endfacet
  facet normal -0.923888 -0.382663 0
    outer loop
      vertex 10 -21.6506 -65
      vertex 10.7322 -23.4184 -72.5
      vertex 10.7322 -23.4184 -65
    endloop
  endfacet
  facet normal -0.923907 -0.382618 0
    outer loop
      vertex 10.7322 -23.4184 -93
      vertex 10.3893 -22.5904 -81.5
      vertex 10.3893 -22.5904 -93
    endloop
  endfacet
  facet normal -0.923907 -0.382618 0
    outer loop
      vertex 10.3893 -22.5904 -81.5
      vertex 10.7322 -23.4184 -93
      vertex 10.7322 -23.4184 -81.5
    endloop
  endfacet
  facet normal 0.923872 0.382702 0
    outer loop
      vertex 10.3893 -22.5904 -97
      vertex 10 -21.6506 -110
      vertex 10 -21.6506 -97
    endloop
  endfacet
  facet normal 0.923872 0.382702 0
    outer loop
      vertex 10 -21.6506 -110
      vertex 10.3893 -22.5904 -97
      vertex 10.3893 -22.5904 -110
    endloop
  endfacet
  facet normal -0.743138 -0.669138 0
    outer loop
      vertex -20.0739 -22.2943 -75.5
      vertex -24.2705 -17.6336 -72.5
      vertex -24.2705 -17.6336 -75.5
    endloop
  endfacet
  facet normal -0.743138 -0.669138 0
    outer loop
      vertex -24.2705 -17.6336 -72.5
      vertex -20.0739 -22.2943 -75.5
      vertex -20.0739 -22.2943 -72.5
    endloop
  endfacet
  facet normal 0.95106 0.309008 0
    outer loop
      vertex 29.3444 6.23735 -72.5
      vertex 27.4064 12.2021 -75.5
      vertex 27.4064 12.2021 -72.5
    endloop
  endfacet
  facet normal 0.95106 0.309008 0
    outer loop
      vertex 27.4064 12.2021 -75.5
      vertex 29.3444 6.23735 -72.5
      vertex 29.3444 6.23735 -75.5
    endloop
  endfacet
  facet normal 0.994521 0.104533 0
    outer loop
      vertex 30 0 -72.5
      vertex 29.3444 6.23735 -75.5
      vertex 29.3444 6.23735 -72.5
    endloop
  endfacet
  facet normal 0.994521 0.104533 0
    outer loop
      vertex 29.3444 6.23735 -75.5
      vertex 30 0 -72.5
      vertex 30 0 -75.5
    endloop
  endfacet
  facet normal 0.866024 0.500003 0
    outer loop
      vertex 27.4064 12.2021 -72.5
      vertex 24.2705 17.6336 -75.5
      vertex 24.2705 17.6336 -72.5
    endloop
  endfacet
  facet normal 0.866024 0.500003 0
    outer loop
      vertex 24.2705 17.6336 -75.5
      vertex 27.4064 12.2021 -72.5
      vertex 27.4064 12.2021 -75.5
    endloop
  endfacet
  facet normal 0.95106 -0.309008 0
    outer loop
      vertex 27.4064 -12.2021 -72.5
      vertex 29.3444 -6.23735 -75.5
      vertex 29.3444 -6.23735 -72.5
    endloop
  endfacet
  facet normal 0.95106 -0.309008 0
    outer loop
      vertex 29.3444 -6.23735 -75.5
      vertex 27.4064 -12.2021 -72.5
      vertex 27.4064 -12.2021 -75.5
    endloop
  endfacet
  facet normal 0.587795 -0.80901 0
    outer loop
      vertex 15 -25.9808 -75.5
      vertex 20.0739 -22.2943 -72.5
      vertex 15 -25.9808 -72.5
    endloop
  endfacet
  facet normal 0.587795 -0.80901 0
    outer loop
      vertex 20.0739 -22.2943 -72.5
      vertex 15 -25.9808 -75.5
      vertex 20.0739 -22.2943 -75.5
    endloop
  endfacet
  facet normal 0.743138 -0.669138 0
    outer loop
      vertex 20.0739 -22.2943 -72.5
      vertex 24.2705 -17.6336 -75.5
      vertex 24.2705 -17.6336 -72.5
    endloop
  endfacet
  facet normal 0.743138 -0.669138 0
    outer loop
      vertex 24.2705 -17.6336 -75.5
      vertex 20.0739 -22.2943 -72.5
      vertex 20.0739 -22.2943 -75.5
    endloop
  endfacet
  facet normal 0.994521 -0.104533 0
    outer loop
      vertex 29.3444 -6.23735 -72.5
      vertex 30 0 -75.5
      vertex 30 0 -72.5
    endloop
  endfacet
  facet normal 0.994521 -0.104533 0
    outer loop
      vertex 30 0 -75.5
      vertex 29.3444 -6.23735 -72.5
      vertex 29.3444 -6.23735 -75.5
    endloop
  endfacet
  facet normal -0.406732 -0.913547 0
    outer loop
      vertex -15 -25.9808 -75.5
      vertex -9.27051 -28.5317 -72.5
      vertex -15 -25.9808 -72.5
    endloop
  endfacet
  facet normal -0.406732 -0.913547 -0
    outer loop
      vertex -9.27051 -28.5317 -72.5
      vertex -15 -25.9808 -75.5
      vertex -9.27051 -28.5317 -75.5
    endloop
  endfacet
  facet normal 0.406732 0.913547 -0
    outer loop
      vertex 15 25.9808 -75.5
      vertex 9.27051 28.5317 -72.5
      vertex 15 25.9808 -72.5
    endloop
  endfacet
  facet normal 0.406732 0.913547 0
    outer loop
      vertex 9.27051 28.5317 -72.5
      vertex 15 25.9808 -75.5
      vertex 9.27051 28.5317 -75.5
    endloop
  endfacet
  facet normal 0.743138 0.669138 0
    outer loop
      vertex 24.2705 17.6336 -72.5
      vertex 20.0739 22.2943 -75.5
      vertex 20.0739 22.2943 -72.5
    endloop
  endfacet
  facet normal 0.743138 0.669138 0
    outer loop
      vertex 20.0739 22.2943 -75.5
      vertex 24.2705 17.6336 -72.5
      vertex 24.2705 17.6336 -75.5
    endloop
  endfacet
  facet normal -0.587795 -0.80901 0
    outer loop
      vertex -20.0739 -22.2943 -75.5
      vertex -15 -25.9808 -72.5
      vertex -20.0739 -22.2943 -72.5
    endloop
  endfacet
  facet normal -0.587795 -0.80901 -0
    outer loop
      vertex -15 -25.9808 -72.5
      vertex -20.0739 -22.2943 -75.5
      vertex -15 -25.9808 -75.5
    endloop
  endfacet
  facet normal -0.743138 0.669138 0
    outer loop
      vertex -24.2705 17.6336 -75.5
      vertex -20.0739 22.2943 -72.5
      vertex -20.0739 22.2943 -75.5
    endloop
  endfacet
  facet normal -0.743138 0.669138 0
    outer loop
      vertex -20.0739 22.2943 -72.5
      vertex -24.2705 17.6336 -75.5
      vertex -24.2705 17.6336 -72.5
    endloop
  endfacet
  facet normal 0 1 -0
    outer loop
      vertex 3.13585 29.8357 -75.5
      vertex -3.13585 29.8357 -72.5
      vertex 3.13585 29.8357 -72.5
    endloop
  endfacet
  facet normal 0 1 0
    outer loop
      vertex -3.13585 29.8357 -72.5
      vertex 3.13585 29.8357 -75.5
      vertex -3.13585 29.8357 -75.5
    endloop
  endfacet
  facet normal 0.406732 -0.913547 0
    outer loop
      vertex 9.27051 -28.5317 -75.5
      vertex 15 -25.9808 -72.5
      vertex 9.27051 -28.5317 -72.5
    endloop
  endfacet
  facet normal 0.406732 -0.913547 0
    outer loop
      vertex 15 -25.9808 -72.5
      vertex 9.27051 -28.5317 -75.5
      vertex 15 -25.9808 -75.5
    endloop
  endfacet
  facet normal 0.207917 -0.978146 0
    outer loop
      vertex 3.13585 -29.8357 -75.5
      vertex 9.27051 -28.5317 -72.5
      vertex 3.13585 -29.8357 -72.5
    endloop
  endfacet
  facet normal 0.207917 -0.978146 0
    outer loop
      vertex 9.27051 -28.5317 -72.5
      vertex 3.13585 -29.8357 -75.5
      vertex 9.27051 -28.5317 -75.5
    endloop
  endfacet
  facet normal -0.95106 0.309008 0
    outer loop
      vertex -29.3444 6.23735 -75.5
      vertex -27.4064 12.2021 -72.5
      vertex -27.4064 12.2021 -75.5
    endloop
  endfacet
  facet normal -0.95106 0.309008 0
    outer loop
      vertex -27.4064 12.2021 -72.5
      vertex -29.3444 6.23735 -75.5
      vertex -29.3444 6.23735 -72.5
    endloop
  endfacet
  facet normal 0 0 -1
    outer loop
      vertex 27.5 0 -75.5
      vertex 30 0 -75.5
      vertex 29.3444 -6.23735 -75.5
    endloop
  endfacet
  facet normal 0 0 -1
    outer loop
      vertex 30 0 -75.5
      vertex 27.5 0 -75.5
      vertex 29.3444 6.23735 -75.5
    endloop
  endfacet
  facet normal 0 0 -1
    outer loop
      vertex 26.8991 -5.71757 -75.5
      vertex 29.3444 -6.23735 -75.5
      vertex 27.4064 -12.2021 -75.5
    endloop
  endfacet
  facet normal 0 0 -1
    outer loop
      vertex 29.3444 -6.23735 -75.5
      vertex 26.8991 -5.71757 -75.5
      vertex 27.5 0 -75.5
    endloop
  endfacet
  facet normal 0 0 -1
    outer loop
      vertex 27.4064 -12.2021 -75.5
      vertex 25.1225 -11.1853 -75.5
      vertex 26.8991 -5.71757 -75.5
    endloop
  endfacet
  facet normal 0 0 -1
    outer loop
      vertex 24.2705 -17.6336 -75.5
      vertex 25.1225 -11.1853 -75.5
      vertex 27.4064 -12.2021 -75.5
    endloop
  endfacet
  facet normal 0 0 -1
    outer loop
      vertex 24.2705 -17.6336 -75.5
      vertex 22.248 -16.1641 -75.5
      vertex 25.1225 -11.1853 -75.5
    endloop
  endfacet
  facet normal 0 0 -1
    outer loop
      vertex 20.0739 -22.2943 -75.5
      vertex 22.248 -16.1641 -75.5
      vertex 24.2705 -17.6336 -75.5
    endloop
  endfacet
  facet normal 0 0 -1
    outer loop
      vertex 20.0739 -22.2943 -75.5
      vertex 18.4011 -20.4365 -75.5
      vertex 22.248 -16.1641 -75.5
    endloop
  endfacet
  facet normal 0 0 -1
    outer loop
      vertex 15 -25.9808 -75.5
      vertex 18.4011 -20.4365 -75.5
      vertex 20.0739 -22.2943 -75.5
    endloop
  endfacet
  facet normal 0 0 -1
    outer loop
      vertex 15 -25.9808 -75.5
      vertex 13.75 -23.8157 -75.5
      vertex 18.4011 -20.4365 -75.5
    endloop
  endfacet
  facet normal 0 0 -1
    outer loop
      vertex 9.27051 -28.5317 -75.5
      vertex 13.75 -23.8157 -75.5
      vertex 15 -25.9808 -75.5
    endloop
  endfacet
  facet normal 0 0 -1
    outer loop
      vertex 9.27051 -28.5317 -75.5
      vertex 8.49797 -26.1541 -75.5
      vertex 13.75 -23.8157 -75.5
    endloop
  endfacet
  facet normal 0 0 -1
    outer loop
      vertex 3.13585 -29.8357 -75.5
      vertex 8.49797 -26.1541 -75.5
      vertex 9.27051 -28.5317 -75.5
    endloop
  endfacet
  facet normal 0 0 -1
    outer loop
      vertex 3.13585 -29.8357 -75.5
      vertex 2.87453 -27.3494 -75.5
      vertex 8.49797 -26.1541 -75.5
    endloop
  endfacet
  facet normal 0 0 -1
    outer loop
      vertex 3.13585 -29.8357 -75.5
      vertex -2.87453 -27.3494 -75.5
      vertex 2.87453 -27.3494 -75.5
    endloop
  endfacet
  facet normal 0 0 -1
    outer loop
      vertex -3.13585 -29.8357 -75.5
      vertex -2.87453 -27.3494 -75.5
      vertex 3.13585 -29.8357 -75.5
    endloop
  endfacet
  facet normal 0 0 -1
    outer loop
      vertex -3.13585 -29.8357 -75.5
      vertex -8.49797 -26.1541 -75.5
      vertex -2.87453 -27.3494 -75.5
    endloop
  endfacet
  facet normal 0 0 -1
    outer loop
      vertex -9.27051 -28.5317 -75.5
      vertex -8.49797 -26.1541 -75.5
      vertex -3.13585 -29.8357 -75.5
    endloop
  endfacet
  facet normal 0 0 -1
    outer loop
      vertex -9.27051 -28.5317 -75.5
      vertex -13.75 -23.8157 -75.5
      vertex -8.49797 -26.1541 -75.5
    endloop
  endfacet
  facet normal 0 0 -1
    outer loop
      vertex -15 -25.9808 -75.5
      vertex -13.75 -23.8157 -75.5
      vertex -9.27051 -28.5317 -75.5
    endloop
  endfacet
  facet normal 0 0 -1
    outer loop
      vertex -15 -25.9808 -75.5
      vertex -18.4011 -20.4365 -75.5
      vertex -13.75 -23.8157 -75.5
    endloop
  endfacet
  facet normal 0 0 -1
    outer loop
      vertex -20.0739 -22.2943 -75.5
      vertex -18.4011 -20.4365 -75.5
      vertex -15 -25.9808 -75.5
    endloop
  endfacet
  facet normal 0 0 -1
    outer loop
      vertex -20.0739 -22.2943 -75.5
      vertex -22.248 -16.1641 -75.5
      vertex -18.4011 -20.4365 -75.5
    endloop
  endfacet
  facet normal 0 0 -1
    outer loop
      vertex -24.2705 -17.6336 -75.5
      vertex -22.248 -16.1641 -75.5
      vertex -20.0739 -22.2943 -75.5
    endloop
  endfacet
  facet normal 0 0 -1
    outer loop
      vertex -24.2705 -17.6336 -75.5
      vertex -25.1225 -11.1853 -75.5
      vertex -22.248 -16.1641 -75.5
    endloop
  endfacet
  facet normal 0 0 -1
    outer loop
      vertex -27.4064 -12.2021 -75.5
      vertex -25.1225 -11.1853 -75.5
      vertex -24.2705 -17.6336 -75.5
    endloop
  endfacet
  facet normal -0 0 -1
    outer loop
      vertex -25.1225 -11.1853 -75.5
      vertex -27.4064 -12.2021 -75.5
      vertex -26.8991 -5.71757 -75.5
    endloop
  endfacet
  facet normal 0 0 -1
    outer loop
      vertex -29.3444 -6.23735 -75.5
      vertex -26.8991 -5.71757 -75.5
      vertex -27.4064 -12.2021 -75.5
    endloop
  endfacet
  facet normal -0 0 -1
    outer loop
      vertex -26.8991 -5.71757 -75.5
      vertex -29.3444 -6.23735 -75.5
      vertex -27.5 0 -75.5
    endloop
  endfacet
  facet normal 0 0 -1
    outer loop
      vertex 26.8991 5.71757 -75.5
      vertex 29.3444 6.23735 -75.5
      vertex 27.5 0 -75.5
    endloop
  endfacet
  facet normal -0 0 -1
    outer loop
      vertex 29.3444 6.23735 -75.5
      vertex 26.8991 5.71757 -75.5
      vertex 27.4064 12.2021 -75.5
    endloop
  endfacet
  facet normal 0 0 -1
    outer loop
      vertex 25.1225 11.1853 -75.5
      vertex 27.4064 12.2021 -75.5
      vertex 26.8991 5.71757 -75.5
    endloop
  endfacet
  facet normal 0 0 -1
    outer loop
      vertex 25.1225 11.1853 -75.5
      vertex 24.2705 17.6336 -75.5
      vertex 27.4064 12.2021 -75.5
    endloop
  endfacet
  facet normal 0 0 -1
    outer loop
      vertex 22.248 16.1641 -75.5
      vertex 24.2705 17.6336 -75.5
      vertex 25.1225 11.1853 -75.5
    endloop
  endfacet
  facet normal 0 0 -1
    outer loop
      vertex 22.248 16.1641 -75.5
      vertex 20.0739 22.2943 -75.5
      vertex 24.2705 17.6336 -75.5
    endloop
  endfacet
  facet normal 0 0 -1
    outer loop
      vertex 18.4011 20.4365 -75.5
      vertex 20.0739 22.2943 -75.5
      vertex 22.248 16.1641 -75.5
    endloop
  endfacet
  facet normal 0 0 -1
    outer loop
      vertex 18.4011 20.4365 -75.5
      vertex 15 25.9808 -75.5
      vertex 20.0739 22.2943 -75.5
    endloop
  endfacet
  facet normal 0 0 -1
    outer loop
      vertex 13.75 23.8157 -75.5
      vertex 15 25.9808 -75.5
      vertex 18.4011 20.4365 -75.5
    endloop
  endfacet
  facet normal 0 0 -1
    outer loop
      vertex 13.75 23.8157 -75.5
      vertex 9.27051 28.5317 -75.5
      vertex 15 25.9808 -75.5
    endloop
  endfacet
  facet normal 0 0 -1
    outer loop
      vertex 8.49797 26.1541 -75.5
      vertex 9.27051 28.5317 -75.5
      vertex 13.75 23.8157 -75.5
    endloop
  endfacet
  facet normal 0 0 -1
    outer loop
      vertex 8.49797 26.1541 -75.5
      vertex 3.13585 29.8357 -75.5
      vertex 9.27051 28.5317 -75.5
    endloop
  endfacet
  facet normal 0 0 -1
    outer loop
      vertex 2.87453 27.3494 -75.5
      vertex 3.13585 29.8357 -75.5
      vertex 8.49797 26.1541 -75.5
    endloop
  endfacet
  facet normal 0 0 -1
    outer loop
      vertex -2.87453 27.3494 -75.5
      vertex 3.13585 29.8357 -75.5
      vertex 2.87453 27.3494 -75.5
    endloop
  endfacet
  facet normal 0 0 -1
    outer loop
      vertex -2.87453 27.3494 -75.5
      vertex -3.13585 29.8357 -75.5
      vertex 3.13585 29.8357 -75.5
    endloop
  endfacet
  facet normal 0 0 -1
    outer loop
      vertex -8.49797 26.1541 -75.5
      vertex -3.13585 29.8357 -75.5
      vertex -2.87453 27.3494 -75.5
    endloop
  endfacet
  facet normal 0 0 -1
    outer loop
      vertex -8.49797 26.1541 -75.5
      vertex -9.27051 28.5317 -75.5
      vertex -3.13585 29.8357 -75.5
    endloop
  endfacet
  facet normal 0 0 -1
    outer loop
      vertex -13.75 23.8157 -75.5
      vertex -9.27051 28.5317 -75.5
      vertex -8.49797 26.1541 -75.5
    endloop
  endfacet
  facet normal 0 0 -1
    outer loop
      vertex -13.75 23.8157 -75.5
      vertex -15 25.9808 -75.5
      vertex -9.27051 28.5317 -75.5
    endloop
  endfacet
  facet normal 0 0 -1
    outer loop
      vertex -18.4011 20.4365 -75.5
      vertex -15 25.9808 -75.5
      vertex -13.75 23.8157 -75.5
    endloop
  endfacet
  facet normal 0 0 -1
    outer loop
      vertex -18.4011 20.4365 -75.5
      vertex -20.0739 22.2943 -75.5
      vertex -15 25.9808 -75.5
    endloop
  endfacet
  facet normal 0 0 -1
    outer loop
      vertex -22.248 16.1641 -75.5
      vertex -20.0739 22.2943 -75.5
      vertex -18.4011 20.4365 -75.5
    endloop
  endfacet
  facet normal 0 0 -1
    outer loop
      vertex -22.248 16.1641 -75.5
      vertex -24.2705 17.6336 -75.5
      vertex -20.0739 22.2943 -75.5
    endloop
  endfacet
  facet normal 0 0 -1
    outer loop
      vertex -25.1225 11.1853 -75.5
      vertex -24.2705 17.6336 -75.5
      vertex -22.248 16.1641 -75.5
    endloop
  endfacet
  facet normal 0 0 -1
    outer loop
      vertex -27.4064 12.2021 -75.5
      vertex -25.1225 11.1853 -75.5
      vertex -26.8991 5.71757 -75.5
    endloop
  endfacet
  facet normal 0 0 -1
    outer loop
      vertex -25.1225 11.1853 -75.5
      vertex -27.4064 12.2021 -75.5
      vertex -24.2705 17.6336 -75.5
    endloop
  endfacet
  facet normal 0 0 -1
    outer loop
      vertex -29.3444 6.23735 -75.5
      vertex -26.8991 5.71757 -75.5
      vertex -27.5 0 -75.5
    endloop
  endfacet
  facet normal 0 0 -1
    outer loop
      vertex -30 0 -75.5
      vertex -27.5 0 -75.5
      vertex -29.3444 -6.23735 -75.5
    endloop
  endfacet
  facet normal 0 0 -1
    outer loop
      vertex -26.8991 5.71757 -75.5
      vertex -29.3444 6.23735 -75.5
      vertex -27.4064 12.2021 -75.5
    endloop
  endfacet
  facet normal 0 0 -1
    outer loop
      vertex -27.5 0 -75.5
      vertex -30 0 -75.5
      vertex -29.3444 6.23735 -75.5
    endloop
  endfacet
  facet normal -0.95106 -0.309008 0
    outer loop
      vertex -27.4064 -12.2021 -75.5
      vertex -29.3444 -6.23735 -72.5
      vertex -29.3444 -6.23735 -75.5
    endloop
  endfacet
  facet normal -0.95106 -0.309008 0
    outer loop
      vertex -29.3444 -6.23735 -72.5
      vertex -27.4064 -12.2021 -75.5
      vertex -27.4064 -12.2021 -72.5
    endloop
  endfacet
  facet normal -0.406732 0.913547 0
    outer loop
      vertex -9.27051 28.5317 -75.5
      vertex -15 25.9808 -72.5
      vertex -9.27051 28.5317 -72.5
    endloop
  endfacet
  facet normal -0.406732 0.913547 0
    outer loop
      vertex -15 25.9808 -72.5
      vertex -9.27051 28.5317 -75.5
      vertex -15 25.9808 -75.5
    endloop
  endfacet
  facet normal -0 0 1
    outer loop
      vertex -24.2705 -17.6336 -72.5
      vertex -14.2678 -19.8829 -72.5
      vertex -23.2322 -1.76777 -72.5
    endloop
  endfacet
  facet normal 0 0 1
    outer loop
      vertex -14.2678 -19.8829 -72.5
      vertex -24.2705 -17.6336 -72.5
      vertex -20.0739 -22.2943 -72.5
    endloop
  endfacet
  facet normal 0 0 1
    outer loop
      vertex -27.4064 -12.2021 -72.5
      vertex -23.2322 -1.76777 -72.5
      vertex -25 -2.5 -72.5
    endloop
  endfacet
  facet normal 0 0 1
    outer loop
      vertex -29.3444 -6.23735 -72.5
      vertex -25 -2.5 -72.5
      vertex -26.7678 -1.76777 -72.5
    endloop
  endfacet
  facet normal 0 0 1
    outer loop
      vertex -23.2322 -1.76777 -72.5
      vertex -27.4064 -12.2021 -72.5
      vertex -24.2705 -17.6336 -72.5
    endloop
  endfacet
  facet normal -0 0 1
    outer loop
      vertex -30 0 -72.5
      vertex -26.7678 -1.76777 -72.5
      vertex -27.5 0 -72.5
    endloop
  endfacet
  facet normal 0 0 1
    outer loop
      vertex -26.7678 1.76777 -72.5
      vertex -30 0 -72.5
      vertex -27.5 0 -72.5
    endloop
  endfacet
  facet normal 0 0 1
    outer loop
      vertex -25 -2.5 -72.5
      vertex -29.3444 -6.23735 -72.5
      vertex -27.4064 -12.2021 -72.5
    endloop
  endfacet
  facet normal 0 0 1
    outer loop
      vertex -26.7678 -1.76777 -72.5
      vertex -30 0 -72.5
      vertex -29.3444 -6.23735 -72.5
    endloop
  endfacet
  facet normal 0 0 1
    outer loop
      vertex -14.2678 19.8829 -72.5
      vertex -8.09017 5.87785 -72.5
      vertex -12.5 19.1506 -72.5
    endloop
  endfacet
  facet normal 0 0 1
    outer loop
      vertex -8.09017 5.87785 -72.5
      vertex -23.2322 1.76777 -72.5
      vertex -9.13545 4.06737 -72.5
    endloop
  endfacet
  facet normal 0 0 1
    outer loop
      vertex -9.13545 4.06737 -72.5
      vertex -23.2322 1.76777 -72.5
      vertex -9.78148 2.07912 -72.5
    endloop
  endfacet
  facet normal 0 0 1
    outer loop
      vertex -10 0 -72.5
      vertex -10.7322 -19.8829 -72.5
      vertex -10 -21.6506 -72.5
    endloop
  endfacet
  facet normal 0 -0 1
    outer loop
      vertex -22.5 0 -72.5
      vertex -9.78148 2.07912 -72.5
      vertex -23.2322 1.76777 -72.5
    endloop
  endfacet
  facet normal 0 0 1
    outer loop
      vertex -23.2322 -1.76777 -72.5
      vertex -10 0 -72.5
      vertex -22.5 0 -72.5
    endloop
  endfacet
  facet normal 0 0 1
    outer loop
      vertex -8.09017 5.87785 -72.5
      vertex -14.2678 19.8829 -72.5
      vertex -23.2322 1.76777 -72.5
    endloop
  endfacet
  facet normal 0 0 1
    outer loop
      vertex -10 0 -72.5
      vertex -12.5 -19.1506 -72.5
      vertex -10.7322 -19.8829 -72.5
    endloop
  endfacet
  facet normal 0 0 1
    outer loop
      vertex -20.0739 22.2943 -72.5
      vertex -14.2678 19.8829 -72.5
      vertex -15 21.6506 -72.5
    endloop
  endfacet
  facet normal 0 0 1
    outer loop
      vertex -10 0 -72.5
      vertex -23.2322 -1.76777 -72.5
      vertex -12.5 -19.1506 -72.5
    endloop
  endfacet
  facet normal -0 -0 1
    outer loop
      vertex 9.78148 2.07912 -72.5
      vertex 23.2322 1.76777 -72.5
      vertex 9.13545 4.06737 -72.5
    endloop
  endfacet
  facet normal 0 0 1
    outer loop
      vertex 22.5 0 -72.5
      vertex 14.2678 -19.8829 -72.5
      vertex 15 -21.6506 -72.5
    endloop
  endfacet
  facet normal 0 0 1
    outer loop
      vertex 8.09017 5.87785 -72.5
      vertex 14.2678 19.8829 -72.5
      vertex 12.5 19.1506 -72.5
    endloop
  endfacet
  facet normal 0 0 1
    outer loop
      vertex 9.78148 -2.07912 -72.5
      vertex 22.5 0 -72.5
      vertex 10 0 -72.5
    endloop
  endfacet
  facet normal 0 0 1
    outer loop
      vertex 5 8.66025 -72.5
      vertex 12.5 19.1506 -72.5
      vertex 10.7322 19.8829 -72.5
    endloop
  endfacet
  facet normal 0 0 1
    outer loop
      vertex 9.13545 -4.06737 -72.5
      vertex 22.5 0 -72.5
      vertex 9.78148 -2.07912 -72.5
    endloop
  endfacet
  facet normal 0 0 1
    outer loop
      vertex 1.04528 9.94522 -72.5
      vertex 10.7322 19.8829 -72.5
      vertex 10 21.6506 -72.5
    endloop
  endfacet
  facet normal 0 0 1
    outer loop
      vertex 22.5 0 -72.5
      vertex 9.13545 -4.06737 -72.5
      vertex 14.2678 -19.8829 -72.5
    endloop
  endfacet
  facet normal -0 0 1
    outer loop
      vertex 8.09017 -5.87785 -72.5
      vertex 14.2678 -19.8829 -72.5
      vertex 9.13545 -4.06737 -72.5
    endloop
  endfacet
  facet normal 0 0 1
    outer loop
      vertex 14.2678 -19.8829 -72.5
      vertex 8.09017 -5.87785 -72.5
      vertex 12.5 -19.1506 -72.5
    endloop
  endfacet
  facet normal 0 0 1
    outer loop
      vertex 20.0739 22.2943 -72.5
      vertex 14.2678 23.4184 -72.5
      vertex 15 21.6506 -72.5
    endloop
  endfacet
  facet normal 0 0 1
    outer loop
      vertex 15 25.9808 -72.5
      vertex 12.5 24.1506 -72.5
      vertex 14.2678 23.4184 -72.5
    endloop
  endfacet
  facet normal 0 0 1
    outer loop
      vertex 9.27051 28.5317 -72.5
      vertex 12.5 24.1506 -72.5
      vertex 15 25.9808 -72.5
    endloop
  endfacet
  facet normal 0 0 1
    outer loop
      vertex 22.5 0 -72.5
      vertex 9.78148 2.07912 -72.5
      vertex 10 0 -72.5
    endloop
  endfacet
  facet normal 0 0 1
    outer loop
      vertex 12.5 24.1506 -72.5
      vertex 9.27051 28.5317 -72.5
      vertex 10.7322 23.4184 -72.5
    endloop
  endfacet
  facet normal 0 0 1
    outer loop
      vertex 9.27051 28.5317 -72.5
      vertex 10 21.6506 -72.5
      vertex 10.7322 23.4184 -72.5
    endloop
  endfacet
  facet normal 0 0 1
    outer loop
      vertex 3.13585 29.8357 -72.5
      vertex 10 21.6506 -72.5
      vertex 9.27051 28.5317 -72.5
    endloop
  endfacet
  facet normal 0 0 1
    outer loop
      vertex 23.2322 1.76777 -72.5
      vertex 9.78148 2.07912 -72.5
      vertex 22.5 0 -72.5
    endloop
  endfacet
  facet normal 0 0 1
    outer loop
      vertex 14.2678 19.8829 -72.5
      vertex 8.09017 5.87785 -72.5
      vertex 9.13545 4.06737 -72.5
    endloop
  endfacet
  facet normal 0 0 1
    outer loop
      vertex 12.5 19.1506 -72.5
      vertex 6.69131 7.43145 -72.5
      vertex 8.09017 5.87785 -72.5
    endloop
  endfacet
  facet normal 0 0 1
    outer loop
      vertex 12.5 19.1506 -72.5
      vertex 5 8.66025 -72.5
      vertex 6.69131 7.43145 -72.5
    endloop
  endfacet
  facet normal 0 0 1
    outer loop
      vertex -10 21.6506 -72.5
      vertex 10 21.6506 -72.5
      vertex 3.13585 29.8357 -72.5
    endloop
  endfacet
  facet normal 0 0 1
    outer loop
      vertex 10.7322 19.8829 -72.5
      vertex 3.09017 9.51056 -72.5
      vertex 5 8.66025 -72.5
    endloop
  endfacet
  facet normal 0 0 1
    outer loop
      vertex 10.7322 19.8829 -72.5
      vertex 1.04528 9.94522 -72.5
      vertex 3.09017 9.51056 -72.5
    endloop
  endfacet
  facet normal 0 0 1
    outer loop
      vertex 10 21.6506 -72.5
      vertex -1.04528 9.94522 -72.5
      vertex 1.04528 9.94522 -72.5
    endloop
  endfacet
  facet normal 0 0 1
    outer loop
      vertex 10 21.6506 -72.5
      vertex -10 21.6506 -72.5
      vertex -1.04528 9.94522 -72.5
    endloop
  endfacet
  facet normal 0 0 1
    outer loop
      vertex -10 21.6506 -72.5
      vertex 3.13585 29.8357 -72.5
      vertex -3.13585 29.8357 -72.5
    endloop
  endfacet
  facet normal -0 0 1
    outer loop
      vertex -10.7322 19.8829 -72.5
      vertex -1.04528 9.94522 -72.5
      vertex -10 21.6506 -72.5
    endloop
  endfacet
  facet normal 0 0 1
    outer loop
      vertex -1.04528 9.94522 -72.5
      vertex -10.7322 19.8829 -72.5
      vertex -3.09017 9.51056 -72.5
    endloop
  endfacet
  facet normal 0 0 1
    outer loop
      vertex -3.09017 9.51056 -72.5
      vertex -10.7322 19.8829 -72.5
      vertex -5 8.66025 -72.5
    endloop
  endfacet
  facet normal -0 0 1
    outer loop
      vertex -12.5 19.1506 -72.5
      vertex -5 8.66025 -72.5
      vertex -10.7322 19.8829 -72.5
    endloop
  endfacet
  facet normal 0 0 1
    outer loop
      vertex -10 21.6506 -72.5
      vertex -3.13585 29.8357 -72.5
      vertex -9.27051 28.5317 -72.5
    endloop
  endfacet
  facet normal 0 0 1
    outer loop
      vertex -5 8.66025 -72.5
      vertex -12.5 19.1506 -72.5
      vertex -6.69131 7.43145 -72.5
    endloop
  endfacet
  facet normal 0 0 1
    outer loop
      vertex -6.69131 7.43145 -72.5
      vertex -12.5 19.1506 -72.5
      vertex -8.09017 5.87785 -72.5
    endloop
  endfacet
  facet normal 0 0 1
    outer loop
      vertex -9.27051 28.5317 -72.5
      vertex -10.7322 23.4184 -72.5
      vertex -10 21.6506 -72.5
    endloop
  endfacet
  facet normal 0 0 1
    outer loop
      vertex -9.27051 28.5317 -72.5
      vertex -12.5 24.1506 -72.5
      vertex -10.7322 23.4184 -72.5
    endloop
  endfacet
  facet normal -0 0 1
    outer loop
      vertex -15 25.9808 -72.5
      vertex -12.5 24.1506 -72.5
      vertex -9.27051 28.5317 -72.5
    endloop
  endfacet
  facet normal 0 0 1
    outer loop
      vertex -12.5 24.1506 -72.5
      vertex -15 25.9808 -72.5
      vertex -14.2678 23.4184 -72.5
    endloop
  endfacet
  facet normal 0 0 1
    outer loop
      vertex -20.0739 22.2943 -72.5
      vertex -14.2678 23.4184 -72.5
      vertex -15 25.9808 -72.5
    endloop
  endfacet
  facet normal 0 0 1
    outer loop
      vertex -14.2678 23.4184 -72.5
      vertex -20.0739 22.2943 -72.5
      vertex -15 21.6506 -72.5
    endloop
  endfacet
  facet normal 0 0 1
    outer loop
      vertex -12.5 -19.1506 -72.5
      vertex -23.2322 -1.76777 -72.5
      vertex -14.2678 -19.8829 -72.5
    endloop
  endfacet
  facet normal 0 0 1
    outer loop
      vertex -14.2678 19.8829 -72.5
      vertex -20.0739 22.2943 -72.5
      vertex -24.2705 17.6336 -72.5
    endloop
  endfacet
  facet normal 0 0 1
    outer loop
      vertex -14.2678 -19.8829 -72.5
      vertex -20.0739 -22.2943 -72.5
      vertex -15 -21.6506 -72.5
    endloop
  endfacet
  facet normal 0 0 1
    outer loop
      vertex -15 -21.6506 -72.5
      vertex -20.0739 -22.2943 -72.5
      vertex -15 -25.9808 -72.5
    endloop
  endfacet
  facet normal 0 0 1
    outer loop
      vertex -9.78148 2.07912 -72.5
      vertex -22.5 0 -72.5
      vertex -10 0 -72.5
    endloop
  endfacet
  facet normal 0 0 1
    outer loop
      vertex -14.2678 19.8829 -72.5
      vertex -24.2705 17.6336 -72.5
      vertex -23.2322 1.76777 -72.5
    endloop
  endfacet
  facet normal -0 0 1
    outer loop
      vertex -27.4064 12.2021 -72.5
      vertex -23.2322 1.76777 -72.5
      vertex -24.2705 17.6336 -72.5
    endloop
  endfacet
  facet normal 0 0 1
    outer loop
      vertex -23.2322 1.76777 -72.5
      vertex -27.4064 12.2021 -72.5
      vertex -25 2.5 -72.5
    endloop
  endfacet
  facet normal -0 0 1
    outer loop
      vertex -29.3444 6.23735 -72.5
      vertex -25 2.5 -72.5
      vertex -27.4064 12.2021 -72.5
    endloop
  endfacet
  facet normal 0 0 1
    outer loop
      vertex -25 2.5 -72.5
      vertex -29.3444 6.23735 -72.5
      vertex -26.7678 1.76777 -72.5
    endloop
  endfacet
  facet normal 0 0 1
    outer loop
      vertex -30 0 -72.5
      vertex -26.7678 1.76777 -72.5
      vertex -29.3444 6.23735 -72.5
    endloop
  endfacet
  facet normal -0 0 1
    outer loop
      vertex 26.7678 1.76777 -72.5
      vertex 30 0 -72.5
      vertex 29.3444 6.23735 -72.5
    endloop
  endfacet
  facet normal 0 0 1
    outer loop
      vertex 26.7678 -1.76777 -72.5
      vertex 30 0 -72.5
      vertex 27.5 0 -72.5
    endloop
  endfacet
  facet normal 0 0 1
    outer loop
      vertex 25 2.5 -72.5
      vertex 29.3444 6.23735 -72.5
      vertex 27.4064 12.2021 -72.5
    endloop
  endfacet
  facet normal 0 0 1
    outer loop
      vertex 30 0 -72.5
      vertex 26.7678 1.76777 -72.5
      vertex 27.5 0 -72.5
    endloop
  endfacet
  facet normal 0 0 1
    outer loop
      vertex 29.3444 6.23735 -72.5
      vertex 25 2.5 -72.5
      vertex 26.7678 1.76777 -72.5
    endloop
  endfacet
  facet normal 0 0 1
    outer loop
      vertex 23.2322 1.76777 -72.5
      vertex 27.4064 12.2021 -72.5
      vertex 24.2705 17.6336 -72.5
    endloop
  endfacet
  facet normal 0 0 1
    outer loop
      vertex 27.4064 12.2021 -72.5
      vertex 23.2322 1.76777 -72.5
      vertex 25 2.5 -72.5
    endloop
  endfacet
  facet normal 0 0 1
    outer loop
      vertex 20.0739 22.2943 -72.5
      vertex 14.2678 19.8829 -72.5
      vertex 24.2705 17.6336 -72.5
    endloop
  endfacet
  facet normal 0 0 1
    outer loop
      vertex 14.2678 19.8829 -72.5
      vertex 20.0739 22.2943 -72.5
      vertex 15 21.6506 -72.5
    endloop
  endfacet
  facet normal 0 0 1
    outer loop
      vertex 30 0 -72.5
      vertex 26.7678 -1.76777 -72.5
      vertex 29.3444 -6.23735 -72.5
    endloop
  endfacet
  facet normal -0 0 1
    outer loop
      vertex 25 -2.5 -72.5
      vertex 29.3444 -6.23735 -72.5
      vertex 26.7678 -1.76777 -72.5
    endloop
  endfacet
  facet normal 0 0 1
    outer loop
      vertex 29.3444 -6.23735 -72.5
      vertex 25 -2.5 -72.5
      vertex 27.4064 -12.2021 -72.5
    endloop
  endfacet
  facet normal 0 0 1
    outer loop
      vertex 23.2322 -1.76777 -72.5
      vertex 27.4064 -12.2021 -72.5
      vertex 25 -2.5 -72.5
    endloop
  endfacet
  facet normal 0 0 1
    outer loop
      vertex 27.4064 -12.2021 -72.5
      vertex 23.2322 -1.76777 -72.5
      vertex 24.2705 -17.6336 -72.5
    endloop
  endfacet
  facet normal 0 0 1
    outer loop
      vertex 15 -21.6506 -72.5
      vertex 23.2322 -1.76777 -72.5
      vertex 22.5 0 -72.5
    endloop
  endfacet
  facet normal 0 0 1
    outer loop
      vertex 24.2705 17.6336 -72.5
      vertex 14.2678 19.8829 -72.5
      vertex 23.2322 1.76777 -72.5
    endloop
  endfacet
  facet normal -0 0 1
    outer loop
      vertex 9.13545 4.06737 -72.5
      vertex 23.2322 1.76777 -72.5
      vertex 14.2678 19.8829 -72.5
    endloop
  endfacet
  facet normal -0 0 1
    outer loop
      vertex 14.2678 23.4184 -72.5
      vertex 20.0739 22.2943 -72.5
      vertex 15 25.9808 -72.5
    endloop
  endfacet
  facet normal 0 0 1
    outer loop
      vertex 23.2322 -1.76777 -72.5
      vertex 15 -21.6506 -72.5
      vertex 24.2705 -17.6336 -72.5
    endloop
  endfacet
  facet normal 0 0 1
    outer loop
      vertex 24.2705 -17.6336 -72.5
      vertex 15 -21.6506 -72.5
      vertex 20.0739 -22.2943 -72.5
    endloop
  endfacet
  facet normal 0 0 1
    outer loop
      vertex 14.2678 -23.4184 -72.5
      vertex 20.0739 -22.2943 -72.5
      vertex 15 -21.6506 -72.5
    endloop
  endfacet
  facet normal 0 0 1
    outer loop
      vertex 20.0739 -22.2943 -72.5
      vertex 14.2678 -23.4184 -72.5
      vertex 15 -25.9808 -72.5
    endloop
  endfacet
  facet normal -0 0 1
    outer loop
      vertex 12.5 -24.1506 -72.5
      vertex 15 -25.9808 -72.5
      vertex 14.2678 -23.4184 -72.5
    endloop
  endfacet
  facet normal 0 0 1
    outer loop
      vertex 9.27051 -28.5317 -72.5
      vertex 12.5 -24.1506 -72.5
      vertex 10.7322 -23.4184 -72.5
    endloop
  endfacet
  facet normal 0 0 1
    outer loop
      vertex 12.5 -24.1506 -72.5
      vertex 9.27051 -28.5317 -72.5
      vertex 15 -25.9808 -72.5
    endloop
  endfacet
  facet normal 0 0 1
    outer loop
      vertex 10 -21.6506 -72.5
      vertex 9.27051 -28.5317 -72.5
      vertex 10.7322 -23.4184 -72.5
    endloop
  endfacet
  facet normal -0 0 1
    outer loop
      vertex 6.69131 -7.43145 -72.5
      vertex 12.5 -19.1506 -72.5
      vertex 8.09017 -5.87785 -72.5
    endloop
  endfacet
  facet normal -0 0 1
    outer loop
      vertex 5 -8.66025 -72.5
      vertex 12.5 -19.1506 -72.5
      vertex 6.69131 -7.43145 -72.5
    endloop
  endfacet
  facet normal 0 0 1
    outer loop
      vertex 12.5 -19.1506 -72.5
      vertex 5 -8.66025 -72.5
      vertex 10.7322 -19.8829 -72.5
    endloop
  endfacet
  facet normal -0 0 1
    outer loop
      vertex 3.09017 -9.51056 -72.5
      vertex 10.7322 -19.8829 -72.5
      vertex 5 -8.66025 -72.5
    endloop
  endfacet
  facet normal -0 0 1
    outer loop
      vertex 1.04528 -9.94522 -72.5
      vertex 10.7322 -19.8829 -72.5
      vertex 3.09017 -9.51056 -72.5
    endloop
  endfacet
  facet normal 0 0 1
    outer loop
      vertex 10.7322 -19.8829 -72.5
      vertex 1.04528 -9.94522 -72.5
      vertex 10 -21.6506 -72.5
    endloop
  endfacet
  facet normal 0 0 1
    outer loop
      vertex 10 -21.6506 -72.5
      vertex 3.13585 -29.8357 -72.5
      vertex 9.27051 -28.5317 -72.5
    endloop
  endfacet
  facet normal -0 0 1
    outer loop
      vertex -1.04528 -9.94522 -72.5
      vertex 10 -21.6506 -72.5
      vertex 1.04528 -9.94522 -72.5
    endloop
  endfacet
  facet normal 0 0 1
    outer loop
      vertex -10 -21.6506 -72.5
      vertex 10 -21.6506 -72.5
      vertex -1.04528 -9.94522 -72.5
    endloop
  endfacet
  facet normal 0 0 1
    outer loop
      vertex -10 -21.6506 -72.5
      vertex -1.04528 -9.94522 -72.5
      vertex -3.09017 -9.51056 -72.5
    endloop
  endfacet
  facet normal 0 0 1
    outer loop
      vertex 10 -21.6506 -72.5
      vertex -10 -21.6506 -72.5
      vertex 3.13585 -29.8357 -72.5
    endloop
  endfacet
  facet normal 0 0 1
    outer loop
      vertex -10 -21.6506 -72.5
      vertex -3.09017 -9.51056 -72.5
      vertex -5 -8.66025 -72.5
    endloop
  endfacet
  facet normal 0 0 1
    outer loop
      vertex -10 -21.6506 -72.5
      vertex -5 -8.66025 -72.5
      vertex -6.69131 -7.43145 -72.5
    endloop
  endfacet
  facet normal 0 0 1
    outer loop
      vertex -10 -21.6506 -72.5
      vertex -6.69131 -7.43145 -72.5
      vertex -8.09017 -5.87785 -72.5
    endloop
  endfacet
  facet normal 0 0 1
    outer loop
      vertex -10 -21.6506 -72.5
      vertex -8.09017 -5.87785 -72.5
      vertex -9.13545 -4.06737 -72.5
    endloop
  endfacet
  facet normal 0 0 1
    outer loop
      vertex 3.13585 -29.8357 -72.5
      vertex -10 -21.6506 -72.5
      vertex -3.13585 -29.8357 -72.5
    endloop
  endfacet
  facet normal 0 0 1
    outer loop
      vertex -10 -21.6506 -72.5
      vertex -9.13545 -4.06737 -72.5
      vertex -9.78148 -2.07912 -72.5
    endloop
  endfacet
  facet normal 0 0 1
    outer loop
      vertex -10 -21.6506 -72.5
      vertex -9.78148 -2.07912 -72.5
      vertex -10 0 -72.5
    endloop
  endfacet
  facet normal 0 0 1
    outer loop
      vertex -3.13585 -29.8357 -72.5
      vertex -10 -21.6506 -72.5
      vertex -9.27051 -28.5317 -72.5
    endloop
  endfacet
  facet normal -0 0 1
    outer loop
      vertex -10.7322 -23.4184 -72.5
      vertex -9.27051 -28.5317 -72.5
      vertex -10 -21.6506 -72.5
    endloop
  endfacet
  facet normal -0 0 1
    outer loop
      vertex -12.5 -24.1506 -72.5
      vertex -9.27051 -28.5317 -72.5
      vertex -10.7322 -23.4184 -72.5
    endloop
  endfacet
  facet normal 0 0 1
    outer loop
      vertex -15 -25.9808 -72.5
      vertex -12.5 -24.1506 -72.5
      vertex -14.2678 -23.4184 -72.5
    endloop
  endfacet
  facet normal 0 0 1
    outer loop
      vertex -12.5 -24.1506 -72.5
      vertex -15 -25.9808 -72.5
      vertex -9.27051 -28.5317 -72.5
    endloop
  endfacet
  facet normal 0 0 1
    outer loop
      vertex -15 -25.9808 -72.5
      vertex -14.2678 -23.4184 -72.5
      vertex -15 -21.6506 -72.5
    endloop
  endfacet
  facet normal -0.207917 -0.978146 0
    outer loop
      vertex -9.27051 -28.5317 -75.5
      vertex -3.13585 -29.8357 -72.5
      vertex -9.27051 -28.5317 -72.5
    endloop
  endfacet
  facet normal -0.207917 -0.978146 -0
    outer loop
      vertex -3.13585 -29.8357 -72.5
      vertex -9.27051 -28.5317 -75.5
      vertex -3.13585 -29.8357 -75.5
    endloop
  endfacet
  facet normal 0.207917 0.978146 -0
    outer loop
      vertex 9.27051 28.5317 -75.5
      vertex 3.13585 29.8357 -72.5
      vertex 9.27051 28.5317 -72.5
    endloop
  endfacet
  facet normal 0.207917 0.978146 0
    outer loop
      vertex 3.13585 29.8357 -72.5
      vertex 9.27051 28.5317 -75.5
      vertex 3.13585 29.8357 -75.5
    endloop
  endfacet
  facet normal -0.994521 -0.104533 0
    outer loop
      vertex -29.3444 -6.23735 -75.5
      vertex -30 0 -72.5
      vertex -30 0 -75.5
    endloop
  endfacet
  facet normal -0.994521 -0.104533 0
    outer loop
      vertex -30 0 -72.5
      vertex -29.3444 -6.23735 -75.5
      vertex -29.3444 -6.23735 -72.5
    endloop
  endfacet
  facet normal -0.994521 0.104533 0
    outer loop
      vertex -30 0 -75.5
      vertex -29.3444 6.23735 -72.5
      vertex -29.3444 6.23735 -75.5
    endloop
  endfacet
  facet normal -0.994521 0.104533 0
    outer loop
      vertex -29.3444 6.23735 -72.5
      vertex -30 0 -75.5
      vertex -30 0 -72.5
    endloop
  endfacet
  facet normal -0.866024 -0.500003 0
    outer loop
      vertex -24.2705 -17.6336 -75.5
      vertex -27.4064 -12.2021 -72.5
      vertex -27.4064 -12.2021 -75.5
    endloop
  endfacet
  facet normal -0.866024 -0.500003 0
    outer loop
      vertex -27.4064 -12.2021 -72.5
      vertex -24.2705 -17.6336 -75.5
      vertex -24.2705 -17.6336 -72.5
    endloop
  endfacet
  facet normal -0.866024 0.500003 0
    outer loop
      vertex -27.4064 12.2021 -75.5
      vertex -24.2705 17.6336 -72.5
      vertex -24.2705 17.6336 -75.5
    endloop
  endfacet
  facet normal -0.866024 0.500003 0
    outer loop
      vertex -24.2705 17.6336 -72.5
      vertex -27.4064 12.2021 -75.5
      vertex -27.4064 12.2021 -72.5
    endloop
  endfacet
  facet normal 0.866024 -0.500003 0
    outer loop
      vertex 24.2705 -17.6336 -72.5
      vertex 27.4064 -12.2021 -75.5
      vertex 27.4064 -12.2021 -72.5
    endloop
  endfacet
  facet normal 0.866024 -0.500003 0
    outer loop
      vertex 27.4064 -12.2021 -75.5
      vertex 24.2705 -17.6336 -72.5
      vertex 24.2705 -17.6336 -75.5
    endloop
  endfacet
  facet normal 0.587795 0.80901 -0
    outer loop
      vertex 20.0739 22.2943 -75.5
      vertex 15 25.9808 -72.5
      vertex 20.0739 22.2943 -72.5
    endloop
  endfacet
  facet normal 0.587795 0.80901 0
    outer loop
      vertex 15 25.9808 -72.5
      vertex 20.0739 22.2943 -75.5
      vertex 15 25.9808 -75.5
    endloop
  endfacet
  facet normal -0.587795 0.80901 0
    outer loop
      vertex -15 25.9808 -75.5
      vertex -20.0739 22.2943 -72.5
      vertex -15 25.9808 -72.5
    endloop
  endfacet
  facet normal -0.587795 0.80901 0
    outer loop
      vertex -20.0739 22.2943 -72.5
      vertex -15 25.9808 -75.5
      vertex -20.0739 22.2943 -75.5
    endloop
  endfacet
  facet normal -0.207917 0.978146 0
    outer loop
      vertex -3.13585 29.8357 -75.5
      vertex -9.27051 28.5317 -72.5
      vertex -3.13585 29.8357 -72.5
    endloop
  endfacet
  facet normal -0.207917 0.978146 0
    outer loop
      vertex -9.27051 28.5317 -72.5
      vertex -3.13585 29.8357 -75.5
      vertex -9.27051 28.5317 -75.5
    endloop
  endfacet
  facet normal 0 -1 0
    outer loop
      vertex -3.13585 -29.8357 -75.5
      vertex 3.13585 -29.8357 -72.5
      vertex -3.13585 -29.8357 -72.5
    endloop
  endfacet
  facet normal 0 -1 -0
    outer loop
      vertex 3.13585 -29.8357 -72.5
      vertex -3.13585 -29.8357 -75.5
      vertex 3.13585 -29.8357 -75.5
    endloop
  endfacet
  facet normal -0.207912 -0.978148 0
    outer loop
      vertex -8.49797 -26.1541 -78.5
      vertex -2.87453 -27.3494 -75.5
      vertex -8.49797 -26.1541 -75.5
    endloop
  endfacet
  facet normal -0.207912 -0.978148 -0
    outer loop
      vertex -2.87453 -27.3494 -75.5
      vertex -8.49797 -26.1541 -78.5
      vertex -2.87453 -27.3494 -78.5
    endloop
  endfacet
  facet normal 0.951055 0.309021 0
    outer loop
      vertex 26.8991 5.71757 -75.5
      vertex 25.1225 11.1853 -78.5
      vertex 25.1225 11.1853 -75.5
    endloop
  endfacet
  facet normal 0.951055 0.309021 0
    outer loop
      vertex 25.1225 11.1853 -78.5
      vertex 26.8991 5.71757 -75.5
      vertex 26.8991 5.71757 -78.5
    endloop
  endfacet
  facet normal 0.994523 0.104521 0
    outer loop
      vertex 27.5 0 -75.5
      vertex 26.8991 5.71757 -78.5
      vertex 26.8991 5.71757 -75.5
    endloop
  endfacet
  facet normal 0.994523 0.104521 0
    outer loop
      vertex 26.8991 5.71757 -78.5
      vertex 27.5 0 -75.5
      vertex 27.5 0 -78.5
    endloop
  endfacet
  facet normal 0.866026 0.499998 0
    outer loop
      vertex 25.1225 11.1853 -75.5
      vertex 22.248 16.1641 -78.5
      vertex 22.248 16.1641 -75.5
    endloop
  endfacet
  facet normal 0.866026 0.499998 0
    outer loop
      vertex 22.248 16.1641 -78.5
      vertex 25.1225 11.1853 -75.5
      vertex 25.1225 11.1853 -78.5
    endloop
  endfacet
  facet normal 0.994523 -0.104521 0
    outer loop
      vertex 26.8991 -5.71757 -75.5
      vertex 27.5 0 -78.5
      vertex 27.5 0 -75.5
    endloop
  endfacet
  facet normal 0.994523 -0.104521 0
    outer loop
      vertex 27.5 0 -78.5
      vertex 26.8991 -5.71757 -75.5
      vertex 26.8991 -5.71757 -78.5
    endloop
  endfacet
  facet normal 0.743144 0.669132 0
    outer loop
      vertex 22.248 16.1641 -75.5
      vertex 18.4011 20.4365 -78.5
      vertex 18.4011 20.4365 -75.5
    endloop
  endfacet
  facet normal 0.743144 0.669132 0
    outer loop
      vertex 18.4011 20.4365 -78.5
      vertex 22.248 16.1641 -75.5
      vertex 22.248 16.1641 -78.5
    endloop
  endfacet
  facet normal -0.951055 -0.309021 0
    outer loop
      vertex -25.1225 -11.1853 -78.5
      vertex -26.8991 -5.71757 -75.5
      vertex -26.8991 -5.71757 -78.5
    endloop
  endfacet
  facet normal -0.951055 -0.309021 0
    outer loop
      vertex -26.8991 -5.71757 -75.5
      vertex -25.1225 -11.1853 -78.5
      vertex -25.1225 -11.1853 -75.5
    endloop
  endfacet
  facet normal -0.743144 0.669132 0
    outer loop
      vertex -22.248 16.1641 -78.5
      vertex -18.4011 20.4365 -75.5
      vertex -18.4011 20.4365 -78.5
    endloop
  endfacet
  facet normal -0.743144 0.669132 0
    outer loop
      vertex -18.4011 20.4365 -75.5
      vertex -22.248 16.1641 -78.5
      vertex -22.248 16.1641 -75.5
    endloop
  endfacet
  facet normal -0.951055 0.309021 0
    outer loop
      vertex -26.8991 5.71757 -78.5
      vertex -25.1225 11.1853 -75.5
      vertex -25.1225 11.1853 -78.5
    endloop
  endfacet
  facet normal -0.951055 0.309021 0
    outer loop
      vertex -25.1225 11.1853 -75.5
      vertex -26.8991 5.71757 -78.5
      vertex -26.8991 5.71757 -75.5
    endloop
  endfacet
  facet normal 0.587783 -0.809019 0
    outer loop
      vertex 13.75 -23.8157 -78.5
      vertex 18.4011 -20.4365 -75.5
      vertex 13.75 -23.8157 -75.5
    endloop
  endfacet
  facet normal 0.587783 -0.809019 0
    outer loop
      vertex 18.4011 -20.4365 -75.5
      vertex 13.75 -23.8157 -78.5
      vertex 18.4011 -20.4365 -78.5
    endloop
  endfacet
  facet normal -0.587783 -0.809019 0
    outer loop
      vertex -18.4011 -20.4365 -78.5
      vertex -13.75 -23.8157 -75.5
      vertex -18.4011 -20.4365 -75.5
    endloop
  endfacet
  facet normal -0.587783 -0.809019 -0
    outer loop
      vertex -13.75 -23.8157 -75.5
      vertex -18.4011 -20.4365 -78.5
      vertex -13.75 -23.8157 -78.5
    endloop
  endfacet
  facet normal -0.587783 0.809019 0
    outer loop
      vertex -13.75 23.8157 -78.5
      vertex -18.4011 20.4365 -75.5
      vertex -13.75 23.8157 -75.5
    endloop
  endfacet
  facet normal -0.587783 0.809019 0
    outer loop
      vertex -18.4011 20.4365 -75.5
      vertex -13.75 23.8157 -78.5
      vertex -18.4011 20.4365 -78.5
    endloop
  endfacet
  facet normal -0.866026 0.499998 0
    outer loop
      vertex -25.1225 11.1853 -78.5
      vertex -22.248 16.1641 -75.5
      vertex -22.248 16.1641 -78.5
    endloop
  endfacet
  facet normal -0.866026 0.499998 0
    outer loop
      vertex -22.248 16.1641 -75.5
      vertex -25.1225 11.1853 -78.5
      vertex -25.1225 11.1853 -75.5
    endloop
  endfacet
  facet normal -0.406743 0.913543 0
    outer loop
      vertex -8.49797 26.1541 -78.5
      vertex -13.75 23.8157 -75.5
      vertex -8.49797 26.1541 -75.5
    endloop
  endfacet
  facet normal -0.406743 0.913543 0
    outer loop
      vertex -13.75 23.8157 -75.5
      vertex -8.49797 26.1541 -78.5
      vertex -13.75 23.8157 -78.5
    endloop
  endfacet
  facet normal -0.406743 -0.913543 0
    outer loop
      vertex -13.75 -23.8157 -78.5
      vertex -8.49797 -26.1541 -75.5
      vertex -13.75 -23.8157 -75.5
    endloop
  endfacet
  facet normal -0.406743 -0.913543 -0
    outer loop
      vertex -8.49797 -26.1541 -75.5
      vertex -13.75 -23.8157 -78.5
      vertex -8.49797 -26.1541 -78.5
    endloop
  endfacet
  facet normal -0.207912 0.978148 0
    outer loop
      vertex -2.87453 27.3494 -78.5
      vertex -8.49797 26.1541 -75.5
      vertex -2.87453 27.3494 -75.5
    endloop
  endfacet
  facet normal -0.207912 0.978148 0
    outer loop
      vertex -8.49797 26.1541 -75.5
      vertex -2.87453 27.3494 -78.5
      vertex -8.49797 26.1541 -78.5
    endloop
  endfacet
  facet normal 0.866026 -0.499998 0
    outer loop
      vertex 22.248 -16.1641 -75.5
      vertex 25.1225 -11.1853 -78.5
      vertex 25.1225 -11.1853 -75.5
    endloop
  endfacet
  facet normal 0.866026 -0.499998 0
    outer loop
      vertex 25.1225 -11.1853 -78.5
      vertex 22.248 -16.1641 -75.5
      vertex 22.248 -16.1641 -78.5
    endloop
  endfacet
  facet normal 0.743144 -0.669132 0
    outer loop
      vertex 18.4011 -20.4365 -75.5
      vertex 22.248 -16.1641 -78.5
      vertex 22.248 -16.1641 -75.5
    endloop
  endfacet
  facet normal 0.743144 -0.669132 0
    outer loop
      vertex 22.248 -16.1641 -78.5
      vertex 18.4011 -20.4365 -75.5
      vertex 18.4011 -20.4365 -78.5
    endloop
  endfacet
  facet normal 0.207912 -0.978148 0
    outer loop
      vertex 2.87453 -27.3494 -78.5
      vertex 8.49797 -26.1541 -75.5
      vertex 2.87453 -27.3494 -75.5
    endloop
  endfacet
  facet normal 0.207912 -0.978148 0
    outer loop
      vertex 8.49797 -26.1541 -75.5
      vertex 2.87453 -27.3494 -78.5
      vertex 8.49797 -26.1541 -78.5
    endloop
  endfacet
  facet normal 0 1 -0
    outer loop
      vertex 2.87453 27.3494 -78.5
      vertex -2.87453 27.3494 -75.5
      vertex 2.87453 27.3494 -75.5
    endloop
  endfacet
  facet normal 0 1 0
    outer loop
      vertex -2.87453 27.3494 -75.5
      vertex 2.87453 27.3494 -78.5
      vertex -2.87453 27.3494 -78.5
    endloop
  endfacet
  facet normal 0.951055 -0.309021 0
    outer loop
      vertex 25.1225 -11.1853 -75.5
      vertex 26.8991 -5.71757 -78.5
      vertex 26.8991 -5.71757 -75.5
    endloop
  endfacet
  facet normal 0.951055 -0.309021 0
    outer loop
      vertex 26.8991 -5.71757 -78.5
      vertex 25.1225 -11.1853 -75.5
      vertex 25.1225 -11.1853 -78.5
    endloop
  endfacet
  facet normal 0.587783 0.809019 -0
    outer loop
      vertex 18.4011 20.4365 -78.5
      vertex 13.75 23.8157 -75.5
      vertex 18.4011 20.4365 -75.5
    endloop
  endfacet
  facet normal 0.587783 0.809019 0
    outer loop
      vertex 13.75 23.8157 -75.5
      vertex 18.4011 20.4365 -78.5
      vertex 13.75 23.8157 -78.5
    endloop
  endfacet
  facet normal -0.994523 0.104521 0
    outer loop
      vertex -27.5 0 -78.5
      vertex -26.8991 5.71757 -75.5
      vertex -26.8991 5.71757 -78.5
    endloop
  endfacet
  facet normal -0.994523 0.104521 0
    outer loop
      vertex -26.8991 5.71757 -75.5
      vertex -27.5 0 -78.5
      vertex -27.5 0 -75.5
    endloop
  endfacet
  facet normal -0.866026 -0.499998 0
    outer loop
      vertex -22.248 -16.1641 -78.5
      vertex -25.1225 -11.1853 -75.5
      vertex -25.1225 -11.1853 -78.5
    endloop
  endfacet
  facet normal -0.866026 -0.499998 0
    outer loop
      vertex -25.1225 -11.1853 -75.5
      vertex -22.248 -16.1641 -78.5
      vertex -22.248 -16.1641 -75.5
    endloop
  endfacet
  facet normal 0.406743 0.913543 -0
    outer loop
      vertex 13.75 23.8157 -78.5
      vertex 8.49797 26.1541 -75.5
      vertex 13.75 23.8157 -75.5
    endloop
  endfacet
  facet normal 0.406743 0.913543 0
    outer loop
      vertex 8.49797 26.1541 -75.5
      vertex 13.75 23.8157 -78.5
      vertex 8.49797 26.1541 -78.5
    endloop
  endfacet
  facet normal 0 -1 0
    outer loop
      vertex -2.87453 -27.3494 -78.5
      vertex 2.87453 -27.3494 -75.5
      vertex -2.87453 -27.3494 -75.5
    endloop
  endfacet
  facet normal 0 -1 -0
    outer loop
      vertex 2.87453 -27.3494 -75.5
      vertex -2.87453 -27.3494 -78.5
      vertex 2.87453 -27.3494 -78.5
    endloop
  endfacet
  facet normal -0.994523 -0.104521 0
    outer loop
      vertex -26.8991 -5.71757 -78.5
      vertex -27.5 0 -75.5
      vertex -27.5 0 -78.5
    endloop
  endfacet
  facet normal -0.994523 -0.104521 0
    outer loop
      vertex -27.5 0 -75.5
      vertex -26.8991 -5.71757 -78.5
      vertex -26.8991 -5.71757 -75.5
    endloop
  endfacet
  facet normal 0.406743 -0.913543 0
    outer loop
      vertex 8.49797 -26.1541 -78.5
      vertex 13.75 -23.8157 -75.5
      vertex 8.49797 -26.1541 -75.5
    endloop
  endfacet
  facet normal 0.406743 -0.913543 0
    outer loop
      vertex 13.75 -23.8157 -75.5
      vertex 8.49797 -26.1541 -78.5
      vertex 13.75 -23.8157 -78.5
    endloop
  endfacet
  facet normal -0.743144 -0.669132 0
    outer loop
      vertex -18.4011 -20.4365 -78.5
      vertex -22.248 -16.1641 -75.5
      vertex -22.248 -16.1641 -78.5
    endloop
  endfacet
  facet normal -0.743144 -0.669132 0
    outer loop
      vertex -22.248 -16.1641 -75.5
      vertex -18.4011 -20.4365 -78.5
      vertex -18.4011 -20.4365 -75.5
    endloop
  endfacet
  facet normal 0.207912 0.978148 -0
    outer loop
      vertex 8.49797 26.1541 -78.5
      vertex 2.87453 27.3494 -75.5
      vertex 8.49797 26.1541 -75.5
    endloop
  endfacet
  facet normal 0.207912 0.978148 0
    outer loop
      vertex 2.87453 27.3494 -75.5
      vertex 8.49797 26.1541 -78.5
      vertex 2.87453 27.3494 -78.5
    endloop
  endfacet
  facet normal 0 0 1
    outer loop
      vertex 27.5 0 -78.5
      vertex 30 0 -78.5
      vertex 29.3444 6.23735 -78.5
    endloop
  endfacet
  facet normal 0 0 1
    outer loop
      vertex 30 0 -78.5
      vertex 27.5 0 -78.5
      vertex 29.3444 -6.23735 -78.5
    endloop
  endfacet
  facet normal 0 0 1
    outer loop
      vertex 26.8991 5.71757 -78.5
      vertex 29.3444 6.23735 -78.5
      vertex 27.4064 12.2021 -78.5
    endloop
  endfacet
  facet normal 0 0 1
    outer loop
      vertex 29.3444 6.23735 -78.5
      vertex 26.8991 5.71757 -78.5
      vertex 27.5 0 -78.5
    endloop
  endfacet
  facet normal 0 0 1
    outer loop
      vertex 27.4064 12.2021 -78.5
      vertex 25.1225 11.1853 -78.5
      vertex 26.8991 5.71757 -78.5
    endloop
  endfacet
  facet normal 0 0 1
    outer loop
      vertex 24.2705 17.6336 -78.5
      vertex 25.1225 11.1853 -78.5
      vertex 27.4064 12.2021 -78.5
    endloop
  endfacet
  facet normal 0 0 1
    outer loop
      vertex 24.2705 17.6336 -78.5
      vertex 22.248 16.1641 -78.5
      vertex 25.1225 11.1853 -78.5
    endloop
  endfacet
  facet normal 0 0 1
    outer loop
      vertex 20.0739 22.2943 -78.5
      vertex 22.248 16.1641 -78.5
      vertex 24.2705 17.6336 -78.5
    endloop
  endfacet
  facet normal 0 0 1
    outer loop
      vertex 20.0739 22.2943 -78.5
      vertex 18.4011 20.4365 -78.5
      vertex 22.248 16.1641 -78.5
    endloop
  endfacet
  facet normal 0 0 1
    outer loop
      vertex 15 25.9808 -78.5
      vertex 18.4011 20.4365 -78.5
      vertex 20.0739 22.2943 -78.5
    endloop
  endfacet
  facet normal 0 0 1
    outer loop
      vertex 15 25.9808 -78.5
      vertex 13.75 23.8157 -78.5
      vertex 18.4011 20.4365 -78.5
    endloop
  endfacet
  facet normal 0 0 1
    outer loop
      vertex 9.27051 28.5317 -78.5
      vertex 13.75 23.8157 -78.5
      vertex 15 25.9808 -78.5
    endloop
  endfacet
  facet normal 0 0 1
    outer loop
      vertex 9.27051 28.5317 -78.5
      vertex 8.49797 26.1541 -78.5
      vertex 13.75 23.8157 -78.5
    endloop
  endfacet
  facet normal 0 0 1
    outer loop
      vertex 3.13585 29.8357 -78.5
      vertex 8.49797 26.1541 -78.5
      vertex 9.27051 28.5317 -78.5
    endloop
  endfacet
  facet normal 0 0 1
    outer loop
      vertex 3.13585 29.8357 -78.5
      vertex 2.87453 27.3494 -78.5
      vertex 8.49797 26.1541 -78.5
    endloop
  endfacet
  facet normal 0 0 1
    outer loop
      vertex 3.13585 29.8357 -78.5
      vertex -2.87453 27.3494 -78.5
      vertex 2.87453 27.3494 -78.5
    endloop
  endfacet
  facet normal -0 0 1
    outer loop
      vertex -3.13585 29.8357 -78.5
      vertex -2.87453 27.3494 -78.5
      vertex 3.13585 29.8357 -78.5
    endloop
  endfacet
  facet normal 0 0 1
    outer loop
      vertex -3.13585 29.8357 -78.5
      vertex -8.49797 26.1541 -78.5
      vertex -2.87453 27.3494 -78.5
    endloop
  endfacet
  facet normal -0 0 1
    outer loop
      vertex -9.27051 28.5317 -78.5
      vertex -8.49797 26.1541 -78.5
      vertex -3.13585 29.8357 -78.5
    endloop
  endfacet
  facet normal 0 0 1
    outer loop
      vertex -9.27051 28.5317 -78.5
      vertex -13.75 23.8157 -78.5
      vertex -8.49797 26.1541 -78.5
    endloop
  endfacet
  facet normal -0 0 1
    outer loop
      vertex -15 25.9808 -78.5
      vertex -13.75 23.8157 -78.5
      vertex -9.27051 28.5317 -78.5
    endloop
  endfacet
  facet normal 0 0 1
    outer loop
      vertex -15 25.9808 -78.5
      vertex -18.4011 20.4365 -78.5
      vertex -13.75 23.8157 -78.5
    endloop
  endfacet
  facet normal -0 0 1
    outer loop
      vertex -20.0739 22.2943 -78.5
      vertex -18.4011 20.4365 -78.5
      vertex -15 25.9808 -78.5
    endloop
  endfacet
  facet normal 0 0 1
    outer loop
      vertex -20.0739 22.2943 -78.5
      vertex -22.248 16.1641 -78.5
      vertex -18.4011 20.4365 -78.5
    endloop
  endfacet
  facet normal -0 0 1
    outer loop
      vertex -24.2705 17.6336 -78.5
      vertex -22.248 16.1641 -78.5
      vertex -20.0739 22.2943 -78.5
    endloop
  endfacet
  facet normal 0 0 1
    outer loop
      vertex -24.2705 17.6336 -78.5
      vertex -25.1225 11.1853 -78.5
      vertex -22.248 16.1641 -78.5
    endloop
  endfacet
  facet normal -0 0 1
    outer loop
      vertex -27.4064 12.2021 -78.5
      vertex -25.1225 11.1853 -78.5
      vertex -24.2705 17.6336 -78.5
    endloop
  endfacet
  facet normal 0 0 1
    outer loop
      vertex -25.1225 11.1853 -78.5
      vertex -27.4064 12.2021 -78.5
      vertex -26.8991 5.71757 -78.5
    endloop
  endfacet
  facet normal -0 0 1
    outer loop
      vertex -29.3444 6.23735 -78.5
      vertex -26.8991 5.71757 -78.5
      vertex -27.4064 12.2021 -78.5
    endloop
  endfacet
  facet normal 0 0 1
    outer loop
      vertex -26.8991 5.71757 -78.5
      vertex -29.3444 6.23735 -78.5
      vertex -27.5 0 -78.5
    endloop
  endfacet
  facet normal -0 0 1
    outer loop
      vertex 26.8991 -5.71757 -78.5
      vertex 29.3444 -6.23735 -78.5
      vertex 27.5 0 -78.5
    endloop
  endfacet
  facet normal 0 0 1
    outer loop
      vertex 29.3444 -6.23735 -78.5
      vertex 26.8991 -5.71757 -78.5
      vertex 27.4064 -12.2021 -78.5
    endloop
  endfacet
  facet normal -0 0 1
    outer loop
      vertex 25.1225 -11.1853 -78.5
      vertex 27.4064 -12.2021 -78.5
      vertex 26.8991 -5.71757 -78.5
    endloop
  endfacet
  facet normal 0 0 1
    outer loop
      vertex 25.1225 -11.1853 -78.5
      vertex 24.2705 -17.6336 -78.5
      vertex 27.4064 -12.2021 -78.5
    endloop
  endfacet
  facet normal -0 0 1
    outer loop
      vertex 22.248 -16.1641 -78.5
      vertex 24.2705 -17.6336 -78.5
      vertex 25.1225 -11.1853 -78.5
    endloop
  endfacet
  facet normal 0 0 1
    outer loop
      vertex 22.248 -16.1641 -78.5
      vertex 20.0739 -22.2943 -78.5
      vertex 24.2705 -17.6336 -78.5
    endloop
  endfacet
  facet normal -0 0 1
    outer loop
      vertex 18.4011 -20.4365 -78.5
      vertex 20.0739 -22.2943 -78.5
      vertex 22.248 -16.1641 -78.5
    endloop
  endfacet
  facet normal 0 0 1
    outer loop
      vertex 18.4011 -20.4365 -78.5
      vertex 15 -25.9808 -78.5
      vertex 20.0739 -22.2943 -78.5
    endloop
  endfacet
  facet normal -0 0 1
    outer loop
      vertex 13.75 -23.8157 -78.5
      vertex 15 -25.9808 -78.5
      vertex 18.4011 -20.4365 -78.5
    endloop
  endfacet
  facet normal 0 0 1
    outer loop
      vertex 13.75 -23.8157 -78.5
      vertex 9.27051 -28.5317 -78.5
      vertex 15 -25.9808 -78.5
    endloop
  endfacet
  facet normal -0 0 1
    outer loop
      vertex 8.49797 -26.1541 -78.5
      vertex 9.27051 -28.5317 -78.5
      vertex 13.75 -23.8157 -78.5
    endloop
  endfacet
  facet normal 0 0 1
    outer loop
      vertex 8.49797 -26.1541 -78.5
      vertex 3.13585 -29.8357 -78.5
      vertex 9.27051 -28.5317 -78.5
    endloop
  endfacet
  facet normal -0 0 1
    outer loop
      vertex 2.87453 -27.3494 -78.5
      vertex 3.13585 -29.8357 -78.5
      vertex 8.49797 -26.1541 -78.5
    endloop
  endfacet
  facet normal -0 0 1
    outer loop
      vertex -2.87453 -27.3494 -78.5
      vertex 3.13585 -29.8357 -78.5
      vertex 2.87453 -27.3494 -78.5
    endloop
  endfacet
  facet normal 0 0 1
    outer loop
      vertex -2.87453 -27.3494 -78.5
      vertex -3.13585 -29.8357 -78.5
      vertex 3.13585 -29.8357 -78.5
    endloop
  endfacet
  facet normal 0 0 1
    outer loop
      vertex -8.49797 -26.1541 -78.5
      vertex -3.13585 -29.8357 -78.5
      vertex -2.87453 -27.3494 -78.5
    endloop
  endfacet
  facet normal 0 0 1
    outer loop
      vertex -8.49797 -26.1541 -78.5
      vertex -9.27051 -28.5317 -78.5
      vertex -3.13585 -29.8357 -78.5
    endloop
  endfacet
  facet normal 0 0 1
    outer loop
      vertex -13.75 -23.8157 -78.5
      vertex -9.27051 -28.5317 -78.5
      vertex -8.49797 -26.1541 -78.5
    endloop
  endfacet
  facet normal 0 0 1
    outer loop
      vertex -13.75 -23.8157 -78.5
      vertex -15 -25.9808 -78.5
      vertex -9.27051 -28.5317 -78.5
    endloop
  endfacet
  facet normal 0 0 1
    outer loop
      vertex -18.4011 -20.4365 -78.5
      vertex -15 -25.9808 -78.5
      vertex -13.75 -23.8157 -78.5
    endloop
  endfacet
  facet normal 0 0 1
    outer loop
      vertex -18.4011 -20.4365 -78.5
      vertex -20.0739 -22.2943 -78.5
      vertex -15 -25.9808 -78.5
    endloop
  endfacet
  facet normal 0 0 1
    outer loop
      vertex -22.248 -16.1641 -78.5
      vertex -20.0739 -22.2943 -78.5
      vertex -18.4011 -20.4365 -78.5
    endloop
  endfacet
  facet normal 0 0 1
    outer loop
      vertex -22.248 -16.1641 -78.5
      vertex -24.2705 -17.6336 -78.5
      vertex -20.0739 -22.2943 -78.5
    endloop
  endfacet
  facet normal 0 0 1
    outer loop
      vertex -25.1225 -11.1853 -78.5
      vertex -24.2705 -17.6336 -78.5
      vertex -22.248 -16.1641 -78.5
    endloop
  endfacet
  facet normal 0 0 1
    outer loop
      vertex -27.4064 -12.2021 -78.5
      vertex -25.1225 -11.1853 -78.5
      vertex -26.8991 -5.71757 -78.5
    endloop
  endfacet
  facet normal 0 0 1
    outer loop
      vertex -25.1225 -11.1853 -78.5
      vertex -27.4064 -12.2021 -78.5
      vertex -24.2705 -17.6336 -78.5
    endloop
  endfacet
  facet normal 0 0 1
    outer loop
      vertex -29.3444 -6.23735 -78.5
      vertex -26.8991 -5.71757 -78.5
      vertex -27.5 0 -78.5
    endloop
  endfacet
  facet normal 0 0 1
    outer loop
      vertex -30 0 -78.5
      vertex -27.5 0 -78.5
      vertex -29.3444 6.23735 -78.5
    endloop
  endfacet
  facet normal 0 0 1
    outer loop
      vertex -26.8991 -5.71757 -78.5
      vertex -29.3444 -6.23735 -78.5
      vertex -27.4064 -12.2021 -78.5
    endloop
  endfacet
  facet normal 0 0 1
    outer loop
      vertex -27.5 0 -78.5
      vertex -30 0 -78.5
      vertex -29.3444 -6.23735 -78.5
    endloop
  endfacet
  facet normal -0.743138 -0.669138 0
    outer loop
      vertex -20.0739 -22.2943 -81.5
      vertex -24.2705 -17.6336 -78.5
      vertex -24.2705 -17.6336 -81.5
    endloop
  endfacet
  facet normal -0.743138 -0.669138 0
    outer loop
      vertex -24.2705 -17.6336 -78.5
      vertex -20.0739 -22.2943 -81.5
      vertex -20.0739 -22.2943 -78.5
    endloop
  endfacet
  facet normal 0.95106 0.309008 0
    outer loop
      vertex 29.3444 6.23735 -78.5
      vertex 27.4064 12.2021 -81.5
      vertex 27.4064 12.2021 -78.5
    endloop
  endfacet
  facet normal 0.95106 0.309008 0
    outer loop
      vertex 27.4064 12.2021 -81.5
      vertex 29.3444 6.23735 -78.5
      vertex 29.3444 6.23735 -81.5
    endloop
  endfacet
  facet normal 0.994521 0.104533 0
    outer loop
      vertex 30 0 -78.5
      vertex 29.3444 6.23735 -81.5
      vertex 29.3444 6.23735 -78.5
    endloop
  endfacet
  facet normal 0.994521 0.104533 0
    outer loop
      vertex 29.3444 6.23735 -81.5
      vertex 30 0 -78.5
      vertex 30 0 -81.5
    endloop
  endfacet
  facet normal 0.866024 0.500003 0
    outer loop
      vertex 27.4064 12.2021 -78.5
      vertex 24.2705 17.6336 -81.5
      vertex 24.2705 17.6336 -78.5
    endloop
  endfacet
  facet normal 0.866024 0.500003 0
    outer loop
      vertex 24.2705 17.6336 -81.5
      vertex 27.4064 12.2021 -78.5
      vertex 27.4064 12.2021 -81.5
    endloop
  endfacet
  facet normal 0.95106 -0.309008 0
    outer loop
      vertex 27.4064 -12.2021 -78.5
      vertex 29.3444 -6.23735 -81.5
      vertex 29.3444 -6.23735 -78.5
    endloop
  endfacet
  facet normal 0.95106 -0.309008 0
    outer loop
      vertex 29.3444 -6.23735 -81.5
      vertex 27.4064 -12.2021 -78.5
      vertex 27.4064 -12.2021 -81.5
    endloop
  endfacet
  facet normal 0.587795 -0.80901 0
    outer loop
      vertex 15 -25.9808 -81.5
      vertex 20.0739 -22.2943 -78.5
      vertex 15 -25.9808 -78.5
    endloop
  endfacet
  facet normal 0.587795 -0.80901 0
    outer loop
      vertex 20.0739 -22.2943 -78.5
      vertex 15 -25.9808 -81.5
      vertex 20.0739 -22.2943 -81.5
    endloop
  endfacet
  facet normal 0.743138 -0.669138 0
    outer loop
      vertex 20.0739 -22.2943 -78.5
      vertex 24.2705 -17.6336 -81.5
      vertex 24.2705 -17.6336 -78.5
    endloop
  endfacet
  facet normal 0.743138 -0.669138 0
    outer loop
      vertex 24.2705 -17.6336 -81.5
      vertex 20.0739 -22.2943 -78.5
      vertex 20.0739 -22.2943 -81.5
    endloop
  endfacet
  facet normal 0.994521 -0.104533 0
    outer loop
      vertex 29.3444 -6.23735 -78.5
      vertex 30 0 -81.5
      vertex 30 0 -78.5
    endloop
  endfacet
  facet normal 0.994521 -0.104533 0
    outer loop
      vertex 30 0 -81.5
      vertex 29.3444 -6.23735 -78.5
      vertex 29.3444 -6.23735 -81.5
    endloop
  endfacet
  facet normal -0.406732 -0.913547 0
    outer loop
      vertex -15 -25.9808 -81.5
      vertex -9.27051 -28.5317 -78.5
      vertex -15 -25.9808 -78.5
    endloop
  endfacet
  facet normal -0.406732 -0.913547 -0
    outer loop
      vertex -9.27051 -28.5317 -78.5
      vertex -15 -25.9808 -81.5
      vertex -9.27051 -28.5317 -81.5
    endloop
  endfacet
  facet normal 0.406732 0.913547 -0
    outer loop
      vertex 15 25.9808 -81.5
      vertex 9.27051 28.5317 -78.5
      vertex 15 25.9808 -78.5
    endloop
  endfacet
  facet normal 0.406732 0.913547 0
    outer loop
      vertex 9.27051 28.5317 -78.5
      vertex 15 25.9808 -81.5
      vertex 9.27051 28.5317 -81.5
    endloop
  endfacet
  facet normal 0.743138 0.669138 0
    outer loop
      vertex 24.2705 17.6336 -78.5
      vertex 20.0739 22.2943 -81.5
      vertex 20.0739 22.2943 -78.5
    endloop
  endfacet
  facet normal 0.743138 0.669138 0
    outer loop
      vertex 20.0739 22.2943 -81.5
      vertex 24.2705 17.6336 -78.5
      vertex 24.2705 17.6336 -81.5
    endloop
  endfacet
  facet normal -0.587795 -0.80901 0
    outer loop
      vertex -20.0739 -22.2943 -81.5
      vertex -15 -25.9808 -78.5
      vertex -20.0739 -22.2943 -78.5
    endloop
  endfacet
  facet normal -0.587795 -0.80901 -0
    outer loop
      vertex -15 -25.9808 -78.5
      vertex -20.0739 -22.2943 -81.5
      vertex -15 -25.9808 -81.5
    endloop
  endfacet
  facet normal -0.743138 0.669138 0
    outer loop
      vertex -24.2705 17.6336 -81.5
      vertex -20.0739 22.2943 -78.5
      vertex -20.0739 22.2943 -81.5
    endloop
  endfacet
  facet normal -0.743138 0.669138 0
    outer loop
      vertex -20.0739 22.2943 -78.5
      vertex -24.2705 17.6336 -81.5
      vertex -24.2705 17.6336 -78.5
    endloop
  endfacet
  facet normal 0 1 -0
    outer loop
      vertex 3.13585 29.8357 -81.5
      vertex -3.13585 29.8357 -78.5
      vertex 3.13585 29.8357 -78.5
    endloop
  endfacet
  facet normal 0 1 0
    outer loop
      vertex -3.13585 29.8357 -78.5
      vertex 3.13585 29.8357 -81.5
      vertex -3.13585 29.8357 -81.5
    endloop
  endfacet
  facet normal 0.406732 -0.913547 0
    outer loop
      vertex 9.27051 -28.5317 -81.5
      vertex 15 -25.9808 -78.5
      vertex 9.27051 -28.5317 -78.5
    endloop
  endfacet
  facet normal 0.406732 -0.913547 0
    outer loop
      vertex 15 -25.9808 -78.5
      vertex 9.27051 -28.5317 -81.5
      vertex 15 -25.9808 -81.5
    endloop
  endfacet
  facet normal 0.207917 -0.978146 0
    outer loop
      vertex 3.13585 -29.8357 -81.5
      vertex 9.27051 -28.5317 -78.5
      vertex 3.13585 -29.8357 -78.5
    endloop
  endfacet
  facet normal 0.207917 -0.978146 0
    outer loop
      vertex 9.27051 -28.5317 -78.5
      vertex 3.13585 -29.8357 -81.5
      vertex 9.27051 -28.5317 -81.5
    endloop
  endfacet
  facet normal -0.95106 0.309008 0
    outer loop
      vertex -29.3444 6.23735 -81.5
      vertex -27.4064 12.2021 -78.5
      vertex -27.4064 12.2021 -81.5
    endloop
  endfacet
  facet normal -0.95106 0.309008 0
    outer loop
      vertex -27.4064 12.2021 -78.5
      vertex -29.3444 6.23735 -81.5
      vertex -29.3444 6.23735 -78.5
    endloop
  endfacet
  facet normal 0 0 -1
    outer loop
      vertex -16.7283 18.5786 -81.5
      vertex -15 21.6506 -81.5
      vertex -14.4217 20.2545 -81.5
    endloop
  endfacet
  facet normal 0 0 -1
    outer loop
      vertex -20.0739 22.2943 -81.5
      vertex -15 21.6506 -81.5
      vertex -16.7283 18.5786 -81.5
    endloop
  endfacet
  facet normal 0 0 -1
    outer loop
      vertex -15 21.6506 -81.5
      vertex -20.0739 22.2943 -81.5
      vertex -15 25.9808 -81.5
    endloop
  endfacet
  facet normal 0 0 -1
    outer loop
      vertex -20.2254 14.6946 -81.5
      vertex -20.0739 22.2943 -81.5
      vertex -16.7283 18.5786 -81.5
    endloop
  endfacet
  facet normal 0 0 -1
    outer loop
      vertex -24.2705 17.6336 -81.5
      vertex -20.2254 14.6946 -81.5
      vertex -22.8386 10.1684 -81.5
    endloop
  endfacet
  facet normal 0 0 -1
    outer loop
      vertex -20.2254 14.6946 -81.5
      vertex -24.2705 17.6336 -81.5
      vertex -20.0739 22.2943 -81.5
    endloop
  endfacet
  facet normal 0 0 -1
    outer loop
      vertex -27.4064 12.2021 -81.5
      vertex -22.8386 10.1684 -81.5
      vertex -24.4537 5.19779 -81.5
    endloop
  endfacet
  facet normal 0 0 -1
    outer loop
      vertex -25 2.5 -81.5
      vertex -24.4537 5.19779 -81.5
      vertex -24.7482 2.3957 -81.5
    endloop
  endfacet
  facet normal 0 0 -1
    outer loop
      vertex -26.7678 1.76777 -81.5
      vertex -24.4537 5.19779 -81.5
      vertex -25 2.5 -81.5
    endloop
  endfacet
  facet normal -0 0 -1
    outer loop
      vertex -24.4537 5.19779 -81.5
      vertex -26.7678 1.76777 -81.5
      vertex -29.3444 6.23735 -81.5
    endloop
  endfacet
  facet normal 0 0 -1
    outer loop
      vertex -22.8386 10.1684 -81.5
      vertex -27.4064 12.2021 -81.5
      vertex -24.2705 17.6336 -81.5
    endloop
  endfacet
  facet normal 0 0 -1
    outer loop
      vertex -30 0 -81.5
      vertex -26.7678 1.76777 -81.5
      vertex -27.5 0 -81.5
    endloop
  endfacet
  facet normal 0 0 -1
    outer loop
      vertex -26.7678 -1.76777 -81.5
      vertex -30 0 -81.5
      vertex -27.5 0 -81.5
    endloop
  endfacet
  facet normal 0 0 -1
    outer loop
      vertex -24.4537 5.19779 -81.5
      vertex -29.3444 6.23735 -81.5
      vertex -27.4064 12.2021 -81.5
    endloop
  endfacet
  facet normal -0 0 -1
    outer loop
      vertex -26.7678 1.76777 -81.5
      vertex -30 0 -81.5
      vertex -29.3444 6.23735 -81.5
    endloop
  endfacet
  facet normal 0 0 -1
    outer loop
      vertex 16.7283 18.5786 -81.5
      vertex 14.4217 20.2545 -81.5
      vertex 15 21.6506 -81.5
    endloop
  endfacet
  facet normal -0 0 -1
    outer loop
      vertex 20.0739 -22.2943 -81.5
      vertex 14.2678 -23.4184 -81.5
      vertex 15 -21.6506 -81.5
    endloop
  endfacet
  facet normal 0 0 -1
    outer loop
      vertex 15 -25.9808 -81.5
      vertex 12.5 -24.1506 -81.5
      vertex 14.2678 -23.4184 -81.5
    endloop
  endfacet
  facet normal 0 0 -1
    outer loop
      vertex 9.27051 -28.5317 -81.5
      vertex 12.5 -24.1506 -81.5
      vertex 15 -25.9808 -81.5
    endloop
  endfacet
  facet normal -0 0 -1
    outer loop
      vertex 12.5 -24.1506 -81.5
      vertex 9.27051 -28.5317 -81.5
      vertex 10.7322 -23.4184 -81.5
    endloop
  endfacet
  facet normal 0 0 -1
    outer loop
      vertex 7.72542 -23.7764 -81.5
      vertex 10.7322 -23.4184 -81.5
      vertex 9.27051 -28.5317 -81.5
    endloop
  endfacet
  facet normal -0 0 -1
    outer loop
      vertex 10.7322 -23.4184 -81.5
      vertex 7.72542 -23.7764 -81.5
      vertex 10.3893 -22.5904 -81.5
    endloop
  endfacet
  facet normal 0 0 -1
    outer loop
      vertex 3.13585 -29.8357 -81.5
      vertex 7.72542 -23.7764 -81.5
      vertex 9.27051 -28.5317 -81.5
    endloop
  endfacet
  facet normal 0 0 -1
    outer loop
      vertex 3.13585 -29.8357 -81.5
      vertex 2.61321 -24.863 -81.5
      vertex 7.72542 -23.7764 -81.5
    endloop
  endfacet
  facet normal 0 0 -1
    outer loop
      vertex 3.13585 -29.8357 -81.5
      vertex -2.61321 -24.863 -81.5
      vertex 2.61321 -24.863 -81.5
    endloop
  endfacet
  facet normal 0 0 -1
    outer loop
      vertex -3.13585 -29.8357 -81.5
      vertex -2.61321 -24.863 -81.5
      vertex 3.13585 -29.8357 -81.5
    endloop
  endfacet
  facet normal 0 0 -1
    outer loop
      vertex -3.13585 -29.8357 -81.5
      vertex -7.72542 -23.7764 -81.5
      vertex -2.61321 -24.863 -81.5
    endloop
  endfacet
  facet normal 0 0 -1
    outer loop
      vertex -9.27051 -28.5317 -81.5
      vertex -7.72542 -23.7764 -81.5
      vertex -3.13585 -29.8357 -81.5
    endloop
  endfacet
  facet normal 0 0 -1
    outer loop
      vertex -10.7322 -23.4184 -81.5
      vertex -7.72542 -23.7764 -81.5
      vertex -9.27051 -28.5317 -81.5
    endloop
  endfacet
  facet normal 0 0 -1
    outer loop
      vertex -7.72542 -23.7764 -81.5
      vertex -10.7322 -23.4184 -81.5
      vertex -10.3893 -22.5904 -81.5
    endloop
  endfacet
  facet normal 0 0 -1
    outer loop
      vertex -9.27051 -28.5317 -81.5
      vertex -12.5 -24.1506 -81.5
      vertex -10.7322 -23.4184 -81.5
    endloop
  endfacet
  facet normal 0 0 -1
    outer loop
      vertex -15 -25.9808 -81.5
      vertex -12.5 -24.1506 -81.5
      vertex -9.27051 -28.5317 -81.5
    endloop
  endfacet
  facet normal -0 0 -1
    outer loop
      vertex -12.5 -24.1506 -81.5
      vertex -15 -25.9808 -81.5
      vertex -14.2678 -23.4184 -81.5
    endloop
  endfacet
  facet normal 0 0 -1
    outer loop
      vertex -20.0739 -22.2943 -81.5
      vertex -14.2678 -23.4184 -81.5
      vertex -15 -25.9808 -81.5
    endloop
  endfacet
  facet normal 0 0 -1
    outer loop
      vertex -14.2678 -23.4184 -81.5
      vertex -20.0739 -22.2943 -81.5
      vertex -15 -21.6506 -81.5
    endloop
  endfacet
  facet normal -0 0 -1
    outer loop
      vertex -15 -21.6506 -81.5
      vertex -20.0739 -22.2943 -81.5
      vertex -16.7283 -18.5786 -81.5
    endloop
  endfacet
  facet normal 0 0 -1
    outer loop
      vertex -20.0739 -22.2943 -81.5
      vertex -20.2254 -14.6946 -81.5
      vertex -16.7283 -18.5786 -81.5
    endloop
  endfacet
  facet normal 0 0 -1
    outer loop
      vertex -24.2705 -17.6336 -81.5
      vertex -20.2254 -14.6946 -81.5
      vertex -20.0739 -22.2943 -81.5
    endloop
  endfacet
  facet normal -0 0 -1
    outer loop
      vertex -20.2254 -14.6946 -81.5
      vertex -24.2705 -17.6336 -81.5
      vertex -22.8386 -10.1684 -81.5
    endloop
  endfacet
  facet normal 0 0 -1
    outer loop
      vertex -27.4064 -12.2021 -81.5
      vertex -22.8386 -10.1684 -81.5
      vertex -24.2705 -17.6336 -81.5
    endloop
  endfacet
  facet normal -0 0 -1
    outer loop
      vertex -22.8386 -10.1684 -81.5
      vertex -27.4064 -12.2021 -81.5
      vertex -24.4537 -5.19779 -81.5
    endloop
  endfacet
  facet normal 0 0 -1
    outer loop
      vertex -29.3444 -6.23735 -81.5
      vertex -24.4537 -5.19779 -81.5
      vertex -27.4064 -12.2021 -81.5
    endloop
  endfacet
  facet normal 0 0 -1
    outer loop
      vertex -24.4537 -5.19779 -81.5
      vertex -25 -2.5 -81.5
      vertex -24.7482 -2.3957 -81.5
    endloop
  endfacet
  facet normal 0 -0 -1
    outer loop
      vertex -26.7678 -1.76777 -81.5
      vertex -24.4537 -5.19779 -81.5
      vertex -29.3444 -6.23735 -81.5
    endloop
  endfacet
  facet normal 0 0 -1
    outer loop
      vertex -24.4537 -5.19779 -81.5
      vertex -26.7678 -1.76777 -81.5
      vertex -25 -2.5 -81.5
    endloop
  endfacet
  facet normal 0 0 -1
    outer loop
      vertex -30 0 -81.5
      vertex -26.7678 -1.76777 -81.5
      vertex -29.3444 -6.23735 -81.5
    endloop
  endfacet
  facet normal 0 0 -1
    outer loop
      vertex 26.7678 -1.76777 -81.5
      vertex 30 0 -81.5
      vertex 29.3444 -6.23735 -81.5
    endloop
  endfacet
  facet normal 0 0 -1
    outer loop
      vertex 26.7678 1.76777 -81.5
      vertex 30 0 -81.5
      vertex 27.5 0 -81.5
    endloop
  endfacet
  facet normal 0 0 -1
    outer loop
      vertex 24.4537 -5.19779 -81.5
      vertex 29.3444 -6.23735 -81.5
      vertex 27.4064 -12.2021 -81.5
    endloop
  endfacet
  facet normal -0 0 -1
    outer loop
      vertex 30 0 -81.5
      vertex 26.7678 -1.76777 -81.5
      vertex 27.5 0 -81.5
    endloop
  endfacet
  facet normal 0 0 -1
    outer loop
      vertex 29.3444 -6.23735 -81.5
      vertex 24.4537 -5.19779 -81.5
      vertex 26.7678 -1.76777 -81.5
    endloop
  endfacet
  facet normal 0 0 -1
    outer loop
      vertex 26.7678 -1.76777 -81.5
      vertex 24.4537 -5.19779 -81.5
      vertex 25 -2.5 -81.5
    endloop
  endfacet
  facet normal -0 0 -1
    outer loop
      vertex 25 -2.5 -81.5
      vertex 24.4537 -5.19779 -81.5
      vertex 24.7482 -2.3957 -81.5
    endloop
  endfacet
  facet normal 0 0 -1
    outer loop
      vertex 22.8386 -10.1684 -81.5
      vertex 27.4064 -12.2021 -81.5
      vertex 24.2705 -17.6336 -81.5
    endloop
  endfacet
  facet normal 0 0 -1
    outer loop
      vertex 27.4064 -12.2021 -81.5
      vertex 22.8386 -10.1684 -81.5
      vertex 24.4537 -5.19779 -81.5
    endloop
  endfacet
  facet normal 0 0 -1
    outer loop
      vertex 24.2705 -17.6336 -81.5
      vertex 20.2254 -14.6946 -81.5
      vertex 22.8386 -10.1684 -81.5
    endloop
  endfacet
  facet normal 0 0 -1
    outer loop
      vertex 20.0739 -22.2943 -81.5
      vertex 20.2254 -14.6946 -81.5
      vertex 24.2705 -17.6336 -81.5
    endloop
  endfacet
  facet normal 0 0 -1
    outer loop
      vertex 20.0739 -22.2943 -81.5
      vertex 16.7283 -18.5786 -81.5
      vertex 20.2254 -14.6946 -81.5
    endloop
  endfacet
  facet normal 0 0 -1
    outer loop
      vertex 14.2678 -23.4184 -81.5
      vertex 20.0739 -22.2943 -81.5
      vertex 15 -25.9808 -81.5
    endloop
  endfacet
  facet normal 0 0 -1
    outer loop
      vertex 20.0739 -22.2943 -81.5
      vertex 15 -21.6506 -81.5
      vertex 16.7283 -18.5786 -81.5
    endloop
  endfacet
  facet normal 0 0 -1
    outer loop
      vertex 16.7283 -18.5786 -81.5
      vertex 15 -21.6506 -81.5
      vertex 14.4217 -20.2545 -81.5
    endloop
  endfacet
  facet normal 0 0 -1
    outer loop
      vertex 30 0 -81.5
      vertex 26.7678 1.76777 -81.5
      vertex 29.3444 6.23735 -81.5
    endloop
  endfacet
  facet normal 0 0 -1
    outer loop
      vertex 24.4537 5.19779 -81.5
      vertex 29.3444 6.23735 -81.5
      vertex 26.7678 1.76777 -81.5
    endloop
  endfacet
  facet normal 0 0 -1
    outer loop
      vertex 24.4537 5.19779 -81.5
      vertex 26.7678 1.76777 -81.5
      vertex 25 2.5 -81.5
    endloop
  endfacet
  facet normal 0 0 -1
    outer loop
      vertex 24.4537 5.19779 -81.5
      vertex 25 2.5 -81.5
      vertex 24.7482 2.3957 -81.5
    endloop
  endfacet
  facet normal -0 0 -1
    outer loop
      vertex 29.3444 6.23735 -81.5
      vertex 24.4537 5.19779 -81.5
      vertex 27.4064 12.2021 -81.5
    endloop
  endfacet
  facet normal 0 0 -1
    outer loop
      vertex 22.8386 10.1684 -81.5
      vertex 27.4064 12.2021 -81.5
      vertex 24.4537 5.19779 -81.5
    endloop
  endfacet
  facet normal -0 0 -1
    outer loop
      vertex 27.4064 12.2021 -81.5
      vertex 22.8386 10.1684 -81.5
      vertex 24.2705 17.6336 -81.5
    endloop
  endfacet
  facet normal 0 0 -1
    outer loop
      vertex 20.2254 14.6946 -81.5
      vertex 24.2705 17.6336 -81.5
      vertex 22.8386 10.1684 -81.5
    endloop
  endfacet
  facet normal 0 0 -1
    outer loop
      vertex 20.2254 14.6946 -81.5
      vertex 20.0739 22.2943 -81.5
      vertex 24.2705 17.6336 -81.5
    endloop
  endfacet
  facet normal 0 0 -1
    outer loop
      vertex 16.7283 18.5786 -81.5
      vertex 20.0739 22.2943 -81.5
      vertex 20.2254 14.6946 -81.5
    endloop
  endfacet
  facet normal 0 0 -1
    outer loop
      vertex 15 21.6506 -81.5
      vertex 20.0739 22.2943 -81.5
      vertex 16.7283 18.5786 -81.5
    endloop
  endfacet
  facet normal 0 0 -1
    outer loop
      vertex 14.2678 23.4184 -81.5
      vertex 20.0739 22.2943 -81.5
      vertex 15 21.6506 -81.5
    endloop
  endfacet
  facet normal 0 0 -1
    outer loop
      vertex 20.0739 22.2943 -81.5
      vertex 14.2678 23.4184 -81.5
      vertex 15 25.9808 -81.5
    endloop
  endfacet
  facet normal 0 0 -1
    outer loop
      vertex 12.5 24.1506 -81.5
      vertex 15 25.9808 -81.5
      vertex 14.2678 23.4184 -81.5
    endloop
  endfacet
  facet normal 0 0 -1
    outer loop
      vertex 9.27051 28.5317 -81.5
      vertex 12.5 24.1506 -81.5
      vertex 10.7322 23.4184 -81.5
    endloop
  endfacet
  facet normal 0 0 -1
    outer loop
      vertex 12.5 24.1506 -81.5
      vertex 9.27051 28.5317 -81.5
      vertex 15 25.9808 -81.5
    endloop
  endfacet
  facet normal 0 0 -1
    outer loop
      vertex 7.72542 23.7764 -81.5
      vertex 10.7322 23.4184 -81.5
      vertex 10.3893 22.5904 -81.5
    endloop
  endfacet
  facet normal 0 0 -1
    outer loop
      vertex 10.7322 23.4184 -81.5
      vertex 7.72542 23.7764 -81.5
      vertex 9.27051 28.5317 -81.5
    endloop
  endfacet
  facet normal 0 0 -1
    outer loop
      vertex 7.72542 23.7764 -81.5
      vertex 3.13585 29.8357 -81.5
      vertex 9.27051 28.5317 -81.5
    endloop
  endfacet
  facet normal 0 0 -1
    outer loop
      vertex 2.61321 24.863 -81.5
      vertex 3.13585 29.8357 -81.5
      vertex 7.72542 23.7764 -81.5
    endloop
  endfacet
  facet normal 0 0 -1
    outer loop
      vertex -2.61321 24.863 -81.5
      vertex 3.13585 29.8357 -81.5
      vertex 2.61321 24.863 -81.5
    endloop
  endfacet
  facet normal 0 0 -1
    outer loop
      vertex -2.61321 24.863 -81.5
      vertex -3.13585 29.8357 -81.5
      vertex 3.13585 29.8357 -81.5
    endloop
  endfacet
  facet normal 0 0 -1
    outer loop
      vertex -7.72542 23.7764 -81.5
      vertex -3.13585 29.8357 -81.5
      vertex -2.61321 24.863 -81.5
    endloop
  endfacet
  facet normal 0 0 -1
    outer loop
      vertex -7.72542 23.7764 -81.5
      vertex -9.27051 28.5317 -81.5
      vertex -3.13585 29.8357 -81.5
    endloop
  endfacet
  facet normal 0 0 -1
    outer loop
      vertex -10.7322 23.4184 -81.5
      vertex -7.72542 23.7764 -81.5
      vertex -10.3893 22.5904 -81.5
    endloop
  endfacet
  facet normal -0 0 -1
    outer loop
      vertex -7.72542 23.7764 -81.5
      vertex -10.7322 23.4184 -81.5
      vertex -9.27051 28.5317 -81.5
    endloop
  endfacet
  facet normal 0 0 -1
    outer loop
      vertex -12.5 24.1506 -81.5
      vertex -9.27051 28.5317 -81.5
      vertex -10.7322 23.4184 -81.5
    endloop
  endfacet
  facet normal 0 0 -1
    outer loop
      vertex -15 25.9808 -81.5
      vertex -12.5 24.1506 -81.5
      vertex -14.2678 23.4184 -81.5
    endloop
  endfacet
  facet normal 0 0 -1
    outer loop
      vertex -12.5 24.1506 -81.5
      vertex -15 25.9808 -81.5
      vertex -9.27051 28.5317 -81.5
    endloop
  endfacet
  facet normal 0 0 -1
    outer loop
      vertex -15 25.9808 -81.5
      vertex -14.2678 23.4184 -81.5
      vertex -15 21.6506 -81.5
    endloop
  endfacet
  facet normal -0 0 -1
    outer loop
      vertex -14.4217 -20.2545 -81.5
      vertex -15 -21.6506 -81.5
      vertex -16.7283 -18.5786 -81.5
    endloop
  endfacet
  facet normal -0.95106 -0.309008 0
    outer loop
      vertex -27.4064 -12.2021 -81.5
      vertex -29.3444 -6.23735 -78.5
      vertex -29.3444 -6.23735 -81.5
    endloop
  endfacet
  facet normal -0.95106 -0.309008 0
    outer loop
      vertex -29.3444 -6.23735 -78.5
      vertex -27.4064 -12.2021 -81.5
      vertex -27.4064 -12.2021 -78.5
    endloop
  endfacet
  facet normal -0.406732 0.913547 0
    outer loop
      vertex -9.27051 28.5317 -81.5
      vertex -15 25.9808 -78.5
      vertex -9.27051 28.5317 -78.5
    endloop
  endfacet
  facet normal -0.406732 0.913547 0
    outer loop
      vertex -15 25.9808 -78.5
      vertex -9.27051 28.5317 -81.5
      vertex -15 25.9808 -81.5
    endloop
  endfacet
  facet normal -0.207917 -0.978146 0
    outer loop
      vertex -9.27051 -28.5317 -81.5
      vertex -3.13585 -29.8357 -78.5
      vertex -9.27051 -28.5317 -78.5
    endloop
  endfacet
  facet normal -0.207917 -0.978146 -0
    outer loop
      vertex -3.13585 -29.8357 -78.5
      vertex -9.27051 -28.5317 -81.5
      vertex -3.13585 -29.8357 -81.5
    endloop
  endfacet
  facet normal 0.207917 0.978146 -0
    outer loop
      vertex 9.27051 28.5317 -81.5
      vertex 3.13585 29.8357 -78.5
      vertex 9.27051 28.5317 -78.5
    endloop
  endfacet
  facet normal 0.207917 0.978146 0
    outer loop
      vertex 3.13585 29.8357 -78.5
      vertex 9.27051 28.5317 -81.5
      vertex 3.13585 29.8357 -81.5
    endloop
  endfacet
  facet normal -0.994521 -0.104533 0
    outer loop
      vertex -29.3444 -6.23735 -81.5
      vertex -30 0 -78.5
      vertex -30 0 -81.5
    endloop
  endfacet
  facet normal -0.994521 -0.104533 0
    outer loop
      vertex -30 0 -78.5
      vertex -29.3444 -6.23735 -81.5
      vertex -29.3444 -6.23735 -78.5
    endloop
  endfacet
  facet normal -0.994521 0.104533 0
    outer loop
      vertex -30 0 -81.5
      vertex -29.3444 6.23735 -78.5
      vertex -29.3444 6.23735 -81.5
    endloop
  endfacet
  facet normal -0.994521 0.104533 0
    outer loop
      vertex -29.3444 6.23735 -78.5
      vertex -30 0 -81.5
      vertex -30 0 -78.5
    endloop
  endfacet
  facet normal -0.866024 -0.500003 0
    outer loop
      vertex -24.2705 -17.6336 -81.5
      vertex -27.4064 -12.2021 -78.5
      vertex -27.4064 -12.2021 -81.5
    endloop
  endfacet
  facet normal -0.866024 -0.500003 0
    outer loop
      vertex -27.4064 -12.2021 -78.5
      vertex -24.2705 -17.6336 -81.5
      vertex -24.2705 -17.6336 -78.5
    endloop
  endfacet
  facet normal -0.866024 0.500003 0
    outer loop
      vertex -27.4064 12.2021 -81.5
      vertex -24.2705 17.6336 -78.5
      vertex -24.2705 17.6336 -81.5
    endloop
  endfacet
  facet normal -0.866024 0.500003 0
    outer loop
      vertex -24.2705 17.6336 -78.5
      vertex -27.4064 12.2021 -81.5
      vertex -27.4064 12.2021 -78.5
    endloop
  endfacet
  facet normal 0.866024 -0.500003 0
    outer loop
      vertex 24.2705 -17.6336 -78.5
      vertex 27.4064 -12.2021 -81.5
      vertex 27.4064 -12.2021 -78.5
    endloop
  endfacet
  facet normal 0.866024 -0.500003 0
    outer loop
      vertex 27.4064 -12.2021 -81.5
      vertex 24.2705 -17.6336 -78.5
      vertex 24.2705 -17.6336 -81.5
    endloop
  endfacet
  facet normal 0.587795 0.80901 -0
    outer loop
      vertex 20.0739 22.2943 -81.5
      vertex 15 25.9808 -78.5
      vertex 20.0739 22.2943 -78.5
    endloop
  endfacet
  facet normal 0.587795 0.80901 0
    outer loop
      vertex 15 25.9808 -78.5
      vertex 20.0739 22.2943 -81.5
      vertex 15 25.9808 -81.5
    endloop
  endfacet
  facet normal -0.587795 0.80901 0
    outer loop
      vertex -15 25.9808 -81.5
      vertex -20.0739 22.2943 -78.5
      vertex -15 25.9808 -78.5
    endloop
  endfacet
  facet normal -0.587795 0.80901 0
    outer loop
      vertex -20.0739 22.2943 -78.5
      vertex -15 25.9808 -81.5
      vertex -20.0739 22.2943 -81.5
    endloop
  endfacet
  facet normal -0.207917 0.978146 0
    outer loop
      vertex -3.13585 29.8357 -81.5
      vertex -9.27051 28.5317 -78.5
      vertex -3.13585 29.8357 -78.5
    endloop
  endfacet
  facet normal -0.207917 0.978146 0
    outer loop
      vertex -9.27051 28.5317 -78.5
      vertex -3.13585 29.8357 -81.5
      vertex -9.27051 28.5317 -81.5
    endloop
  endfacet
  facet normal 0 -1 0
    outer loop
      vertex -3.13585 -29.8357 -81.5
      vertex 3.13585 -29.8357 -78.5
      vertex -3.13585 -29.8357 -78.5
    endloop
  endfacet
  facet normal 0 -1 -0
    outer loop
      vertex 3.13585 -29.8357 -78.5
      vertex -3.13585 -29.8357 -81.5
      vertex 3.13585 -29.8357 -81.5
    endloop
  endfacet
  facet normal -0.406706 -0.913559 -0
    outer loop
      vertex -10.3893 -22.5904 -97
      vertex -10.3893 -22.5904 -110
      vertex -8.89555 -23.2554 -97
    endloop
  endfacet
  facet normal -0.406706 -0.913559 0
    outer loop
      vertex -8.89555 -23.2554 -93
      vertex -10.3893 -22.5904 -81.5
      vertex -10.3893 -22.5904 -93
    endloop
  endfacet
  facet normal -0.406726 -0.91355 -3.19978e-06
    outer loop
      vertex -10.3893 -22.5904 -81.5
      vertex -8.89555 -23.2554 -93
      vertex -7.72542 -23.7764 -81.5
    endloop
  endfacet
  facet normal -0.406753 -0.913538 0
    outer loop
      vertex -8.89555 -23.2554 -97
      vertex -7.72542 -23.7764 -81.5
      vertex -8.89555 -23.2554 -93
    endloop
  endfacet
  facet normal -0.406753 -0.913538 0
    outer loop
      vertex -8.89555 -23.2554 -97
      vertex -7.72542 -23.7764 -110
      vertex -7.72542 -23.7764 -81.5
    endloop
  endfacet
  facet normal -0.406726 -0.91355 2.83057e-06
    outer loop
      vertex -7.72542 -23.7764 -110
      vertex -8.89555 -23.2554 -97
      vertex -10.3893 -22.5904 -110
    endloop
  endfacet
  facet normal -0.951054 -0.309026 0
    outer loop
      vertex -22.8386 -10.1684 -110
      vertex -24.4537 -5.19779 -81.5
      vertex -24.4537 -5.19779 -110
    endloop
  endfacet
  facet normal -0.951054 -0.309026 0
    outer loop
      vertex -24.4537 -5.19779 -81.5
      vertex -22.8386 -10.1684 -110
      vertex -22.8386 -10.1684 -81.5
    endloop
  endfacet
  facet normal 0.951054 0.309026 0
    outer loop
      vertex 24.4537 5.19779 -81.5
      vertex 22.8386 10.1684 -110
      vertex 22.8386 10.1684 -81.5
    endloop
  endfacet
  facet normal 0.951054 0.309026 0
    outer loop
      vertex 22.8386 10.1684 -110
      vertex 24.4537 5.19779 -81.5
      vertex 24.4537 5.19779 -110
    endloop
  endfacet
  facet normal 0.994521 0.104534 -0
    outer loop
      vertex 24.594 3.86299 -97
      vertex 24.4537 5.19779 -81.5
      vertex 24.594 3.86299 -93
    endloop
  endfacet
  facet normal 0.994522 0.104524 1.06868e-06
    outer loop
      vertex 24.7482 2.3957 -81.5
      vertex 24.594 3.86299 -93
      vertex 24.4537 5.19779 -81.5
    endloop
  endfacet
  facet normal 0.994523 0.104516 0
    outer loop
      vertex 24.594 3.86299 -93
      vertex 24.7482 2.3957 -81.5
      vertex 24.7482 2.3957 -93
    endloop
  endfacet
  facet normal 0.994521 0.104534 0
    outer loop
      vertex 24.4537 5.19779 -81.5
      vertex 24.594 3.86299 -97
      vertex 24.4537 5.19779 -110
    endloop
  endfacet
  facet normal 0.994523 0.104516 -0
    outer loop
      vertex 24.7482 2.3957 -110
      vertex 24.594 3.86299 -97
      vertex 24.7482 2.3957 -97
    endloop
  endfacet
  facet normal 0.994522 0.104524 -9.45375e-07
    outer loop
      vertex 24.594 3.86299 -97
      vertex 24.7482 2.3957 -110
      vertex 24.4537 5.19779 -110
    endloop
  endfacet
  facet normal 0.866026 0.5 0
    outer loop
      vertex 22.8386 10.1684 -81.5
      vertex 20.2254 14.6946 -110
      vertex 20.2254 14.6946 -81.5
    endloop
  endfacet
  facet normal 0.866026 0.5 0
    outer loop
      vertex 20.2254 14.6946 -110
      vertex 22.8386 10.1684 -81.5
      vertex 22.8386 10.1684 -110
    endloop
  endfacet
  facet normal 0.587806 -0.809002 0
    outer loop
      vertex 14.4217 -20.2545 -97
      vertex 14.4217 -20.2545 -110
      vertex 15.6568 -19.3571 -97
    endloop
  endfacet
  facet normal 0.587806 -0.809002 0
    outer loop
      vertex 15.6568 -19.3571 -93
      vertex 14.4217 -20.2545 -81.5
      vertex 14.4217 -20.2545 -93
    endloop
  endfacet
  facet normal 0.587798 -0.809007 -1.18183e-06
    outer loop
      vertex 14.4217 -20.2545 -81.5
      vertex 15.6568 -19.3571 -93
      vertex 16.7283 -18.5786 -81.5
    endloop
  endfacet
  facet normal 0.58779 -0.809014 0
    outer loop
      vertex 15.6568 -19.3571 -97
      vertex 16.7283 -18.5786 -81.5
      vertex 15.6568 -19.3571 -93
    endloop
  endfacet
  facet normal 0.58779 -0.809014 0
    outer loop
      vertex 15.6568 -19.3571 -97
      vertex 16.7283 -18.5786 -110
      vertex 16.7283 -18.5786 -81.5
    endloop
  endfacet
  facet normal 0.587798 -0.809007 1.04546e-06
    outer loop
      vertex 16.7283 -18.5786 -110
      vertex 15.6568 -19.3571 -97
      vertex 14.4217 -20.2545 -110
    endloop
  endfacet
  facet normal 0.40673 0.913549 0
    outer loop
      vertex 10.3893 22.5904 -97
      vertex 10.3893 22.5904 -110
      vertex 8.94462 23.2336 -97
    endloop
  endfacet
  facet normal 0.40673 0.913549 0
    outer loop
      vertex 8.94462 23.2336 -93
      vertex 10.3893 22.5904 -81.5
      vertex 10.3893 22.5904 -93
    endloop
  endfacet
  facet normal 0.406726 0.91355 5.1101e-07
    outer loop
      vertex 10.3893 22.5904 -81.5
      vertex 8.94462 23.2336 -93
      vertex 7.72542 23.7764 -81.5
    endloop
  endfacet
  facet normal 0.406722 0.913552 -0
    outer loop
      vertex 8.94462 23.2336 -97
      vertex 7.72542 23.7764 -81.5
      vertex 8.94462 23.2336 -93
    endloop
  endfacet
  facet normal 0.406722 0.913552 0
    outer loop
      vertex 8.94462 23.2336 -97
      vertex 7.72542 23.7764 -110
      vertex 7.72542 23.7764 -81.5
    endloop
  endfacet
  facet normal 0.406726 0.91355 -4.52047e-07
    outer loop
      vertex 7.72542 23.7764 -110
      vertex 8.94462 23.2336 -97
      vertex 10.3893 22.5904 -110
    endloop
  endfacet
  facet normal 0.994523 -0.104516 0
    outer loop
      vertex 24.7482 -2.3957 -81.5
      vertex 24.594 -3.86299 -93
      vertex 24.7482 -2.3957 -93
    endloop
  endfacet
  facet normal 0.994521 -0.104534 0
    outer loop
      vertex 24.594 -3.86299 -93
      vertex 24.4537 -5.19779 -81.5
      vertex 24.594 -3.86299 -97
    endloop
  endfacet
  facet normal 0.994522 -0.104524 1.06868e-06
    outer loop
      vertex 24.4537 -5.19779 -81.5
      vertex 24.594 -3.86299 -93
      vertex 24.7482 -2.3957 -81.5
    endloop
  endfacet
  facet normal 0.994523 -0.104516 0
    outer loop
      vertex 24.594 -3.86299 -97
      vertex 24.7482 -2.3957 -110
      vertex 24.7482 -2.3957 -97
    endloop
  endfacet
  facet normal 0.994522 -0.104524 -9.45375e-07
    outer loop
      vertex 24.594 -3.86299 -97
      vertex 24.4537 -5.19779 -110
      vertex 24.7482 -2.3957 -110
    endloop
  endfacet
  facet normal 0.994521 -0.104534 0
    outer loop
      vertex 24.4537 -5.19779 -110
      vertex 24.594 -3.86299 -97
      vertex 24.4537 -5.19779 -81.5
    endloop
  endfacet
  facet normal 0.743151 0.669123 0
    outer loop
      vertex 20.2254 14.6946 -81.5
      vertex 16.7283 18.5786 -110
      vertex 16.7283 18.5786 -81.5
    endloop
  endfacet
  facet normal 0.743151 0.669123 0
    outer loop
      vertex 16.7283 18.5786 -110
      vertex 20.2254 14.6946 -81.5
      vertex 20.2254 14.6946 -110
    endloop
  endfacet
  facet normal -0.866026 0.5 0
    outer loop
      vertex -22.8386 10.1684 -110
      vertex -20.2254 14.6946 -81.5
      vertex -20.2254 14.6946 -110
    endloop
  endfacet
  facet normal -0.866026 0.5 0
    outer loop
      vertex -20.2254 14.6946 -81.5
      vertex -22.8386 10.1684 -110
      vertex -22.8386 10.1684 -81.5
    endloop
  endfacet
  facet normal 0.743151 -0.669123 0
    outer loop
      vertex 16.7283 -18.5786 -81.5
      vertex 20.2254 -14.6946 -110
      vertex 20.2254 -14.6946 -81.5
    endloop
  endfacet
  facet normal 0.743151 -0.669123 0
    outer loop
      vertex 20.2254 -14.6946 -110
      vertex 16.7283 -18.5786 -81.5
      vertex 16.7283 -18.5786 -110
    endloop
  endfacet
  facet normal -0.743151 0.669123 0
    outer loop
      vertex -20.2254 14.6946 -110
      vertex -16.7283 18.5786 -81.5
      vertex -16.7283 18.5786 -110
    endloop
  endfacet
  facet normal -0.743151 0.669123 0
    outer loop
      vertex -16.7283 18.5786 -81.5
      vertex -20.2254 14.6946 -110
      vertex -20.2254 14.6946 -81.5
    endloop
  endfacet
  facet normal 0.866026 -0.5 0
    outer loop
      vertex 20.2254 -14.6946 -81.5
      vertex 22.8386 -10.1684 -110
      vertex 22.8386 -10.1684 -81.5
    endloop
  endfacet
  facet normal 0.866026 -0.5 0
    outer loop
      vertex 22.8386 -10.1684 -110
      vertex 20.2254 -14.6946 -81.5
      vertex 20.2254 -14.6946 -110
    endloop
  endfacet
  facet normal -0.587799 0.809007 0
    outer loop
      vertex -14.4217 20.2545 -97
      vertex -14.4217 20.2545 -110
      vertex -15.6754 19.3436 -97
    endloop
  endfacet
  facet normal -0.587799 0.809007 0
    outer loop
      vertex -15.6754 19.3436 -93
      vertex -14.4217 20.2545 -81.5
      vertex -14.4217 20.2545 -93
    endloop
  endfacet
  facet normal -0.587798 0.809007 -1.86348e-07
    outer loop
      vertex -14.4217 20.2545 -81.5
      vertex -15.6754 19.3436 -93
      vertex -16.7283 18.5786 -81.5
    endloop
  endfacet
  facet normal -0.587797 0.809008 0
    outer loop
      vertex -15.6754 19.3436 -97
      vertex -16.7283 18.5786 -81.5
      vertex -15.6754 19.3436 -93
    endloop
  endfacet
  facet normal -0.587797 0.809008 0
    outer loop
      vertex -15.6754 19.3436 -97
      vertex -16.7283 18.5786 -110
      vertex -16.7283 18.5786 -81.5
    endloop
  endfacet
  facet normal -0.587798 0.809007 1.64846e-07
    outer loop
      vertex -16.7283 18.5786 -110
      vertex -15.6754 19.3436 -97
      vertex -14.4217 20.2545 -110
    endloop
  endfacet
  facet normal 0.951054 -0.309026 0
    outer loop
      vertex 22.8386 -10.1684 -81.5
      vertex 24.4537 -5.19779 -110
      vertex 24.4537 -5.19779 -81.5
    endloop
  endfacet
  facet normal 0.951054 -0.309026 0
    outer loop
      vertex 24.4537 -5.19779 -110
      vertex 22.8386 -10.1684 -81.5
      vertex 22.8386 -10.1684 -110
    endloop
  endfacet
  facet normal 0 1 -0
    outer loop
      vertex 2.61321 24.863 -110
      vertex -2.61321 24.863 -81.5
      vertex 2.61321 24.863 -81.5
    endloop
  endfacet
  facet normal 0 1 0
    outer loop
      vertex -2.61321 24.863 -81.5
      vertex 2.61321 24.863 -110
      vertex -2.61321 24.863 -110
    endloop
  endfacet
  facet normal -0.587798 -0.809007 -1.86348e-07
    outer loop
      vertex -16.7283 -18.5786 -81.5
      vertex -15.6754 -19.3436 -93
      vertex -14.4217 -20.2545 -81.5
    endloop
  endfacet
  facet normal -0.587797 -0.809008 0
    outer loop
      vertex -16.7283 -18.5786 -81.5
      vertex -15.6754 -19.3436 -97
      vertex -15.6754 -19.3436 -93
    endloop
  endfacet
  facet normal -0.587797 -0.809008 0
    outer loop
      vertex -16.7283 -18.5786 -110
      vertex -15.6754 -19.3436 -97
      vertex -16.7283 -18.5786 -81.5
    endloop
  endfacet
  facet normal -0.587798 -0.809007 1.64846e-07
    outer loop
      vertex -14.4217 -20.2545 -110
      vertex -15.6754 -19.3436 -97
      vertex -16.7283 -18.5786 -110
    endloop
  endfacet
  facet normal -0.587799 -0.809007 0
    outer loop
      vertex -15.6754 -19.3436 -97
      vertex -14.4217 -20.2545 -110
      vertex -14.4217 -20.2545 -97
    endloop
  endfacet
  facet normal -0.587799 -0.809007 -0
    outer loop
      vertex -14.4217 -20.2545 -81.5
      vertex -15.6754 -19.3436 -93
      vertex -14.4217 -20.2545 -93
    endloop
  endfacet
  facet normal -0 0 -1
    outer loop
      vertex 22.5 0 -110
      vertex 9.78148 -2.07912 -110
      vertex 10 0 -110
    endloop
  endfacet
  facet normal 0 0 -1
    outer loop
      vertex 10.7322 -19.8829 -110
      vertex 9.13545 -4.06737 -110
      vertex 9.78148 -2.07912 -110
    endloop
  endfacet
  facet normal 0 0 -1
    outer loop
      vertex 10.7322 -19.8829 -110
      vertex 8.09017 -5.87785 -110
      vertex 9.13545 -4.06737 -110
    endloop
  endfacet
  facet normal 0 0 -1
    outer loop
      vertex 7.72542 -23.7764 -110
      vertex 10 -21.6506 -110
      vertex 10.3893 -22.5904 -110
    endloop
  endfacet
  facet normal 0 0 -1
    outer loop
      vertex 2.61321 -24.863 -110
      vertex 10.7322 -19.8829 -110
      vertex 7.72542 -23.7764 -110
    endloop
  endfacet
  facet normal 0 0 -1
    outer loop
      vertex 10.7322 -19.8829 -110
      vertex 6.69131 -7.43145 -110
      vertex 8.09017 -5.87785 -110
    endloop
  endfacet
  facet normal 0 0 -1
    outer loop
      vertex 10.7322 -19.8829 -110
      vertex 5 -8.66025 -110
      vertex 6.69131 -7.43145 -110
    endloop
  endfacet
  facet normal 0 0 -1
    outer loop
      vertex 10.7322 -19.8829 -110
      vertex 3.09017 -9.51056 -110
      vertex 5 -8.66025 -110
    endloop
  endfacet
  facet normal 0 0 -1
    outer loop
      vertex 1.04528 -9.94522 -110
      vertex 10.7322 -19.8829 -110
      vertex 2.61321 -24.863 -110
    endloop
  endfacet
  facet normal 0 0 -1
    outer loop
      vertex 10.7322 -19.8829 -110
      vertex 1.04528 -9.94522 -110
      vertex 3.09017 -9.51056 -110
    endloop
  endfacet
  facet normal 0 0 -1
    outer loop
      vertex 2.61321 -24.863 -110
      vertex -1.04528 -9.94522 -110
      vertex 1.04528 -9.94522 -110
    endloop
  endfacet
  facet normal 0 0 -1
    outer loop
      vertex -2.61321 -24.863 -110
      vertex -1.04528 -9.94522 -110
      vertex 2.61321 -24.863 -110
    endloop
  endfacet
  facet normal 0 0 -1
    outer loop
      vertex -10.7322 -19.8829 -110
      vertex -1.04528 -9.94522 -110
      vertex -2.61321 -24.863 -110
    endloop
  endfacet
  facet normal -0 0 -1
    outer loop
      vertex -1.04528 -9.94522 -110
      vertex -10.7322 -19.8829 -110
      vertex -3.09017 -9.51056 -110
    endloop
  endfacet
  facet normal -0 0 -1
    outer loop
      vertex -3.09017 -9.51056 -110
      vertex -10.7322 -19.8829 -110
      vertex -5 -8.66025 -110
    endloop
  endfacet
  facet normal 0 0 -1
    outer loop
      vertex -10.7322 -19.8829 -110
      vertex -2.61321 -24.863 -110
      vertex -7.72542 -23.7764 -110
    endloop
  endfacet
  facet normal 0 0 -1
    outer loop
      vertex -12.5 -19.1506 -110
      vertex -5 -8.66025 -110
      vertex -10.7322 -19.8829 -110
    endloop
  endfacet
  facet normal -0 0 -1
    outer loop
      vertex -5 -8.66025 -110
      vertex -12.5 -19.1506 -110
      vertex -6.69131 -7.43145 -110
    endloop
  endfacet
  facet normal -0 0 -1
    outer loop
      vertex -6.69131 -7.43145 -110
      vertex -12.5 -19.1506 -110
      vertex -8.09017 -5.87785 -110
    endloop
  endfacet
  facet normal 0 0 -1
    outer loop
      vertex -10.7322 -19.8829 -110
      vertex -7.72542 -23.7764 -110
      vertex -10 -21.6506 -110
    endloop
  endfacet
  facet normal 0 -0 -1
    outer loop
      vertex -10 -21.6506 -110
      vertex -7.72542 -23.7764 -110
      vertex -10.3893 -22.5904 -110
    endloop
  endfacet
  facet normal 0 0 -1
    outer loop
      vertex 24.4537 -5.19779 -110
      vertex 23.2322 -1.76777 -110
      vertex 24.7482 -2.3957 -110
    endloop
  endfacet
  facet normal 0 0 -1
    outer loop
      vertex 22.8386 -10.1684 -110
      vertex 23.2322 -1.76777 -110
      vertex 24.4537 -5.19779 -110
    endloop
  endfacet
  facet normal 0 0 -1
    outer loop
      vertex 9.78148 -2.07912 -110
      vertex 23.2322 -1.76777 -110
      vertex 22.8386 -10.1684 -110
    endloop
  endfacet
  facet normal 0 0 -1
    outer loop
      vertex 9.78148 -2.07912 -110
      vertex 22.8386 -10.1684 -110
      vertex 20.2254 -14.6946 -110
    endloop
  endfacet
  facet normal 0 0 -1
    outer loop
      vertex 23.2322 1.76777 -110
      vertex 24.4537 5.19779 -110
      vertex 24.7482 2.3957 -110
    endloop
  endfacet
  facet normal 0 0 -1
    outer loop
      vertex 23.2322 1.76777 -110
      vertex 22.8386 10.1684 -110
      vertex 24.4537 5.19779 -110
    endloop
  endfacet
  facet normal 0 0 -1
    outer loop
      vertex 9.78148 2.07912 -110
      vertex 23.2322 1.76777 -110
      vertex 22.5 0 -110
    endloop
  endfacet
  facet normal 0 0 -1
    outer loop
      vertex 9.78148 -2.07912 -110
      vertex 22.5 0 -110
      vertex 23.2322 -1.76777 -110
    endloop
  endfacet
  facet normal 0 0 -1
    outer loop
      vertex 9.78148 2.07912 -110
      vertex 22.5 0 -110
      vertex 10 0 -110
    endloop
  endfacet
  facet normal 0 0 -1
    outer loop
      vertex 12.5 -19.1506 -110
      vertex 20.2254 -14.6946 -110
      vertex 16.7283 -18.5786 -110
    endloop
  endfacet
  facet normal 0 0 -1
    outer loop
      vertex 9.13545 4.06737 -110
      vertex 23.2322 1.76777 -110
      vertex 9.78148 2.07912 -110
    endloop
  endfacet
  facet normal 0 0 -1
    outer loop
      vertex 14.2678 -19.8829 -110
      vertex 16.7283 -18.5786 -110
      vertex 14.4217 -20.2545 -110
    endloop
  endfacet
  facet normal 0 0 -1
    outer loop
      vertex 12.5 -19.1506 -110
      vertex 16.7283 -18.5786 -110
      vertex 14.2678 -19.8829 -110
    endloop
  endfacet
  facet normal 0 0 -1
    outer loop
      vertex 23.2322 1.76777 -110
      vertex 9.13545 4.06737 -110
      vertex 22.8386 10.1684 -110
    endloop
  endfacet
  facet normal 0 0 -1
    outer loop
      vertex 16.7283 18.5786 -110
      vertex 14.2678 19.8829 -110
      vertex 14.4217 20.2545 -110
    endloop
  endfacet
  facet normal 0 0 -1
    outer loop
      vertex 9.78148 -2.07912 -110
      vertex 20.2254 -14.6946 -110
      vertex 12.5 -19.1506 -110
    endloop
  endfacet
  facet normal -0 0 -1
    outer loop
      vertex 22.8386 10.1684 -110
      vertex 9.13545 4.06737 -110
      vertex 20.2254 14.6946 -110
    endloop
  endfacet
  facet normal 0 0 -1
    outer loop
      vertex 9.78148 -2.07912 -110
      vertex 12.5 -19.1506 -110
      vertex 10.7322 -19.8829 -110
    endloop
  endfacet
  facet normal 0 0 -1
    outer loop
      vertex 8.09017 5.87785 -110
      vertex 20.2254 14.6946 -110
      vertex 9.13545 4.06737 -110
    endloop
  endfacet
  facet normal 0 0 -1
    outer loop
      vertex 7.72542 -23.7764 -110
      vertex 10.7322 -19.8829 -110
      vertex 10 -21.6506 -110
    endloop
  endfacet
  facet normal 0 -0 -1
    outer loop
      vertex 12.5 19.1506 -110
      vertex 20.2254 14.6946 -110
      vertex 8.09017 5.87785 -110
    endloop
  endfacet
  facet normal 0 0 -1
    outer loop
      vertex 20.2254 14.6946 -110
      vertex 12.5 19.1506 -110
      vertex 16.7283 18.5786 -110
    endloop
  endfacet
  facet normal 0 0 -1
    outer loop
      vertex 16.7283 18.5786 -110
      vertex 12.5 19.1506 -110
      vertex 14.2678 19.8829 -110
    endloop
  endfacet
  facet normal 0 0 -1
    outer loop
      vertex 6.69131 7.43145 -110
      vertex 12.5 19.1506 -110
      vertex 8.09017 5.87785 -110
    endloop
  endfacet
  facet normal 0 0 -1
    outer loop
      vertex 5 8.66025 -110
      vertex 12.5 19.1506 -110
      vertex 6.69131 7.43145 -110
    endloop
  endfacet
  facet normal 0 0 -1
    outer loop
      vertex 10 21.6506 -110
      vertex 7.72542 23.7764 -110
      vertex 10.3893 22.5904 -110
    endloop
  endfacet
  facet normal -0 0 -1
    outer loop
      vertex 12.5 19.1506 -110
      vertex 5 8.66025 -110
      vertex 10.7322 19.8829 -110
    endloop
  endfacet
  facet normal 0 0 -1
    outer loop
      vertex 3.09017 9.51056 -110
      vertex 10.7322 19.8829 -110
      vertex 5 8.66025 -110
    endloop
  endfacet
  facet normal 0 0 -1
    outer loop
      vertex 1.04528 9.94522 -110
      vertex 10.7322 19.8829 -110
      vertex 3.09017 9.51056 -110
    endloop
  endfacet
  facet normal 0 0 -1
    outer loop
      vertex 10.7322 19.8829 -110
      vertex 7.72542 23.7764 -110
      vertex 10 21.6506 -110
    endloop
  endfacet
  facet normal 0 0 -1
    outer loop
      vertex 10.7322 19.8829 -110
      vertex 2.61321 24.863 -110
      vertex 7.72542 23.7764 -110
    endloop
  endfacet
  facet normal -0 0 -1
    outer loop
      vertex 10.7322 19.8829 -110
      vertex 1.04528 9.94522 -110
      vertex 2.61321 24.863 -110
    endloop
  endfacet
  facet normal 0 0 -1
    outer loop
      vertex -1.04528 9.94522 -110
      vertex 2.61321 24.863 -110
      vertex 1.04528 9.94522 -110
    endloop
  endfacet
  facet normal 0 0 -1
    outer loop
      vertex -1.04528 9.94522 -110
      vertex -2.61321 24.863 -110
      vertex 2.61321 24.863 -110
    endloop
  endfacet
  facet normal 0 0 -1
    outer loop
      vertex -10.7322 19.8829 -110
      vertex -1.04528 9.94522 -110
      vertex -3.09017 9.51056 -110
    endloop
  endfacet
  facet normal 0 0 -1
    outer loop
      vertex -10.7322 19.8829 -110
      vertex -3.09017 9.51056 -110
      vertex -5 8.66025 -110
    endloop
  endfacet
  facet normal 0 0 -1
    outer loop
      vertex -12.5 19.1506 -110
      vertex -5 8.66025 -110
      vertex -6.69131 7.43145 -110
    endloop
  endfacet
  facet normal 0 0 -1
    outer loop
      vertex -1.04528 9.94522 -110
      vertex -10.7322 19.8829 -110
      vertex -2.61321 24.863 -110
    endloop
  endfacet
  facet normal 0 0 -1
    outer loop
      vertex -12.5 19.1506 -110
      vertex -6.69131 7.43145 -110
      vertex -8.09017 5.87785 -110
    endloop
  endfacet
  facet normal 0 0 -1
    outer loop
      vertex -20.2254 14.6946 -110
      vertex -8.09017 5.87785 -110
      vertex -9.13545 4.06737 -110
    endloop
  endfacet
  facet normal 0 0 -1
    outer loop
      vertex -23.2322 1.76777 -110
      vertex -9.13545 4.06737 -110
      vertex -9.78148 2.07912 -110
    endloop
  endfacet
  facet normal 0 0 -1
    outer loop
      vertex -22.5 0 -110
      vertex -9.78148 2.07912 -110
      vertex -10 0 -110
    endloop
  endfacet
  facet normal 0 0 -1
    outer loop
      vertex -2.61321 24.863 -110
      vertex -10.7322 19.8829 -110
      vertex -7.72542 23.7764 -110
    endloop
  endfacet
  facet normal 0 0 -1
    outer loop
      vertex -7.72542 23.7764 -110
      vertex -10 21.6506 -110
      vertex -10.3893 22.5904 -110
    endloop
  endfacet
  facet normal 0 0 -1
    outer loop
      vertex -9.13545 4.06737 -110
      vertex -22.8386 10.1684 -110
      vertex -20.2254 14.6946 -110
    endloop
  endfacet
  facet normal -0 0 -1
    outer loop
      vertex -9.13545 4.06737 -110
      vertex -23.2322 1.76777 -110
      vertex -22.8386 10.1684 -110
    endloop
  endfacet
  facet normal 0 0 -1
    outer loop
      vertex -23.2322 1.76777 -110
      vertex -24.4537 5.19779 -110
      vertex -22.8386 10.1684 -110
    endloop
  endfacet
  facet normal 0 -0 -1
    outer loop
      vertex -24.4537 5.19779 -110
      vertex -23.2322 1.76777 -110
      vertex -24.7482 2.3957 -110
    endloop
  endfacet
  facet normal 0 0 -1
    outer loop
      vertex -20.2254 -14.6946 -110
      vertex -8.09017 -5.87785 -110
      vertex -12.5 -19.1506 -110
    endloop
  endfacet
  facet normal -0 0 -1
    outer loop
      vertex -8.09017 -5.87785 -110
      vertex -20.2254 -14.6946 -110
      vertex -9.13545 -4.06737 -110
    endloop
  endfacet
  facet normal 0 0 -1
    outer loop
      vertex -22.8386 -10.1684 -110
      vertex -9.13545 -4.06737 -110
      vertex -20.2254 -14.6946 -110
    endloop
  endfacet
  facet normal 0 0 -1
    outer loop
      vertex -7.72542 23.7764 -110
      vertex -10.7322 19.8829 -110
      vertex -10 21.6506 -110
    endloop
  endfacet
  facet normal 0 0 -1
    outer loop
      vertex -23.2322 -1.76777 -110
      vertex -9.13545 -4.06737 -110
      vertex -22.8386 -10.1684 -110
    endloop
  endfacet
  facet normal 0 0 -1
    outer loop
      vertex -9.78148 2.07912 -110
      vertex -22.5 0 -110
      vertex -23.2322 1.76777 -110
    endloop
  endfacet
  facet normal 0 0 -1
    outer loop
      vertex -16.7283 -18.5786 -110
      vertex -12.5 -19.1506 -110
      vertex -14.2678 -19.8829 -110
    endloop
  endfacet
  facet normal 0 0 -1
    outer loop
      vertex -5 8.66025 -110
      vertex -12.5 19.1506 -110
      vertex -10.7322 19.8829 -110
    endloop
  endfacet
  facet normal 0 0 -1
    outer loop
      vertex -16.7283 -18.5786 -110
      vertex -14.2678 -19.8829 -110
      vertex -14.4217 -20.2545 -110
    endloop
  endfacet
  facet normal 0 0 -1
    outer loop
      vertex -8.09017 5.87785 -110
      vertex -20.2254 14.6946 -110
      vertex -12.5 19.1506 -110
    endloop
  endfacet
  facet normal 0 0 -1
    outer loop
      vertex -12.5 -19.1506 -110
      vertex -16.7283 -18.5786 -110
      vertex -20.2254 -14.6946 -110
    endloop
  endfacet
  facet normal 0 -0 -1
    outer loop
      vertex -16.7283 18.5786 -110
      vertex -12.5 19.1506 -110
      vertex -20.2254 14.6946 -110
    endloop
  endfacet
  facet normal 0 0 -1
    outer loop
      vertex -9.13545 -4.06737 -110
      vertex -23.2322 -1.76777 -110
      vertex -9.78148 -2.07912 -110
    endloop
  endfacet
  facet normal -0 0 -1
    outer loop
      vertex -14.2678 19.8829 -110
      vertex -16.7283 18.5786 -110
      vertex -14.4217 20.2545 -110
    endloop
  endfacet
  facet normal -0 0 -1
    outer loop
      vertex -12.5 19.1506 -110
      vertex -16.7283 18.5786 -110
      vertex -14.2678 19.8829 -110
    endloop
  endfacet
  facet normal 0 -0 -1
    outer loop
      vertex -22.5 0 -110
      vertex -9.78148 -2.07912 -110
      vertex -23.2322 -1.76777 -110
    endloop
  endfacet
  facet normal 0 0 -1
    outer loop
      vertex -9.78148 -2.07912 -110
      vertex -22.5 0 -110
      vertex -10 0 -110
    endloop
  endfacet
  facet normal 0 0 -1
    outer loop
      vertex -24.4537 -5.19779 -110
      vertex -23.2322 -1.76777 -110
      vertex -22.8386 -10.1684 -110
    endloop
  endfacet
  facet normal 0 0 -1
    outer loop
      vertex -23.2322 -1.76777 -110
      vertex -24.4537 -5.19779 -110
      vertex -24.7482 -2.3957 -110
    endloop
  endfacet
  facet normal -0.406726 0.91355 -3.19978e-06
    outer loop
      vertex -7.72542 23.7764 -81.5
      vertex -8.89555 23.2554 -93
      vertex -10.3893 22.5904 -81.5
    endloop
  endfacet
  facet normal -0.406753 0.913538 0
    outer loop
      vertex -7.72542 23.7764 -81.5
      vertex -8.89555 23.2554 -97
      vertex -8.89555 23.2554 -93
    endloop
  endfacet
  facet normal -0.406753 0.913538 0
    outer loop
      vertex -7.72542 23.7764 -110
      vertex -8.89555 23.2554 -97
      vertex -7.72542 23.7764 -81.5
    endloop
  endfacet
  facet normal -0.406726 0.91355 2.83057e-06
    outer loop
      vertex -10.3893 22.5904 -110
      vertex -8.89555 23.2554 -97
      vertex -7.72542 23.7764 -110
    endloop
  endfacet
  facet normal -0.406706 0.913559 0
    outer loop
      vertex -8.89555 23.2554 -97
      vertex -10.3893 22.5904 -110
      vertex -10.3893 22.5904 -97
    endloop
  endfacet
  facet normal -0.406706 0.913559 0
    outer loop
      vertex -10.3893 22.5904 -81.5
      vertex -8.89555 23.2554 -93
      vertex -10.3893 22.5904 -93
    endloop
  endfacet
  facet normal -0.994523 -0.104518 0
    outer loop
      vertex -24.7482 -2.3957 -110
      vertex -24.5835 -3.96287 -97
      vertex -24.7482 -2.3957 -97
    endloop
  endfacet
  facet normal -0.994522 -0.104532 -0
    outer loop
      vertex -24.4537 -5.19779 -81.5
      vertex -24.5835 -3.96287 -97
      vertex -24.4537 -5.19779 -110
    endloop
  endfacet
  facet normal -0.994522 -0.104524 -7.46482e-07
    outer loop
      vertex -24.4537 -5.19779 -110
      vertex -24.5835 -3.96287 -97
      vertex -24.7482 -2.3957 -110
    endloop
  endfacet
  facet normal -0.994523 -0.104518 0
    outer loop
      vertex -24.5835 -3.96287 -93
      vertex -24.7482 -2.3957 -81.5
      vertex -24.7482 -2.3957 -93
    endloop
  endfacet
  facet normal -0.994522 -0.104524 8.43849e-07
    outer loop
      vertex -24.5835 -3.96287 -93
      vertex -24.4537 -5.19779 -81.5
      vertex -24.7482 -2.3957 -81.5
    endloop
  endfacet
  facet normal -0.994522 -0.104532 0
    outer loop
      vertex -24.5835 -3.96287 -97
      vertex -24.4537 -5.19779 -81.5
      vertex -24.5835 -3.96287 -93
    endloop
  endfacet
  facet normal -0.743151 -0.669123 0
    outer loop
      vertex -16.7283 -18.5786 -110
      vertex -20.2254 -14.6946 -81.5
      vertex -20.2254 -14.6946 -110
    endloop
  endfacet
  facet normal -0.743151 -0.669123 0
    outer loop
      vertex -20.2254 -14.6946 -81.5
      vertex -16.7283 -18.5786 -110
      vertex -16.7283 -18.5786 -81.5
    endloop
  endfacet
  facet normal -0.866026 -0.5 0
    outer loop
      vertex -20.2254 -14.6946 -110
      vertex -22.8386 -10.1684 -81.5
      vertex -22.8386 -10.1684 -110
    endloop
  endfacet
  facet normal -0.866026 -0.5 0
    outer loop
      vertex -22.8386 -10.1684 -81.5
      vertex -20.2254 -14.6946 -110
      vertex -20.2254 -14.6946 -81.5
    endloop
  endfacet
  facet normal 0.207906 -0.978149 0
    outer loop
      vertex 2.61321 -24.863 -110
      vertex 7.72542 -23.7764 -81.5
      vertex 2.61321 -24.863 -81.5
    endloop
  endfacet
  facet normal 0.207906 -0.978149 0
    outer loop
      vertex 7.72542 -23.7764 -81.5
      vertex 2.61321 -24.863 -110
      vertex 7.72542 -23.7764 -110
    endloop
  endfacet
  facet normal -0.994522 0.104532 0
    outer loop
      vertex -24.4537 5.19779 -110
      vertex -24.5835 3.96287 -97
      vertex -24.4537 5.19779 -81.5
    endloop
  endfacet
  facet normal -0.994522 0.104524 -7.46482e-07
    outer loop
      vertex -24.7482 2.3957 -110
      vertex -24.5835 3.96287 -97
      vertex -24.4537 5.19779 -110
    endloop
  endfacet
  facet normal -0.994523 0.104518 0
    outer loop
      vertex -24.5835 3.96287 -97
      vertex -24.7482 2.3957 -110
      vertex -24.7482 2.3957 -97
    endloop
  endfacet
  facet normal -0.994522 0.104532 0
    outer loop
      vertex -24.5835 3.96287 -93
      vertex -24.4537 5.19779 -81.5
      vertex -24.5835 3.96287 -97
    endloop
  endfacet
  facet normal -0.994523 0.104518 0
    outer loop
      vertex -24.7482 2.3957 -81.5
      vertex -24.5835 3.96287 -93
      vertex -24.7482 2.3957 -93
    endloop
  endfacet
  facet normal -0.994522 0.104524 8.43849e-07
    outer loop
      vertex -24.5835 3.96287 -93
      vertex -24.7482 2.3957 -81.5
      vertex -24.4537 5.19779 -81.5
    endloop
  endfacet
  facet normal 0.207906 0.978149 -0
    outer loop
      vertex 7.72542 23.7764 -110
      vertex 2.61321 24.863 -81.5
      vertex 7.72542 23.7764 -81.5
    endloop
  endfacet
  facet normal 0.207906 0.978149 0
    outer loop
      vertex 2.61321 24.863 -81.5
      vertex 7.72542 23.7764 -110
      vertex 2.61321 24.863 -110
    endloop
  endfacet
  facet normal 0.587798 0.809007 -1.18183e-06
    outer loop
      vertex 16.7283 18.5786 -81.5
      vertex 15.6568 19.3571 -93
      vertex 14.4217 20.2545 -81.5
    endloop
  endfacet
  facet normal 0.58779 0.809014 0
    outer loop
      vertex 16.7283 18.5786 -81.5
      vertex 15.6568 19.3571 -97
      vertex 15.6568 19.3571 -93
    endloop
  endfacet
  facet normal 0.58779 0.809014 -0
    outer loop
      vertex 16.7283 18.5786 -110
      vertex 15.6568 19.3571 -97
      vertex 16.7283 18.5786 -81.5
    endloop
  endfacet
  facet normal 0.587798 0.809007 1.04546e-06
    outer loop
      vertex 14.4217 20.2545 -110
      vertex 15.6568 19.3571 -97
      vertex 16.7283 18.5786 -110
    endloop
  endfacet
  facet normal 0.587806 0.809002 0
    outer loop
      vertex 15.6568 19.3571 -97
      vertex 14.4217 20.2545 -110
      vertex 14.4217 20.2545 -97
    endloop
  endfacet
  facet normal 0.587806 0.809002 0
    outer loop
      vertex 14.4217 20.2545 -81.5
      vertex 15.6568 19.3571 -93
      vertex 14.4217 20.2545 -93
    endloop
  endfacet
  facet normal -0.207906 0.978149 0
    outer loop
      vertex -2.61321 24.863 -110
      vertex -7.72542 23.7764 -81.5
      vertex -2.61321 24.863 -81.5
    endloop
  endfacet
  facet normal -0.207906 0.978149 0
    outer loop
      vertex -7.72542 23.7764 -81.5
      vertex -2.61321 24.863 -110
      vertex -7.72542 23.7764 -110
    endloop
  endfacet
  facet normal 0.406726 -0.91355 5.1101e-07
    outer loop
      vertex 7.72542 -23.7764 -81.5
      vertex 8.94462 -23.2336 -93
      vertex 10.3893 -22.5904 -81.5
    endloop
  endfacet
  facet normal 0.406722 -0.913552 0
    outer loop
      vertex 7.72542 -23.7764 -81.5
      vertex 8.94462 -23.2336 -97
      vertex 8.94462 -23.2336 -93
    endloop
  endfacet
  facet normal 0.406722 -0.913552 0
    outer loop
      vertex 7.72542 -23.7764 -110
      vertex 8.94462 -23.2336 -97
      vertex 7.72542 -23.7764 -81.5
    endloop
  endfacet
  facet normal 0.406726 -0.91355 -4.52047e-07
    outer loop
      vertex 10.3893 -22.5904 -110
      vertex 8.94462 -23.2336 -97
      vertex 7.72542 -23.7764 -110
    endloop
  endfacet
  facet normal 0.40673 -0.913549 0
    outer loop
      vertex 8.94462 -23.2336 -97
      vertex 10.3893 -22.5904 -110
      vertex 10.3893 -22.5904 -97
    endloop
  endfacet
  facet normal 0.40673 -0.913549 0
    outer loop
      vertex 10.3893 -22.5904 -81.5
      vertex 8.94462 -23.2336 -93
      vertex 10.3893 -22.5904 -93
    endloop
  endfacet
  facet normal 0 -1 0
    outer loop
      vertex -2.61321 -24.863 -110
      vertex 2.61321 -24.863 -81.5
      vertex -2.61321 -24.863 -81.5
    endloop
  endfacet
  facet normal 0 -1 -0
    outer loop
      vertex 2.61321 -24.863 -81.5
      vertex -2.61321 -24.863 -110
      vertex 2.61321 -24.863 -110
    endloop
  endfacet
  facet normal -0.207906 -0.978149 0
    outer loop
      vertex -7.72542 -23.7764 -110
      vertex -2.61321 -24.863 -81.5
      vertex -7.72542 -23.7764 -81.5
    endloop
  endfacet
  facet normal -0.207906 -0.978149 -0
    outer loop
      vertex -2.61321 -24.863 -81.5
      vertex -7.72542 -23.7764 -110
      vertex -2.61321 -24.863 -110
    endloop
  endfacet
  facet normal -0.951054 0.309026 0
    outer loop
      vertex -24.4537 5.19779 -110
      vertex -22.8386 10.1684 -81.5
      vertex -22.8386 10.1684 -110
    endloop
  endfacet
  facet normal -0.951054 0.309026 0
    outer loop
      vertex -22.8386 10.1684 -81.5
      vertex -24.4537 5.19779 -110
      vertex -24.4537 5.19779 -81.5
    endloop
  endfacet
  facet normal 0 0 -1
    outer loop
      vertex 26.7678 -1.76777 65
      vertex 26.7678 1.76777 65
      vertex 27.5 0 65
    endloop
  endfacet
  facet normal 0 0 -1
    outer loop
      vertex 25 -2.5 65
      vertex 26.7678 1.76777 65
      vertex 26.7678 -1.76777 65
    endloop
  endfacet
  facet normal 0 0 -1
    outer loop
      vertex 25 -2.5 65
      vertex 25 2.5 65
      vertex 26.7678 1.76777 65
    endloop
  endfacet
  facet normal 0 0 -1
    outer loop
      vertex 23.2322 -1.76777 65
      vertex 25 2.5 65
      vertex 25 -2.5 65
    endloop
  endfacet
  facet normal 0 0 -1
    outer loop
      vertex 23.2322 -1.76777 65
      vertex 23.2322 1.76777 65
      vertex 25 2.5 65
    endloop
  endfacet
  facet normal 0 -0 -1
    outer loop
      vertex 23.2322 1.76777 65
      vertex 23.2322 -1.76777 65
      vertex 22.5 0 65
    endloop
  endfacet
  facet normal 0 0 1
    outer loop
      vertex 26.7678 1.76777 -65
      vertex 26.7678 -1.76777 -65
      vertex 27.5 0 -65
    endloop
  endfacet
  facet normal 0 0 1
    outer loop
      vertex 25 2.5 -65
      vertex 26.7678 -1.76777 -65
      vertex 26.7678 1.76777 -65
    endloop
  endfacet
  facet normal 0 0 1
    outer loop
      vertex 25 2.5 -65
      vertex 25 -2.5 -65
      vertex 26.7678 -1.76777 -65
    endloop
  endfacet
  facet normal -0 0 1
    outer loop
      vertex 23.2322 1.76777 -65
      vertex 25 -2.5 -65
      vertex 25 2.5 -65
    endloop
  endfacet
  facet normal 0 0 1
    outer loop
      vertex 23.2322 1.76777 -65
      vertex 23.2322 -1.76777 -65
      vertex 25 -2.5 -65
    endloop
  endfacet
  facet normal 0 -0 1
    outer loop
      vertex 23.2322 -1.76777 -65
      vertex 23.2322 1.76777 -65
      vertex 22.5 0 -65
    endloop
  endfacet
  facet normal 0.748527 0.663104 0
    outer loop
      vertex 28.5418 1.85889 97
      vertex 27.2723 3.29193 93
      vertex 27.2723 3.29193 97
    endloop
  endfacet
  facet normal 0.748527 0.663104 0
    outer loop
      vertex 27.2723 3.29193 93
      vertex 28.5418 1.85889 97
      vertex 28.5418 1.85889 93
    endloop
  endfacet
  facet normal 0.970939 0.239328 0
    outer loop
      vertex 29 0 97
      vertex 28.5418 1.85889 93
      vertex 28.5418 1.85889 97
    endloop
  endfacet
  facet normal 0.970939 0.239328 0
    outer loop
      vertex 28.5418 1.85889 93
      vertex 29 0 97
      vertex 29 0 93
    endloop
  endfacet
  facet normal 0.35459 0.935022 -0
    outer loop
      vertex 27.2723 3.29193 93
      vertex 25.4821 3.97083 97
      vertex 27.2723 3.29193 97
    endloop
  endfacet
  facet normal 0.35459 0.935022 0
    outer loop
      vertex 25.4821 3.97083 97
      vertex 27.2723 3.29193 93
      vertex 25.4821 3.97083 93
    endloop
  endfacet
  facet normal 0.970939 -0.239328 0
    outer loop
      vertex 28.5418 -1.85889 97
      vertex 29 0 93
      vertex 29 0 97
    endloop
  endfacet
  facet normal 0.970939 -0.239328 0
    outer loop
      vertex 29 0 93
      vertex 28.5418 -1.85889 97
      vertex 28.5418 -1.85889 93
    endloop
  endfacet
  facet normal 0 0 1
    outer loop
      vertex 22.5 0 97
      vertex 24.7482 2.3957 97
      vertex 23.2322 1.76777 97
    endloop
  endfacet
  facet normal 0 0 1
    outer loop
      vertex 24.7482 2.3957 97
      vertex 22.5 0 97
      vertex 24.7482 -2.3957 97
    endloop
  endfacet
  facet normal 0 0 1
    outer loop
      vertex 24.7482 -2.3957 97
      vertex 22.5 0 97
      vertex 23.2322 -1.76777 97
    endloop
  endfacet
  facet normal 0 0 1
    outer loop
      vertex 24.7482 2.3957 97
      vertex 29 0 97
      vertex 28.5418 1.85889 97
    endloop
  endfacet
  facet normal -0 0 1
    outer loop
      vertex 24.7482 2.3957 97
      vertex 28.5418 1.85889 97
      vertex 27.2723 3.29193 97
    endloop
  endfacet
  facet normal 0 0 1
    outer loop
      vertex 24.7482 -2.3957 97
      vertex 29 0 97
      vertex 24.7482 2.3957 97
    endloop
  endfacet
  facet normal 0 0 1
    outer loop
      vertex 24.7482 2.3957 97
      vertex 27.2723 3.29193 97
      vertex 25.4821 3.97083 97
    endloop
  endfacet
  facet normal 0 0 1
    outer loop
      vertex 29 0 97
      vertex 24.7482 -2.3957 97
      vertex 28.5418 -1.85889 97
    endloop
  endfacet
  facet normal 0 0 1
    outer loop
      vertex 28.5418 -1.85889 97
      vertex 24.7482 -2.3957 97
      vertex 27.2723 -3.29193 97
    endloop
  endfacet
  facet normal 0 -0 1
    outer loop
      vertex 24.7482 2.3957 97
      vertex 25.4821 3.97083 97
      vertex 24.594 3.86299 97
    endloop
  endfacet
  facet normal 0 0 1
    outer loop
      vertex 27.2723 -3.29193 97
      vertex 24.7482 -2.3957 97
      vertex 25.4821 -3.97083 97
    endloop
  endfacet
  facet normal 0 0 1
    outer loop
      vertex 25.4821 -3.97083 97
      vertex 24.7482 -2.3957 97
      vertex 24.594 -3.86299 97
    endloop
  endfacet
  facet normal -0.120542 -0.992708 0
    outer loop
      vertex 24.594 -3.86299 93
      vertex 25.4821 -3.97083 97
      vertex 24.594 -3.86299 97
    endloop
  endfacet
  facet normal -0.120542 -0.992708 -0
    outer loop
      vertex 25.4821 -3.97083 97
      vertex 24.594 -3.86299 93
      vertex 25.4821 -3.97083 93
    endloop
  endfacet
  facet normal 0.748527 -0.663104 0
    outer loop
      vertex 27.2723 -3.29193 97
      vertex 28.5418 -1.85889 93
      vertex 28.5418 -1.85889 97
    endloop
  endfacet
  facet normal 0.748527 -0.663104 0
    outer loop
      vertex 28.5418 -1.85889 93
      vertex 27.2723 -3.29193 97
      vertex 27.2723 -3.29193 93
    endloop
  endfacet
  facet normal 0.35459 -0.935022 0
    outer loop
      vertex 25.4821 -3.97083 93
      vertex 27.2723 -3.29193 97
      vertex 25.4821 -3.97083 97
    endloop
  endfacet
  facet normal 0.35459 -0.935022 0
    outer loop
      vertex 27.2723 -3.29193 97
      vertex 25.4821 -3.97083 93
      vertex 27.2723 -3.29193 93
    endloop
  endfacet
  facet normal -0.120542 0.992708 0
    outer loop
      vertex 25.4821 3.97083 93
      vertex 24.594 3.86299 97
      vertex 25.4821 3.97083 97
    endloop
  endfacet
  facet normal -0.120542 0.992708 0
    outer loop
      vertex 24.594 3.86299 97
      vertex 25.4821 3.97083 93
      vertex 24.594 3.86299 93
    endloop
  endfacet
  facet normal 0 0 -1
    outer loop
      vertex 27.5 0 93
      vertex 29 0 93
      vertex 28.5418 -1.85889 93
    endloop
  endfacet
  facet normal 0 0 -1
    outer loop
      vertex 29 0 93
      vertex 27.5 0 93
      vertex 28.5418 1.85889 93
    endloop
  endfacet
  facet normal 0 0 -1
    outer loop
      vertex 26.7678 -1.76777 93
      vertex 28.5418 -1.85889 93
      vertex 27.2723 -3.29193 93
    endloop
  endfacet
  facet normal 0 0 -1
    outer loop
      vertex 28.5418 -1.85889 93
      vertex 26.7678 -1.76777 93
      vertex 27.5 0 93
    endloop
  endfacet
  facet normal 0 0 -1
    outer loop
      vertex 25 -2.5 93
      vertex 27.2723 -3.29193 93
      vertex 25.4821 -3.97083 93
    endloop
  endfacet
  facet normal 0 0 -1
    outer loop
      vertex 27.2723 -3.29193 93
      vertex 25 -2.5 93
      vertex 26.7678 -1.76777 93
    endloop
  endfacet
  facet normal 0 0 -1
    outer loop
      vertex 24.594 -3.86299 93
      vertex 25 -2.5 93
      vertex 25.4821 -3.97083 93
    endloop
  endfacet
  facet normal -0 0 -1
    outer loop
      vertex 25 -2.5 93
      vertex 24.594 -3.86299 93
      vertex 24.7482 -2.3957 93
    endloop
  endfacet
  facet normal 0 0 -1
    outer loop
      vertex 26.7678 1.76777 93
      vertex 28.5418 1.85889 93
      vertex 27.5 0 93
    endloop
  endfacet
  facet normal -0 0 -1
    outer loop
      vertex 28.5418 1.85889 93
      vertex 26.7678 1.76777 93
      vertex 27.2723 3.29193 93
    endloop
  endfacet
  facet normal 0 0 -1
    outer loop
      vertex 25 2.5 93
      vertex 27.2723 3.29193 93
      vertex 26.7678 1.76777 93
    endloop
  endfacet
  facet normal -0 0 -1
    outer loop
      vertex 27.2723 3.29193 93
      vertex 25 2.5 93
      vertex 25.4821 3.97083 93
    endloop
  endfacet
  facet normal 0 0 -1
    outer loop
      vertex 24.594 3.86299 93
      vertex 25 2.5 93
      vertex 24.7482 2.3957 93
    endloop
  endfacet
  facet normal 0 0 -1
    outer loop
      vertex 25 2.5 93
      vertex 24.594 3.86299 93
      vertex 25.4821 3.97083 93
    endloop
  endfacet
  facet normal 0.748527 0.663104 0
    outer loop
      vertex 28.5418 1.85889 -93
      vertex 27.2723 3.29193 -97
      vertex 27.2723 3.29193 -93
    endloop
  endfacet
  facet normal 0.748527 0.663104 0
    outer loop
      vertex 27.2723 3.29193 -97
      vertex 28.5418 1.85889 -93
      vertex 28.5418 1.85889 -97
    endloop
  endfacet
  facet normal 0.970939 0.239328 0
    outer loop
      vertex 29 0 -93
      vertex 28.5418 1.85889 -97
      vertex 28.5418 1.85889 -93
    endloop
  endfacet
  facet normal 0.970939 0.239328 0
    outer loop
      vertex 28.5418 1.85889 -97
      vertex 29 0 -93
      vertex 29 0 -97
    endloop
  endfacet
  facet normal 0.35459 0.935022 -0
    outer loop
      vertex 27.2723 3.29193 -97
      vertex 25.4821 3.97083 -93
      vertex 27.2723 3.29193 -93
    endloop
  endfacet
  facet normal 0.35459 0.935022 0
    outer loop
      vertex 25.4821 3.97083 -93
      vertex 27.2723 3.29193 -97
      vertex 25.4821 3.97083 -97
    endloop
  endfacet
  facet normal 0.970939 -0.239328 0
    outer loop
      vertex 28.5418 -1.85889 -93
      vertex 29 0 -97
      vertex 29 0 -93
    endloop
  endfacet
  facet normal 0.970939 -0.239328 0
    outer loop
      vertex 29 0 -97
      vertex 28.5418 -1.85889 -93
      vertex 28.5418 -1.85889 -97
    endloop
  endfacet
  facet normal 0 0 1
    outer loop
      vertex 27.5 0 -93
      vertex 29 0 -93
      vertex 28.5418 1.85889 -93
    endloop
  endfacet
  facet normal 0 0 1
    outer loop
      vertex 29 0 -93
      vertex 27.5 0 -93
      vertex 28.5418 -1.85889 -93
    endloop
  endfacet
  facet normal 0 0 1
    outer loop
      vertex 26.7678 1.76777 -93
      vertex 28.5418 1.85889 -93
      vertex 27.2723 3.29193 -93
    endloop
  endfacet
  facet normal 0 0 1
    outer loop
      vertex 28.5418 1.85889 -93
      vertex 26.7678 1.76777 -93
      vertex 27.5 0 -93
    endloop
  endfacet
  facet normal 0 0 1
    outer loop
      vertex 25 2.5 -93
      vertex 27.2723 3.29193 -93
      vertex 25.4821 3.97083 -93
    endloop
  endfacet
  facet normal 0 0 1
    outer loop
      vertex 27.2723 3.29193 -93
      vertex 25 2.5 -93
      vertex 26.7678 1.76777 -93
    endloop
  endfacet
  facet normal -0 0 1
    outer loop
      vertex 24.594 3.86299 -93
      vertex 25 2.5 -93
      vertex 25.4821 3.97083 -93
    endloop
  endfacet
  facet normal 0 0 1
    outer loop
      vertex 25 2.5 -93
      vertex 24.594 3.86299 -93
      vertex 24.7482 2.3957 -93
    endloop
  endfacet
  facet normal -0 0 1
    outer loop
      vertex 26.7678 -1.76777 -93
      vertex 28.5418 -1.85889 -93
      vertex 27.5 0 -93
    endloop
  endfacet
  facet normal 0 0 1
    outer loop
      vertex 28.5418 -1.85889 -93
      vertex 26.7678 -1.76777 -93
      vertex 27.2723 -3.29193 -93
    endloop
  endfacet
  facet normal -0 0 1
    outer loop
      vertex 25 -2.5 -93
      vertex 27.2723 -3.29193 -93
      vertex 26.7678 -1.76777 -93
    endloop
  endfacet
  facet normal 0 0 1
    outer loop
      vertex 27.2723 -3.29193 -93
      vertex 25 -2.5 -93
      vertex 25.4821 -3.97083 -93
    endloop
  endfacet
  facet normal 0 0 1
    outer loop
      vertex 24.594 -3.86299 -93
      vertex 25 -2.5 -93
      vertex 24.7482 -2.3957 -93
    endloop
  endfacet
  facet normal 0 0 1
    outer loop
      vertex 25 -2.5 -93
      vertex 24.594 -3.86299 -93
      vertex 25.4821 -3.97083 -93
    endloop
  endfacet
  facet normal -0.120542 -0.992708 0
    outer loop
      vertex 24.594 -3.86299 -97
      vertex 25.4821 -3.97083 -93
      vertex 24.594 -3.86299 -93
    endloop
  endfacet
  facet normal -0.120542 -0.992708 -0
    outer loop
      vertex 25.4821 -3.97083 -93
      vertex 24.594 -3.86299 -97
      vertex 25.4821 -3.97083 -97
    endloop
  endfacet
  facet normal 0.748527 -0.663104 0
    outer loop
      vertex 27.2723 -3.29193 -93
      vertex 28.5418 -1.85889 -97
      vertex 28.5418 -1.85889 -93
    endloop
  endfacet
  facet normal 0.748527 -0.663104 0
    outer loop
      vertex 28.5418 -1.85889 -97
      vertex 27.2723 -3.29193 -93
      vertex 27.2723 -3.29193 -97
    endloop
  endfacet
  facet normal 0.35459 -0.935022 0
    outer loop
      vertex 25.4821 -3.97083 -97
      vertex 27.2723 -3.29193 -93
      vertex 25.4821 -3.97083 -93
    endloop
  endfacet
  facet normal 0.35459 -0.935022 0
    outer loop
      vertex 27.2723 -3.29193 -93
      vertex 25.4821 -3.97083 -97
      vertex 27.2723 -3.29193 -97
    endloop
  endfacet
  facet normal -0.120542 0.992708 0
    outer loop
      vertex 25.4821 3.97083 -97
      vertex 24.594 3.86299 -93
      vertex 25.4821 3.97083 -93
    endloop
  endfacet
  facet normal -0.120542 0.992708 0
    outer loop
      vertex 24.594 3.86299 -93
      vertex 25.4821 3.97083 -97
      vertex 24.594 3.86299 -97
    endloop
  endfacet
  facet normal 0 0 -1
    outer loop
      vertex 22.5 0 -97
      vertex 24.7482 -2.3957 -97
      vertex 23.2322 -1.76777 -97
    endloop
  endfacet
  facet normal 0 0 -1
    outer loop
      vertex 24.7482 -2.3957 -97
      vertex 22.5 0 -97
      vertex 24.7482 2.3957 -97
    endloop
  endfacet
  facet normal 0 0 -1
    outer loop
      vertex 24.7482 2.3957 -97
      vertex 22.5 0 -97
      vertex 23.2322 1.76777 -97
    endloop
  endfacet
  facet normal 0 0 -1
    outer loop
      vertex 24.7482 -2.3957 -97
      vertex 29 0 -97
      vertex 28.5418 -1.85889 -97
    endloop
  endfacet
  facet normal 0 0 -1
    outer loop
      vertex 24.7482 -2.3957 -97
      vertex 28.5418 -1.85889 -97
      vertex 27.2723 -3.29193 -97
    endloop
  endfacet
  facet normal 0 0 -1
    outer loop
      vertex 24.7482 2.3957 -97
      vertex 29 0 -97
      vertex 24.7482 -2.3957 -97
    endloop
  endfacet
  facet normal 0 0 -1
    outer loop
      vertex 24.7482 -2.3957 -97
      vertex 27.2723 -3.29193 -97
      vertex 25.4821 -3.97083 -97
    endloop
  endfacet
  facet normal 0 0 -1
    outer loop
      vertex 29 0 -97
      vertex 24.7482 2.3957 -97
      vertex 28.5418 1.85889 -97
    endloop
  endfacet
  facet normal 0 0 -1
    outer loop
      vertex 28.5418 1.85889 -97
      vertex 24.7482 2.3957 -97
      vertex 27.2723 3.29193 -97
    endloop
  endfacet
  facet normal 0 -0 -1
    outer loop
      vertex 24.7482 -2.3957 -97
      vertex 25.4821 -3.97083 -97
      vertex 24.594 -3.86299 -97
    endloop
  endfacet
  facet normal -0 0 -1
    outer loop
      vertex 27.2723 3.29193 -97
      vertex 24.7482 2.3957 -97
      vertex 25.4821 3.97083 -97
    endloop
  endfacet
  facet normal 0 0 -1
    outer loop
      vertex 25.4821 3.97083 -97
      vertex 24.7482 2.3957 -97
      vertex 24.594 3.86299 -97
    endloop
  endfacet
  facet normal 0 0 -1
    outer loop
      vertex 14.2678 19.8829 65
      vertex 14.2678 23.4184 65
      vertex 15 21.6506 65
    endloop
  endfacet
  facet normal 0 0 -1
    outer loop
      vertex 12.5 19.1506 65
      vertex 14.2678 23.4184 65
      vertex 14.2678 19.8829 65
    endloop
  endfacet
  facet normal 0 0 -1
    outer loop
      vertex 12.5 19.1506 65
      vertex 12.5 24.1506 65
      vertex 14.2678 23.4184 65
    endloop
  endfacet
  facet normal 0 0 -1
    outer loop
      vertex 10.7322 19.8829 65
      vertex 12.5 24.1506 65
      vertex 12.5 19.1506 65
    endloop
  endfacet
  facet normal 0 0 -1
    outer loop
      vertex 10.7322 19.8829 65
      vertex 10.7322 23.4184 65
      vertex 12.5 24.1506 65
    endloop
  endfacet
  facet normal 0 -0 -1
    outer loop
      vertex 10.7322 23.4184 65
      vertex 10.7322 19.8829 65
      vertex 10 21.6506 65
    endloop
  endfacet
  facet normal 0 0 1
    outer loop
      vertex 14.2678 23.4184 -65
      vertex 14.2678 19.8829 -65
      vertex 15 21.6506 -65
    endloop
  endfacet
  facet normal 0 0 1
    outer loop
      vertex 12.5 24.1506 -65
      vertex 14.2678 19.8829 -65
      vertex 14.2678 23.4184 -65
    endloop
  endfacet
  facet normal 0 0 1
    outer loop
      vertex 12.5 24.1506 -65
      vertex 12.5 19.1506 -65
      vertex 14.2678 19.8829 -65
    endloop
  endfacet
  facet normal -0 0 1
    outer loop
      vertex 10.7322 23.4184 -65
      vertex 12.5 19.1506 -65
      vertex 12.5 24.1506 -65
    endloop
  endfacet
  facet normal 0 0 1
    outer loop
      vertex 10.7322 23.4184 -65
      vertex 10.7322 19.8829 -65
      vertex 12.5 19.1506 -65
    endloop
  endfacet
  facet normal 0 -0 1
    outer loop
      vertex 10.7322 19.8829 -65
      vertex 10.7322 23.4184 -65
      vertex 10 21.6506 -65
    endloop
  endfacet
  facet normal 0.748541 0.663089 0
    outer loop
      vertex 16.0418 23.5095 97
      vertex 14.7723 24.9426 93
      vertex 14.7723 24.9426 97
    endloop
  endfacet
  facet normal 0.748541 0.663089 0
    outer loop
      vertex 14.7723 24.9426 93
      vertex 16.0418 23.5095 97
      vertex 16.0418 23.5095 93
    endloop
  endfacet
  facet normal 0.970939 0.239327 0
    outer loop
      vertex 16.5 21.6506 97
      vertex 16.0418 23.5095 93
      vertex 16.0418 23.5095 97
    endloop
  endfacet
  facet normal 0.970939 0.239327 0
    outer loop
      vertex 16.0418 23.5095 93
      vertex 16.5 21.6506 97
      vertex 16.5 21.6506 93
    endloop
  endfacet
  facet normal 0.35459 0.935022 -0
    outer loop
      vertex 14.7723 24.9426 93
      vertex 12.9821 25.6215 97
      vertex 14.7723 24.9426 97
    endloop
  endfacet
  facet normal 0.35459 0.935022 0
    outer loop
      vertex 12.9821 25.6215 97
      vertex 14.7723 24.9426 93
      vertex 12.9821 25.6215 93
    endloop
  endfacet
  facet normal -0.120556 0.992707 0
    outer loop
      vertex 12.9821 25.6215 93
      vertex 11.0816 25.3907 97
      vertex 12.9821 25.6215 97
    endloop
  endfacet
  facet normal -0.120556 0.992707 0
    outer loop
      vertex 11.0816 25.3907 97
      vertex 12.9821 25.6215 93
      vertex 11.0816 25.3907 93
    endloop
  endfacet
  facet normal -0.56807 0.82298 0
    outer loop
      vertex 11.0816 25.3907 93
      vertex 9.50596 24.3031 97
      vertex 11.0816 25.3907 97
    endloop
  endfacet
  facet normal -0.56807 0.82298 0
    outer loop
      vertex 9.50596 24.3031 97
      vertex 11.0816 25.3907 93
      vertex 9.50596 24.3031 93
    endloop
  endfacet
  facet normal -0.885448 0.464738 0
    outer loop
      vertex 8.94462 23.2336 93
      vertex 9.50596 24.3031 97
      vertex 9.50596 24.3031 93
    endloop
  endfacet
  facet normal -0.885448 0.464738 0
    outer loop
      vertex 9.50596 24.3031 97
      vertex 8.94462 23.2336 93
      vertex 8.94462 23.2336 97
    endloop
  endfacet
  facet normal 0.74853 -0.663101 0
    outer loop
      vertex 15.6568 19.3571 97
      vertex 16.0418 19.7917 93
      vertex 16.0418 19.7917 97
    endloop
  endfacet
  facet normal 0.74853 -0.663101 0
    outer loop
      vertex 16.0418 19.7917 93
      vertex 15.6568 19.3571 97
      vertex 15.6568 19.3571 93
    endloop
  endfacet
  facet normal 0.970939 -0.239327 0
    outer loop
      vertex 16.0418 19.7917 97
      vertex 16.5 21.6506 93
      vertex 16.5 21.6506 97
    endloop
  endfacet
  facet normal 0.970939 -0.239327 0
    outer loop
      vertex 16.5 21.6506 93
      vertex 16.0418 19.7917 97
      vertex 16.0418 19.7917 93
    endloop
  endfacet
  facet normal 0 0 -1
    outer loop
      vertex 16.0418 19.7917 93
      vertex 14.4217 20.2545 93
      vertex 15 21.6506 93
    endloop
  endfacet
  facet normal 0 0 -1
    outer loop
      vertex 15 21.6506 93
      vertex 16.5 21.6506 93
      vertex 16.0418 19.7917 93
    endloop
  endfacet
  facet normal 0 0 -1
    outer loop
      vertex 14.4217 20.2545 93
      vertex 16.0418 19.7917 93
      vertex 15.6568 19.3571 93
    endloop
  endfacet
  facet normal 0 0 -1
    outer loop
      vertex 16.5 21.6506 93
      vertex 15 21.6506 93
      vertex 16.0418 23.5095 93
    endloop
  endfacet
  facet normal 0 0 -1
    outer loop
      vertex 14.2678 23.4184 93
      vertex 16.0418 23.5095 93
      vertex 15 21.6506 93
    endloop
  endfacet
  facet normal -0 0 -1
    outer loop
      vertex 16.0418 23.5095 93
      vertex 14.2678 23.4184 93
      vertex 14.7723 24.9426 93
    endloop
  endfacet
  facet normal 0 0 -1
    outer loop
      vertex 12.5 24.1506 93
      vertex 14.7723 24.9426 93
      vertex 14.2678 23.4184 93
    endloop
  endfacet
  facet normal -0 0 -1
    outer loop
      vertex 14.7723 24.9426 93
      vertex 12.5 24.1506 93
      vertex 12.9821 25.6215 93
    endloop
  endfacet
  facet normal 0 0 -1
    outer loop
      vertex 12.5 24.1506 93
      vertex 11.0816 25.3907 93
      vertex 12.9821 25.6215 93
    endloop
  endfacet
  facet normal 0 0 -1
    outer loop
      vertex 10.7322 23.4184 93
      vertex 11.0816 25.3907 93
      vertex 12.5 24.1506 93
    endloop
  endfacet
  facet normal 0 0 -1
    outer loop
      vertex 8.94462 23.2336 93
      vertex 10.7322 23.4184 93
      vertex 10.3893 22.5904 93
    endloop
  endfacet
  facet normal 0 0 -1
    outer loop
      vertex 10.7322 23.4184 93
      vertex 9.50596 24.3031 93
      vertex 11.0816 25.3907 93
    endloop
  endfacet
  facet normal -0 0 -1
    outer loop
      vertex 10.7322 23.4184 93
      vertex 8.94462 23.2336 93
      vertex 9.50596 24.3031 93
    endloop
  endfacet
  facet normal 0 0 1
    outer loop
      vertex 14.4217 20.2545 97
      vertex 16.5 21.6506 97
      vertex 16.0418 23.5095 97
    endloop
  endfacet
  facet normal 0 0 1
    outer loop
      vertex 16.5 21.6506 97
      vertex 14.4217 20.2545 97
      vertex 16.0418 19.7917 97
    endloop
  endfacet
  facet normal 0 0 1
    outer loop
      vertex 14.4217 20.2545 97
      vertex 16.0418 23.5095 97
      vertex 14.7723 24.9426 97
    endloop
  endfacet
  facet normal 0 0 1
    outer loop
      vertex 16.0418 19.7917 97
      vertex 14.4217 20.2545 97
      vertex 15.6568 19.3571 97
    endloop
  endfacet
  facet normal -0 0 1
    outer loop
      vertex 10.3893 22.5904 97
      vertex 14.4217 20.2545 97
      vertex 14.7723 24.9426 97
    endloop
  endfacet
  facet normal 0 0 1
    outer loop
      vertex 10.3893 22.5904 97
      vertex 14.7723 24.9426 97
      vertex 12.9821 25.6215 97
    endloop
  endfacet
  facet normal 0 -0 1
    outer loop
      vertex 12.5 19.1506 97
      vertex 14.4217 20.2545 97
      vertex 10.3893 22.5904 97
    endloop
  endfacet
  facet normal 0 0 1
    outer loop
      vertex 10.3893 22.5904 97
      vertex 12.9821 25.6215 97
      vertex 11.0816 25.3907 97
    endloop
  endfacet
  facet normal 0 0 1
    outer loop
      vertex 14.4217 20.2545 97
      vertex 12.5 19.1506 97
      vertex 14.2678 19.8829 97
    endloop
  endfacet
  facet normal 0 0 1
    outer loop
      vertex 12.5 19.1506 97
      vertex 10.3893 22.5904 97
      vertex 10.7322 19.8829 97
    endloop
  endfacet
  facet normal -0 0 1
    outer loop
      vertex 9.50596 24.3031 97
      vertex 10.3893 22.5904 97
      vertex 11.0816 25.3907 97
    endloop
  endfacet
  facet normal 0 0 1
    outer loop
      vertex 10.3893 22.5904 97
      vertex 9.50596 24.3031 97
      vertex 8.94462 23.2336 97
    endloop
  endfacet
  facet normal 0 0 1
    outer loop
      vertex 10.7322 19.8829 97
      vertex 10.3893 22.5904 97
      vertex 10 21.6506 97
    endloop
  endfacet
  facet normal 0.748541 0.663089 0
    outer loop
      vertex 16.0418 23.5095 -93
      vertex 14.7723 24.9426 -97
      vertex 14.7723 24.9426 -93
    endloop
  endfacet
  facet normal 0.748541 0.663089 0
    outer loop
      vertex 14.7723 24.9426 -97
      vertex 16.0418 23.5095 -93
      vertex 16.0418 23.5095 -97
    endloop
  endfacet
  facet normal 0.970939 0.239327 0
    outer loop
      vertex 16.5 21.6506 -93
      vertex 16.0418 23.5095 -97
      vertex 16.0418 23.5095 -93
    endloop
  endfacet
  facet normal 0.970939 0.239327 0
    outer loop
      vertex 16.0418 23.5095 -97
      vertex 16.5 21.6506 -93
      vertex 16.5 21.6506 -97
    endloop
  endfacet
  facet normal 0.35459 0.935022 -0
    outer loop
      vertex 14.7723 24.9426 -97
      vertex 12.9821 25.6215 -93
      vertex 14.7723 24.9426 -93
    endloop
  endfacet
  facet normal 0.35459 0.935022 0
    outer loop
      vertex 12.9821 25.6215 -93
      vertex 14.7723 24.9426 -97
      vertex 12.9821 25.6215 -97
    endloop
  endfacet
  facet normal -0.120556 0.992707 0
    outer loop
      vertex 12.9821 25.6215 -97
      vertex 11.0816 25.3907 -93
      vertex 12.9821 25.6215 -93
    endloop
  endfacet
  facet normal -0.120556 0.992707 0
    outer loop
      vertex 11.0816 25.3907 -93
      vertex 12.9821 25.6215 -97
      vertex 11.0816 25.3907 -97
    endloop
  endfacet
  facet normal -0.56807 0.82298 0
    outer loop
      vertex 11.0816 25.3907 -97
      vertex 9.50596 24.3031 -93
      vertex 11.0816 25.3907 -93
    endloop
  endfacet
  facet normal -0.56807 0.82298 0
    outer loop
      vertex 9.50596 24.3031 -93
      vertex 11.0816 25.3907 -97
      vertex 9.50596 24.3031 -97
    endloop
  endfacet
  facet normal -0.885448 0.464738 0
    outer loop
      vertex 8.94462 23.2336 -97
      vertex 9.50596 24.3031 -93
      vertex 9.50596 24.3031 -97
    endloop
  endfacet
  facet normal -0.885448 0.464738 0
    outer loop
      vertex 9.50596 24.3031 -93
      vertex 8.94462 23.2336 -97
      vertex 8.94462 23.2336 -93
    endloop
  endfacet
  facet normal 0.74853 -0.663101 0
    outer loop
      vertex 15.6568 19.3571 -93
      vertex 16.0418 19.7917 -97
      vertex 16.0418 19.7917 -93
    endloop
  endfacet
  facet normal 0.74853 -0.663101 0
    outer loop
      vertex 16.0418 19.7917 -97
      vertex 15.6568 19.3571 -93
      vertex 15.6568 19.3571 -97
    endloop
  endfacet
  facet normal 0.970939 -0.239327 0
    outer loop
      vertex 16.0418 19.7917 -93
      vertex 16.5 21.6506 -97
      vertex 16.5 21.6506 -93
    endloop
  endfacet
  facet normal 0.970939 -0.239327 0
    outer loop
      vertex 16.5 21.6506 -97
      vertex 16.0418 19.7917 -93
      vertex 16.0418 19.7917 -97
    endloop
  endfacet
  facet normal 0 0 -1
    outer loop
      vertex 10.7322 19.8829 -97
      vertex 10 21.6506 -97
      vertex 10.3893 22.5904 -97
    endloop
  endfacet
  facet normal 0 0 -1
    outer loop
      vertex 14.4217 20.2545 -97
      vertex 16.5 21.6506 -97
      vertex 16.0418 19.7917 -97
    endloop
  endfacet
  facet normal 0 0 -1
    outer loop
      vertex 14.4217 20.2545 -97
      vertex 16.0418 19.7917 -97
      vertex 15.6568 19.3571 -97
    endloop
  endfacet
  facet normal -0 0 -1
    outer loop
      vertex 16.5 21.6506 -97
      vertex 14.4217 20.2545 -97
      vertex 16.0418 23.5095 -97
    endloop
  endfacet
  facet normal -0 0 -1
    outer loop
      vertex 16.0418 23.5095 -97
      vertex 14.4217 20.2545 -97
      vertex 14.7723 24.9426 -97
    endloop
  endfacet
  facet normal 0 0 -1
    outer loop
      vertex 12.5 19.1506 -97
      vertex 14.4217 20.2545 -97
      vertex 14.2678 19.8829 -97
    endloop
  endfacet
  facet normal 0 0 -1
    outer loop
      vertex 14.4217 20.2545 -97
      vertex 10.3893 22.5904 -97
      vertex 14.7723 24.9426 -97
    endloop
  endfacet
  facet normal -0 0 -1
    outer loop
      vertex 14.4217 20.2545 -97
      vertex 12.5 19.1506 -97
      vertex 10.3893 22.5904 -97
    endloop
  endfacet
  facet normal -0 0 -1
    outer loop
      vertex 14.7723 24.9426 -97
      vertex 10.3893 22.5904 -97
      vertex 12.9821 25.6215 -97
    endloop
  endfacet
  facet normal 0 0 -1
    outer loop
      vertex 10.3893 22.5904 -97
      vertex 12.5 19.1506 -97
      vertex 10.7322 19.8829 -97
    endloop
  endfacet
  facet normal 0 0 -1
    outer loop
      vertex 12.9821 25.6215 -97
      vertex 10.3893 22.5904 -97
      vertex 11.0816 25.3907 -97
    endloop
  endfacet
  facet normal 0 0 -1
    outer loop
      vertex 10.3893 22.5904 -97
      vertex 9.50596 24.3031 -97
      vertex 11.0816 25.3907 -97
    endloop
  endfacet
  facet normal 0 -0 -1
    outer loop
      vertex 9.50596 24.3031 -97
      vertex 10.3893 22.5904 -97
      vertex 8.94462 23.2336 -97
    endloop
  endfacet
  facet normal 0 0 1
    outer loop
      vertex 15 21.6506 -93
      vertex 16.5 21.6506 -93
      vertex 16.0418 23.5095 -93
    endloop
  endfacet
  facet normal 0 0 1
    outer loop
      vertex 16.5 21.6506 -93
      vertex 15 21.6506 -93
      vertex 16.0418 19.7917 -93
    endloop
  endfacet
  facet normal -0 0 1
    outer loop
      vertex 14.4217 20.2545 -93
      vertex 16.0418 19.7917 -93
      vertex 15 21.6506 -93
    endloop
  endfacet
  facet normal 0 0 1
    outer loop
      vertex 14.2678 23.4184 -93
      vertex 16.0418 23.5095 -93
      vertex 14.7723 24.9426 -93
    endloop
  endfacet
  facet normal 0 0 1
    outer loop
      vertex 16.0418 23.5095 -93
      vertex 14.2678 23.4184 -93
      vertex 15 21.6506 -93
    endloop
  endfacet
  facet normal 0 0 1
    outer loop
      vertex 12.5 24.1506 -93
      vertex 14.7723 24.9426 -93
      vertex 12.9821 25.6215 -93
    endloop
  endfacet
  facet normal 0 0 1
    outer loop
      vertex 14.7723 24.9426 -93
      vertex 12.5 24.1506 -93
      vertex 14.2678 23.4184 -93
    endloop
  endfacet
  facet normal -0 0 1
    outer loop
      vertex 11.0816 25.3907 -93
      vertex 12.5 24.1506 -93
      vertex 12.9821 25.6215 -93
    endloop
  endfacet
  facet normal 0 0 1
    outer loop
      vertex 11.0816 25.3907 -93
      vertex 10.7322 23.4184 -93
      vertex 12.5 24.1506 -93
    endloop
  endfacet
  facet normal -0 0 1
    outer loop
      vertex 9.50596 24.3031 -93
      vertex 10.7322 23.4184 -93
      vertex 11.0816 25.3907 -93
    endloop
  endfacet
  facet normal 0 0 1
    outer loop
      vertex 8.94462 23.2336 -93
      vertex 10.7322 23.4184 -93
      vertex 9.50596 24.3031 -93
    endloop
  endfacet
  facet normal 0 0 1
    outer loop
      vertex 10.7322 23.4184 -93
      vertex 8.94462 23.2336 -93
      vertex 10.3893 22.5904 -93
    endloop
  endfacet
  facet normal 0 0 1
    outer loop
      vertex 16.0418 19.7917 -93
      vertex 14.4217 20.2545 -93
      vertex 15.6568 19.3571 -93
    endloop
  endfacet
  facet normal 0 0 -1
    outer loop
      vertex -10.7322 19.8829 65
      vertex -10.7322 23.4184 65
      vertex -10 21.6506 65
    endloop
  endfacet
  facet normal 0 0 -1
    outer loop
      vertex -12.5 19.1506 65
      vertex -10.7322 23.4184 65
      vertex -10.7322 19.8829 65
    endloop
  endfacet
  facet normal 0 0 -1
    outer loop
      vertex -12.5 19.1506 65
      vertex -12.5 24.1506 65
      vertex -10.7322 23.4184 65
    endloop
  endfacet
  facet normal 0 0 -1
    outer loop
      vertex -14.2678 19.8829 65
      vertex -12.5 24.1506 65
      vertex -12.5 19.1506 65
    endloop
  endfacet
  facet normal 0 0 -1
    outer loop
      vertex -14.2678 19.8829 65
      vertex -14.2678 23.4184 65
      vertex -12.5 24.1506 65
    endloop
  endfacet
  facet normal 0 -0 -1
    outer loop
      vertex -14.2678 23.4184 65
      vertex -14.2678 19.8829 65
      vertex -15 21.6506 65
    endloop
  endfacet
  facet normal 0 0 1
    outer loop
      vertex -10.7322 23.4184 -65
      vertex -10.7322 19.8829 -65
      vertex -10 21.6506 -65
    endloop
  endfacet
  facet normal 0 0 1
    outer loop
      vertex -12.5 24.1506 -65
      vertex -10.7322 19.8829 -65
      vertex -10.7322 23.4184 -65
    endloop
  endfacet
  facet normal 0 0 1
    outer loop
      vertex -12.5 24.1506 -65
      vertex -12.5 19.1506 -65
      vertex -10.7322 19.8829 -65
    endloop
  endfacet
  facet normal -0 0 1
    outer loop
      vertex -14.2678 23.4184 -65
      vertex -12.5 19.1506 -65
      vertex -12.5 24.1506 -65
    endloop
  endfacet
  facet normal 0 0 1
    outer loop
      vertex -14.2678 23.4184 -65
      vertex -14.2678 19.8829 -65
      vertex -12.5 19.1506 -65
    endloop
  endfacet
  facet normal 0 -0 1
    outer loop
      vertex -14.2678 19.8829 -65
      vertex -14.2678 23.4184 -65
      vertex -15 21.6506 -65
    endloop
  endfacet
  facet normal 0.748536 0.663095 0
    outer loop
      vertex -8.95818 23.5095 97
      vertex -10.2277 24.9426 93
      vertex -10.2277 24.9426 97
    endloop
  endfacet
  facet normal 0.748536 0.663095 0
    outer loop
      vertex -10.2277 24.9426 93
      vertex -8.95818 23.5095 97
      vertex -8.95818 23.5095 93
    endloop
  endfacet
  facet normal 0.970942 0.239316 0
    outer loop
      vertex -8.89555 23.2554 97
      vertex -8.95818 23.5095 93
      vertex -8.95818 23.5095 97
    endloop
  endfacet
  facet normal 0.970942 0.239316 0
    outer loop
      vertex -8.95818 23.5095 93
      vertex -8.89555 23.2554 97
      vertex -8.89555 23.2554 93
    endloop
  endfacet
  facet normal 0.35459 0.935022 -0
    outer loop
      vertex -10.2277 24.9426 93
      vertex -12.0179 25.6215 97
      vertex -10.2277 24.9426 97
    endloop
  endfacet
  facet normal 0.35459 0.935022 0
    outer loop
      vertex -12.0179 25.6215 97
      vertex -10.2277 24.9426 93
      vertex -12.0179 25.6215 93
    endloop
  endfacet
  facet normal -0.120556 0.992707 0
    outer loop
      vertex -12.0179 25.6215 93
      vertex -13.9184 25.3907 97
      vertex -12.0179 25.6215 97
    endloop
  endfacet
  facet normal -0.120556 0.992707 0
    outer loop
      vertex -13.9184 25.3907 97
      vertex -12.0179 25.6215 93
      vertex -13.9184 25.3907 93
    endloop
  endfacet
  facet normal -0.885437 0.46476 0
    outer loop
      vertex -16.3838 22.6079 93
      vertex -15.494 24.3031 97
      vertex -15.494 24.3031 93
    endloop
  endfacet
  facet normal -0.885437 0.46476 0
    outer loop
      vertex -15.494 24.3031 97
      vertex -16.3838 22.6079 93
      vertex -16.3838 22.6079 97
    endloop
  endfacet
  facet normal 0 0 1
    outer loop
      vertex -10.3893 22.5904 97
      vertex -8.95818 23.5095 97
      vertex -10.2277 24.9426 97
    endloop
  endfacet
  facet normal 0 0 1
    outer loop
      vertex -8.95818 23.5095 97
      vertex -10.3893 22.5904 97
      vertex -8.89555 23.2554 97
    endloop
  endfacet
  facet normal 0 0 1
    outer loop
      vertex -12.0179 25.6215 97
      vertex -10.3893 22.5904 97
      vertex -10.2277 24.9426 97
    endloop
  endfacet
  facet normal -0 0 1
    outer loop
      vertex -13.9184 25.3907 97
      vertex -10.3893 22.5904 97
      vertex -12.0179 25.6215 97
    endloop
  endfacet
  facet normal 0 0 1
    outer loop
      vertex -10.3893 22.5904 97
      vertex -14.4217 20.2545 97
      vertex -10.7322 19.8829 97
    endloop
  endfacet
  facet normal 0 0 1
    outer loop
      vertex -10.3893 22.5904 97
      vertex -13.9184 25.3907 97
      vertex -14.4217 20.2545 97
    endloop
  endfacet
  facet normal 0 0 1
    outer loop
      vertex -10.7322 19.8829 97
      vertex -14.4217 20.2545 97
      vertex -12.5 19.1506 97
    endloop
  endfacet
  facet normal 0 0 1
    outer loop
      vertex -12.5 19.1506 97
      vertex -14.4217 20.2545 97
      vertex -14.2678 19.8829 97
    endloop
  endfacet
  facet normal -0 0 1
    outer loop
      vertex -15.494 24.3031 97
      vertex -14.4217 20.2545 97
      vertex -13.9184 25.3907 97
    endloop
  endfacet
  facet normal -0 0 1
    outer loop
      vertex -16.3838 22.6079 97
      vertex -14.4217 20.2545 97
      vertex -15.494 24.3031 97
    endloop
  endfacet
  facet normal -0 0 1
    outer loop
      vertex -16.3838 20.6934 97
      vertex -14.4217 20.2545 97
      vertex -16.3838 22.6079 97
    endloop
  endfacet
  facet normal 0 0 1
    outer loop
      vertex -14.4217 20.2545 97
      vertex -16.3838 20.6934 97
      vertex -15.6754 19.3436 97
    endloop
  endfacet
  facet normal 0 0 1
    outer loop
      vertex -10 21.6506 97
      vertex -10.3893 22.5904 97
      vertex -10.7322 19.8829 97
    endloop
  endfacet
  facet normal -1 0 0
    outer loop
      vertex -16.3838 20.6934 93
      vertex -16.3838 22.6079 97
      vertex -16.3838 22.6079 93
    endloop
  endfacet
  facet normal -1 -0 0
    outer loop
      vertex -16.3838 22.6079 97
      vertex -16.3838 20.6934 93
      vertex -16.3838 20.6934 97
    endloop
  endfacet
  facet normal -0.56808 0.822974 0
    outer loop
      vertex -13.9184 25.3907 93
      vertex -15.494 24.3031 97
      vertex -13.9184 25.3907 97
    endloop
  endfacet
  facet normal -0.56808 0.822974 0
    outer loop
      vertex -15.494 24.3031 97
      vertex -13.9184 25.3907 93
      vertex -15.494 24.3031 93
    endloop
  endfacet
  facet normal -0.885464 -0.464708 0
    outer loop
      vertex -15.6754 19.3436 93
      vertex -16.3838 20.6934 97
      vertex -16.3838 20.6934 93
    endloop
  endfacet
  facet normal -0.885464 -0.464708 0
    outer loop
      vertex -16.3838 20.6934 97
      vertex -15.6754 19.3436 93
      vertex -15.6754 19.3436 97
    endloop
  endfacet
  facet normal 0 0 -1
    outer loop
      vertex -16.3838 20.6934 93
      vertex -14.4217 20.2545 93
      vertex -15.6754 19.3436 93
    endloop
  endfacet
  facet normal 0 0 -1
    outer loop
      vertex -14.4217 20.2545 93
      vertex -16.3838 20.6934 93
      vertex -15 21.6506 93
    endloop
  endfacet
  facet normal -0 0 -1
    outer loop
      vertex -15 21.6506 93
      vertex -16.3838 20.6934 93
      vertex -16.3838 22.6079 93
    endloop
  endfacet
  facet normal 0 0 -1
    outer loop
      vertex -15 21.6506 93
      vertex -16.3838 22.6079 93
      vertex -15.494 24.3031 93
    endloop
  endfacet
  facet normal 0 0 -1
    outer loop
      vertex -10.3893 22.5904 93
      vertex -8.95818 23.5095 93
      vertex -8.89555 23.2554 93
    endloop
  endfacet
  facet normal 0 0 -1
    outer loop
      vertex -8.95818 23.5095 93
      vertex -10.3893 22.5904 93
      vertex -10.7322 23.4184 93
    endloop
  endfacet
  facet normal -0 0 -1
    outer loop
      vertex -8.95818 23.5095 93
      vertex -10.7322 23.4184 93
      vertex -10.2277 24.9426 93
    endloop
  endfacet
  facet normal 0 0 -1
    outer loop
      vertex -12.5 24.1506 93
      vertex -10.2277 24.9426 93
      vertex -10.7322 23.4184 93
    endloop
  endfacet
  facet normal -0 0 -1
    outer loop
      vertex -10.2277 24.9426 93
      vertex -12.5 24.1506 93
      vertex -12.0179 25.6215 93
    endloop
  endfacet
  facet normal 0 0 -1
    outer loop
      vertex -12.5 24.1506 93
      vertex -13.9184 25.3907 93
      vertex -12.0179 25.6215 93
    endloop
  endfacet
  facet normal 0 0 -1
    outer loop
      vertex -14.2678 23.4184 93
      vertex -13.9184 25.3907 93
      vertex -12.5 24.1506 93
    endloop
  endfacet
  facet normal 0 0 -1
    outer loop
      vertex -15.494 24.3031 93
      vertex -14.2678 23.4184 93
      vertex -15 21.6506 93
    endloop
  endfacet
  facet normal 0 0 -1
    outer loop
      vertex -14.2678 23.4184 93
      vertex -15.494 24.3031 93
      vertex -13.9184 25.3907 93
    endloop
  endfacet
  facet normal 0.748536 0.663095 0
    outer loop
      vertex -8.95818 23.5095 -93
      vertex -10.2277 24.9426 -97
      vertex -10.2277 24.9426 -93
    endloop
  endfacet
  facet normal 0.748536 0.663095 0
    outer loop
      vertex -10.2277 24.9426 -97
      vertex -8.95818 23.5095 -93
      vertex -8.95818 23.5095 -97
    endloop
  endfacet
  facet normal 0.970942 0.239316 0
    outer loop
      vertex -8.89555 23.2554 -93
      vertex -8.95818 23.5095 -97
      vertex -8.95818 23.5095 -93
    endloop
  endfacet
  facet normal 0.970942 0.239316 0
    outer loop
      vertex -8.95818 23.5095 -97
      vertex -8.89555 23.2554 -93
      vertex -8.89555 23.2554 -97
    endloop
  endfacet
  facet normal 0.35459 0.935022 -0
    outer loop
      vertex -10.2277 24.9426 -97
      vertex -12.0179 25.6215 -93
      vertex -10.2277 24.9426 -93
    endloop
  endfacet
  facet normal 0.35459 0.935022 0
    outer loop
      vertex -12.0179 25.6215 -93
      vertex -10.2277 24.9426 -97
      vertex -12.0179 25.6215 -97
    endloop
  endfacet
  facet normal -0.120556 0.992707 0
    outer loop
      vertex -12.0179 25.6215 -97
      vertex -13.9184 25.3907 -93
      vertex -12.0179 25.6215 -93
    endloop
  endfacet
  facet normal -0.120556 0.992707 0
    outer loop
      vertex -13.9184 25.3907 -93
      vertex -12.0179 25.6215 -97
      vertex -13.9184 25.3907 -97
    endloop
  endfacet
  facet normal -0.885437 0.46476 0
    outer loop
      vertex -16.3838 22.6079 -97
      vertex -15.494 24.3031 -93
      vertex -15.494 24.3031 -97
    endloop
  endfacet
  facet normal -0.885437 0.46476 0
    outer loop
      vertex -15.494 24.3031 -93
      vertex -16.3838 22.6079 -97
      vertex -16.3838 22.6079 -93
    endloop
  endfacet
  facet normal 0 0 1
    outer loop
      vertex -10.7322 23.4184 -93
      vertex -8.95818 23.5095 -93
      vertex -10.2277 24.9426 -93
    endloop
  endfacet
  facet normal 0 -0 1
    outer loop
      vertex -10.3893 22.5904 -93
      vertex -8.95818 23.5095 -93
      vertex -10.7322 23.4184 -93
    endloop
  endfacet
  facet normal 0 0 1
    outer loop
      vertex -8.95818 23.5095 -93
      vertex -10.3893 22.5904 -93
      vertex -8.89555 23.2554 -93
    endloop
  endfacet
  facet normal 0 0 1
    outer loop
      vertex -12.5 24.1506 -93
      vertex -10.2277 24.9426 -93
      vertex -12.0179 25.6215 -93
    endloop
  endfacet
  facet normal 0 0 1
    outer loop
      vertex -10.2277 24.9426 -93
      vertex -12.5 24.1506 -93
      vertex -10.7322 23.4184 -93
    endloop
  endfacet
  facet normal -0 0 1
    outer loop
      vertex -13.9184 25.3907 -93
      vertex -12.5 24.1506 -93
      vertex -12.0179 25.6215 -93
    endloop
  endfacet
  facet normal 0 0 1
    outer loop
      vertex -13.9184 25.3907 -93
      vertex -14.2678 23.4184 -93
      vertex -12.5 24.1506 -93
    endloop
  endfacet
  facet normal -0 0 1
    outer loop
      vertex -15.494 24.3031 -93
      vertex -14.2678 23.4184 -93
      vertex -13.9184 25.3907 -93
    endloop
  endfacet
  facet normal 0 0 1
    outer loop
      vertex -16.3838 22.6079 -93
      vertex -14.2678 23.4184 -93
      vertex -15.494 24.3031 -93
    endloop
  endfacet
  facet normal -0 0 1
    outer loop
      vertex -16.3838 20.6934 -93
      vertex -14.4217 20.2545 -93
      vertex -15 21.6506 -93
    endloop
  endfacet
  facet normal 0 0 1
    outer loop
      vertex -14.2678 23.4184 -93
      vertex -16.3838 22.6079 -93
      vertex -15 21.6506 -93
    endloop
  endfacet
  facet normal 0 0 1
    outer loop
      vertex -16.3838 20.6934 -93
      vertex -15 21.6506 -93
      vertex -16.3838 22.6079 -93
    endloop
  endfacet
  facet normal 0 0 1
    outer loop
      vertex -14.4217 20.2545 -93
      vertex -16.3838 20.6934 -93
      vertex -15.6754 19.3436 -93
    endloop
  endfacet
  facet normal -1 0 0
    outer loop
      vertex -16.3838 20.6934 -97
      vertex -16.3838 22.6079 -93
      vertex -16.3838 22.6079 -97
    endloop
  endfacet
  facet normal -1 -0 0
    outer loop
      vertex -16.3838 22.6079 -93
      vertex -16.3838 20.6934 -97
      vertex -16.3838 20.6934 -93
    endloop
  endfacet
  facet normal -0.56808 0.822974 0
    outer loop
      vertex -13.9184 25.3907 -97
      vertex -15.494 24.3031 -93
      vertex -13.9184 25.3907 -93
    endloop
  endfacet
  facet normal -0.56808 0.822974 0
    outer loop
      vertex -15.494 24.3031 -93
      vertex -13.9184 25.3907 -97
      vertex -15.494 24.3031 -97
    endloop
  endfacet
  facet normal -0.885464 -0.464708 0
    outer loop
      vertex -15.6754 19.3436 -97
      vertex -16.3838 20.6934 -93
      vertex -16.3838 20.6934 -97
    endloop
  endfacet
  facet normal -0.885464 -0.464708 0
    outer loop
      vertex -16.3838 20.6934 -93
      vertex -15.6754 19.3436 -97
      vertex -15.6754 19.3436 -93
    endloop
  endfacet
  facet normal -0 0 -1
    outer loop
      vertex -10 21.6506 -97
      vertex -10.7322 19.8829 -97
      vertex -10.3893 22.5904 -97
    endloop
  endfacet
  facet normal 0 0 -1
    outer loop
      vertex -10.3893 22.5904 -97
      vertex -8.95818 23.5095 -97
      vertex -8.89555 23.2554 -97
    endloop
  endfacet
  facet normal -0 0 -1
    outer loop
      vertex -8.95818 23.5095 -97
      vertex -10.3893 22.5904 -97
      vertex -10.2277 24.9426 -97
    endloop
  endfacet
  facet normal 0 0 -1
    outer loop
      vertex -14.4217 20.2545 -97
      vertex -10.3893 22.5904 -97
      vertex -10.7322 19.8829 -97
    endloop
  endfacet
  facet normal 0 0 -1
    outer loop
      vertex -10.3893 22.5904 -97
      vertex -12.0179 25.6215 -97
      vertex -10.2277 24.9426 -97
    endloop
  endfacet
  facet normal 0 0 -1
    outer loop
      vertex -14.4217 20.2545 -97
      vertex -10.7322 19.8829 -97
      vertex -12.5 19.1506 -97
    endloop
  endfacet
  facet normal 0 -0 -1
    outer loop
      vertex -13.9184 25.3907 -97
      vertex -10.3893 22.5904 -97
      vertex -14.4217 20.2545 -97
    endloop
  endfacet
  facet normal 0 0 -1
    outer loop
      vertex -14.4217 20.2545 -97
      vertex -12.5 19.1506 -97
      vertex -14.2678 19.8829 -97
    endloop
  endfacet
  facet normal 0 0 -1
    outer loop
      vertex -10.3893 22.5904 -97
      vertex -13.9184 25.3907 -97
      vertex -12.0179 25.6215 -97
    endloop
  endfacet
  facet normal 0 0 -1
    outer loop
      vertex -14.4217 20.2545 -97
      vertex -15.494 24.3031 -97
      vertex -13.9184 25.3907 -97
    endloop
  endfacet
  facet normal 0 0 -1
    outer loop
      vertex -16.3838 20.6934 -97
      vertex -14.4217 20.2545 -97
      vertex -15.6754 19.3436 -97
    endloop
  endfacet
  facet normal 0 0 -1
    outer loop
      vertex -14.4217 20.2545 -97
      vertex -16.3838 20.6934 -97
      vertex -16.3838 22.6079 -97
    endloop
  endfacet
  facet normal 0 0 -1
    outer loop
      vertex -14.4217 20.2545 -97
      vertex -16.3838 22.6079 -97
      vertex -15.494 24.3031 -97
    endloop
  endfacet
  facet normal 0 0 -1
    outer loop
      vertex -23.2322 -1.76777 65
      vertex -23.2322 1.76777 65
      vertex -22.5 0 65
    endloop
  endfacet
  facet normal 0 0 -1
    outer loop
      vertex -25 -2.5 65
      vertex -23.2322 1.76777 65
      vertex -23.2322 -1.76777 65
    endloop
  endfacet
  facet normal 0 0 -1
    outer loop
      vertex -25 -2.5 65
      vertex -25 2.5 65
      vertex -23.2322 1.76777 65
    endloop
  endfacet
  facet normal 0 0 -1
    outer loop
      vertex -26.7678 -1.76777 65
      vertex -25 2.5 65
      vertex -25 -2.5 65
    endloop
  endfacet
  facet normal 0 0 -1
    outer loop
      vertex -26.7678 -1.76777 65
      vertex -26.7678 1.76777 65
      vertex -25 2.5 65
    endloop
  endfacet
  facet normal 0 -0 -1
    outer loop
      vertex -26.7678 1.76777 65
      vertex -26.7678 -1.76777 65
      vertex -27.5 0 65
    endloop
  endfacet
  facet normal 0 0 1
    outer loop
      vertex -23.2322 1.76777 -65
      vertex -23.2322 -1.76777 -65
      vertex -22.5 0 -65
    endloop
  endfacet
  facet normal 0 0 1
    outer loop
      vertex -25 2.5 -65
      vertex -23.2322 -1.76777 -65
      vertex -23.2322 1.76777 -65
    endloop
  endfacet
  facet normal 0 0 1
    outer loop
      vertex -25 2.5 -65
      vertex -25 -2.5 -65
      vertex -23.2322 -1.76777 -65
    endloop
  endfacet
  facet normal -0 0 1
    outer loop
      vertex -26.7678 1.76777 -65
      vertex -25 -2.5 -65
      vertex -25 2.5 -65
    endloop
  endfacet
  facet normal 0 0 1
    outer loop
      vertex -26.7678 1.76777 -65
      vertex -26.7678 -1.76777 -65
      vertex -25 -2.5 -65
    endloop
  endfacet
  facet normal 0 -0 1
    outer loop
      vertex -26.7678 -1.76777 -65
      vertex -26.7678 1.76777 -65
      vertex -27.5 0 -65
    endloop
  endfacet
  facet normal -0.120544 -0.992708 0
    outer loop
      vertex -26.4184 -3.74006 93
      vertex -24.5835 -3.96287 97
      vertex -26.4184 -3.74006 97
    endloop
  endfacet
  facet normal -0.120544 -0.992708 -0
    outer loop
      vertex -24.5835 -3.96287 97
      vertex -26.4184 -3.74006 93
      vertex -24.5835 -3.96287 93
    endloop
  endfacet
  facet normal -0.568069 0.822981 0
    outer loop
      vertex -26.4184 3.74006 93
      vertex -27.994 2.65249 97
      vertex -26.4184 3.74006 97
    endloop
  endfacet
  facet normal -0.568069 0.822981 0
    outer loop
      vertex -27.994 2.65249 97
      vertex -26.4184 3.74006 93
      vertex -27.994 2.65249 93
    endloop
  endfacet
  facet normal -0 0 1
    outer loop
      vertex -27.994 2.65249 97
      vertex -24.7482 2.3957 97
      vertex -26.4184 3.74006 97
    endloop
  endfacet
  facet normal -0 0 1
    outer loop
      vertex -26.4184 3.74006 97
      vertex -24.7482 2.3957 97
      vertex -24.5835 3.96287 97
    endloop
  endfacet
  facet normal 0 0 1
    outer loop
      vertex -24.7482 2.3957 97
      vertex -22.5 0 97
      vertex -23.2322 1.76777 97
    endloop
  endfacet
  facet normal 0 0 1
    outer loop
      vertex -24.7482 -2.3957 97
      vertex -22.5 0 97
      vertex -24.7482 2.3957 97
    endloop
  endfacet
  facet normal 0 0 1
    outer loop
      vertex -22.5 0 97
      vertex -24.7482 -2.3957 97
      vertex -23.2322 -1.76777 97
    endloop
  endfacet
  facet normal 0 0 1
    outer loop
      vertex -28.8838 0.957262 97
      vertex -24.7482 2.3957 97
      vertex -27.994 2.65249 97
    endloop
  endfacet
  facet normal 0 0 1
    outer loop
      vertex -24.7482 -2.3957 97
      vertex -26.4184 -3.74006 97
      vertex -24.5835 -3.96287 97
    endloop
  endfacet
  facet normal 0 0 1
    outer loop
      vertex -24.7482 2.3957 97
      vertex -28.8838 0.957262 97
      vertex -24.7482 -2.3957 97
    endloop
  endfacet
  facet normal 0 0 1
    outer loop
      vertex -24.7482 -2.3957 97
      vertex -27.994 -2.65249 97
      vertex -26.4184 -3.74006 97
    endloop
  endfacet
  facet normal -0 0 1
    outer loop
      vertex -28.8838 -0.957262 97
      vertex -24.7482 -2.3957 97
      vertex -28.8838 0.957262 97
    endloop
  endfacet
  facet normal 0 0 1
    outer loop
      vertex -24.7482 -2.3957 97
      vertex -28.8838 -0.957262 97
      vertex -27.994 -2.65249 97
    endloop
  endfacet
  facet normal -1 0 0
    outer loop
      vertex -28.8838 -0.957262 93
      vertex -28.8838 0.957262 97
      vertex -28.8838 0.957262 93
    endloop
  endfacet
  facet normal -1 -0 0
    outer loop
      vertex -28.8838 0.957262 97
      vertex -28.8838 -0.957262 93
      vertex -28.8838 -0.957262 97
    endloop
  endfacet
  facet normal -0.88544 0.464754 0
    outer loop
      vertex -28.8838 0.957262 93
      vertex -27.994 2.65249 97
      vertex -27.994 2.65249 93
    endloop
  endfacet
  facet normal -0.88544 0.464754 0
    outer loop
      vertex -27.994 2.65249 97
      vertex -28.8838 0.957262 93
      vertex -28.8838 0.957262 97
    endloop
  endfacet
  facet normal -0.120544 0.992708 0
    outer loop
      vertex -24.5835 3.96287 93
      vertex -26.4184 3.74006 97
      vertex -24.5835 3.96287 97
    endloop
  endfacet
  facet normal -0.120544 0.992708 0
    outer loop
      vertex -26.4184 3.74006 97
      vertex -24.5835 3.96287 93
      vertex -26.4184 3.74006 93
    endloop
  endfacet
  facet normal -0.568069 -0.822981 0
    outer loop
      vertex -27.994 -2.65249 93
      vertex -26.4184 -3.74006 97
      vertex -27.994 -2.65249 97
    endloop
  endfacet
  facet normal -0.568069 -0.822981 -0
    outer loop
      vertex -26.4184 -3.74006 97
      vertex -27.994 -2.65249 93
      vertex -26.4184 -3.74006 93
    endloop
  endfacet
  facet normal -0.88544 -0.464754 0
    outer loop
      vertex -27.994 -2.65249 93
      vertex -28.8838 -0.957262 97
      vertex -28.8838 -0.957262 93
    endloop
  endfacet
  facet normal -0.88544 -0.464754 0
    outer loop
      vertex -28.8838 -0.957262 97
      vertex -27.994 -2.65249 93
      vertex -27.994 -2.65249 97
    endloop
  endfacet
  facet normal 0 0 -1
    outer loop
      vertex -24.5835 -3.96287 93
      vertex -25 -2.5 93
      vertex -24.7482 -2.3957 93
    endloop
  endfacet
  facet normal 0 0 -1
    outer loop
      vertex -26.4184 -3.74006 93
      vertex -25 -2.5 93
      vertex -24.5835 -3.96287 93
    endloop
  endfacet
  facet normal 0 0 -1
    outer loop
      vertex -26.4184 -3.74006 93
      vertex -26.7678 -1.76777 93
      vertex -25 -2.5 93
    endloop
  endfacet
  facet normal 0 0 -1
    outer loop
      vertex -27.994 -2.65249 93
      vertex -26.7678 -1.76777 93
      vertex -26.4184 -3.74006 93
    endloop
  endfacet
  facet normal 0 0 -1
    outer loop
      vertex -28.8838 -0.957262 93
      vertex -26.7678 -1.76777 93
      vertex -27.994 -2.65249 93
    endloop
  endfacet
  facet normal 0 0 -1
    outer loop
      vertex -25 2.5 93
      vertex -24.5835 3.96287 93
      vertex -24.7482 2.3957 93
    endloop
  endfacet
  facet normal 0 0 -1
    outer loop
      vertex -25 2.5 93
      vertex -26.4184 3.74006 93
      vertex -24.5835 3.96287 93
    endloop
  endfacet
  facet normal 0 0 -1
    outer loop
      vertex -26.7678 1.76777 93
      vertex -26.4184 3.74006 93
      vertex -25 2.5 93
    endloop
  endfacet
  facet normal 0 0 -1
    outer loop
      vertex -28.8838 0.957262 93
      vertex -26.7678 1.76777 93
      vertex -27.5 0 93
    endloop
  endfacet
  facet normal 0 0 -1
    outer loop
      vertex -26.7678 1.76777 93
      vertex -27.994 2.65249 93
      vertex -26.4184 3.74006 93
    endloop
  endfacet
  facet normal 0 0 -1
    outer loop
      vertex -26.7678 -1.76777 93
      vertex -28.8838 -0.957262 93
      vertex -27.5 0 93
    endloop
  endfacet
  facet normal 0 0 -1
    outer loop
      vertex -28.8838 0.957262 93
      vertex -27.5 0 93
      vertex -28.8838 -0.957262 93
    endloop
  endfacet
  facet normal -0 0 -1
    outer loop
      vertex -26.7678 1.76777 93
      vertex -28.8838 0.957262 93
      vertex -27.994 2.65249 93
    endloop
  endfacet
  facet normal -0.120544 -0.992708 0
    outer loop
      vertex -26.4184 -3.74006 -97
      vertex -24.5835 -3.96287 -93
      vertex -26.4184 -3.74006 -93
    endloop
  endfacet
  facet normal -0.120544 -0.992708 -0
    outer loop
      vertex -24.5835 -3.96287 -93
      vertex -26.4184 -3.74006 -97
      vertex -24.5835 -3.96287 -97
    endloop
  endfacet
  facet normal -0.568069 0.822981 0
    outer loop
      vertex -26.4184 3.74006 -97
      vertex -27.994 2.65249 -93
      vertex -26.4184 3.74006 -93
    endloop
  endfacet
  facet normal -0.568069 0.822981 0
    outer loop
      vertex -27.994 2.65249 -93
      vertex -26.4184 3.74006 -97
      vertex -27.994 2.65249 -97
    endloop
  endfacet
  facet normal 0 0 1
    outer loop
      vertex -24.5835 3.96287 -93
      vertex -25 2.5 -93
      vertex -24.7482 2.3957 -93
    endloop
  endfacet
  facet normal -0 0 1
    outer loop
      vertex -26.4184 3.74006 -93
      vertex -25 2.5 -93
      vertex -24.5835 3.96287 -93
    endloop
  endfacet
  facet normal 0 0 1
    outer loop
      vertex -26.4184 3.74006 -93
      vertex -26.7678 1.76777 -93
      vertex -25 2.5 -93
    endloop
  endfacet
  facet normal -0 0 1
    outer loop
      vertex -27.994 2.65249 -93
      vertex -26.7678 1.76777 -93
      vertex -26.4184 3.74006 -93
    endloop
  endfacet
  facet normal 0 0 1
    outer loop
      vertex -28.8838 0.957262 -93
      vertex -26.7678 1.76777 -93
      vertex -27.994 2.65249 -93
    endloop
  endfacet
  facet normal -0 0 1
    outer loop
      vertex -25 -2.5 -93
      vertex -24.5835 -3.96287 -93
      vertex -24.7482 -2.3957 -93
    endloop
  endfacet
  facet normal 0 0 1
    outer loop
      vertex -25 -2.5 -93
      vertex -26.4184 -3.74006 -93
      vertex -24.5835 -3.96287 -93
    endloop
  endfacet
  facet normal 0 0 1
    outer loop
      vertex -26.7678 -1.76777 -93
      vertex -26.4184 -3.74006 -93
      vertex -25 -2.5 -93
    endloop
  endfacet
  facet normal -0 0 1
    outer loop
      vertex -28.8838 -0.957262 -93
      vertex -26.7678 -1.76777 -93
      vertex -27.5 0 -93
    endloop
  endfacet
  facet normal 0 0 1
    outer loop
      vertex -26.7678 -1.76777 -93
      vertex -27.994 -2.65249 -93
      vertex -26.4184 -3.74006 -93
    endloop
  endfacet
  facet normal 0 0 1
    outer loop
      vertex -26.7678 1.76777 -93
      vertex -28.8838 0.957262 -93
      vertex -27.5 0 -93
    endloop
  endfacet
  facet normal 0 0 1
    outer loop
      vertex -28.8838 -0.957262 -93
      vertex -27.5 0 -93
      vertex -28.8838 0.957262 -93
    endloop
  endfacet
  facet normal 0 0 1
    outer loop
      vertex -26.7678 -1.76777 -93
      vertex -28.8838 -0.957262 -93
      vertex -27.994 -2.65249 -93
    endloop
  endfacet
  facet normal -1 0 0
    outer loop
      vertex -28.8838 -0.957262 -97
      vertex -28.8838 0.957262 -93
      vertex -28.8838 0.957262 -97
    endloop
  endfacet
  facet normal -1 -0 0
    outer loop
      vertex -28.8838 0.957262 -93
      vertex -28.8838 -0.957262 -97
      vertex -28.8838 -0.957262 -93
    endloop
  endfacet
  facet normal -0.88544 0.464754 0
    outer loop
      vertex -28.8838 0.957262 -97
      vertex -27.994 2.65249 -93
      vertex -27.994 2.65249 -97
    endloop
  endfacet
  facet normal -0.88544 0.464754 0
    outer loop
      vertex -27.994 2.65249 -93
      vertex -28.8838 0.957262 -97
      vertex -28.8838 0.957262 -93
    endloop
  endfacet
  facet normal -0.120544 0.992708 0
    outer loop
      vertex -24.5835 3.96287 -97
      vertex -26.4184 3.74006 -93
      vertex -24.5835 3.96287 -93
    endloop
  endfacet
  facet normal -0.120544 0.992708 0
    outer loop
      vertex -26.4184 3.74006 -93
      vertex -24.5835 3.96287 -97
      vertex -26.4184 3.74006 -97
    endloop
  endfacet
  facet normal -0.568069 -0.822981 0
    outer loop
      vertex -27.994 -2.65249 -97
      vertex -26.4184 -3.74006 -93
      vertex -27.994 -2.65249 -93
    endloop
  endfacet
  facet normal -0.568069 -0.822981 -0
    outer loop
      vertex -26.4184 -3.74006 -93
      vertex -27.994 -2.65249 -97
      vertex -26.4184 -3.74006 -97
    endloop
  endfacet
  facet normal -0.88544 -0.464754 0
    outer loop
      vertex -27.994 -2.65249 -97
      vertex -28.8838 -0.957262 -93
      vertex -28.8838 -0.957262 -97
    endloop
  endfacet
  facet normal -0.88544 -0.464754 0
    outer loop
      vertex -28.8838 -0.957262 -93
      vertex -27.994 -2.65249 -97
      vertex -27.994 -2.65249 -93
    endloop
  endfacet
  facet normal 0 0 -1
    outer loop
      vertex -27.994 -2.65249 -97
      vertex -24.7482 -2.3957 -97
      vertex -26.4184 -3.74006 -97
    endloop
  endfacet
  facet normal 0 0 -1
    outer loop
      vertex -26.4184 -3.74006 -97
      vertex -24.7482 -2.3957 -97
      vertex -24.5835 -3.96287 -97
    endloop
  endfacet
  facet normal 0 0 -1
    outer loop
      vertex -24.7482 -2.3957 -97
      vertex -22.5 0 -97
      vertex -23.2322 -1.76777 -97
    endloop
  endfacet
  facet normal 0 0 -1
    outer loop
      vertex -24.7482 2.3957 -97
      vertex -22.5 0 -97
      vertex -24.7482 -2.3957 -97
    endloop
  endfacet
  facet normal 0 0 -1
    outer loop
      vertex -22.5 0 -97
      vertex -24.7482 2.3957 -97
      vertex -23.2322 1.76777 -97
    endloop
  endfacet
  facet normal 0 0 -1
    outer loop
      vertex -28.8838 -0.957262 -97
      vertex -24.7482 -2.3957 -97
      vertex -27.994 -2.65249 -97
    endloop
  endfacet
  facet normal 0 0 -1
    outer loop
      vertex -24.7482 2.3957 -97
      vertex -26.4184 3.74006 -97
      vertex -24.5835 3.96287 -97
    endloop
  endfacet
  facet normal 0 0 -1
    outer loop
      vertex -24.7482 -2.3957 -97
      vertex -28.8838 -0.957262 -97
      vertex -24.7482 2.3957 -97
    endloop
  endfacet
  facet normal 0 0 -1
    outer loop
      vertex -24.7482 2.3957 -97
      vertex -27.994 2.65249 -97
      vertex -26.4184 3.74006 -97
    endloop
  endfacet
  facet normal 0 0 -1
    outer loop
      vertex -28.8838 0.957262 -97
      vertex -24.7482 2.3957 -97
      vertex -28.8838 -0.957262 -97
    endloop
  endfacet
  facet normal -0 0 -1
    outer loop
      vertex -24.7482 2.3957 -97
      vertex -28.8838 0.957262 -97
      vertex -27.994 2.65249 -97
    endloop
  endfacet
  facet normal 0 0 -1
    outer loop
      vertex -10.7322 -23.4184 65
      vertex -10.7322 -19.8829 65
      vertex -10 -21.6506 65
    endloop
  endfacet
  facet normal 0 0 -1
    outer loop
      vertex -12.5 -24.1506 65
      vertex -10.7322 -19.8829 65
      vertex -10.7322 -23.4184 65
    endloop
  endfacet
  facet normal 0 0 -1
    outer loop
      vertex -12.5 -24.1506 65
      vertex -12.5 -19.1506 65
      vertex -10.7322 -19.8829 65
    endloop
  endfacet
  facet normal 0 0 -1
    outer loop
      vertex -14.2678 -23.4184 65
      vertex -12.5 -19.1506 65
      vertex -12.5 -24.1506 65
    endloop
  endfacet
  facet normal 0 0 -1
    outer loop
      vertex -14.2678 -23.4184 65
      vertex -14.2678 -19.8829 65
      vertex -12.5 -19.1506 65
    endloop
  endfacet
  facet normal 0 -0 -1
    outer loop
      vertex -14.2678 -19.8829 65
      vertex -14.2678 -23.4184 65
      vertex -15 -21.6506 65
    endloop
  endfacet
  facet normal 0 0 1
    outer loop
      vertex -10.7322 -19.8829 -65
      vertex -10.7322 -23.4184 -65
      vertex -10 -21.6506 -65
    endloop
  endfacet
  facet normal 0 0 1
    outer loop
      vertex -12.5 -19.1506 -65
      vertex -10.7322 -23.4184 -65
      vertex -10.7322 -19.8829 -65
    endloop
  endfacet
  facet normal 0 0 1
    outer loop
      vertex -12.5 -19.1506 -65
      vertex -12.5 -24.1506 -65
      vertex -10.7322 -23.4184 -65
    endloop
  endfacet
  facet normal -0 0 1
    outer loop
      vertex -14.2678 -19.8829 -65
      vertex -12.5 -24.1506 -65
      vertex -12.5 -19.1506 -65
    endloop
  endfacet
  facet normal 0 0 1
    outer loop
      vertex -14.2678 -19.8829 -65
      vertex -14.2678 -23.4184 -65
      vertex -12.5 -24.1506 -65
    endloop
  endfacet
  facet normal 0 -0 1
    outer loop
      vertex -14.2678 -23.4184 -65
      vertex -14.2678 -19.8829 -65
      vertex -15 -21.6506 -65
    endloop
  endfacet
  facet normal -0.885437 -0.46476 0
    outer loop
      vertex -15.494 -24.3031 93
      vertex -16.3838 -22.6079 97
      vertex -16.3838 -22.6079 93
    endloop
  endfacet
  facet normal -0.885437 -0.46476 0
    outer loop
      vertex -16.3838 -22.6079 97
      vertex -15.494 -24.3031 93
      vertex -15.494 -24.3031 97
    endloop
  endfacet
  facet normal 0.748536 -0.663095 0
    outer loop
      vertex -10.2277 -24.9426 97
      vertex -8.95818 -23.5095 93
      vertex -8.95818 -23.5095 97
    endloop
  endfacet
  facet normal 0.748536 -0.663095 0
    outer loop
      vertex -8.95818 -23.5095 93
      vertex -10.2277 -24.9426 97
      vertex -10.2277 -24.9426 93
    endloop
  endfacet
  facet normal 0.35459 -0.935022 0
    outer loop
      vertex -12.0179 -25.6215 93
      vertex -10.2277 -24.9426 97
      vertex -12.0179 -25.6215 97
    endloop
  endfacet
  facet normal 0.35459 -0.935022 0
    outer loop
      vertex -10.2277 -24.9426 97
      vertex -12.0179 -25.6215 93
      vertex -10.2277 -24.9426 93
    endloop
  endfacet
  facet normal 0 0 1
    outer loop
      vertex -10 -21.6506 97
      vertex -10.7322 -19.8829 97
      vertex -10.3893 -22.5904 97
    endloop
  endfacet
  facet normal 0 0 1
    outer loop
      vertex -10.3893 -22.5904 97
      vertex -8.95818 -23.5095 97
      vertex -8.89555 -23.2554 97
    endloop
  endfacet
  facet normal 0 0 1
    outer loop
      vertex -8.95818 -23.5095 97
      vertex -10.3893 -22.5904 97
      vertex -10.2277 -24.9426 97
    endloop
  endfacet
  facet normal -0 0 1
    outer loop
      vertex -14.4217 -20.2545 97
      vertex -10.3893 -22.5904 97
      vertex -10.7322 -19.8829 97
    endloop
  endfacet
  facet normal 0 0 1
    outer loop
      vertex -10.3893 -22.5904 97
      vertex -12.0179 -25.6215 97
      vertex -10.2277 -24.9426 97
    endloop
  endfacet
  facet normal 0 0 1
    outer loop
      vertex -14.4217 -20.2545 97
      vertex -10.7322 -19.8829 97
      vertex -12.5 -19.1506 97
    endloop
  endfacet
  facet normal 0 -0 1
    outer loop
      vertex -13.9184 -25.3907 97
      vertex -10.3893 -22.5904 97
      vertex -14.4217 -20.2545 97
    endloop
  endfacet
  facet normal 0 0 1
    outer loop
      vertex -14.4217 -20.2545 97
      vertex -12.5 -19.1506 97
      vertex -14.2678 -19.8829 97
    endloop
  endfacet
  facet normal 0 0 1
    outer loop
      vertex -10.3893 -22.5904 97
      vertex -13.9184 -25.3907 97
      vertex -12.0179 -25.6215 97
    endloop
  endfacet
  facet normal 0 0 1
    outer loop
      vertex -14.4217 -20.2545 97
      vertex -15.494 -24.3031 97
      vertex -13.9184 -25.3907 97
    endloop
  endfacet
  facet normal 0 0 1
    outer loop
      vertex -16.3838 -20.6934 97
      vertex -14.4217 -20.2545 97
      vertex -15.6754 -19.3436 97
    endloop
  endfacet
  facet normal 0 0 1
    outer loop
      vertex -14.4217 -20.2545 97
      vertex -16.3838 -20.6934 97
      vertex -16.3838 -22.6079 97
    endloop
  endfacet
  facet normal 0 0 1
    outer loop
      vertex -14.4217 -20.2545 97
      vertex -16.3838 -22.6079 97
      vertex -15.494 -24.3031 97
    endloop
  endfacet
  facet normal -0.56808 -0.822974 0
    outer loop
      vertex -15.494 -24.3031 93
      vertex -13.9184 -25.3907 97
      vertex -15.494 -24.3031 97
    endloop
  endfacet
  facet normal -0.56808 -0.822974 -0
    outer loop
      vertex -13.9184 -25.3907 97
      vertex -15.494 -24.3031 93
      vertex -13.9184 -25.3907 93
    endloop
  endfacet
  facet normal -0.120556 -0.992707 0
    outer loop
      vertex -13.9184 -25.3907 93
      vertex -12.0179 -25.6215 97
      vertex -13.9184 -25.3907 97
    endloop
  endfacet
  facet normal -0.120556 -0.992707 -0
    outer loop
      vertex -12.0179 -25.6215 97
      vertex -13.9184 -25.3907 93
      vertex -12.0179 -25.6215 93
    endloop
  endfacet
  facet normal -1 0 0
    outer loop
      vertex -16.3838 -22.6079 93
      vertex -16.3838 -20.6934 97
      vertex -16.3838 -20.6934 93
    endloop
  endfacet
  facet normal -1 -0 0
    outer loop
      vertex -16.3838 -20.6934 97
      vertex -16.3838 -22.6079 93
      vertex -16.3838 -22.6079 97
    endloop
  endfacet
  facet normal 0.970942 -0.239316 0
    outer loop
      vertex -8.95818 -23.5095 97
      vertex -8.89555 -23.2554 93
      vertex -8.89555 -23.2554 97
    endloop
  endfacet
  facet normal 0.970942 -0.239316 0
    outer loop
      vertex -8.89555 -23.2554 93
      vertex -8.95818 -23.5095 97
      vertex -8.95818 -23.5095 93
    endloop
  endfacet
  facet normal 0 0 -1
    outer loop
      vertex -10.7322 -23.4184 93
      vertex -8.95818 -23.5095 93
      vertex -10.2277 -24.9426 93
    endloop
  endfacet
  facet normal 0 -0 -1
    outer loop
      vertex -10.3893 -22.5904 93
      vertex -8.95818 -23.5095 93
      vertex -10.7322 -23.4184 93
    endloop
  endfacet
  facet normal 0 0 -1
    outer loop
      vertex -8.95818 -23.5095 93
      vertex -10.3893 -22.5904 93
      vertex -8.89555 -23.2554 93
    endloop
  endfacet
  facet normal 0 0 -1
    outer loop
      vertex -12.5 -24.1506 93
      vertex -10.2277 -24.9426 93
      vertex -12.0179 -25.6215 93
    endloop
  endfacet
  facet normal 0 0 -1
    outer loop
      vertex -10.2277 -24.9426 93
      vertex -12.5 -24.1506 93
      vertex -10.7322 -23.4184 93
    endloop
  endfacet
  facet normal 0 0 -1
    outer loop
      vertex -13.9184 -25.3907 93
      vertex -12.5 -24.1506 93
      vertex -12.0179 -25.6215 93
    endloop
  endfacet
  facet normal 0 0 -1
    outer loop
      vertex -13.9184 -25.3907 93
      vertex -14.2678 -23.4184 93
      vertex -12.5 -24.1506 93
    endloop
  endfacet
  facet normal 0 0 -1
    outer loop
      vertex -15.494 -24.3031 93
      vertex -14.2678 -23.4184 93
      vertex -13.9184 -25.3907 93
    endloop
  endfacet
  facet normal 0 0 -1
    outer loop
      vertex -16.3838 -22.6079 93
      vertex -14.2678 -23.4184 93
      vertex -15.494 -24.3031 93
    endloop
  endfacet
  facet normal 0 0 -1
    outer loop
      vertex -16.3838 -20.6934 93
      vertex -14.4217 -20.2545 93
      vertex -15 -21.6506 93
    endloop
  endfacet
  facet normal 0 0 -1
    outer loop
      vertex -14.2678 -23.4184 93
      vertex -16.3838 -22.6079 93
      vertex -15 -21.6506 93
    endloop
  endfacet
  facet normal 0 0 -1
    outer loop
      vertex -16.3838 -20.6934 93
      vertex -15 -21.6506 93
      vertex -16.3838 -22.6079 93
    endloop
  endfacet
  facet normal -0 0 -1
    outer loop
      vertex -14.4217 -20.2545 93
      vertex -16.3838 -20.6934 93
      vertex -15.6754 -19.3436 93
    endloop
  endfacet
  facet normal -0.885464 0.464708 0
    outer loop
      vertex -16.3838 -20.6934 93
      vertex -15.6754 -19.3436 97
      vertex -15.6754 -19.3436 93
    endloop
  endfacet
  facet normal -0.885464 0.464708 0
    outer loop
      vertex -15.6754 -19.3436 97
      vertex -16.3838 -20.6934 93
      vertex -16.3838 -20.6934 97
    endloop
  endfacet
  facet normal -0.885437 -0.46476 0
    outer loop
      vertex -15.494 -24.3031 -97
      vertex -16.3838 -22.6079 -93
      vertex -16.3838 -22.6079 -97
    endloop
  endfacet
  facet normal -0.885437 -0.46476 0
    outer loop
      vertex -16.3838 -22.6079 -93
      vertex -15.494 -24.3031 -97
      vertex -15.494 -24.3031 -93
    endloop
  endfacet
  facet normal 0.748536 -0.663095 0
    outer loop
      vertex -10.2277 -24.9426 -93
      vertex -8.95818 -23.5095 -97
      vertex -8.95818 -23.5095 -93
    endloop
  endfacet
  facet normal 0.748536 -0.663095 0
    outer loop
      vertex -8.95818 -23.5095 -97
      vertex -10.2277 -24.9426 -93
      vertex -10.2277 -24.9426 -97
    endloop
  endfacet
  facet normal 0.35459 -0.935022 0
    outer loop
      vertex -12.0179 -25.6215 -97
      vertex -10.2277 -24.9426 -93
      vertex -12.0179 -25.6215 -93
    endloop
  endfacet
  facet normal 0.35459 -0.935022 0
    outer loop
      vertex -10.2277 -24.9426 -93
      vertex -12.0179 -25.6215 -97
      vertex -10.2277 -24.9426 -97
    endloop
  endfacet
  facet normal 0 0 1
    outer loop
      vertex -16.3838 -20.6934 -93
      vertex -14.4217 -20.2545 -93
      vertex -15.6754 -19.3436 -93
    endloop
  endfacet
  facet normal 0 0 1
    outer loop
      vertex -14.4217 -20.2545 -93
      vertex -16.3838 -20.6934 -93
      vertex -15 -21.6506 -93
    endloop
  endfacet
  facet normal 0 0 1
    outer loop
      vertex -15 -21.6506 -93
      vertex -16.3838 -20.6934 -93
      vertex -16.3838 -22.6079 -93
    endloop
  endfacet
  facet normal 0 0 1
    outer loop
      vertex -15 -21.6506 -93
      vertex -16.3838 -22.6079 -93
      vertex -15.494 -24.3031 -93
    endloop
  endfacet
  facet normal 0 0 1
    outer loop
      vertex -10.3893 -22.5904 -93
      vertex -8.95818 -23.5095 -93
      vertex -8.89555 -23.2554 -93
    endloop
  endfacet
  facet normal 0 0 1
    outer loop
      vertex -8.95818 -23.5095 -93
      vertex -10.3893 -22.5904 -93
      vertex -10.7322 -23.4184 -93
    endloop
  endfacet
  facet normal 0 0 1
    outer loop
      vertex -8.95818 -23.5095 -93
      vertex -10.7322 -23.4184 -93
      vertex -10.2277 -24.9426 -93
    endloop
  endfacet
  facet normal -0 0 1
    outer loop
      vertex -12.5 -24.1506 -93
      vertex -10.2277 -24.9426 -93
      vertex -10.7322 -23.4184 -93
    endloop
  endfacet
  facet normal 0 0 1
    outer loop
      vertex -10.2277 -24.9426 -93
      vertex -12.5 -24.1506 -93
      vertex -12.0179 -25.6215 -93
    endloop
  endfacet
  facet normal 0 0 1
    outer loop
      vertex -12.5 -24.1506 -93
      vertex -13.9184 -25.3907 -93
      vertex -12.0179 -25.6215 -93
    endloop
  endfacet
  facet normal 0 0 1
    outer loop
      vertex -14.2678 -23.4184 -93
      vertex -13.9184 -25.3907 -93
      vertex -12.5 -24.1506 -93
    endloop
  endfacet
  facet normal 0 0 1
    outer loop
      vertex -15.494 -24.3031 -93
      vertex -14.2678 -23.4184 -93
      vertex -15 -21.6506 -93
    endloop
  endfacet
  facet normal 0 0 1
    outer loop
      vertex -14.2678 -23.4184 -93
      vertex -15.494 -24.3031 -93
      vertex -13.9184 -25.3907 -93
    endloop
  endfacet
  facet normal -0.56808 -0.822974 0
    outer loop
      vertex -15.494 -24.3031 -97
      vertex -13.9184 -25.3907 -93
      vertex -15.494 -24.3031 -93
    endloop
  endfacet
  facet normal -0.56808 -0.822974 -0
    outer loop
      vertex -13.9184 -25.3907 -93
      vertex -15.494 -24.3031 -97
      vertex -13.9184 -25.3907 -97
    endloop
  endfacet
  facet normal -0.120556 -0.992707 0
    outer loop
      vertex -13.9184 -25.3907 -97
      vertex -12.0179 -25.6215 -93
      vertex -13.9184 -25.3907 -93
    endloop
  endfacet
  facet normal -0.120556 -0.992707 -0
    outer loop
      vertex -12.0179 -25.6215 -93
      vertex -13.9184 -25.3907 -97
      vertex -12.0179 -25.6215 -97
    endloop
  endfacet
  facet normal -1 0 0
    outer loop
      vertex -16.3838 -22.6079 -97
      vertex -16.3838 -20.6934 -93
      vertex -16.3838 -20.6934 -97
    endloop
  endfacet
  facet normal -1 -0 0
    outer loop
      vertex -16.3838 -20.6934 -93
      vertex -16.3838 -22.6079 -97
      vertex -16.3838 -22.6079 -93
    endloop
  endfacet
  facet normal 0.970942 -0.239316 0
    outer loop
      vertex -8.95818 -23.5095 -93
      vertex -8.89555 -23.2554 -97
      vertex -8.89555 -23.2554 -93
    endloop
  endfacet
  facet normal 0.970942 -0.239316 0
    outer loop
      vertex -8.89555 -23.2554 -97
      vertex -8.95818 -23.5095 -93
      vertex -8.95818 -23.5095 -97
    endloop
  endfacet
  facet normal 0 0 -1
    outer loop
      vertex -10.3893 -22.5904 -97
      vertex -8.95818 -23.5095 -97
      vertex -10.2277 -24.9426 -97
    endloop
  endfacet
  facet normal 0 0 -1
    outer loop
      vertex -8.95818 -23.5095 -97
      vertex -10.3893 -22.5904 -97
      vertex -8.89555 -23.2554 -97
    endloop
  endfacet
  facet normal 0 0 -1
    outer loop
      vertex -12.0179 -25.6215 -97
      vertex -10.3893 -22.5904 -97
      vertex -10.2277 -24.9426 -97
    endloop
  endfacet
  facet normal 0 0 -1
    outer loop
      vertex -13.9184 -25.3907 -97
      vertex -10.3893 -22.5904 -97
      vertex -12.0179 -25.6215 -97
    endloop
  endfacet
  facet normal 0 0 -1
    outer loop
      vertex -10.3893 -22.5904 -97
      vertex -14.4217 -20.2545 -97
      vertex -10.7322 -19.8829 -97
    endloop
  endfacet
  facet normal -0 0 -1
    outer loop
      vertex -10.3893 -22.5904 -97
      vertex -13.9184 -25.3907 -97
      vertex -14.4217 -20.2545 -97
    endloop
  endfacet
  facet normal -0 0 -1
    outer loop
      vertex -10.7322 -19.8829 -97
      vertex -14.4217 -20.2545 -97
      vertex -12.5 -19.1506 -97
    endloop
  endfacet
  facet normal 0 0 -1
    outer loop
      vertex -12.5 -19.1506 -97
      vertex -14.4217 -20.2545 -97
      vertex -14.2678 -19.8829 -97
    endloop
  endfacet
  facet normal 0 0 -1
    outer loop
      vertex -15.494 -24.3031 -97
      vertex -14.4217 -20.2545 -97
      vertex -13.9184 -25.3907 -97
    endloop
  endfacet
  facet normal 0 0 -1
    outer loop
      vertex -16.3838 -22.6079 -97
      vertex -14.4217 -20.2545 -97
      vertex -15.494 -24.3031 -97
    endloop
  endfacet
  facet normal 0 0 -1
    outer loop
      vertex -16.3838 -20.6934 -97
      vertex -14.4217 -20.2545 -97
      vertex -16.3838 -22.6079 -97
    endloop
  endfacet
  facet normal -0 0 -1
    outer loop
      vertex -14.4217 -20.2545 -97
      vertex -16.3838 -20.6934 -97
      vertex -15.6754 -19.3436 -97
    endloop
  endfacet
  facet normal -0 0 -1
    outer loop
      vertex -10 -21.6506 -97
      vertex -10.3893 -22.5904 -97
      vertex -10.7322 -19.8829 -97
    endloop
  endfacet
  facet normal -0.885464 0.464708 0
    outer loop
      vertex -16.3838 -20.6934 -97
      vertex -15.6754 -19.3436 -93
      vertex -15.6754 -19.3436 -97
    endloop
  endfacet
  facet normal -0.885464 0.464708 0
    outer loop
      vertex -15.6754 -19.3436 -93
      vertex -16.3838 -20.6934 -97
      vertex -16.3838 -20.6934 -93
    endloop
  endfacet
  facet normal 0 0 -1
    outer loop
      vertex 14.2678 -23.4184 65
      vertex 14.2678 -19.8829 65
      vertex 15 -21.6506 65
    endloop
  endfacet
  facet normal 0 0 -1
    outer loop
      vertex 12.5 -24.1506 65
      vertex 14.2678 -19.8829 65
      vertex 14.2678 -23.4184 65
    endloop
  endfacet
  facet normal 0 0 -1
    outer loop
      vertex 12.5 -24.1506 65
      vertex 12.5 -19.1506 65
      vertex 14.2678 -19.8829 65
    endloop
  endfacet
  facet normal 0 0 -1
    outer loop
      vertex 10.7322 -23.4184 65
      vertex 12.5 -19.1506 65
      vertex 12.5 -24.1506 65
    endloop
  endfacet
  facet normal 0 0 -1
    outer loop
      vertex 10.7322 -23.4184 65
      vertex 10.7322 -19.8829 65
      vertex 12.5 -19.1506 65
    endloop
  endfacet
  facet normal 0 -0 -1
    outer loop
      vertex 10.7322 -19.8829 65
      vertex 10.7322 -23.4184 65
      vertex 10 -21.6506 65
    endloop
  endfacet
  facet normal 0 0 1
    outer loop
      vertex 14.2678 -19.8829 -65
      vertex 14.2678 -23.4184 -65
      vertex 15 -21.6506 -65
    endloop
  endfacet
  facet normal 0 0 1
    outer loop
      vertex 12.5 -19.1506 -65
      vertex 14.2678 -23.4184 -65
      vertex 14.2678 -19.8829 -65
    endloop
  endfacet
  facet normal 0 0 1
    outer loop
      vertex 12.5 -19.1506 -65
      vertex 12.5 -24.1506 -65
      vertex 14.2678 -23.4184 -65
    endloop
  endfacet
  facet normal -0 0 1
    outer loop
      vertex 10.7322 -19.8829 -65
      vertex 12.5 -24.1506 -65
      vertex 12.5 -19.1506 -65
    endloop
  endfacet
  facet normal 0 0 1
    outer loop
      vertex 10.7322 -19.8829 -65
      vertex 10.7322 -23.4184 -65
      vertex 12.5 -24.1506 -65
    endloop
  endfacet
  facet normal 0 -0 1
    outer loop
      vertex 10.7322 -23.4184 -65
      vertex 10.7322 -19.8829 -65
      vertex 10 -21.6506 -65
    endloop
  endfacet
  facet normal -0.885448 -0.464738 0
    outer loop
      vertex 9.50596 -24.3031 93
      vertex 8.94462 -23.2336 97
      vertex 8.94462 -23.2336 93
    endloop
  endfacet
  facet normal -0.885448 -0.464738 0
    outer loop
      vertex 8.94462 -23.2336 97
      vertex 9.50596 -24.3031 93
      vertex 9.50596 -24.3031 97
    endloop
  endfacet
  facet normal 0.74853 0.663101 0
    outer loop
      vertex 16.0418 -19.7917 97
      vertex 15.6568 -19.3571 93
      vertex 15.6568 -19.3571 97
    endloop
  endfacet
  facet normal 0.74853 0.663101 0
    outer loop
      vertex 15.6568 -19.3571 93
      vertex 16.0418 -19.7917 97
      vertex 16.0418 -19.7917 93
    endloop
  endfacet
  facet normal 0.970939 0.239327 0
    outer loop
      vertex 16.5 -21.6506 97
      vertex 16.0418 -19.7917 93
      vertex 16.0418 -19.7917 97
    endloop
  endfacet
  facet normal 0.970939 0.239327 0
    outer loop
      vertex 16.0418 -19.7917 93
      vertex 16.5 -21.6506 97
      vertex 16.5 -21.6506 93
    endloop
  endfacet
  facet normal 0.35459 -0.935022 0
    outer loop
      vertex 12.9821 -25.6215 93
      vertex 14.7723 -24.9426 97
      vertex 12.9821 -25.6215 97
    endloop
  endfacet
  facet normal 0.35459 -0.935022 0
    outer loop
      vertex 14.7723 -24.9426 97
      vertex 12.9821 -25.6215 93
      vertex 14.7723 -24.9426 93
    endloop
  endfacet
  facet normal 0 0 1
    outer loop
      vertex 10.7322 -19.8829 97
      vertex 10 -21.6506 97
      vertex 10.3893 -22.5904 97
    endloop
  endfacet
  facet normal -0 0 1
    outer loop
      vertex 14.4217 -20.2545 97
      vertex 16.5 -21.6506 97
      vertex 16.0418 -19.7917 97
    endloop
  endfacet
  facet normal 0 0 1
    outer loop
      vertex 14.4217 -20.2545 97
      vertex 16.0418 -19.7917 97
      vertex 15.6568 -19.3571 97
    endloop
  endfacet
  facet normal 0 0 1
    outer loop
      vertex 16.5 -21.6506 97
      vertex 14.4217 -20.2545 97
      vertex 16.0418 -23.5095 97
    endloop
  endfacet
  facet normal 0 0 1
    outer loop
      vertex 16.0418 -23.5095 97
      vertex 14.4217 -20.2545 97
      vertex 14.7723 -24.9426 97
    endloop
  endfacet
  facet normal 0 0 1
    outer loop
      vertex 12.5 -19.1506 97
      vertex 14.4217 -20.2545 97
      vertex 14.2678 -19.8829 97
    endloop
  endfacet
  facet normal 0 0 1
    outer loop
      vertex 14.4217 -20.2545 97
      vertex 10.3893 -22.5904 97
      vertex 14.7723 -24.9426 97
    endloop
  endfacet
  facet normal 0 0 1
    outer loop
      vertex 14.4217 -20.2545 97
      vertex 12.5 -19.1506 97
      vertex 10.3893 -22.5904 97
    endloop
  endfacet
  facet normal 0 0 1
    outer loop
      vertex 14.7723 -24.9426 97
      vertex 10.3893 -22.5904 97
      vertex 12.9821 -25.6215 97
    endloop
  endfacet
  facet normal 0 0 1
    outer loop
      vertex 10.3893 -22.5904 97
      vertex 12.5 -19.1506 97
      vertex 10.7322 -19.8829 97
    endloop
  endfacet
  facet normal 0 0 1
    outer loop
      vertex 12.9821 -25.6215 97
      vertex 10.3893 -22.5904 97
      vertex 11.0816 -25.3907 97
    endloop
  endfacet
  facet normal 0 0 1
    outer loop
      vertex 10.3893 -22.5904 97
      vertex 9.50596 -24.3031 97
      vertex 11.0816 -25.3907 97
    endloop
  endfacet
  facet normal 0 -0 1
    outer loop
      vertex 9.50596 -24.3031 97
      vertex 10.3893 -22.5904 97
      vertex 8.94462 -23.2336 97
    endloop
  endfacet
  facet normal 0.970939 -0.239327 0
    outer loop
      vertex 16.0418 -23.5095 97
      vertex 16.5 -21.6506 93
      vertex 16.5 -21.6506 97
    endloop
  endfacet
  facet normal 0.970939 -0.239327 0
    outer loop
      vertex 16.5 -21.6506 93
      vertex 16.0418 -23.5095 97
      vertex 16.0418 -23.5095 93
    endloop
  endfacet
  facet normal -0.120556 -0.992707 0
    outer loop
      vertex 11.0816 -25.3907 93
      vertex 12.9821 -25.6215 97
      vertex 11.0816 -25.3907 97
    endloop
  endfacet
  facet normal -0.120556 -0.992707 -0
    outer loop
      vertex 12.9821 -25.6215 97
      vertex 11.0816 -25.3907 93
      vertex 12.9821 -25.6215 93
    endloop
  endfacet
  facet normal 0.748541 -0.663089 0
    outer loop
      vertex 14.7723 -24.9426 97
      vertex 16.0418 -23.5095 93
      vertex 16.0418 -23.5095 97
    endloop
  endfacet
  facet normal 0.748541 -0.663089 0
    outer loop
      vertex 16.0418 -23.5095 93
      vertex 14.7723 -24.9426 97
      vertex 14.7723 -24.9426 93
    endloop
  endfacet
  facet normal -0.56807 -0.82298 0
    outer loop
      vertex 9.50596 -24.3031 93
      vertex 11.0816 -25.3907 97
      vertex 9.50596 -24.3031 97
    endloop
  endfacet
  facet normal -0.56807 -0.82298 -0
    outer loop
      vertex 11.0816 -25.3907 97
      vertex 9.50596 -24.3031 93
      vertex 11.0816 -25.3907 93
    endloop
  endfacet
  facet normal 0 0 -1
    outer loop
      vertex 15 -21.6506 93
      vertex 16.5 -21.6506 93
      vertex 16.0418 -23.5095 93
    endloop
  endfacet
  facet normal 0 0 -1
    outer loop
      vertex 16.5 -21.6506 93
      vertex 15 -21.6506 93
      vertex 16.0418 -19.7917 93
    endloop
  endfacet
  facet normal 0 0 -1
    outer loop
      vertex 14.4217 -20.2545 93
      vertex 16.0418 -19.7917 93
      vertex 15 -21.6506 93
    endloop
  endfacet
  facet normal 0 0 -1
    outer loop
      vertex 14.2678 -23.4184 93
      vertex 16.0418 -23.5095 93
      vertex 14.7723 -24.9426 93
    endloop
  endfacet
  facet normal 0 0 -1
    outer loop
      vertex 16.0418 -23.5095 93
      vertex 14.2678 -23.4184 93
      vertex 15 -21.6506 93
    endloop
  endfacet
  facet normal 0 0 -1
    outer loop
      vertex 12.5 -24.1506 93
      vertex 14.7723 -24.9426 93
      vertex 12.9821 -25.6215 93
    endloop
  endfacet
  facet normal 0 0 -1
    outer loop
      vertex 14.7723 -24.9426 93
      vertex 12.5 -24.1506 93
      vertex 14.2678 -23.4184 93
    endloop
  endfacet
  facet normal 0 0 -1
    outer loop
      vertex 11.0816 -25.3907 93
      vertex 12.5 -24.1506 93
      vertex 12.9821 -25.6215 93
    endloop
  endfacet
  facet normal 0 0 -1
    outer loop
      vertex 11.0816 -25.3907 93
      vertex 10.7322 -23.4184 93
      vertex 12.5 -24.1506 93
    endloop
  endfacet
  facet normal 0 0 -1
    outer loop
      vertex 9.50596 -24.3031 93
      vertex 10.7322 -23.4184 93
      vertex 11.0816 -25.3907 93
    endloop
  endfacet
  facet normal 0 0 -1
    outer loop
      vertex 8.94462 -23.2336 93
      vertex 10.7322 -23.4184 93
      vertex 9.50596 -24.3031 93
    endloop
  endfacet
  facet normal 0 0 -1
    outer loop
      vertex 10.7322 -23.4184 93
      vertex 8.94462 -23.2336 93
      vertex 10.3893 -22.5904 93
    endloop
  endfacet
  facet normal -0 0 -1
    outer loop
      vertex 16.0418 -19.7917 93
      vertex 14.4217 -20.2545 93
      vertex 15.6568 -19.3571 93
    endloop
  endfacet
  facet normal -0.885448 -0.464738 0
    outer loop
      vertex 9.50596 -24.3031 -97
      vertex 8.94462 -23.2336 -93
      vertex 8.94462 -23.2336 -97
    endloop
  endfacet
  facet normal -0.885448 -0.464738 0
    outer loop
      vertex 8.94462 -23.2336 -93
      vertex 9.50596 -24.3031 -97
      vertex 9.50596 -24.3031 -93
    endloop
  endfacet
  facet normal 0.74853 0.663101 0
    outer loop
      vertex 16.0418 -19.7917 -93
      vertex 15.6568 -19.3571 -97
      vertex 15.6568 -19.3571 -93
    endloop
  endfacet
  facet normal 0.74853 0.663101 0
    outer loop
      vertex 15.6568 -19.3571 -97
      vertex 16.0418 -19.7917 -93
      vertex 16.0418 -19.7917 -97
    endloop
  endfacet
  facet normal 0.970939 0.239327 0
    outer loop
      vertex 16.5 -21.6506 -93
      vertex 16.0418 -19.7917 -97
      vertex 16.0418 -19.7917 -93
    endloop
  endfacet
  facet normal 0.970939 0.239327 0
    outer loop
      vertex 16.0418 -19.7917 -97
      vertex 16.5 -21.6506 -93
      vertex 16.5 -21.6506 -97
    endloop
  endfacet
  facet normal 0.35459 -0.935022 0
    outer loop
      vertex 12.9821 -25.6215 -97
      vertex 14.7723 -24.9426 -93
      vertex 12.9821 -25.6215 -93
    endloop
  endfacet
  facet normal 0.35459 -0.935022 0
    outer loop
      vertex 14.7723 -24.9426 -93
      vertex 12.9821 -25.6215 -97
      vertex 14.7723 -24.9426 -97
    endloop
  endfacet
  facet normal 0 0 1
    outer loop
      vertex 16.0418 -19.7917 -93
      vertex 14.4217 -20.2545 -93
      vertex 15 -21.6506 -93
    endloop
  endfacet
  facet normal 0 0 1
    outer loop
      vertex 15 -21.6506 -93
      vertex 16.5 -21.6506 -93
      vertex 16.0418 -19.7917 -93
    endloop
  endfacet
  facet normal 0 0 1
    outer loop
      vertex 14.4217 -20.2545 -93
      vertex 16.0418 -19.7917 -93
      vertex 15.6568 -19.3571 -93
    endloop
  endfacet
  facet normal 0 0 1
    outer loop
      vertex 16.5 -21.6506 -93
      vertex 15 -21.6506 -93
      vertex 16.0418 -23.5095 -93
    endloop
  endfacet
  facet normal -0 0 1
    outer loop
      vertex 14.2678 -23.4184 -93
      vertex 16.0418 -23.5095 -93
      vertex 15 -21.6506 -93
    endloop
  endfacet
  facet normal 0 0 1
    outer loop
      vertex 16.0418 -23.5095 -93
      vertex 14.2678 -23.4184 -93
      vertex 14.7723 -24.9426 -93
    endloop
  endfacet
  facet normal -0 0 1
    outer loop
      vertex 12.5 -24.1506 -93
      vertex 14.7723 -24.9426 -93
      vertex 14.2678 -23.4184 -93
    endloop
  endfacet
  facet normal 0 0 1
    outer loop
      vertex 14.7723 -24.9426 -93
      vertex 12.5 -24.1506 -93
      vertex 12.9821 -25.6215 -93
    endloop
  endfacet
  facet normal 0 0 1
    outer loop
      vertex 12.5 -24.1506 -93
      vertex 11.0816 -25.3907 -93
      vertex 12.9821 -25.6215 -93
    endloop
  endfacet
  facet normal 0 0 1
    outer loop
      vertex 10.7322 -23.4184 -93
      vertex 11.0816 -25.3907 -93
      vertex 12.5 -24.1506 -93
    endloop
  endfacet
  facet normal -0 0 1
    outer loop
      vertex 8.94462 -23.2336 -93
      vertex 10.7322 -23.4184 -93
      vertex 10.3893 -22.5904 -93
    endloop
  endfacet
  facet normal 0 0 1
    outer loop
      vertex 10.7322 -23.4184 -93
      vertex 9.50596 -24.3031 -93
      vertex 11.0816 -25.3907 -93
    endloop
  endfacet
  facet normal 0 0 1
    outer loop
      vertex 10.7322 -23.4184 -93
      vertex 8.94462 -23.2336 -93
      vertex 9.50596 -24.3031 -93
    endloop
  endfacet
  facet normal 0.970939 -0.239327 0
    outer loop
      vertex 16.0418 -23.5095 -93
      vertex 16.5 -21.6506 -97
      vertex 16.5 -21.6506 -93
    endloop
  endfacet
  facet normal 0.970939 -0.239327 0
    outer loop
      vertex 16.5 -21.6506 -97
      vertex 16.0418 -23.5095 -93
      vertex 16.0418 -23.5095 -97
    endloop
  endfacet
  facet normal -0.120556 -0.992707 0
    outer loop
      vertex 11.0816 -25.3907 -97
      vertex 12.9821 -25.6215 -93
      vertex 11.0816 -25.3907 -93
    endloop
  endfacet
  facet normal -0.120556 -0.992707 -0
    outer loop
      vertex 12.9821 -25.6215 -93
      vertex 11.0816 -25.3907 -97
      vertex 12.9821 -25.6215 -97
    endloop
  endfacet
  facet normal 0.748541 -0.663089 0
    outer loop
      vertex 14.7723 -24.9426 -93
      vertex 16.0418 -23.5095 -97
      vertex 16.0418 -23.5095 -93
    endloop
  endfacet
  facet normal 0.748541 -0.663089 0
    outer loop
      vertex 16.0418 -23.5095 -97
      vertex 14.7723 -24.9426 -93
      vertex 14.7723 -24.9426 -97
    endloop
  endfacet
  facet normal -0.56807 -0.82298 0
    outer loop
      vertex 9.50596 -24.3031 -97
      vertex 11.0816 -25.3907 -93
      vertex 9.50596 -24.3031 -93
    endloop
  endfacet
  facet normal -0.56807 -0.82298 -0
    outer loop
      vertex 11.0816 -25.3907 -93
      vertex 9.50596 -24.3031 -97
      vertex 11.0816 -25.3907 -97
    endloop
  endfacet
  facet normal 0 0 -1
    outer loop
      vertex 14.4217 -20.2545 -97
      vertex 16.5 -21.6506 -97
      vertex 16.0418 -23.5095 -97
    endloop
  endfacet
  facet normal 0 0 -1
    outer loop
      vertex 16.5 -21.6506 -97
      vertex 14.4217 -20.2545 -97
      vertex 16.0418 -19.7917 -97
    endloop
  endfacet
  facet normal 0 0 -1
    outer loop
      vertex 14.4217 -20.2545 -97
      vertex 16.0418 -23.5095 -97
      vertex 14.7723 -24.9426 -97
    endloop
  endfacet
  facet normal -0 0 -1
    outer loop
      vertex 16.0418 -19.7917 -97
      vertex 14.4217 -20.2545 -97
      vertex 15.6568 -19.3571 -97
    endloop
  endfacet
  facet normal 0 0 -1
    outer loop
      vertex 10.3893 -22.5904 -97
      vertex 14.4217 -20.2545 -97
      vertex 14.7723 -24.9426 -97
    endloop
  endfacet
  facet normal 0 0 -1
    outer loop
      vertex 10.3893 -22.5904 -97
      vertex 14.7723 -24.9426 -97
      vertex 12.9821 -25.6215 -97
    endloop
  endfacet
  facet normal 0 -0 -1
    outer loop
      vertex 12.5 -19.1506 -97
      vertex 14.4217 -20.2545 -97
      vertex 10.3893 -22.5904 -97
    endloop
  endfacet
  facet normal 0 0 -1
    outer loop
      vertex 10.3893 -22.5904 -97
      vertex 12.9821 -25.6215 -97
      vertex 11.0816 -25.3907 -97
    endloop
  endfacet
  facet normal 0 0 -1
    outer loop
      vertex 14.4217 -20.2545 -97
      vertex 12.5 -19.1506 -97
      vertex 14.2678 -19.8829 -97
    endloop
  endfacet
  facet normal 0 0 -1
    outer loop
      vertex 12.5 -19.1506 -97
      vertex 10.3893 -22.5904 -97
      vertex 10.7322 -19.8829 -97
    endloop
  endfacet
  facet normal 0 0 -1
    outer loop
      vertex 9.50596 -24.3031 -97
      vertex 10.3893 -22.5904 -97
      vertex 11.0816 -25.3907 -97
    endloop
  endfacet
  facet normal 0 0 -1
    outer loop
      vertex 10.3893 -22.5904 -97
      vertex 9.50596 -24.3031 -97
      vertex 8.94462 -23.2336 -97
    endloop
  endfacet
  facet normal 0 0 -1
    outer loop
      vertex 10.7322 -19.8829 -97
      vertex 10.3893 -22.5904 -97
      vertex 10 -21.6506 -97
    endloop
  endfacet
  facet normal 0 0 -1
    outer loop
      vertex 9.78148 -2.07912 -80
      vertex 9.78148 2.07912 -80
      vertex 10 0 -80
    endloop
  endfacet
  facet normal 0 0 -1
    outer loop
      vertex 9.13545 -4.06737 -80
      vertex 9.78148 2.07912 -80
      vertex 9.78148 -2.07912 -80
    endloop
  endfacet
  facet normal 0 0 -1
    outer loop
      vertex 9.13545 -4.06737 -80
      vertex 9.13545 4.06737 -80
      vertex 9.78148 2.07912 -80
    endloop
  endfacet
  facet normal 0 0 -1
    outer loop
      vertex 8.09017 -5.87785 -80
      vertex 9.13545 4.06737 -80
      vertex 9.13545 -4.06737 -80
    endloop
  endfacet
  facet normal 0 0 -1
    outer loop
      vertex 8.09017 -5.87785 -80
      vertex 8.09017 5.87785 -80
      vertex 9.13545 4.06737 -80
    endloop
  endfacet
  facet normal 0 0 -1
    outer loop
      vertex 6.69131 -7.43145 -80
      vertex 8.09017 5.87785 -80
      vertex 8.09017 -5.87785 -80
    endloop
  endfacet
  facet normal 0 0 -1
    outer loop
      vertex 6.69131 -7.43145 -80
      vertex 6.69131 7.43145 -80
      vertex 8.09017 5.87785 -80
    endloop
  endfacet
  facet normal 0 0 -1
    outer loop
      vertex 5 -8.66025 -80
      vertex 6.69131 7.43145 -80
      vertex 6.69131 -7.43145 -80
    endloop
  endfacet
  facet normal 0 0 -1
    outer loop
      vertex 5 -8.66025 -80
      vertex 5 8.66025 -80
      vertex 6.69131 7.43145 -80
    endloop
  endfacet
  facet normal 0 0 -1
    outer loop
      vertex 3.09017 -9.51056 -80
      vertex 5 8.66025 -80
      vertex 5 -8.66025 -80
    endloop
  endfacet
  facet normal 0 0 -1
    outer loop
      vertex 3.09017 -9.51056 -80
      vertex 3.09017 9.51056 -80
      vertex 5 8.66025 -80
    endloop
  endfacet
  facet normal 0 0 -1
    outer loop
      vertex 1.04528 -9.94522 -80
      vertex 3.09017 9.51056 -80
      vertex 3.09017 -9.51056 -80
    endloop
  endfacet
  facet normal 0 0 -1
    outer loop
      vertex 1.04528 -9.94522 -80
      vertex 1.04528 9.94522 -80
      vertex 3.09017 9.51056 -80
    endloop
  endfacet
  facet normal 0 0 -1
    outer loop
      vertex -1.04528 -9.94522 -80
      vertex 1.04528 9.94522 -80
      vertex 1.04528 -9.94522 -80
    endloop
  endfacet
  facet normal 0 0 -1
    outer loop
      vertex -1.04528 -9.94522 -80
      vertex -1.04528 9.94522 -80
      vertex 1.04528 9.94522 -80
    endloop
  endfacet
  facet normal 0 0 -1
    outer loop
      vertex -3.09017 -9.51056 -80
      vertex -1.04528 9.94522 -80
      vertex -1.04528 -9.94522 -80
    endloop
  endfacet
  facet normal 0 0 -1
    outer loop
      vertex -3.09017 -9.51056 -80
      vertex -3.09017 9.51056 -80
      vertex -1.04528 9.94522 -80
    endloop
  endfacet
  facet normal 0 0 -1
    outer loop
      vertex -5 -8.66025 -80
      vertex -3.09017 9.51056 -80
      vertex -3.09017 -9.51056 -80
    endloop
  endfacet
  facet normal 0 0 -1
    outer loop
      vertex -5 -8.66025 -80
      vertex -5 8.66025 -80
      vertex -3.09017 9.51056 -80
    endloop
  endfacet
  facet normal 0 0 -1
    outer loop
      vertex -6.69131 -7.43145 -80
      vertex -5 8.66025 -80
      vertex -5 -8.66025 -80
    endloop
  endfacet
  facet normal 0 0 -1
    outer loop
      vertex -6.69131 -7.43145 -80
      vertex -6.69131 7.43145 -80
      vertex -5 8.66025 -80
    endloop
  endfacet
  facet normal 0 0 -1
    outer loop
      vertex -8.09017 -5.87785 -80
      vertex -6.69131 7.43145 -80
      vertex -6.69131 -7.43145 -80
    endloop
  endfacet
  facet normal 0 0 -1
    outer loop
      vertex -8.09017 -5.87785 -80
      vertex -8.09017 5.87785 -80
      vertex -6.69131 7.43145 -80
    endloop
  endfacet
  facet normal 0 0 -1
    outer loop
      vertex -9.13545 -4.06737 -80
      vertex -8.09017 5.87785 -80
      vertex -8.09017 -5.87785 -80
    endloop
  endfacet
  facet normal 0 0 -1
    outer loop
      vertex -9.13545 -4.06737 -80
      vertex -9.13545 4.06737 -80
      vertex -8.09017 5.87785 -80
    endloop
  endfacet
  facet normal 0 0 -1
    outer loop
      vertex -9.78148 -2.07912 -80
      vertex -9.13545 4.06737 -80
      vertex -9.13545 -4.06737 -80
    endloop
  endfacet
  facet normal 0 0 -1
    outer loop
      vertex -9.78148 -2.07912 -80
      vertex -9.78148 2.07912 -80
      vertex -9.13545 4.06737 -80
    endloop
  endfacet
  facet normal 0 -0 -1
    outer loop
      vertex -9.78148 2.07912 -80
      vertex -9.78148 -2.07912 -80
      vertex -10 0 -80
    endloop
  endfacet
  facet normal 0 0 1
    outer loop
      vertex 9.78148 2.07912 80
      vertex 9.78148 -2.07912 80
      vertex 10 0 80
    endloop
  endfacet
  facet normal 0 0 1
    outer loop
      vertex 9.13545 4.06737 80
      vertex 9.78148 -2.07912 80
      vertex 9.78148 2.07912 80
    endloop
  endfacet
  facet normal 0 0 1
    outer loop
      vertex 9.13545 4.06737 80
      vertex 9.13545 -4.06737 80
      vertex 9.78148 -2.07912 80
    endloop
  endfacet
  facet normal 0 0 1
    outer loop
      vertex 8.09017 5.87785 80
      vertex 9.13545 -4.06737 80
      vertex 9.13545 4.06737 80
    endloop
  endfacet
  facet normal 0 0 1
    outer loop
      vertex 8.09017 5.87785 80
      vertex 8.09017 -5.87785 80
      vertex 9.13545 -4.06737 80
    endloop
  endfacet
  facet normal 0 0 1
    outer loop
      vertex 6.69131 7.43145 80
      vertex 8.09017 -5.87785 80
      vertex 8.09017 5.87785 80
    endloop
  endfacet
  facet normal 0 0 1
    outer loop
      vertex 6.69131 7.43145 80
      vertex 6.69131 -7.43145 80
      vertex 8.09017 -5.87785 80
    endloop
  endfacet
  facet normal 0 0 1
    outer loop
      vertex 5 8.66025 80
      vertex 6.69131 -7.43145 80
      vertex 6.69131 7.43145 80
    endloop
  endfacet
  facet normal 0 0 1
    outer loop
      vertex 5 8.66025 80
      vertex 5 -8.66025 80
      vertex 6.69131 -7.43145 80
    endloop
  endfacet
  facet normal 0 0 1
    outer loop
      vertex 3.09017 9.51056 80
      vertex 5 -8.66025 80
      vertex 5 8.66025 80
    endloop
  endfacet
  facet normal 0 0 1
    outer loop
      vertex 3.09017 9.51056 80
      vertex 3.09017 -9.51056 80
      vertex 5 -8.66025 80
    endloop
  endfacet
  facet normal 0 0 1
    outer loop
      vertex 1.04528 9.94522 80
      vertex 3.09017 -9.51056 80
      vertex 3.09017 9.51056 80
    endloop
  endfacet
  facet normal 0 0 1
    outer loop
      vertex 1.04528 9.94522 80
      vertex 1.04528 -9.94522 80
      vertex 3.09017 -9.51056 80
    endloop
  endfacet
  facet normal -0 0 1
    outer loop
      vertex -1.04528 9.94522 80
      vertex 1.04528 -9.94522 80
      vertex 1.04528 9.94522 80
    endloop
  endfacet
  facet normal 0 0 1
    outer loop
      vertex -1.04528 9.94522 80
      vertex -1.04528 -9.94522 80
      vertex 1.04528 -9.94522 80
    endloop
  endfacet
  facet normal -0 0 1
    outer loop
      vertex -3.09017 9.51056 80
      vertex -1.04528 -9.94522 80
      vertex -1.04528 9.94522 80
    endloop
  endfacet
  facet normal 0 0 1
    outer loop
      vertex -3.09017 9.51056 80
      vertex -3.09017 -9.51056 80
      vertex -1.04528 -9.94522 80
    endloop
  endfacet
  facet normal -0 0 1
    outer loop
      vertex -5 8.66025 80
      vertex -3.09017 -9.51056 80
      vertex -3.09017 9.51056 80
    endloop
  endfacet
  facet normal 0 0 1
    outer loop
      vertex -5 8.66025 80
      vertex -5 -8.66025 80
      vertex -3.09017 -9.51056 80
    endloop
  endfacet
  facet normal -0 0 1
    outer loop
      vertex -6.69131 7.43145 80
      vertex -5 -8.66025 80
      vertex -5 8.66025 80
    endloop
  endfacet
  facet normal 0 0 1
    outer loop
      vertex -6.69131 7.43145 80
      vertex -6.69131 -7.43145 80
      vertex -5 -8.66025 80
    endloop
  endfacet
  facet normal -0 0 1
    outer loop
      vertex -8.09017 5.87785 80
      vertex -6.69131 -7.43145 80
      vertex -6.69131 7.43145 80
    endloop
  endfacet
  facet normal 0 0 1
    outer loop
      vertex -8.09017 5.87785 80
      vertex -8.09017 -5.87785 80
      vertex -6.69131 -7.43145 80
    endloop
  endfacet
  facet normal -0 0 1
    outer loop
      vertex -9.13545 4.06737 80
      vertex -8.09017 -5.87785 80
      vertex -8.09017 5.87785 80
    endloop
  endfacet
  facet normal 0 0 1
    outer loop
      vertex -9.13545 4.06737 80
      vertex -9.13545 -4.06737 80
      vertex -8.09017 -5.87785 80
    endloop
  endfacet
  facet normal -0 0 1
    outer loop
      vertex -9.78148 2.07912 80
      vertex -9.13545 -4.06737 80
      vertex -9.13545 4.06737 80
    endloop
  endfacet
  facet normal 0 0 1
    outer loop
      vertex -9.78148 2.07912 80
      vertex -9.78148 -2.07912 80
      vertex -9.13545 -4.06737 80
    endloop
  endfacet
  facet normal 0 -0 1
    outer loop
      vertex -9.78148 -2.07912 80
      vertex -9.78148 2.07912 80
      vertex -10 0 80
    endloop
  endfacet
endsolid OpenSCAD_Model
