solid OpenSCAD_Model
  facet normal -0.309023 -0.951055 0
    outer loop
      vertex 34.7865 -0.881678 -23.75
      vertex 36.4635 -1.42658 -2.5
      vertex 34.7865 -0.881678 -2.5
    endloop
  endfacet
  facet normal -0.309023 -0.951055 -0
    outer loop
      vertex 36.4635 -1.42658 -2.5
      vertex 34.7865 -0.881678 -23.75
      vertex 36.4635 -1.42658 -23.75
    endloop
  endfacet
  facet normal -0.309023 -0.951055 0
    outer loop
      vertex 34.7865 -0.881678 8.5
      vertex 36.4635 -1.42658 20.5
      vertex 34.7865 -0.881678 20.5
    endloop
  endfacet
  facet normal -0.309023 -0.951055 -0
    outer loop
      vertex 36.4635 -1.42658 20.5
      vertex 34.7865 -0.881678 8.5
      vertex 36.4635 -1.42658 8.5
    endloop
  endfacet
  facet normal -0.309023 0.951055 0
    outer loop
      vertex 36.4635 1.42658 -23.75
      vertex 34.7865 0.881678 -2.5
      vertex 36.4635 1.42658 -2.5
    endloop
  endfacet
  facet normal -0.309023 0.951055 0
    outer loop
      vertex 34.7865 0.881678 -2.5
      vertex 36.4635 1.42658 -23.75
      vertex 34.7865 0.881678 -23.75
    endloop
  endfacet
  facet normal -0.309023 0.951055 0
    outer loop
      vertex 36.4635 1.42658 8.5
      vertex 34.7865 0.881678 20.5
      vertex 36.4635 1.42658 20.5
    endloop
  endfacet
  facet normal -0.309023 0.951055 0
    outer loop
      vertex 34.7865 0.881678 20.5
      vertex 36.4635 1.42658 8.5
      vertex 34.7865 0.881678 8.5
    endloop
  endfacet
  facet normal 0.809009 0.587796 0
    outer loop
      vertex 37.5 0 -2.5
      vertex 36.4635 1.42658 -23.75
      vertex 36.4635 1.42658 -2.5
    endloop
  endfacet
  facet normal 0.809009 0.587796 0
    outer loop
      vertex 36.4635 1.42658 -23.75
      vertex 37.5 0 -2.5
      vertex 37.5 0 -23.75
    endloop
  endfacet
  facet normal 0.809009 0.587796 0
    outer loop
      vertex 37.5 0 20.5
      vertex 36.4635 1.42658 8.5
      vertex 36.4635 1.42658 20.5
    endloop
  endfacet
  facet normal 0.809009 0.587796 0
    outer loop
      vertex 36.4635 1.42658 8.5
      vertex 37.5 0 20.5
      vertex 37.5 0 8.5
    endloop
  endfacet
  facet normal -1 0 0
    outer loop
      vertex 34.7865 -0.881678 -23.75
      vertex 34.7865 0.881678 -2.5
      vertex 34.7865 0.881678 -23.75
    endloop
  endfacet
  facet normal -1 -0 0
    outer loop
      vertex 34.7865 0.881678 -2.5
      vertex 34.7865 -0.881678 -23.75
      vertex 34.7865 -0.881678 -2.5
    endloop
  endfacet
  facet normal -1 0 0
    outer loop
      vertex 34.7865 -0.881678 8.5
      vertex 34.7865 0.881678 20.5
      vertex 34.7865 0.881678 8.5
    endloop
  endfacet
  facet normal -1 -0 0
    outer loop
      vertex 34.7865 0.881678 20.5
      vertex 34.7865 -0.881678 8.5
      vertex 34.7865 -0.881678 20.5
    endloop
  endfacet
  facet normal 0.809009 -0.587796 0
    outer loop
      vertex 36.4635 -1.42658 -2.5
      vertex 37.5 0 -23.75
      vertex 37.5 0 -2.5
    endloop
  endfacet
  facet normal 0.809009 -0.587796 0
    outer loop
      vertex 37.5 0 -23.75
      vertex 36.4635 -1.42658 -2.5
      vertex 36.4635 -1.42658 -23.75
    endloop
  endfacet
  facet normal 0.809009 -0.587796 0
    outer loop
      vertex 36.4635 -1.42658 20.5
      vertex 37.5 0 8.5
      vertex 37.5 0 20.5
    endloop
  endfacet
  facet normal 0.809009 -0.587796 0
    outer loop
      vertex 37.5 0 8.5
      vertex 36.4635 -1.42658 20.5
      vertex 36.4635 -1.42658 8.5
    endloop
  endfacet
  facet normal -0.30901 -0.951059 0
    outer loop
      vertex 33.5598 8.43581 -23.75
      vertex 35.2369 7.8909 -2.5
      vertex 33.5598 8.43581 -2.5
    endloop
  endfacet
  facet normal -0.30901 -0.951059 -0
    outer loop
      vertex 35.2369 7.8909 -2.5
      vertex 33.5598 8.43581 -23.75
      vertex 35.2369 7.8909 -23.75
    endloop
  endfacet
  facet normal -0.30901 -0.951059 0
    outer loop
      vertex 33.5598 8.43581 8.5
      vertex 35.2369 7.8909 20.5
      vertex 33.5598 8.43581 20.5
    endloop
  endfacet
  facet normal -0.30901 -0.951059 -0
    outer loop
      vertex 35.2369 7.8909 20.5
      vertex 33.5598 8.43581 8.5
      vertex 35.2369 7.8909 8.5
    endloop
  endfacet
  facet normal -0.309005 0.95106 0
    outer loop
      vertex 35.2369 10.7441 -23.75
      vertex 33.5598 10.1992 -2.5
      vertex 35.2369 10.7441 -2.5
    endloop
  endfacet
  facet normal -0.309005 0.95106 0
    outer loop
      vertex 33.5598 10.1992 -2.5
      vertex 35.2369 10.7441 -23.75
      vertex 33.5598 10.1992 -23.75
    endloop
  endfacet
  facet normal -0.309005 0.95106 0
    outer loop
      vertex 35.2369 10.7441 8.5
      vertex 33.5598 10.1992 20.5
      vertex 35.2369 10.7441 20.5
    endloop
  endfacet
  facet normal -0.309005 0.95106 0
    outer loop
      vertex 33.5598 10.1992 20.5
      vertex 35.2369 10.7441 8.5
      vertex 33.5598 10.1992 8.5
    endloop
  endfacet
  facet normal 0.809044 0.587748 0
    outer loop
      vertex 36.2733 9.31748 -2.5
      vertex 35.2369 10.7441 -23.75
      vertex 35.2369 10.7441 -2.5
    endloop
  endfacet
  facet normal 0.809044 0.587748 0
    outer loop
      vertex 35.2369 10.7441 -23.75
      vertex 36.2733 9.31748 -2.5
      vertex 36.2733 9.31748 -23.75
    endloop
  endfacet
  facet normal 0.809044 0.587748 0
    outer loop
      vertex 36.2733 9.31748 20.5
      vertex 35.2369 10.7441 8.5
      vertex 35.2369 10.7441 20.5
    endloop
  endfacet
  facet normal 0.809044 0.587748 0
    outer loop
      vertex 35.2369 10.7441 8.5
      vertex 36.2733 9.31748 20.5
      vertex 36.2733 9.31748 8.5
    endloop
  endfacet
  facet normal -1 0 0
    outer loop
      vertex 33.5598 8.43581 -23.75
      vertex 33.5598 10.1992 -2.5
      vertex 33.5598 10.1992 -23.75
    endloop
  endfacet
  facet normal -1 -0 0
    outer loop
      vertex 33.5598 10.1992 -2.5
      vertex 33.5598 8.43581 -23.75
      vertex 33.5598 8.43581 -2.5
    endloop
  endfacet
  facet normal -1 0 0
    outer loop
      vertex 33.5598 8.43581 8.5
      vertex 33.5598 10.1992 20.5
      vertex 33.5598 10.1992 8.5
    endloop
  endfacet
  facet normal -1 -0 0
    outer loop
      vertex 33.5598 10.1992 20.5
      vertex 33.5598 8.43581 8.5
      vertex 33.5598 8.43581 20.5
    endloop
  endfacet
  facet normal 0.809036 -0.587759 0
    outer loop
      vertex 35.2369 7.8909 -2.5
      vertex 36.2733 9.31748 -23.75
      vertex 36.2733 9.31748 -2.5
    endloop
  endfacet
  facet normal 0.809036 -0.587759 0
    outer loop
      vertex 36.2733 9.31748 -23.75
      vertex 35.2369 7.8909 -2.5
      vertex 35.2369 7.8909 -23.75
    endloop
  endfacet
  facet normal 0.809036 -0.587759 0
    outer loop
      vertex 35.2369 7.8909 20.5
      vertex 36.2733 9.31748 8.5
      vertex 36.2733 9.31748 20.5
    endloop
  endfacet
  facet normal 0.809036 -0.587759 0
    outer loop
      vertex 36.2733 9.31748 8.5
      vertex 35.2369 7.8909 20.5
      vertex 35.2369 7.8909 8.5
    endloop
  endfacet
  facet normal -0.309022 -0.951055 0
    outer loop
      vertex 29.9634 17.1183 -23.75
      vertex 31.6404 16.5734 -2.5
      vertex 29.9634 17.1183 -2.5
    endloop
  endfacet
  facet normal -0.309022 -0.951055 -0
    outer loop
      vertex 31.6404 16.5734 -2.5
      vertex 29.9634 17.1183 -23.75
      vertex 31.6404 16.5734 -23.75
    endloop
  endfacet
  facet normal -0.309022 -0.951055 0
    outer loop
      vertex 29.9634 17.1183 8.5
      vertex 31.6404 16.5734 20.5
      vertex 29.9634 17.1183 20.5
    endloop
  endfacet
  facet normal -0.309022 -0.951055 -0
    outer loop
      vertex 31.6404 16.5734 20.5
      vertex 29.9634 17.1183 8.5
      vertex 31.6404 16.5734 8.5
    endloop
  endfacet
  facet normal -0.309022 0.951055 0
    outer loop
      vertex 31.6404 19.4266 -23.75
      vertex 29.9634 18.8817 -2.5
      vertex 31.6404 19.4266 -2.5
    endloop
  endfacet
  facet normal -0.309022 0.951055 0
    outer loop
      vertex 29.9634 18.8817 -2.5
      vertex 31.6404 19.4266 -23.75
      vertex 29.9634 18.8817 -23.75
    endloop
  endfacet
  facet normal -0.309022 0.951055 0
    outer loop
      vertex 31.6404 19.4266 8.5
      vertex 29.9634 18.8817 20.5
      vertex 31.6404 19.4266 20.5
    endloop
  endfacet
  facet normal -0.309022 0.951055 0
    outer loop
      vertex 29.9634 18.8817 20.5
      vertex 31.6404 19.4266 8.5
      vertex 29.9634 18.8817 8.5
    endloop
  endfacet
  facet normal 0.809013 0.587791 0
    outer loop
      vertex 32.6769 18 -2.5
      vertex 31.6404 19.4266 -23.75
      vertex 31.6404 19.4266 -2.5
    endloop
  endfacet
  facet normal 0.809013 0.587791 0
    outer loop
      vertex 31.6404 19.4266 -23.75
      vertex 32.6769 18 -2.5
      vertex 32.6769 18 -23.75
    endloop
  endfacet
  facet normal 0.809013 0.587791 0
    outer loop
      vertex 32.6769 18 20.5
      vertex 31.6404 19.4266 8.5
      vertex 31.6404 19.4266 20.5
    endloop
  endfacet
  facet normal 0.809013 0.587791 0
    outer loop
      vertex 31.6404 19.4266 8.5
      vertex 32.6769 18 20.5
      vertex 32.6769 18 8.5
    endloop
  endfacet
  facet normal -1 0 0
    outer loop
      vertex 29.9634 17.1183 -23.75
      vertex 29.9634 18.8817 -2.5
      vertex 29.9634 18.8817 -23.75
    endloop
  endfacet
  facet normal -1 -0 0
    outer loop
      vertex 29.9634 18.8817 -2.5
      vertex 29.9634 17.1183 -23.75
      vertex 29.9634 17.1183 -2.5
    endloop
  endfacet
  facet normal -1 0 0
    outer loop
      vertex 29.9634 17.1183 8.5
      vertex 29.9634 18.8817 20.5
      vertex 29.9634 18.8817 8.5
    endloop
  endfacet
  facet normal -1 -0 0
    outer loop
      vertex 29.9634 18.8817 20.5
      vertex 29.9634 17.1183 8.5
      vertex 29.9634 17.1183 20.5
    endloop
  endfacet
  facet normal 0.809013 -0.587791 0
    outer loop
      vertex 31.6404 16.5734 -2.5
      vertex 32.6769 18 -23.75
      vertex 32.6769 18 -2.5
    endloop
  endfacet
  facet normal 0.809013 -0.587791 0
    outer loop
      vertex 32.6769 18 -23.75
      vertex 31.6404 16.5734 -2.5
      vertex 31.6404 16.5734 -23.75
    endloop
  endfacet
  facet normal 0.809013 -0.587791 0
    outer loop
      vertex 31.6404 16.5734 20.5
      vertex 32.6769 18 8.5
      vertex 32.6769 18 20.5
    endloop
  endfacet
  facet normal 0.809013 -0.587791 0
    outer loop
      vertex 32.6769 18 8.5
      vertex 31.6404 16.5734 20.5
      vertex 31.6404 16.5734 8.5
    endloop
  endfacet
  facet normal -0.309005 -0.95106 0
    outer loop
      vertex 24.2423 24.5742 -23.75
      vertex 25.9194 24.0293 -2.5
      vertex 24.2423 24.5742 -2.5
    endloop
  endfacet
  facet normal -0.309005 -0.95106 -0
    outer loop
      vertex 25.9194 24.0293 -2.5
      vertex 24.2423 24.5742 -23.75
      vertex 25.9194 24.0293 -23.75
    endloop
  endfacet
  facet normal -0.309005 -0.95106 0
    outer loop
      vertex 24.2423 24.5742 8.5
      vertex 25.9194 24.0293 20.5
      vertex 24.2423 24.5742 20.5
    endloop
  endfacet
  facet normal -0.309005 -0.95106 -0
    outer loop
      vertex 25.9194 24.0293 20.5
      vertex 24.2423 24.5742 8.5
      vertex 25.9194 24.0293 8.5
    endloop
  endfacet
  facet normal -0.309005 0.95106 0
    outer loop
      vertex 25.9194 26.8824 -23.75
      vertex 24.2423 26.3375 -2.5
      vertex 25.9194 26.8824 -2.5
    endloop
  endfacet
  facet normal -0.309005 0.95106 0
    outer loop
      vertex 24.2423 26.3375 -2.5
      vertex 25.9194 26.8824 -23.75
      vertex 24.2423 26.3375 -23.75
    endloop
  endfacet
  facet normal -0.309005 0.95106 0
    outer loop
      vertex 25.9194 26.8824 8.5
      vertex 24.2423 26.3375 20.5
      vertex 25.9194 26.8824 20.5
    endloop
  endfacet
  facet normal -0.309005 0.95106 0
    outer loop
      vertex 24.2423 26.3375 20.5
      vertex 25.9194 26.8824 8.5
      vertex 24.2423 26.3375 8.5
    endloop
  endfacet
  facet normal 0.80904 0.587753 0
    outer loop
      vertex 26.9558 25.4558 -2.5
      vertex 25.9194 26.8824 -23.75
      vertex 25.9194 26.8824 -2.5
    endloop
  endfacet
  facet normal 0.80904 0.587753 0
    outer loop
      vertex 25.9194 26.8824 -23.75
      vertex 26.9558 25.4558 -2.5
      vertex 26.9558 25.4558 -23.75
    endloop
  endfacet
  facet normal 0.80904 0.587753 0
    outer loop
      vertex 26.9558 25.4558 20.5
      vertex 25.9194 26.8824 8.5
      vertex 25.9194 26.8824 20.5
    endloop
  endfacet
  facet normal 0.80904 0.587753 0
    outer loop
      vertex 25.9194 26.8824 8.5
      vertex 26.9558 25.4558 20.5
      vertex 26.9558 25.4558 8.5
    endloop
  endfacet
  facet normal -1 0 0
    outer loop
      vertex 24.2423 24.5742 -23.75
      vertex 24.2423 26.3375 -2.5
      vertex 24.2423 26.3375 -23.75
    endloop
  endfacet
  facet normal -1 -0 0
    outer loop
      vertex 24.2423 26.3375 -2.5
      vertex 24.2423 24.5742 -23.75
      vertex 24.2423 24.5742 -2.5
    endloop
  endfacet
  facet normal -1 0 0
    outer loop
      vertex 24.2423 24.5742 8.5
      vertex 24.2423 26.3375 20.5
      vertex 24.2423 26.3375 8.5
    endloop
  endfacet
  facet normal -1 -0 0
    outer loop
      vertex 24.2423 26.3375 20.5
      vertex 24.2423 24.5742 8.5
      vertex 24.2423 24.5742 20.5
    endloop
  endfacet
  facet normal 0.80902 -0.58778 0
    outer loop
      vertex 25.9194 24.0293 -2.5
      vertex 26.9558 25.4558 -23.75
      vertex 26.9558 25.4558 -2.5
    endloop
  endfacet
  facet normal 0.80902 -0.58778 0
    outer loop
      vertex 26.9558 25.4558 -23.75
      vertex 25.9194 24.0293 -2.5
      vertex 25.9194 24.0293 -23.75
    endloop
  endfacet
  facet normal 0.80902 -0.58778 0
    outer loop
      vertex 25.9194 24.0293 20.5
      vertex 26.9558 25.4558 8.5
      vertex 26.9558 25.4558 20.5
    endloop
  endfacet
  facet normal 0.80902 -0.58778 0
    outer loop
      vertex 26.9558 25.4558 8.5
      vertex 25.9194 24.0293 20.5
      vertex 25.9194 24.0293 8.5
    endloop
  endfacet
  facet normal -0.309022 -0.951055 0
    outer loop
      vertex 16.7865 30.2952 -23.75
      vertex 18.4635 29.7503 -2.5
      vertex 16.7865 30.2952 -2.5
    endloop
  endfacet
  facet normal -0.309022 -0.951055 -0
    outer loop
      vertex 18.4635 29.7503 -2.5
      vertex 16.7865 30.2952 -23.75
      vertex 18.4635 29.7503 -23.75
    endloop
  endfacet
  facet normal -0.309022 -0.951055 0
    outer loop
      vertex 16.7865 30.2952 8.5
      vertex 18.4635 29.7503 20.5
      vertex 16.7865 30.2952 20.5
    endloop
  endfacet
  facet normal -0.309022 -0.951055 -0
    outer loop
      vertex 18.4635 29.7503 20.5
      vertex 16.7865 30.2952 8.5
      vertex 18.4635 29.7503 8.5
    endloop
  endfacet
  facet normal -0.309022 0.951055 0
    outer loop
      vertex 18.4635 32.6035 -23.75
      vertex 16.7865 32.0586 -2.5
      vertex 18.4635 32.6035 -2.5
    endloop
  endfacet
  facet normal -0.309022 0.951055 0
    outer loop
      vertex 16.7865 32.0586 -2.5
      vertex 18.4635 32.6035 -23.75
      vertex 16.7865 32.0586 -23.75
    endloop
  endfacet
  facet normal -0.309022 0.951055 0
    outer loop
      vertex 18.4635 32.6035 8.5
      vertex 16.7865 32.0586 20.5
      vertex 18.4635 32.6035 20.5
    endloop
  endfacet
  facet normal -0.309022 0.951055 0
    outer loop
      vertex 16.7865 32.0586 20.5
      vertex 18.4635 32.6035 8.5
      vertex 16.7865 32.0586 8.5
    endloop
  endfacet
  facet normal 0.809013 0.587791 0
    outer loop
      vertex 19.5 31.1769 -2.5
      vertex 18.4635 32.6035 -23.75
      vertex 18.4635 32.6035 -2.5
    endloop
  endfacet
  facet normal 0.809013 0.587791 0
    outer loop
      vertex 18.4635 32.6035 -23.75
      vertex 19.5 31.1769 -2.5
      vertex 19.5 31.1769 -23.75
    endloop
  endfacet
  facet normal 0.809013 0.587791 0
    outer loop
      vertex 19.5 31.1769 20.5
      vertex 18.4635 32.6035 8.5
      vertex 18.4635 32.6035 20.5
    endloop
  endfacet
  facet normal 0.809013 0.587791 0
    outer loop
      vertex 18.4635 32.6035 8.5
      vertex 19.5 31.1769 20.5
      vertex 19.5 31.1769 8.5
    endloop
  endfacet
  facet normal -1 0 0
    outer loop
      vertex 16.7865 30.2952 -23.75
      vertex 16.7865 32.0586 -2.5
      vertex 16.7865 32.0586 -23.75
    endloop
  endfacet
  facet normal -1 -0 0
    outer loop
      vertex 16.7865 32.0586 -2.5
      vertex 16.7865 30.2952 -23.75
      vertex 16.7865 30.2952 -2.5
    endloop
  endfacet
  facet normal -1 0 0
    outer loop
      vertex 16.7865 30.2952 8.5
      vertex 16.7865 32.0586 20.5
      vertex 16.7865 32.0586 8.5
    endloop
  endfacet
  facet normal -1 -0 0
    outer loop
      vertex 16.7865 32.0586 20.5
      vertex 16.7865 30.2952 8.5
      vertex 16.7865 30.2952 20.5
    endloop
  endfacet
  facet normal 0.809013 -0.587791 0
    outer loop
      vertex 18.4635 29.7503 -2.5
      vertex 19.5 31.1769 -23.75
      vertex 19.5 31.1769 -2.5
    endloop
  endfacet
  facet normal 0.809013 -0.587791 0
    outer loop
      vertex 19.5 31.1769 -23.75
      vertex 18.4635 29.7503 -2.5
      vertex 18.4635 29.7503 -23.75
    endloop
  endfacet
  facet normal 0.809013 -0.587791 0
    outer loop
      vertex 18.4635 29.7503 20.5
      vertex 19.5 31.1769 8.5
      vertex 19.5 31.1769 20.5
    endloop
  endfacet
  facet normal 0.809013 -0.587791 0
    outer loop
      vertex 19.5 31.1769 8.5
      vertex 18.4635 29.7503 20.5
      vertex 18.4635 29.7503 8.5
    endloop
  endfacet
  facet normal -0.309065 -0.951041 0
    outer loop
      vertex 8.10396 33.8917 -23.75
      vertex 9.78101 33.3467 -2.5
      vertex 8.10396 33.8917 -2.5
    endloop
  endfacet
  facet normal -0.309065 -0.951041 -0
    outer loop
      vertex 9.78101 33.3467 -2.5
      vertex 8.10396 33.8917 -23.75
      vertex 9.78101 33.3467 -23.75
    endloop
  endfacet
  facet normal -0.309065 -0.951041 0
    outer loop
      vertex 8.10396 33.8917 8.5
      vertex 9.78101 33.3467 20.5
      vertex 8.10396 33.8917 20.5
    endloop
  endfacet
  facet normal -0.309065 -0.951041 -0
    outer loop
      vertex 9.78101 33.3467 20.5
      vertex 8.10396 33.8917 8.5
      vertex 9.78101 33.3467 8.5
    endloop
  endfacet
  facet normal -0.309014 0.951058 0
    outer loop
      vertex 9.78101 36.1999 -23.75
      vertex 8.10396 35.655 -2.5
      vertex 9.78101 36.1999 -2.5
    endloop
  endfacet
  facet normal -0.309014 0.951058 0
    outer loop
      vertex 8.10396 35.655 -2.5
      vertex 9.78101 36.1999 -23.75
      vertex 8.10396 35.655 -23.75
    endloop
  endfacet
  facet normal -0.309014 0.951058 0
    outer loop
      vertex 9.78101 36.1999 8.5
      vertex 8.10396 35.655 20.5
      vertex 9.78101 36.1999 20.5
    endloop
  endfacet
  facet normal -0.309014 0.951058 0
    outer loop
      vertex 8.10396 35.655 20.5
      vertex 9.78101 36.1999 8.5
      vertex 8.10396 35.655 8.5
    endloop
  endfacet
  facet normal 0.809016 0.587787 0
    outer loop
      vertex 10.8175 34.7733 -2.5
      vertex 9.78101 36.1999 -23.75
      vertex 9.78101 36.1999 -2.5
    endloop
  endfacet
  facet normal 0.809016 0.587787 0
    outer loop
      vertex 9.78101 36.1999 -23.75
      vertex 10.8175 34.7733 -2.5
      vertex 10.8175 34.7733 -23.75
    endloop
  endfacet
  facet normal 0.809016 0.587787 0
    outer loop
      vertex 10.8175 34.7733 20.5
      vertex 9.78101 36.1999 8.5
      vertex 9.78101 36.1999 20.5
    endloop
  endfacet
  facet normal 0.809016 0.587787 0
    outer loop
      vertex 9.78101 36.1999 8.5
      vertex 10.8175 34.7733 20.5
      vertex 10.8175 34.7733 8.5
    endloop
  endfacet
  facet normal -1 0 0
    outer loop
      vertex 8.10396 33.8917 -23.75
      vertex 8.10396 35.655 -2.5
      vertex 8.10396 35.655 -23.75
    endloop
  endfacet
  facet normal -1 -0 0
    outer loop
      vertex 8.10396 35.655 -2.5
      vertex 8.10396 33.8917 -23.75
      vertex 8.10396 33.8917 -2.5
    endloop
  endfacet
  facet normal -1 0 0
    outer loop
      vertex 8.10396 33.8917 8.5
      vertex 8.10396 35.655 20.5
      vertex 8.10396 35.655 8.5
    endloop
  endfacet
  facet normal -1 -0 0
    outer loop
      vertex 8.10396 35.655 20.5
      vertex 8.10396 33.8917 8.5
      vertex 8.10396 33.8917 20.5
    endloop
  endfacet
  facet normal 0.809016 -0.587787 0
    outer loop
      vertex 9.78101 33.3467 -2.5
      vertex 10.8175 34.7733 -23.75
      vertex 10.8175 34.7733 -2.5
    endloop
  endfacet
  facet normal 0.809016 -0.587787 0
    outer loop
      vertex 10.8175 34.7733 -23.75
      vertex 9.78101 33.3467 -2.5
      vertex 9.78101 33.3467 -23.75
    endloop
  endfacet
  facet normal 0.809016 -0.587787 0
    outer loop
      vertex 9.78101 33.3467 20.5
      vertex 10.8175 34.7733 8.5
      vertex 10.8175 34.7733 20.5
    endloop
  endfacet
  facet normal 0.809016 -0.587787 0
    outer loop
      vertex 10.8175 34.7733 8.5
      vertex 9.78101 33.3467 20.5
      vertex 9.78101 33.3467 8.5
    endloop
  endfacet
  facet normal -0.309014 -0.951057 0
    outer loop
      vertex -1.21352 35.1183 -23.75
      vertex 0.463525 34.5734 -2.5
      vertex -1.21352 35.1183 -2.5
    endloop
  endfacet
  facet normal -0.309014 -0.951057 -0
    outer loop
      vertex 0.463525 34.5734 -2.5
      vertex -1.21352 35.1183 -23.75
      vertex 0.463525 34.5734 -23.75
    endloop
  endfacet
  facet normal -0.309014 -0.951057 0
    outer loop
      vertex -1.21352 35.1183 8.5
      vertex 0.463525 34.5734 20.5
      vertex -1.21352 35.1183 20.5
    endloop
  endfacet
  facet normal -0.309014 -0.951057 -0
    outer loop
      vertex 0.463525 34.5734 20.5
      vertex -1.21352 35.1183 8.5
      vertex 0.463525 34.5734 8.5
    endloop
  endfacet
  facet normal -0.309014 0.951057 0
    outer loop
      vertex 0.463525 37.4266 -23.75
      vertex -1.21352 36.8817 -2.5
      vertex 0.463525 37.4266 -2.5
    endloop
  endfacet
  facet normal -0.309014 0.951057 0
    outer loop
      vertex -1.21352 36.8817 -2.5
      vertex 0.463525 37.4266 -23.75
      vertex -1.21352 36.8817 -23.75
    endloop
  endfacet
  facet normal -0.309014 0.951057 0
    outer loop
      vertex 0.463525 37.4266 8.5
      vertex -1.21352 36.8817 20.5
      vertex 0.463525 37.4266 20.5
    endloop
  endfacet
  facet normal -0.309014 0.951057 0
    outer loop
      vertex -1.21352 36.8817 20.5
      vertex 0.463525 37.4266 8.5
      vertex -1.21352 36.8817 8.5
    endloop
  endfacet
  facet normal 0.80902 0.587781 0
    outer loop
      vertex 1.5 36 -2.5
      vertex 0.463525 37.4266 -23.75
      vertex 0.463525 37.4266 -2.5
    endloop
  endfacet
  facet normal 0.80902 0.587781 0
    outer loop
      vertex 0.463525 37.4266 -23.75
      vertex 1.5 36 -2.5
      vertex 1.5 36 -23.75
    endloop
  endfacet
  facet normal 0.80902 0.587781 0
    outer loop
      vertex 1.5 36 20.5
      vertex 0.463525 37.4266 8.5
      vertex 0.463525 37.4266 20.5
    endloop
  endfacet
  facet normal 0.80902 0.587781 0
    outer loop
      vertex 0.463525 37.4266 8.5
      vertex 1.5 36 20.5
      vertex 1.5 36 8.5
    endloop
  endfacet
  facet normal -1 0 0
    outer loop
      vertex -1.21352 35.1183 -23.75
      vertex -1.21352 36.8817 -2.5
      vertex -1.21352 36.8817 -23.75
    endloop
  endfacet
  facet normal -1 -0 0
    outer loop
      vertex -1.21352 36.8817 -2.5
      vertex -1.21352 35.1183 -23.75
      vertex -1.21352 35.1183 -2.5
    endloop
  endfacet
  facet normal -1 0 0
    outer loop
      vertex -1.21352 35.1183 8.5
      vertex -1.21352 36.8817 20.5
      vertex -1.21352 36.8817 8.5
    endloop
  endfacet
  facet normal -1 -0 0
    outer loop
      vertex -1.21352 36.8817 20.5
      vertex -1.21352 35.1183 8.5
      vertex -1.21352 35.1183 20.5
    endloop
  endfacet
  facet normal 0.80902 -0.587781 0
    outer loop
      vertex 0.463525 34.5734 -2.5
      vertex 1.5 36 -23.75
      vertex 1.5 36 -2.5
    endloop
  endfacet
  facet normal 0.80902 -0.587781 0
    outer loop
      vertex 1.5 36 -23.75
      vertex 0.463525 34.5734 -2.5
      vertex 0.463525 34.5734 -23.75
    endloop
  endfacet
  facet normal 0.80902 -0.587781 0
    outer loop
      vertex 0.463525 34.5734 20.5
      vertex 1.5 36 8.5
      vertex 1.5 36 20.5
    endloop
  endfacet
  facet normal 0.80902 -0.587781 0
    outer loop
      vertex 1.5 36 8.5
      vertex 0.463525 34.5734 20.5
      vertex 0.463525 34.5734 8.5
    endloop
  endfacet
  facet normal -0.309067 -0.95104 0
    outer loop
      vertex -10.531 33.8917 -23.75
      vertex -8.85396 33.3467 -2.5
      vertex -10.531 33.8917 -2.5
    endloop
  endfacet
  facet normal -0.309067 -0.95104 -0
    outer loop
      vertex -8.85396 33.3467 -2.5
      vertex -10.531 33.8917 -23.75
      vertex -8.85396 33.3467 -23.75
    endloop
  endfacet
  facet normal -0.309067 -0.95104 0
    outer loop
      vertex -10.531 33.8917 8.5
      vertex -8.85396 33.3467 20.5
      vertex -10.531 33.8917 20.5
    endloop
  endfacet
  facet normal -0.309067 -0.95104 -0
    outer loop
      vertex -8.85396 33.3467 20.5
      vertex -10.531 33.8917 8.5
      vertex -8.85396 33.3467 8.5
    endloop
  endfacet
  facet normal -0.309015 0.951057 0
    outer loop
      vertex -8.85396 36.1999 -23.75
      vertex -10.531 35.655 -2.5
      vertex -8.85396 36.1999 -2.5
    endloop
  endfacet
  facet normal -0.309015 0.951057 0
    outer loop
      vertex -10.531 35.655 -2.5
      vertex -8.85396 36.1999 -23.75
      vertex -10.531 35.655 -23.75
    endloop
  endfacet
  facet normal -0.309015 0.951057 0
    outer loop
      vertex -8.85396 36.1999 8.5
      vertex -10.531 35.655 20.5
      vertex -8.85396 36.1999 20.5
    endloop
  endfacet
  facet normal -0.309015 0.951057 0
    outer loop
      vertex -10.531 35.655 20.5
      vertex -8.85396 36.1999 8.5
      vertex -10.531 35.655 8.5
    endloop
  endfacet
  facet normal 0.809018 0.587783 0
    outer loop
      vertex -7.81748 34.7733 -2.5
      vertex -8.85396 36.1999 -23.75
      vertex -8.85396 36.1999 -2.5
    endloop
  endfacet
  facet normal 0.809018 0.587783 0
    outer loop
      vertex -8.85396 36.1999 -23.75
      vertex -7.81748 34.7733 -2.5
      vertex -7.81748 34.7733 -23.75
    endloop
  endfacet
  facet normal 0.809018 0.587783 0
    outer loop
      vertex -7.81748 34.7733 20.5
      vertex -8.85396 36.1999 8.5
      vertex -8.85396 36.1999 20.5
    endloop
  endfacet
  facet normal 0.809018 0.587783 0
    outer loop
      vertex -8.85396 36.1999 8.5
      vertex -7.81748 34.7733 20.5
      vertex -7.81748 34.7733 8.5
    endloop
  endfacet
  facet normal -1 0 0
    outer loop
      vertex -10.531 33.8917 -23.75
      vertex -10.531 35.655 -2.5
      vertex -10.531 35.655 -23.75
    endloop
  endfacet
  facet normal -1 -0 0
    outer loop
      vertex -10.531 35.655 -2.5
      vertex -10.531 33.8917 -23.75
      vertex -10.531 33.8917 -2.5
    endloop
  endfacet
  facet normal -1 0 0
    outer loop
      vertex -10.531 33.8917 8.5
      vertex -10.531 35.655 20.5
      vertex -10.531 35.655 8.5
    endloop
  endfacet
  facet normal -1 -0 0
    outer loop
      vertex -10.531 35.655 20.5
      vertex -10.531 33.8917 8.5
      vertex -10.531 33.8917 20.5
    endloop
  endfacet
  facet normal 0.809018 -0.587783 0
    outer loop
      vertex -8.85396 33.3467 -2.5
      vertex -7.81748 34.7733 -23.75
      vertex -7.81748 34.7733 -2.5
    endloop
  endfacet
  facet normal 0.809018 -0.587783 0
    outer loop
      vertex -7.81748 34.7733 -23.75
      vertex -8.85396 33.3467 -2.5
      vertex -8.85396 33.3467 -23.75
    endloop
  endfacet
  facet normal 0.809018 -0.587783 0
    outer loop
      vertex -8.85396 33.3467 20.5
      vertex -7.81748 34.7733 8.5
      vertex -7.81748 34.7733 20.5
    endloop
  endfacet
  facet normal 0.809018 -0.587783 0
    outer loop
      vertex -7.81748 34.7733 8.5
      vertex -8.85396 33.3467 20.5
      vertex -8.85396 33.3467 8.5
    endloop
  endfacet
  facet normal -0.309022 -0.951055 0
    outer loop
      vertex -19.2135 30.2952 -23.75
      vertex -17.5365 29.7503 -2.5
      vertex -19.2135 30.2952 -2.5
    endloop
  endfacet
  facet normal -0.309022 -0.951055 -0
    outer loop
      vertex -17.5365 29.7503 -2.5
      vertex -19.2135 30.2952 -23.75
      vertex -17.5365 29.7503 -23.75
    endloop
  endfacet
  facet normal -0.309022 -0.951055 0
    outer loop
      vertex -19.2135 30.2952 8.5
      vertex -17.5365 29.7503 20.5
      vertex -19.2135 30.2952 20.5
    endloop
  endfacet
  facet normal -0.309022 -0.951055 -0
    outer loop
      vertex -17.5365 29.7503 20.5
      vertex -19.2135 30.2952 8.5
      vertex -17.5365 29.7503 8.5
    endloop
  endfacet
  facet normal -0.309022 0.951055 0
    outer loop
      vertex -17.5365 32.6035 -23.75
      vertex -19.2135 32.0586 -2.5
      vertex -17.5365 32.6035 -2.5
    endloop
  endfacet
  facet normal -0.309022 0.951055 0
    outer loop
      vertex -19.2135 32.0586 -2.5
      vertex -17.5365 32.6035 -23.75
      vertex -19.2135 32.0586 -23.75
    endloop
  endfacet
  facet normal -0.309022 0.951055 0
    outer loop
      vertex -17.5365 32.6035 8.5
      vertex -19.2135 32.0586 20.5
      vertex -17.5365 32.6035 20.5
    endloop
  endfacet
  facet normal -0.309022 0.951055 0
    outer loop
      vertex -19.2135 32.0586 20.5
      vertex -17.5365 32.6035 8.5
      vertex -19.2135 32.0586 8.5
    endloop
  endfacet
  facet normal 0.809013 0.587791 0
    outer loop
      vertex -16.5 31.1769 -2.5
      vertex -17.5365 32.6035 -23.75
      vertex -17.5365 32.6035 -2.5
    endloop
  endfacet
  facet normal 0.809013 0.587791 0
    outer loop
      vertex -17.5365 32.6035 -23.75
      vertex -16.5 31.1769 -2.5
      vertex -16.5 31.1769 -23.75
    endloop
  endfacet
  facet normal 0.809013 0.587791 0
    outer loop
      vertex -16.5 31.1769 20.5
      vertex -17.5365 32.6035 8.5
      vertex -17.5365 32.6035 20.5
    endloop
  endfacet
  facet normal 0.809013 0.587791 0
    outer loop
      vertex -17.5365 32.6035 8.5
      vertex -16.5 31.1769 20.5
      vertex -16.5 31.1769 8.5
    endloop
  endfacet
  facet normal -1 0 0
    outer loop
      vertex -19.2135 30.2952 -23.75
      vertex -19.2135 32.0586 -2.5
      vertex -19.2135 32.0586 -23.75
    endloop
  endfacet
  facet normal -1 -0 0
    outer loop
      vertex -19.2135 32.0586 -2.5
      vertex -19.2135 30.2952 -23.75
      vertex -19.2135 30.2952 -2.5
    endloop
  endfacet
  facet normal -1 0 0
    outer loop
      vertex -19.2135 30.2952 8.5
      vertex -19.2135 32.0586 20.5
      vertex -19.2135 32.0586 8.5
    endloop
  endfacet
  facet normal -1 -0 0
    outer loop
      vertex -19.2135 32.0586 20.5
      vertex -19.2135 30.2952 8.5
      vertex -19.2135 30.2952 20.5
    endloop
  endfacet
  facet normal 0.809013 -0.587791 0
    outer loop
      vertex -17.5365 29.7503 -2.5
      vertex -16.5 31.1769 -23.75
      vertex -16.5 31.1769 -2.5
    endloop
  endfacet
  facet normal 0.809013 -0.587791 0
    outer loop
      vertex -16.5 31.1769 -23.75
      vertex -17.5365 29.7503 -2.5
      vertex -17.5365 29.7503 -23.75
    endloop
  endfacet
  facet normal 0.809013 -0.587791 0
    outer loop
      vertex -17.5365 29.7503 20.5
      vertex -16.5 31.1769 8.5
      vertex -16.5 31.1769 20.5
    endloop
  endfacet
  facet normal 0.809013 -0.587791 0
    outer loop
      vertex -16.5 31.1769 8.5
      vertex -17.5365 29.7503 20.5
      vertex -17.5365 29.7503 8.5
    endloop
  endfacet
  facet normal -0.309005 -0.95106 0
    outer loop
      vertex -26.6694 24.5742 -23.75
      vertex -24.9923 24.0293 -2.5
      vertex -26.6694 24.5742 -2.5
    endloop
  endfacet
  facet normal -0.309005 -0.95106 -0
    outer loop
      vertex -24.9923 24.0293 -2.5
      vertex -26.6694 24.5742 -23.75
      vertex -24.9923 24.0293 -23.75
    endloop
  endfacet
  facet normal -0.309005 -0.95106 0
    outer loop
      vertex -26.6694 24.5742 8.5
      vertex -24.9923 24.0293 20.5
      vertex -26.6694 24.5742 20.5
    endloop
  endfacet
  facet normal -0.309005 -0.95106 -0
    outer loop
      vertex -24.9923 24.0293 20.5
      vertex -26.6694 24.5742 8.5
      vertex -24.9923 24.0293 8.5
    endloop
  endfacet
  facet normal -0.309005 0.95106 0
    outer loop
      vertex -24.9923 26.8824 -23.75
      vertex -26.6694 26.3375 -2.5
      vertex -24.9923 26.8824 -2.5
    endloop
  endfacet
  facet normal -0.309005 0.95106 0
    outer loop
      vertex -26.6694 26.3375 -2.5
      vertex -24.9923 26.8824 -23.75
      vertex -26.6694 26.3375 -23.75
    endloop
  endfacet
  facet normal -0.309005 0.95106 0
    outer loop
      vertex -24.9923 26.8824 8.5
      vertex -26.6694 26.3375 20.5
      vertex -24.9923 26.8824 20.5
    endloop
  endfacet
  facet normal -0.309005 0.95106 0
    outer loop
      vertex -26.6694 26.3375 20.5
      vertex -24.9923 26.8824 8.5
      vertex -26.6694 26.3375 8.5
    endloop
  endfacet
  facet normal 0.809013 0.587791 0
    outer loop
      vertex -23.9558 25.4558 -2.5
      vertex -24.9923 26.8824 -23.75
      vertex -24.9923 26.8824 -2.5
    endloop
  endfacet
  facet normal 0.809013 0.587791 0
    outer loop
      vertex -24.9923 26.8824 -23.75
      vertex -23.9558 25.4558 -2.5
      vertex -23.9558 25.4558 -23.75
    endloop
  endfacet
  facet normal 0.809013 0.587791 0
    outer loop
      vertex -23.9558 25.4558 20.5
      vertex -24.9923 26.8824 8.5
      vertex -24.9923 26.8824 20.5
    endloop
  endfacet
  facet normal 0.809013 0.587791 0
    outer loop
      vertex -24.9923 26.8824 8.5
      vertex -23.9558 25.4558 20.5
      vertex -23.9558 25.4558 8.5
    endloop
  endfacet
  facet normal -1 0 0
    outer loop
      vertex -26.6694 24.5742 -23.75
      vertex -26.6694 26.3375 -2.5
      vertex -26.6694 26.3375 -23.75
    endloop
  endfacet
  facet normal -1 -0 0
    outer loop
      vertex -26.6694 26.3375 -2.5
      vertex -26.6694 24.5742 -23.75
      vertex -26.6694 24.5742 -2.5
    endloop
  endfacet
  facet normal -1 0 0
    outer loop
      vertex -26.6694 24.5742 8.5
      vertex -26.6694 26.3375 20.5
      vertex -26.6694 26.3375 8.5
    endloop
  endfacet
  facet normal -1 -0 0
    outer loop
      vertex -26.6694 26.3375 20.5
      vertex -26.6694 24.5742 8.5
      vertex -26.6694 24.5742 20.5
    endloop
  endfacet
  facet normal 0.808994 -0.587818 0
    outer loop
      vertex -24.9923 24.0293 -2.5
      vertex -23.9558 25.4558 -23.75
      vertex -23.9558 25.4558 -2.5
    endloop
  endfacet
  facet normal 0.808994 -0.587818 0
    outer loop
      vertex -23.9558 25.4558 -23.75
      vertex -24.9923 24.0293 -2.5
      vertex -24.9923 24.0293 -23.75
    endloop
  endfacet
  facet normal 0.808994 -0.587818 0
    outer loop
      vertex -24.9923 24.0293 20.5
      vertex -23.9558 25.4558 8.5
      vertex -23.9558 25.4558 20.5
    endloop
  endfacet
  facet normal 0.808994 -0.587818 0
    outer loop
      vertex -23.9558 25.4558 8.5
      vertex -24.9923 24.0293 20.5
      vertex -24.9923 24.0293 8.5
    endloop
  endfacet
  facet normal -0.309022 -0.951055 0
    outer loop
      vertex -32.3904 17.1183 -23.75
      vertex -30.7134 16.5734 -2.5
      vertex -32.3904 17.1183 -2.5
    endloop
  endfacet
  facet normal -0.309022 -0.951055 -0
    outer loop
      vertex -30.7134 16.5734 -2.5
      vertex -32.3904 17.1183 -23.75
      vertex -30.7134 16.5734 -23.75
    endloop
  endfacet
  facet normal -0.309022 -0.951055 0
    outer loop
      vertex -32.3904 17.1183 8.5
      vertex -30.7134 16.5734 20.5
      vertex -32.3904 17.1183 20.5
    endloop
  endfacet
  facet normal -0.309022 -0.951055 -0
    outer loop
      vertex -30.7134 16.5734 20.5
      vertex -32.3904 17.1183 8.5
      vertex -30.7134 16.5734 8.5
    endloop
  endfacet
  facet normal -0.309022 0.951055 0
    outer loop
      vertex -30.7134 19.4266 -23.75
      vertex -32.3904 18.8817 -2.5
      vertex -30.7134 19.4266 -2.5
    endloop
  endfacet
  facet normal -0.309022 0.951055 0
    outer loop
      vertex -32.3904 18.8817 -2.5
      vertex -30.7134 19.4266 -23.75
      vertex -32.3904 18.8817 -23.75
    endloop
  endfacet
  facet normal -0.309022 0.951055 0
    outer loop
      vertex -30.7134 19.4266 8.5
      vertex -32.3904 18.8817 20.5
      vertex -30.7134 19.4266 20.5
    endloop
  endfacet
  facet normal -0.309022 0.951055 0
    outer loop
      vertex -32.3904 18.8817 20.5
      vertex -30.7134 19.4266 8.5
      vertex -32.3904 18.8817 8.5
    endloop
  endfacet
  facet normal 0.809013 0.587791 0
    outer loop
      vertex -29.6769 18 -2.5
      vertex -30.7134 19.4266 -23.75
      vertex -30.7134 19.4266 -2.5
    endloop
  endfacet
  facet normal 0.809013 0.587791 0
    outer loop
      vertex -30.7134 19.4266 -23.75
      vertex -29.6769 18 -2.5
      vertex -29.6769 18 -23.75
    endloop
  endfacet
  facet normal 0.809013 0.587791 0
    outer loop
      vertex -29.6769 18 20.5
      vertex -30.7134 19.4266 8.5
      vertex -30.7134 19.4266 20.5
    endloop
  endfacet
  facet normal 0.809013 0.587791 0
    outer loop
      vertex -30.7134 19.4266 8.5
      vertex -29.6769 18 20.5
      vertex -29.6769 18 8.5
    endloop
  endfacet
  facet normal -1 0 0
    outer loop
      vertex -32.3904 17.1183 -23.75
      vertex -32.3904 18.8817 -2.5
      vertex -32.3904 18.8817 -23.75
    endloop
  endfacet
  facet normal -1 -0 0
    outer loop
      vertex -32.3904 18.8817 -2.5
      vertex -32.3904 17.1183 -23.75
      vertex -32.3904 17.1183 -2.5
    endloop
  endfacet
  facet normal -1 0 0
    outer loop
      vertex -32.3904 17.1183 8.5
      vertex -32.3904 18.8817 20.5
      vertex -32.3904 18.8817 8.5
    endloop
  endfacet
  facet normal -1 -0 0
    outer loop
      vertex -32.3904 18.8817 20.5
      vertex -32.3904 17.1183 8.5
      vertex -32.3904 17.1183 20.5
    endloop
  endfacet
  facet normal 0.809013 -0.587791 0
    outer loop
      vertex -30.7134 16.5734 -2.5
      vertex -29.6769 18 -23.75
      vertex -29.6769 18 -2.5
    endloop
  endfacet
  facet normal 0.809013 -0.587791 0
    outer loop
      vertex -29.6769 18 -23.75
      vertex -30.7134 16.5734 -2.5
      vertex -30.7134 16.5734 -23.75
    endloop
  endfacet
  facet normal 0.809013 -0.587791 0
    outer loop
      vertex -30.7134 16.5734 20.5
      vertex -29.6769 18 8.5
      vertex -29.6769 18 20.5
    endloop
  endfacet
  facet normal 0.809013 -0.587791 0
    outer loop
      vertex -29.6769 18 8.5
      vertex -30.7134 16.5734 20.5
      vertex -30.7134 16.5734 8.5
    endloop
  endfacet
  facet normal -0.30901 -0.951059 0
    outer loop
      vertex -35.9869 8.43581 -23.75
      vertex -34.3098 7.8909 -2.5
      vertex -35.9869 8.43581 -2.5
    endloop
  endfacet
  facet normal -0.30901 -0.951059 -0
    outer loop
      vertex -34.3098 7.8909 -2.5
      vertex -35.9869 8.43581 -23.75
      vertex -34.3098 7.8909 -23.75
    endloop
  endfacet
  facet normal -0.30901 -0.951059 0
    outer loop
      vertex -35.9869 8.43581 8.5
      vertex -34.3098 7.8909 20.5
      vertex -35.9869 8.43581 20.5
    endloop
  endfacet
  facet normal -0.30901 -0.951059 -0
    outer loop
      vertex -34.3098 7.8909 20.5
      vertex -35.9869 8.43581 8.5
      vertex -34.3098 7.8909 8.5
    endloop
  endfacet
  facet normal -0.309005 0.95106 0
    outer loop
      vertex -34.3098 10.7441 -23.75
      vertex -35.9869 10.1992 -2.5
      vertex -34.3098 10.7441 -2.5
    endloop
  endfacet
  facet normal -0.309005 0.95106 0
    outer loop
      vertex -35.9869 10.1992 -2.5
      vertex -34.3098 10.7441 -23.75
      vertex -35.9869 10.1992 -23.75
    endloop
  endfacet
  facet normal -0.309005 0.95106 0
    outer loop
      vertex -34.3098 10.7441 8.5
      vertex -35.9869 10.1992 20.5
      vertex -34.3098 10.7441 20.5
    endloop
  endfacet
  facet normal -0.309005 0.95106 0
    outer loop
      vertex -35.9869 10.1992 20.5
      vertex -34.3098 10.7441 8.5
      vertex -35.9869 10.1992 8.5
    endloop
  endfacet
  facet normal 0.809017 0.587785 0
    outer loop
      vertex -33.2733 9.31748 -2.5
      vertex -34.3098 10.7441 -23.75
      vertex -34.3098 10.7441 -2.5
    endloop
  endfacet
  facet normal 0.809017 0.587785 0
    outer loop
      vertex -34.3098 10.7441 -23.75
      vertex -33.2733 9.31748 -2.5
      vertex -33.2733 9.31748 -23.75
    endloop
  endfacet
  facet normal 0.809017 0.587785 0
    outer loop
      vertex -33.2733 9.31748 20.5
      vertex -34.3098 10.7441 8.5
      vertex -34.3098 10.7441 20.5
    endloop
  endfacet
  facet normal 0.809017 0.587785 0
    outer loop
      vertex -34.3098 10.7441 8.5
      vertex -33.2733 9.31748 20.5
      vertex -33.2733 9.31748 8.5
    endloop
  endfacet
  facet normal -1 0 0
    outer loop
      vertex -35.9869 8.43581 -23.75
      vertex -35.9869 10.1992 -2.5
      vertex -35.9869 10.1992 -23.75
    endloop
  endfacet
  facet normal -1 -0 0
    outer loop
      vertex -35.9869 10.1992 -2.5
      vertex -35.9869 8.43581 -23.75
      vertex -35.9869 8.43581 -2.5
    endloop
  endfacet
  facet normal -1 0 0
    outer loop
      vertex -35.9869 8.43581 8.5
      vertex -35.9869 10.1992 20.5
      vertex -35.9869 10.1992 8.5
    endloop
  endfacet
  facet normal -1 -0 0
    outer loop
      vertex -35.9869 10.1992 20.5
      vertex -35.9869 8.43581 8.5
      vertex -35.9869 8.43581 20.5
    endloop
  endfacet
  facet normal 0.809009 -0.587796 0
    outer loop
      vertex -34.3098 7.8909 -2.5
      vertex -33.2733 9.31748 -23.75
      vertex -33.2733 9.31748 -2.5
    endloop
  endfacet
  facet normal 0.809009 -0.587796 0
    outer loop
      vertex -33.2733 9.31748 -23.75
      vertex -34.3098 7.8909 -2.5
      vertex -34.3098 7.8909 -23.75
    endloop
  endfacet
  facet normal 0.809009 -0.587796 0
    outer loop
      vertex -34.3098 7.8909 20.5
      vertex -33.2733 9.31748 8.5
      vertex -33.2733 9.31748 20.5
    endloop
  endfacet
  facet normal 0.809009 -0.587796 0
    outer loop
      vertex -33.2733 9.31748 8.5
      vertex -34.3098 7.8909 20.5
      vertex -34.3098 7.8909 8.5
    endloop
  endfacet
  facet normal -0.309023 -0.951055 0
    outer loop
      vertex -37.2135 -0.881678 -23.75
      vertex -35.5365 -1.42658 -2.5
      vertex -37.2135 -0.881678 -2.5
    endloop
  endfacet
  facet normal -0.309023 -0.951055 -0
    outer loop
      vertex -35.5365 -1.42658 -2.5
      vertex -37.2135 -0.881678 -23.75
      vertex -35.5365 -1.42658 -23.75
    endloop
  endfacet
  facet normal -0.309023 -0.951055 0
    outer loop
      vertex -37.2135 -0.881678 8.5
      vertex -35.5365 -1.42658 20.5
      vertex -37.2135 -0.881678 20.5
    endloop
  endfacet
  facet normal -0.309023 -0.951055 -0
    outer loop
      vertex -35.5365 -1.42658 20.5
      vertex -37.2135 -0.881678 8.5
      vertex -35.5365 -1.42658 8.5
    endloop
  endfacet
  facet normal -0.309023 0.951055 0
    outer loop
      vertex -35.5365 1.42658 -23.75
      vertex -37.2135 0.881678 -2.5
      vertex -35.5365 1.42658 -2.5
    endloop
  endfacet
  facet normal -0.309023 0.951055 0
    outer loop
      vertex -37.2135 0.881678 -2.5
      vertex -35.5365 1.42658 -23.75
      vertex -37.2135 0.881678 -23.75
    endloop
  endfacet
  facet normal -0.309023 0.951055 0
    outer loop
      vertex -35.5365 1.42658 8.5
      vertex -37.2135 0.881678 20.5
      vertex -35.5365 1.42658 20.5
    endloop
  endfacet
  facet normal -0.309023 0.951055 0
    outer loop
      vertex -37.2135 0.881678 20.5
      vertex -35.5365 1.42658 8.5
      vertex -37.2135 0.881678 8.5
    endloop
  endfacet
  facet normal 0.809009 0.587796 0
    outer loop
      vertex -34.5 0 -2.5
      vertex -35.5365 1.42658 -23.75
      vertex -35.5365 1.42658 -2.5
    endloop
  endfacet
  facet normal 0.809009 0.587796 0
    outer loop
      vertex -35.5365 1.42658 -23.75
      vertex -34.5 0 -2.5
      vertex -34.5 0 -23.75
    endloop
  endfacet
  facet normal 0.809009 0.587796 0
    outer loop
      vertex -34.5 0 20.5
      vertex -35.5365 1.42658 8.5
      vertex -35.5365 1.42658 20.5
    endloop
  endfacet
  facet normal 0.809009 0.587796 0
    outer loop
      vertex -35.5365 1.42658 8.5
      vertex -34.5 0 20.5
      vertex -34.5 0 8.5
    endloop
  endfacet
  facet normal -1 0 0
    outer loop
      vertex -37.2135 -0.881678 -23.75
      vertex -37.2135 0.881678 -2.5
      vertex -37.2135 0.881678 -23.75
    endloop
  endfacet
  facet normal -1 -0 0
    outer loop
      vertex -37.2135 0.881678 -2.5
      vertex -37.2135 -0.881678 -23.75
      vertex -37.2135 -0.881678 -2.5
    endloop
  endfacet
  facet normal -1 0 0
    outer loop
      vertex -37.2135 -0.881678 8.5
      vertex -37.2135 0.881678 20.5
      vertex -37.2135 0.881678 8.5
    endloop
  endfacet
  facet normal -1 -0 0
    outer loop
      vertex -37.2135 0.881678 20.5
      vertex -37.2135 -0.881678 8.5
      vertex -37.2135 -0.881678 20.5
    endloop
  endfacet
  facet normal 0.809009 -0.587796 0
    outer loop
      vertex -35.5365 -1.42658 -2.5
      vertex -34.5 0 -23.75
      vertex -34.5 0 -2.5
    endloop
  endfacet
  facet normal 0.809009 -0.587796 0
    outer loop
      vertex -34.5 0 -23.75
      vertex -35.5365 -1.42658 -2.5
      vertex -35.5365 -1.42658 -23.75
    endloop
  endfacet
  facet normal 0.809009 -0.587796 0
    outer loop
      vertex -35.5365 -1.42658 20.5
      vertex -34.5 0 8.5
      vertex -34.5 0 20.5
    endloop
  endfacet
  facet normal 0.809009 -0.587796 0
    outer loop
      vertex -34.5 0 8.5
      vertex -35.5365 -1.42658 20.5
      vertex -35.5365 -1.42658 8.5
    endloop
  endfacet
  facet normal -0.309005 -0.95106 0
    outer loop
      vertex -35.9869 -10.1992 -23.75
      vertex -34.3098 -10.7441 -2.5
      vertex -35.9869 -10.1992 -2.5
    endloop
  endfacet
  facet normal -0.309005 -0.95106 -0
    outer loop
      vertex -34.3098 -10.7441 -2.5
      vertex -35.9869 -10.1992 -23.75
      vertex -34.3098 -10.7441 -23.75
    endloop
  endfacet
  facet normal -0.309005 -0.95106 0
    outer loop
      vertex -35.9869 -10.1992 8.5
      vertex -34.3098 -10.7441 20.5
      vertex -35.9869 -10.1992 20.5
    endloop
  endfacet
  facet normal -0.309005 -0.95106 -0
    outer loop
      vertex -34.3098 -10.7441 20.5
      vertex -35.9869 -10.1992 8.5
      vertex -34.3098 -10.7441 8.5
    endloop
  endfacet
  facet normal -0.30901 0.951059 0
    outer loop
      vertex -34.3098 -7.8909 -23.75
      vertex -35.9869 -8.43581 -2.5
      vertex -34.3098 -7.8909 -2.5
    endloop
  endfacet
  facet normal -0.30901 0.951059 0
    outer loop
      vertex -35.9869 -8.43581 -2.5
      vertex -34.3098 -7.8909 -23.75
      vertex -35.9869 -8.43581 -23.75
    endloop
  endfacet
  facet normal -0.30901 0.951059 0
    outer loop
      vertex -34.3098 -7.8909 8.5
      vertex -35.9869 -8.43581 20.5
      vertex -34.3098 -7.8909 20.5
    endloop
  endfacet
  facet normal -0.30901 0.951059 0
    outer loop
      vertex -35.9869 -8.43581 20.5
      vertex -34.3098 -7.8909 8.5
      vertex -35.9869 -8.43581 8.5
    endloop
  endfacet
  facet normal 0.809009 0.587796 0
    outer loop
      vertex -33.2733 -9.31748 -2.5
      vertex -34.3098 -7.8909 -23.75
      vertex -34.3098 -7.8909 -2.5
    endloop
  endfacet
  facet normal 0.809009 0.587796 0
    outer loop
      vertex -34.3098 -7.8909 -23.75
      vertex -33.2733 -9.31748 -2.5
      vertex -33.2733 -9.31748 -23.75
    endloop
  endfacet
  facet normal 0.809009 0.587796 0
    outer loop
      vertex -33.2733 -9.31748 20.5
      vertex -34.3098 -7.8909 8.5
      vertex -34.3098 -7.8909 20.5
    endloop
  endfacet
  facet normal 0.809009 0.587796 0
    outer loop
      vertex -34.3098 -7.8909 8.5
      vertex -33.2733 -9.31748 20.5
      vertex -33.2733 -9.31748 8.5
    endloop
  endfacet
  facet normal -1 0 0
    outer loop
      vertex -35.9869 -10.1992 -23.75
      vertex -35.9869 -8.43581 -2.5
      vertex -35.9869 -8.43581 -23.75
    endloop
  endfacet
  facet normal -1 -0 0
    outer loop
      vertex -35.9869 -8.43581 -2.5
      vertex -35.9869 -10.1992 -23.75
      vertex -35.9869 -10.1992 -2.5
    endloop
  endfacet
  facet normal -1 0 0
    outer loop
      vertex -35.9869 -10.1992 8.5
      vertex -35.9869 -8.43581 20.5
      vertex -35.9869 -8.43581 8.5
    endloop
  endfacet
  facet normal -1 -0 0
    outer loop
      vertex -35.9869 -8.43581 20.5
      vertex -35.9869 -10.1992 8.5
      vertex -35.9869 -10.1992 20.5
    endloop
  endfacet
  facet normal 0.809017 -0.587785 0
    outer loop
      vertex -34.3098 -10.7441 -2.5
      vertex -33.2733 -9.31748 -23.75
      vertex -33.2733 -9.31748 -2.5
    endloop
  endfacet
  facet normal 0.809017 -0.587785 0
    outer loop
      vertex -33.2733 -9.31748 -23.75
      vertex -34.3098 -10.7441 -2.5
      vertex -34.3098 -10.7441 -23.75
    endloop
  endfacet
  facet normal 0.809017 -0.587785 0
    outer loop
      vertex -34.3098 -10.7441 20.5
      vertex -33.2733 -9.31748 8.5
      vertex -33.2733 -9.31748 20.5
    endloop
  endfacet
  facet normal 0.809017 -0.587785 0
    outer loop
      vertex -33.2733 -9.31748 8.5
      vertex -34.3098 -10.7441 20.5
      vertex -34.3098 -10.7441 8.5
    endloop
  endfacet
  facet normal -0.309022 -0.951055 0
    outer loop
      vertex -32.3904 -18.8817 -23.75
      vertex -30.7134 -19.4266 -2.5
      vertex -32.3904 -18.8817 -2.5
    endloop
  endfacet
  facet normal -0.309022 -0.951055 -0
    outer loop
      vertex -30.7134 -19.4266 -2.5
      vertex -32.3904 -18.8817 -23.75
      vertex -30.7134 -19.4266 -23.75
    endloop
  endfacet
  facet normal -0.309022 -0.951055 0
    outer loop
      vertex -32.3904 -18.8817 8.5
      vertex -30.7134 -19.4266 20.5
      vertex -32.3904 -18.8817 20.5
    endloop
  endfacet
  facet normal -0.309022 -0.951055 -0
    outer loop
      vertex -30.7134 -19.4266 20.5
      vertex -32.3904 -18.8817 8.5
      vertex -30.7134 -19.4266 8.5
    endloop
  endfacet
  facet normal -0.309022 0.951055 0
    outer loop
      vertex -30.7134 -16.5734 -23.75
      vertex -32.3904 -17.1183 -2.5
      vertex -30.7134 -16.5734 -2.5
    endloop
  endfacet
  facet normal -0.309022 0.951055 0
    outer loop
      vertex -32.3904 -17.1183 -2.5
      vertex -30.7134 -16.5734 -23.75
      vertex -32.3904 -17.1183 -23.75
    endloop
  endfacet
  facet normal -0.309022 0.951055 0
    outer loop
      vertex -30.7134 -16.5734 8.5
      vertex -32.3904 -17.1183 20.5
      vertex -30.7134 -16.5734 20.5
    endloop
  endfacet
  facet normal -0.309022 0.951055 0
    outer loop
      vertex -32.3904 -17.1183 20.5
      vertex -30.7134 -16.5734 8.5
      vertex -32.3904 -17.1183 8.5
    endloop
  endfacet
  facet normal 0.809013 0.587791 0
    outer loop
      vertex -29.6769 -18 -2.5
      vertex -30.7134 -16.5734 -23.75
      vertex -30.7134 -16.5734 -2.5
    endloop
  endfacet
  facet normal 0.809013 0.587791 0
    outer loop
      vertex -30.7134 -16.5734 -23.75
      vertex -29.6769 -18 -2.5
      vertex -29.6769 -18 -23.75
    endloop
  endfacet
  facet normal 0.809013 0.587791 0
    outer loop
      vertex -29.6769 -18 20.5
      vertex -30.7134 -16.5734 8.5
      vertex -30.7134 -16.5734 20.5
    endloop
  endfacet
  facet normal 0.809013 0.587791 0
    outer loop
      vertex -30.7134 -16.5734 8.5
      vertex -29.6769 -18 20.5
      vertex -29.6769 -18 8.5
    endloop
  endfacet
  facet normal -1 0 0
    outer loop
      vertex -32.3904 -18.8817 -23.75
      vertex -32.3904 -17.1183 -2.5
      vertex -32.3904 -17.1183 -23.75
    endloop
  endfacet
  facet normal -1 -0 0
    outer loop
      vertex -32.3904 -17.1183 -2.5
      vertex -32.3904 -18.8817 -23.75
      vertex -32.3904 -18.8817 -2.5
    endloop
  endfacet
  facet normal -1 0 0
    outer loop
      vertex -32.3904 -18.8817 8.5
      vertex -32.3904 -17.1183 20.5
      vertex -32.3904 -17.1183 8.5
    endloop
  endfacet
  facet normal -1 -0 0
    outer loop
      vertex -32.3904 -17.1183 20.5
      vertex -32.3904 -18.8817 8.5
      vertex -32.3904 -18.8817 20.5
    endloop
  endfacet
  facet normal 0.809013 -0.587791 0
    outer loop
      vertex -30.7134 -19.4266 -2.5
      vertex -29.6769 -18 -23.75
      vertex -29.6769 -18 -2.5
    endloop
  endfacet
  facet normal 0.809013 -0.587791 0
    outer loop
      vertex -29.6769 -18 -23.75
      vertex -30.7134 -19.4266 -2.5
      vertex -30.7134 -19.4266 -23.75
    endloop
  endfacet
  facet normal 0.809013 -0.587791 0
    outer loop
      vertex -30.7134 -19.4266 20.5
      vertex -29.6769 -18 8.5
      vertex -29.6769 -18 20.5
    endloop
  endfacet
  facet normal 0.809013 -0.587791 0
    outer loop
      vertex -29.6769 -18 8.5
      vertex -30.7134 -19.4266 20.5
      vertex -30.7134 -19.4266 8.5
    endloop
  endfacet
  facet normal -0.309005 -0.95106 0
    outer loop
      vertex -26.6694 -26.3375 -23.75
      vertex -24.9923 -26.8824 -2.5
      vertex -26.6694 -26.3375 -2.5
    endloop
  endfacet
  facet normal -0.309005 -0.95106 -0
    outer loop
      vertex -24.9923 -26.8824 -2.5
      vertex -26.6694 -26.3375 -23.75
      vertex -24.9923 -26.8824 -23.75
    endloop
  endfacet
  facet normal -0.309005 -0.95106 0
    outer loop
      vertex -26.6694 -26.3375 8.5
      vertex -24.9923 -26.8824 20.5
      vertex -26.6694 -26.3375 20.5
    endloop
  endfacet
  facet normal -0.309005 -0.95106 -0
    outer loop
      vertex -24.9923 -26.8824 20.5
      vertex -26.6694 -26.3375 8.5
      vertex -24.9923 -26.8824 8.5
    endloop
  endfacet
  facet normal -0.309005 0.95106 0
    outer loop
      vertex -24.9923 -24.0293 -23.75
      vertex -26.6694 -24.5742 -2.5
      vertex -24.9923 -24.0293 -2.5
    endloop
  endfacet
  facet normal -0.309005 0.95106 0
    outer loop
      vertex -26.6694 -24.5742 -2.5
      vertex -24.9923 -24.0293 -23.75
      vertex -26.6694 -24.5742 -23.75
    endloop
  endfacet
  facet normal -0.309005 0.95106 0
    outer loop
      vertex -24.9923 -24.0293 8.5
      vertex -26.6694 -24.5742 20.5
      vertex -24.9923 -24.0293 20.5
    endloop
  endfacet
  facet normal -0.309005 0.95106 0
    outer loop
      vertex -26.6694 -24.5742 20.5
      vertex -24.9923 -24.0293 8.5
      vertex -26.6694 -24.5742 8.5
    endloop
  endfacet
  facet normal 0.808994 0.587818 0
    outer loop
      vertex -23.9558 -25.4558 -2.5
      vertex -24.9923 -24.0293 -23.75
      vertex -24.9923 -24.0293 -2.5
    endloop
  endfacet
  facet normal 0.808994 0.587818 0
    outer loop
      vertex -24.9923 -24.0293 -23.75
      vertex -23.9558 -25.4558 -2.5
      vertex -23.9558 -25.4558 -23.75
    endloop
  endfacet
  facet normal 0.808994 0.587818 0
    outer loop
      vertex -23.9558 -25.4558 20.5
      vertex -24.9923 -24.0293 8.5
      vertex -24.9923 -24.0293 20.5
    endloop
  endfacet
  facet normal 0.808994 0.587818 0
    outer loop
      vertex -24.9923 -24.0293 8.5
      vertex -23.9558 -25.4558 20.5
      vertex -23.9558 -25.4558 8.5
    endloop
  endfacet
  facet normal -1 0 0
    outer loop
      vertex -26.6694 -26.3375 -23.75
      vertex -26.6694 -24.5742 -2.5
      vertex -26.6694 -24.5742 -23.75
    endloop
  endfacet
  facet normal -1 -0 0
    outer loop
      vertex -26.6694 -24.5742 -2.5
      vertex -26.6694 -26.3375 -23.75
      vertex -26.6694 -26.3375 -2.5
    endloop
  endfacet
  facet normal -1 0 0
    outer loop
      vertex -26.6694 -26.3375 8.5
      vertex -26.6694 -24.5742 20.5
      vertex -26.6694 -24.5742 8.5
    endloop
  endfacet
  facet normal -1 -0 0
    outer loop
      vertex -26.6694 -24.5742 20.5
      vertex -26.6694 -26.3375 8.5
      vertex -26.6694 -26.3375 20.5
    endloop
  endfacet
  facet normal 0.809013 -0.587791 0
    outer loop
      vertex -24.9923 -26.8824 -2.5
      vertex -23.9558 -25.4558 -23.75
      vertex -23.9558 -25.4558 -2.5
    endloop
  endfacet
  facet normal 0.809013 -0.587791 0
    outer loop
      vertex -23.9558 -25.4558 -23.75
      vertex -24.9923 -26.8824 -2.5
      vertex -24.9923 -26.8824 -23.75
    endloop
  endfacet
  facet normal 0.809013 -0.587791 0
    outer loop
      vertex -24.9923 -26.8824 20.5
      vertex -23.9558 -25.4558 8.5
      vertex -23.9558 -25.4558 20.5
    endloop
  endfacet
  facet normal 0.809013 -0.587791 0
    outer loop
      vertex -23.9558 -25.4558 8.5
      vertex -24.9923 -26.8824 20.5
      vertex -24.9923 -26.8824 8.5
    endloop
  endfacet
  facet normal -0.309022 -0.951055 0
    outer loop
      vertex -19.2135 -32.0586 -23.75
      vertex -17.5365 -32.6035 -2.5
      vertex -19.2135 -32.0586 -2.5
    endloop
  endfacet
  facet normal -0.309022 -0.951055 -0
    outer loop
      vertex -17.5365 -32.6035 -2.5
      vertex -19.2135 -32.0586 -23.75
      vertex -17.5365 -32.6035 -23.75
    endloop
  endfacet
  facet normal -0.309022 -0.951055 0
    outer loop
      vertex -19.2135 -32.0586 8.5
      vertex -17.5365 -32.6035 20.5
      vertex -19.2135 -32.0586 20.5
    endloop
  endfacet
  facet normal -0.309022 -0.951055 -0
    outer loop
      vertex -17.5365 -32.6035 20.5
      vertex -19.2135 -32.0586 8.5
      vertex -17.5365 -32.6035 8.5
    endloop
  endfacet
  facet normal -0.309022 0.951055 0
    outer loop
      vertex -17.5365 -29.7503 -23.75
      vertex -19.2135 -30.2952 -2.5
      vertex -17.5365 -29.7503 -2.5
    endloop
  endfacet
  facet normal -0.309022 0.951055 0
    outer loop
      vertex -19.2135 -30.2952 -2.5
      vertex -17.5365 -29.7503 -23.75
      vertex -19.2135 -30.2952 -23.75
    endloop
  endfacet
  facet normal -0.309022 0.951055 0
    outer loop
      vertex -17.5365 -29.7503 8.5
      vertex -19.2135 -30.2952 20.5
      vertex -17.5365 -29.7503 20.5
    endloop
  endfacet
  facet normal -0.309022 0.951055 0
    outer loop
      vertex -19.2135 -30.2952 20.5
      vertex -17.5365 -29.7503 8.5
      vertex -19.2135 -30.2952 8.5
    endloop
  endfacet
  facet normal 0.809013 0.587791 0
    outer loop
      vertex -16.5 -31.1769 -2.5
      vertex -17.5365 -29.7503 -23.75
      vertex -17.5365 -29.7503 -2.5
    endloop
  endfacet
  facet normal 0.809013 0.587791 0
    outer loop
      vertex -17.5365 -29.7503 -23.75
      vertex -16.5 -31.1769 -2.5
      vertex -16.5 -31.1769 -23.75
    endloop
  endfacet
  facet normal 0.809013 0.587791 0
    outer loop
      vertex -16.5 -31.1769 20.5
      vertex -17.5365 -29.7503 8.5
      vertex -17.5365 -29.7503 20.5
    endloop
  endfacet
  facet normal 0.809013 0.587791 0
    outer loop
      vertex -17.5365 -29.7503 8.5
      vertex -16.5 -31.1769 20.5
      vertex -16.5 -31.1769 8.5
    endloop
  endfacet
  facet normal -1 0 0
    outer loop
      vertex -19.2135 -32.0586 -23.75
      vertex -19.2135 -30.2952 -2.5
      vertex -19.2135 -30.2952 -23.75
    endloop
  endfacet
  facet normal -1 -0 0
    outer loop
      vertex -19.2135 -30.2952 -2.5
      vertex -19.2135 -32.0586 -23.75
      vertex -19.2135 -32.0586 -2.5
    endloop
  endfacet
  facet normal -1 0 0
    outer loop
      vertex -19.2135 -32.0586 8.5
      vertex -19.2135 -30.2952 20.5
      vertex -19.2135 -30.2952 8.5
    endloop
  endfacet
  facet normal -1 -0 0
    outer loop
      vertex -19.2135 -30.2952 20.5
      vertex -19.2135 -32.0586 8.5
      vertex -19.2135 -32.0586 20.5
    endloop
  endfacet
  facet normal 0.809013 -0.587791 0
    outer loop
      vertex -17.5365 -32.6035 -2.5
      vertex -16.5 -31.1769 -23.75
      vertex -16.5 -31.1769 -2.5
    endloop
  endfacet
  facet normal 0.809013 -0.587791 0
    outer loop
      vertex -16.5 -31.1769 -23.75
      vertex -17.5365 -32.6035 -2.5
      vertex -17.5365 -32.6035 -23.75
    endloop
  endfacet
  facet normal 0.809013 -0.587791 0
    outer loop
      vertex -17.5365 -32.6035 20.5
      vertex -16.5 -31.1769 8.5
      vertex -16.5 -31.1769 20.5
    endloop
  endfacet
  facet normal 0.809013 -0.587791 0
    outer loop
      vertex -16.5 -31.1769 8.5
      vertex -17.5365 -32.6035 20.5
      vertex -17.5365 -32.6035 8.5
    endloop
  endfacet
  facet normal -0.309015 -0.951057 0
    outer loop
      vertex -10.531 -35.655 -23.75
      vertex -8.85396 -36.1999 -2.5
      vertex -10.531 -35.655 -2.5
    endloop
  endfacet
  facet normal -0.309015 -0.951057 -0
    outer loop
      vertex -8.85396 -36.1999 -2.5
      vertex -10.531 -35.655 -23.75
      vertex -8.85396 -36.1999 -23.75
    endloop
  endfacet
  facet normal -0.309015 -0.951057 0
    outer loop
      vertex -10.531 -35.655 8.5
      vertex -8.85396 -36.1999 20.5
      vertex -10.531 -35.655 20.5
    endloop
  endfacet
  facet normal -0.309015 -0.951057 -0
    outer loop
      vertex -8.85396 -36.1999 20.5
      vertex -10.531 -35.655 8.5
      vertex -8.85396 -36.1999 8.5
    endloop
  endfacet
  facet normal -0.309067 0.95104 0
    outer loop
      vertex -8.85396 -33.3467 -23.75
      vertex -10.531 -33.8917 -2.5
      vertex -8.85396 -33.3467 -2.5
    endloop
  endfacet
  facet normal -0.309067 0.95104 0
    outer loop
      vertex -10.531 -33.8917 -2.5
      vertex -8.85396 -33.3467 -23.75
      vertex -10.531 -33.8917 -23.75
    endloop
  endfacet
  facet normal -0.309067 0.95104 0
    outer loop
      vertex -8.85396 -33.3467 8.5
      vertex -10.531 -33.8917 20.5
      vertex -8.85396 -33.3467 20.5
    endloop
  endfacet
  facet normal -0.309067 0.95104 0
    outer loop
      vertex -10.531 -33.8917 20.5
      vertex -8.85396 -33.3467 8.5
      vertex -10.531 -33.8917 8.5
    endloop
  endfacet
  facet normal 0.809018 0.587783 0
    outer loop
      vertex -7.81748 -34.7733 -2.5
      vertex -8.85396 -33.3467 -23.75
      vertex -8.85396 -33.3467 -2.5
    endloop
  endfacet
  facet normal 0.809018 0.587783 0
    outer loop
      vertex -8.85396 -33.3467 -23.75
      vertex -7.81748 -34.7733 -2.5
      vertex -7.81748 -34.7733 -23.75
    endloop
  endfacet
  facet normal 0.809018 0.587783 0
    outer loop
      vertex -7.81748 -34.7733 20.5
      vertex -8.85396 -33.3467 8.5
      vertex -8.85396 -33.3467 20.5
    endloop
  endfacet
  facet normal 0.809018 0.587783 0
    outer loop
      vertex -8.85396 -33.3467 8.5
      vertex -7.81748 -34.7733 20.5
      vertex -7.81748 -34.7733 8.5
    endloop
  endfacet
  facet normal -1 0 0
    outer loop
      vertex -10.531 -35.655 -23.75
      vertex -10.531 -33.8917 -2.5
      vertex -10.531 -33.8917 -23.75
    endloop
  endfacet
  facet normal -1 -0 0
    outer loop
      vertex -10.531 -33.8917 -2.5
      vertex -10.531 -35.655 -23.75
      vertex -10.531 -35.655 -2.5
    endloop
  endfacet
  facet normal -1 0 0
    outer loop
      vertex -10.531 -35.655 8.5
      vertex -10.531 -33.8917 20.5
      vertex -10.531 -33.8917 8.5
    endloop
  endfacet
  facet normal -1 -0 0
    outer loop
      vertex -10.531 -33.8917 20.5
      vertex -10.531 -35.655 8.5
      vertex -10.531 -35.655 20.5
    endloop
  endfacet
  facet normal 0.809018 -0.587783 0
    outer loop
      vertex -8.85396 -36.1999 -2.5
      vertex -7.81748 -34.7733 -23.75
      vertex -7.81748 -34.7733 -2.5
    endloop
  endfacet
  facet normal 0.809018 -0.587783 0
    outer loop
      vertex -7.81748 -34.7733 -23.75
      vertex -8.85396 -36.1999 -2.5
      vertex -8.85396 -36.1999 -23.75
    endloop
  endfacet
  facet normal 0.809018 -0.587783 0
    outer loop
      vertex -8.85396 -36.1999 20.5
      vertex -7.81748 -34.7733 8.5
      vertex -7.81748 -34.7733 20.5
    endloop
  endfacet
  facet normal 0.809018 -0.587783 0
    outer loop
      vertex -7.81748 -34.7733 8.5
      vertex -8.85396 -36.1999 20.5
      vertex -8.85396 -36.1999 8.5
    endloop
  endfacet
  facet normal -0.309014 -0.951057 0
    outer loop
      vertex -1.21352 -36.8817 -23.75
      vertex 0.463525 -37.4266 -2.5
      vertex -1.21352 -36.8817 -2.5
    endloop
  endfacet
  facet normal -0.309014 -0.951057 -0
    outer loop
      vertex 0.463525 -37.4266 -2.5
      vertex -1.21352 -36.8817 -23.75
      vertex 0.463525 -37.4266 -23.75
    endloop
  endfacet
  facet normal -0.309014 -0.951057 0
    outer loop
      vertex -1.21352 -36.8817 8.5
      vertex 0.463525 -37.4266 20.5
      vertex -1.21352 -36.8817 20.5
    endloop
  endfacet
  facet normal -0.309014 -0.951057 -0
    outer loop
      vertex 0.463525 -37.4266 20.5
      vertex -1.21352 -36.8817 8.5
      vertex 0.463525 -37.4266 8.5
    endloop
  endfacet
  facet normal -0.309014 0.951057 0
    outer loop
      vertex 0.463525 -34.5734 -23.75
      vertex -1.21352 -35.1183 -2.5
      vertex 0.463525 -34.5734 -2.5
    endloop
  endfacet
  facet normal -0.309014 0.951057 0
    outer loop
      vertex -1.21352 -35.1183 -2.5
      vertex 0.463525 -34.5734 -23.75
      vertex -1.21352 -35.1183 -23.75
    endloop
  endfacet
  facet normal -0.309014 0.951057 0
    outer loop
      vertex 0.463525 -34.5734 8.5
      vertex -1.21352 -35.1183 20.5
      vertex 0.463525 -34.5734 20.5
    endloop
  endfacet
  facet normal -0.309014 0.951057 0
    outer loop
      vertex -1.21352 -35.1183 20.5
      vertex 0.463525 -34.5734 8.5
      vertex -1.21352 -35.1183 8.5
    endloop
  endfacet
  facet normal 0.80902 0.587781 0
    outer loop
      vertex 1.5 -36 -2.5
      vertex 0.463525 -34.5734 -23.75
      vertex 0.463525 -34.5734 -2.5
    endloop
  endfacet
  facet normal 0.80902 0.587781 0
    outer loop
      vertex 0.463525 -34.5734 -23.75
      vertex 1.5 -36 -2.5
      vertex 1.5 -36 -23.75
    endloop
  endfacet
  facet normal 0.80902 0.587781 0
    outer loop
      vertex 1.5 -36 20.5
      vertex 0.463525 -34.5734 8.5
      vertex 0.463525 -34.5734 20.5
    endloop
  endfacet
  facet normal 0.80902 0.587781 0
    outer loop
      vertex 0.463525 -34.5734 8.5
      vertex 1.5 -36 20.5
      vertex 1.5 -36 8.5
    endloop
  endfacet
  facet normal -1 0 0
    outer loop
      vertex -1.21352 -36.8817 -23.75
      vertex -1.21352 -35.1183 -2.5
      vertex -1.21352 -35.1183 -23.75
    endloop
  endfacet
  facet normal -1 -0 0
    outer loop
      vertex -1.21352 -35.1183 -2.5
      vertex -1.21352 -36.8817 -23.75
      vertex -1.21352 -36.8817 -2.5
    endloop
  endfacet
  facet normal -1 0 0
    outer loop
      vertex -1.21352 -36.8817 8.5
      vertex -1.21352 -35.1183 20.5
      vertex -1.21352 -35.1183 8.5
    endloop
  endfacet
  facet normal -1 -0 0
    outer loop
      vertex -1.21352 -35.1183 20.5
      vertex -1.21352 -36.8817 8.5
      vertex -1.21352 -36.8817 20.5
    endloop
  endfacet
  facet normal 0.80902 -0.587781 0
    outer loop
      vertex 0.463525 -37.4266 -2.5
      vertex 1.5 -36 -23.75
      vertex 1.5 -36 -2.5
    endloop
  endfacet
  facet normal 0.80902 -0.587781 0
    outer loop
      vertex 1.5 -36 -23.75
      vertex 0.463525 -37.4266 -2.5
      vertex 0.463525 -37.4266 -23.75
    endloop
  endfacet
  facet normal 0.80902 -0.587781 0
    outer loop
      vertex 0.463525 -37.4266 20.5
      vertex 1.5 -36 8.5
      vertex 1.5 -36 20.5
    endloop
  endfacet
  facet normal 0.80902 -0.587781 0
    outer loop
      vertex 1.5 -36 8.5
      vertex 0.463525 -37.4266 20.5
      vertex 0.463525 -37.4266 8.5
    endloop
  endfacet
  facet normal -0.309014 -0.951058 0
    outer loop
      vertex 8.10396 -35.655 -23.75
      vertex 9.78101 -36.1999 -2.5
      vertex 8.10396 -35.655 -2.5
    endloop
  endfacet
  facet normal -0.309014 -0.951058 -0
    outer loop
      vertex 9.78101 -36.1999 -2.5
      vertex 8.10396 -35.655 -23.75
      vertex 9.78101 -36.1999 -23.75
    endloop
  endfacet
  facet normal -0.309014 -0.951058 0
    outer loop
      vertex 8.10396 -35.655 8.5
      vertex 9.78101 -36.1999 20.5
      vertex 8.10396 -35.655 20.5
    endloop
  endfacet
  facet normal -0.309014 -0.951058 -0
    outer loop
      vertex 9.78101 -36.1999 20.5
      vertex 8.10396 -35.655 8.5
      vertex 9.78101 -36.1999 8.5
    endloop
  endfacet
  facet normal -0.309065 0.951041 0
    outer loop
      vertex 9.78101 -33.3467 -23.75
      vertex 8.10396 -33.8917 -2.5
      vertex 9.78101 -33.3467 -2.5
    endloop
  endfacet
  facet normal -0.309065 0.951041 0
    outer loop
      vertex 8.10396 -33.8917 -2.5
      vertex 9.78101 -33.3467 -23.75
      vertex 8.10396 -33.8917 -23.75
    endloop
  endfacet
  facet normal -0.309065 0.951041 0
    outer loop
      vertex 9.78101 -33.3467 8.5
      vertex 8.10396 -33.8917 20.5
      vertex 9.78101 -33.3467 20.5
    endloop
  endfacet
  facet normal -0.309065 0.951041 0
    outer loop
      vertex 8.10396 -33.8917 20.5
      vertex 9.78101 -33.3467 8.5
      vertex 8.10396 -33.8917 8.5
    endloop
  endfacet
  facet normal 0.809016 0.587787 0
    outer loop
      vertex 10.8175 -34.7733 -2.5
      vertex 9.78101 -33.3467 -23.75
      vertex 9.78101 -33.3467 -2.5
    endloop
  endfacet
  facet normal 0.809016 0.587787 0
    outer loop
      vertex 9.78101 -33.3467 -23.75
      vertex 10.8175 -34.7733 -2.5
      vertex 10.8175 -34.7733 -23.75
    endloop
  endfacet
  facet normal 0.809016 0.587787 0
    outer loop
      vertex 10.8175 -34.7733 20.5
      vertex 9.78101 -33.3467 8.5
      vertex 9.78101 -33.3467 20.5
    endloop
  endfacet
  facet normal 0.809016 0.587787 0
    outer loop
      vertex 9.78101 -33.3467 8.5
      vertex 10.8175 -34.7733 20.5
      vertex 10.8175 -34.7733 8.5
    endloop
  endfacet
  facet normal -1 0 0
    outer loop
      vertex 8.10396 -35.655 -23.75
      vertex 8.10396 -33.8917 -2.5
      vertex 8.10396 -33.8917 -23.75
    endloop
  endfacet
  facet normal -1 -0 0
    outer loop
      vertex 8.10396 -33.8917 -2.5
      vertex 8.10396 -35.655 -23.75
      vertex 8.10396 -35.655 -2.5
    endloop
  endfacet
  facet normal -1 0 0
    outer loop
      vertex 8.10396 -35.655 8.5
      vertex 8.10396 -33.8917 20.5
      vertex 8.10396 -33.8917 8.5
    endloop
  endfacet
  facet normal -1 -0 0
    outer loop
      vertex 8.10396 -33.8917 20.5
      vertex 8.10396 -35.655 8.5
      vertex 8.10396 -35.655 20.5
    endloop
  endfacet
  facet normal 0.809016 -0.587787 0
    outer loop
      vertex 9.78101 -36.1999 -2.5
      vertex 10.8175 -34.7733 -23.75
      vertex 10.8175 -34.7733 -2.5
    endloop
  endfacet
  facet normal 0.809016 -0.587787 0
    outer loop
      vertex 10.8175 -34.7733 -23.75
      vertex 9.78101 -36.1999 -2.5
      vertex 9.78101 -36.1999 -23.75
    endloop
  endfacet
  facet normal 0.809016 -0.587787 0
    outer loop
      vertex 9.78101 -36.1999 20.5
      vertex 10.8175 -34.7733 8.5
      vertex 10.8175 -34.7733 20.5
    endloop
  endfacet
  facet normal 0.809016 -0.587787 0
    outer loop
      vertex 10.8175 -34.7733 8.5
      vertex 9.78101 -36.1999 20.5
      vertex 9.78101 -36.1999 8.5
    endloop
  endfacet
  facet normal -0.309022 -0.951055 0
    outer loop
      vertex 16.7865 -32.0586 -23.75
      vertex 18.4635 -32.6035 -2.5
      vertex 16.7865 -32.0586 -2.5
    endloop
  endfacet
  facet normal -0.309022 -0.951055 -0
    outer loop
      vertex 18.4635 -32.6035 -2.5
      vertex 16.7865 -32.0586 -23.75
      vertex 18.4635 -32.6035 -23.75
    endloop
  endfacet
  facet normal -0.309022 -0.951055 0
    outer loop
      vertex 16.7865 -32.0586 8.5
      vertex 18.4635 -32.6035 20.5
      vertex 16.7865 -32.0586 20.5
    endloop
  endfacet
  facet normal -0.309022 -0.951055 -0
    outer loop
      vertex 18.4635 -32.6035 20.5
      vertex 16.7865 -32.0586 8.5
      vertex 18.4635 -32.6035 8.5
    endloop
  endfacet
  facet normal -0.309022 0.951055 0
    outer loop
      vertex 18.4635 -29.7503 -23.75
      vertex 16.7865 -30.2952 -2.5
      vertex 18.4635 -29.7503 -2.5
    endloop
  endfacet
  facet normal -0.309022 0.951055 0
    outer loop
      vertex 16.7865 -30.2952 -2.5
      vertex 18.4635 -29.7503 -23.75
      vertex 16.7865 -30.2952 -23.75
    endloop
  endfacet
  facet normal -0.309022 0.951055 0
    outer loop
      vertex 18.4635 -29.7503 8.5
      vertex 16.7865 -30.2952 20.5
      vertex 18.4635 -29.7503 20.5
    endloop
  endfacet
  facet normal -0.309022 0.951055 0
    outer loop
      vertex 16.7865 -30.2952 20.5
      vertex 18.4635 -29.7503 8.5
      vertex 16.7865 -30.2952 8.5
    endloop
  endfacet
  facet normal 0.809013 0.587791 0
    outer loop
      vertex 19.5 -31.1769 -2.5
      vertex 18.4635 -29.7503 -23.75
      vertex 18.4635 -29.7503 -2.5
    endloop
  endfacet
  facet normal 0.809013 0.587791 0
    outer loop
      vertex 18.4635 -29.7503 -23.75
      vertex 19.5 -31.1769 -2.5
      vertex 19.5 -31.1769 -23.75
    endloop
  endfacet
  facet normal 0.809013 0.587791 0
    outer loop
      vertex 19.5 -31.1769 20.5
      vertex 18.4635 -29.7503 8.5
      vertex 18.4635 -29.7503 20.5
    endloop
  endfacet
  facet normal 0.809013 0.587791 0
    outer loop
      vertex 18.4635 -29.7503 8.5
      vertex 19.5 -31.1769 20.5
      vertex 19.5 -31.1769 8.5
    endloop
  endfacet
  facet normal -1 0 0
    outer loop
      vertex 16.7865 -32.0586 -23.75
      vertex 16.7865 -30.2952 -2.5
      vertex 16.7865 -30.2952 -23.75
    endloop
  endfacet
  facet normal -1 -0 0
    outer loop
      vertex 16.7865 -30.2952 -2.5
      vertex 16.7865 -32.0586 -23.75
      vertex 16.7865 -32.0586 -2.5
    endloop
  endfacet
  facet normal -1 0 0
    outer loop
      vertex 16.7865 -32.0586 8.5
      vertex 16.7865 -30.2952 20.5
      vertex 16.7865 -30.2952 8.5
    endloop
  endfacet
  facet normal -1 -0 0
    outer loop
      vertex 16.7865 -30.2952 20.5
      vertex 16.7865 -32.0586 8.5
      vertex 16.7865 -32.0586 20.5
    endloop
  endfacet
  facet normal 0.809013 -0.587791 0
    outer loop
      vertex 18.4635 -32.6035 -2.5
      vertex 19.5 -31.1769 -23.75
      vertex 19.5 -31.1769 -2.5
    endloop
  endfacet
  facet normal 0.809013 -0.587791 0
    outer loop
      vertex 19.5 -31.1769 -23.75
      vertex 18.4635 -32.6035 -2.5
      vertex 18.4635 -32.6035 -23.75
    endloop
  endfacet
  facet normal 0.809013 -0.587791 0
    outer loop
      vertex 18.4635 -32.6035 20.5
      vertex 19.5 -31.1769 8.5
      vertex 19.5 -31.1769 20.5
    endloop
  endfacet
  facet normal 0.809013 -0.587791 0
    outer loop
      vertex 19.5 -31.1769 8.5
      vertex 18.4635 -32.6035 20.5
      vertex 18.4635 -32.6035 8.5
    endloop
  endfacet
  facet normal -0.309005 -0.95106 0
    outer loop
      vertex 24.2423 -26.3375 -23.75
      vertex 25.9194 -26.8824 -2.5
      vertex 24.2423 -26.3375 -2.5
    endloop
  endfacet
  facet normal -0.309005 -0.95106 -0
    outer loop
      vertex 25.9194 -26.8824 -2.5
      vertex 24.2423 -26.3375 -23.75
      vertex 25.9194 -26.8824 -23.75
    endloop
  endfacet
  facet normal -0.309005 -0.95106 0
    outer loop
      vertex 24.2423 -26.3375 8.5
      vertex 25.9194 -26.8824 20.5
      vertex 24.2423 -26.3375 20.5
    endloop
  endfacet
  facet normal -0.309005 -0.95106 -0
    outer loop
      vertex 25.9194 -26.8824 20.5
      vertex 24.2423 -26.3375 8.5
      vertex 25.9194 -26.8824 8.5
    endloop
  endfacet
  facet normal -0.309005 0.95106 0
    outer loop
      vertex 25.9194 -24.0293 -23.75
      vertex 24.2423 -24.5742 -2.5
      vertex 25.9194 -24.0293 -2.5
    endloop
  endfacet
  facet normal -0.309005 0.95106 0
    outer loop
      vertex 24.2423 -24.5742 -2.5
      vertex 25.9194 -24.0293 -23.75
      vertex 24.2423 -24.5742 -23.75
    endloop
  endfacet
  facet normal -0.309005 0.95106 0
    outer loop
      vertex 25.9194 -24.0293 8.5
      vertex 24.2423 -24.5742 20.5
      vertex 25.9194 -24.0293 20.5
    endloop
  endfacet
  facet normal -0.309005 0.95106 0
    outer loop
      vertex 24.2423 -24.5742 20.5
      vertex 25.9194 -24.0293 8.5
      vertex 24.2423 -24.5742 8.5
    endloop
  endfacet
  facet normal 0.80902 0.58778 0
    outer loop
      vertex 26.9558 -25.4558 -2.5
      vertex 25.9194 -24.0293 -23.75
      vertex 25.9194 -24.0293 -2.5
    endloop
  endfacet
  facet normal 0.80902 0.58778 0
    outer loop
      vertex 25.9194 -24.0293 -23.75
      vertex 26.9558 -25.4558 -2.5
      vertex 26.9558 -25.4558 -23.75
    endloop
  endfacet
  facet normal 0.80902 0.58778 0
    outer loop
      vertex 26.9558 -25.4558 20.5
      vertex 25.9194 -24.0293 8.5
      vertex 25.9194 -24.0293 20.5
    endloop
  endfacet
  facet normal 0.80902 0.58778 0
    outer loop
      vertex 25.9194 -24.0293 8.5
      vertex 26.9558 -25.4558 20.5
      vertex 26.9558 -25.4558 8.5
    endloop
  endfacet
  facet normal -1 0 0
    outer loop
      vertex 24.2423 -26.3375 -23.75
      vertex 24.2423 -24.5742 -2.5
      vertex 24.2423 -24.5742 -23.75
    endloop
  endfacet
  facet normal -1 -0 0
    outer loop
      vertex 24.2423 -24.5742 -2.5
      vertex 24.2423 -26.3375 -23.75
      vertex 24.2423 -26.3375 -2.5
    endloop
  endfacet
  facet normal -1 0 0
    outer loop
      vertex 24.2423 -26.3375 8.5
      vertex 24.2423 -24.5742 20.5
      vertex 24.2423 -24.5742 8.5
    endloop
  endfacet
  facet normal -1 -0 0
    outer loop
      vertex 24.2423 -24.5742 20.5
      vertex 24.2423 -26.3375 8.5
      vertex 24.2423 -26.3375 20.5
    endloop
  endfacet
  facet normal 0.80904 -0.587753 0
    outer loop
      vertex 25.9194 -26.8824 -2.5
      vertex 26.9558 -25.4558 -23.75
      vertex 26.9558 -25.4558 -2.5
    endloop
  endfacet
  facet normal 0.80904 -0.587753 0
    outer loop
      vertex 26.9558 -25.4558 -23.75
      vertex 25.9194 -26.8824 -2.5
      vertex 25.9194 -26.8824 -23.75
    endloop
  endfacet
  facet normal 0.80904 -0.587753 0
    outer loop
      vertex 25.9194 -26.8824 20.5
      vertex 26.9558 -25.4558 8.5
      vertex 26.9558 -25.4558 20.5
    endloop
  endfacet
  facet normal 0.80904 -0.587753 0
    outer loop
      vertex 26.9558 -25.4558 8.5
      vertex 25.9194 -26.8824 20.5
      vertex 25.9194 -26.8824 8.5
    endloop
  endfacet
  facet normal -0.309022 -0.951055 0
    outer loop
      vertex 29.9634 -18.8817 -23.75
      vertex 31.6404 -19.4266 -2.5
      vertex 29.9634 -18.8817 -2.5
    endloop
  endfacet
  facet normal -0.309022 -0.951055 -0
    outer loop
      vertex 31.6404 -19.4266 -2.5
      vertex 29.9634 -18.8817 -23.75
      vertex 31.6404 -19.4266 -23.75
    endloop
  endfacet
  facet normal -0.309022 -0.951055 0
    outer loop
      vertex 29.9634 -18.8817 8.5
      vertex 31.6404 -19.4266 20.5
      vertex 29.9634 -18.8817 20.5
    endloop
  endfacet
  facet normal -0.309022 -0.951055 -0
    outer loop
      vertex 31.6404 -19.4266 20.5
      vertex 29.9634 -18.8817 8.5
      vertex 31.6404 -19.4266 8.5
    endloop
  endfacet
  facet normal -0.309022 0.951055 0
    outer loop
      vertex 31.6404 -16.5734 -23.75
      vertex 29.9634 -17.1183 -2.5
      vertex 31.6404 -16.5734 -2.5
    endloop
  endfacet
  facet normal -0.309022 0.951055 0
    outer loop
      vertex 29.9634 -17.1183 -2.5
      vertex 31.6404 -16.5734 -23.75
      vertex 29.9634 -17.1183 -23.75
    endloop
  endfacet
  facet normal -0.309022 0.951055 0
    outer loop
      vertex 31.6404 -16.5734 8.5
      vertex 29.9634 -17.1183 20.5
      vertex 31.6404 -16.5734 20.5
    endloop
  endfacet
  facet normal -0.309022 0.951055 0
    outer loop
      vertex 29.9634 -17.1183 20.5
      vertex 31.6404 -16.5734 8.5
      vertex 29.9634 -17.1183 8.5
    endloop
  endfacet
  facet normal 0.809013 0.587791 0
    outer loop
      vertex 32.6769 -18 -2.5
      vertex 31.6404 -16.5734 -23.75
      vertex 31.6404 -16.5734 -2.5
    endloop
  endfacet
  facet normal 0.809013 0.587791 0
    outer loop
      vertex 31.6404 -16.5734 -23.75
      vertex 32.6769 -18 -2.5
      vertex 32.6769 -18 -23.75
    endloop
  endfacet
  facet normal 0.809013 0.587791 0
    outer loop
      vertex 32.6769 -18 20.5
      vertex 31.6404 -16.5734 8.5
      vertex 31.6404 -16.5734 20.5
    endloop
  endfacet
  facet normal 0.809013 0.587791 0
    outer loop
      vertex 31.6404 -16.5734 8.5
      vertex 32.6769 -18 20.5
      vertex 32.6769 -18 8.5
    endloop
  endfacet
  facet normal -1 0 0
    outer loop
      vertex 29.9634 -18.8817 -23.75
      vertex 29.9634 -17.1183 -2.5
      vertex 29.9634 -17.1183 -23.75
    endloop
  endfacet
  facet normal -1 -0 0
    outer loop
      vertex 29.9634 -17.1183 -2.5
      vertex 29.9634 -18.8817 -23.75
      vertex 29.9634 -18.8817 -2.5
    endloop
  endfacet
  facet normal -1 0 0
    outer loop
      vertex 29.9634 -18.8817 8.5
      vertex 29.9634 -17.1183 20.5
      vertex 29.9634 -17.1183 8.5
    endloop
  endfacet
  facet normal -1 -0 0
    outer loop
      vertex 29.9634 -17.1183 20.5
      vertex 29.9634 -18.8817 8.5
      vertex 29.9634 -18.8817 20.5
    endloop
  endfacet
  facet normal 0.809013 -0.587791 0
    outer loop
      vertex 31.6404 -19.4266 -2.5
      vertex 32.6769 -18 -23.75
      vertex 32.6769 -18 -2.5
    endloop
  endfacet
  facet normal 0.809013 -0.587791 0
    outer loop
      vertex 32.6769 -18 -23.75
      vertex 31.6404 -19.4266 -2.5
      vertex 31.6404 -19.4266 -23.75
    endloop
  endfacet
  facet normal 0.809013 -0.587791 0
    outer loop
      vertex 31.6404 -19.4266 20.5
      vertex 32.6769 -18 8.5
      vertex 32.6769 -18 20.5
    endloop
  endfacet
  facet normal 0.809013 -0.587791 0
    outer loop
      vertex 32.6769 -18 8.5
      vertex 31.6404 -19.4266 20.5
      vertex 31.6404 -19.4266 8.5
    endloop
  endfacet
  facet normal -0.309005 -0.95106 0
    outer loop
      vertex 33.5598 -10.1992 -23.75
      vertex 35.2369 -10.7441 -2.5
      vertex 33.5598 -10.1992 -2.5
    endloop
  endfacet
  facet normal -0.309005 -0.95106 -0
    outer loop
      vertex 35.2369 -10.7441 -2.5
      vertex 33.5598 -10.1992 -23.75
      vertex 35.2369 -10.7441 -23.75
    endloop
  endfacet
  facet normal -0.309005 -0.95106 0
    outer loop
      vertex 33.5598 -10.1992 8.5
      vertex 35.2369 -10.7441 20.5
      vertex 33.5598 -10.1992 20.5
    endloop
  endfacet
  facet normal -0.309005 -0.95106 -0
    outer loop
      vertex 35.2369 -10.7441 20.5
      vertex 33.5598 -10.1992 8.5
      vertex 35.2369 -10.7441 8.5
    endloop
  endfacet
  facet normal -0.30901 0.951059 0
    outer loop
      vertex 35.2369 -7.8909 -23.75
      vertex 33.5598 -8.43581 -2.5
      vertex 35.2369 -7.8909 -2.5
    endloop
  endfacet
  facet normal -0.30901 0.951059 0
    outer loop
      vertex 33.5598 -8.43581 -2.5
      vertex 35.2369 -7.8909 -23.75
      vertex 33.5598 -8.43581 -23.75
    endloop
  endfacet
  facet normal -0.30901 0.951059 0
    outer loop
      vertex 35.2369 -7.8909 8.5
      vertex 33.5598 -8.43581 20.5
      vertex 35.2369 -7.8909 20.5
    endloop
  endfacet
  facet normal -0.30901 0.951059 0
    outer loop
      vertex 33.5598 -8.43581 20.5
      vertex 35.2369 -7.8909 8.5
      vertex 33.5598 -8.43581 8.5
    endloop
  endfacet
  facet normal 0.809036 0.587759 0
    outer loop
      vertex 36.2733 -9.31748 -2.5
      vertex 35.2369 -7.8909 -23.75
      vertex 35.2369 -7.8909 -2.5
    endloop
  endfacet
  facet normal 0.809036 0.587759 0
    outer loop
      vertex 35.2369 -7.8909 -23.75
      vertex 36.2733 -9.31748 -2.5
      vertex 36.2733 -9.31748 -23.75
    endloop
  endfacet
  facet normal 0.809036 0.587759 0
    outer loop
      vertex 36.2733 -9.31748 20.5
      vertex 35.2369 -7.8909 8.5
      vertex 35.2369 -7.8909 20.5
    endloop
  endfacet
  facet normal 0.809036 0.587759 0
    outer loop
      vertex 35.2369 -7.8909 8.5
      vertex 36.2733 -9.31748 20.5
      vertex 36.2733 -9.31748 8.5
    endloop
  endfacet
  facet normal -1 0 0
    outer loop
      vertex 33.5598 -10.1992 -23.75
      vertex 33.5598 -8.43581 -2.5
      vertex 33.5598 -8.43581 -23.75
    endloop
  endfacet
  facet normal -1 -0 0
    outer loop
      vertex 33.5598 -8.43581 -2.5
      vertex 33.5598 -10.1992 -23.75
      vertex 33.5598 -10.1992 -2.5
    endloop
  endfacet
  facet normal -1 0 0
    outer loop
      vertex 33.5598 -10.1992 8.5
      vertex 33.5598 -8.43581 20.5
      vertex 33.5598 -8.43581 8.5
    endloop
  endfacet
  facet normal -1 -0 0
    outer loop
      vertex 33.5598 -8.43581 20.5
      vertex 33.5598 -10.1992 8.5
      vertex 33.5598 -10.1992 20.5
    endloop
  endfacet
  facet normal 0.809044 -0.587748 0
    outer loop
      vertex 35.2369 -10.7441 -2.5
      vertex 36.2733 -9.31748 -23.75
      vertex 36.2733 -9.31748 -2.5
    endloop
  endfacet
  facet normal 0.809044 -0.587748 0
    outer loop
      vertex 36.2733 -9.31748 -23.75
      vertex 35.2369 -10.7441 -2.5
      vertex 35.2369 -10.7441 -23.75
    endloop
  endfacet
  facet normal 0.809044 -0.587748 0
    outer loop
      vertex 35.2369 -10.7441 20.5
      vertex 36.2733 -9.31748 8.5
      vertex 36.2733 -9.31748 20.5
    endloop
  endfacet
  facet normal 0.809044 -0.587748 0
    outer loop
      vertex 36.2733 -9.31748 8.5
      vertex 35.2369 -10.7441 20.5
      vertex 35.2369 -10.7441 8.5
    endloop
  endfacet
  facet normal -0.743143 -0.669133 0
    outer loop
      vertex -26.7652 -29.7258 -2.5
      vertex -32.3607 -23.5114 8.5
      vertex -32.3607 -23.5114 -2.5
    endloop
  endfacet
  facet normal -0.743143 -0.669133 0
    outer loop
      vertex -32.3607 -23.5114 8.5
      vertex -26.7652 -29.7258 -2.5
      vertex -26.7652 -29.7258 8.5
    endloop
  endfacet
  facet normal 0.951056 0.309017 0
    outer loop
      vertex 39.1259 8.31647 8.5
      vertex 36.5418 16.2695 -2.5
      vertex 36.5418 16.2695 8.5
    endloop
  endfacet
  facet normal 0.951056 0.309017 0
    outer loop
      vertex 36.5418 16.2695 -2.5
      vertex 39.1259 8.31647 8.5
      vertex 39.1259 8.31647 -2.5
    endloop
  endfacet
  facet normal 0.994522 0.104529 0
    outer loop
      vertex 40 0 8.5
      vertex 39.1259 8.31647 -2.5
      vertex 39.1259 8.31647 8.5
    endloop
  endfacet
  facet normal 0.994522 0.104529 0
    outer loop
      vertex 39.1259 8.31647 -2.5
      vertex 40 0 8.5
      vertex 40 0 -2.5
    endloop
  endfacet
  facet normal 0.866026 0.499999 0
    outer loop
      vertex 36.5418 16.2695 8.5
      vertex 32.3607 23.5114 -2.5
      vertex 32.3607 23.5114 8.5
    endloop
  endfacet
  facet normal 0.866026 0.499999 0
    outer loop
      vertex 32.3607 23.5114 -2.5
      vertex 36.5418 16.2695 8.5
      vertex 36.5418 16.2695 -2.5
    endloop
  endfacet
  facet normal 0.951056 -0.309017 0
    outer loop
      vertex 36.5418 -16.2695 8.5
      vertex 39.1259 -8.31647 -2.5
      vertex 39.1259 -8.31647 8.5
    endloop
  endfacet
  facet normal 0.951056 -0.309017 0
    outer loop
      vertex 39.1259 -8.31647 -2.5
      vertex 36.5418 -16.2695 8.5
      vertex 36.5418 -16.2695 -2.5
    endloop
  endfacet
  facet normal 0.587785 -0.809017 0
    outer loop
      vertex 20 -34.641 -2.5
      vertex 26.7652 -29.7258 8.5
      vertex 20 -34.641 8.5
    endloop
  endfacet
  facet normal 0.587785 -0.809017 0
    outer loop
      vertex 26.7652 -29.7258 8.5
      vertex 20 -34.641 -2.5
      vertex 26.7652 -29.7258 -2.5
    endloop
  endfacet
  facet normal 0.743143 -0.669133 0
    outer loop
      vertex 26.7652 -29.7258 8.5
      vertex 32.3607 -23.5114 -2.5
      vertex 32.3607 -23.5114 8.5
    endloop
  endfacet
  facet normal 0.743143 -0.669133 0
    outer loop
      vertex 32.3607 -23.5114 -2.5
      vertex 26.7652 -29.7258 8.5
      vertex 26.7652 -29.7258 -2.5
    endloop
  endfacet
  facet normal 0.994522 -0.104529 0
    outer loop
      vertex 39.1259 -8.31647 8.5
      vertex 40 0 -2.5
      vertex 40 0 8.5
    endloop
  endfacet
  facet normal 0.994522 -0.104529 0
    outer loop
      vertex 40 0 -2.5
      vertex 39.1259 -8.31647 8.5
      vertex 39.1259 -8.31647 -2.5
    endloop
  endfacet
  facet normal -0.406743 -0.913543 0
    outer loop
      vertex -20 -34.641 -2.5
      vertex -12.3607 -38.0423 8.5
      vertex -20 -34.641 8.5
    endloop
  endfacet
  facet normal -0.406743 -0.913543 -0
    outer loop
      vertex -12.3607 -38.0423 8.5
      vertex -20 -34.641 -2.5
      vertex -12.3607 -38.0423 -2.5
    endloop
  endfacet
  facet normal 0.406743 0.913543 -0
    outer loop
      vertex 20 34.641 -2.5
      vertex 12.3607 38.0423 8.5
      vertex 20 34.641 8.5
    endloop
  endfacet
  facet normal 0.406743 0.913543 0
    outer loop
      vertex 12.3607 38.0423 8.5
      vertex 20 34.641 -2.5
      vertex 12.3607 38.0423 -2.5
    endloop
  endfacet
  facet normal 0.743143 0.669133 0
    outer loop
      vertex 32.3607 23.5114 8.5
      vertex 26.7652 29.7258 -2.5
      vertex 26.7652 29.7258 8.5
    endloop
  endfacet
  facet normal 0.743143 0.669133 0
    outer loop
      vertex 26.7652 29.7258 -2.5
      vertex 32.3607 23.5114 8.5
      vertex 32.3607 23.5114 -2.5
    endloop
  endfacet
  facet normal -0.587785 -0.809017 0
    outer loop
      vertex -26.7652 -29.7258 -2.5
      vertex -20 -34.641 8.5
      vertex -26.7652 -29.7258 8.5
    endloop
  endfacet
  facet normal -0.587785 -0.809017 -0
    outer loop
      vertex -20 -34.641 8.5
      vertex -26.7652 -29.7258 -2.5
      vertex -20 -34.641 -2.5
    endloop
  endfacet
  facet normal -0.743143 0.669133 0
    outer loop
      vertex -32.3607 23.5114 -2.5
      vertex -26.7652 29.7258 8.5
      vertex -26.7652 29.7258 -2.5
    endloop
  endfacet
  facet normal -0.743143 0.669133 0
    outer loop
      vertex -26.7652 29.7258 8.5
      vertex -32.3607 23.5114 -2.5
      vertex -32.3607 23.5114 8.5
    endloop
  endfacet
  facet normal 0 1 -0
    outer loop
      vertex 4.18114 39.7809 -2.5
      vertex -4.18114 39.7809 8.5
      vertex 4.18114 39.7809 8.5
    endloop
  endfacet
  facet normal 0 1 0
    outer loop
      vertex -4.18114 39.7809 8.5
      vertex 4.18114 39.7809 -2.5
      vertex -4.18114 39.7809 -2.5
    endloop
  endfacet
  facet normal 0.406743 -0.913543 0
    outer loop
      vertex 12.3607 -38.0423 -2.5
      vertex 20 -34.641 8.5
      vertex 12.3607 -38.0423 8.5
    endloop
  endfacet
  facet normal 0.406743 -0.913543 0
    outer loop
      vertex 20 -34.641 8.5
      vertex 12.3607 -38.0423 -2.5
      vertex 20 -34.641 -2.5
    endloop
  endfacet
  facet normal 0.207909 -0.978148 0
    outer loop
      vertex 4.18114 -39.7809 -2.5
      vertex 12.3607 -38.0423 8.5
      vertex 4.18114 -39.7809 8.5
    endloop
  endfacet
  facet normal 0.207909 -0.978148 0
    outer loop
      vertex 12.3607 -38.0423 8.5
      vertex 4.18114 -39.7809 -2.5
      vertex 12.3607 -38.0423 -2.5
    endloop
  endfacet
  facet normal -0.951056 0.309017 0
    outer loop
      vertex -39.1259 8.31647 -2.5
      vertex -36.5418 16.2695 8.5
      vertex -36.5418 16.2695 -2.5
    endloop
  endfacet
  facet normal -0.951056 0.309017 0
    outer loop
      vertex -36.5418 16.2695 8.5
      vertex -39.1259 8.31647 -2.5
      vertex -39.1259 8.31647 8.5
    endloop
  endfacet
  facet normal 0 0 -1
    outer loop
      vertex -34.5 0 -2.5
      vertex -33.2733 -9.31748 -2.5
      vertex -34.3098 -7.8909 -2.5
    endloop
  endfacet
  facet normal 0 0 -1
    outer loop
      vertex -33.2733 -9.31748 -2.5
      vertex -34.5 0 -2.5
      vertex -33.2733 9.31748 -2.5
    endloop
  endfacet
  facet normal 0 0 -1
    outer loop
      vertex -33.2733 9.31748 -2.5
      vertex -34.5 0 -2.5
      vertex -34.3098 7.8909 -2.5
    endloop
  endfacet
  facet normal 0 0 -1
    outer loop
      vertex -34.3098 -7.8909 -2.5
      vertex -35.5365 -1.42658 -2.5
      vertex -34.5 0 -2.5
    endloop
  endfacet
  facet normal 0 0 -1
    outer loop
      vertex -35.9869 -8.43581 -2.5
      vertex -35.5365 -1.42658 -2.5
      vertex -34.3098 -7.8909 -2.5
    endloop
  endfacet
  facet normal 0 0 -1
    outer loop
      vertex -35.9869 -10.1992 -2.5
      vertex -39.1259 -8.31647 -2.5
      vertex -35.9869 -8.43581 -2.5
    endloop
  endfacet
  facet normal 0 0 -1
    outer loop
      vertex -35.9869 -8.43581 -2.5
      vertex -39.1259 -8.31647 -2.5
      vertex -35.5365 -1.42658 -2.5
    endloop
  endfacet
  facet normal 0 0 -1
    outer loop
      vertex -40 0 -2.5
      vertex -37.2135 -0.881678 -2.5
      vertex -39.1259 -8.31647 -2.5
    endloop
  endfacet
  facet normal -0 0 -1
    outer loop
      vertex -35.5365 -1.42658 -2.5
      vertex -39.1259 -8.31647 -2.5
      vertex -37.2135 -0.881678 -2.5
    endloop
  endfacet
  facet normal 0 0 -1
    outer loop
      vertex -33.2733 -9.31748 -2.5
      vertex -29.6769 -18 -2.5
      vertex -30.7134 -16.5734 -2.5
    endloop
  endfacet
  facet normal 0 0 -1
    outer loop
      vertex -29.6769 -18 -2.5
      vertex -33.2733 -9.31748 -2.5
      vertex -29.6769 18 -2.5
    endloop
  endfacet
  facet normal 0 0 -1
    outer loop
      vertex -34.3098 -10.7441 -2.5
      vertex -30.7134 -16.5734 -2.5
      vertex -32.3904 -17.1183 -2.5
    endloop
  endfacet
  facet normal 0 0 -1
    outer loop
      vertex -33.2733 9.31748 -2.5
      vertex -29.6769 18 -2.5
      vertex -33.2733 -9.31748 -2.5
    endloop
  endfacet
  facet normal 0 0 -1
    outer loop
      vertex -32.3607 23.5114 -2.5
      vertex -26.6694 24.5742 -2.5
      vertex -30.7134 19.4266 -2.5
    endloop
  endfacet
  facet normal -0 0 -1
    outer loop
      vertex -26.6694 24.5742 -2.5
      vertex -32.3607 23.5114 -2.5
      vertex -26.6694 26.3375 -2.5
    endloop
  endfacet
  facet normal -0 0 -1
    outer loop
      vertex -26.6694 26.3375 -2.5
      vertex -32.3607 23.5114 -2.5
      vertex -26.7652 29.7258 -2.5
    endloop
  endfacet
  facet normal 0 0 -1
    outer loop
      vertex -32.3904 18.8817 -2.5
      vertex -32.3607 23.5114 -2.5
      vertex -30.7134 19.4266 -2.5
    endloop
  endfacet
  facet normal -0 0 -1
    outer loop
      vertex -30.7134 16.5734 -2.5
      vertex -34.3098 10.7441 -2.5
      vertex -32.3904 17.1183 -2.5
    endloop
  endfacet
  facet normal 0 0 -1
    outer loop
      vertex -36.5418 16.2695 -2.5
      vertex -32.3904 17.1183 -2.5
      vertex -34.3098 10.7441 -2.5
    endloop
  endfacet
  facet normal -0 0 -1
    outer loop
      vertex -32.3904 17.1183 -2.5
      vertex -36.5418 16.2695 -2.5
      vertex -32.3904 18.8817 -2.5
    endloop
  endfacet
  facet normal 0 0 -1
    outer loop
      vertex -36.5418 16.2695 -2.5
      vertex -34.3098 10.7441 -2.5
      vertex -35.9869 10.1992 -2.5
    endloop
  endfacet
  facet normal -0 0 -1
    outer loop
      vertex -32.3904 18.8817 -2.5
      vertex -36.5418 16.2695 -2.5
      vertex -32.3607 23.5114 -2.5
    endloop
  endfacet
  facet normal 0 0 -1
    outer loop
      vertex -35.5365 1.42658 -2.5
      vertex -34.3098 7.8909 -2.5
      vertex -34.5 0 -2.5
    endloop
  endfacet
  facet normal 0 0 -1
    outer loop
      vertex -35.5365 1.42658 -2.5
      vertex -35.9869 8.43581 -2.5
      vertex -34.3098 7.8909 -2.5
    endloop
  endfacet
  facet normal 0 0 -1
    outer loop
      vertex -39.1259 8.31647 -2.5
      vertex -35.9869 10.1992 -2.5
      vertex -35.9869 8.43581 -2.5
    endloop
  endfacet
  facet normal 0 0 -1
    outer loop
      vertex -39.1259 8.31647 -2.5
      vertex -35.9869 8.43581 -2.5
      vertex -35.5365 1.42658 -2.5
    endloop
  endfacet
  facet normal 0 0 -1
    outer loop
      vertex -39.1259 8.31647 -2.5
      vertex -35.5365 1.42658 -2.5
      vertex -37.2135 0.881678 -2.5
    endloop
  endfacet
  facet normal 0 0 -1
    outer loop
      vertex -37.2135 -0.881678 -2.5
      vertex -40 0 -2.5
      vertex -37.2135 0.881678 -2.5
    endloop
  endfacet
  facet normal -0 0 -1
    outer loop
      vertex -35.9869 10.1992 -2.5
      vertex -39.1259 8.31647 -2.5
      vertex -36.5418 16.2695 -2.5
    endloop
  endfacet
  facet normal -0 0 -1
    outer loop
      vertex -37.2135 0.881678 -2.5
      vertex -40 0 -2.5
      vertex -39.1259 8.31647 -2.5
    endloop
  endfacet
  facet normal 0 0 -1
    outer loop
      vertex -24.9923 24.0293 -2.5
      vertex -17.5365 29.7503 -2.5
      vertex -24.9923 -24.0293 -2.5
    endloop
  endfacet
  facet normal 0 0 -1
    outer loop
      vertex -17.5365 29.7503 -2.5
      vertex -24.9923 24.0293 -2.5
      vertex -23.9558 25.4558 -2.5
    endloop
  endfacet
  facet normal 0 0 -1
    outer loop
      vertex -29.6769 -18 -2.5
      vertex -24.9923 -24.0293 -2.5
      vertex -26.6694 -24.5742 -2.5
    endloop
  endfacet
  facet normal 0 0 -1
    outer loop
      vertex -24.9923 -24.0293 -2.5
      vertex -29.6769 -18 -2.5
      vertex -24.9923 24.0293 -2.5
    endloop
  endfacet
  facet normal 0 0 -1
    outer loop
      vertex -26.7652 29.7258 -2.5
      vertex -19.2135 30.2952 -2.5
      vertex -24.9923 26.8824 -2.5
    endloop
  endfacet
  facet normal -0 0 -1
    outer loop
      vertex -19.2135 30.2952 -2.5
      vertex -26.7652 29.7258 -2.5
      vertex -19.2135 32.0586 -2.5
    endloop
  endfacet
  facet normal 0 0 -1
    outer loop
      vertex -26.7652 29.7258 -2.5
      vertex -24.9923 26.8824 -2.5
      vertex -26.6694 26.3375 -2.5
    endloop
  endfacet
  facet normal -0 0 -1
    outer loop
      vertex -19.2135 32.0586 -2.5
      vertex -26.7652 29.7258 -2.5
      vertex -20 34.641 -2.5
    endloop
  endfacet
  facet normal 0 0 -1
    outer loop
      vertex -30.7134 19.4266 -2.5
      vertex -26.6694 24.5742 -2.5
      vertex -29.6769 18 -2.5
    endloop
  endfacet
  facet normal -0 0 -1
    outer loop
      vertex -24.9923 24.0293 -2.5
      vertex -29.6769 18 -2.5
      vertex -26.6694 24.5742 -2.5
    endloop
  endfacet
  facet normal 0 0 -1
    outer loop
      vertex -26.7652 -29.7258 -2.5
      vertex -30.7134 -19.4266 -2.5
      vertex -29.6769 -18 -2.5
    endloop
  endfacet
  facet normal 0 0 -1
    outer loop
      vertex -32.3607 -23.5114 -2.5
      vertex -30.7134 -19.4266 -2.5
      vertex -26.7652 -29.7258 -2.5
    endloop
  endfacet
  facet normal 0 0 -1
    outer loop
      vertex -32.3607 -23.5114 -2.5
      vertex -32.3904 -18.8817 -2.5
      vertex -30.7134 -19.4266 -2.5
    endloop
  endfacet
  facet normal 0 0 -1
    outer loop
      vertex -36.5418 -16.2695 -2.5
      vertex -32.3904 -17.1183 -2.5
      vertex -32.3904 -18.8817 -2.5
    endloop
  endfacet
  facet normal 0 0 -1
    outer loop
      vertex -29.6769 18 -2.5
      vertex -33.2733 9.31748 -2.5
      vertex -30.7134 16.5734 -2.5
    endloop
  endfacet
  facet normal 0 0 -1
    outer loop
      vertex -34.3098 10.7441 -2.5
      vertex -30.7134 16.5734 -2.5
      vertex -33.2733 9.31748 -2.5
    endloop
  endfacet
  facet normal 0 0 -1
    outer loop
      vertex -36.5418 -16.2695 -2.5
      vertex -32.3904 -18.8817 -2.5
      vertex -32.3607 -23.5114 -2.5
    endloop
  endfacet
  facet normal 0 0 -1
    outer loop
      vertex -30.7134 -16.5734 -2.5
      vertex -34.3098 -10.7441 -2.5
      vertex -33.2733 -9.31748 -2.5
    endloop
  endfacet
  facet normal 0 0 -1
    outer loop
      vertex -32.3904 -17.1183 -2.5
      vertex -36.5418 -16.2695 -2.5
      vertex -34.3098 -10.7441 -2.5
    endloop
  endfacet
  facet normal 0 0 -1
    outer loop
      vertex -39.1259 -8.31647 -2.5
      vertex -35.9869 -10.1992 -2.5
      vertex -36.5418 -16.2695 -2.5
    endloop
  endfacet
  facet normal -0 0 -1
    outer loop
      vertex -34.3098 -10.7441 -2.5
      vertex -36.5418 -16.2695 -2.5
      vertex -35.9869 -10.1992 -2.5
    endloop
  endfacet
  facet normal 0 0 -1
    outer loop
      vertex -17.5365 29.7503 -2.5
      vertex -8.85396 33.3467 -2.5
      vertex -17.5365 -29.7503 -2.5
    endloop
  endfacet
  facet normal 0 0 -1
    outer loop
      vertex -8.85396 33.3467 -2.5
      vertex -17.5365 29.7503 -2.5
      vertex -16.5 31.1769 -2.5
    endloop
  endfacet
  facet normal 0 0 -1
    outer loop
      vertex -23.9558 -25.4558 -2.5
      vertex -17.5365 -29.7503 -2.5
      vertex -19.2135 -30.2952 -2.5
    endloop
  endfacet
  facet normal 0 0 -1
    outer loop
      vertex -24.9923 -24.0293 -2.5
      vertex -17.5365 -29.7503 -2.5
      vertex -23.9558 -25.4558 -2.5
    endloop
  endfacet
  facet normal 0 0 -1
    outer loop
      vertex -17.5365 32.6035 -2.5
      vertex -10.531 33.8917 -2.5
      vertex -16.5 31.1769 -2.5
    endloop
  endfacet
  facet normal -0 0 -1
    outer loop
      vertex -10.531 33.8917 -2.5
      vertex -17.5365 32.6035 -2.5
      vertex -12.3607 38.0423 -2.5
    endloop
  endfacet
  facet normal 0 0 -1
    outer loop
      vertex -20 34.641 -2.5
      vertex -17.5365 32.6035 -2.5
      vertex -19.2135 32.0586 -2.5
    endloop
  endfacet
  facet normal 0 0 -1
    outer loop
      vertex -17.5365 32.6035 -2.5
      vertex -20 34.641 -2.5
      vertex -12.3607 38.0423 -2.5
    endloop
  endfacet
  facet normal 0 0 -1
    outer loop
      vertex -24.9923 26.8824 -2.5
      vertex -19.2135 30.2952 -2.5
      vertex -23.9558 25.4558 -2.5
    endloop
  endfacet
  facet normal -0 0 -1
    outer loop
      vertex -17.5365 29.7503 -2.5
      vertex -23.9558 25.4558 -2.5
      vertex -19.2135 30.2952 -2.5
    endloop
  endfacet
  facet normal 0 0 -1
    outer loop
      vertex -20 -34.641 -2.5
      vertex -24.9923 -26.8824 -2.5
      vertex -23.9558 -25.4558 -2.5
    endloop
  endfacet
  facet normal 0 0 -1
    outer loop
      vertex -26.7652 -29.7258 -2.5
      vertex -24.9923 -26.8824 -2.5
      vertex -20 -34.641 -2.5
    endloop
  endfacet
  facet normal 0 0 -1
    outer loop
      vertex -29.6769 -18 -2.5
      vertex -26.6694 -26.3375 -2.5
      vertex -26.7652 -29.7258 -2.5
    endloop
  endfacet
  facet normal 0 0 -1
    outer loop
      vertex -26.6694 -26.3375 -2.5
      vertex -29.6769 -18 -2.5
      vertex -26.6694 -24.5742 -2.5
    endloop
  endfacet
  facet normal 0 0 -1
    outer loop
      vertex -29.6769 18 -2.5
      vertex -24.9923 24.0293 -2.5
      vertex -29.6769 -18 -2.5
    endloop
  endfacet
  facet normal -0 0 -1
    outer loop
      vertex -24.9923 -26.8824 -2.5
      vertex -26.7652 -29.7258 -2.5
      vertex -26.6694 -26.3375 -2.5
    endloop
  endfacet
  facet normal 0 0 -1
    outer loop
      vertex -8.85396 33.3467 -2.5
      vertex 0.463525 34.5734 -2.5
      vertex -8.85396 -33.3467 -2.5
    endloop
  endfacet
  facet normal -0 0 -1
    outer loop
      vertex 0.463525 34.5734 -2.5
      vertex -8.85396 33.3467 -2.5
      vertex -7.81748 34.7733 -2.5
    endloop
  endfacet
  facet normal 0 0 -1
    outer loop
      vertex -16.5 -31.1769 -2.5
      vertex -8.85396 -33.3467 -2.5
      vertex -10.531 -33.8917 -2.5
    endloop
  endfacet
  facet normal 0 0 -1
    outer loop
      vertex -17.5365 -29.7503 -2.5
      vertex -8.85396 -33.3467 -2.5
      vertex -16.5 -31.1769 -2.5
    endloop
  endfacet
  facet normal -0 0 -1
    outer loop
      vertex -1.21352 36.8817 -2.5
      vertex -7.81748 34.7733 -2.5
      vertex -4.18114 39.7809 -2.5
    endloop
  endfacet
  facet normal 0 0 -1
    outer loop
      vertex -8.85396 36.1999 -2.5
      vertex -4.18114 39.7809 -2.5
      vertex -7.81748 34.7733 -2.5
    endloop
  endfacet
  facet normal 0 0 -1
    outer loop
      vertex -12.3607 38.0423 -2.5
      vertex -8.85396 36.1999 -2.5
      vertex -10.531 35.655 -2.5
    endloop
  endfacet
  facet normal 0 0 -1
    outer loop
      vertex -8.85396 36.1999 -2.5
      vertex -12.3607 38.0423 -2.5
      vertex -4.18114 39.7809 -2.5
    endloop
  endfacet
  facet normal 0 0 -1
    outer loop
      vertex -10.531 33.8917 -2.5
      vertex -12.3607 38.0423 -2.5
      vertex -10.531 35.655 -2.5
    endloop
  endfacet
  facet normal -0 0 -1
    outer loop
      vertex -8.85396 33.3467 -2.5
      vertex -16.5 31.1769 -2.5
      vertex -10.531 33.8917 -2.5
    endloop
  endfacet
  facet normal 0 0 -1
    outer loop
      vertex -12.3607 -38.0423 -2.5
      vertex -17.5365 -32.6035 -2.5
      vertex -16.5 -31.1769 -2.5
    endloop
  endfacet
  facet normal 0 0 -1
    outer loop
      vertex -20 -34.641 -2.5
      vertex -17.5365 -32.6035 -2.5
      vertex -12.3607 -38.0423 -2.5
    endloop
  endfacet
  facet normal 0 0 -1
    outer loop
      vertex -23.9558 -25.4558 -2.5
      vertex -19.2135 -32.0586 -2.5
      vertex -20 -34.641 -2.5
    endloop
  endfacet
  facet normal 0 0 -1
    outer loop
      vertex -19.2135 -32.0586 -2.5
      vertex -23.9558 -25.4558 -2.5
      vertex -19.2135 -30.2952 -2.5
    endloop
  endfacet
  facet normal 0 0 -1
    outer loop
      vertex -17.5365 -29.7503 -2.5
      vertex -24.9923 -24.0293 -2.5
      vertex -17.5365 29.7503 -2.5
    endloop
  endfacet
  facet normal -0 0 -1
    outer loop
      vertex -17.5365 -32.6035 -2.5
      vertex -20 -34.641 -2.5
      vertex -19.2135 -32.0586 -2.5
    endloop
  endfacet
  facet normal 0 0 -1
    outer loop
      vertex 9.78101 33.3467 -2.5
      vertex 0.463525 34.5734 -2.5
      vertex 8.10396 33.8917 -2.5
    endloop
  endfacet
  facet normal 0 0 -1
    outer loop
      vertex 8.10396 33.8917 -2.5
      vertex 0.463525 34.5734 -2.5
      vertex 1.5 36 -2.5
    endloop
  endfacet
  facet normal 0 0 -1
    outer loop
      vertex -8.85396 -33.3467 -2.5
      vertex -1.21352 -35.1183 -2.5
      vertex -7.81748 -34.7733 -2.5
    endloop
  endfacet
  facet normal 0 0 -1
    outer loop
      vertex -1.21352 -35.1183 -2.5
      vertex -8.85396 -33.3467 -2.5
      vertex 0.463525 -34.5734 -2.5
    endloop
  endfacet
  facet normal 0 0 -1
    outer loop
      vertex 8.10396 35.655 -2.5
      vertex 1.5 36 -2.5
      vertex 4.18114 39.7809 -2.5
    endloop
  endfacet
  facet normal 0 0 -1
    outer loop
      vertex 0.463525 37.4266 -2.5
      vertex 4.18114 39.7809 -2.5
      vertex 1.5 36 -2.5
    endloop
  endfacet
  facet normal 0 0 -1
    outer loop
      vertex -4.18114 39.7809 -2.5
      vertex 0.463525 37.4266 -2.5
      vertex -1.21352 36.8817 -2.5
    endloop
  endfacet
  facet normal 0 0 -1
    outer loop
      vertex 0.463525 37.4266 -2.5
      vertex -4.18114 39.7809 -2.5
      vertex 4.18114 39.7809 -2.5
    endloop
  endfacet
  facet normal 0 0 -1
    outer loop
      vertex -7.81748 34.7733 -2.5
      vertex -1.21352 36.8817 -2.5
      vertex -1.21352 35.1183 -2.5
    endloop
  endfacet
  facet normal 0 0 -1
    outer loop
      vertex 0.463525 34.5734 -2.5
      vertex -7.81748 34.7733 -2.5
      vertex -1.21352 35.1183 -2.5
    endloop
  endfacet
  facet normal 0 0 -1
    outer loop
      vertex -4.18114 -39.7809 -2.5
      vertex -8.85396 -36.1999 -2.5
      vertex -7.81748 -34.7733 -2.5
    endloop
  endfacet
  facet normal 0 0 -1
    outer loop
      vertex -12.3607 -38.0423 -2.5
      vertex -8.85396 -36.1999 -2.5
      vertex -4.18114 -39.7809 -2.5
    endloop
  endfacet
  facet normal 0 0 -1
    outer loop
      vertex -12.3607 -38.0423 -2.5
      vertex -10.531 -33.8917 -2.5
      vertex -10.531 -35.655 -2.5
    endloop
  endfacet
  facet normal 0 0 -1
    outer loop
      vertex -16.5 -31.1769 -2.5
      vertex -10.531 -33.8917 -2.5
      vertex -12.3607 -38.0423 -2.5
    endloop
  endfacet
  facet normal 0 0 -1
    outer loop
      vertex -8.85396 -33.3467 -2.5
      vertex -17.5365 -29.7503 -2.5
      vertex -8.85396 33.3467 -2.5
    endloop
  endfacet
  facet normal -0 0 -1
    outer loop
      vertex -8.85396 -36.1999 -2.5
      vertex -12.3607 -38.0423 -2.5
      vertex -10.531 -35.655 -2.5
    endloop
  endfacet
  facet normal 0 0 -1
    outer loop
      vertex -8.85396 -33.3467 -2.5
      vertex 24.2423 24.5742 -2.5
      vertex 0.463525 -34.5734 -2.5
    endloop
  endfacet
  facet normal 0 0 -1
    outer loop
      vertex 16.7865 30.2952 -2.5
      vertex 9.78101 33.3467 -2.5
      vertex 10.8175 34.7733 -2.5
    endloop
  endfacet
  facet normal 0 0 -1
    outer loop
      vertex 0.463525 -34.5734 -2.5
      vertex 9.78101 -33.3467 -2.5
      vertex 8.10396 -33.8917 -2.5
    endloop
  endfacet
  facet normal 0 0 -1
    outer loop
      vertex 24.2423 24.5742 -2.5
      vertex 0.463525 34.5734 -2.5
      vertex 16.7865 30.2952 -2.5
    endloop
  endfacet
  facet normal 0 0 -1
    outer loop
      vertex 16.7865 32.0586 -2.5
      vertex 10.8175 34.7733 -2.5
      vertex 12.3607 38.0423 -2.5
    endloop
  endfacet
  facet normal 0 0 -1
    outer loop
      vertex 9.78101 36.1999 -2.5
      vertex 12.3607 38.0423 -2.5
      vertex 10.8175 34.7733 -2.5
    endloop
  endfacet
  facet normal 0 0 -1
    outer loop
      vertex 4.18114 39.7809 -2.5
      vertex 9.78101 36.1999 -2.5
      vertex 8.10396 35.655 -2.5
    endloop
  endfacet
  facet normal 0 0 -1
    outer loop
      vertex 9.78101 36.1999 -2.5
      vertex 4.18114 39.7809 -2.5
      vertex 12.3607 38.0423 -2.5
    endloop
  endfacet
  facet normal 0 0 -1
    outer loop
      vertex 1.5 36 -2.5
      vertex 8.10396 35.655 -2.5
      vertex 8.10396 33.8917 -2.5
    endloop
  endfacet
  facet normal 0 0 -1
    outer loop
      vertex 16.7865 30.2952 -2.5
      vertex 0.463525 34.5734 -2.5
      vertex 9.78101 33.3467 -2.5
    endloop
  endfacet
  facet normal 0 0 -1
    outer loop
      vertex 4.18114 -39.7809 -2.5
      vertex 0.463525 -37.4266 -2.5
      vertex 1.5 -36 -2.5
    endloop
  endfacet
  facet normal 0 0 -1
    outer loop
      vertex -4.18114 -39.7809 -2.5
      vertex 0.463525 -37.4266 -2.5
      vertex 4.18114 -39.7809 -2.5
    endloop
  endfacet
  facet normal 0 0 -1
    outer loop
      vertex -7.81748 -34.7733 -2.5
      vertex -1.21352 -36.8817 -2.5
      vertex -4.18114 -39.7809 -2.5
    endloop
  endfacet
  facet normal 0 0 -1
    outer loop
      vertex -1.21352 -36.8817 -2.5
      vertex -7.81748 -34.7733 -2.5
      vertex -1.21352 -35.1183 -2.5
    endloop
  endfacet
  facet normal -0 0 -1
    outer loop
      vertex 24.2423 24.5742 -2.5
      vertex -8.85396 -33.3467 -2.5
      vertex 0.463525 34.5734 -2.5
    endloop
  endfacet
  facet normal -0 0 -1
    outer loop
      vertex 0.463525 -37.4266 -2.5
      vertex -4.18114 -39.7809 -2.5
      vertex -1.21352 -36.8817 -2.5
    endloop
  endfacet
  facet normal 0 0 -1
    outer loop
      vertex 0.463525 -34.5734 -2.5
      vertex 24.2423 -24.5742 -2.5
      vertex 16.7865 -30.2952 -2.5
    endloop
  endfacet
  facet normal 0 0 -1
    outer loop
      vertex 24.2423 24.5742 -2.5
      vertex 18.4635 29.7503 -2.5
      vertex 19.5 31.1769 -2.5
    endloop
  endfacet
  facet normal -0 0 -1
    outer loop
      vertex 24.2423 -24.5742 -2.5
      vertex 0.463525 -34.5734 -2.5
      vertex 24.2423 24.5742 -2.5
    endloop
  endfacet
  facet normal 0 0 -1
    outer loop
      vertex 24.2423 24.5742 -2.5
      vertex 16.7865 30.2952 -2.5
      vertex 18.4635 29.7503 -2.5
    endloop
  endfacet
  facet normal 0 0 -1
    outer loop
      vertex 26.7652 29.7258 -2.5
      vertex 19.5 31.1769 -2.5
      vertex 20 34.641 -2.5
    endloop
  endfacet
  facet normal 0 0 -1
    outer loop
      vertex 18.4635 32.6035 -2.5
      vertex 20 34.641 -2.5
      vertex 19.5 31.1769 -2.5
    endloop
  endfacet
  facet normal 0 0 -1
    outer loop
      vertex 16.7865 32.0586 -2.5
      vertex 20 34.641 -2.5
      vertex 18.4635 32.6035 -2.5
    endloop
  endfacet
  facet normal 0 0 -1
    outer loop
      vertex 16.7865 32.0586 -2.5
      vertex 12.3607 38.0423 -2.5
      vertex 20 34.641 -2.5
    endloop
  endfacet
  facet normal 0 0 -1
    outer loop
      vertex 10.8175 34.7733 -2.5
      vertex 16.7865 32.0586 -2.5
      vertex 16.7865 30.2952 -2.5
    endloop
  endfacet
  facet normal 0 0 -1
    outer loop
      vertex 0.463525 -34.5734 -2.5
      vertex 16.7865 -30.2952 -2.5
      vertex 9.78101 -33.3467 -2.5
    endloop
  endfacet
  facet normal 0 0 -1
    outer loop
      vertex 12.3607 -38.0423 -2.5
      vertex 9.78101 -36.1999 -2.5
      vertex 10.8175 -34.7733 -2.5
    endloop
  endfacet
  facet normal 0 0 -1
    outer loop
      vertex 4.18114 -39.7809 -2.5
      vertex 9.78101 -36.1999 -2.5
      vertex 12.3607 -38.0423 -2.5
    endloop
  endfacet
  facet normal 0 0 -1
    outer loop
      vertex 1.5 -36 -2.5
      vertex 8.10396 -35.655 -2.5
      vertex 4.18114 -39.7809 -2.5
    endloop
  endfacet
  facet normal -0 0 -1
    outer loop
      vertex 8.10396 -35.655 -2.5
      vertex 1.5 -36 -2.5
      vertex 8.10396 -33.8917 -2.5
    endloop
  endfacet
  facet normal 0 0 -1
    outer loop
      vertex 0.463525 -34.5734 -2.5
      vertex 8.10396 -33.8917 -2.5
      vertex 1.5 -36 -2.5
    endloop
  endfacet
  facet normal -0 0 -1
    outer loop
      vertex 9.78101 -36.1999 -2.5
      vertex 4.18114 -39.7809 -2.5
      vertex 8.10396 -35.655 -2.5
    endloop
  endfacet
  facet normal -0 0 -1
    outer loop
      vertex 29.9634 -17.1183 -2.5
      vertex 24.2423 -24.5742 -2.5
      vertex 29.9634 17.1183 -2.5
    endloop
  endfacet
  facet normal 0 0 -1
    outer loop
      vertex 29.9634 17.1183 -2.5
      vertex 25.9194 24.0293 -2.5
      vertex 26.9558 25.4558 -2.5
    endloop
  endfacet
  facet normal 0 0 -1
    outer loop
      vertex 24.2423 24.5742 -2.5
      vertex 29.9634 17.1183 -2.5
      vertex 24.2423 -24.5742 -2.5
    endloop
  endfacet
  facet normal 0 0 -1
    outer loop
      vertex 29.9634 17.1183 -2.5
      vertex 24.2423 24.5742 -2.5
      vertex 25.9194 24.0293 -2.5
    endloop
  endfacet
  facet normal -0 0 -1
    outer loop
      vertex 33.5598 -8.43581 -2.5
      vertex 29.9634 -17.1183 -2.5
      vertex 33.5598 8.43581 -2.5
    endloop
  endfacet
  facet normal 0 0 -1
    outer loop
      vertex 33.5598 8.43581 -2.5
      vertex 31.6404 16.5734 -2.5
      vertex 32.6769 18 -2.5
    endloop
  endfacet
  facet normal 0 0 -1
    outer loop
      vertex 29.9634 17.1183 -2.5
      vertex 33.5598 8.43581 -2.5
      vertex 29.9634 -17.1183 -2.5
    endloop
  endfacet
  facet normal 0 0 -1
    outer loop
      vertex 33.5598 8.43581 -2.5
      vertex 29.9634 17.1183 -2.5
      vertex 31.6404 16.5734 -2.5
    endloop
  endfacet
  facet normal -0 0 -1
    outer loop
      vertex 39.1259 8.31647 -2.5
      vertex 35.2369 7.8909 -2.5
      vertex 36.2733 9.31748 -2.5
    endloop
  endfacet
  facet normal 0 0 -1
    outer loop
      vertex 34.7865 0.881678 -2.5
      vertex 35.2369 7.8909 -2.5
      vertex 36.4635 1.42658 -2.5
    endloop
  endfacet
  facet normal 0 0 -1
    outer loop
      vertex 33.5598 8.43581 -2.5
      vertex 34.7865 0.881678 -2.5
      vertex 33.5598 -8.43581 -2.5
    endloop
  endfacet
  facet normal 0 0 -1
    outer loop
      vertex 34.7865 0.881678 -2.5
      vertex 33.5598 8.43581 -2.5
      vertex 35.2369 7.8909 -2.5
    endloop
  endfacet
  facet normal 0 0 -1
    outer loop
      vertex 36.4635 -1.42658 -2.5
      vertex 40 0 -2.5
      vertex 39.1259 -8.31647 -2.5
    endloop
  endfacet
  facet normal 0 0 -1
    outer loop
      vertex 36.4635 1.42658 -2.5
      vertex 40 0 -2.5
      vertex 37.5 0 -2.5
    endloop
  endfacet
  facet normal 0 0 -1
    outer loop
      vertex 35.2369 -10.7441 -2.5
      vertex 39.1259 -8.31647 -2.5
      vertex 36.5418 -16.2695 -2.5
    endloop
  endfacet
  facet normal 0 0 -1
    outer loop
      vertex 35.2369 -7.8909 -2.5
      vertex 39.1259 -8.31647 -2.5
      vertex 36.2733 -9.31748 -2.5
    endloop
  endfacet
  facet normal -0 0 -1
    outer loop
      vertex 40 0 -2.5
      vertex 36.4635 -1.42658 -2.5
      vertex 37.5 0 -2.5
    endloop
  endfacet
  facet normal 0 0 -1
    outer loop
      vertex 39.1259 -8.31647 -2.5
      vertex 35.2369 -10.7441 -2.5
      vertex 36.2733 -9.31748 -2.5
    endloop
  endfacet
  facet normal 0 0 -1
    outer loop
      vertex 31.6404 -16.5734 -2.5
      vertex 36.5418 -16.2695 -2.5
      vertex 32.6769 -18 -2.5
    endloop
  endfacet
  facet normal -0 0 -1
    outer loop
      vertex 35.2369 -10.7441 -2.5
      vertex 31.6404 -16.5734 -2.5
      vertex 33.5598 -10.1992 -2.5
    endloop
  endfacet
  facet normal 0 0 -1
    outer loop
      vertex 29.9634 -17.1183 -2.5
      vertex 33.5598 -10.1992 -2.5
      vertex 31.6404 -16.5734 -2.5
    endloop
  endfacet
  facet normal -0 0 -1
    outer loop
      vertex 33.5598 -10.1992 -2.5
      vertex 29.9634 -17.1183 -2.5
      vertex 33.5598 -8.43581 -2.5
    endloop
  endfacet
  facet normal -0 0 -1
    outer loop
      vertex 36.5418 -16.2695 -2.5
      vertex 31.6404 -16.5734 -2.5
      vertex 35.2369 -10.7441 -2.5
    endloop
  endfacet
  facet normal 0 0 -1
    outer loop
      vertex 32.3607 -23.5114 -2.5
      vertex 32.6769 -18 -2.5
      vertex 36.5418 -16.2695 -2.5
    endloop
  endfacet
  facet normal 0 0 -1
    outer loop
      vertex 32.3607 -23.5114 -2.5
      vertex 31.6404 -19.4266 -2.5
      vertex 32.6769 -18 -2.5
    endloop
  endfacet
  facet normal 0 0 -1
    outer loop
      vertex 32.3607 -23.5114 -2.5
      vertex 29.9634 -18.8817 -2.5
      vertex 31.6404 -19.4266 -2.5
    endloop
  endfacet
  facet normal -0 0 -1
    outer loop
      vertex 32.3607 -23.5114 -2.5
      vertex 25.9194 -24.0293 -2.5
      vertex 29.9634 -18.8817 -2.5
    endloop
  endfacet
  facet normal -0 0 -1
    outer loop
      vertex 29.9634 -18.8817 -2.5
      vertex 25.9194 -24.0293 -2.5
      vertex 29.9634 -17.1183 -2.5
    endloop
  endfacet
  facet normal 0 0 -1
    outer loop
      vertex 24.2423 -24.5742 -2.5
      vertex 29.9634 -17.1183 -2.5
      vertex 25.9194 -24.0293 -2.5
    endloop
  endfacet
  facet normal 0 0 -1
    outer loop
      vertex 25.9194 -24.0293 -2.5
      vertex 32.3607 -23.5114 -2.5
      vertex 26.9558 -25.4558 -2.5
    endloop
  endfacet
  facet normal 0 0 -1
    outer loop
      vertex 26.7652 -29.7258 -2.5
      vertex 26.9558 -25.4558 -2.5
      vertex 32.3607 -23.5114 -2.5
    endloop
  endfacet
  facet normal 0 0 -1
    outer loop
      vertex 26.7652 -29.7258 -2.5
      vertex 25.9194 -26.8824 -2.5
      vertex 26.9558 -25.4558 -2.5
    endloop
  endfacet
  facet normal 0 0 -1
    outer loop
      vertex 26.7652 -29.7258 -2.5
      vertex 24.2423 -26.3375 -2.5
      vertex 25.9194 -26.8824 -2.5
    endloop
  endfacet
  facet normal 0 0 -1
    outer loop
      vertex 18.4635 -29.7503 -2.5
      vertex 24.2423 -26.3375 -2.5
      vertex 19.5 -31.1769 -2.5
    endloop
  endfacet
  facet normal -0 0 -1
    outer loop
      vertex 24.2423 -26.3375 -2.5
      vertex 18.4635 -29.7503 -2.5
      vertex 24.2423 -24.5742 -2.5
    endloop
  endfacet
  facet normal -0 0 -1
    outer loop
      vertex 26.7652 -29.7258 -2.5
      vertex 19.5 -31.1769 -2.5
      vertex 24.2423 -26.3375 -2.5
    endloop
  endfacet
  facet normal 0 0 -1
    outer loop
      vertex 19.5 -31.1769 -2.5
      vertex 26.7652 -29.7258 -2.5
      vertex 20 -34.641 -2.5
    endloop
  endfacet
  facet normal 0 0 -1
    outer loop
      vertex 40 0 -2.5
      vertex 36.4635 1.42658 -2.5
      vertex 39.1259 8.31647 -2.5
    endloop
  endfacet
  facet normal 0 0 -1
    outer loop
      vertex 35.2369 7.8909 -2.5
      vertex 39.1259 8.31647 -2.5
      vertex 36.4635 1.42658 -2.5
    endloop
  endfacet
  facet normal 0 0 -1
    outer loop
      vertex 35.2369 10.7441 -2.5
      vertex 39.1259 8.31647 -2.5
      vertex 36.2733 9.31748 -2.5
    endloop
  endfacet
  facet normal 0 0 -1
    outer loop
      vertex 39.1259 8.31647 -2.5
      vertex 35.2369 10.7441 -2.5
      vertex 36.5418 16.2695 -2.5
    endloop
  endfacet
  facet normal 0 0 -1
    outer loop
      vertex 32.6769 18 -2.5
      vertex 35.2369 10.7441 -2.5
      vertex 33.5598 10.1992 -2.5
    endloop
  endfacet
  facet normal 0 0 -1
    outer loop
      vertex 33.5598 8.43581 -2.5
      vertex 32.6769 18 -2.5
      vertex 33.5598 10.1992 -2.5
    endloop
  endfacet
  facet normal 0 0 -1
    outer loop
      vertex 35.2369 10.7441 -2.5
      vertex 32.6769 18 -2.5
      vertex 36.5418 16.2695 -2.5
    endloop
  endfacet
  facet normal 0 0 -1
    outer loop
      vertex 32.6769 18 -2.5
      vertex 32.3607 23.5114 -2.5
      vertex 36.5418 16.2695 -2.5
    endloop
  endfacet
  facet normal 0 0 -1
    outer loop
      vertex 31.6404 19.4266 -2.5
      vertex 32.3607 23.5114 -2.5
      vertex 32.6769 18 -2.5
    endloop
  endfacet
  facet normal 0 0 -1
    outer loop
      vertex 29.9634 18.8817 -2.5
      vertex 32.3607 23.5114 -2.5
      vertex 31.6404 19.4266 -2.5
    endloop
  endfacet
  facet normal 0 0 -1
    outer loop
      vertex 29.9634 17.1183 -2.5
      vertex 26.9558 25.4558 -2.5
      vertex 29.9634 18.8817 -2.5
    endloop
  endfacet
  facet normal 0 0 -1
    outer loop
      vertex 26.9558 25.4558 -2.5
      vertex 32.3607 23.5114 -2.5
      vertex 29.9634 18.8817 -2.5
    endloop
  endfacet
  facet normal 0 0 -1
    outer loop
      vertex 26.9558 25.4558 -2.5
      vertex 26.7652 29.7258 -2.5
      vertex 32.3607 23.5114 -2.5
    endloop
  endfacet
  facet normal 0 0 -1
    outer loop
      vertex 25.9194 26.8824 -2.5
      vertex 26.7652 29.7258 -2.5
      vertex 26.9558 25.4558 -2.5
    endloop
  endfacet
  facet normal 0 0 -1
    outer loop
      vertex 24.2423 26.3375 -2.5
      vertex 26.7652 29.7258 -2.5
      vertex 25.9194 26.8824 -2.5
    endloop
  endfacet
  facet normal 0 0 -1
    outer loop
      vertex 19.5 31.1769 -2.5
      vertex 26.7652 29.7258 -2.5
      vertex 24.2423 26.3375 -2.5
    endloop
  endfacet
  facet normal 0 0 -1
    outer loop
      vertex 16.7865 -30.2952 -2.5
      vertex 24.2423 -24.5742 -2.5
      vertex 18.4635 -29.7503 -2.5
    endloop
  endfacet
  facet normal 0 0 -1
    outer loop
      vertex 19.5 31.1769 -2.5
      vertex 24.2423 26.3375 -2.5
      vertex 24.2423 24.5742 -2.5
    endloop
  endfacet
  facet normal 0 0 -1
    outer loop
      vertex 20 -34.641 -2.5
      vertex 18.4635 -32.6035 -2.5
      vertex 19.5 -31.1769 -2.5
    endloop
  endfacet
  facet normal 0 0 -1
    outer loop
      vertex 20 -34.641 -2.5
      vertex 16.7865 -32.0586 -2.5
      vertex 18.4635 -32.6035 -2.5
    endloop
  endfacet
  facet normal 0 0 -1
    outer loop
      vertex 10.8175 -34.7733 -2.5
      vertex 16.7865 -32.0586 -2.5
      vertex 12.3607 -38.0423 -2.5
    endloop
  endfacet
  facet normal 0 0 -1
    outer loop
      vertex 9.78101 -33.3467 -2.5
      vertex 16.7865 -32.0586 -2.5
      vertex 10.8175 -34.7733 -2.5
    endloop
  endfacet
  facet normal -0 0 -1
    outer loop
      vertex 16.7865 -32.0586 -2.5
      vertex 9.78101 -33.3467 -2.5
      vertex 16.7865 -30.2952 -2.5
    endloop
  endfacet
  facet normal 0 0 -1
    outer loop
      vertex 12.3607 -38.0423 -2.5
      vertex 16.7865 -32.0586 -2.5
      vertex 20 -34.641 -2.5
    endloop
  endfacet
  facet normal 0 0 -1
    outer loop
      vertex 39.1259 -8.31647 -2.5
      vertex 35.2369 -7.8909 -2.5
      vertex 36.4635 -1.42658 -2.5
    endloop
  endfacet
  facet normal 0 0 -1
    outer loop
      vertex 35.2369 -7.8909 -2.5
      vertex 34.7865 -0.881678 -2.5
      vertex 36.4635 -1.42658 -2.5
    endloop
  endfacet
  facet normal -0 0 -1
    outer loop
      vertex 34.7865 -0.881678 -2.5
      vertex 33.5598 -8.43581 -2.5
      vertex 34.7865 0.881678 -2.5
    endloop
  endfacet
  facet normal 0 0 -1
    outer loop
      vertex 33.5598 -8.43581 -2.5
      vertex 34.7865 -0.881678 -2.5
      vertex 35.2369 -7.8909 -2.5
    endloop
  endfacet
  facet normal -0.951056 -0.309017 0
    outer loop
      vertex -36.5418 -16.2695 -2.5
      vertex -39.1259 -8.31647 8.5
      vertex -39.1259 -8.31647 -2.5
    endloop
  endfacet
  facet normal -0.951056 -0.309017 0
    outer loop
      vertex -39.1259 -8.31647 8.5
      vertex -36.5418 -16.2695 -2.5
      vertex -36.5418 -16.2695 8.5
    endloop
  endfacet
  facet normal -0.406743 0.913543 0
    outer loop
      vertex -12.3607 38.0423 -2.5
      vertex -20 34.641 8.5
      vertex -12.3607 38.0423 8.5
    endloop
  endfacet
  facet normal -0.406743 0.913543 0
    outer loop
      vertex -20 34.641 8.5
      vertex -12.3607 38.0423 -2.5
      vertex -20 34.641 -2.5
    endloop
  endfacet
  facet normal 0 0 1
    outer loop
      vertex 24.4537 5.19779 0
      vertex 24.4537 -5.19779 0
      vertex 25 0 0
    endloop
  endfacet
  facet normal 0 0 1
    outer loop
      vertex 22.8386 10.1684 0
      vertex 24.4537 -5.19779 0
      vertex 24.4537 5.19779 0
    endloop
  endfacet
  facet normal 0 0 1
    outer loop
      vertex 22.8386 10.1684 0
      vertex 22.8386 -10.1684 0
      vertex 24.4537 -5.19779 0
    endloop
  endfacet
  facet normal 0 0 1
    outer loop
      vertex 20.2254 14.6946 0
      vertex 22.8386 -10.1684 0
      vertex 22.8386 10.1684 0
    endloop
  endfacet
  facet normal 0 0 1
    outer loop
      vertex 20.2254 14.6946 0
      vertex 20.2254 -14.6946 0
      vertex 22.8386 -10.1684 0
    endloop
  endfacet
  facet normal 0 0 1
    outer loop
      vertex 16.7283 18.5786 0
      vertex 20.2254 -14.6946 0
      vertex 20.2254 14.6946 0
    endloop
  endfacet
  facet normal 0 0 1
    outer loop
      vertex 16.7283 18.5786 0
      vertex 16.7283 -18.5786 0
      vertex 20.2254 -14.6946 0
    endloop
  endfacet
  facet normal 0 0 1
    outer loop
      vertex 12.5 21.6506 0
      vertex 16.7283 -18.5786 0
      vertex 16.7283 18.5786 0
    endloop
  endfacet
  facet normal 0 0 1
    outer loop
      vertex 12.5 21.6506 0
      vertex 12.5 -21.6506 0
      vertex 16.7283 -18.5786 0
    endloop
  endfacet
  facet normal 0 0 1
    outer loop
      vertex 7.72542 23.7764 0
      vertex 12.5 -21.6506 0
      vertex 12.5 21.6506 0
    endloop
  endfacet
  facet normal 0 0 1
    outer loop
      vertex 7.72542 23.7764 0
      vertex 7.72542 -23.7764 0
      vertex 12.5 -21.6506 0
    endloop
  endfacet
  facet normal 0 0 1
    outer loop
      vertex 2.61321 24.863 0
      vertex 7.72542 -23.7764 0
      vertex 7.72542 23.7764 0
    endloop
  endfacet
  facet normal 0 0 1
    outer loop
      vertex 2.61321 24.863 0
      vertex 2.61321 -24.863 0
      vertex 7.72542 -23.7764 0
    endloop
  endfacet
  facet normal -0 0 1
    outer loop
      vertex -2.61321 24.863 0
      vertex 2.61321 -24.863 0
      vertex 2.61321 24.863 0
    endloop
  endfacet
  facet normal 0 0 1
    outer loop
      vertex -2.61321 24.863 0
      vertex -2.61321 -24.863 0
      vertex 2.61321 -24.863 0
    endloop
  endfacet
  facet normal -0 0 1
    outer loop
      vertex -7.72542 23.7764 0
      vertex -2.61321 -24.863 0
      vertex -2.61321 24.863 0
    endloop
  endfacet
  facet normal 0 0 1
    outer loop
      vertex -7.72542 23.7764 0
      vertex -7.72542 -23.7764 0
      vertex -2.61321 -24.863 0
    endloop
  endfacet
  facet normal -0 0 1
    outer loop
      vertex -12.5 21.6506 0
      vertex -7.72542 -23.7764 0
      vertex -7.72542 23.7764 0
    endloop
  endfacet
  facet normal 0 0 1
    outer loop
      vertex -12.5 21.6506 0
      vertex -12.5 -21.6506 0
      vertex -7.72542 -23.7764 0
    endloop
  endfacet
  facet normal -0 0 1
    outer loop
      vertex -16.7283 18.5786 0
      vertex -12.5 -21.6506 0
      vertex -12.5 21.6506 0
    endloop
  endfacet
  facet normal 0 0 1
    outer loop
      vertex -16.7283 18.5786 0
      vertex -16.7283 -18.5786 0
      vertex -12.5 -21.6506 0
    endloop
  endfacet
  facet normal -0 0 1
    outer loop
      vertex -20.2254 14.6946 0
      vertex -16.7283 -18.5786 0
      vertex -16.7283 18.5786 0
    endloop
  endfacet
  facet normal 0 0 1
    outer loop
      vertex -20.2254 14.6946 0
      vertex -20.2254 -14.6946 0
      vertex -16.7283 -18.5786 0
    endloop
  endfacet
  facet normal -0 0 1
    outer loop
      vertex -22.8386 10.1684 0
      vertex -20.2254 -14.6946 0
      vertex -20.2254 14.6946 0
    endloop
  endfacet
  facet normal 0 0 1
    outer loop
      vertex -22.8386 10.1684 0
      vertex -22.8386 -10.1684 0
      vertex -20.2254 -14.6946 0
    endloop
  endfacet
  facet normal -0 0 1
    outer loop
      vertex -24.4537 5.19779 0
      vertex -22.8386 -10.1684 0
      vertex -22.8386 10.1684 0
    endloop
  endfacet
  facet normal 0 0 1
    outer loop
      vertex -24.4537 5.19779 0
      vertex -24.4537 -5.19779 0
      vertex -22.8386 -10.1684 0
    endloop
  endfacet
  facet normal 0 -0 1
    outer loop
      vertex -24.4537 -5.19779 0
      vertex -24.4537 5.19779 0
      vertex -25 0 0
    endloop
  endfacet
  facet normal -0.207909 -0.978148 0
    outer loop
      vertex -12.3607 -38.0423 -2.5
      vertex -4.18114 -39.7809 8.5
      vertex -12.3607 -38.0423 8.5
    endloop
  endfacet
  facet normal -0.207909 -0.978148 -0
    outer loop
      vertex -4.18114 -39.7809 8.5
      vertex -12.3607 -38.0423 -2.5
      vertex -4.18114 -39.7809 -2.5
    endloop
  endfacet
  facet normal 0.207909 0.978148 -0
    outer loop
      vertex 12.3607 38.0423 -2.5
      vertex 4.18114 39.7809 8.5
      vertex 12.3607 38.0423 8.5
    endloop
  endfacet
  facet normal 0.207909 0.978148 0
    outer loop
      vertex 4.18114 39.7809 8.5
      vertex 12.3607 38.0423 -2.5
      vertex 4.18114 39.7809 -2.5
    endloop
  endfacet
  facet normal -0.994522 -0.104529 0
    outer loop
      vertex -39.1259 -8.31647 -2.5
      vertex -40 0 8.5
      vertex -40 0 -2.5
    endloop
  endfacet
  facet normal -0.994522 -0.104529 0
    outer loop
      vertex -40 0 8.5
      vertex -39.1259 -8.31647 -2.5
      vertex -39.1259 -8.31647 8.5
    endloop
  endfacet
  facet normal -0.994522 0.104529 0
    outer loop
      vertex -40 0 -2.5
      vertex -39.1259 8.31647 8.5
      vertex -39.1259 8.31647 -2.5
    endloop
  endfacet
  facet normal -0.994522 0.104529 0
    outer loop
      vertex -39.1259 8.31647 8.5
      vertex -40 0 -2.5
      vertex -40 0 8.5
    endloop
  endfacet
  facet normal -0.866026 -0.499999 0
    outer loop
      vertex -32.3607 -23.5114 -2.5
      vertex -36.5418 -16.2695 8.5
      vertex -36.5418 -16.2695 -2.5
    endloop
  endfacet
  facet normal -0.866026 -0.499999 0
    outer loop
      vertex -36.5418 -16.2695 8.5
      vertex -32.3607 -23.5114 -2.5
      vertex -32.3607 -23.5114 8.5
    endloop
  endfacet
  facet normal -0.866026 0.499999 0
    outer loop
      vertex -36.5418 16.2695 -2.5
      vertex -32.3607 23.5114 8.5
      vertex -32.3607 23.5114 -2.5
    endloop
  endfacet
  facet normal -0.866026 0.499999 0
    outer loop
      vertex -32.3607 23.5114 8.5
      vertex -36.5418 16.2695 -2.5
      vertex -36.5418 16.2695 8.5
    endloop
  endfacet
  facet normal 0.866026 -0.499999 0
    outer loop
      vertex 32.3607 -23.5114 8.5
      vertex 36.5418 -16.2695 -2.5
      vertex 36.5418 -16.2695 8.5
    endloop
  endfacet
  facet normal 0.866026 -0.499999 0
    outer loop
      vertex 36.5418 -16.2695 -2.5
      vertex 32.3607 -23.5114 8.5
      vertex 32.3607 -23.5114 -2.5
    endloop
  endfacet
  facet normal 0.587785 0.809017 -0
    outer loop
      vertex 26.7652 29.7258 -2.5
      vertex 20 34.641 8.5
      vertex 26.7652 29.7258 8.5
    endloop
  endfacet
  facet normal 0.587785 0.809017 0
    outer loop
      vertex 20 34.641 8.5
      vertex 26.7652 29.7258 -2.5
      vertex 20 34.641 -2.5
    endloop
  endfacet
  facet normal -0.587785 0.809017 0
    outer loop
      vertex -20 34.641 -2.5
      vertex -26.7652 29.7258 8.5
      vertex -20 34.641 8.5
    endloop
  endfacet
  facet normal -0.587785 0.809017 0
    outer loop
      vertex -26.7652 29.7258 8.5
      vertex -20 34.641 -2.5
      vertex -26.7652 29.7258 -2.5
    endloop
  endfacet
  facet normal -0.207909 0.978148 0
    outer loop
      vertex -4.18114 39.7809 -2.5
      vertex -12.3607 38.0423 8.5
      vertex -4.18114 39.7809 8.5
    endloop
  endfacet
  facet normal -0.207909 0.978148 0
    outer loop
      vertex -12.3607 38.0423 8.5
      vertex -4.18114 39.7809 -2.5
      vertex -12.3607 38.0423 -2.5
    endloop
  endfacet
  facet normal 0 -1 0
    outer loop
      vertex -4.18114 -39.7809 -2.5
      vertex 4.18114 -39.7809 8.5
      vertex -4.18114 -39.7809 8.5
    endloop
  endfacet
  facet normal 0 -1 -0
    outer loop
      vertex 4.18114 -39.7809 8.5
      vertex -4.18114 -39.7809 -2.5
      vertex 4.18114 -39.7809 -2.5
    endloop
  endfacet
  facet normal 0 0 -1
    outer loop
      vertex 24.4537 -5.19779 6
      vertex 24.4537 5.19779 6
      vertex 25 0 6
    endloop
  endfacet
  facet normal 0 0 -1
    outer loop
      vertex 22.8386 -10.1684 6
      vertex 24.4537 5.19779 6
      vertex 24.4537 -5.19779 6
    endloop
  endfacet
  facet normal 0 0 -1
    outer loop
      vertex 22.8386 -10.1684 6
      vertex 22.8386 10.1684 6
      vertex 24.4537 5.19779 6
    endloop
  endfacet
  facet normal 0 0 -1
    outer loop
      vertex 20.2254 -14.6946 6
      vertex 22.8386 10.1684 6
      vertex 22.8386 -10.1684 6
    endloop
  endfacet
  facet normal 0 0 -1
    outer loop
      vertex 20.2254 -14.6946 6
      vertex 20.2254 14.6946 6
      vertex 22.8386 10.1684 6
    endloop
  endfacet
  facet normal 0 0 -1
    outer loop
      vertex 16.7283 -18.5786 6
      vertex 20.2254 14.6946 6
      vertex 20.2254 -14.6946 6
    endloop
  endfacet
  facet normal 0 0 -1
    outer loop
      vertex 16.7283 -18.5786 6
      vertex 16.7283 18.5786 6
      vertex 20.2254 14.6946 6
    endloop
  endfacet
  facet normal 0 0 -1
    outer loop
      vertex 12.5 -21.6506 6
      vertex 16.7283 18.5786 6
      vertex 16.7283 -18.5786 6
    endloop
  endfacet
  facet normal 0 0 -1
    outer loop
      vertex 12.5 -21.6506 6
      vertex 12.5 21.6506 6
      vertex 16.7283 18.5786 6
    endloop
  endfacet
  facet normal 0 0 -1
    outer loop
      vertex 7.72542 -23.7764 6
      vertex 12.5 21.6506 6
      vertex 12.5 -21.6506 6
    endloop
  endfacet
  facet normal 0 0 -1
    outer loop
      vertex 7.72542 -23.7764 6
      vertex 7.72542 23.7764 6
      vertex 12.5 21.6506 6
    endloop
  endfacet
  facet normal 0 0 -1
    outer loop
      vertex 2.61321 -24.863 6
      vertex 7.72542 23.7764 6
      vertex 7.72542 -23.7764 6
    endloop
  endfacet
  facet normal 0 0 -1
    outer loop
      vertex 2.61321 -24.863 6
      vertex 2.61321 24.863 6
      vertex 7.72542 23.7764 6
    endloop
  endfacet
  facet normal 0 0 -1
    outer loop
      vertex -2.61321 -24.863 6
      vertex 2.61321 24.863 6
      vertex 2.61321 -24.863 6
    endloop
  endfacet
  facet normal 0 0 -1
    outer loop
      vertex -2.61321 -24.863 6
      vertex -2.61321 24.863 6
      vertex 2.61321 24.863 6
    endloop
  endfacet
  facet normal 0 0 -1
    outer loop
      vertex -7.72542 -23.7764 6
      vertex -2.61321 24.863 6
      vertex -2.61321 -24.863 6
    endloop
  endfacet
  facet normal 0 0 -1
    outer loop
      vertex -7.72542 -23.7764 6
      vertex -7.72542 23.7764 6
      vertex -2.61321 24.863 6
    endloop
  endfacet
  facet normal 0 0 -1
    outer loop
      vertex -12.5 -21.6506 6
      vertex -7.72542 23.7764 6
      vertex -7.72542 -23.7764 6
    endloop
  endfacet
  facet normal 0 0 -1
    outer loop
      vertex -12.5 -21.6506 6
      vertex -12.5 21.6506 6
      vertex -7.72542 23.7764 6
    endloop
  endfacet
  facet normal 0 0 -1
    outer loop
      vertex -16.7283 -18.5786 6
      vertex -12.5 21.6506 6
      vertex -12.5 -21.6506 6
    endloop
  endfacet
  facet normal 0 0 -1
    outer loop
      vertex -16.7283 -18.5786 6
      vertex -16.7283 18.5786 6
      vertex -12.5 21.6506 6
    endloop
  endfacet
  facet normal 0 0 -1
    outer loop
      vertex -20.2254 -14.6946 6
      vertex -16.7283 18.5786 6
      vertex -16.7283 -18.5786 6
    endloop
  endfacet
  facet normal 0 0 -1
    outer loop
      vertex -20.2254 -14.6946 6
      vertex -20.2254 14.6946 6
      vertex -16.7283 18.5786 6
    endloop
  endfacet
  facet normal 0 0 -1
    outer loop
      vertex -22.8386 -10.1684 6
      vertex -20.2254 14.6946 6
      vertex -20.2254 -14.6946 6
    endloop
  endfacet
  facet normal 0 0 -1
    outer loop
      vertex -22.8386 -10.1684 6
      vertex -22.8386 10.1684 6
      vertex -20.2254 14.6946 6
    endloop
  endfacet
  facet normal 0 0 -1
    outer loop
      vertex -24.4537 -5.19779 6
      vertex -22.8386 10.1684 6
      vertex -22.8386 -10.1684 6
    endloop
  endfacet
  facet normal 0 0 -1
    outer loop
      vertex -24.4537 -5.19779 6
      vertex -24.4537 5.19779 6
      vertex -22.8386 10.1684 6
    endloop
  endfacet
  facet normal 0 -0 -1
    outer loop
      vertex -24.4537 5.19779 6
      vertex -24.4537 -5.19779 6
      vertex -25 0 6
    endloop
  endfacet
  facet normal 0.40674 0.913544 -0
    outer loop
      vertex -7.72542 -23.7764 0
      vertex -12.5 -21.6506 6
      vertex -7.72542 -23.7764 6
    endloop
  endfacet
  facet normal 0.40674 0.913544 0
    outer loop
      vertex -12.5 -21.6506 6
      vertex -7.72542 -23.7764 0
      vertex -12.5 -21.6506 0
    endloop
  endfacet
  facet normal 0.951054 0.309026 0
    outer loop
      vertex -22.8386 -10.1684 6
      vertex -24.4537 -5.19779 0
      vertex -24.4537 -5.19779 6
    endloop
  endfacet
  facet normal 0.951054 0.309026 0
    outer loop
      vertex -24.4537 -5.19779 0
      vertex -22.8386 -10.1684 6
      vertex -22.8386 -10.1684 0
    endloop
  endfacet
  facet normal -0.951054 -0.309026 0
    outer loop
      vertex 24.4537 5.19779 0
      vertex 22.8386 10.1684 6
      vertex 22.8386 10.1684 0
    endloop
  endfacet
  facet normal -0.951054 -0.309026 0
    outer loop
      vertex 22.8386 10.1684 6
      vertex 24.4537 5.19779 0
      vertex 24.4537 5.19779 6
    endloop
  endfacet
  facet normal -0.994522 -0.104527 0
    outer loop
      vertex 25 0 0
      vertex 24.4537 5.19779 6
      vertex 24.4537 5.19779 0
    endloop
  endfacet
  facet normal -0.994522 -0.104527 0
    outer loop
      vertex 24.4537 5.19779 6
      vertex 25 0 0
      vertex 25 0 6
    endloop
  endfacet
  facet normal -0.866026 -0.5 0
    outer loop
      vertex 22.8386 10.1684 0
      vertex 20.2254 14.6946 6
      vertex 20.2254 14.6946 0
    endloop
  endfacet
  facet normal -0.866026 -0.5 0
    outer loop
      vertex 20.2254 14.6946 6
      vertex 22.8386 10.1684 0
      vertex 22.8386 10.1684 6
    endloop
  endfacet
  facet normal -0.58778 0.809021 0
    outer loop
      vertex 16.7283 -18.5786 0
      vertex 12.5 -21.6506 6
      vertex 16.7283 -18.5786 6
    endloop
  endfacet
  facet normal -0.58778 0.809021 0
    outer loop
      vertex 12.5 -21.6506 6
      vertex 16.7283 -18.5786 0
      vertex 12.5 -21.6506 0
    endloop
  endfacet
  facet normal -0.40674 -0.913544 0
    outer loop
      vertex 7.72542 23.7764 0
      vertex 12.5 21.6506 6
      vertex 7.72542 23.7764 6
    endloop
  endfacet
  facet normal -0.40674 -0.913544 -0
    outer loop
      vertex 12.5 21.6506 6
      vertex 7.72542 23.7764 0
      vertex 12.5 21.6506 0
    endloop
  endfacet
  facet normal -0.994522 0.104527 0
    outer loop
      vertex 24.4537 -5.19779 0
      vertex 25 0 6
      vertex 25 0 0
    endloop
  endfacet
  facet normal -0.994522 0.104527 0
    outer loop
      vertex 25 0 6
      vertex 24.4537 -5.19779 0
      vertex 24.4537 -5.19779 6
    endloop
  endfacet
  facet normal -0.743151 -0.669123 0
    outer loop
      vertex 20.2254 14.6946 0
      vertex 16.7283 18.5786 6
      vertex 16.7283 18.5786 0
    endloop
  endfacet
  facet normal -0.743151 -0.669123 0
    outer loop
      vertex 16.7283 18.5786 6
      vertex 20.2254 14.6946 0
      vertex 20.2254 14.6946 6
    endloop
  endfacet
  facet normal 0.866026 -0.5 0
    outer loop
      vertex -22.8386 10.1684 6
      vertex -20.2254 14.6946 0
      vertex -20.2254 14.6946 6
    endloop
  endfacet
  facet normal 0.866026 -0.5 0
    outer loop
      vertex -20.2254 14.6946 0
      vertex -22.8386 10.1684 6
      vertex -22.8386 10.1684 0
    endloop
  endfacet
  facet normal -0.743151 0.669123 0
    outer loop
      vertex 16.7283 -18.5786 0
      vertex 20.2254 -14.6946 6
      vertex 20.2254 -14.6946 0
    endloop
  endfacet
  facet normal -0.743151 0.669123 0
    outer loop
      vertex 20.2254 -14.6946 6
      vertex 16.7283 -18.5786 0
      vertex 16.7283 -18.5786 6
    endloop
  endfacet
  facet normal 0.743151 -0.669123 0
    outer loop
      vertex -20.2254 14.6946 6
      vertex -16.7283 18.5786 0
      vertex -16.7283 18.5786 6
    endloop
  endfacet
  facet normal 0.743151 -0.669123 0
    outer loop
      vertex -16.7283 18.5786 0
      vertex -20.2254 14.6946 6
      vertex -20.2254 14.6946 0
    endloop
  endfacet
  facet normal -0.866026 0.5 0
    outer loop
      vertex 20.2254 -14.6946 0
      vertex 22.8386 -10.1684 6
      vertex 22.8386 -10.1684 0
    endloop
  endfacet
  facet normal -0.866026 0.5 0
    outer loop
      vertex 22.8386 -10.1684 6
      vertex 20.2254 -14.6946 0
      vertex 20.2254 -14.6946 6
    endloop
  endfacet
  facet normal 0.58778 -0.809021 0
    outer loop
      vertex -16.7283 18.5786 0
      vertex -12.5 21.6506 6
      vertex -16.7283 18.5786 6
    endloop
  endfacet
  facet normal 0.58778 -0.809021 0
    outer loop
      vertex -12.5 21.6506 6
      vertex -16.7283 18.5786 0
      vertex -12.5 21.6506 0
    endloop
  endfacet
  facet normal -0.951054 0.309026 0
    outer loop
      vertex 22.8386 -10.1684 0
      vertex 24.4537 -5.19779 6
      vertex 24.4537 -5.19779 0
    endloop
  endfacet
  facet normal -0.951054 0.309026 0
    outer loop
      vertex 24.4537 -5.19779 6
      vertex 22.8386 -10.1684 0
      vertex 22.8386 -10.1684 6
    endloop
  endfacet
  facet normal 0 -1 0
    outer loop
      vertex -2.61321 24.863 0
      vertex 2.61321 24.863 6
      vertex -2.61321 24.863 6
    endloop
  endfacet
  facet normal 0 -1 -0
    outer loop
      vertex 2.61321 24.863 6
      vertex -2.61321 24.863 0
      vertex 2.61321 24.863 0
    endloop
  endfacet
  facet normal 0.58778 0.809021 -0
    outer loop
      vertex -12.5 -21.6506 0
      vertex -16.7283 -18.5786 6
      vertex -12.5 -21.6506 6
    endloop
  endfacet
  facet normal 0.58778 0.809021 0
    outer loop
      vertex -16.7283 -18.5786 6
      vertex -12.5 -21.6506 0
      vertex -16.7283 -18.5786 0
    endloop
  endfacet
  facet normal 0.40674 -0.913544 0
    outer loop
      vertex -12.5 21.6506 0
      vertex -7.72542 23.7764 6
      vertex -12.5 21.6506 6
    endloop
  endfacet
  facet normal 0.40674 -0.913544 0
    outer loop
      vertex -7.72542 23.7764 6
      vertex -12.5 21.6506 0
      vertex -7.72542 23.7764 0
    endloop
  endfacet
  facet normal 0.994522 0.104527 0
    outer loop
      vertex -24.4537 -5.19779 6
      vertex -25 0 0
      vertex -25 0 6
    endloop
  endfacet
  facet normal 0.994522 0.104527 0
    outer loop
      vertex -25 0 0
      vertex -24.4537 -5.19779 6
      vertex -24.4537 -5.19779 0
    endloop
  endfacet
  facet normal 0.743151 0.669123 0
    outer loop
      vertex -16.7283 -18.5786 6
      vertex -20.2254 -14.6946 0
      vertex -20.2254 -14.6946 6
    endloop
  endfacet
  facet normal 0.743151 0.669123 0
    outer loop
      vertex -20.2254 -14.6946 0
      vertex -16.7283 -18.5786 6
      vertex -16.7283 -18.5786 0
    endloop
  endfacet
  facet normal 0.866026 0.5 0
    outer loop
      vertex -20.2254 -14.6946 6
      vertex -22.8386 -10.1684 0
      vertex -22.8386 -10.1684 6
    endloop
  endfacet
  facet normal 0.866026 0.5 0
    outer loop
      vertex -22.8386 -10.1684 0
      vertex -20.2254 -14.6946 6
      vertex -20.2254 -14.6946 0
    endloop
  endfacet
  facet normal -0.207906 0.978149 0
    outer loop
      vertex 7.72542 -23.7764 0
      vertex 2.61321 -24.863 6
      vertex 7.72542 -23.7764 6
    endloop
  endfacet
  facet normal -0.207906 0.978149 0
    outer loop
      vertex 2.61321 -24.863 6
      vertex 7.72542 -23.7764 0
      vertex 2.61321 -24.863 0
    endloop
  endfacet
  facet normal 0.994522 -0.104527 0
    outer loop
      vertex -25 0 6
      vertex -24.4537 5.19779 0
      vertex -24.4537 5.19779 6
    endloop
  endfacet
  facet normal 0.994522 -0.104527 0
    outer loop
      vertex -24.4537 5.19779 0
      vertex -25 0 6
      vertex -25 0 0
    endloop
  endfacet
  facet normal -0.207906 -0.978149 0
    outer loop
      vertex 2.61321 24.863 0
      vertex 7.72542 23.7764 6
      vertex 2.61321 24.863 6
    endloop
  endfacet
  facet normal -0.207906 -0.978149 -0
    outer loop
      vertex 7.72542 23.7764 6
      vertex 2.61321 24.863 0
      vertex 7.72542 23.7764 0
    endloop
  endfacet
  facet normal -0.58778 -0.809021 0
    outer loop
      vertex 12.5 21.6506 0
      vertex 16.7283 18.5786 6
      vertex 12.5 21.6506 6
    endloop
  endfacet
  facet normal -0.58778 -0.809021 -0
    outer loop
      vertex 16.7283 18.5786 6
      vertex 12.5 21.6506 0
      vertex 16.7283 18.5786 0
    endloop
  endfacet
  facet normal 0.207906 -0.978149 0
    outer loop
      vertex -7.72542 23.7764 0
      vertex -2.61321 24.863 6
      vertex -7.72542 23.7764 6
    endloop
  endfacet
  facet normal 0.207906 -0.978149 0
    outer loop
      vertex -2.61321 24.863 6
      vertex -7.72542 23.7764 0
      vertex -2.61321 24.863 0
    endloop
  endfacet
  facet normal -0.40674 0.913544 0
    outer loop
      vertex 12.5 -21.6506 0
      vertex 7.72542 -23.7764 6
      vertex 12.5 -21.6506 6
    endloop
  endfacet
  facet normal -0.40674 0.913544 0
    outer loop
      vertex 7.72542 -23.7764 6
      vertex 12.5 -21.6506 0
      vertex 7.72542 -23.7764 0
    endloop
  endfacet
  facet normal 0 1 -0
    outer loop
      vertex 2.61321 -24.863 0
      vertex -2.61321 -24.863 6
      vertex 2.61321 -24.863 6
    endloop
  endfacet
  facet normal 0 1 0
    outer loop
      vertex -2.61321 -24.863 6
      vertex 2.61321 -24.863 0
      vertex -2.61321 -24.863 0
    endloop
  endfacet
  facet normal 0.207906 0.978149 -0
    outer loop
      vertex -2.61321 -24.863 0
      vertex -7.72542 -23.7764 6
      vertex -2.61321 -24.863 6
    endloop
  endfacet
  facet normal 0.207906 0.978149 0
    outer loop
      vertex -7.72542 -23.7764 6
      vertex -2.61321 -24.863 0
      vertex -7.72542 -23.7764 0
    endloop
  endfacet
  facet normal 0.951054 -0.309026 0
    outer loop
      vertex -24.4537 5.19779 6
      vertex -22.8386 10.1684 0
      vertex -22.8386 10.1684 6
    endloop
  endfacet
  facet normal 0.951054 -0.309026 0
    outer loop
      vertex -22.8386 10.1684 0
      vertex -24.4537 5.19779 6
      vertex -24.4537 5.19779 0
    endloop
  endfacet
  facet normal 0 0 1
    outer loop
      vertex 12.2268 2.5989 8.5
      vertex 12.2268 -2.5989 8.5
      vertex 12.5 0 8.5
    endloop
  endfacet
  facet normal 0 0 1
    outer loop
      vertex 11.4193 5.08421 8.5
      vertex 12.2268 -2.5989 8.5
      vertex 12.2268 2.5989 8.5
    endloop
  endfacet
  facet normal 0 0 1
    outer loop
      vertex 11.4193 5.08421 8.5
      vertex 11.4193 -5.08421 8.5
      vertex 12.2268 -2.5989 8.5
    endloop
  endfacet
  facet normal 0 0 1
    outer loop
      vertex 10.1127 7.34731 8.5
      vertex 11.4193 -5.08421 8.5
      vertex 11.4193 5.08421 8.5
    endloop
  endfacet
  facet normal 0 0 1
    outer loop
      vertex 10.1127 7.34731 8.5
      vertex 10.1127 -7.34731 8.5
      vertex 11.4193 -5.08421 8.5
    endloop
  endfacet
  facet normal 0 0 1
    outer loop
      vertex 8.36413 9.28931 8.5
      vertex 10.1127 -7.34731 8.5
      vertex 10.1127 7.34731 8.5
    endloop
  endfacet
  facet normal 0 0 1
    outer loop
      vertex 8.36413 9.28931 8.5
      vertex 8.36413 -9.28931 8.5
      vertex 10.1127 -7.34731 8.5
    endloop
  endfacet
  facet normal 0 0 1
    outer loop
      vertex 6.25 10.8253 8.5
      vertex 8.36413 -9.28931 8.5
      vertex 8.36413 9.28931 8.5
    endloop
  endfacet
  facet normal 0 0 1
    outer loop
      vertex 6.25 10.8253 8.5
      vertex 6.25 -10.8253 8.5
      vertex 8.36413 -9.28931 8.5
    endloop
  endfacet
  facet normal 0 0 1
    outer loop
      vertex 3.86271 11.8882 8.5
      vertex 6.25 -10.8253 8.5
      vertex 6.25 10.8253 8.5
    endloop
  endfacet
  facet normal 0 0 1
    outer loop
      vertex 3.86271 11.8882 8.5
      vertex 3.86271 -11.8882 8.5
      vertex 6.25 -10.8253 8.5
    endloop
  endfacet
  facet normal 0 0 1
    outer loop
      vertex 1.30661 12.4315 8.5
      vertex 3.86271 -11.8882 8.5
      vertex 3.86271 11.8882 8.5
    endloop
  endfacet
  facet normal 0 0 1
    outer loop
      vertex 1.30661 12.4315 8.5
      vertex 1.30661 -12.4315 8.5
      vertex 3.86271 -11.8882 8.5
    endloop
  endfacet
  facet normal -0 0 1
    outer loop
      vertex -1.30661 12.4315 8.5
      vertex 1.30661 -12.4315 8.5
      vertex 1.30661 12.4315 8.5
    endloop
  endfacet
  facet normal 0 0 1
    outer loop
      vertex -1.30661 12.4315 8.5
      vertex -1.30661 -12.4315 8.5
      vertex 1.30661 -12.4315 8.5
    endloop
  endfacet
  facet normal -0 0 1
    outer loop
      vertex -3.86271 11.8882 8.5
      vertex -1.30661 -12.4315 8.5
      vertex -1.30661 12.4315 8.5
    endloop
  endfacet
  facet normal 0 0 1
    outer loop
      vertex -3.86271 11.8882 8.5
      vertex -3.86271 -11.8882 8.5
      vertex -1.30661 -12.4315 8.5
    endloop
  endfacet
  facet normal -0 0 1
    outer loop
      vertex -6.25 10.8253 8.5
      vertex -3.86271 -11.8882 8.5
      vertex -3.86271 11.8882 8.5
    endloop
  endfacet
  facet normal 0 0 1
    outer loop
      vertex -6.25 10.8253 8.5
      vertex -6.25 -10.8253 8.5
      vertex -3.86271 -11.8882 8.5
    endloop
  endfacet
  facet normal -0 0 1
    outer loop
      vertex -8.36413 9.28931 8.5
      vertex -6.25 -10.8253 8.5
      vertex -6.25 10.8253 8.5
    endloop
  endfacet
  facet normal 0 0 1
    outer loop
      vertex -8.36413 9.28931 8.5
      vertex -8.36413 -9.28931 8.5
      vertex -6.25 -10.8253 8.5
    endloop
  endfacet
  facet normal -0 0 1
    outer loop
      vertex -10.1127 7.34731 8.5
      vertex -8.36413 -9.28931 8.5
      vertex -8.36413 9.28931 8.5
    endloop
  endfacet
  facet normal 0 0 1
    outer loop
      vertex -10.1127 7.34731 8.5
      vertex -10.1127 -7.34731 8.5
      vertex -8.36413 -9.28931 8.5
    endloop
  endfacet
  facet normal -0 0 1
    outer loop
      vertex -11.4193 5.08421 8.5
      vertex -10.1127 -7.34731 8.5
      vertex -10.1127 7.34731 8.5
    endloop
  endfacet
  facet normal 0 0 1
    outer loop
      vertex -11.4193 5.08421 8.5
      vertex -11.4193 -5.08421 8.5
      vertex -10.1127 -7.34731 8.5
    endloop
  endfacet
  facet normal -0 0 1
    outer loop
      vertex -12.2268 2.5989 8.5
      vertex -11.4193 -5.08421 8.5
      vertex -11.4193 5.08421 8.5
    endloop
  endfacet
  facet normal 0 0 1
    outer loop
      vertex -12.2268 2.5989 8.5
      vertex -12.2268 -2.5989 8.5
      vertex -11.4193 -5.08421 8.5
    endloop
  endfacet
  facet normal 0 -0 1
    outer loop
      vertex -12.2268 -2.5989 8.5
      vertex -12.2268 2.5989 8.5
      vertex -12.5 0 8.5
    endloop
  endfacet
  facet normal 0 0 1
    outer loop
      vertex -24.4537 5.19779 8.5
      vertex -34.5 0 8.5
      vertex -25 0 8.5
    endloop
  endfacet
  facet normal 0 -0 1
    outer loop
      vertex -34.3098 -7.8909 8.5
      vertex -25 0 8.5
      vertex -34.5 0 8.5
    endloop
  endfacet
  facet normal 0 0 1
    outer loop
      vertex -25 0 8.5
      vertex -34.3098 -7.8909 8.5
      vertex -33.2733 -9.31748 8.5
    endloop
  endfacet
  facet normal 0 0 1
    outer loop
      vertex -34.3098 7.8909 8.5
      vertex -35.5365 1.42658 8.5
      vertex -34.5 0 8.5
    endloop
  endfacet
  facet normal 0 0 1
    outer loop
      vertex -35.9869 8.43581 8.5
      vertex -35.5365 1.42658 8.5
      vertex -34.3098 7.8909 8.5
    endloop
  endfacet
  facet normal 0 0 1
    outer loop
      vertex -35.9869 10.1992 8.5
      vertex -39.1259 8.31647 8.5
      vertex -35.9869 8.43581 8.5
    endloop
  endfacet
  facet normal 0 0 1
    outer loop
      vertex -35.9869 8.43581 8.5
      vertex -39.1259 8.31647 8.5
      vertex -35.5365 1.42658 8.5
    endloop
  endfacet
  facet normal 0 0 1
    outer loop
      vertex -40 0 8.5
      vertex -37.2135 0.881678 8.5
      vertex -39.1259 8.31647 8.5
    endloop
  endfacet
  facet normal 0 0 1
    outer loop
      vertex -35.5365 1.42658 8.5
      vertex -39.1259 8.31647 8.5
      vertex -37.2135 0.881678 8.5
    endloop
  endfacet
  facet normal -0 0 1
    outer loop
      vertex -34.3098 7.8909 8.5
      vertex -24.4537 5.19779 8.5
      vertex -33.2733 9.31748 8.5
    endloop
  endfacet
  facet normal 0 0 1
    outer loop
      vertex -34.5 0 8.5
      vertex -24.4537 5.19779 8.5
      vertex -34.3098 7.8909 8.5
    endloop
  endfacet
  facet normal 0 0 1
    outer loop
      vertex -34.3098 10.7441 8.5
      vertex -30.7134 16.5734 8.5
      vertex -32.3904 17.1183 8.5
    endloop
  endfacet
  facet normal 0 -0 1
    outer loop
      vertex -30.7134 -16.5734 8.5
      vertex -25 0 8.5
      vertex -33.2733 -9.31748 8.5
    endloop
  endfacet
  facet normal -0 0 1
    outer loop
      vertex -32.3607 -23.5114 8.5
      vertex -26.6694 -24.5742 8.5
      vertex -30.7134 -19.4266 8.5
    endloop
  endfacet
  facet normal 0 0 1
    outer loop
      vertex -26.6694 -24.5742 8.5
      vertex -32.3607 -23.5114 8.5
      vertex -26.6694 -26.3375 8.5
    endloop
  endfacet
  facet normal 0 0 1
    outer loop
      vertex -26.6694 -26.3375 8.5
      vertex -32.3607 -23.5114 8.5
      vertex -26.7652 -29.7258 8.5
    endloop
  endfacet
  facet normal 0 0 1
    outer loop
      vertex -32.3904 -18.8817 8.5
      vertex -32.3607 -23.5114 8.5
      vertex -30.7134 -19.4266 8.5
    endloop
  endfacet
  facet normal 0 0 1
    outer loop
      vertex -30.7134 -16.5734 8.5
      vertex -34.3098 -10.7441 8.5
      vertex -32.3904 -17.1183 8.5
    endloop
  endfacet
  facet normal -0 0 1
    outer loop
      vertex -36.5418 -16.2695 8.5
      vertex -32.3904 -17.1183 8.5
      vertex -34.3098 -10.7441 8.5
    endloop
  endfacet
  facet normal 0 0 1
    outer loop
      vertex -32.3904 -17.1183 8.5
      vertex -36.5418 -16.2695 8.5
      vertex -32.3904 -18.8817 8.5
    endloop
  endfacet
  facet normal 0 0 1
    outer loop
      vertex -36.5418 -16.2695 8.5
      vertex -34.3098 -10.7441 8.5
      vertex -35.9869 -10.1992 8.5
    endloop
  endfacet
  facet normal 0 0 1
    outer loop
      vertex -32.3904 -18.8817 8.5
      vertex -36.5418 -16.2695 8.5
      vertex -32.3607 -23.5114 8.5
    endloop
  endfacet
  facet normal -0 0 1
    outer loop
      vertex -35.5365 -1.42658 8.5
      vertex -34.3098 -7.8909 8.5
      vertex -34.5 0 8.5
    endloop
  endfacet
  facet normal 0 0 1
    outer loop
      vertex -35.5365 -1.42658 8.5
      vertex -35.9869 -8.43581 8.5
      vertex -34.3098 -7.8909 8.5
    endloop
  endfacet
  facet normal 0 0 1
    outer loop
      vertex -39.1259 -8.31647 8.5
      vertex -35.9869 -10.1992 8.5
      vertex -35.9869 -8.43581 8.5
    endloop
  endfacet
  facet normal -0 0 1
    outer loop
      vertex -39.1259 -8.31647 8.5
      vertex -35.9869 -8.43581 8.5
      vertex -35.5365 -1.42658 8.5
    endloop
  endfacet
  facet normal 0 0 1
    outer loop
      vertex -39.1259 -8.31647 8.5
      vertex -35.5365 -1.42658 8.5
      vertex -37.2135 -0.881678 8.5
    endloop
  endfacet
  facet normal 0 0 1
    outer loop
      vertex -37.2135 0.881678 8.5
      vertex -40 0 8.5
      vertex -37.2135 -0.881678 8.5
    endloop
  endfacet
  facet normal 0 0 1
    outer loop
      vertex -35.9869 -10.1992 8.5
      vertex -39.1259 -8.31647 8.5
      vertex -36.5418 -16.2695 8.5
    endloop
  endfacet
  facet normal 0 0 1
    outer loop
      vertex -37.2135 -0.881678 8.5
      vertex -40 0 8.5
      vertex -39.1259 -8.31647 8.5
    endloop
  endfacet
  facet normal 0 0 1
    outer loop
      vertex -29.6769 -18 8.5
      vertex -22.9952 -9.68652 8.5
      vertex -24.4537 -5.19779 8.5
    endloop
  endfacet
  facet normal 0 0 1
    outer loop
      vertex -22.9952 -9.68652 8.5
      vertex -24.9923 -24.0293 8.5
      vertex -23.9558 -25.4558 8.5
    endloop
  endfacet
  facet normal 0 0 1
    outer loop
      vertex -29.6769 -18 8.5
      vertex -24.4537 -5.19779 8.5
      vertex -25 0 8.5
    endloop
  endfacet
  facet normal 0 0 1
    outer loop
      vertex -33.2733 9.31748 8.5
      vertex -22.9952 9.68652 8.5
      vertex -30.7134 16.5734 8.5
    endloop
  endfacet
  facet normal 0 0 1
    outer loop
      vertex -22.9952 9.68652 8.5
      vertex -33.2733 9.31748 8.5
      vertex -24.4537 5.19779 8.5
    endloop
  endfacet
  facet normal 0 0 1
    outer loop
      vertex -29.6769 18 8.5
      vertex -24.9923 24.0293 8.5
      vertex -26.6694 24.5742 8.5
    endloop
  endfacet
  facet normal 0 0 1
    outer loop
      vertex -20.2254 14.6946 8.5
      vertex -29.6769 18 8.5
      vertex -21.8369 11.9035 8.5
    endloop
  endfacet
  facet normal -0 0 1
    outer loop
      vertex -30.7134 16.5734 8.5
      vertex -21.8369 11.9035 8.5
      vertex -29.6769 18 8.5
    endloop
  endfacet
  facet normal 0 0 1
    outer loop
      vertex -21.8369 11.9035 8.5
      vertex -30.7134 16.5734 8.5
      vertex -22.9952 9.68652 8.5
    endloop
  endfacet
  facet normal 0 0 1
    outer loop
      vertex -20.3637 -8.41923 8.5
      vertex -21.8369 -11.9035 8.5
      vertex -19.279 -10.6717 8.5
    endloop
  endfacet
  facet normal 0 -0 1
    outer loop
      vertex -21.8369 -11.9035 8.5
      vertex -20.3637 -8.41923 8.5
      vertex -22.9952 -9.68652 8.5
    endloop
  endfacet
  facet normal 0 0 1
    outer loop
      vertex -3.6768 -21.7266 8.5
      vertex -6.11412 -21.1703 8.5
      vertex -4.31035 -24.5023 8.5
    endloop
  endfacet
  facet normal 0 0 1
    outer loop
      vertex -3.6768 21.7266 8.5
      vertex -4.31035 24.5023 8.5
      vertex -6.11412 21.1703 8.5
    endloop
  endfacet
  facet normal 0 0 1
    outer loop
      vertex -21.8369 11.9035 8.5
      vertex -20.3637 8.41923 8.5
      vertex -19.279 10.6717 8.5
    endloop
  endfacet
  facet normal 0 0 1
    outer loop
      vertex -20.3637 8.41923 8.5
      vertex -21.8369 11.9035 8.5
      vertex -22.9952 9.68652 8.5
    endloop
  endfacet
  facet normal 0 0 1
    outer loop
      vertex -17.5365 -29.7503 8.5
      vertex -12.5 -21.6506 8.5
      vertex -16.7283 -18.5786 8.5
    endloop
  endfacet
  facet normal 0 0 1
    outer loop
      vertex -12.5 -21.6506 8.5
      vertex -17.5365 -29.7503 8.5
      vertex -16.5 -31.1769 8.5
    endloop
  endfacet
  facet normal -0 0 1
    outer loop
      vertex -23.9558 -25.4558 8.5
      vertex -17.5365 -29.7503 8.5
      vertex -16.7283 -18.5786 8.5
    endloop
  endfacet
  facet normal 0 0 1
    outer loop
      vertex -26.7652 -29.7258 8.5
      vertex -19.2135 -32.0586 8.5
      vertex -19.2135 -30.2952 8.5
    endloop
  endfacet
  facet normal 0 0 1
    outer loop
      vertex -23.9558 -25.4558 8.5
      vertex -16.7283 -18.5786 8.5
      vertex -20.2254 -14.6946 8.5
    endloop
  endfacet
  facet normal 0 0 1
    outer loop
      vertex -17.5365 -29.7503 8.5
      vertex -23.9558 -25.4558 8.5
      vertex -19.2135 -30.2952 8.5
    endloop
  endfacet
  facet normal 0 0 1
    outer loop
      vertex -23.9558 -25.4558 8.5
      vertex -20.2254 -14.6946 8.5
      vertex -21.8369 -11.9035 8.5
    endloop
  endfacet
  facet normal 0 0 1
    outer loop
      vertex -23.9558 -25.4558 8.5
      vertex -21.8369 -11.9035 8.5
      vertex -22.9952 -9.68652 8.5
    endloop
  endfacet
  facet normal -0 0 1
    outer loop
      vertex -24.9923 -26.8824 8.5
      vertex -19.2135 -30.2952 8.5
      vertex -23.9558 -25.4558 8.5
    endloop
  endfacet
  facet normal -0 0 1
    outer loop
      vertex -26.7652 -29.7258 8.5
      vertex -19.2135 -30.2952 8.5
      vertex -24.9923 -26.8824 8.5
    endloop
  endfacet
  facet normal 0 0 1
    outer loop
      vertex -26.7652 -29.7258 8.5
      vertex -24.9923 -26.8824 8.5
      vertex -26.6694 -26.3375 8.5
    endloop
  endfacet
  facet normal 0 0 1
    outer loop
      vertex -19.2135 -32.0586 8.5
      vertex -26.7652 -29.7258 8.5
      vertex -20 -34.641 8.5
    endloop
  endfacet
  facet normal -0 0 1
    outer loop
      vertex -30.7134 -19.4266 8.5
      vertex -26.6694 -24.5742 8.5
      vertex -29.6769 -18 8.5
    endloop
  endfacet
  facet normal 0 0 1
    outer loop
      vertex -24.9923 -24.0293 8.5
      vertex -29.6769 -18 8.5
      vertex -26.6694 -24.5742 8.5
    endloop
  endfacet
  facet normal 0 0 1
    outer loop
      vertex -26.7652 29.7258 8.5
      vertex -30.7134 19.4266 8.5
      vertex -29.6769 18 8.5
    endloop
  endfacet
  facet normal -0 0 1
    outer loop
      vertex -32.3607 23.5114 8.5
      vertex -30.7134 19.4266 8.5
      vertex -26.7652 29.7258 8.5
    endloop
  endfacet
  facet normal 0 0 1
    outer loop
      vertex -32.3607 23.5114 8.5
      vertex -32.3904 18.8817 8.5
      vertex -30.7134 19.4266 8.5
    endloop
  endfacet
  facet normal 0 0 1
    outer loop
      vertex -36.5418 16.2695 8.5
      vertex -32.3904 17.1183 8.5
      vertex -32.3904 18.8817 8.5
    endloop
  endfacet
  facet normal 0 0 1
    outer loop
      vertex -25 0 8.5
      vertex -30.7134 -16.5734 8.5
      vertex -29.6769 -18 8.5
    endloop
  endfacet
  facet normal -0 0 1
    outer loop
      vertex -34.3098 -10.7441 8.5
      vertex -30.7134 -16.5734 8.5
      vertex -33.2733 -9.31748 8.5
    endloop
  endfacet
  facet normal 0 0 1
    outer loop
      vertex -36.5418 16.2695 8.5
      vertex -32.3904 18.8817 8.5
      vertex -32.3607 23.5114 8.5
    endloop
  endfacet
  facet normal 0 0 1
    outer loop
      vertex -30.7134 16.5734 8.5
      vertex -34.3098 10.7441 8.5
      vertex -33.2733 9.31748 8.5
    endloop
  endfacet
  facet normal 0 0 1
    outer loop
      vertex -32.3904 17.1183 8.5
      vertex -36.5418 16.2695 8.5
      vertex -34.3098 10.7441 8.5
    endloop
  endfacet
  facet normal 0 0 1
    outer loop
      vertex -39.1259 8.31647 8.5
      vertex -35.9869 10.1992 8.5
      vertex -36.5418 16.2695 8.5
    endloop
  endfacet
  facet normal 0 0 1
    outer loop
      vertex -34.3098 10.7441 8.5
      vertex -36.5418 16.2695 8.5
      vertex -35.9869 10.1992 8.5
    endloop
  endfacet
  facet normal -0 0 1
    outer loop
      vertex -17.5365 29.7503 8.5
      vertex -12.5 21.6506 8.5
      vertex -16.5 31.1769 8.5
    endloop
  endfacet
  facet normal 0 0 1
    outer loop
      vertex -12.5 21.6506 8.5
      vertex -17.5365 29.7503 8.5
      vertex -16.7283 18.5786 8.5
    endloop
  endfacet
  facet normal 0 0 1
    outer loop
      vertex -23.9558 25.4558 8.5
      vertex -17.5365 29.7503 8.5
      vertex -19.2135 30.2952 8.5
    endloop
  endfacet
  facet normal 0 0 1
    outer loop
      vertex -17.5365 29.7503 8.5
      vertex -23.9558 25.4558 8.5
      vertex -16.7283 18.5786 8.5
    endloop
  endfacet
  facet normal 0 0 1
    outer loop
      vertex -19.2135 32.0586 8.5
      vertex -26.7652 29.7258 8.5
      vertex -19.2135 30.2952 8.5
    endloop
  endfacet
  facet normal -0 0 1
    outer loop
      vertex -24.9923 24.0293 8.5
      vertex -16.7283 18.5786 8.5
      vertex -23.9558 25.4558 8.5
    endloop
  endfacet
  facet normal 0 0 1
    outer loop
      vertex -16.7283 18.5786 8.5
      vertex -24.9923 24.0293 8.5
      vertex -20.2254 14.6946 8.5
    endloop
  endfacet
  facet normal -0 0 1
    outer loop
      vertex -29.6769 18 8.5
      vertex -20.2254 14.6946 8.5
      vertex -24.9923 24.0293 8.5
    endloop
  endfacet
  facet normal 0 0 1
    outer loop
      vertex -19.2135 30.2952 8.5
      vertex -24.9923 26.8824 8.5
      vertex -23.9558 25.4558 8.5
    endloop
  endfacet
  facet normal 0 0 1
    outer loop
      vertex -19.2135 30.2952 8.5
      vertex -26.7652 29.7258 8.5
      vertex -24.9923 26.8824 8.5
    endloop
  endfacet
  facet normal 0 0 1
    outer loop
      vertex -29.6769 18 8.5
      vertex -26.6694 26.3375 8.5
      vertex -26.7652 29.7258 8.5
    endloop
  endfacet
  facet normal 0 0 1
    outer loop
      vertex -26.6694 26.3375 8.5
      vertex -29.6769 18 8.5
      vertex -26.6694 24.5742 8.5
    endloop
  endfacet
  facet normal -0 0 1
    outer loop
      vertex -29.6769 -18 8.5
      vertex -24.9923 -24.0293 8.5
      vertex -22.9952 -9.68652 8.5
    endloop
  endfacet
  facet normal 0 0 1
    outer loop
      vertex -24.9923 26.8824 8.5
      vertex -26.7652 29.7258 8.5
      vertex -26.6694 26.3375 8.5
    endloop
  endfacet
  facet normal 0 0 1
    outer loop
      vertex -1.21352 -35.1183 8.5
      vertex -8.85396 -33.3467 8.5
      vertex -7.81748 -34.7733 8.5
    endloop
  endfacet
  facet normal 0 0 1
    outer loop
      vertex -7.72542 -23.7764 8.5
      vertex -10.531 -33.8917 8.5
      vertex -8.85396 -33.3467 8.5
    endloop
  endfacet
  facet normal 0 0 1
    outer loop
      vertex -10.531 -33.8917 8.5
      vertex -12.3607 -38.0423 8.5
      vertex -10.531 -35.655 8.5
    endloop
  endfacet
  facet normal -0 0 1
    outer loop
      vertex -16.5 -31.1769 8.5
      vertex -10.531 -33.8917 8.5
      vertex -7.72542 -23.7764 8.5
    endloop
  endfacet
  facet normal 0 0 1
    outer loop
      vertex -16.5 -31.1769 8.5
      vertex -7.72542 -23.7764 8.5
      vertex -12.5 -21.6506 8.5
    endloop
  endfacet
  facet normal -0 0 1
    outer loop
      vertex -17.5365 -32.6035 8.5
      vertex -10.531 -33.8917 8.5
      vertex -16.5 -31.1769 8.5
    endloop
  endfacet
  facet normal 0 0 1
    outer loop
      vertex -10.531 -33.8917 8.5
      vertex -17.5365 -32.6035 8.5
      vertex -12.3607 -38.0423 8.5
    endloop
  endfacet
  facet normal 0 0 1
    outer loop
      vertex -20 -34.641 8.5
      vertex -17.5365 -32.6035 8.5
      vertex -19.2135 -32.0586 8.5
    endloop
  endfacet
  facet normal 0 0 1
    outer loop
      vertex -17.5365 -32.6035 8.5
      vertex -20 -34.641 8.5
      vertex -12.3607 -38.0423 8.5
    endloop
  endfacet
  facet normal 0 0 1
    outer loop
      vertex -6.75599 23.9825 8.5
      vertex -8.85396 33.3467 8.5
      vertex -7.72542 23.7764 8.5
    endloop
  endfacet
  facet normal 0 0 1
    outer loop
      vertex -10.531 33.8917 8.5
      vertex -7.72542 23.7764 8.5
      vertex -8.85396 33.3467 8.5
    endloop
  endfacet
  facet normal 0 0 1
    outer loop
      vertex -17.5365 32.6035 8.5
      vertex -10.531 33.8917 8.5
      vertex -12.3607 38.0423 8.5
    endloop
  endfacet
  facet normal 0 0 1
    outer loop
      vertex -10.531 33.8917 8.5
      vertex -16.5 31.1769 8.5
      vertex -7.72542 23.7764 8.5
    endloop
  endfacet
  facet normal 0 0 1
    outer loop
      vertex -7.72542 23.7764 8.5
      vertex -16.5 31.1769 8.5
      vertex -12.5 21.6506 8.5
    endloop
  endfacet
  facet normal 0 0 1
    outer loop
      vertex -10.531 33.8917 8.5
      vertex -17.5365 32.6035 8.5
      vertex -16.5 31.1769 8.5
    endloop
  endfacet
  facet normal -0 0 1
    outer loop
      vertex -20 34.641 8.5
      vertex -17.5365 32.6035 8.5
      vertex -12.3607 38.0423 8.5
    endloop
  endfacet
  facet normal 0 0 1
    outer loop
      vertex -26.7652 29.7258 8.5
      vertex -19.2135 32.0586 8.5
      vertex -20 34.641 8.5
    endloop
  endfacet
  facet normal 0 0 1
    outer loop
      vertex -17.5365 32.6035 8.5
      vertex -20 34.641 8.5
      vertex -19.2135 32.0586 8.5
    endloop
  endfacet
  facet normal 0 0 1
    outer loop
      vertex 8.10396 -33.8917 8.5
      vertex 0.463525 -34.5734 8.5
      vertex 1.5 -36 8.5
    endloop
  endfacet
  facet normal -0 0 1
    outer loop
      vertex -2.61321 -24.863 8.5
      vertex 0.463525 -34.5734 8.5
      vertex 2.61321 -24.863 8.5
    endloop
  endfacet
  facet normal -0 0 1
    outer loop
      vertex -8.85396 -33.3467 8.5
      vertex -1.21352 -35.1183 8.5
      vertex -2.61321 -24.863 8.5
    endloop
  endfacet
  facet normal 0 0 1
    outer loop
      vertex 0.463525 -34.5734 8.5
      vertex -2.61321 -24.863 8.5
      vertex -1.21352 -35.1183 8.5
    endloop
  endfacet
  facet normal 0 0 1
    outer loop
      vertex 8.10396 33.8917 8.5
      vertex 0.463525 34.5734 8.5
      vertex 2.61321 24.863 8.5
    endloop
  endfacet
  facet normal 0 0 1
    outer loop
      vertex -2.61321 24.863 8.5
      vertex 0.463525 34.5734 8.5
      vertex -1.21352 35.1183 8.5
    endloop
  endfacet
  facet normal 0 0 1
    outer loop
      vertex 0.463525 34.5734 8.5
      vertex -2.61321 24.863 8.5
      vertex 2.61321 24.863 8.5
    endloop
  endfacet
  facet normal 0 0 1
    outer loop
      vertex 12.3607 38.0423 8.5
      vertex 9.78101 36.1999 8.5
      vertex 10.8175 34.7733 8.5
    endloop
  endfacet
  facet normal 0 0 1
    outer loop
      vertex 4.18114 39.7809 8.5
      vertex 9.78101 36.1999 8.5
      vertex 12.3607 38.0423 8.5
    endloop
  endfacet
  facet normal 0 0 1
    outer loop
      vertex 1.5 36 8.5
      vertex 8.10396 33.8917 8.5
      vertex 8.10396 35.655 8.5
    endloop
  endfacet
  facet normal 0 0 1
    outer loop
      vertex 9.78101 36.1999 8.5
      vertex 4.18114 39.7809 8.5
      vertex 8.10396 35.655 8.5
    endloop
  endfacet
  facet normal -0 0 1
    outer loop
      vertex 1.5 36 8.5
      vertex 8.10396 35.655 8.5
      vertex 4.18114 39.7809 8.5
    endloop
  endfacet
  facet normal -0 0 1
    outer loop
      vertex 0.463525 34.5734 8.5
      vertex 8.10396 33.8917 8.5
      vertex 1.5 36 8.5
    endloop
  endfacet
  facet normal 0 0 1
    outer loop
      vertex 8.10396 33.8917 8.5
      vertex 2.61321 24.863 8.5
      vertex 7.72542 23.7764 8.5
    endloop
  endfacet
  facet normal 0 0 1
    outer loop
      vertex 4.18114 39.7809 8.5
      vertex 0.463525 37.4266 8.5
      vertex 1.5 36 8.5
    endloop
  endfacet
  facet normal -0 0 1
    outer loop
      vertex -4.18114 39.7809 8.5
      vertex 0.463525 37.4266 8.5
      vertex 4.18114 39.7809 8.5
    endloop
  endfacet
  facet normal 0 0 1
    outer loop
      vertex -7.81748 34.7733 8.5
      vertex -1.21352 35.1183 8.5
      vertex -1.21352 36.8817 8.5
    endloop
  endfacet
  facet normal 0 0 1
    outer loop
      vertex 0.463525 37.4266 8.5
      vertex -4.18114 39.7809 8.5
      vertex -1.21352 36.8817 8.5
    endloop
  endfacet
  facet normal 0 0 1
    outer loop
      vertex -7.81748 34.7733 8.5
      vertex -1.21352 36.8817 8.5
      vertex -4.18114 39.7809 8.5
    endloop
  endfacet
  facet normal 0 0 1
    outer loop
      vertex -8.85396 33.3467 8.5
      vertex -1.21352 35.1183 8.5
      vertex -7.81748 34.7733 8.5
    endloop
  endfacet
  facet normal 0 0 1
    outer loop
      vertex -1.21352 35.1183 8.5
      vertex -8.85396 33.3467 8.5
      vertex -2.61321 24.863 8.5
    endloop
  endfacet
  facet normal 0 0 1
    outer loop
      vertex -4.31035 24.5023 8.5
      vertex -6.75599 23.9825 8.5
      vertex -6.11412 21.1703 8.5
    endloop
  endfacet
  facet normal 0 0 1
    outer loop
      vertex -2.61321 24.863 8.5
      vertex -8.85396 33.3467 8.5
      vertex -4.31035 24.5023 8.5
    endloop
  endfacet
  facet normal 0 0 1
    outer loop
      vertex -4.31035 24.5023 8.5
      vertex -8.85396 33.3467 8.5
      vertex -6.75599 23.9825 8.5
    endloop
  endfacet
  facet normal 0 0 1
    outer loop
      vertex -4.18114 39.7809 8.5
      vertex -8.85396 36.1999 8.5
      vertex -7.81748 34.7733 8.5
    endloop
  endfacet
  facet normal -0 0 1
    outer loop
      vertex -12.3607 38.0423 8.5
      vertex -8.85396 36.1999 8.5
      vertex -4.18114 39.7809 8.5
    endloop
  endfacet
  facet normal 0 0 1
    outer loop
      vertex -10.531 35.655 8.5
      vertex -12.3607 38.0423 8.5
      vertex -10.531 33.8917 8.5
    endloop
  endfacet
  facet normal 0 0 1
    outer loop
      vertex -8.85396 36.1999 8.5
      vertex -12.3607 38.0423 8.5
      vertex -10.531 35.655 8.5
    endloop
  endfacet
  facet normal 0 0 1
    outer loop
      vertex 14.6941 -16.4209 8.5
      vertex 12.7395 -17.9797 8.5
      vertex 14.5052 -20.1938 8.5
    endloop
  endfacet
  facet normal 0 0 1
    outer loop
      vertex 14.6941 16.4209 8.5
      vertex 14.5052 20.1938 8.5
      vertex 12.7395 17.9797 8.5
    endloop
  endfacet
  facet normal -0 0 1
    outer loop
      vertex 9.78101 -36.1999 8.5
      vertex 12.3607 -38.0423 8.5
      vertex 10.8175 -34.7733 8.5
    endloop
  endfacet
  facet normal 0 0 1
    outer loop
      vertex 4.18114 -39.7809 8.5
      vertex 9.78101 -36.1999 8.5
      vertex 8.10396 -35.655 8.5
    endloop
  endfacet
  facet normal 0 0 1
    outer loop
      vertex 9.78101 -36.1999 8.5
      vertex 4.18114 -39.7809 8.5
      vertex 12.3607 -38.0423 8.5
    endloop
  endfacet
  facet normal 0 0 1
    outer loop
      vertex 8.10396 -33.8917 8.5
      vertex 4.18114 -39.7809 8.5
      vertex 8.10396 -35.655 8.5
    endloop
  endfacet
  facet normal 0 0 1
    outer loop
      vertex 0.463525 -34.5734 8.5
      vertex 8.10396 -33.8917 8.5
      vertex 2.61321 -24.863 8.5
    endloop
  endfacet
  facet normal 0 0 1
    outer loop
      vertex 8.10396 -33.8917 8.5
      vertex 1.5 -36 8.5
      vertex 4.18114 -39.7809 8.5
    endloop
  endfacet
  facet normal -0 0 1
    outer loop
      vertex 0.463525 -37.4266 8.5
      vertex 4.18114 -39.7809 8.5
      vertex 1.5 -36 8.5
    endloop
  endfacet
  facet normal 0 0 1
    outer loop
      vertex -4.18114 -39.7809 8.5
      vertex 0.463525 -37.4266 8.5
      vertex -1.21352 -36.8817 8.5
    endloop
  endfacet
  facet normal 0 0 1
    outer loop
      vertex 0.463525 -37.4266 8.5
      vertex -4.18114 -39.7809 8.5
      vertex 4.18114 -39.7809 8.5
    endloop
  endfacet
  facet normal 0 0 1
    outer loop
      vertex -1.21352 -35.1183 8.5
      vertex -7.81748 -34.7733 8.5
      vertex -1.21352 -36.8817 8.5
    endloop
  endfacet
  facet normal 0 0 1
    outer loop
      vertex -8.85396 -33.3467 8.5
      vertex -2.61321 -24.863 8.5
      vertex -4.31035 -24.5023 8.5
    endloop
  endfacet
  facet normal -0 0 1
    outer loop
      vertex -6.75599 -23.9825 8.5
      vertex -4.31035 -24.5023 8.5
      vertex -6.11412 -21.1703 8.5
    endloop
  endfacet
  facet normal 0 0 1
    outer loop
      vertex -8.85396 -33.3467 8.5
      vertex -4.31035 -24.5023 8.5
      vertex -6.75599 -23.9825 8.5
    endloop
  endfacet
  facet normal 0 0 1
    outer loop
      vertex -8.85396 -33.3467 8.5
      vertex -6.75599 -23.9825 8.5
      vertex -7.72542 -23.7764 8.5
    endloop
  endfacet
  facet normal 0 0 1
    outer loop
      vertex -1.21352 -36.8817 8.5
      vertex -7.81748 -34.7733 8.5
      vertex -4.18114 -39.7809 8.5
    endloop
  endfacet
  facet normal -0 0 1
    outer loop
      vertex -8.85396 -36.1999 8.5
      vertex -4.18114 -39.7809 8.5
      vertex -7.81748 -34.7733 8.5
    endloop
  endfacet
  facet normal 0 0 1
    outer loop
      vertex -12.3607 -38.0423 8.5
      vertex -8.85396 -36.1999 8.5
      vertex -10.531 -35.655 8.5
    endloop
  endfacet
  facet normal 0 0 1
    outer loop
      vertex -8.85396 -36.1999 8.5
      vertex -12.3607 -38.0423 8.5
      vertex -4.18114 -39.7809 8.5
    endloop
  endfacet
  facet normal 0 0 1
    outer loop
      vertex 20 34.641 8.5
      vertex 18.4635 32.6035 8.5
      vertex 19.5 31.1769 8.5
    endloop
  endfacet
  facet normal 0 0 1
    outer loop
      vertex 20 34.641 8.5
      vertex 16.7865 32.0586 8.5
      vertex 18.4635 32.6035 8.5
    endloop
  endfacet
  facet normal 0 0 1
    outer loop
      vertex 9.78101 33.3467 8.5
      vertex 16.7865 30.2952 8.5
      vertex 16.7865 32.0586 8.5
    endloop
  endfacet
  facet normal 0 0 1
    outer loop
      vertex 16.7865 30.2952 8.5
      vertex 16.5298 18.7228 8.5
      vertex 16.7283 18.5786 8.5
    endloop
  endfacet
  facet normal 0 0 1
    outer loop
      vertex 16.7865 30.2952 8.5
      vertex 14.5052 20.1938 8.5
      vertex 16.5298 18.7228 8.5
    endloop
  endfacet
  facet normal 0 0 1
    outer loop
      vertex 16.5298 18.7228 8.5
      vertex 14.5052 20.1938 8.5
      vertex 14.6941 16.4209 8.5
    endloop
  endfacet
  facet normal 0 0 1
    outer loop
      vertex 16.7865 30.2952 8.5
      vertex 12.5 21.6506 8.5
      vertex 14.5052 20.1938 8.5
    endloop
  endfacet
  facet normal 0 0 1
    outer loop
      vertex 12.3607 38.0423 8.5
      vertex 16.7865 32.0586 8.5
      vertex 20 34.641 8.5
    endloop
  endfacet
  facet normal -0 0 1
    outer loop
      vertex 10.8175 34.7733 8.5
      vertex 16.7865 32.0586 8.5
      vertex 12.3607 38.0423 8.5
    endloop
  endfacet
  facet normal -0 0 1
    outer loop
      vertex 9.78101 33.3467 8.5
      vertex 16.7865 32.0586 8.5
      vertex 10.8175 34.7733 8.5
    endloop
  endfacet
  facet normal 0 0 1
    outer loop
      vertex 7.72542 23.7764 8.5
      vertex 16.7865 30.2952 8.5
      vertex 9.78101 33.3467 8.5
    endloop
  endfacet
  facet normal 0 0 1
    outer loop
      vertex 7.72542 23.7764 8.5
      vertex 9.78101 33.3467 8.5
      vertex 8.10396 33.8917 8.5
    endloop
  endfacet
  facet normal 0 0 1
    outer loop
      vertex 16.7865 30.2952 8.5
      vertex 7.72542 23.7764 8.5
      vertex 12.5 21.6506 8.5
    endloop
  endfacet
  facet normal -0 0 1
    outer loop
      vertex 18.4635 -32.6035 8.5
      vertex 20 -34.641 8.5
      vertex 19.5 -31.1769 8.5
    endloop
  endfacet
  facet normal 0 0 1
    outer loop
      vertex 16.7865 -32.0586 8.5
      vertex 20 -34.641 8.5
      vertex 18.4635 -32.6035 8.5
    endloop
  endfacet
  facet normal -0 0 1
    outer loop
      vertex 12.5 -21.6506 8.5
      vertex 18.4635 -29.7503 8.5
      vertex 14.5052 -20.1938 8.5
    endloop
  endfacet
  facet normal 0 0 1
    outer loop
      vertex 14.5052 -20.1938 8.5
      vertex 16.5298 -18.7228 8.5
      vertex 14.6941 -16.4209 8.5
    endloop
  endfacet
  facet normal 0 0 1
    outer loop
      vertex 18.4635 -29.7503 8.5
      vertex 12.5 -21.6506 8.5
      vertex 16.7865 -30.2952 8.5
    endloop
  endfacet
  facet normal -0 0 1
    outer loop
      vertex 7.72542 -23.7764 8.5
      vertex 16.7865 -30.2952 8.5
      vertex 12.5 -21.6506 8.5
    endloop
  endfacet
  facet normal 0 0 1
    outer loop
      vertex 16.7865 -32.0586 8.5
      vertex 12.3607 -38.0423 8.5
      vertex 20 -34.641 8.5
    endloop
  endfacet
  facet normal 0 0 1
    outer loop
      vertex 16.7865 -30.2952 8.5
      vertex 9.78101 -33.3467 8.5
      vertex 16.7865 -32.0586 8.5
    endloop
  endfacet
  facet normal 0 0 1
    outer loop
      vertex 16.7865 -32.0586 8.5
      vertex 10.8175 -34.7733 8.5
      vertex 12.3607 -38.0423 8.5
    endloop
  endfacet
  facet normal 0 0 1
    outer loop
      vertex 16.7865 -32.0586 8.5
      vertex 9.78101 -33.3467 8.5
      vertex 10.8175 -34.7733 8.5
    endloop
  endfacet
  facet normal 0 0 1
    outer loop
      vertex 16.7865 -30.2952 8.5
      vertex 7.72542 -23.7764 8.5
      vertex 9.78101 -33.3467 8.5
    endloop
  endfacet
  facet normal -0 0 1
    outer loop
      vertex 2.61321 -24.863 8.5
      vertex 8.10396 -33.8917 8.5
      vertex 7.72542 -23.7764 8.5
    endloop
  endfacet
  facet normal 0 0 1
    outer loop
      vertex 9.78101 -33.3467 8.5
      vertex 7.72542 -23.7764 8.5
      vertex 8.10396 -33.8917 8.5
    endloop
  endfacet
  facet normal -0 0 1
    outer loop
      vertex 22 1.25 8.5
      vertex 24.8686 -1.25 8.5
      vertex 24.8686 1.25 8.5
    endloop
  endfacet
  facet normal 0 0 1
    outer loop
      vertex 24.8686 -1.25 8.5
      vertex 22 1.25 8.5
      vertex 22 -1.25 8.5
    endloop
  endfacet
  facet normal 0 0 1
    outer loop
      vertex 24.4537 -5.19779 8.5
      vertex 34.7865 -0.881678 8.5
      vertex 24.8686 -1.25 8.5
    endloop
  endfacet
  facet normal 0 0 1
    outer loop
      vertex 34.7865 -0.881678 8.5
      vertex 24.4537 -5.19779 8.5
      vertex 33.5598 -8.43581 8.5
    endloop
  endfacet
  facet normal 0 0 1
    outer loop
      vertex 22.8386 -10.1684 8.5
      vertex 33.5598 -8.43581 8.5
      vertex 24.4537 -5.19779 8.5
    endloop
  endfacet
  facet normal 0 0 1
    outer loop
      vertex 25.9194 24.0293 8.5
      vertex 24.4537 5.19779 8.5
      vertex 24.8686 1.25 8.5
    endloop
  endfacet
  facet normal 0 0 1
    outer loop
      vertex 20.2254 14.6946 8.5
      vertex 25.9194 24.0293 8.5
      vertex 24.2423 24.5742 8.5
    endloop
  endfacet
  facet normal 0 0 1
    outer loop
      vertex 25.9194 24.0293 8.5
      vertex 22.8386 10.1684 8.5
      vertex 24.4537 5.19779 8.5
    endloop
  endfacet
  facet normal 0 0 1
    outer loop
      vertex 33.5598 10.1992 8.5
      vertex 24.8686 1.25 8.5
      vertex 33.5598 8.43581 8.5
    endloop
  endfacet
  facet normal 0 0 1
    outer loop
      vertex 33.5598 -8.43581 8.5
      vertex 31.6404 -16.5734 8.5
      vertex 32.6769 -18 8.5
    endloop
  endfacet
  facet normal 0 0 1
    outer loop
      vertex 24.8686 -1.25 8.5
      vertex 34.7865 -0.881678 8.5
      vertex 24.8686 1.25 8.5
    endloop
  endfacet
  facet normal 0 0 1
    outer loop
      vertex 33.5598 -8.43581 8.5
      vertex 29.9634 -17.1183 8.5
      vertex 31.6404 -16.5734 8.5
    endloop
  endfacet
  facet normal 0 0 1
    outer loop
      vertex 33.5598 -8.43581 8.5
      vertex 22.8386 -10.1684 8.5
      vertex 29.9634 -17.1183 8.5
    endloop
  endfacet
  facet normal 0 0 1
    outer loop
      vertex 29.9634 -17.1183 8.5
      vertex 25.9194 -24.0293 8.5
      vertex 26.9558 -25.4558 8.5
    endloop
  endfacet
  facet normal -0 0 1
    outer loop
      vertex 20.2254 -14.6946 8.5
      vertex 29.9634 -17.1183 8.5
      vertex 22.8386 -10.1684 8.5
    endloop
  endfacet
  facet normal 0 0 1
    outer loop
      vertex 25.9194 -24.0293 8.5
      vertex 20.2254 -14.6946 8.5
      vertex 24.2423 -24.5742 8.5
    endloop
  endfacet
  facet normal 0 0 1
    outer loop
      vertex 29.9634 -17.1183 8.5
      vertex 20.2254 -14.6946 8.5
      vertex 25.9194 -24.0293 8.5
    endloop
  endfacet
  facet normal 0 0 1
    outer loop
      vertex 39.1259 -8.31647 8.5
      vertex 35.2369 -7.8909 8.5
      vertex 36.2733 -9.31748 8.5
    endloop
  endfacet
  facet normal 0 0 1
    outer loop
      vertex 34.7865 -0.881678 8.5
      vertex 35.2369 -7.8909 8.5
      vertex 36.4635 -1.42658 8.5
    endloop
  endfacet
  facet normal 0 0 1
    outer loop
      vertex 34.7865 0.881678 8.5
      vertex 24.8686 1.25 8.5
      vertex 34.7865 -0.881678 8.5
    endloop
  endfacet
  facet normal 0 0 1
    outer loop
      vertex 34.7865 -0.881678 8.5
      vertex 33.5598 -8.43581 8.5
      vertex 35.2369 -7.8909 8.5
    endloop
  endfacet
  facet normal -0 0 1
    outer loop
      vertex 36.4635 1.42658 8.5
      vertex 40 0 8.5
      vertex 39.1259 8.31647 8.5
    endloop
  endfacet
  facet normal 0 0 1
    outer loop
      vertex 36.4635 -1.42658 8.5
      vertex 40 0 8.5
      vertex 37.5 0 8.5
    endloop
  endfacet
  facet normal -0 0 1
    outer loop
      vertex 35.2369 10.7441 8.5
      vertex 39.1259 8.31647 8.5
      vertex 36.5418 16.2695 8.5
    endloop
  endfacet
  facet normal 0 0 1
    outer loop
      vertex 35.2369 7.8909 8.5
      vertex 39.1259 8.31647 8.5
      vertex 36.2733 9.31748 8.5
    endloop
  endfacet
  facet normal 0 0 1
    outer loop
      vertex 40 0 8.5
      vertex 36.4635 1.42658 8.5
      vertex 37.5 0 8.5
    endloop
  endfacet
  facet normal 0 0 1
    outer loop
      vertex 39.1259 8.31647 8.5
      vertex 35.2369 10.7441 8.5
      vertex 36.2733 9.31748 8.5
    endloop
  endfacet
  facet normal -0 0 1
    outer loop
      vertex 31.6404 16.5734 8.5
      vertex 36.5418 16.2695 8.5
      vertex 32.6769 18 8.5
    endloop
  endfacet
  facet normal 0 0 1
    outer loop
      vertex 35.2369 10.7441 8.5
      vertex 31.6404 16.5734 8.5
      vertex 33.5598 10.1992 8.5
    endloop
  endfacet
  facet normal 0 0 1
    outer loop
      vertex 29.9634 17.1183 8.5
      vertex 33.5598 10.1992 8.5
      vertex 31.6404 16.5734 8.5
    endloop
  endfacet
  facet normal 0 0 1
    outer loop
      vertex 24.8686 1.25 8.5
      vertex 33.5598 10.1992 8.5
      vertex 29.9634 17.1183 8.5
    endloop
  endfacet
  facet normal 0 0 1
    outer loop
      vertex 36.5418 16.2695 8.5
      vertex 31.6404 16.5734 8.5
      vertex 35.2369 10.7441 8.5
    endloop
  endfacet
  facet normal 0 0 1
    outer loop
      vertex 32.3607 23.5114 8.5
      vertex 32.6769 18 8.5
      vertex 36.5418 16.2695 8.5
    endloop
  endfacet
  facet normal 0 0 1
    outer loop
      vertex 32.3607 23.5114 8.5
      vertex 31.6404 19.4266 8.5
      vertex 32.6769 18 8.5
    endloop
  endfacet
  facet normal 0 0 1
    outer loop
      vertex 32.3607 23.5114 8.5
      vertex 29.9634 18.8817 8.5
      vertex 31.6404 19.4266 8.5
    endloop
  endfacet
  facet normal 0 0 1
    outer loop
      vertex 32.3607 23.5114 8.5
      vertex 25.9194 24.0293 8.5
      vertex 29.9634 18.8817 8.5
    endloop
  endfacet
  facet normal 0 0 1
    outer loop
      vertex 29.9634 18.8817 8.5
      vertex 25.9194 24.0293 8.5
      vertex 29.9634 17.1183 8.5
    endloop
  endfacet
  facet normal 0 0 1
    outer loop
      vertex 24.8686 1.25 8.5
      vertex 29.9634 17.1183 8.5
      vertex 25.9194 24.0293 8.5
    endloop
  endfacet
  facet normal -0 0 1
    outer loop
      vertex 25.9194 24.0293 8.5
      vertex 32.3607 23.5114 8.5
      vertex 26.9558 25.4558 8.5
    endloop
  endfacet
  facet normal 0 0 1
    outer loop
      vertex 26.7652 29.7258 8.5
      vertex 26.9558 25.4558 8.5
      vertex 32.3607 23.5114 8.5
    endloop
  endfacet
  facet normal 0 0 1
    outer loop
      vertex 26.7652 29.7258 8.5
      vertex 25.9194 26.8824 8.5
      vertex 26.9558 25.4558 8.5
    endloop
  endfacet
  facet normal 0 0 1
    outer loop
      vertex 26.7652 29.7258 8.5
      vertex 24.2423 26.3375 8.5
      vertex 25.9194 26.8824 8.5
    endloop
  endfacet
  facet normal 0 0 1
    outer loop
      vertex 18.4635 29.7503 8.5
      vertex 24.2423 24.5742 8.5
      vertex 24.2423 26.3375 8.5
    endloop
  endfacet
  facet normal 0 0 1
    outer loop
      vertex 25.9194 24.0293 8.5
      vertex 20.2254 14.6946 8.5
      vertex 22.8386 10.1684 8.5
    endloop
  endfacet
  facet normal -0 0 1
    outer loop
      vertex 19.5 31.1769 8.5
      vertex 26.7652 29.7258 8.5
      vertex 20 34.641 8.5
    endloop
  endfacet
  facet normal 0 0 1
    outer loop
      vertex 26.7652 29.7258 8.5
      vertex 19.5 31.1769 8.5
      vertex 24.2423 26.3375 8.5
    endloop
  endfacet
  facet normal -0 0 1
    outer loop
      vertex 18.4635 29.7503 8.5
      vertex 24.2423 26.3375 8.5
      vertex 19.5 31.1769 8.5
    endloop
  endfacet
  facet normal 0 0 1
    outer loop
      vertex 24.2423 24.5742 8.5
      vertex 18.4635 29.7503 8.5
      vertex 16.7283 18.5786 8.5
    endloop
  endfacet
  facet normal 0 0 1
    outer loop
      vertex 16.7283 18.5786 8.5
      vertex 18.4635 29.7503 8.5
      vertex 16.7865 30.2952 8.5
    endloop
  endfacet
  facet normal 0 0 1
    outer loop
      vertex 24.2423 24.5742 8.5
      vertex 16.7283 18.5786 8.5
      vertex 20.2254 14.6946 8.5
    endloop
  endfacet
  facet normal 0 0 1
    outer loop
      vertex 40 0 8.5
      vertex 36.4635 -1.42658 8.5
      vertex 39.1259 -8.31647 8.5
    endloop
  endfacet
  facet normal -0 0 1
    outer loop
      vertex 35.2369 -7.8909 8.5
      vertex 39.1259 -8.31647 8.5
      vertex 36.4635 -1.42658 8.5
    endloop
  endfacet
  facet normal 0 0 1
    outer loop
      vertex 35.2369 -10.7441 8.5
      vertex 39.1259 -8.31647 8.5
      vertex 36.2733 -9.31748 8.5
    endloop
  endfacet
  facet normal 0 0 1
    outer loop
      vertex 39.1259 -8.31647 8.5
      vertex 35.2369 -10.7441 8.5
      vertex 36.5418 -16.2695 8.5
    endloop
  endfacet
  facet normal 0 0 1
    outer loop
      vertex 32.6769 -18 8.5
      vertex 35.2369 -10.7441 8.5
      vertex 33.5598 -10.1992 8.5
    endloop
  endfacet
  facet normal 0 0 1
    outer loop
      vertex 33.5598 -8.43581 8.5
      vertex 32.6769 -18 8.5
      vertex 33.5598 -10.1992 8.5
    endloop
  endfacet
  facet normal 0 0 1
    outer loop
      vertex 35.2369 -10.7441 8.5
      vertex 32.6769 -18 8.5
      vertex 36.5418 -16.2695 8.5
    endloop
  endfacet
  facet normal -0 0 1
    outer loop
      vertex 32.6769 -18 8.5
      vertex 32.3607 -23.5114 8.5
      vertex 36.5418 -16.2695 8.5
    endloop
  endfacet
  facet normal -0 0 1
    outer loop
      vertex 31.6404 -19.4266 8.5
      vertex 32.3607 -23.5114 8.5
      vertex 32.6769 -18 8.5
    endloop
  endfacet
  facet normal 0 0 1
    outer loop
      vertex 29.9634 -18.8817 8.5
      vertex 32.3607 -23.5114 8.5
      vertex 31.6404 -19.4266 8.5
    endloop
  endfacet
  facet normal 0 0 1
    outer loop
      vertex 29.9634 -17.1183 8.5
      vertex 26.9558 -25.4558 8.5
      vertex 29.9634 -18.8817 8.5
    endloop
  endfacet
  facet normal 0 0 1
    outer loop
      vertex 26.9558 -25.4558 8.5
      vertex 32.3607 -23.5114 8.5
      vertex 29.9634 -18.8817 8.5
    endloop
  endfacet
  facet normal -0 0 1
    outer loop
      vertex 26.9558 -25.4558 8.5
      vertex 26.7652 -29.7258 8.5
      vertex 32.3607 -23.5114 8.5
    endloop
  endfacet
  facet normal -0 0 1
    outer loop
      vertex 25.9194 -26.8824 8.5
      vertex 26.7652 -29.7258 8.5
      vertex 26.9558 -25.4558 8.5
    endloop
  endfacet
  facet normal 0 0 1
    outer loop
      vertex 24.2423 -26.3375 8.5
      vertex 26.7652 -29.7258 8.5
      vertex 25.9194 -26.8824 8.5
    endloop
  endfacet
  facet normal -0 0 1
    outer loop
      vertex 16.7283 -18.5786 8.5
      vertex 24.2423 -24.5742 8.5
      vertex 20.2254 -14.6946 8.5
    endloop
  endfacet
  facet normal 0 0 1
    outer loop
      vertex 19.5 -31.1769 8.5
      vertex 26.7652 -29.7258 8.5
      vertex 24.2423 -26.3375 8.5
    endloop
  endfacet
  facet normal -0 0 1
    outer loop
      vertex 16.5298 -18.7228 8.5
      vertex 24.2423 -24.5742 8.5
      vertex 16.7283 -18.5786 8.5
    endloop
  endfacet
  facet normal 0 0 1
    outer loop
      vertex 26.7652 -29.7258 8.5
      vertex 19.5 -31.1769 8.5
      vertex 20 -34.641 8.5
    endloop
  endfacet
  facet normal 0 0 1
    outer loop
      vertex 24.2423 -26.3375 8.5
      vertex 18.4635 -29.7503 8.5
      vertex 19.5 -31.1769 8.5
    endloop
  endfacet
  facet normal 0 0 1
    outer loop
      vertex 24.2423 -24.5742 8.5
      vertex 18.4635 -29.7503 8.5
      vertex 24.2423 -26.3375 8.5
    endloop
  endfacet
  facet normal 0 0 1
    outer loop
      vertex 24.2423 -24.5742 8.5
      vertex 14.5052 -20.1938 8.5
      vertex 18.4635 -29.7503 8.5
    endloop
  endfacet
  facet normal -0 0 1
    outer loop
      vertex 14.5052 -20.1938 8.5
      vertex 24.2423 -24.5742 8.5
      vertex 16.5298 -18.7228 8.5
    endloop
  endfacet
  facet normal 0 0 1
    outer loop
      vertex 39.1259 8.31647 8.5
      vertex 35.2369 7.8909 8.5
      vertex 36.4635 1.42658 8.5
    endloop
  endfacet
  facet normal 0 0 1
    outer loop
      vertex 35.2369 7.8909 8.5
      vertex 34.7865 0.881678 8.5
      vertex 36.4635 1.42658 8.5
    endloop
  endfacet
  facet normal -0 0 1
    outer loop
      vertex 24.8686 1.25 8.5
      vertex 34.7865 0.881678 8.5
      vertex 33.5598 8.43581 8.5
    endloop
  endfacet
  facet normal 0 0 1
    outer loop
      vertex 33.5598 8.43581 8.5
      vertex 34.7865 0.881678 8.5
      vertex 35.2369 7.8909 8.5
    endloop
  endfacet
  facet normal 0 0 1
    outer loop
      vertex 7.72542 23.7764 58.5
      vertex 12.7395 17.9797 58.5
      vertex 12.5 21.6506 58.5
    endloop
  endfacet
  facet normal 0 0 1
    outer loop
      vertex 12.5 21.6506 58.5
      vertex 12.7395 17.9797 58.5
      vertex 14.5052 20.1938 58.5
    endloop
  endfacet
  facet normal 0 0 1
    outer loop
      vertex 22 1.25 58.5
      vertex 24.4537 5.19779 58.5
      vertex 22.8386 10.1684 58.5
    endloop
  endfacet
  facet normal 0 0 1
    outer loop
      vertex 24.4537 5.19779 58.5
      vertex 22 1.25 58.5
      vertex 24.8686 1.25 58.5
    endloop
  endfacet
  facet normal 0 0 1
    outer loop
      vertex 22.8386 10.1684 58.5
      vertex 14.6941 16.4209 58.5
      vertex 22 1.25 58.5
    endloop
  endfacet
  facet normal 0 0 1
    outer loop
      vertex 14.6941 16.4209 58.5
      vertex 22.8386 10.1684 58.5
      vertex 20.2254 14.6946 58.5
    endloop
  endfacet
  facet normal -0 0 1
    outer loop
      vertex 22 -1.25 58.5
      vertex 24.4537 -5.19779 58.5
      vertex 24.8686 -1.25 58.5
    endloop
  endfacet
  facet normal 0 0 1
    outer loop
      vertex 24.4537 -5.19779 58.5
      vertex 22 -1.25 58.5
      vertex 22.8386 -10.1684 58.5
    endloop
  endfacet
  facet normal 0 0 1
    outer loop
      vertex 22 1.25 58.5
      vertex 14.6941 16.4209 58.5
      vertex 22 -1.25 58.5
    endloop
  endfacet
  facet normal 0 0 1
    outer loop
      vertex 14.6941 -16.4209 58.5
      vertex 22 -1.25 58.5
      vertex 14.6941 16.4209 58.5
    endloop
  endfacet
  facet normal -0 0 1
    outer loop
      vertex 14.6941 16.4209 58.5
      vertex 20.2254 14.6946 58.5
      vertex 16.7283 18.5786 58.5
    endloop
  endfacet
  facet normal 0 0 1
    outer loop
      vertex 22 -1.25 58.5
      vertex 14.6941 -16.4209 58.5
      vertex 22.8386 -10.1684 58.5
    endloop
  endfacet
  facet normal 0 0 1
    outer loop
      vertex 14.6941 16.4209 58.5
      vertex 16.7283 18.5786 58.5
      vertex 16.5298 18.7228 58.5
    endloop
  endfacet
  facet normal 0 0 1
    outer loop
      vertex 22.8386 -10.1684 58.5
      vertex 14.6941 -16.4209 58.5
      vertex 20.2254 -14.6946 58.5
    endloop
  endfacet
  facet normal 0 0 1
    outer loop
      vertex 20.2254 -14.6946 58.5
      vertex 14.6941 -16.4209 58.5
      vertex 16.7283 -18.5786 58.5
    endloop
  endfacet
  facet normal 0 0 1
    outer loop
      vertex 16.7283 -18.5786 58.5
      vertex 14.6941 -16.4209 58.5
      vertex 16.5298 -18.7228 58.5
    endloop
  endfacet
  facet normal 0 0 1
    outer loop
      vertex 12.7395 17.9797 58.5
      vertex 14.6941 -16.4209 58.5
      vertex 14.6941 16.4209 58.5
    endloop
  endfacet
  facet normal 0 0 1
    outer loop
      vertex 14.6941 -16.4209 58.5
      vertex 12.7395 17.9797 58.5
      vertex 12.7395 -17.9797 58.5
    endloop
  endfacet
  facet normal 0 0 1
    outer loop
      vertex 12.7395 17.9797 58.5
      vertex 12.5 0 58.5
      vertex 12.7395 -17.9797 58.5
    endloop
  endfacet
  facet normal 0 0 1
    outer loop
      vertex 12.7395 -17.9797 58.5
      vertex 12.5 -21.6506 58.5
      vertex 14.5052 -20.1938 58.5
    endloop
  endfacet
  facet normal -0 0 1
    outer loop
      vertex 12.2268 -2.5989 58.5
      vertex 12.7395 -17.9797 58.5
      vertex 12.5 0 58.5
    endloop
  endfacet
  facet normal -0 0 1
    outer loop
      vertex 11.4193 -5.08421 58.5
      vertex 12.7395 -17.9797 58.5
      vertex 12.2268 -2.5989 58.5
    endloop
  endfacet
  facet normal -0 0 1
    outer loop
      vertex 10.1127 -7.34731 58.5
      vertex 12.7395 -17.9797 58.5
      vertex 11.4193 -5.08421 58.5
    endloop
  endfacet
  facet normal -0 0 1
    outer loop
      vertex 8.36413 -9.28931 58.5
      vertex 12.7395 -17.9797 58.5
      vertex 10.1127 -7.34731 58.5
    endloop
  endfacet
  facet normal -0 0 1
    outer loop
      vertex 6.25 -10.8253 58.5
      vertex 12.7395 -17.9797 58.5
      vertex 8.36413 -9.28931 58.5
    endloop
  endfacet
  facet normal -0 0 1
    outer loop
      vertex 3.86271 -11.8882 58.5
      vertex 12.7395 -17.9797 58.5
      vertex 6.25 -10.8253 58.5
    endloop
  endfacet
  facet normal 0 0 1
    outer loop
      vertex 12.7395 -17.9797 58.5
      vertex 7.72542 -23.7764 58.5
      vertex 12.5 -21.6506 58.5
    endloop
  endfacet
  facet normal 0 0 1
    outer loop
      vertex 12.7395 -17.9797 58.5
      vertex 3.86271 -11.8882 58.5
      vertex 7.72542 -23.7764 58.5
    endloop
  endfacet
  facet normal 0 0 1
    outer loop
      vertex 3.86271 -11.8882 58.5
      vertex 2.61321 -24.863 58.5
      vertex 7.72542 -23.7764 58.5
    endloop
  endfacet
  facet normal -0 0 1
    outer loop
      vertex 1.30661 -12.4315 58.5
      vertex 2.61321 -24.863 58.5
      vertex 3.86271 -11.8882 58.5
    endloop
  endfacet
  facet normal 0 0 1
    outer loop
      vertex -3.6768 -21.7266 58.5
      vertex 1.30661 -12.4315 58.5
      vertex -1.30661 -12.4315 58.5
    endloop
  endfacet
  facet normal 0 0 1
    outer loop
      vertex 1.30661 -12.4315 58.5
      vertex -3.6768 -21.7266 58.5
      vertex 2.61321 -24.863 58.5
    endloop
  endfacet
  facet normal 0 0 1
    outer loop
      vertex 2.61321 -24.863 58.5
      vertex -3.6768 -21.7266 58.5
      vertex -2.61321 -24.863 58.5
    endloop
  endfacet
  facet normal 0 0 1
    outer loop
      vertex -3.86271 -11.8882 58.5
      vertex -3.6768 -21.7266 58.5
      vertex -1.30661 -12.4315 58.5
    endloop
  endfacet
  facet normal 0 0 1
    outer loop
      vertex -3.86271 -11.8882 58.5
      vertex -6.11412 -21.1703 58.5
      vertex -3.6768 -21.7266 58.5
    endloop
  endfacet
  facet normal 0 0 1
    outer loop
      vertex -6.25 -10.8253 58.5
      vertex -6.11412 -21.1703 58.5
      vertex -3.86271 -11.8882 58.5
    endloop
  endfacet
  facet normal 0 0 1
    outer loop
      vertex -12.5 -21.6506 58.5
      vertex -6.11412 -21.1703 58.5
      vertex -6.25 -10.8253 58.5
    endloop
  endfacet
  facet normal 0 0 1
    outer loop
      vertex -6.11412 -21.1703 58.5
      vertex -7.72542 -23.7764 58.5
      vertex -6.75599 -23.9825 58.5
    endloop
  endfacet
  facet normal 0 0 1
    outer loop
      vertex -12.5 -21.6506 58.5
      vertex -6.25 -10.8253 58.5
      vertex -8.36413 -9.28931 58.5
    endloop
  endfacet
  facet normal 0 0 1
    outer loop
      vertex -19.279 -10.6717 58.5
      vertex -8.36413 -9.28931 58.5
      vertex -10.1127 -7.34731 58.5
    endloop
  endfacet
  facet normal 0 0 1
    outer loop
      vertex -19.279 -10.6717 58.5
      vertex -10.1127 -7.34731 58.5
      vertex -11.4193 -5.08421 58.5
    endloop
  endfacet
  facet normal 0 0 1
    outer loop
      vertex -20.3637 -8.41923 58.5
      vertex -11.4193 -5.08421 58.5
      vertex -12.2268 -2.5989 58.5
    endloop
  endfacet
  facet normal 0 0 1
    outer loop
      vertex -6.11412 -21.1703 58.5
      vertex -12.5 -21.6506 58.5
      vertex -7.72542 -23.7764 58.5
    endloop
  endfacet
  facet normal 0 0 1
    outer loop
      vertex -24.4537 -5.19779 58.5
      vertex -12.2268 -2.5989 58.5
      vertex -12.5 0 58.5
    endloop
  endfacet
  facet normal 0 0 1
    outer loop
      vertex -12.2268 2.5989 58.5
      vertex -24.4537 5.19779 58.5
      vertex -12.5 0 58.5
    endloop
  endfacet
  facet normal 0 0 1
    outer loop
      vertex -11.4193 -5.08421 58.5
      vertex -20.3637 -8.41923 58.5
      vertex -19.279 -10.6717 58.5
    endloop
  endfacet
  facet normal 0 0 1
    outer loop
      vertex -24.4537 5.19779 58.5
      vertex -20.3637 8.41923 58.5
      vertex -22.9952 9.68652 58.5
    endloop
  endfacet
  facet normal 0 0 1
    outer loop
      vertex -12.5 0 58.5
      vertex -24.4537 5.19779 58.5
      vertex -25 0 58.5
    endloop
  endfacet
  facet normal 0 -0 1
    outer loop
      vertex -24.4537 -5.19779 58.5
      vertex -12.5 0 58.5
      vertex -25 0 58.5
    endloop
  endfacet
  facet normal 0 0 1
    outer loop
      vertex -20.3637 -8.41923 58.5
      vertex -24.4537 -5.19779 58.5
      vertex -22.9952 -9.68652 58.5
    endloop
  endfacet
  facet normal 0 0 1
    outer loop
      vertex -12.2268 -2.5989 58.5
      vertex -24.4537 -5.19779 58.5
      vertex -20.3637 -8.41923 58.5
    endloop
  endfacet
  facet normal 0 0 1
    outer loop
      vertex -2.61321 24.863 58.5
      vertex -4.31035 24.5023 58.5
      vertex -3.6768 21.7266 58.5
    endloop
  endfacet
  facet normal 0 0 1
    outer loop
      vertex 12.7395 17.9797 58.5
      vertex 12.2268 2.5989 58.5
      vertex 12.5 0 58.5
    endloop
  endfacet
  facet normal 0 0 1
    outer loop
      vertex 12.7395 17.9797 58.5
      vertex 11.4193 5.08421 58.5
      vertex 12.2268 2.5989 58.5
    endloop
  endfacet
  facet normal 0 0 1
    outer loop
      vertex 12.7395 17.9797 58.5
      vertex 10.1127 7.34731 58.5
      vertex 11.4193 5.08421 58.5
    endloop
  endfacet
  facet normal 0 0 1
    outer loop
      vertex 12.7395 17.9797 58.5
      vertex 8.36413 9.28931 58.5
      vertex 10.1127 7.34731 58.5
    endloop
  endfacet
  facet normal 0 0 1
    outer loop
      vertex 3.86271 11.8882 58.5
      vertex 12.7395 17.9797 58.5
      vertex 7.72542 23.7764 58.5
    endloop
  endfacet
  facet normal 0 0 1
    outer loop
      vertex 12.7395 17.9797 58.5
      vertex 6.25 10.8253 58.5
      vertex 8.36413 9.28931 58.5
    endloop
  endfacet
  facet normal 0 0 1
    outer loop
      vertex 12.7395 17.9797 58.5
      vertex 3.86271 11.8882 58.5
      vertex 6.25 10.8253 58.5
    endloop
  endfacet
  facet normal 0 0 1
    outer loop
      vertex 2.61321 24.863 58.5
      vertex 3.86271 11.8882 58.5
      vertex 7.72542 23.7764 58.5
    endloop
  endfacet
  facet normal 0 0 1
    outer loop
      vertex 2.61321 24.863 58.5
      vertex 1.30661 12.4315 58.5
      vertex 3.86271 11.8882 58.5
    endloop
  endfacet
  facet normal -0 0 1
    outer loop
      vertex -3.6768 21.7266 58.5
      vertex 1.30661 12.4315 58.5
      vertex 2.61321 24.863 58.5
    endloop
  endfacet
  facet normal 0 0 1
    outer loop
      vertex -3.6768 21.7266 58.5
      vertex 2.61321 24.863 58.5
      vertex -2.61321 24.863 58.5
    endloop
  endfacet
  facet normal 0 0 1
    outer loop
      vertex 1.30661 12.4315 58.5
      vertex -3.6768 21.7266 58.5
      vertex -1.30661 12.4315 58.5
    endloop
  endfacet
  facet normal 0 0 1
    outer loop
      vertex -3.6768 21.7266 58.5
      vertex -3.86271 11.8882 58.5
      vertex -1.30661 12.4315 58.5
    endloop
  endfacet
  facet normal -0 0 1
    outer loop
      vertex -6.11412 21.1703 58.5
      vertex -3.86271 11.8882 58.5
      vertex -3.6768 21.7266 58.5
    endloop
  endfacet
  facet normal 0 0 1
    outer loop
      vertex -6.11412 21.1703 58.5
      vertex -6.25 10.8253 58.5
      vertex -3.86271 11.8882 58.5
    endloop
  endfacet
  facet normal -0 0 1
    outer loop
      vertex -7.72542 23.7764 58.5
      vertex -6.11412 21.1703 58.5
      vertex -6.75599 23.9825 58.5
    endloop
  endfacet
  facet normal -0 0 1
    outer loop
      vertex -12.5 21.6506 58.5
      vertex -6.11412 21.1703 58.5
      vertex -7.72542 23.7764 58.5
    endloop
  endfacet
  facet normal 0 0 1
    outer loop
      vertex -6.11412 21.1703 58.5
      vertex -12.5 21.6506 58.5
      vertex -6.25 10.8253 58.5
    endloop
  endfacet
  facet normal 0 0 1
    outer loop
      vertex -6.25 10.8253 58.5
      vertex -12.5 21.6506 58.5
      vertex -8.36413 9.28931 58.5
    endloop
  endfacet
  facet normal -0 0 1
    outer loop
      vertex -16.7283 18.5786 58.5
      vertex -8.36413 9.28931 58.5
      vertex -12.5 21.6506 58.5
    endloop
  endfacet
  facet normal -0 0 1
    outer loop
      vertex -19.279 10.6717 58.5
      vertex -8.36413 9.28931 58.5
      vertex -16.7283 18.5786 58.5
    endloop
  endfacet
  facet normal 0 0 1
    outer loop
      vertex -8.36413 9.28931 58.5
      vertex -19.279 10.6717 58.5
      vertex -10.1127 7.34731 58.5
    endloop
  endfacet
  facet normal 0 0 1
    outer loop
      vertex -10.1127 7.34731 58.5
      vertex -19.279 10.6717 58.5
      vertex -11.4193 5.08421 58.5
    endloop
  endfacet
  facet normal 0 0 1
    outer loop
      vertex -11.4193 5.08421 58.5
      vertex -20.3637 8.41923 58.5
      vertex -12.2268 2.5989 58.5
    endloop
  endfacet
  facet normal -0 0 1
    outer loop
      vertex -20.3637 8.41923 58.5
      vertex -11.4193 5.08421 58.5
      vertex -19.279 10.6717 58.5
    endloop
  endfacet
  facet normal -0 0 1
    outer loop
      vertex -24.4537 5.19779 58.5
      vertex -12.2268 2.5989 58.5
      vertex -20.3637 8.41923 58.5
    endloop
  endfacet
  facet normal 0 0 1
    outer loop
      vertex -8.36413 -9.28931 58.5
      vertex -19.279 -10.6717 58.5
      vertex -16.7283 -18.5786 58.5
    endloop
  endfacet
  facet normal -0 0 1
    outer loop
      vertex -20.2254 14.6946 58.5
      vertex -19.279 10.6717 58.5
      vertex -16.7283 18.5786 58.5
    endloop
  endfacet
  facet normal 0 0 1
    outer loop
      vertex -19.279 10.6717 58.5
      vertex -20.2254 14.6946 58.5
      vertex -21.8369 11.9035 58.5
    endloop
  endfacet
  facet normal 0 0 1
    outer loop
      vertex -2.61321 -24.863 58.5
      vertex -3.6768 -21.7266 58.5
      vertex -4.31035 -24.5023 58.5
    endloop
  endfacet
  facet normal 0 0 1
    outer loop
      vertex -8.36413 -9.28931 58.5
      vertex -16.7283 -18.5786 58.5
      vertex -12.5 -21.6506 58.5
    endloop
  endfacet
  facet normal 0 0 1
    outer loop
      vertex -19.279 -10.6717 58.5
      vertex -20.2254 -14.6946 58.5
      vertex -16.7283 -18.5786 58.5
    endloop
  endfacet
  facet normal 0 -0 1
    outer loop
      vertex -20.2254 -14.6946 58.5
      vertex -19.279 -10.6717 58.5
      vertex -21.8369 -11.9035 58.5
    endloop
  endfacet
  facet normal 1 -0 0
    outer loop
      vertex 22 -1.25 58.5
      vertex 22 1.25 8.5
      vertex 22 1.25 58.5
    endloop
  endfacet
  facet normal 1 0 0
    outer loop
      vertex 22 1.25 8.5
      vertex 22 -1.25 58.5
      vertex 22 -1.25 8.5
    endloop
  endfacet
  facet normal 0 -1 0
    outer loop
      vertex 22 1.25 8.5
      vertex 24.8686 1.25 58.5
      vertex 22 1.25 58.5
    endloop
  endfacet
  facet normal 0 -1 -0
    outer loop
      vertex 24.8686 1.25 58.5
      vertex 22 1.25 8.5
      vertex 24.8686 1.25 8.5
    endloop
  endfacet
  facet normal 0 1 -0
    outer loop
      vertex 24.8686 -1.25 8.5
      vertex 22 -1.25 58.5
      vertex 24.8686 -1.25 58.5
    endloop
  endfacet
  facet normal 0 1 0
    outer loop
      vertex 22 -1.25 58.5
      vertex 24.8686 -1.25 8.5
      vertex 22 -1.25 8.5
    endloop
  endfacet
  facet normal 0.623504 0.78182 -0
    outer loop
      vertex 14.6941 16.4209 8.5
      vertex 12.7395 17.9797 58.5
      vertex 14.6941 16.4209 58.5
    endloop
  endfacet
  facet normal 0.623504 0.78182 0
    outer loop
      vertex 12.7395 17.9797 58.5
      vertex 14.6941 16.4209 8.5
      vertex 12.7395 17.9797 8.5
    endloop
  endfacet
  facet normal 0.781829 -0.623493 0
    outer loop
      vertex 12.7395 17.9797 58.5
      vertex 14.5052 20.1938 8.5
      vertex 14.5052 20.1938 58.5
    endloop
  endfacet
  facet normal 0.781829 -0.623493 0
    outer loop
      vertex 14.5052 20.1938 8.5
      vertex 12.7395 17.9797 58.5
      vertex 12.7395 17.9797 8.5
    endloop
  endfacet
  facet normal -0.781832 0.623489 0
    outer loop
      vertex 14.6941 16.4209 8.5
      vertex 16.5298 18.7228 58.5
      vertex 16.5298 18.7228 8.5
    endloop
  endfacet
  facet normal -0.781832 0.623489 0
    outer loop
      vertex 16.5298 18.7228 58.5
      vertex 14.6941 16.4209 8.5
      vertex 14.6941 16.4209 58.5
    endloop
  endfacet
  facet normal -0.22252 0.974928 0
    outer loop
      vertex -3.6768 21.7266 8.5
      vertex -6.11412 21.1703 58.5
      vertex -3.6768 21.7266 58.5
    endloop
  endfacet
  facet normal -0.22252 0.974928 0
    outer loop
      vertex -6.11412 21.1703 58.5
      vertex -3.6768 21.7266 8.5
      vertex -6.11412 21.1703 8.5
    endloop
  endfacet
  facet normal -0.974927 -0.222526 0
    outer loop
      vertex -3.6768 21.7266 8.5
      vertex -4.31035 24.5023 58.5
      vertex -4.31035 24.5023 8.5
    endloop
  endfacet
  facet normal -0.974927 -0.222526 0
    outer loop
      vertex -4.31035 24.5023 58.5
      vertex -3.6768 21.7266 8.5
      vertex -3.6768 21.7266 58.5
    endloop
  endfacet
  facet normal 0.974928 0.222522 0
    outer loop
      vertex -6.11412 21.1703 58.5
      vertex -6.75599 23.9825 8.5
      vertex -6.75599 23.9825 58.5
    endloop
  endfacet
  facet normal 0.974928 0.222522 0
    outer loop
      vertex -6.75599 23.9825 8.5
      vertex -6.11412 21.1703 58.5
      vertex -6.11412 21.1703 8.5
    endloop
  endfacet
  facet normal -0.900974 0.433873 0
    outer loop
      vertex -20.3637 8.41923 8.5
      vertex -19.279 10.6717 58.5
      vertex -19.279 10.6717 8.5
    endloop
  endfacet
  facet normal -0.900974 0.433873 0
    outer loop
      vertex -19.279 10.6717 58.5
      vertex -20.3637 8.41923 8.5
      vertex -20.3637 8.41923 58.5
    endloop
  endfacet
  facet normal 0.433891 0.900965 -0
    outer loop
      vertex -20.3637 8.41923 8.5
      vertex -22.9952 9.68652 58.5
      vertex -20.3637 8.41923 58.5
    endloop
  endfacet
  facet normal 0.433891 0.900965 0
    outer loop
      vertex -22.9952 9.68652 58.5
      vertex -20.3637 8.41923 8.5
      vertex -22.9952 9.68652 8.5
    endloop
  endfacet
  facet normal -0.433878 -0.900972 0
    outer loop
      vertex -21.8369 11.9035 8.5
      vertex -19.279 10.6717 58.5
      vertex -21.8369 11.9035 58.5
    endloop
  endfacet
  facet normal -0.433878 -0.900972 -0
    outer loop
      vertex -19.279 10.6717 58.5
      vertex -21.8369 11.9035 8.5
      vertex -19.279 10.6717 8.5
    endloop
  endfacet
  facet normal -0.900974 -0.433873 0
    outer loop
      vertex -19.279 -10.6717 8.5
      vertex -20.3637 -8.41923 58.5
      vertex -20.3637 -8.41923 8.5
    endloop
  endfacet
  facet normal -0.900974 -0.433873 0
    outer loop
      vertex -20.3637 -8.41923 58.5
      vertex -19.279 -10.6717 8.5
      vertex -19.279 -10.6717 58.5
    endloop
  endfacet
  facet normal -0.433878 0.900972 0
    outer loop
      vertex -19.279 -10.6717 8.5
      vertex -21.8369 -11.9035 58.5
      vertex -19.279 -10.6717 58.5
    endloop
  endfacet
  facet normal -0.433878 0.900972 0
    outer loop
      vertex -21.8369 -11.9035 58.5
      vertex -19.279 -10.6717 8.5
      vertex -21.8369 -11.9035 8.5
    endloop
  endfacet
  facet normal 0.433891 -0.900965 0
    outer loop
      vertex -22.9952 -9.68652 8.5
      vertex -20.3637 -8.41923 58.5
      vertex -22.9952 -9.68652 58.5
    endloop
  endfacet
  facet normal 0.433891 -0.900965 0
    outer loop
      vertex -20.3637 -8.41923 58.5
      vertex -22.9952 -9.68652 8.5
      vertex -20.3637 -8.41923 8.5
    endloop
  endfacet
  facet normal -0.22252 -0.974928 0
    outer loop
      vertex -6.11412 -21.1703 8.5
      vertex -3.6768 -21.7266 58.5
      vertex -6.11412 -21.1703 58.5
    endloop
  endfacet
  facet normal -0.22252 -0.974928 -0
    outer loop
      vertex -3.6768 -21.7266 58.5
      vertex -6.11412 -21.1703 8.5
      vertex -3.6768 -21.7266 8.5
    endloop
  endfacet
  facet normal -0.974927 0.222526 0
    outer loop
      vertex -4.31035 -24.5023 8.5
      vertex -3.6768 -21.7266 58.5
      vertex -3.6768 -21.7266 8.5
    endloop
  endfacet
  facet normal -0.974927 0.222526 0
    outer loop
      vertex -3.6768 -21.7266 58.5
      vertex -4.31035 -24.5023 8.5
      vertex -4.31035 -24.5023 58.5
    endloop
  endfacet
  facet normal 0.974928 -0.222522 0
    outer loop
      vertex -6.75599 -23.9825 58.5
      vertex -6.11412 -21.1703 8.5
      vertex -6.11412 -21.1703 58.5
    endloop
  endfacet
  facet normal 0.974928 -0.222522 0
    outer loop
      vertex -6.11412 -21.1703 8.5
      vertex -6.75599 -23.9825 58.5
      vertex -6.75599 -23.9825 8.5
    endloop
  endfacet
  facet normal 0.623504 -0.78182 0
    outer loop
      vertex 12.7395 -17.9797 8.5
      vertex 14.6941 -16.4209 58.5
      vertex 12.7395 -17.9797 58.5
    endloop
  endfacet
  facet normal 0.623504 -0.78182 0
    outer loop
      vertex 14.6941 -16.4209 58.5
      vertex 12.7395 -17.9797 8.5
      vertex 14.6941 -16.4209 8.5
    endloop
  endfacet
  facet normal -0.781832 -0.623489 0
    outer loop
      vertex 16.5298 -18.7228 8.5
      vertex 14.6941 -16.4209 58.5
      vertex 14.6941 -16.4209 8.5
    endloop
  endfacet
  facet normal -0.781832 -0.623489 0
    outer loop
      vertex 14.6941 -16.4209 58.5
      vertex 16.5298 -18.7228 8.5
      vertex 16.5298 -18.7228 58.5
    endloop
  endfacet
  facet normal 0.781829 0.623493 0
    outer loop
      vertex 14.5052 -20.1938 58.5
      vertex 12.7395 -17.9797 8.5
      vertex 12.7395 -17.9797 58.5
    endloop
  endfacet
  facet normal 0.781829 0.623493 0
    outer loop
      vertex 12.7395 -17.9797 8.5
      vertex 14.5052 -20.1938 58.5
      vertex 14.5052 -20.1938 8.5
    endloop
  endfacet
  facet normal -0.40674 -0.913544 0
    outer loop
      vertex -12.5 -21.6506 8.5
      vertex -7.72542 -23.7764 58.5
      vertex -12.5 -21.6506 58.5
    endloop
  endfacet
  facet normal -0.40674 -0.913544 -0
    outer loop
      vertex -7.72542 -23.7764 58.5
      vertex -12.5 -21.6506 8.5
      vertex -7.72542 -23.7764 8.5
    endloop
  endfacet
  facet normal -0.951055 -0.309021 0
    outer loop
      vertex -22.9952 -9.68652 8.5
      vertex -24.4537 -5.19779 58.5
      vertex -24.4537 -5.19779 8.5
    endloop
  endfacet
  facet normal -0.951055 -0.309021 0
    outer loop
      vertex -24.4537 -5.19779 58.5
      vertex -22.9952 -9.68652 8.5
      vertex -22.9952 -9.68652 58.5
    endloop
  endfacet
  facet normal 0.951054 0.309026 0
    outer loop
      vertex 24.4537 5.19779 58.5
      vertex 22.8386 10.1684 8.5
      vertex 22.8386 10.1684 58.5
    endloop
  endfacet
  facet normal 0.951054 0.309026 0
    outer loop
      vertex 22.8386 10.1684 8.5
      vertex 24.4537 5.19779 58.5
      vertex 24.4537 5.19779 8.5
    endloop
  endfacet
  facet normal 0.994523 0.104521 0
    outer loop
      vertex 24.8686 1.25 58.5
      vertex 24.4537 5.19779 8.5
      vertex 24.4537 5.19779 58.5
    endloop
  endfacet
  facet normal 0.994523 0.104521 0
    outer loop
      vertex 24.4537 5.19779 8.5
      vertex 24.8686 1.25 58.5
      vertex 24.8686 1.25 8.5
    endloop
  endfacet
  facet normal 0.866026 0.5 0
    outer loop
      vertex 22.8386 10.1684 58.5
      vertex 20.2254 14.6946 8.5
      vertex 20.2254 14.6946 58.5
    endloop
  endfacet
  facet normal 0.866026 0.5 0
    outer loop
      vertex 20.2254 14.6946 8.5
      vertex 22.8386 10.1684 58.5
      vertex 22.8386 10.1684 8.5
    endloop
  endfacet
  facet normal 0.587735 -0.809053 0
    outer loop
      vertex 16.5298 -18.7228 8.5
      vertex 16.7283 -18.5786 58.5
      vertex 16.5298 -18.7228 58.5
    endloop
  endfacet
  facet normal 0.587735 -0.809053 0
    outer loop
      vertex 16.7283 -18.5786 58.5
      vertex 16.5298 -18.7228 8.5
      vertex 16.7283 -18.5786 8.5
    endloop
  endfacet
  facet normal 0.587769 -0.809029 0
    outer loop
      vertex 12.5 -21.6506 8.5
      vertex 14.5052 -20.1938 58.5
      vertex 12.5 -21.6506 58.5
    endloop
  endfacet
  facet normal 0.587769 -0.809029 0
    outer loop
      vertex 14.5052 -20.1938 58.5
      vertex 12.5 -21.6506 8.5
      vertex 14.5052 -20.1938 8.5
    endloop
  endfacet
  facet normal 0.40674 0.913544 -0
    outer loop
      vertex 12.5 21.6506 8.5
      vertex 7.72542 23.7764 58.5
      vertex 12.5 21.6506 58.5
    endloop
  endfacet
  facet normal 0.40674 0.913544 0
    outer loop
      vertex 7.72542 23.7764 58.5
      vertex 12.5 21.6506 8.5
      vertex 7.72542 23.7764 8.5
    endloop
  endfacet
  facet normal 0.994523 -0.104521 0
    outer loop
      vertex 24.4537 -5.19779 58.5
      vertex 24.8686 -1.25 8.5
      vertex 24.8686 -1.25 58.5
    endloop
  endfacet
  facet normal 0.994523 -0.104521 0
    outer loop
      vertex 24.8686 -1.25 8.5
      vertex 24.4537 -5.19779 58.5
      vertex 24.4537 -5.19779 8.5
    endloop
  endfacet
  facet normal 0.743151 0.669123 0
    outer loop
      vertex 20.2254 14.6946 58.5
      vertex 16.7283 18.5786 8.5
      vertex 16.7283 18.5786 58.5
    endloop
  endfacet
  facet normal 0.743151 0.669123 0
    outer loop
      vertex 16.7283 18.5786 8.5
      vertex 20.2254 14.6946 58.5
      vertex 20.2254 14.6946 8.5
    endloop
  endfacet
  facet normal -0.866018 0.500013 0
    outer loop
      vertex -21.8369 11.9035 8.5
      vertex -20.2254 14.6946 58.5
      vertex -20.2254 14.6946 8.5
    endloop
  endfacet
  facet normal -0.866018 0.500013 0
    outer loop
      vertex -20.2254 14.6946 58.5
      vertex -21.8369 11.9035 8.5
      vertex -21.8369 11.9035 58.5
    endloop
  endfacet
  facet normal 0.743151 -0.669123 0
    outer loop
      vertex 16.7283 -18.5786 58.5
      vertex 20.2254 -14.6946 8.5
      vertex 20.2254 -14.6946 58.5
    endloop
  endfacet
  facet normal 0.743151 -0.669123 0
    outer loop
      vertex 20.2254 -14.6946 8.5
      vertex 16.7283 -18.5786 58.5
      vertex 16.7283 -18.5786 8.5
    endloop
  endfacet
  facet normal -0.743151 0.669123 0
    outer loop
      vertex -20.2254 14.6946 8.5
      vertex -16.7283 18.5786 58.5
      vertex -16.7283 18.5786 8.5
    endloop
  endfacet
  facet normal -0.743151 0.669123 0
    outer loop
      vertex -16.7283 18.5786 58.5
      vertex -20.2254 14.6946 8.5
      vertex -20.2254 14.6946 58.5
    endloop
  endfacet
  facet normal 0.866026 -0.5 0
    outer loop
      vertex 20.2254 -14.6946 58.5
      vertex 22.8386 -10.1684 8.5
      vertex 22.8386 -10.1684 58.5
    endloop
  endfacet
  facet normal 0.866026 -0.5 0
    outer loop
      vertex 22.8386 -10.1684 8.5
      vertex 20.2254 -14.6946 58.5
      vertex 20.2254 -14.6946 8.5
    endloop
  endfacet
  facet normal -0.58778 0.809021 0
    outer loop
      vertex -12.5 21.6506 8.5
      vertex -16.7283 18.5786 58.5
      vertex -12.5 21.6506 58.5
    endloop
  endfacet
  facet normal -0.58778 0.809021 0
    outer loop
      vertex -16.7283 18.5786 58.5
      vertex -12.5 21.6506 8.5
      vertex -16.7283 18.5786 8.5
    endloop
  endfacet
  facet normal 0.951054 -0.309026 0
    outer loop
      vertex 22.8386 -10.1684 58.5
      vertex 24.4537 -5.19779 8.5
      vertex 24.4537 -5.19779 58.5
    endloop
  endfacet
  facet normal 0.951054 -0.309026 0
    outer loop
      vertex 24.4537 -5.19779 8.5
      vertex 22.8386 -10.1684 58.5
      vertex 22.8386 -10.1684 8.5
    endloop
  endfacet
  facet normal 0 1 -0
    outer loop
      vertex 2.61321 24.863 8.5
      vertex -2.61321 24.863 58.5
      vertex 2.61321 24.863 58.5
    endloop
  endfacet
  facet normal 0 1 0
    outer loop
      vertex -2.61321 24.863 58.5
      vertex 2.61321 24.863 8.5
      vertex -2.61321 24.863 8.5
    endloop
  endfacet
  facet normal -0.58778 -0.809021 0
    outer loop
      vertex -16.7283 -18.5786 8.5
      vertex -12.5 -21.6506 58.5
      vertex -16.7283 -18.5786 58.5
    endloop
  endfacet
  facet normal -0.58778 -0.809021 -0
    outer loop
      vertex -12.5 -21.6506 58.5
      vertex -16.7283 -18.5786 8.5
      vertex -12.5 -21.6506 8.5
    endloop
  endfacet
  facet normal -0.40674 0.913544 0
    outer loop
      vertex -7.72542 23.7764 8.5
      vertex -12.5 21.6506 58.5
      vertex -7.72542 23.7764 58.5
    endloop
  endfacet
  facet normal -0.40674 0.913544 0
    outer loop
      vertex -12.5 21.6506 58.5
      vertex -7.72542 23.7764 8.5
      vertex -12.5 21.6506 8.5
    endloop
  endfacet
  facet normal -0.994522 -0.104527 0
    outer loop
      vertex -24.4537 -5.19779 8.5
      vertex -25 0 58.5
      vertex -25 0 8.5
    endloop
  endfacet
  facet normal -0.994522 -0.104527 0
    outer loop
      vertex -25 0 58.5
      vertex -24.4537 -5.19779 8.5
      vertex -24.4537 -5.19779 58.5
    endloop
  endfacet
  facet normal -0.743151 -0.669123 0
    outer loop
      vertex -16.7283 -18.5786 8.5
      vertex -20.2254 -14.6946 58.5
      vertex -20.2254 -14.6946 8.5
    endloop
  endfacet
  facet normal -0.743151 -0.669123 0
    outer loop
      vertex -20.2254 -14.6946 58.5
      vertex -16.7283 -18.5786 8.5
      vertex -16.7283 -18.5786 58.5
    endloop
  endfacet
  facet normal -0.866018 -0.500013 0
    outer loop
      vertex -20.2254 -14.6946 8.5
      vertex -21.8369 -11.9035 58.5
      vertex -21.8369 -11.9035 8.5
    endloop
  endfacet
  facet normal -0.866018 -0.500013 0
    outer loop
      vertex -21.8369 -11.9035 58.5
      vertex -20.2254 -14.6946 8.5
      vertex -20.2254 -14.6946 58.5
    endloop
  endfacet
  facet normal 0.207906 -0.978149 0
    outer loop
      vertex 2.61321 -24.863 8.5
      vertex 7.72542 -23.7764 58.5
      vertex 2.61321 -24.863 58.5
    endloop
  endfacet
  facet normal 0.207906 -0.978149 0
    outer loop
      vertex 7.72542 -23.7764 58.5
      vertex 2.61321 -24.863 8.5
      vertex 7.72542 -23.7764 8.5
    endloop
  endfacet
  facet normal -0.994522 0.104527 0
    outer loop
      vertex -25 0 8.5
      vertex -24.4537 5.19779 58.5
      vertex -24.4537 5.19779 8.5
    endloop
  endfacet
  facet normal -0.994522 0.104527 0
    outer loop
      vertex -24.4537 5.19779 58.5
      vertex -25 0 8.5
      vertex -25 0 58.5
    endloop
  endfacet
  facet normal 0.207906 0.978149 -0
    outer loop
      vertex 7.72542 23.7764 8.5
      vertex 2.61321 24.863 58.5
      vertex 7.72542 23.7764 58.5
    endloop
  endfacet
  facet normal 0.207906 0.978149 0
    outer loop
      vertex 2.61321 24.863 58.5
      vertex 7.72542 23.7764 8.5
      vertex 2.61321 24.863 8.5
    endloop
  endfacet
  facet normal 0.587735 0.809053 -0
    outer loop
      vertex 16.7283 18.5786 8.5
      vertex 16.5298 18.7228 58.5
      vertex 16.7283 18.5786 58.5
    endloop
  endfacet
  facet normal 0.587735 0.809053 0
    outer loop
      vertex 16.5298 18.7228 58.5
      vertex 16.7283 18.5786 8.5
      vertex 16.5298 18.7228 8.5
    endloop
  endfacet
  facet normal 0.587769 0.809029 -0
    outer loop
      vertex 14.5052 20.1938 8.5
      vertex 12.5 21.6506 58.5
      vertex 14.5052 20.1938 58.5
    endloop
  endfacet
  facet normal 0.587769 0.809029 0
    outer loop
      vertex 12.5 21.6506 58.5
      vertex 14.5052 20.1938 8.5
      vertex 12.5 21.6506 8.5
    endloop
  endfacet
  facet normal -0.207891 0.978152 0
    outer loop
      vertex -2.61321 24.863 8.5
      vertex -4.31035 24.5023 58.5
      vertex -2.61321 24.863 58.5
    endloop
  endfacet
  facet normal -0.207891 0.978152 0
    outer loop
      vertex -4.31035 24.5023 58.5
      vertex -2.61321 24.863 8.5
      vertex -4.31035 24.5023 8.5
    endloop
  endfacet
  facet normal -0.207952 0.978139 0
    outer loop
      vertex -6.75599 23.9825 8.5
      vertex -7.72542 23.7764 58.5
      vertex -6.75599 23.9825 58.5
    endloop
  endfacet
  facet normal -0.207952 0.978139 0
    outer loop
      vertex -7.72542 23.7764 58.5
      vertex -6.75599 23.9825 8.5
      vertex -7.72542 23.7764 8.5
    endloop
  endfacet
  facet normal 0.40674 -0.913544 0
    outer loop
      vertex 7.72542 -23.7764 8.5
      vertex 12.5 -21.6506 58.5
      vertex 7.72542 -23.7764 58.5
    endloop
  endfacet
  facet normal 0.40674 -0.913544 0
    outer loop
      vertex 12.5 -21.6506 58.5
      vertex 7.72542 -23.7764 8.5
      vertex 12.5 -21.6506 8.5
    endloop
  endfacet
  facet normal 0 -1 0
    outer loop
      vertex -2.61321 -24.863 8.5
      vertex 2.61321 -24.863 58.5
      vertex -2.61321 -24.863 58.5
    endloop
  endfacet
  facet normal 0 -1 -0
    outer loop
      vertex 2.61321 -24.863 58.5
      vertex -2.61321 -24.863 8.5
      vertex 2.61321 -24.863 8.5
    endloop
  endfacet
  facet normal -0.207891 -0.978152 0
    outer loop
      vertex -4.31035 -24.5023 8.5
      vertex -2.61321 -24.863 58.5
      vertex -4.31035 -24.5023 58.5
    endloop
  endfacet
  facet normal -0.207891 -0.978152 -0
    outer loop
      vertex -2.61321 -24.863 58.5
      vertex -4.31035 -24.5023 8.5
      vertex -2.61321 -24.863 8.5
    endloop
  endfacet
  facet normal -0.207952 -0.978139 0
    outer loop
      vertex -7.72542 -23.7764 8.5
      vertex -6.75599 -23.9825 58.5
      vertex -7.72542 -23.7764 58.5
    endloop
  endfacet
  facet normal -0.207952 -0.978139 -0
    outer loop
      vertex -6.75599 -23.9825 58.5
      vertex -7.72542 -23.7764 8.5
      vertex -6.75599 -23.9825 8.5
    endloop
  endfacet
  facet normal -0.951055 0.309021 0
    outer loop
      vertex -24.4537 5.19779 8.5
      vertex -22.9952 9.68652 58.5
      vertex -22.9952 9.68652 8.5
    endloop
  endfacet
  facet normal -0.951055 0.309021 0
    outer loop
      vertex -22.9952 9.68652 58.5
      vertex -24.4537 5.19779 8.5
      vertex -24.4537 5.19779 58.5
    endloop
  endfacet
  facet normal -0.951059 -0.309008 0
    outer loop
      vertex 12.2268 2.5989 8.5
      vertex 11.4193 5.08421 58.5
      vertex 11.4193 5.08421 8.5
    endloop
  endfacet
  facet normal -0.951059 -0.309008 0
    outer loop
      vertex 11.4193 5.08421 58.5
      vertex 12.2268 2.5989 8.5
      vertex 12.2268 2.5989 58.5
    endloop
  endfacet
  facet normal -0.99452 -0.104545 0
    outer loop
      vertex 12.5 0 8.5
      vertex 12.2268 2.5989 58.5
      vertex 12.2268 2.5989 8.5
    endloop
  endfacet
  facet normal -0.99452 -0.104545 0
    outer loop
      vertex 12.2268 2.5989 58.5
      vertex 12.5 0 8.5
      vertex 12.5 0 58.5
    endloop
  endfacet
  facet normal -0.866026 -0.5 0
    outer loop
      vertex 11.4193 5.08421 8.5
      vertex 10.1127 7.34731 58.5
      vertex 10.1127 7.34731 8.5
    endloop
  endfacet
  facet normal -0.866026 -0.5 0
    outer loop
      vertex 10.1127 7.34731 58.5
      vertex 11.4193 5.08421 8.5
      vertex 11.4193 5.08421 58.5
    endloop
  endfacet
  facet normal -0.587781 0.80902 0
    outer loop
      vertex 8.36413 -9.28931 8.5
      vertex 6.25 -10.8253 58.5
      vertex 8.36413 -9.28931 58.5
    endloop
  endfacet
  facet normal -0.587781 0.80902 0
    outer loop
      vertex 6.25 -10.8253 58.5
      vertex 8.36413 -9.28931 8.5
      vertex 6.25 -10.8253 8.5
    endloop
  endfacet
  facet normal 0.743148 -0.669128 0
    outer loop
      vertex -10.1127 7.34731 58.5
      vertex -8.36413 9.28931 8.5
      vertex -8.36413 9.28931 58.5
    endloop
  endfacet
  facet normal 0.743148 -0.669128 0
    outer loop
      vertex -8.36413 9.28931 8.5
      vertex -10.1127 7.34731 58.5
      vertex -10.1127 7.34731 8.5
    endloop
  endfacet
  facet normal -0.40674 -0.913544 0
    outer loop
      vertex 3.86271 11.8882 8.5
      vertex 6.25 10.8253 58.5
      vertex 3.86271 11.8882 58.5
    endloop
  endfacet
  facet normal -0.40674 -0.913544 -0
    outer loop
      vertex 6.25 10.8253 58.5
      vertex 3.86271 11.8882 8.5
      vertex 6.25 10.8253 8.5
    endloop
  endfacet
  facet normal 0.743148 0.669128 0
    outer loop
      vertex -8.36413 -9.28931 58.5
      vertex -10.1127 -7.34731 8.5
      vertex -10.1127 -7.34731 58.5
    endloop
  endfacet
  facet normal 0.743148 0.669128 0
    outer loop
      vertex -10.1127 -7.34731 8.5
      vertex -8.36413 -9.28931 58.5
      vertex -8.36413 -9.28931 8.5
    endloop
  endfacet
  facet normal 0 1 -0
    outer loop
      vertex 1.30661 -12.4315 8.5
      vertex -1.30661 -12.4315 58.5
      vertex 1.30661 -12.4315 58.5
    endloop
  endfacet
  facet normal 0 1 0
    outer loop
      vertex -1.30661 -12.4315 58.5
      vertex 1.30661 -12.4315 8.5
      vertex -1.30661 -12.4315 8.5
    endloop
  endfacet
  facet normal -0.99452 0.104545 0
    outer loop
      vertex 12.2268 -2.5989 8.5
      vertex 12.5 0 58.5
      vertex 12.5 0 8.5
    endloop
  endfacet
  facet normal -0.99452 0.104545 0
    outer loop
      vertex 12.5 0 58.5
      vertex 12.2268 -2.5989 8.5
      vertex 12.2268 -2.5989 58.5
    endloop
  endfacet
  facet normal 0.40674 -0.913544 0
    outer loop
      vertex -6.25 10.8253 8.5
      vertex -3.86271 11.8882 58.5
      vertex -6.25 10.8253 58.5
    endloop
  endfacet
  facet normal 0.40674 -0.913544 0
    outer loop
      vertex -3.86271 11.8882 58.5
      vertex -6.25 10.8253 8.5
      vertex -3.86271 11.8882 8.5
    endloop
  endfacet
  facet normal -0.743148 -0.669128 0
    outer loop
      vertex 10.1127 7.34731 8.5
      vertex 8.36413 9.28931 58.5
      vertex 8.36413 9.28931 8.5
    endloop
  endfacet
  facet normal -0.743148 -0.669128 0
    outer loop
      vertex 8.36413 9.28931 58.5
      vertex 10.1127 7.34731 8.5
      vertex 10.1127 7.34731 58.5
    endloop
  endfacet
  facet normal 0.99452 0.104545 0
    outer loop
      vertex -12.2268 -2.5989 58.5
      vertex -12.5 0 8.5
      vertex -12.5 0 58.5
    endloop
  endfacet
  facet normal 0.99452 0.104545 0
    outer loop
      vertex -12.5 0 8.5
      vertex -12.2268 -2.5989 58.5
      vertex -12.2268 -2.5989 8.5
    endloop
  endfacet
  facet normal 0.40674 0.913544 -0
    outer loop
      vertex -3.86271 -11.8882 8.5
      vertex -6.25 -10.8253 58.5
      vertex -3.86271 -11.8882 58.5
    endloop
  endfacet
  facet normal 0.40674 0.913544 0
    outer loop
      vertex -6.25 -10.8253 58.5
      vertex -3.86271 -11.8882 8.5
      vertex -6.25 -10.8253 8.5
    endloop
  endfacet
  facet normal -0.866026 0.5 0
    outer loop
      vertex 10.1127 -7.34731 8.5
      vertex 11.4193 -5.08421 58.5
      vertex 11.4193 -5.08421 8.5
    endloop
  endfacet
  facet normal -0.866026 0.5 0
    outer loop
      vertex 11.4193 -5.08421 58.5
      vertex 10.1127 -7.34731 8.5
      vertex 10.1127 -7.34731 58.5
    endloop
  endfacet
  facet normal -0.951059 0.309008 0
    outer loop
      vertex 11.4193 -5.08421 8.5
      vertex 12.2268 -2.5989 58.5
      vertex 12.2268 -2.5989 8.5
    endloop
  endfacet
  facet normal -0.951059 0.309008 0
    outer loop
      vertex 12.2268 -2.5989 58.5
      vertex 11.4193 -5.08421 8.5
      vertex 11.4193 -5.08421 58.5
    endloop
  endfacet
  facet normal 0.951059 0.309008 0
    outer loop
      vertex -11.4193 -5.08421 58.5
      vertex -12.2268 -2.5989 8.5
      vertex -12.2268 -2.5989 58.5
    endloop
  endfacet
  facet normal 0.951059 0.309008 0
    outer loop
      vertex -12.2268 -2.5989 8.5
      vertex -11.4193 -5.08421 58.5
      vertex -11.4193 -5.08421 8.5
    endloop
  endfacet
  facet normal -0.207906 0.978149 0
    outer loop
      vertex 3.86271 -11.8882 8.5
      vertex 1.30661 -12.4315 58.5
      vertex 3.86271 -11.8882 58.5
    endloop
  endfacet
  facet normal -0.207906 0.978149 0
    outer loop
      vertex 1.30661 -12.4315 58.5
      vertex 3.86271 -11.8882 8.5
      vertex 1.30661 -12.4315 8.5
    endloop
  endfacet
  facet normal 0.951059 -0.309008 0
    outer loop
      vertex -12.2268 2.5989 58.5
      vertex -11.4193 5.08421 8.5
      vertex -11.4193 5.08421 58.5
    endloop
  endfacet
  facet normal 0.951059 -0.309008 0
    outer loop
      vertex -11.4193 5.08421 8.5
      vertex -12.2268 2.5989 58.5
      vertex -12.2268 2.5989 8.5
    endloop
  endfacet
  facet normal 0 -1 0
    outer loop
      vertex -1.30661 12.4315 8.5
      vertex 1.30661 12.4315 58.5
      vertex -1.30661 12.4315 58.5
    endloop
  endfacet
  facet normal 0 -1 -0
    outer loop
      vertex 1.30661 12.4315 58.5
      vertex -1.30661 12.4315 8.5
      vertex 1.30661 12.4315 8.5
    endloop
  endfacet
  facet normal -0.743148 0.669128 0
    outer loop
      vertex 8.36413 -9.28931 8.5
      vertex 10.1127 -7.34731 58.5
      vertex 10.1127 -7.34731 8.5
    endloop
  endfacet
  facet normal -0.743148 0.669128 0
    outer loop
      vertex 10.1127 -7.34731 58.5
      vertex 8.36413 -9.28931 8.5
      vertex 8.36413 -9.28931 58.5
    endloop
  endfacet
  facet normal 0.207906 0.978149 -0
    outer loop
      vertex -1.30661 -12.4315 8.5
      vertex -3.86271 -11.8882 58.5
      vertex -1.30661 -12.4315 58.5
    endloop
  endfacet
  facet normal 0.207906 0.978149 0
    outer loop
      vertex -3.86271 -11.8882 58.5
      vertex -1.30661 -12.4315 8.5
      vertex -3.86271 -11.8882 8.5
    endloop
  endfacet
  facet normal 0.866026 -0.5 0
    outer loop
      vertex -11.4193 5.08421 58.5
      vertex -10.1127 7.34731 8.5
      vertex -10.1127 7.34731 58.5
    endloop
  endfacet
  facet normal 0.866026 -0.5 0
    outer loop
      vertex -10.1127 7.34731 8.5
      vertex -11.4193 5.08421 58.5
      vertex -11.4193 5.08421 8.5
    endloop
  endfacet
  facet normal 0.866026 0.5 0
    outer loop
      vertex -10.1127 -7.34731 58.5
      vertex -11.4193 -5.08421 8.5
      vertex -11.4193 -5.08421 58.5
    endloop
  endfacet
  facet normal 0.866026 0.5 0
    outer loop
      vertex -11.4193 -5.08421 8.5
      vertex -10.1127 -7.34731 58.5
      vertex -10.1127 -7.34731 8.5
    endloop
  endfacet
  facet normal -0.207906 -0.978149 0
    outer loop
      vertex 1.30661 12.4315 8.5
      vertex 3.86271 11.8882 58.5
      vertex 1.30661 12.4315 58.5
    endloop
  endfacet
  facet normal -0.207906 -0.978149 -0
    outer loop
      vertex 3.86271 11.8882 58.5
      vertex 1.30661 12.4315 8.5
      vertex 3.86271 11.8882 8.5
    endloop
  endfacet
  facet normal -0.40674 0.913544 0
    outer loop
      vertex 6.25 -10.8253 8.5
      vertex 3.86271 -11.8882 58.5
      vertex 6.25 -10.8253 58.5
    endloop
  endfacet
  facet normal -0.40674 0.913544 0
    outer loop
      vertex 3.86271 -11.8882 58.5
      vertex 6.25 -10.8253 8.5
      vertex 3.86271 -11.8882 8.5
    endloop
  endfacet
  facet normal -0.587781 -0.80902 0
    outer loop
      vertex 6.25 10.8253 8.5
      vertex 8.36413 9.28931 58.5
      vertex 6.25 10.8253 58.5
    endloop
  endfacet
  facet normal -0.587781 -0.80902 -0
    outer loop
      vertex 8.36413 9.28931 58.5
      vertex 6.25 10.8253 8.5
      vertex 8.36413 9.28931 8.5
    endloop
  endfacet
  facet normal 0.587781 0.80902 -0
    outer loop
      vertex -6.25 -10.8253 8.5
      vertex -8.36413 -9.28931 58.5
      vertex -6.25 -10.8253 58.5
    endloop
  endfacet
  facet normal 0.587781 0.80902 0
    outer loop
      vertex -8.36413 -9.28931 58.5
      vertex -6.25 -10.8253 8.5
      vertex -8.36413 -9.28931 8.5
    endloop
  endfacet
  facet normal 0.587781 -0.80902 0
    outer loop
      vertex -8.36413 9.28931 8.5
      vertex -6.25 10.8253 58.5
      vertex -8.36413 9.28931 58.5
    endloop
  endfacet
  facet normal 0.587781 -0.80902 0
    outer loop
      vertex -6.25 10.8253 58.5
      vertex -8.36413 9.28931 8.5
      vertex -6.25 10.8253 8.5
    endloop
  endfacet
  facet normal 0.207906 -0.978149 0
    outer loop
      vertex -3.86271 11.8882 8.5
      vertex -1.30661 12.4315 58.5
      vertex -3.86271 11.8882 58.5
    endloop
  endfacet
  facet normal 0.207906 -0.978149 0
    outer loop
      vertex -1.30661 12.4315 58.5
      vertex -3.86271 11.8882 8.5
      vertex -1.30661 12.4315 8.5
    endloop
  endfacet
  facet normal 0.99452 -0.104545 0
    outer loop
      vertex -12.5 0 58.5
      vertex -12.2268 2.5989 8.5
      vertex -12.2268 2.5989 58.5
    endloop
  endfacet
  facet normal 0.99452 -0.104545 0
    outer loop
      vertex -12.2268 2.5989 8.5
      vertex -12.5 0 58.5
      vertex -12.5 0 8.5
    endloop
  endfacet
  facet normal 0 0 -1
    outer loop
      vertex 36.4635 -1.42658 -23.75
      vertex 36.4635 1.42658 -23.75
      vertex 37.5 0 -23.75
    endloop
  endfacet
  facet normal 0 0 -1
    outer loop
      vertex 34.7865 -0.881678 -23.75
      vertex 36.4635 1.42658 -23.75
      vertex 36.4635 -1.42658 -23.75
    endloop
  endfacet
  facet normal 0 0 -1
    outer loop
      vertex 36.4635 1.42658 -23.75
      vertex 34.7865 -0.881678 -23.75
      vertex 34.7865 0.881678 -23.75
    endloop
  endfacet
  facet normal 0.382676 0.923883 -0
    outer loop
      vertex 37.7678 1.76777 20.5
      vertex 36 2.5 24.5
      vertex 37.7678 1.76777 24.5
    endloop
  endfacet
  facet normal 0.382676 0.923883 0
    outer loop
      vertex 36 2.5 24.5
      vertex 37.7678 1.76777 20.5
      vertex 36 2.5 20.5
    endloop
  endfacet
  facet normal 0.923886 0.382668 0
    outer loop
      vertex 38.5 0 24.5
      vertex 37.7678 1.76777 20.5
      vertex 37.7678 1.76777 24.5
    endloop
  endfacet
  facet normal 0.923886 0.382668 0
    outer loop
      vertex 37.7678 1.76777 20.5
      vertex 38.5 0 24.5
      vertex 38.5 0 20.5
    endloop
  endfacet
  facet normal -0.382676 0.923883 0
    outer loop
      vertex 36 2.5 20.5
      vertex 34.2322 1.76777 24.5
      vertex 36 2.5 24.5
    endloop
  endfacet
  facet normal -0.382676 0.923883 0
    outer loop
      vertex 34.2322 1.76777 24.5
      vertex 36 2.5 20.5
      vertex 34.2322 1.76777 20.5
    endloop
  endfacet
  facet normal 0 0 1
    outer loop
      vertex 37.7678 1.76777 24.5
      vertex 37.7678 -1.76777 24.5
      vertex 38.5 0 24.5
    endloop
  endfacet
  facet normal 0 0 1
    outer loop
      vertex 36 2.5 24.5
      vertex 37.7678 -1.76777 24.5
      vertex 37.7678 1.76777 24.5
    endloop
  endfacet
  facet normal 0 0 1
    outer loop
      vertex 36 2.5 24.5
      vertex 36 -2.5 24.5
      vertex 37.7678 -1.76777 24.5
    endloop
  endfacet
  facet normal -0 0 1
    outer loop
      vertex 34.2322 1.76777 24.5
      vertex 36 -2.5 24.5
      vertex 36 2.5 24.5
    endloop
  endfacet
  facet normal 0 0 1
    outer loop
      vertex 34.2322 1.76777 24.5
      vertex 34.2322 -1.76777 24.5
      vertex 36 -2.5 24.5
    endloop
  endfacet
  facet normal 0 -0 1
    outer loop
      vertex 34.2322 -1.76777 24.5
      vertex 34.2322 1.76777 24.5
      vertex 33.5 0 24.5
    endloop
  endfacet
  facet normal 0.923886 -0.382668 0
    outer loop
      vertex 37.7678 -1.76777 24.5
      vertex 38.5 0 20.5
      vertex 38.5 0 24.5
    endloop
  endfacet
  facet normal 0.923886 -0.382668 0
    outer loop
      vertex 38.5 0 20.5
      vertex 37.7678 -1.76777 24.5
      vertex 37.7678 -1.76777 20.5
    endloop
  endfacet
  facet normal -0.923886 0.382668 0
    outer loop
      vertex 33.5 0 20.5
      vertex 34.2322 1.76777 24.5
      vertex 34.2322 1.76777 20.5
    endloop
  endfacet
  facet normal -0.923886 0.382668 0
    outer loop
      vertex 34.2322 1.76777 24.5
      vertex 33.5 0 20.5
      vertex 33.5 0 24.5
    endloop
  endfacet
  facet normal -0.382676 -0.923883 0
    outer loop
      vertex 34.2322 -1.76777 20.5
      vertex 36 -2.5 24.5
      vertex 34.2322 -1.76777 24.5
    endloop
  endfacet
  facet normal -0.382676 -0.923883 -0
    outer loop
      vertex 36 -2.5 24.5
      vertex 34.2322 -1.76777 20.5
      vertex 36 -2.5 20.5
    endloop
  endfacet
  facet normal 0 0 -1
    outer loop
      vertex 37.5 0 20.5
      vertex 38.5 0 20.5
      vertex 37.7678 -1.76777 20.5
    endloop
  endfacet
  facet normal 0 0 -1
    outer loop
      vertex 38.5 0 20.5
      vertex 37.5 0 20.5
      vertex 37.7678 1.76777 20.5
    endloop
  endfacet
  facet normal 0 0 -1
    outer loop
      vertex 37.7678 -1.76777 20.5
      vertex 36.4635 -1.42658 20.5
      vertex 37.5 0 20.5
    endloop
  endfacet
  facet normal 0 0 -1
    outer loop
      vertex 36 -2.5 20.5
      vertex 36.4635 -1.42658 20.5
      vertex 37.7678 -1.76777 20.5
    endloop
  endfacet
  facet normal 0 0 -1
    outer loop
      vertex 36 -2.5 20.5
      vertex 34.7865 -0.881678 20.5
      vertex 36.4635 -1.42658 20.5
    endloop
  endfacet
  facet normal 0 0 -1
    outer loop
      vertex 33.5 0 20.5
      vertex 34.7865 -0.881678 20.5
      vertex 34.2322 -1.76777 20.5
    endloop
  endfacet
  facet normal 0 0 -1
    outer loop
      vertex 34.2322 -1.76777 20.5
      vertex 34.7865 -0.881678 20.5
      vertex 36 -2.5 20.5
    endloop
  endfacet
  facet normal 0 0 -1
    outer loop
      vertex 36.4635 1.42658 20.5
      vertex 37.7678 1.76777 20.5
      vertex 37.5 0 20.5
    endloop
  endfacet
  facet normal 0 0 -1
    outer loop
      vertex 36.4635 1.42658 20.5
      vertex 36 2.5 20.5
      vertex 37.7678 1.76777 20.5
    endloop
  endfacet
  facet normal 0 0 -1
    outer loop
      vertex 34.7865 0.881678 20.5
      vertex 36 2.5 20.5
      vertex 36.4635 1.42658 20.5
    endloop
  endfacet
  facet normal 0 0 -1
    outer loop
      vertex 34.7865 0.881678 20.5
      vertex 34.2322 1.76777 20.5
      vertex 36 2.5 20.5
    endloop
  endfacet
  facet normal 0 0 -1
    outer loop
      vertex 34.7865 -0.881678 20.5
      vertex 33.5 0 20.5
      vertex 34.7865 0.881678 20.5
    endloop
  endfacet
  facet normal -0 0 -1
    outer loop
      vertex 34.7865 0.881678 20.5
      vertex 33.5 0 20.5
      vertex 34.2322 1.76777 20.5
    endloop
  endfacet
  facet normal 0.382676 -0.923883 0
    outer loop
      vertex 36 -2.5 20.5
      vertex 37.7678 -1.76777 24.5
      vertex 36 -2.5 24.5
    endloop
  endfacet
  facet normal 0.382676 -0.923883 0
    outer loop
      vertex 37.7678 -1.76777 24.5
      vertex 36 -2.5 20.5
      vertex 37.7678 -1.76777 20.5
    endloop
  endfacet
  facet normal -0.923886 -0.382668 0
    outer loop
      vertex 34.2322 -1.76777 20.5
      vertex 33.5 0 24.5
      vertex 33.5 0 20.5
    endloop
  endfacet
  facet normal -0.923886 -0.382668 0
    outer loop
      vertex 33.5 0 24.5
      vertex 34.2322 -1.76777 20.5
      vertex 34.2322 -1.76777 24.5
    endloop
  endfacet
  facet normal 0 0 -1
    outer loop
      vertex 35.2369 7.8909 -23.75
      vertex 35.2369 10.7441 -23.75
      vertex 36.2733 9.31748 -23.75
    endloop
  endfacet
  facet normal 0 0 -1
    outer loop
      vertex 33.5598 8.43581 -23.75
      vertex 35.2369 10.7441 -23.75
      vertex 35.2369 7.8909 -23.75
    endloop
  endfacet
  facet normal 0 0 -1
    outer loop
      vertex 35.2369 10.7441 -23.75
      vertex 33.5598 8.43581 -23.75
      vertex 33.5598 10.1992 -23.75
    endloop
  endfacet
  facet normal -0.923867 -0.382715 0
    outer loop
      vertex 33.0056 7.54972 20.5
      vertex 32.2733 9.31748 24.5
      vertex 32.2733 9.31748 20.5
    endloop
  endfacet
  facet normal -0.923867 -0.382715 0
    outer loop
      vertex 32.2733 9.31748 24.5
      vertex 33.0056 7.54972 20.5
      vertex 33.0056 7.54972 24.5
    endloop
  endfacet
  facet normal 0.382663 0.923888 -0
    outer loop
      vertex 36.5411 11.0853 20.5
      vertex 34.7733 11.8175 24.5
      vertex 36.5411 11.0853 24.5
    endloop
  endfacet
  facet normal 0.382663 0.923888 0
    outer loop
      vertex 34.7733 11.8175 24.5
      vertex 36.5411 11.0853 20.5
      vertex 34.7733 11.8175 20.5
    endloop
  endfacet
  facet normal 0.92389 0.382659 0
    outer loop
      vertex 37.2733 9.31748 24.5
      vertex 36.5411 11.0853 20.5
      vertex 36.5411 11.0853 24.5
    endloop
  endfacet
  facet normal 0.92389 0.382659 0
    outer loop
      vertex 36.5411 11.0853 20.5
      vertex 37.2733 9.31748 24.5
      vertex 37.2733 9.31748 20.5
    endloop
  endfacet
  facet normal 0.923885 -0.38267 0
    outer loop
      vertex 36.5411 7.54972 24.5
      vertex 37.2733 9.31748 20.5
      vertex 37.2733 9.31748 24.5
    endloop
  endfacet
  facet normal 0.923885 -0.38267 0
    outer loop
      vertex 37.2733 9.31748 20.5
      vertex 36.5411 7.54972 24.5
      vertex 36.5411 7.54972 20.5
    endloop
  endfacet
  facet normal -0.382699 -0.923873 0
    outer loop
      vertex 33.0056 7.54972 20.5
      vertex 34.7733 6.81748 24.5
      vertex 33.0056 7.54972 24.5
    endloop
  endfacet
  facet normal -0.382699 -0.923873 -0
    outer loop
      vertex 34.7733 6.81748 24.5
      vertex 33.0056 7.54972 20.5
      vertex 34.7733 6.81748 20.5
    endloop
  endfacet
  facet normal -0.382681 0.923881 0
    outer loop
      vertex 34.7733 11.8175 20.5
      vertex 33.0056 11.0853 24.5
      vertex 34.7733 11.8175 24.5
    endloop
  endfacet
  facet normal -0.382681 0.923881 0
    outer loop
      vertex 33.0056 11.0853 24.5
      vertex 34.7733 11.8175 20.5
      vertex 33.0056 11.0853 20.5
    endloop
  endfacet
  facet normal -0.923871 0.382703 0
    outer loop
      vertex 32.2733 9.31748 20.5
      vertex 33.0056 11.0853 24.5
      vertex 33.0056 11.0853 20.5
    endloop
  endfacet
  facet normal -0.923871 0.382703 0
    outer loop
      vertex 33.0056 11.0853 24.5
      vertex 32.2733 9.31748 20.5
      vertex 32.2733 9.31748 24.5
    endloop
  endfacet
  facet normal 0.38268 -0.923881 0
    outer loop
      vertex 34.7733 6.81748 20.5
      vertex 36.5411 7.54972 24.5
      vertex 34.7733 6.81748 24.5
    endloop
  endfacet
  facet normal 0.38268 -0.923881 0
    outer loop
      vertex 36.5411 7.54972 24.5
      vertex 34.7733 6.81748 20.5
      vertex 36.5411 7.54972 20.5
    endloop
  endfacet
  facet normal 0 0 1
    outer loop
      vertex 36.5411 11.0853 24.5
      vertex 36.5411 7.54972 24.5
      vertex 37.2733 9.31748 24.5
    endloop
  endfacet
  facet normal 0 0 1
    outer loop
      vertex 34.7733 11.8175 24.5
      vertex 36.5411 7.54972 24.5
      vertex 36.5411 11.0853 24.5
    endloop
  endfacet
  facet normal 0 0 1
    outer loop
      vertex 34.7733 11.8175 24.5
      vertex 34.7733 6.81748 24.5
      vertex 36.5411 7.54972 24.5
    endloop
  endfacet
  facet normal -0 0 1
    outer loop
      vertex 33.0056 11.0853 24.5
      vertex 34.7733 6.81748 24.5
      vertex 34.7733 11.8175 24.5
    endloop
  endfacet
  facet normal 0 0 1
    outer loop
      vertex 33.0056 11.0853 24.5
      vertex 33.0056 7.54972 24.5
      vertex 34.7733 6.81748 24.5
    endloop
  endfacet
  facet normal 0 -0 1
    outer loop
      vertex 33.0056 7.54972 24.5
      vertex 33.0056 11.0853 24.5
      vertex 32.2733 9.31748 24.5
    endloop
  endfacet
  facet normal 0 0 -1
    outer loop
      vertex 36.2733 9.31748 20.5
      vertex 37.2733 9.31748 20.5
      vertex 36.5411 7.54972 20.5
    endloop
  endfacet
  facet normal 0 0 -1
    outer loop
      vertex 37.2733 9.31748 20.5
      vertex 36.2733 9.31748 20.5
      vertex 36.5411 11.0853 20.5
    endloop
  endfacet
  facet normal 0 0 -1
    outer loop
      vertex 36.5411 7.54972 20.5
      vertex 35.2369 7.8909 20.5
      vertex 36.2733 9.31748 20.5
    endloop
  endfacet
  facet normal 0 0 -1
    outer loop
      vertex 34.7733 6.81748 20.5
      vertex 35.2369 7.8909 20.5
      vertex 36.5411 7.54972 20.5
    endloop
  endfacet
  facet normal 0 0 -1
    outer loop
      vertex 34.7733 6.81748 20.5
      vertex 33.5598 8.43581 20.5
      vertex 35.2369 7.8909 20.5
    endloop
  endfacet
  facet normal 0 0 -1
    outer loop
      vertex 32.2733 9.31748 20.5
      vertex 33.5598 8.43581 20.5
      vertex 33.0056 7.54972 20.5
    endloop
  endfacet
  facet normal 0 0 -1
    outer loop
      vertex 33.0056 7.54972 20.5
      vertex 33.5598 8.43581 20.5
      vertex 34.7733 6.81748 20.5
    endloop
  endfacet
  facet normal 0 0 -1
    outer loop
      vertex 35.2369 10.7441 20.5
      vertex 36.5411 11.0853 20.5
      vertex 36.2733 9.31748 20.5
    endloop
  endfacet
  facet normal 0 0 -1
    outer loop
      vertex 35.2369 10.7441 20.5
      vertex 34.7733 11.8175 20.5
      vertex 36.5411 11.0853 20.5
    endloop
  endfacet
  facet normal 0 0 -1
    outer loop
      vertex 33.5598 10.1992 20.5
      vertex 34.7733 11.8175 20.5
      vertex 35.2369 10.7441 20.5
    endloop
  endfacet
  facet normal 0 0 -1
    outer loop
      vertex 33.5598 10.1992 20.5
      vertex 33.0056 11.0853 20.5
      vertex 34.7733 11.8175 20.5
    endloop
  endfacet
  facet normal 0 0 -1
    outer loop
      vertex 33.5598 8.43581 20.5
      vertex 32.2733 9.31748 20.5
      vertex 33.5598 10.1992 20.5
    endloop
  endfacet
  facet normal -0 0 -1
    outer loop
      vertex 33.5598 10.1992 20.5
      vertex 32.2733 9.31748 20.5
      vertex 33.0056 11.0853 20.5
    endloop
  endfacet
  facet normal 0 0 -1
    outer loop
      vertex 31.6404 16.5734 -23.75
      vertex 31.6404 19.4266 -23.75
      vertex 32.6769 18 -23.75
    endloop
  endfacet
  facet normal 0 0 -1
    outer loop
      vertex 29.9634 17.1183 -23.75
      vertex 31.6404 19.4266 -23.75
      vertex 31.6404 16.5734 -23.75
    endloop
  endfacet
  facet normal 0 0 -1
    outer loop
      vertex 31.6404 19.4266 -23.75
      vertex 29.9634 17.1183 -23.75
      vertex 29.9634 18.8817 -23.75
    endloop
  endfacet
  facet normal -0.382663 -0.923888 0
    outer loop
      vertex 29.4091 16.2322 20.5
      vertex 31.1769 15.5 24.5
      vertex 29.4091 16.2322 24.5
    endloop
  endfacet
  facet normal -0.382663 -0.923888 -0
    outer loop
      vertex 31.1769 15.5 24.5
      vertex 29.4091 16.2322 20.5
      vertex 31.1769 15.5 20.5
    endloop
  endfacet
  facet normal 0.382663 0.923888 -0
    outer loop
      vertex 32.9447 19.7678 20.5
      vertex 31.1769 20.5 24.5
      vertex 32.9447 19.7678 24.5
    endloop
  endfacet
  facet normal 0.382663 0.923888 0
    outer loop
      vertex 31.1769 20.5 24.5
      vertex 32.9447 19.7678 20.5
      vertex 31.1769 20.5 20.5
    endloop
  endfacet
  facet normal 0.923888 0.382663 0
    outer loop
      vertex 33.6769 18 24.5
      vertex 32.9447 19.7678 20.5
      vertex 32.9447 19.7678 24.5
    endloop
  endfacet
  facet normal 0.923888 0.382663 0
    outer loop
      vertex 32.9447 19.7678 20.5
      vertex 33.6769 18 24.5
      vertex 33.6769 18 20.5
    endloop
  endfacet
  facet normal -0.382663 0.923888 0
    outer loop
      vertex 31.1769 20.5 20.5
      vertex 29.4091 19.7678 24.5
      vertex 31.1769 20.5 24.5
    endloop
  endfacet
  facet normal -0.382663 0.923888 0
    outer loop
      vertex 29.4091 19.7678 24.5
      vertex 31.1769 20.5 20.5
      vertex 29.4091 19.7678 20.5
    endloop
  endfacet
  facet normal 0.382663 -0.923888 0
    outer loop
      vertex 31.1769 15.5 20.5
      vertex 32.9447 16.2322 24.5
      vertex 31.1769 15.5 24.5
    endloop
  endfacet
  facet normal 0.382663 -0.923888 0
    outer loop
      vertex 32.9447 16.2322 24.5
      vertex 31.1769 15.5 20.5
      vertex 32.9447 16.2322 20.5
    endloop
  endfacet
  facet normal 0.923888 -0.382663 0
    outer loop
      vertex 32.9447 16.2322 24.5
      vertex 33.6769 18 20.5
      vertex 33.6769 18 24.5
    endloop
  endfacet
  facet normal 0.923888 -0.382663 0
    outer loop
      vertex 33.6769 18 20.5
      vertex 32.9447 16.2322 24.5
      vertex 32.9447 16.2322 20.5
    endloop
  endfacet
  facet normal -0.923888 -0.382663 0
    outer loop
      vertex 29.4091 16.2322 20.5
      vertex 28.6769 18 24.5
      vertex 28.6769 18 20.5
    endloop
  endfacet
  facet normal -0.923888 -0.382663 0
    outer loop
      vertex 28.6769 18 24.5
      vertex 29.4091 16.2322 20.5
      vertex 29.4091 16.2322 24.5
    endloop
  endfacet
  facet normal -0.923888 0.382663 0
    outer loop
      vertex 28.6769 18 20.5
      vertex 29.4091 19.7678 24.5
      vertex 29.4091 19.7678 20.5
    endloop
  endfacet
  facet normal -0.923888 0.382663 0
    outer loop
      vertex 29.4091 19.7678 24.5
      vertex 28.6769 18 20.5
      vertex 28.6769 18 24.5
    endloop
  endfacet
  facet normal 0 0 1
    outer loop
      vertex 32.9447 19.7678 24.5
      vertex 32.9447 16.2322 24.5
      vertex 33.6769 18 24.5
    endloop
  endfacet
  facet normal 0 0 1
    outer loop
      vertex 31.1769 20.5 24.5
      vertex 32.9447 16.2322 24.5
      vertex 32.9447 19.7678 24.5
    endloop
  endfacet
  facet normal 0 0 1
    outer loop
      vertex 31.1769 20.5 24.5
      vertex 31.1769 15.5 24.5
      vertex 32.9447 16.2322 24.5
    endloop
  endfacet
  facet normal -0 0 1
    outer loop
      vertex 29.4091 19.7678 24.5
      vertex 31.1769 15.5 24.5
      vertex 31.1769 20.5 24.5
    endloop
  endfacet
  facet normal 0 0 1
    outer loop
      vertex 29.4091 19.7678 24.5
      vertex 29.4091 16.2322 24.5
      vertex 31.1769 15.5 24.5
    endloop
  endfacet
  facet normal 0 -0 1
    outer loop
      vertex 29.4091 16.2322 24.5
      vertex 29.4091 19.7678 24.5
      vertex 28.6769 18 24.5
    endloop
  endfacet
  facet normal 0 0 -1
    outer loop
      vertex 32.6769 18 20.5
      vertex 33.6769 18 20.5
      vertex 32.9447 16.2322 20.5
    endloop
  endfacet
  facet normal 0 0 -1
    outer loop
      vertex 33.6769 18 20.5
      vertex 32.6769 18 20.5
      vertex 32.9447 19.7678 20.5
    endloop
  endfacet
  facet normal 0 0 -1
    outer loop
      vertex 32.9447 16.2322 20.5
      vertex 31.6404 16.5734 20.5
      vertex 32.6769 18 20.5
    endloop
  endfacet
  facet normal 0 0 -1
    outer loop
      vertex 31.1769 15.5 20.5
      vertex 31.6404 16.5734 20.5
      vertex 32.9447 16.2322 20.5
    endloop
  endfacet
  facet normal 0 0 -1
    outer loop
      vertex 31.1769 15.5 20.5
      vertex 29.9634 17.1183 20.5
      vertex 31.6404 16.5734 20.5
    endloop
  endfacet
  facet normal 0 0 -1
    outer loop
      vertex 28.6769 18 20.5
      vertex 29.9634 17.1183 20.5
      vertex 29.4091 16.2322 20.5
    endloop
  endfacet
  facet normal 0 0 -1
    outer loop
      vertex 29.4091 16.2322 20.5
      vertex 29.9634 17.1183 20.5
      vertex 31.1769 15.5 20.5
    endloop
  endfacet
  facet normal 0 0 -1
    outer loop
      vertex 31.6404 19.4266 20.5
      vertex 32.9447 19.7678 20.5
      vertex 32.6769 18 20.5
    endloop
  endfacet
  facet normal 0 0 -1
    outer loop
      vertex 31.6404 19.4266 20.5
      vertex 31.1769 20.5 20.5
      vertex 32.9447 19.7678 20.5
    endloop
  endfacet
  facet normal 0 0 -1
    outer loop
      vertex 29.9634 18.8817 20.5
      vertex 31.1769 20.5 20.5
      vertex 31.6404 19.4266 20.5
    endloop
  endfacet
  facet normal 0 0 -1
    outer loop
      vertex 29.9634 18.8817 20.5
      vertex 29.4091 19.7678 20.5
      vertex 31.1769 20.5 20.5
    endloop
  endfacet
  facet normal 0 0 -1
    outer loop
      vertex 29.9634 17.1183 20.5
      vertex 28.6769 18 20.5
      vertex 29.9634 18.8817 20.5
    endloop
  endfacet
  facet normal -0 0 -1
    outer loop
      vertex 29.9634 18.8817 20.5
      vertex 28.6769 18 20.5
      vertex 29.4091 19.7678 20.5
    endloop
  endfacet
  facet normal 0 0 -1
    outer loop
      vertex 25.9194 24.0293 -23.75
      vertex 25.9194 26.8824 -23.75
      vertex 26.9558 25.4558 -23.75
    endloop
  endfacet
  facet normal 0 0 -1
    outer loop
      vertex 24.2423 24.5742 -23.75
      vertex 25.9194 26.8824 -23.75
      vertex 25.9194 24.0293 -23.75
    endloop
  endfacet
  facet normal 0 0 -1
    outer loop
      vertex 25.9194 26.8824 -23.75
      vertex 24.2423 24.5742 -23.75
      vertex 24.2423 26.3375 -23.75
    endloop
  endfacet
  facet normal -0.923862 -0.382726 0
    outer loop
      vertex 23.6881 23.6881 20.5
      vertex 22.9558 25.4558 24.5
      vertex 22.9558 25.4558 20.5
    endloop
  endfacet
  facet normal -0.923862 -0.382726 0
    outer loop
      vertex 22.9558 25.4558 24.5
      vertex 23.6881 23.6881 20.5
      vertex 23.6881 23.6881 24.5
    endloop
  endfacet
  facet normal 0.382663 0.923888 -0
    outer loop
      vertex 27.2236 27.2236 20.5
      vertex 25.4558 27.9558 24.5
      vertex 27.2236 27.2236 24.5
    endloop
  endfacet
  facet normal 0.382663 0.923888 0
    outer loop
      vertex 25.4558 27.9558 24.5
      vertex 27.2236 27.2236 20.5
      vertex 25.4558 27.9558 20.5
    endloop
  endfacet
  facet normal 0.923888 0.382663 0
    outer loop
      vertex 27.9558 25.4558 24.5
      vertex 27.2236 27.2236 20.5
      vertex 27.2236 27.2236 24.5
    endloop
  endfacet
  facet normal 0.923888 0.382663 0
    outer loop
      vertex 27.2236 27.2236 20.5
      vertex 27.9558 25.4558 24.5
      vertex 27.9558 25.4558 20.5
    endloop
  endfacet
  facet normal 0.923881 -0.382681 0
    outer loop
      vertex 27.2236 23.6881 24.5
      vertex 27.9558 25.4558 20.5
      vertex 27.9558 25.4558 24.5
    endloop
  endfacet
  facet normal 0.923881 -0.382681 0
    outer loop
      vertex 27.9558 25.4558 20.5
      vertex 27.2236 23.6881 24.5
      vertex 27.2236 23.6881 20.5
    endloop
  endfacet
  facet normal -0.382726 -0.923862 0
    outer loop
      vertex 23.6881 23.6881 20.5
      vertex 25.4558 22.9558 24.5
      vertex 23.6881 23.6881 24.5
    endloop
  endfacet
  facet normal -0.382726 -0.923862 -0
    outer loop
      vertex 25.4558 22.9558 24.5
      vertex 23.6881 23.6881 20.5
      vertex 25.4558 22.9558 20.5
    endloop
  endfacet
  facet normal -0.92387 0.382707 0
    outer loop
      vertex 22.9558 25.4558 20.5
      vertex 23.6881 27.2236 24.5
      vertex 23.6881 27.2236 20.5
    endloop
  endfacet
  facet normal -0.92387 0.382707 0
    outer loop
      vertex 23.6881 27.2236 24.5
      vertex 22.9558 25.4558 20.5
      vertex 22.9558 25.4558 24.5
    endloop
  endfacet
  facet normal 0.382707 -0.92387 0
    outer loop
      vertex 25.4558 22.9558 20.5
      vertex 27.2236 23.6881 24.5
      vertex 25.4558 22.9558 24.5
    endloop
  endfacet
  facet normal 0.382707 -0.92387 0
    outer loop
      vertex 27.2236 23.6881 24.5
      vertex 25.4558 22.9558 20.5
      vertex 27.2236 23.6881 20.5
    endloop
  endfacet
  facet normal 0 0 1
    outer loop
      vertex 27.2236 27.2236 24.5
      vertex 27.2236 23.6881 24.5
      vertex 27.9558 25.4558 24.5
    endloop
  endfacet
  facet normal 0 0 1
    outer loop
      vertex 25.4558 27.9558 24.5
      vertex 27.2236 23.6881 24.5
      vertex 27.2236 27.2236 24.5
    endloop
  endfacet
  facet normal 0 0 1
    outer loop
      vertex 25.4558 27.9558 24.5
      vertex 25.4558 22.9558 24.5
      vertex 27.2236 23.6881 24.5
    endloop
  endfacet
  facet normal -0 0 1
    outer loop
      vertex 23.6881 27.2236 24.5
      vertex 25.4558 22.9558 24.5
      vertex 25.4558 27.9558 24.5
    endloop
  endfacet
  facet normal 0 0 1
    outer loop
      vertex 23.6881 27.2236 24.5
      vertex 23.6881 23.6881 24.5
      vertex 25.4558 22.9558 24.5
    endloop
  endfacet
  facet normal 0 -0 1
    outer loop
      vertex 23.6881 23.6881 24.5
      vertex 23.6881 27.2236 24.5
      vertex 22.9558 25.4558 24.5
    endloop
  endfacet
  facet normal -0.382681 0.923881 0
    outer loop
      vertex 25.4558 27.9558 20.5
      vertex 23.6881 27.2236 24.5
      vertex 25.4558 27.9558 24.5
    endloop
  endfacet
  facet normal -0.382681 0.923881 0
    outer loop
      vertex 23.6881 27.2236 24.5
      vertex 25.4558 27.9558 20.5
      vertex 23.6881 27.2236 20.5
    endloop
  endfacet
  facet normal 0 0 -1
    outer loop
      vertex 26.9558 25.4558 20.5
      vertex 27.9558 25.4558 20.5
      vertex 27.2236 23.6881 20.5
    endloop
  endfacet
  facet normal 0 0 -1
    outer loop
      vertex 27.9558 25.4558 20.5
      vertex 26.9558 25.4558 20.5
      vertex 27.2236 27.2236 20.5
    endloop
  endfacet
  facet normal 0 0 -1
    outer loop
      vertex 27.2236 23.6881 20.5
      vertex 25.9194 24.0293 20.5
      vertex 26.9558 25.4558 20.5
    endloop
  endfacet
  facet normal 0 0 -1
    outer loop
      vertex 25.4558 22.9558 20.5
      vertex 25.9194 24.0293 20.5
      vertex 27.2236 23.6881 20.5
    endloop
  endfacet
  facet normal 0 0 -1
    outer loop
      vertex 25.4558 22.9558 20.5
      vertex 24.2423 24.5742 20.5
      vertex 25.9194 24.0293 20.5
    endloop
  endfacet
  facet normal 0 0 -1
    outer loop
      vertex 22.9558 25.4558 20.5
      vertex 24.2423 24.5742 20.5
      vertex 23.6881 23.6881 20.5
    endloop
  endfacet
  facet normal 0 0 -1
    outer loop
      vertex 23.6881 23.6881 20.5
      vertex 24.2423 24.5742 20.5
      vertex 25.4558 22.9558 20.5
    endloop
  endfacet
  facet normal 0 0 -1
    outer loop
      vertex 25.9194 26.8824 20.5
      vertex 27.2236 27.2236 20.5
      vertex 26.9558 25.4558 20.5
    endloop
  endfacet
  facet normal 0 0 -1
    outer loop
      vertex 25.9194 26.8824 20.5
      vertex 25.4558 27.9558 20.5
      vertex 27.2236 27.2236 20.5
    endloop
  endfacet
  facet normal 0 0 -1
    outer loop
      vertex 24.2423 26.3375 20.5
      vertex 25.4558 27.9558 20.5
      vertex 25.9194 26.8824 20.5
    endloop
  endfacet
  facet normal 0 0 -1
    outer loop
      vertex 24.2423 26.3375 20.5
      vertex 23.6881 27.2236 20.5
      vertex 25.4558 27.9558 20.5
    endloop
  endfacet
  facet normal 0 0 -1
    outer loop
      vertex 24.2423 24.5742 20.5
      vertex 22.9558 25.4558 20.5
      vertex 24.2423 26.3375 20.5
    endloop
  endfacet
  facet normal -0 0 -1
    outer loop
      vertex 24.2423 26.3375 20.5
      vertex 22.9558 25.4558 20.5
      vertex 23.6881 27.2236 20.5
    endloop
  endfacet
  facet normal 0 0 -1
    outer loop
      vertex 18.4635 29.7503 -23.75
      vertex 18.4635 32.6035 -23.75
      vertex 19.5 31.1769 -23.75
    endloop
  endfacet
  facet normal 0 0 -1
    outer loop
      vertex 16.7865 30.2952 -23.75
      vertex 18.4635 32.6035 -23.75
      vertex 18.4635 29.7503 -23.75
    endloop
  endfacet
  facet normal 0 0 -1
    outer loop
      vertex 18.4635 32.6035 -23.75
      vertex 16.7865 30.2952 -23.75
      vertex 16.7865 32.0586 -23.75
    endloop
  endfacet
  facet normal 0.382663 0.923888 -0
    outer loop
      vertex 19.7678 32.9447 20.5
      vertex 18 33.6769 24.5
      vertex 19.7678 32.9447 24.5
    endloop
  endfacet
  facet normal 0.382663 0.923888 0
    outer loop
      vertex 18 33.6769 24.5
      vertex 19.7678 32.9447 20.5
      vertex 18 33.6769 20.5
    endloop
  endfacet
  facet normal 0.923888 0.382663 0
    outer loop
      vertex 20.5 31.1769 24.5
      vertex 19.7678 32.9447 20.5
      vertex 19.7678 32.9447 24.5
    endloop
  endfacet
  facet normal 0.923888 0.382663 0
    outer loop
      vertex 19.7678 32.9447 20.5
      vertex 20.5 31.1769 24.5
      vertex 20.5 31.1769 20.5
    endloop
  endfacet
  facet normal -0.382663 0.923888 0
    outer loop
      vertex 18 33.6769 20.5
      vertex 16.2322 32.9447 24.5
      vertex 18 33.6769 24.5
    endloop
  endfacet
  facet normal -0.382663 0.923888 0
    outer loop
      vertex 16.2322 32.9447 24.5
      vertex 18 33.6769 20.5
      vertex 16.2322 32.9447 20.5
    endloop
  endfacet
  facet normal 0 0 1
    outer loop
      vertex 19.7678 32.9447 24.5
      vertex 19.7678 29.4091 24.5
      vertex 20.5 31.1769 24.5
    endloop
  endfacet
  facet normal 0 0 1
    outer loop
      vertex 18 33.6769 24.5
      vertex 19.7678 29.4091 24.5
      vertex 19.7678 32.9447 24.5
    endloop
  endfacet
  facet normal 0 0 1
    outer loop
      vertex 18 33.6769 24.5
      vertex 18 28.6769 24.5
      vertex 19.7678 29.4091 24.5
    endloop
  endfacet
  facet normal -0 0 1
    outer loop
      vertex 16.2322 32.9447 24.5
      vertex 18 28.6769 24.5
      vertex 18 33.6769 24.5
    endloop
  endfacet
  facet normal 0 0 1
    outer loop
      vertex 16.2322 32.9447 24.5
      vertex 16.2322 29.4091 24.5
      vertex 18 28.6769 24.5
    endloop
  endfacet
  facet normal 0 -0 1
    outer loop
      vertex 16.2322 29.4091 24.5
      vertex 16.2322 32.9447 24.5
      vertex 15.5 31.1769 24.5
    endloop
  endfacet
  facet normal 0.923888 -0.382663 0
    outer loop
      vertex 19.7678 29.4091 24.5
      vertex 20.5 31.1769 20.5
      vertex 20.5 31.1769 24.5
    endloop
  endfacet
  facet normal 0.923888 -0.382663 0
    outer loop
      vertex 20.5 31.1769 20.5
      vertex 19.7678 29.4091 24.5
      vertex 19.7678 29.4091 20.5
    endloop
  endfacet
  facet normal -0.923888 0.382663 0
    outer loop
      vertex 15.5 31.1769 20.5
      vertex 16.2322 32.9447 24.5
      vertex 16.2322 32.9447 20.5
    endloop
  endfacet
  facet normal -0.923888 0.382663 0
    outer loop
      vertex 16.2322 32.9447 24.5
      vertex 15.5 31.1769 20.5
      vertex 15.5 31.1769 24.5
    endloop
  endfacet
  facet normal -0.382663 -0.923888 0
    outer loop
      vertex 16.2322 29.4091 20.5
      vertex 18 28.6769 24.5
      vertex 16.2322 29.4091 24.5
    endloop
  endfacet
  facet normal -0.382663 -0.923888 -0
    outer loop
      vertex 18 28.6769 24.5
      vertex 16.2322 29.4091 20.5
      vertex 18 28.6769 20.5
    endloop
  endfacet
  facet normal 0 0 -1
    outer loop
      vertex 19.5 31.1769 20.5
      vertex 20.5 31.1769 20.5
      vertex 19.7678 29.4091 20.5
    endloop
  endfacet
  facet normal 0 0 -1
    outer loop
      vertex 20.5 31.1769 20.5
      vertex 19.5 31.1769 20.5
      vertex 19.7678 32.9447 20.5
    endloop
  endfacet
  facet normal 0 0 -1
    outer loop
      vertex 19.7678 29.4091 20.5
      vertex 18.4635 29.7503 20.5
      vertex 19.5 31.1769 20.5
    endloop
  endfacet
  facet normal 0 0 -1
    outer loop
      vertex 18 28.6769 20.5
      vertex 18.4635 29.7503 20.5
      vertex 19.7678 29.4091 20.5
    endloop
  endfacet
  facet normal 0 0 -1
    outer loop
      vertex 18 28.6769 20.5
      vertex 16.7865 30.2952 20.5
      vertex 18.4635 29.7503 20.5
    endloop
  endfacet
  facet normal 0 0 -1
    outer loop
      vertex 15.5 31.1769 20.5
      vertex 16.7865 30.2952 20.5
      vertex 16.2322 29.4091 20.5
    endloop
  endfacet
  facet normal 0 0 -1
    outer loop
      vertex 16.2322 29.4091 20.5
      vertex 16.7865 30.2952 20.5
      vertex 18 28.6769 20.5
    endloop
  endfacet
  facet normal 0 0 -1
    outer loop
      vertex 18.4635 32.6035 20.5
      vertex 19.7678 32.9447 20.5
      vertex 19.5 31.1769 20.5
    endloop
  endfacet
  facet normal 0 0 -1
    outer loop
      vertex 18.4635 32.6035 20.5
      vertex 18 33.6769 20.5
      vertex 19.7678 32.9447 20.5
    endloop
  endfacet
  facet normal 0 0 -1
    outer loop
      vertex 16.7865 32.0586 20.5
      vertex 18 33.6769 20.5
      vertex 18.4635 32.6035 20.5
    endloop
  endfacet
  facet normal 0 0 -1
    outer loop
      vertex 16.7865 32.0586 20.5
      vertex 16.2322 32.9447 20.5
      vertex 18 33.6769 20.5
    endloop
  endfacet
  facet normal 0 0 -1
    outer loop
      vertex 16.7865 30.2952 20.5
      vertex 15.5 31.1769 20.5
      vertex 16.7865 32.0586 20.5
    endloop
  endfacet
  facet normal -0 0 -1
    outer loop
      vertex 16.7865 32.0586 20.5
      vertex 15.5 31.1769 20.5
      vertex 16.2322 32.9447 20.5
    endloop
  endfacet
  facet normal 0.382663 -0.923888 0
    outer loop
      vertex 18 28.6769 20.5
      vertex 19.7678 29.4091 24.5
      vertex 18 28.6769 24.5
    endloop
  endfacet
  facet normal 0.382663 -0.923888 0
    outer loop
      vertex 19.7678 29.4091 24.5
      vertex 18 28.6769 20.5
      vertex 19.7678 29.4091 20.5
    endloop
  endfacet
  facet normal -0.923888 -0.382663 0
    outer loop
      vertex 16.2322 29.4091 20.5
      vertex 15.5 31.1769 24.5
      vertex 15.5 31.1769 20.5
    endloop
  endfacet
  facet normal -0.923888 -0.382663 0
    outer loop
      vertex 15.5 31.1769 24.5
      vertex 16.2322 29.4091 20.5
      vertex 16.2322 29.4091 24.5
    endloop
  endfacet
  facet normal 0 0 -1
    outer loop
      vertex 9.78101 33.3467 -23.75
      vertex 9.78101 36.1999 -23.75
      vertex 10.8175 34.7733 -23.75
    endloop
  endfacet
  facet normal 0 0 -1
    outer loop
      vertex 8.10396 33.8917 -23.75
      vertex 9.78101 36.1999 -23.75
      vertex 9.78101 33.3467 -23.75
    endloop
  endfacet
  facet normal 0 0 -1
    outer loop
      vertex 9.78101 36.1999 -23.75
      vertex 8.10396 33.8917 -23.75
      vertex 8.10396 35.655 -23.75
    endloop
  endfacet
  facet normal -0.923873 -0.382699 0
    outer loop
      vertex 7.54972 33.0056 20.5
      vertex 6.81748 34.7733 24.5
      vertex 6.81748 34.7733 20.5
    endloop
  endfacet
  facet normal -0.923873 -0.382699 0
    outer loop
      vertex 6.81748 34.7733 24.5
      vertex 7.54972 33.0056 20.5
      vertex 7.54972 33.0056 24.5
    endloop
  endfacet
  facet normal 0.382659 0.92389 -0
    outer loop
      vertex 11.0853 36.5411 20.5
      vertex 9.31748 37.2733 24.5
      vertex 11.0853 36.5411 24.5
    endloop
  endfacet
  facet normal 0.382659 0.92389 0
    outer loop
      vertex 9.31748 37.2733 24.5
      vertex 11.0853 36.5411 20.5
      vertex 9.31748 37.2733 20.5
    endloop
  endfacet
  facet normal 0.923888 0.382663 0
    outer loop
      vertex 11.8175 34.7733 24.5
      vertex 11.0853 36.5411 20.5
      vertex 11.0853 36.5411 24.5
    endloop
  endfacet
  facet normal 0.923888 0.382663 0
    outer loop
      vertex 11.0853 36.5411 20.5
      vertex 11.8175 34.7733 24.5
      vertex 11.8175 34.7733 20.5
    endloop
  endfacet
  facet normal 0.923881 -0.382681 0
    outer loop
      vertex 11.0853 33.0056 24.5
      vertex 11.8175 34.7733 20.5
      vertex 11.8175 34.7733 24.5
    endloop
  endfacet
  facet normal 0.923881 -0.382681 0
    outer loop
      vertex 11.8175 34.7733 20.5
      vertex 11.0853 33.0056 24.5
      vertex 11.0853 33.0056 20.5
    endloop
  endfacet
  facet normal -0.382715 -0.923867 0
    outer loop
      vertex 7.54972 33.0056 20.5
      vertex 9.31748 32.2733 24.5
      vertex 7.54972 33.0056 24.5
    endloop
  endfacet
  facet normal -0.382715 -0.923867 -0
    outer loop
      vertex 9.31748 32.2733 24.5
      vertex 7.54972 33.0056 20.5
      vertex 9.31748 32.2733 20.5
    endloop
  endfacet
  facet normal -0.38267 0.923885 0
    outer loop
      vertex 9.31748 37.2733 20.5
      vertex 7.54972 36.5411 24.5
      vertex 9.31748 37.2733 24.5
    endloop
  endfacet
  facet normal -0.38267 0.923885 0
    outer loop
      vertex 7.54972 36.5411 24.5
      vertex 9.31748 37.2733 20.5
      vertex 7.54972 36.5411 20.5
    endloop
  endfacet
  facet normal -0.923881 0.38268 0
    outer loop
      vertex 6.81748 34.7733 20.5
      vertex 7.54972 36.5411 24.5
      vertex 7.54972 36.5411 20.5
    endloop
  endfacet
  facet normal -0.923881 0.38268 0
    outer loop
      vertex 7.54972 36.5411 24.5
      vertex 6.81748 34.7733 20.5
      vertex 6.81748 34.7733 24.5
    endloop
  endfacet
  facet normal 0.382703 -0.923871 0
    outer loop
      vertex 9.31748 32.2733 20.5
      vertex 11.0853 33.0056 24.5
      vertex 9.31748 32.2733 24.5
    endloop
  endfacet
  facet normal 0.382703 -0.923871 0
    outer loop
      vertex 11.0853 33.0056 24.5
      vertex 9.31748 32.2733 20.5
      vertex 11.0853 33.0056 20.5
    endloop
  endfacet
  facet normal 0 0 1
    outer loop
      vertex 11.0853 36.5411 24.5
      vertex 11.0853 33.0056 24.5
      vertex 11.8175 34.7733 24.5
    endloop
  endfacet
  facet normal 0 0 1
    outer loop
      vertex 9.31748 37.2733 24.5
      vertex 11.0853 33.0056 24.5
      vertex 11.0853 36.5411 24.5
    endloop
  endfacet
  facet normal 0 0 1
    outer loop
      vertex 9.31748 37.2733 24.5
      vertex 9.31748 32.2733 24.5
      vertex 11.0853 33.0056 24.5
    endloop
  endfacet
  facet normal -0 0 1
    outer loop
      vertex 7.54972 36.5411 24.5
      vertex 9.31748 32.2733 24.5
      vertex 9.31748 37.2733 24.5
    endloop
  endfacet
  facet normal 0 0 1
    outer loop
      vertex 7.54972 36.5411 24.5
      vertex 7.54972 33.0056 24.5
      vertex 9.31748 32.2733 24.5
    endloop
  endfacet
  facet normal 0 -0 1
    outer loop
      vertex 7.54972 33.0056 24.5
      vertex 7.54972 36.5411 24.5
      vertex 6.81748 34.7733 24.5
    endloop
  endfacet
  facet normal 0 0 -1
    outer loop
      vertex 10.8175 34.7733 20.5
      vertex 11.8175 34.7733 20.5
      vertex 11.0853 33.0056 20.5
    endloop
  endfacet
  facet normal 0 0 -1
    outer loop
      vertex 11.8175 34.7733 20.5
      vertex 10.8175 34.7733 20.5
      vertex 11.0853 36.5411 20.5
    endloop
  endfacet
  facet normal 0 0 -1
    outer loop
      vertex 11.0853 33.0056 20.5
      vertex 9.78101 33.3467 20.5
      vertex 10.8175 34.7733 20.5
    endloop
  endfacet
  facet normal 0 0 -1
    outer loop
      vertex 9.31748 32.2733 20.5
      vertex 9.78101 33.3467 20.5
      vertex 11.0853 33.0056 20.5
    endloop
  endfacet
  facet normal 0 0 -1
    outer loop
      vertex 9.31748 32.2733 20.5
      vertex 8.10396 33.8917 20.5
      vertex 9.78101 33.3467 20.5
    endloop
  endfacet
  facet normal 0 0 -1
    outer loop
      vertex 6.81748 34.7733 20.5
      vertex 8.10396 33.8917 20.5
      vertex 7.54972 33.0056 20.5
    endloop
  endfacet
  facet normal 0 0 -1
    outer loop
      vertex 7.54972 33.0056 20.5
      vertex 8.10396 33.8917 20.5
      vertex 9.31748 32.2733 20.5
    endloop
  endfacet
  facet normal 0 0 -1
    outer loop
      vertex 9.78101 36.1999 20.5
      vertex 11.0853 36.5411 20.5
      vertex 10.8175 34.7733 20.5
    endloop
  endfacet
  facet normal 0 0 -1
    outer loop
      vertex 9.78101 36.1999 20.5
      vertex 9.31748 37.2733 20.5
      vertex 11.0853 36.5411 20.5
    endloop
  endfacet
  facet normal 0 0 -1
    outer loop
      vertex 8.10396 35.655 20.5
      vertex 9.31748 37.2733 20.5
      vertex 9.78101 36.1999 20.5
    endloop
  endfacet
  facet normal 0 0 -1
    outer loop
      vertex 8.10396 35.655 20.5
      vertex 7.54972 36.5411 20.5
      vertex 9.31748 37.2733 20.5
    endloop
  endfacet
  facet normal 0 0 -1
    outer loop
      vertex 8.10396 33.8917 20.5
      vertex 6.81748 34.7733 20.5
      vertex 8.10396 35.655 20.5
    endloop
  endfacet
  facet normal -0 0 -1
    outer loop
      vertex 8.10396 35.655 20.5
      vertex 6.81748 34.7733 20.5
      vertex 7.54972 36.5411 20.5
    endloop
  endfacet
  facet normal 0 0 -1
    outer loop
      vertex 0.463525 34.5734 -23.75
      vertex 0.463525 37.4266 -23.75
      vertex 1.5 36 -23.75
    endloop
  endfacet
  facet normal 0 0 -1
    outer loop
      vertex -1.21352 35.1183 -23.75
      vertex 0.463525 37.4266 -23.75
      vertex 0.463525 34.5734 -23.75
    endloop
  endfacet
  facet normal 0 0 -1
    outer loop
      vertex 0.463525 37.4266 -23.75
      vertex -1.21352 35.1183 -23.75
      vertex -1.21352 36.8817 -23.75
    endloop
  endfacet
  facet normal -0.382668 -0.923886 0
    outer loop
      vertex -1.76777 34.2322 20.5
      vertex 0 33.5 24.5
      vertex -1.76777 34.2322 24.5
    endloop
  endfacet
  facet normal -0.382668 -0.923886 -0
    outer loop
      vertex 0 33.5 24.5
      vertex -1.76777 34.2322 20.5
      vertex 0 33.5 20.5
    endloop
  endfacet
  facet normal 0.382668 0.923886 -0
    outer loop
      vertex 1.76777 37.7678 20.5
      vertex 0 38.5 24.5
      vertex 1.76777 37.7678 24.5
    endloop
  endfacet
  facet normal 0.382668 0.923886 0
    outer loop
      vertex 0 38.5 24.5
      vertex 1.76777 37.7678 20.5
      vertex 0 38.5 20.5
    endloop
  endfacet
  facet normal 0.923883 0.382676 0
    outer loop
      vertex 2.5 36 24.5
      vertex 1.76777 37.7678 20.5
      vertex 1.76777 37.7678 24.5
    endloop
  endfacet
  facet normal 0.923883 0.382676 0
    outer loop
      vertex 1.76777 37.7678 20.5
      vertex 2.5 36 24.5
      vertex 2.5 36 20.5
    endloop
  endfacet
  facet normal -0.382668 0.923886 0
    outer loop
      vertex 0 38.5 20.5
      vertex -1.76777 37.7678 24.5
      vertex 0 38.5 24.5
    endloop
  endfacet
  facet normal -0.382668 0.923886 0
    outer loop
      vertex -1.76777 37.7678 24.5
      vertex 0 38.5 20.5
      vertex -1.76777 37.7678 20.5
    endloop
  endfacet
  facet normal 0.382668 -0.923886 0
    outer loop
      vertex 0 33.5 20.5
      vertex 1.76777 34.2322 24.5
      vertex 0 33.5 24.5
    endloop
  endfacet
  facet normal 0.382668 -0.923886 0
    outer loop
      vertex 1.76777 34.2322 24.5
      vertex 0 33.5 20.5
      vertex 1.76777 34.2322 20.5
    endloop
  endfacet
  facet normal 0.923883 -0.382676 0
    outer loop
      vertex 1.76777 34.2322 24.5
      vertex 2.5 36 20.5
      vertex 2.5 36 24.5
    endloop
  endfacet
  facet normal 0.923883 -0.382676 0
    outer loop
      vertex 2.5 36 20.5
      vertex 1.76777 34.2322 24.5
      vertex 1.76777 34.2322 20.5
    endloop
  endfacet
  facet normal -0.923883 -0.382676 0
    outer loop
      vertex -1.76777 34.2322 20.5
      vertex -2.5 36 24.5
      vertex -2.5 36 20.5
    endloop
  endfacet
  facet normal -0.923883 -0.382676 0
    outer loop
      vertex -2.5 36 24.5
      vertex -1.76777 34.2322 20.5
      vertex -1.76777 34.2322 24.5
    endloop
  endfacet
  facet normal -0.923883 0.382676 0
    outer loop
      vertex -2.5 36 20.5
      vertex -1.76777 37.7678 24.5
      vertex -1.76777 37.7678 20.5
    endloop
  endfacet
  facet normal -0.923883 0.382676 0
    outer loop
      vertex -1.76777 37.7678 24.5
      vertex -2.5 36 20.5
      vertex -2.5 36 24.5
    endloop
  endfacet
  facet normal 0 0 1
    outer loop
      vertex 1.76777 37.7678 24.5
      vertex 1.76777 34.2322 24.5
      vertex 2.5 36 24.5
    endloop
  endfacet
  facet normal 0 0 1
    outer loop
      vertex 0 38.5 24.5
      vertex 1.76777 34.2322 24.5
      vertex 1.76777 37.7678 24.5
    endloop
  endfacet
  facet normal 0 0 1
    outer loop
      vertex 0 38.5 24.5
      vertex 0 33.5 24.5
      vertex 1.76777 34.2322 24.5
    endloop
  endfacet
  facet normal -0 0 1
    outer loop
      vertex -1.76777 37.7678 24.5
      vertex 0 33.5 24.5
      vertex 0 38.5 24.5
    endloop
  endfacet
  facet normal 0 0 1
    outer loop
      vertex -1.76777 37.7678 24.5
      vertex -1.76777 34.2322 24.5
      vertex 0 33.5 24.5
    endloop
  endfacet
  facet normal 0 -0 1
    outer loop
      vertex -1.76777 34.2322 24.5
      vertex -1.76777 37.7678 24.5
      vertex -2.5 36 24.5
    endloop
  endfacet
  facet normal 0 0 -1
    outer loop
      vertex 1.5 36 20.5
      vertex 2.5 36 20.5
      vertex 1.76777 34.2322 20.5
    endloop
  endfacet
  facet normal 0 0 -1
    outer loop
      vertex 2.5 36 20.5
      vertex 1.5 36 20.5
      vertex 1.76777 37.7678 20.5
    endloop
  endfacet
  facet normal 0 0 -1
    outer loop
      vertex 1.76777 34.2322 20.5
      vertex 0.463525 34.5734 20.5
      vertex 1.5 36 20.5
    endloop
  endfacet
  facet normal 0 0 -1
    outer loop
      vertex 0 33.5 20.5
      vertex 0.463525 34.5734 20.5
      vertex 1.76777 34.2322 20.5
    endloop
  endfacet
  facet normal 0 0 -1
    outer loop
      vertex 0 33.5 20.5
      vertex -1.21352 35.1183 20.5
      vertex 0.463525 34.5734 20.5
    endloop
  endfacet
  facet normal 0 0 -1
    outer loop
      vertex -2.5 36 20.5
      vertex -1.21352 35.1183 20.5
      vertex -1.76777 34.2322 20.5
    endloop
  endfacet
  facet normal 0 0 -1
    outer loop
      vertex -1.76777 34.2322 20.5
      vertex -1.21352 35.1183 20.5
      vertex 0 33.5 20.5
    endloop
  endfacet
  facet normal 0 0 -1
    outer loop
      vertex 0.463525 37.4266 20.5
      vertex 1.76777 37.7678 20.5
      vertex 1.5 36 20.5
    endloop
  endfacet
  facet normal 0 0 -1
    outer loop
      vertex 0.463525 37.4266 20.5
      vertex 0 38.5 20.5
      vertex 1.76777 37.7678 20.5
    endloop
  endfacet
  facet normal 0 0 -1
    outer loop
      vertex -1.21352 36.8817 20.5
      vertex 0 38.5 20.5
      vertex 0.463525 37.4266 20.5
    endloop
  endfacet
  facet normal 0 0 -1
    outer loop
      vertex -1.21352 36.8817 20.5
      vertex -1.76777 37.7678 20.5
      vertex 0 38.5 20.5
    endloop
  endfacet
  facet normal 0 0 -1
    outer loop
      vertex -1.21352 35.1183 20.5
      vertex -2.5 36 20.5
      vertex -1.21352 36.8817 20.5
    endloop
  endfacet
  facet normal -0 0 -1
    outer loop
      vertex -1.21352 36.8817 20.5
      vertex -2.5 36 20.5
      vertex -1.76777 37.7678 20.5
    endloop
  endfacet
  facet normal 0 0 -1
    outer loop
      vertex -8.85396 33.3467 -23.75
      vertex -8.85396 36.1999 -23.75
      vertex -7.81748 34.7733 -23.75
    endloop
  endfacet
  facet normal 0 0 -1
    outer loop
      vertex -10.531 33.8917 -23.75
      vertex -8.85396 36.1999 -23.75
      vertex -8.85396 33.3467 -23.75
    endloop
  endfacet
  facet normal 0 0 -1
    outer loop
      vertex -8.85396 36.1999 -23.75
      vertex -10.531 33.8917 -23.75
      vertex -10.531 35.655 -23.75
    endloop
  endfacet
  facet normal -0.923881 -0.382681 0
    outer loop
      vertex -11.0853 33.0056 20.5
      vertex -11.8175 34.7733 24.5
      vertex -11.8175 34.7733 20.5
    endloop
  endfacet
  facet normal -0.923881 -0.382681 0
    outer loop
      vertex -11.8175 34.7733 24.5
      vertex -11.0853 33.0056 20.5
      vertex -11.0853 33.0056 24.5
    endloop
  endfacet
  facet normal 0.38267 0.923885 -0
    outer loop
      vertex -7.54972 36.5411 20.5
      vertex -9.31748 37.2733 24.5
      vertex -7.54972 36.5411 24.5
    endloop
  endfacet
  facet normal 0.38267 0.923885 0
    outer loop
      vertex -9.31748 37.2733 24.5
      vertex -7.54972 36.5411 20.5
      vertex -9.31748 37.2733 20.5
    endloop
  endfacet
  facet normal 0.923881 0.38268 0
    outer loop
      vertex -6.81748 34.7733 24.5
      vertex -7.54972 36.5411 20.5
      vertex -7.54972 36.5411 24.5
    endloop
  endfacet
  facet normal 0.923881 0.38268 0
    outer loop
      vertex -7.54972 36.5411 20.5
      vertex -6.81748 34.7733 24.5
      vertex -6.81748 34.7733 20.5
    endloop
  endfacet
  facet normal 0.923873 -0.382699 0
    outer loop
      vertex -7.54972 33.0056 24.5
      vertex -6.81748 34.7733 20.5
      vertex -6.81748 34.7733 24.5
    endloop
  endfacet
  facet normal 0.923873 -0.382699 0
    outer loop
      vertex -6.81748 34.7733 20.5
      vertex -7.54972 33.0056 24.5
      vertex -7.54972 33.0056 20.5
    endloop
  endfacet
  facet normal -0.382703 -0.923871 0
    outer loop
      vertex -11.0853 33.0056 20.5
      vertex -9.31748 32.2733 24.5
      vertex -11.0853 33.0056 24.5
    endloop
  endfacet
  facet normal -0.382703 -0.923871 -0
    outer loop
      vertex -9.31748 32.2733 24.5
      vertex -11.0853 33.0056 20.5
      vertex -9.31748 32.2733 20.5
    endloop
  endfacet
  facet normal -0.923888 0.382663 0
    outer loop
      vertex -11.8175 34.7733 20.5
      vertex -11.0853 36.5411 24.5
      vertex -11.0853 36.5411 20.5
    endloop
  endfacet
  facet normal -0.923888 0.382663 0
    outer loop
      vertex -11.0853 36.5411 24.5
      vertex -11.8175 34.7733 20.5
      vertex -11.8175 34.7733 24.5
    endloop
  endfacet
  facet normal 0.382715 -0.923867 0
    outer loop
      vertex -9.31748 32.2733 20.5
      vertex -7.54972 33.0056 24.5
      vertex -9.31748 32.2733 24.5
    endloop
  endfacet
  facet normal 0.382715 -0.923867 0
    outer loop
      vertex -7.54972 33.0056 24.5
      vertex -9.31748 32.2733 20.5
      vertex -7.54972 33.0056 20.5
    endloop
  endfacet
  facet normal 0 0 1
    outer loop
      vertex -7.54972 36.5411 24.5
      vertex -7.54972 33.0056 24.5
      vertex -6.81748 34.7733 24.5
    endloop
  endfacet
  facet normal 0 0 1
    outer loop
      vertex -9.31748 37.2733 24.5
      vertex -7.54972 33.0056 24.5
      vertex -7.54972 36.5411 24.5
    endloop
  endfacet
  facet normal 0 0 1
    outer loop
      vertex -9.31748 37.2733 24.5
      vertex -9.31748 32.2733 24.5
      vertex -7.54972 33.0056 24.5
    endloop
  endfacet
  facet normal -0 0 1
    outer loop
      vertex -11.0853 36.5411 24.5
      vertex -9.31748 32.2733 24.5
      vertex -9.31748 37.2733 24.5
    endloop
  endfacet
  facet normal 0 0 1
    outer loop
      vertex -11.0853 36.5411 24.5
      vertex -11.0853 33.0056 24.5
      vertex -9.31748 32.2733 24.5
    endloop
  endfacet
  facet normal 0 -0 1
    outer loop
      vertex -11.0853 33.0056 24.5
      vertex -11.0853 36.5411 24.5
      vertex -11.8175 34.7733 24.5
    endloop
  endfacet
  facet normal -0.382659 0.92389 0
    outer loop
      vertex -9.31748 37.2733 20.5
      vertex -11.0853 36.5411 24.5
      vertex -9.31748 37.2733 24.5
    endloop
  endfacet
  facet normal -0.382659 0.92389 0
    outer loop
      vertex -11.0853 36.5411 24.5
      vertex -9.31748 37.2733 20.5
      vertex -11.0853 36.5411 20.5
    endloop
  endfacet
  facet normal 0 0 -1
    outer loop
      vertex -7.81748 34.7733 20.5
      vertex -6.81748 34.7733 20.5
      vertex -7.54972 33.0056 20.5
    endloop
  endfacet
  facet normal 0 0 -1
    outer loop
      vertex -6.81748 34.7733 20.5
      vertex -7.81748 34.7733 20.5
      vertex -7.54972 36.5411 20.5
    endloop
  endfacet
  facet normal 0 0 -1
    outer loop
      vertex -7.54972 33.0056 20.5
      vertex -8.85396 33.3467 20.5
      vertex -7.81748 34.7733 20.5
    endloop
  endfacet
  facet normal 0 0 -1
    outer loop
      vertex -9.31748 32.2733 20.5
      vertex -8.85396 33.3467 20.5
      vertex -7.54972 33.0056 20.5
    endloop
  endfacet
  facet normal 0 0 -1
    outer loop
      vertex -9.31748 32.2733 20.5
      vertex -10.531 33.8917 20.5
      vertex -8.85396 33.3467 20.5
    endloop
  endfacet
  facet normal 0 0 -1
    outer loop
      vertex -11.8175 34.7733 20.5
      vertex -10.531 33.8917 20.5
      vertex -11.0853 33.0056 20.5
    endloop
  endfacet
  facet normal 0 0 -1
    outer loop
      vertex -11.0853 33.0056 20.5
      vertex -10.531 33.8917 20.5
      vertex -9.31748 32.2733 20.5
    endloop
  endfacet
  facet normal 0 0 -1
    outer loop
      vertex -8.85396 36.1999 20.5
      vertex -7.54972 36.5411 20.5
      vertex -7.81748 34.7733 20.5
    endloop
  endfacet
  facet normal 0 0 -1
    outer loop
      vertex -8.85396 36.1999 20.5
      vertex -9.31748 37.2733 20.5
      vertex -7.54972 36.5411 20.5
    endloop
  endfacet
  facet normal 0 0 -1
    outer loop
      vertex -10.531 35.655 20.5
      vertex -9.31748 37.2733 20.5
      vertex -8.85396 36.1999 20.5
    endloop
  endfacet
  facet normal 0 0 -1
    outer loop
      vertex -10.531 35.655 20.5
      vertex -11.0853 36.5411 20.5
      vertex -9.31748 37.2733 20.5
    endloop
  endfacet
  facet normal 0 0 -1
    outer loop
      vertex -10.531 33.8917 20.5
      vertex -11.8175 34.7733 20.5
      vertex -10.531 35.655 20.5
    endloop
  endfacet
  facet normal -0 0 -1
    outer loop
      vertex -10.531 35.655 20.5
      vertex -11.8175 34.7733 20.5
      vertex -11.0853 36.5411 20.5
    endloop
  endfacet
  facet normal 0 0 -1
    outer loop
      vertex -17.5365 29.7503 -23.75
      vertex -17.5365 32.6035 -23.75
      vertex -16.5 31.1769 -23.75
    endloop
  endfacet
  facet normal 0 0 -1
    outer loop
      vertex -19.2135 30.2952 -23.75
      vertex -17.5365 32.6035 -23.75
      vertex -17.5365 29.7503 -23.75
    endloop
  endfacet
  facet normal 0 0 -1
    outer loop
      vertex -17.5365 32.6035 -23.75
      vertex -19.2135 30.2952 -23.75
      vertex -19.2135 32.0586 -23.75
    endloop
  endfacet
  facet normal -0.923888 -0.382663 0
    outer loop
      vertex -19.7678 29.4091 20.5
      vertex -20.5 31.1769 24.5
      vertex -20.5 31.1769 20.5
    endloop
  endfacet
  facet normal -0.923888 -0.382663 0
    outer loop
      vertex -20.5 31.1769 24.5
      vertex -19.7678 29.4091 20.5
      vertex -19.7678 29.4091 24.5
    endloop
  endfacet
  facet normal 0.382663 0.923888 -0
    outer loop
      vertex -16.2322 32.9447 20.5
      vertex -18 33.6769 24.5
      vertex -16.2322 32.9447 24.5
    endloop
  endfacet
  facet normal 0.382663 0.923888 0
    outer loop
      vertex -18 33.6769 24.5
      vertex -16.2322 32.9447 20.5
      vertex -18 33.6769 20.5
    endloop
  endfacet
  facet normal 0.923888 0.382663 0
    outer loop
      vertex -15.5 31.1769 24.5
      vertex -16.2322 32.9447 20.5
      vertex -16.2322 32.9447 24.5
    endloop
  endfacet
  facet normal 0.923888 0.382663 0
    outer loop
      vertex -16.2322 32.9447 20.5
      vertex -15.5 31.1769 24.5
      vertex -15.5 31.1769 20.5
    endloop
  endfacet
  facet normal 0.382663 -0.923888 0
    outer loop
      vertex -18 28.6769 20.5
      vertex -16.2322 29.4091 24.5
      vertex -18 28.6769 24.5
    endloop
  endfacet
  facet normal 0.382663 -0.923888 0
    outer loop
      vertex -16.2322 29.4091 24.5
      vertex -18 28.6769 20.5
      vertex -16.2322 29.4091 20.5
    endloop
  endfacet
  facet normal -0.382663 -0.923888 0
    outer loop
      vertex -19.7678 29.4091 20.5
      vertex -18 28.6769 24.5
      vertex -19.7678 29.4091 24.5
    endloop
  endfacet
  facet normal -0.382663 -0.923888 -0
    outer loop
      vertex -18 28.6769 24.5
      vertex -19.7678 29.4091 20.5
      vertex -18 28.6769 20.5
    endloop
  endfacet
  facet normal 0 0 1
    outer loop
      vertex -16.2322 32.9447 24.5
      vertex -16.2322 29.4091 24.5
      vertex -15.5 31.1769 24.5
    endloop
  endfacet
  facet normal 0 0 1
    outer loop
      vertex -18 33.6769 24.5
      vertex -16.2322 29.4091 24.5
      vertex -16.2322 32.9447 24.5
    endloop
  endfacet
  facet normal 0 0 1
    outer loop
      vertex -18 33.6769 24.5
      vertex -18 28.6769 24.5
      vertex -16.2322 29.4091 24.5
    endloop
  endfacet
  facet normal -0 0 1
    outer loop
      vertex -19.7678 32.9447 24.5
      vertex -18 28.6769 24.5
      vertex -18 33.6769 24.5
    endloop
  endfacet
  facet normal 0 0 1
    outer loop
      vertex -19.7678 32.9447 24.5
      vertex -19.7678 29.4091 24.5
      vertex -18 28.6769 24.5
    endloop
  endfacet
  facet normal 0 -0 1
    outer loop
      vertex -19.7678 29.4091 24.5
      vertex -19.7678 32.9447 24.5
      vertex -20.5 31.1769 24.5
    endloop
  endfacet
  facet normal 0.923888 -0.382663 0
    outer loop
      vertex -16.2322 29.4091 24.5
      vertex -15.5 31.1769 20.5
      vertex -15.5 31.1769 24.5
    endloop
  endfacet
  facet normal 0.923888 -0.382663 0
    outer loop
      vertex -15.5 31.1769 20.5
      vertex -16.2322 29.4091 24.5
      vertex -16.2322 29.4091 20.5
    endloop
  endfacet
  facet normal -0.923888 0.382663 0
    outer loop
      vertex -20.5 31.1769 20.5
      vertex -19.7678 32.9447 24.5
      vertex -19.7678 32.9447 20.5
    endloop
  endfacet
  facet normal -0.923888 0.382663 0
    outer loop
      vertex -19.7678 32.9447 24.5
      vertex -20.5 31.1769 20.5
      vertex -20.5 31.1769 24.5
    endloop
  endfacet
  facet normal -0.382663 0.923888 0
    outer loop
      vertex -18 33.6769 20.5
      vertex -19.7678 32.9447 24.5
      vertex -18 33.6769 24.5
    endloop
  endfacet
  facet normal -0.382663 0.923888 0
    outer loop
      vertex -19.7678 32.9447 24.5
      vertex -18 33.6769 20.5
      vertex -19.7678 32.9447 20.5
    endloop
  endfacet
  facet normal 0 0 -1
    outer loop
      vertex -16.5 31.1769 20.5
      vertex -15.5 31.1769 20.5
      vertex -16.2322 29.4091 20.5
    endloop
  endfacet
  facet normal 0 0 -1
    outer loop
      vertex -15.5 31.1769 20.5
      vertex -16.5 31.1769 20.5
      vertex -16.2322 32.9447 20.5
    endloop
  endfacet
  facet normal 0 0 -1
    outer loop
      vertex -16.2322 29.4091 20.5
      vertex -17.5365 29.7503 20.5
      vertex -16.5 31.1769 20.5
    endloop
  endfacet
  facet normal 0 0 -1
    outer loop
      vertex -18 28.6769 20.5
      vertex -17.5365 29.7503 20.5
      vertex -16.2322 29.4091 20.5
    endloop
  endfacet
  facet normal 0 0 -1
    outer loop
      vertex -18 28.6769 20.5
      vertex -19.2135 30.2952 20.5
      vertex -17.5365 29.7503 20.5
    endloop
  endfacet
  facet normal 0 0 -1
    outer loop
      vertex -20.5 31.1769 20.5
      vertex -19.2135 30.2952 20.5
      vertex -19.7678 29.4091 20.5
    endloop
  endfacet
  facet normal 0 0 -1
    outer loop
      vertex -19.7678 29.4091 20.5
      vertex -19.2135 30.2952 20.5
      vertex -18 28.6769 20.5
    endloop
  endfacet
  facet normal 0 0 -1
    outer loop
      vertex -17.5365 32.6035 20.5
      vertex -16.2322 32.9447 20.5
      vertex -16.5 31.1769 20.5
    endloop
  endfacet
  facet normal 0 0 -1
    outer loop
      vertex -17.5365 32.6035 20.5
      vertex -18 33.6769 20.5
      vertex -16.2322 32.9447 20.5
    endloop
  endfacet
  facet normal 0 0 -1
    outer loop
      vertex -19.2135 32.0586 20.5
      vertex -18 33.6769 20.5
      vertex -17.5365 32.6035 20.5
    endloop
  endfacet
  facet normal 0 0 -1
    outer loop
      vertex -19.2135 32.0586 20.5
      vertex -19.7678 32.9447 20.5
      vertex -18 33.6769 20.5
    endloop
  endfacet
  facet normal 0 0 -1
    outer loop
      vertex -19.2135 30.2952 20.5
      vertex -20.5 31.1769 20.5
      vertex -19.2135 32.0586 20.5
    endloop
  endfacet
  facet normal -0 0 -1
    outer loop
      vertex -19.2135 32.0586 20.5
      vertex -20.5 31.1769 20.5
      vertex -19.7678 32.9447 20.5
    endloop
  endfacet
  facet normal 0 0 -1
    outer loop
      vertex -24.9923 24.0293 -23.75
      vertex -24.9923 26.8824 -23.75
      vertex -23.9558 25.4558 -23.75
    endloop
  endfacet
  facet normal 0 0 -1
    outer loop
      vertex -26.6694 24.5742 -23.75
      vertex -24.9923 26.8824 -23.75
      vertex -24.9923 24.0293 -23.75
    endloop
  endfacet
  facet normal 0 0 -1
    outer loop
      vertex -24.9923 26.8824 -23.75
      vertex -26.6694 24.5742 -23.75
      vertex -26.6694 26.3375 -23.75
    endloop
  endfacet
  facet normal -0.923881 -0.382681 0
    outer loop
      vertex -27.2236 23.6881 20.5
      vertex -27.9558 25.4558 24.5
      vertex -27.9558 25.4558 20.5
    endloop
  endfacet
  facet normal -0.923881 -0.382681 0
    outer loop
      vertex -27.9558 25.4558 24.5
      vertex -27.2236 23.6881 20.5
      vertex -27.2236 23.6881 24.5
    endloop
  endfacet
  facet normal 0.382681 0.923881 -0
    outer loop
      vertex -23.6881 27.2236 20.5
      vertex -25.4558 27.9558 24.5
      vertex -23.6881 27.2236 24.5
    endloop
  endfacet
  facet normal 0.382681 0.923881 0
    outer loop
      vertex -25.4558 27.9558 24.5
      vertex -23.6881 27.2236 20.5
      vertex -25.4558 27.9558 20.5
    endloop
  endfacet
  facet normal 0.92387 0.382707 0
    outer loop
      vertex -22.9558 25.4558 24.5
      vertex -23.6881 27.2236 20.5
      vertex -23.6881 27.2236 24.5
    endloop
  endfacet
  facet normal 0.92387 0.382707 0
    outer loop
      vertex -23.6881 27.2236 20.5
      vertex -22.9558 25.4558 24.5
      vertex -22.9558 25.4558 20.5
    endloop
  endfacet
  facet normal 0.923862 -0.382726 0
    outer loop
      vertex -23.6881 23.6881 24.5
      vertex -22.9558 25.4558 20.5
      vertex -22.9558 25.4558 24.5
    endloop
  endfacet
  facet normal 0.923862 -0.382726 0
    outer loop
      vertex -22.9558 25.4558 20.5
      vertex -23.6881 23.6881 24.5
      vertex -23.6881 23.6881 20.5
    endloop
  endfacet
  facet normal -0.382707 -0.92387 0
    outer loop
      vertex -27.2236 23.6881 20.5
      vertex -25.4558 22.9558 24.5
      vertex -27.2236 23.6881 24.5
    endloop
  endfacet
  facet normal -0.382707 -0.92387 -0
    outer loop
      vertex -25.4558 22.9558 24.5
      vertex -27.2236 23.6881 20.5
      vertex -25.4558 22.9558 20.5
    endloop
  endfacet
  facet normal -0.382663 0.923888 0
    outer loop
      vertex -25.4558 27.9558 20.5
      vertex -27.2236 27.2236 24.5
      vertex -25.4558 27.9558 24.5
    endloop
  endfacet
  facet normal -0.382663 0.923888 0
    outer loop
      vertex -27.2236 27.2236 24.5
      vertex -25.4558 27.9558 20.5
      vertex -27.2236 27.2236 20.5
    endloop
  endfacet
  facet normal -0.923888 0.382663 0
    outer loop
      vertex -27.9558 25.4558 20.5
      vertex -27.2236 27.2236 24.5
      vertex -27.2236 27.2236 20.5
    endloop
  endfacet
  facet normal -0.923888 0.382663 0
    outer loop
      vertex -27.2236 27.2236 24.5
      vertex -27.9558 25.4558 20.5
      vertex -27.9558 25.4558 24.5
    endloop
  endfacet
  facet normal 0.382726 -0.923862 0
    outer loop
      vertex -25.4558 22.9558 20.5
      vertex -23.6881 23.6881 24.5
      vertex -25.4558 22.9558 24.5
    endloop
  endfacet
  facet normal 0.382726 -0.923862 0
    outer loop
      vertex -23.6881 23.6881 24.5
      vertex -25.4558 22.9558 20.5
      vertex -23.6881 23.6881 20.5
    endloop
  endfacet
  facet normal 0 0 1
    outer loop
      vertex -23.6881 27.2236 24.5
      vertex -23.6881 23.6881 24.5
      vertex -22.9558 25.4558 24.5
    endloop
  endfacet
  facet normal 0 0 1
    outer loop
      vertex -25.4558 27.9558 24.5
      vertex -23.6881 23.6881 24.5
      vertex -23.6881 27.2236 24.5
    endloop
  endfacet
  facet normal 0 0 1
    outer loop
      vertex -25.4558 27.9558 24.5
      vertex -25.4558 22.9558 24.5
      vertex -23.6881 23.6881 24.5
    endloop
  endfacet
  facet normal -0 0 1
    outer loop
      vertex -27.2236 27.2236 24.5
      vertex -25.4558 22.9558 24.5
      vertex -25.4558 27.9558 24.5
    endloop
  endfacet
  facet normal 0 0 1
    outer loop
      vertex -27.2236 27.2236 24.5
      vertex -27.2236 23.6881 24.5
      vertex -25.4558 22.9558 24.5
    endloop
  endfacet
  facet normal 0 -0 1
    outer loop
      vertex -27.2236 23.6881 24.5
      vertex -27.2236 27.2236 24.5
      vertex -27.9558 25.4558 24.5
    endloop
  endfacet
  facet normal 0 0 -1
    outer loop
      vertex -23.9558 25.4558 20.5
      vertex -22.9558 25.4558 20.5
      vertex -23.6881 23.6881 20.5
    endloop
  endfacet
  facet normal 0 0 -1
    outer loop
      vertex -22.9558 25.4558 20.5
      vertex -23.9558 25.4558 20.5
      vertex -23.6881 27.2236 20.5
    endloop
  endfacet
  facet normal 0 0 -1
    outer loop
      vertex -23.6881 23.6881 20.5
      vertex -24.9923 24.0293 20.5
      vertex -23.9558 25.4558 20.5
    endloop
  endfacet
  facet normal 0 0 -1
    outer loop
      vertex -25.4558 22.9558 20.5
      vertex -24.9923 24.0293 20.5
      vertex -23.6881 23.6881 20.5
    endloop
  endfacet
  facet normal 0 0 -1
    outer loop
      vertex -25.4558 22.9558 20.5
      vertex -26.6694 24.5742 20.5
      vertex -24.9923 24.0293 20.5
    endloop
  endfacet
  facet normal 0 0 -1
    outer loop
      vertex -27.9558 25.4558 20.5
      vertex -26.6694 24.5742 20.5
      vertex -27.2236 23.6881 20.5
    endloop
  endfacet
  facet normal 0 0 -1
    outer loop
      vertex -27.2236 23.6881 20.5
      vertex -26.6694 24.5742 20.5
      vertex -25.4558 22.9558 20.5
    endloop
  endfacet
  facet normal 0 0 -1
    outer loop
      vertex -24.9923 26.8824 20.5
      vertex -23.6881 27.2236 20.5
      vertex -23.9558 25.4558 20.5
    endloop
  endfacet
  facet normal 0 0 -1
    outer loop
      vertex -24.9923 26.8824 20.5
      vertex -25.4558 27.9558 20.5
      vertex -23.6881 27.2236 20.5
    endloop
  endfacet
  facet normal 0 0 -1
    outer loop
      vertex -26.6694 26.3375 20.5
      vertex -25.4558 27.9558 20.5
      vertex -24.9923 26.8824 20.5
    endloop
  endfacet
  facet normal 0 0 -1
    outer loop
      vertex -26.6694 26.3375 20.5
      vertex -27.2236 27.2236 20.5
      vertex -25.4558 27.9558 20.5
    endloop
  endfacet
  facet normal 0 0 -1
    outer loop
      vertex -26.6694 24.5742 20.5
      vertex -27.9558 25.4558 20.5
      vertex -26.6694 26.3375 20.5
    endloop
  endfacet
  facet normal -0 0 -1
    outer loop
      vertex -26.6694 26.3375 20.5
      vertex -27.9558 25.4558 20.5
      vertex -27.2236 27.2236 20.5
    endloop
  endfacet
  facet normal 0 0 -1
    outer loop
      vertex -30.7134 16.5734 -23.75
      vertex -30.7134 19.4266 -23.75
      vertex -29.6769 18 -23.75
    endloop
  endfacet
  facet normal 0 0 -1
    outer loop
      vertex -32.3904 17.1183 -23.75
      vertex -30.7134 19.4266 -23.75
      vertex -30.7134 16.5734 -23.75
    endloop
  endfacet
  facet normal 0 0 -1
    outer loop
      vertex -30.7134 19.4266 -23.75
      vertex -32.3904 17.1183 -23.75
      vertex -32.3904 18.8817 -23.75
    endloop
  endfacet
  facet normal -0.382663 -0.923888 0
    outer loop
      vertex -32.9447 16.2322 20.5
      vertex -31.1769 15.5 24.5
      vertex -32.9447 16.2322 24.5
    endloop
  endfacet
  facet normal -0.382663 -0.923888 -0
    outer loop
      vertex -31.1769 15.5 24.5
      vertex -32.9447 16.2322 20.5
      vertex -31.1769 15.5 20.5
    endloop
  endfacet
  facet normal 0.382663 0.923888 -0
    outer loop
      vertex -29.4091 19.7678 20.5
      vertex -31.1769 20.5 24.5
      vertex -29.4091 19.7678 24.5
    endloop
  endfacet
  facet normal 0.382663 0.923888 0
    outer loop
      vertex -31.1769 20.5 24.5
      vertex -29.4091 19.7678 20.5
      vertex -31.1769 20.5 20.5
    endloop
  endfacet
  facet normal 0.923888 0.382663 0
    outer loop
      vertex -28.6769 18 24.5
      vertex -29.4091 19.7678 20.5
      vertex -29.4091 19.7678 24.5
    endloop
  endfacet
  facet normal 0.923888 0.382663 0
    outer loop
      vertex -29.4091 19.7678 20.5
      vertex -28.6769 18 24.5
      vertex -28.6769 18 20.5
    endloop
  endfacet
  facet normal -0.382663 0.923888 0
    outer loop
      vertex -31.1769 20.5 20.5
      vertex -32.9447 19.7678 24.5
      vertex -31.1769 20.5 24.5
    endloop
  endfacet
  facet normal -0.382663 0.923888 0
    outer loop
      vertex -32.9447 19.7678 24.5
      vertex -31.1769 20.5 20.5
      vertex -32.9447 19.7678 20.5
    endloop
  endfacet
  facet normal 0.382663 -0.923888 0
    outer loop
      vertex -31.1769 15.5 20.5
      vertex -29.4091 16.2322 24.5
      vertex -31.1769 15.5 24.5
    endloop
  endfacet
  facet normal 0.382663 -0.923888 0
    outer loop
      vertex -29.4091 16.2322 24.5
      vertex -31.1769 15.5 20.5
      vertex -29.4091 16.2322 20.5
    endloop
  endfacet
  facet normal 0.923888 -0.382663 0
    outer loop
      vertex -29.4091 16.2322 24.5
      vertex -28.6769 18 20.5
      vertex -28.6769 18 24.5
    endloop
  endfacet
  facet normal 0.923888 -0.382663 0
    outer loop
      vertex -28.6769 18 20.5
      vertex -29.4091 16.2322 24.5
      vertex -29.4091 16.2322 20.5
    endloop
  endfacet
  facet normal -0.923888 -0.382663 0
    outer loop
      vertex -32.9447 16.2322 20.5
      vertex -33.6769 18 24.5
      vertex -33.6769 18 20.5
    endloop
  endfacet
  facet normal -0.923888 -0.382663 0
    outer loop
      vertex -33.6769 18 24.5
      vertex -32.9447 16.2322 20.5
      vertex -32.9447 16.2322 24.5
    endloop
  endfacet
  facet normal -0.923888 0.382663 0
    outer loop
      vertex -33.6769 18 20.5
      vertex -32.9447 19.7678 24.5
      vertex -32.9447 19.7678 20.5
    endloop
  endfacet
  facet normal -0.923888 0.382663 0
    outer loop
      vertex -32.9447 19.7678 24.5
      vertex -33.6769 18 20.5
      vertex -33.6769 18 24.5
    endloop
  endfacet
  facet normal 0 0 1
    outer loop
      vertex -29.4091 19.7678 24.5
      vertex -29.4091 16.2322 24.5
      vertex -28.6769 18 24.5
    endloop
  endfacet
  facet normal 0 0 1
    outer loop
      vertex -31.1769 20.5 24.5
      vertex -29.4091 16.2322 24.5
      vertex -29.4091 19.7678 24.5
    endloop
  endfacet
  facet normal 0 0 1
    outer loop
      vertex -31.1769 20.5 24.5
      vertex -31.1769 15.5 24.5
      vertex -29.4091 16.2322 24.5
    endloop
  endfacet
  facet normal -0 0 1
    outer loop
      vertex -32.9447 19.7678 24.5
      vertex -31.1769 15.5 24.5
      vertex -31.1769 20.5 24.5
    endloop
  endfacet
  facet normal 0 0 1
    outer loop
      vertex -32.9447 19.7678 24.5
      vertex -32.9447 16.2322 24.5
      vertex -31.1769 15.5 24.5
    endloop
  endfacet
  facet normal 0 -0 1
    outer loop
      vertex -32.9447 16.2322 24.5
      vertex -32.9447 19.7678 24.5
      vertex -33.6769 18 24.5
    endloop
  endfacet
  facet normal 0 0 -1
    outer loop
      vertex -29.6769 18 20.5
      vertex -28.6769 18 20.5
      vertex -29.4091 16.2322 20.5
    endloop
  endfacet
  facet normal 0 0 -1
    outer loop
      vertex -28.6769 18 20.5
      vertex -29.6769 18 20.5
      vertex -29.4091 19.7678 20.5
    endloop
  endfacet
  facet normal 0 0 -1
    outer loop
      vertex -29.4091 16.2322 20.5
      vertex -30.7134 16.5734 20.5
      vertex -29.6769 18 20.5
    endloop
  endfacet
  facet normal 0 0 -1
    outer loop
      vertex -31.1769 15.5 20.5
      vertex -30.7134 16.5734 20.5
      vertex -29.4091 16.2322 20.5
    endloop
  endfacet
  facet normal 0 0 -1
    outer loop
      vertex -31.1769 15.5 20.5
      vertex -32.3904 17.1183 20.5
      vertex -30.7134 16.5734 20.5
    endloop
  endfacet
  facet normal 0 0 -1
    outer loop
      vertex -33.6769 18 20.5
      vertex -32.3904 17.1183 20.5
      vertex -32.9447 16.2322 20.5
    endloop
  endfacet
  facet normal 0 0 -1
    outer loop
      vertex -32.9447 16.2322 20.5
      vertex -32.3904 17.1183 20.5
      vertex -31.1769 15.5 20.5
    endloop
  endfacet
  facet normal 0 0 -1
    outer loop
      vertex -30.7134 19.4266 20.5
      vertex -29.4091 19.7678 20.5
      vertex -29.6769 18 20.5
    endloop
  endfacet
  facet normal 0 0 -1
    outer loop
      vertex -30.7134 19.4266 20.5
      vertex -31.1769 20.5 20.5
      vertex -29.4091 19.7678 20.5
    endloop
  endfacet
  facet normal 0 0 -1
    outer loop
      vertex -32.3904 18.8817 20.5
      vertex -31.1769 20.5 20.5
      vertex -30.7134 19.4266 20.5
    endloop
  endfacet
  facet normal 0 0 -1
    outer loop
      vertex -32.3904 18.8817 20.5
      vertex -32.9447 19.7678 20.5
      vertex -31.1769 20.5 20.5
    endloop
  endfacet
  facet normal 0 0 -1
    outer loop
      vertex -32.3904 17.1183 20.5
      vertex -33.6769 18 20.5
      vertex -32.3904 18.8817 20.5
    endloop
  endfacet
  facet normal -0 0 -1
    outer loop
      vertex -32.3904 18.8817 20.5
      vertex -33.6769 18 20.5
      vertex -32.9447 19.7678 20.5
    endloop
  endfacet
  facet normal 0 0 -1
    outer loop
      vertex -34.3098 7.8909 -23.75
      vertex -34.3098 10.7441 -23.75
      vertex -33.2733 9.31748 -23.75
    endloop
  endfacet
  facet normal 0 0 -1
    outer loop
      vertex -35.9869 8.43581 -23.75
      vertex -34.3098 10.7441 -23.75
      vertex -34.3098 7.8909 -23.75
    endloop
  endfacet
  facet normal 0 0 -1
    outer loop
      vertex -34.3098 10.7441 -23.75
      vertex -35.9869 8.43581 -23.75
      vertex -35.9869 10.1992 -23.75
    endloop
  endfacet
  facet normal -0.923885 -0.38267 0
    outer loop
      vertex -36.5411 7.54972 20.5
      vertex -37.2733 9.31748 24.5
      vertex -37.2733 9.31748 20.5
    endloop
  endfacet
  facet normal -0.923885 -0.38267 0
    outer loop
      vertex -37.2733 9.31748 24.5
      vertex -36.5411 7.54972 20.5
      vertex -36.5411 7.54972 24.5
    endloop
  endfacet
  facet normal 0.382681 0.923881 -0
    outer loop
      vertex -33.0056 11.0853 20.5
      vertex -34.7733 11.8175 24.5
      vertex -33.0056 11.0853 24.5
    endloop
  endfacet
  facet normal 0.382681 0.923881 0
    outer loop
      vertex -34.7733 11.8175 24.5
      vertex -33.0056 11.0853 20.5
      vertex -34.7733 11.8175 20.5
    endloop
  endfacet
  facet normal 0.923871 0.382703 0
    outer loop
      vertex -32.2733 9.31748 24.5
      vertex -33.0056 11.0853 20.5
      vertex -33.0056 11.0853 24.5
    endloop
  endfacet
  facet normal 0.923871 0.382703 0
    outer loop
      vertex -33.0056 11.0853 20.5
      vertex -32.2733 9.31748 24.5
      vertex -32.2733 9.31748 20.5
    endloop
  endfacet
  facet normal 0.923867 -0.382715 0
    outer loop
      vertex -33.0056 7.54972 24.5
      vertex -32.2733 9.31748 20.5
      vertex -32.2733 9.31748 24.5
    endloop
  endfacet
  facet normal 0.923867 -0.382715 0
    outer loop
      vertex -32.2733 9.31748 20.5
      vertex -33.0056 7.54972 24.5
      vertex -33.0056 7.54972 20.5
    endloop
  endfacet
  facet normal -0.38268 -0.923881 0
    outer loop
      vertex -36.5411 7.54972 20.5
      vertex -34.7733 6.81748 24.5
      vertex -36.5411 7.54972 24.5
    endloop
  endfacet
  facet normal -0.38268 -0.923881 -0
    outer loop
      vertex -34.7733 6.81748 24.5
      vertex -36.5411 7.54972 20.5
      vertex -34.7733 6.81748 20.5
    endloop
  endfacet
  facet normal -0.382663 0.923888 0
    outer loop
      vertex -34.7733 11.8175 20.5
      vertex -36.5411 11.0853 24.5
      vertex -34.7733 11.8175 24.5
    endloop
  endfacet
  facet normal -0.382663 0.923888 0
    outer loop
      vertex -36.5411 11.0853 24.5
      vertex -34.7733 11.8175 20.5
      vertex -36.5411 11.0853 20.5
    endloop
  endfacet
  facet normal -0.92389 0.382659 0
    outer loop
      vertex -37.2733 9.31748 20.5
      vertex -36.5411 11.0853 24.5
      vertex -36.5411 11.0853 20.5
    endloop
  endfacet
  facet normal -0.92389 0.382659 0
    outer loop
      vertex -36.5411 11.0853 24.5
      vertex -37.2733 9.31748 20.5
      vertex -37.2733 9.31748 24.5
    endloop
  endfacet
  facet normal 0.382699 -0.923873 0
    outer loop
      vertex -34.7733 6.81748 20.5
      vertex -33.0056 7.54972 24.5
      vertex -34.7733 6.81748 24.5
    endloop
  endfacet
  facet normal 0.382699 -0.923873 0
    outer loop
      vertex -33.0056 7.54972 24.5
      vertex -34.7733 6.81748 20.5
      vertex -33.0056 7.54972 20.5
    endloop
  endfacet
  facet normal 0 0 1
    outer loop
      vertex -33.0056 11.0853 24.5
      vertex -33.0056 7.54972 24.5
      vertex -32.2733 9.31748 24.5
    endloop
  endfacet
  facet normal 0 0 1
    outer loop
      vertex -34.7733 11.8175 24.5
      vertex -33.0056 7.54972 24.5
      vertex -33.0056 11.0853 24.5
    endloop
  endfacet
  facet normal 0 0 1
    outer loop
      vertex -34.7733 11.8175 24.5
      vertex -34.7733 6.81748 24.5
      vertex -33.0056 7.54972 24.5
    endloop
  endfacet
  facet normal -0 0 1
    outer loop
      vertex -36.5411 11.0853 24.5
      vertex -34.7733 6.81748 24.5
      vertex -34.7733 11.8175 24.5
    endloop
  endfacet
  facet normal 0 0 1
    outer loop
      vertex -36.5411 11.0853 24.5
      vertex -36.5411 7.54972 24.5
      vertex -34.7733 6.81748 24.5
    endloop
  endfacet
  facet normal 0 -0 1
    outer loop
      vertex -36.5411 7.54972 24.5
      vertex -36.5411 11.0853 24.5
      vertex -37.2733 9.31748 24.5
    endloop
  endfacet
  facet normal 0 0 -1
    outer loop
      vertex -33.2733 9.31748 20.5
      vertex -32.2733 9.31748 20.5
      vertex -33.0056 7.54972 20.5
    endloop
  endfacet
  facet normal 0 0 -1
    outer loop
      vertex -32.2733 9.31748 20.5
      vertex -33.2733 9.31748 20.5
      vertex -33.0056 11.0853 20.5
    endloop
  endfacet
  facet normal 0 0 -1
    outer loop
      vertex -33.0056 7.54972 20.5
      vertex -34.3098 7.8909 20.5
      vertex -33.2733 9.31748 20.5
    endloop
  endfacet
  facet normal 0 0 -1
    outer loop
      vertex -34.7733 6.81748 20.5
      vertex -34.3098 7.8909 20.5
      vertex -33.0056 7.54972 20.5
    endloop
  endfacet
  facet normal 0 0 -1
    outer loop
      vertex -34.7733 6.81748 20.5
      vertex -35.9869 8.43581 20.5
      vertex -34.3098 7.8909 20.5
    endloop
  endfacet
  facet normal 0 0 -1
    outer loop
      vertex -37.2733 9.31748 20.5
      vertex -35.9869 8.43581 20.5
      vertex -36.5411 7.54972 20.5
    endloop
  endfacet
  facet normal 0 0 -1
    outer loop
      vertex -36.5411 7.54972 20.5
      vertex -35.9869 8.43581 20.5
      vertex -34.7733 6.81748 20.5
    endloop
  endfacet
  facet normal 0 0 -1
    outer loop
      vertex -34.3098 10.7441 20.5
      vertex -33.0056 11.0853 20.5
      vertex -33.2733 9.31748 20.5
    endloop
  endfacet
  facet normal 0 0 -1
    outer loop
      vertex -34.3098 10.7441 20.5
      vertex -34.7733 11.8175 20.5
      vertex -33.0056 11.0853 20.5
    endloop
  endfacet
  facet normal 0 0 -1
    outer loop
      vertex -35.9869 10.1992 20.5
      vertex -34.7733 11.8175 20.5
      vertex -34.3098 10.7441 20.5
    endloop
  endfacet
  facet normal 0 0 -1
    outer loop
      vertex -35.9869 10.1992 20.5
      vertex -36.5411 11.0853 20.5
      vertex -34.7733 11.8175 20.5
    endloop
  endfacet
  facet normal 0 0 -1
    outer loop
      vertex -35.9869 8.43581 20.5
      vertex -37.2733 9.31748 20.5
      vertex -35.9869 10.1992 20.5
    endloop
  endfacet
  facet normal -0 0 -1
    outer loop
      vertex -35.9869 10.1992 20.5
      vertex -37.2733 9.31748 20.5
      vertex -36.5411 11.0853 20.5
    endloop
  endfacet
  facet normal 0 0 -1
    outer loop
      vertex -35.5365 -1.42658 -23.75
      vertex -35.5365 1.42658 -23.75
      vertex -34.5 0 -23.75
    endloop
  endfacet
  facet normal 0 0 -1
    outer loop
      vertex -37.2135 -0.881678 -23.75
      vertex -35.5365 1.42658 -23.75
      vertex -35.5365 -1.42658 -23.75
    endloop
  endfacet
  facet normal 0 0 -1
    outer loop
      vertex -35.5365 1.42658 -23.75
      vertex -37.2135 -0.881678 -23.75
      vertex -37.2135 0.881678 -23.75
    endloop
  endfacet
  facet normal -0.923886 -0.382668 0
    outer loop
      vertex -37.7678 -1.76777 20.5
      vertex -38.5 0 24.5
      vertex -38.5 0 20.5
    endloop
  endfacet
  facet normal -0.923886 -0.382668 0
    outer loop
      vertex -38.5 0 24.5
      vertex -37.7678 -1.76777 20.5
      vertex -37.7678 -1.76777 24.5
    endloop
  endfacet
  facet normal 0.382676 0.923883 -0
    outer loop
      vertex -34.2322 1.76777 20.5
      vertex -36 2.5 24.5
      vertex -34.2322 1.76777 24.5
    endloop
  endfacet
  facet normal 0.382676 0.923883 0
    outer loop
      vertex -36 2.5 24.5
      vertex -34.2322 1.76777 20.5
      vertex -36 2.5 20.5
    endloop
  endfacet
  facet normal 0.923886 0.382668 0
    outer loop
      vertex -33.5 0 24.5
      vertex -34.2322 1.76777 20.5
      vertex -34.2322 1.76777 24.5
    endloop
  endfacet
  facet normal 0.923886 0.382668 0
    outer loop
      vertex -34.2322 1.76777 20.5
      vertex -33.5 0 24.5
      vertex -33.5 0 20.5
    endloop
  endfacet
  facet normal 0.382676 -0.923883 0
    outer loop
      vertex -36 -2.5 20.5
      vertex -34.2322 -1.76777 24.5
      vertex -36 -2.5 24.5
    endloop
  endfacet
  facet normal 0.382676 -0.923883 0
    outer loop
      vertex -34.2322 -1.76777 24.5
      vertex -36 -2.5 20.5
      vertex -34.2322 -1.76777 20.5
    endloop
  endfacet
  facet normal -0.382676 -0.923883 0
    outer loop
      vertex -37.7678 -1.76777 20.5
      vertex -36 -2.5 24.5
      vertex -37.7678 -1.76777 24.5
    endloop
  endfacet
  facet normal -0.382676 -0.923883 -0
    outer loop
      vertex -36 -2.5 24.5
      vertex -37.7678 -1.76777 20.5
      vertex -36 -2.5 20.5
    endloop
  endfacet
  facet normal 0 0 1
    outer loop
      vertex -34.2322 1.76777 24.5
      vertex -34.2322 -1.76777 24.5
      vertex -33.5 0 24.5
    endloop
  endfacet
  facet normal 0 0 1
    outer loop
      vertex -36 2.5 24.5
      vertex -34.2322 -1.76777 24.5
      vertex -34.2322 1.76777 24.5
    endloop
  endfacet
  facet normal 0 0 1
    outer loop
      vertex -36 2.5 24.5
      vertex -36 -2.5 24.5
      vertex -34.2322 -1.76777 24.5
    endloop
  endfacet
  facet normal -0 0 1
    outer loop
      vertex -37.7678 1.76777 24.5
      vertex -36 -2.5 24.5
      vertex -36 2.5 24.5
    endloop
  endfacet
  facet normal 0 0 1
    outer loop
      vertex -37.7678 1.76777 24.5
      vertex -37.7678 -1.76777 24.5
      vertex -36 -2.5 24.5
    endloop
  endfacet
  facet normal 0 -0 1
    outer loop
      vertex -37.7678 -1.76777 24.5
      vertex -37.7678 1.76777 24.5
      vertex -38.5 0 24.5
    endloop
  endfacet
  facet normal 0.923886 -0.382668 0
    outer loop
      vertex -34.2322 -1.76777 24.5
      vertex -33.5 0 20.5
      vertex -33.5 0 24.5
    endloop
  endfacet
  facet normal 0.923886 -0.382668 0
    outer loop
      vertex -33.5 0 20.5
      vertex -34.2322 -1.76777 24.5
      vertex -34.2322 -1.76777 20.5
    endloop
  endfacet
  facet normal -0.923886 0.382668 0
    outer loop
      vertex -38.5 0 20.5
      vertex -37.7678 1.76777 24.5
      vertex -37.7678 1.76777 20.5
    endloop
  endfacet
  facet normal -0.923886 0.382668 0
    outer loop
      vertex -37.7678 1.76777 24.5
      vertex -38.5 0 20.5
      vertex -38.5 0 24.5
    endloop
  endfacet
  facet normal -0.382676 0.923883 0
    outer loop
      vertex -36 2.5 20.5
      vertex -37.7678 1.76777 24.5
      vertex -36 2.5 24.5
    endloop
  endfacet
  facet normal -0.382676 0.923883 0
    outer loop
      vertex -37.7678 1.76777 24.5
      vertex -36 2.5 20.5
      vertex -37.7678 1.76777 20.5
    endloop
  endfacet
  facet normal 0 0 -1
    outer loop
      vertex -34.5 0 20.5
      vertex -33.5 0 20.5
      vertex -34.2322 -1.76777 20.5
    endloop
  endfacet
  facet normal 0 0 -1
    outer loop
      vertex -33.5 0 20.5
      vertex -34.5 0 20.5
      vertex -34.2322 1.76777 20.5
    endloop
  endfacet
  facet normal 0 0 -1
    outer loop
      vertex -34.2322 -1.76777 20.5
      vertex -35.5365 -1.42658 20.5
      vertex -34.5 0 20.5
    endloop
  endfacet
  facet normal 0 0 -1
    outer loop
      vertex -36 -2.5 20.5
      vertex -35.5365 -1.42658 20.5
      vertex -34.2322 -1.76777 20.5
    endloop
  endfacet
  facet normal 0 0 -1
    outer loop
      vertex -36 -2.5 20.5
      vertex -37.2135 -0.881678 20.5
      vertex -35.5365 -1.42658 20.5
    endloop
  endfacet
  facet normal 0 0 -1
    outer loop
      vertex -38.5 0 20.5
      vertex -37.2135 -0.881678 20.5
      vertex -37.7678 -1.76777 20.5
    endloop
  endfacet
  facet normal 0 0 -1
    outer loop
      vertex -37.7678 -1.76777 20.5
      vertex -37.2135 -0.881678 20.5
      vertex -36 -2.5 20.5
    endloop
  endfacet
  facet normal 0 0 -1
    outer loop
      vertex -35.5365 1.42658 20.5
      vertex -34.2322 1.76777 20.5
      vertex -34.5 0 20.5
    endloop
  endfacet
  facet normal 0 0 -1
    outer loop
      vertex -35.5365 1.42658 20.5
      vertex -36 2.5 20.5
      vertex -34.2322 1.76777 20.5
    endloop
  endfacet
  facet normal 0 0 -1
    outer loop
      vertex -37.2135 0.881678 20.5
      vertex -36 2.5 20.5
      vertex -35.5365 1.42658 20.5
    endloop
  endfacet
  facet normal 0 0 -1
    outer loop
      vertex -37.2135 0.881678 20.5
      vertex -37.7678 1.76777 20.5
      vertex -36 2.5 20.5
    endloop
  endfacet
  facet normal 0 0 -1
    outer loop
      vertex -37.2135 -0.881678 20.5
      vertex -38.5 0 20.5
      vertex -37.2135 0.881678 20.5
    endloop
  endfacet
  facet normal -0 0 -1
    outer loop
      vertex -37.2135 0.881678 20.5
      vertex -38.5 0 20.5
      vertex -37.7678 1.76777 20.5
    endloop
  endfacet
  facet normal 0 0 -1
    outer loop
      vertex -34.3098 -10.7441 -23.75
      vertex -34.3098 -7.8909 -23.75
      vertex -33.2733 -9.31748 -23.75
    endloop
  endfacet
  facet normal 0 0 -1
    outer loop
      vertex -35.9869 -10.1992 -23.75
      vertex -34.3098 -7.8909 -23.75
      vertex -34.3098 -10.7441 -23.75
    endloop
  endfacet
  facet normal 0 0 -1
    outer loop
      vertex -34.3098 -7.8909 -23.75
      vertex -35.9869 -10.1992 -23.75
      vertex -35.9869 -8.43581 -23.75
    endloop
  endfacet
  facet normal -0.92389 -0.382659 0
    outer loop
      vertex -36.5411 -11.0853 20.5
      vertex -37.2733 -9.31748 24.5
      vertex -37.2733 -9.31748 20.5
    endloop
  endfacet
  facet normal -0.92389 -0.382659 0
    outer loop
      vertex -37.2733 -9.31748 24.5
      vertex -36.5411 -11.0853 20.5
      vertex -36.5411 -11.0853 24.5
    endloop
  endfacet
  facet normal 0.382699 0.923873 -0
    outer loop
      vertex -33.0056 -7.54972 20.5
      vertex -34.7733 -6.81748 24.5
      vertex -33.0056 -7.54972 24.5
    endloop
  endfacet
  facet normal 0.382699 0.923873 0
    outer loop
      vertex -34.7733 -6.81748 24.5
      vertex -33.0056 -7.54972 20.5
      vertex -34.7733 -6.81748 20.5
    endloop
  endfacet
  facet normal 0.923867 0.382715 0
    outer loop
      vertex -32.2733 -9.31748 24.5
      vertex -33.0056 -7.54972 20.5
      vertex -33.0056 -7.54972 24.5
    endloop
  endfacet
  facet normal 0.923867 0.382715 0
    outer loop
      vertex -33.0056 -7.54972 20.5
      vertex -32.2733 -9.31748 24.5
      vertex -32.2733 -9.31748 20.5
    endloop
  endfacet
  facet normal 0.923871 -0.382703 0
    outer loop
      vertex -33.0056 -11.0853 24.5
      vertex -32.2733 -9.31748 20.5
      vertex -32.2733 -9.31748 24.5
    endloop
  endfacet
  facet normal 0.923871 -0.382703 0
    outer loop
      vertex -32.2733 -9.31748 20.5
      vertex -33.0056 -11.0853 24.5
      vertex -33.0056 -11.0853 20.5
    endloop
  endfacet
  facet normal -0.382663 -0.923888 0
    outer loop
      vertex -36.5411 -11.0853 20.5
      vertex -34.7733 -11.8175 24.5
      vertex -36.5411 -11.0853 24.5
    endloop
  endfacet
  facet normal -0.382663 -0.923888 -0
    outer loop
      vertex -34.7733 -11.8175 24.5
      vertex -36.5411 -11.0853 20.5
      vertex -34.7733 -11.8175 20.5
    endloop
  endfacet
  facet normal -0.923885 0.38267 0
    outer loop
      vertex -37.2733 -9.31748 20.5
      vertex -36.5411 -7.54972 24.5
      vertex -36.5411 -7.54972 20.5
    endloop
  endfacet
  facet normal -0.923885 0.38267 0
    outer loop
      vertex -36.5411 -7.54972 24.5
      vertex -37.2733 -9.31748 20.5
      vertex -37.2733 -9.31748 24.5
    endloop
  endfacet
  facet normal 0.382681 -0.923881 0
    outer loop
      vertex -34.7733 -11.8175 20.5
      vertex -33.0056 -11.0853 24.5
      vertex -34.7733 -11.8175 24.5
    endloop
  endfacet
  facet normal 0.382681 -0.923881 0
    outer loop
      vertex -33.0056 -11.0853 24.5
      vertex -34.7733 -11.8175 20.5
      vertex -33.0056 -11.0853 20.5
    endloop
  endfacet
  facet normal 0 0 1
    outer loop
      vertex -33.0056 -7.54972 24.5
      vertex -33.0056 -11.0853 24.5
      vertex -32.2733 -9.31748 24.5
    endloop
  endfacet
  facet normal 0 0 1
    outer loop
      vertex -34.7733 -6.81748 24.5
      vertex -33.0056 -11.0853 24.5
      vertex -33.0056 -7.54972 24.5
    endloop
  endfacet
  facet normal 0 0 1
    outer loop
      vertex -34.7733 -6.81748 24.5
      vertex -34.7733 -11.8175 24.5
      vertex -33.0056 -11.0853 24.5
    endloop
  endfacet
  facet normal -0 0 1
    outer loop
      vertex -36.5411 -7.54972 24.5
      vertex -34.7733 -11.8175 24.5
      vertex -34.7733 -6.81748 24.5
    endloop
  endfacet
  facet normal 0 0 1
    outer loop
      vertex -36.5411 -7.54972 24.5
      vertex -36.5411 -11.0853 24.5
      vertex -34.7733 -11.8175 24.5
    endloop
  endfacet
  facet normal 0 -0 1
    outer loop
      vertex -36.5411 -11.0853 24.5
      vertex -36.5411 -7.54972 24.5
      vertex -37.2733 -9.31748 24.5
    endloop
  endfacet
  facet normal -0.38268 0.923881 0
    outer loop
      vertex -34.7733 -6.81748 20.5
      vertex -36.5411 -7.54972 24.5
      vertex -34.7733 -6.81748 24.5
    endloop
  endfacet
  facet normal -0.38268 0.923881 0
    outer loop
      vertex -36.5411 -7.54972 24.5
      vertex -34.7733 -6.81748 20.5
      vertex -36.5411 -7.54972 20.5
    endloop
  endfacet
  facet normal 0 0 -1
    outer loop
      vertex -33.2733 -9.31748 20.5
      vertex -32.2733 -9.31748 20.5
      vertex -33.0056 -11.0853 20.5
    endloop
  endfacet
  facet normal 0 0 -1
    outer loop
      vertex -32.2733 -9.31748 20.5
      vertex -33.2733 -9.31748 20.5
      vertex -33.0056 -7.54972 20.5
    endloop
  endfacet
  facet normal 0 0 -1
    outer loop
      vertex -33.0056 -11.0853 20.5
      vertex -34.3098 -10.7441 20.5
      vertex -33.2733 -9.31748 20.5
    endloop
  endfacet
  facet normal 0 0 -1
    outer loop
      vertex -34.7733 -11.8175 20.5
      vertex -34.3098 -10.7441 20.5
      vertex -33.0056 -11.0853 20.5
    endloop
  endfacet
  facet normal 0 0 -1
    outer loop
      vertex -34.7733 -11.8175 20.5
      vertex -35.9869 -10.1992 20.5
      vertex -34.3098 -10.7441 20.5
    endloop
  endfacet
  facet normal 0 0 -1
    outer loop
      vertex -37.2733 -9.31748 20.5
      vertex -35.9869 -10.1992 20.5
      vertex -36.5411 -11.0853 20.5
    endloop
  endfacet
  facet normal 0 0 -1
    outer loop
      vertex -36.5411 -11.0853 20.5
      vertex -35.9869 -10.1992 20.5
      vertex -34.7733 -11.8175 20.5
    endloop
  endfacet
  facet normal 0 0 -1
    outer loop
      vertex -34.3098 -7.8909 20.5
      vertex -33.0056 -7.54972 20.5
      vertex -33.2733 -9.31748 20.5
    endloop
  endfacet
  facet normal 0 0 -1
    outer loop
      vertex -34.3098 -7.8909 20.5
      vertex -34.7733 -6.81748 20.5
      vertex -33.0056 -7.54972 20.5
    endloop
  endfacet
  facet normal 0 0 -1
    outer loop
      vertex -35.9869 -8.43581 20.5
      vertex -34.7733 -6.81748 20.5
      vertex -34.3098 -7.8909 20.5
    endloop
  endfacet
  facet normal 0 0 -1
    outer loop
      vertex -35.9869 -8.43581 20.5
      vertex -36.5411 -7.54972 20.5
      vertex -34.7733 -6.81748 20.5
    endloop
  endfacet
  facet normal 0 0 -1
    outer loop
      vertex -35.9869 -10.1992 20.5
      vertex -37.2733 -9.31748 20.5
      vertex -35.9869 -8.43581 20.5
    endloop
  endfacet
  facet normal -0 0 -1
    outer loop
      vertex -35.9869 -8.43581 20.5
      vertex -37.2733 -9.31748 20.5
      vertex -36.5411 -7.54972 20.5
    endloop
  endfacet
  facet normal 0 0 -1
    outer loop
      vertex -30.7134 -19.4266 -23.75
      vertex -30.7134 -16.5734 -23.75
      vertex -29.6769 -18 -23.75
    endloop
  endfacet
  facet normal 0 0 -1
    outer loop
      vertex -32.3904 -18.8817 -23.75
      vertex -30.7134 -16.5734 -23.75
      vertex -30.7134 -19.4266 -23.75
    endloop
  endfacet
  facet normal 0 0 -1
    outer loop
      vertex -30.7134 -16.5734 -23.75
      vertex -32.3904 -18.8817 -23.75
      vertex -32.3904 -17.1183 -23.75
    endloop
  endfacet
  facet normal 0.382663 0.923888 -0
    outer loop
      vertex -29.4091 -16.2322 20.5
      vertex -31.1769 -15.5 24.5
      vertex -29.4091 -16.2322 24.5
    endloop
  endfacet
  facet normal 0.382663 0.923888 0
    outer loop
      vertex -31.1769 -15.5 24.5
      vertex -29.4091 -16.2322 20.5
      vertex -31.1769 -15.5 20.5
    endloop
  endfacet
  facet normal 0.923888 0.382663 0
    outer loop
      vertex -28.6769 -18 24.5
      vertex -29.4091 -16.2322 20.5
      vertex -29.4091 -16.2322 24.5
    endloop
  endfacet
  facet normal 0.923888 0.382663 0
    outer loop
      vertex -29.4091 -16.2322 20.5
      vertex -28.6769 -18 24.5
      vertex -28.6769 -18 20.5
    endloop
  endfacet
  facet normal -0.382663 0.923888 0
    outer loop
      vertex -31.1769 -15.5 20.5
      vertex -32.9447 -16.2322 24.5
      vertex -31.1769 -15.5 24.5
    endloop
  endfacet
  facet normal -0.382663 0.923888 0
    outer loop
      vertex -32.9447 -16.2322 24.5
      vertex -31.1769 -15.5 20.5
      vertex -32.9447 -16.2322 20.5
    endloop
  endfacet
  facet normal -0.923888 0.382663 0
    outer loop
      vertex -33.6769 -18 20.5
      vertex -32.9447 -16.2322 24.5
      vertex -32.9447 -16.2322 20.5
    endloop
  endfacet
  facet normal -0.923888 0.382663 0
    outer loop
      vertex -32.9447 -16.2322 24.5
      vertex -33.6769 -18 20.5
      vertex -33.6769 -18 24.5
    endloop
  endfacet
  facet normal 0 0 1
    outer loop
      vertex -29.4091 -16.2322 24.5
      vertex -29.4091 -19.7678 24.5
      vertex -28.6769 -18 24.5
    endloop
  endfacet
  facet normal 0 0 1
    outer loop
      vertex -31.1769 -15.5 24.5
      vertex -29.4091 -19.7678 24.5
      vertex -29.4091 -16.2322 24.5
    endloop
  endfacet
  facet normal 0 0 1
    outer loop
      vertex -31.1769 -15.5 24.5
      vertex -31.1769 -20.5 24.5
      vertex -29.4091 -19.7678 24.5
    endloop
  endfacet
  facet normal -0 0 1
    outer loop
      vertex -32.9447 -16.2322 24.5
      vertex -31.1769 -20.5 24.5
      vertex -31.1769 -15.5 24.5
    endloop
  endfacet
  facet normal 0 0 1
    outer loop
      vertex -32.9447 -16.2322 24.5
      vertex -32.9447 -19.7678 24.5
      vertex -31.1769 -20.5 24.5
    endloop
  endfacet
  facet normal 0 -0 1
    outer loop
      vertex -32.9447 -19.7678 24.5
      vertex -32.9447 -16.2322 24.5
      vertex -33.6769 -18 24.5
    endloop
  endfacet
  facet normal 0.382663 -0.923888 0
    outer loop
      vertex -31.1769 -20.5 20.5
      vertex -29.4091 -19.7678 24.5
      vertex -31.1769 -20.5 24.5
    endloop
  endfacet
  facet normal 0.382663 -0.923888 0
    outer loop
      vertex -29.4091 -19.7678 24.5
      vertex -31.1769 -20.5 20.5
      vertex -29.4091 -19.7678 20.5
    endloop
  endfacet
  facet normal -0.923888 -0.382663 0
    outer loop
      vertex -32.9447 -19.7678 20.5
      vertex -33.6769 -18 24.5
      vertex -33.6769 -18 20.5
    endloop
  endfacet
  facet normal -0.923888 -0.382663 0
    outer loop
      vertex -33.6769 -18 24.5
      vertex -32.9447 -19.7678 20.5
      vertex -32.9447 -19.7678 24.5
    endloop
  endfacet
  facet normal 0.923888 -0.382663 0
    outer loop
      vertex -29.4091 -19.7678 24.5
      vertex -28.6769 -18 20.5
      vertex -28.6769 -18 24.5
    endloop
  endfacet
  facet normal 0.923888 -0.382663 0
    outer loop
      vertex -28.6769 -18 20.5
      vertex -29.4091 -19.7678 24.5
      vertex -29.4091 -19.7678 20.5
    endloop
  endfacet
  facet normal 0 0 -1
    outer loop
      vertex -29.6769 -18 20.5
      vertex -28.6769 -18 20.5
      vertex -29.4091 -19.7678 20.5
    endloop
  endfacet
  facet normal 0 0 -1
    outer loop
      vertex -28.6769 -18 20.5
      vertex -29.6769 -18 20.5
      vertex -29.4091 -16.2322 20.5
    endloop
  endfacet
  facet normal 0 0 -1
    outer loop
      vertex -29.4091 -19.7678 20.5
      vertex -30.7134 -19.4266 20.5
      vertex -29.6769 -18 20.5
    endloop
  endfacet
  facet normal 0 0 -1
    outer loop
      vertex -31.1769 -20.5 20.5
      vertex -30.7134 -19.4266 20.5
      vertex -29.4091 -19.7678 20.5
    endloop
  endfacet
  facet normal 0 0 -1
    outer loop
      vertex -31.1769 -20.5 20.5
      vertex -32.3904 -18.8817 20.5
      vertex -30.7134 -19.4266 20.5
    endloop
  endfacet
  facet normal 0 0 -1
    outer loop
      vertex -33.6769 -18 20.5
      vertex -32.3904 -18.8817 20.5
      vertex -32.9447 -19.7678 20.5
    endloop
  endfacet
  facet normal 0 0 -1
    outer loop
      vertex -32.9447 -19.7678 20.5
      vertex -32.3904 -18.8817 20.5
      vertex -31.1769 -20.5 20.5
    endloop
  endfacet
  facet normal 0 0 -1
    outer loop
      vertex -30.7134 -16.5734 20.5
      vertex -29.4091 -16.2322 20.5
      vertex -29.6769 -18 20.5
    endloop
  endfacet
  facet normal 0 0 -1
    outer loop
      vertex -30.7134 -16.5734 20.5
      vertex -31.1769 -15.5 20.5
      vertex -29.4091 -16.2322 20.5
    endloop
  endfacet
  facet normal 0 0 -1
    outer loop
      vertex -32.3904 -17.1183 20.5
      vertex -31.1769 -15.5 20.5
      vertex -30.7134 -16.5734 20.5
    endloop
  endfacet
  facet normal 0 0 -1
    outer loop
      vertex -32.3904 -17.1183 20.5
      vertex -32.9447 -16.2322 20.5
      vertex -31.1769 -15.5 20.5
    endloop
  endfacet
  facet normal 0 0 -1
    outer loop
      vertex -32.3904 -18.8817 20.5
      vertex -33.6769 -18 20.5
      vertex -32.3904 -17.1183 20.5
    endloop
  endfacet
  facet normal -0 0 -1
    outer loop
      vertex -32.3904 -17.1183 20.5
      vertex -33.6769 -18 20.5
      vertex -32.9447 -16.2322 20.5
    endloop
  endfacet
  facet normal -0.382663 -0.923888 0
    outer loop
      vertex -32.9447 -19.7678 20.5
      vertex -31.1769 -20.5 24.5
      vertex -32.9447 -19.7678 24.5
    endloop
  endfacet
  facet normal -0.382663 -0.923888 -0
    outer loop
      vertex -31.1769 -20.5 24.5
      vertex -32.9447 -19.7678 20.5
      vertex -31.1769 -20.5 20.5
    endloop
  endfacet
  facet normal 0 0 -1
    outer loop
      vertex -24.9923 -26.8824 -23.75
      vertex -24.9923 -24.0293 -23.75
      vertex -23.9558 -25.4558 -23.75
    endloop
  endfacet
  facet normal 0 0 -1
    outer loop
      vertex -26.6694 -26.3375 -23.75
      vertex -24.9923 -24.0293 -23.75
      vertex -24.9923 -26.8824 -23.75
    endloop
  endfacet
  facet normal 0 0 -1
    outer loop
      vertex -24.9923 -24.0293 -23.75
      vertex -26.6694 -26.3375 -23.75
      vertex -26.6694 -24.5742 -23.75
    endloop
  endfacet
  facet normal -0.923888 -0.382663 0
    outer loop
      vertex -27.2236 -27.2236 20.5
      vertex -27.9558 -25.4558 24.5
      vertex -27.9558 -25.4558 20.5
    endloop
  endfacet
  facet normal -0.923888 -0.382663 0
    outer loop
      vertex -27.9558 -25.4558 24.5
      vertex -27.2236 -27.2236 20.5
      vertex -27.2236 -27.2236 24.5
    endloop
  endfacet
  facet normal 0.382726 0.923862 -0
    outer loop
      vertex -23.6881 -23.6881 20.5
      vertex -25.4558 -22.9558 24.5
      vertex -23.6881 -23.6881 24.5
    endloop
  endfacet
  facet normal 0.382726 0.923862 0
    outer loop
      vertex -25.4558 -22.9558 24.5
      vertex -23.6881 -23.6881 20.5
      vertex -25.4558 -22.9558 20.5
    endloop
  endfacet
  facet normal 0.923862 0.382726 0
    outer loop
      vertex -22.9558 -25.4558 24.5
      vertex -23.6881 -23.6881 20.5
      vertex -23.6881 -23.6881 24.5
    endloop
  endfacet
  facet normal 0.923862 0.382726 0
    outer loop
      vertex -23.6881 -23.6881 20.5
      vertex -22.9558 -25.4558 24.5
      vertex -22.9558 -25.4558 20.5
    endloop
  endfacet
  facet normal 0.92387 -0.382707 0
    outer loop
      vertex -23.6881 -27.2236 24.5
      vertex -22.9558 -25.4558 20.5
      vertex -22.9558 -25.4558 24.5
    endloop
  endfacet
  facet normal 0.92387 -0.382707 0
    outer loop
      vertex -22.9558 -25.4558 20.5
      vertex -23.6881 -27.2236 24.5
      vertex -23.6881 -27.2236 20.5
    endloop
  endfacet
  facet normal -0.382663 -0.923888 0
    outer loop
      vertex -27.2236 -27.2236 20.5
      vertex -25.4558 -27.9558 24.5
      vertex -27.2236 -27.2236 24.5
    endloop
  endfacet
  facet normal -0.382663 -0.923888 -0
    outer loop
      vertex -25.4558 -27.9558 24.5
      vertex -27.2236 -27.2236 20.5
      vertex -25.4558 -27.9558 20.5
    endloop
  endfacet
  facet normal -0.382707 0.92387 0
    outer loop
      vertex -25.4558 -22.9558 20.5
      vertex -27.2236 -23.6881 24.5
      vertex -25.4558 -22.9558 24.5
    endloop
  endfacet
  facet normal -0.382707 0.92387 0
    outer loop
      vertex -27.2236 -23.6881 24.5
      vertex -25.4558 -22.9558 20.5
      vertex -27.2236 -23.6881 20.5
    endloop
  endfacet
  facet normal -0.923881 0.382681 0
    outer loop
      vertex -27.9558 -25.4558 20.5
      vertex -27.2236 -23.6881 24.5
      vertex -27.2236 -23.6881 20.5
    endloop
  endfacet
  facet normal -0.923881 0.382681 0
    outer loop
      vertex -27.2236 -23.6881 24.5
      vertex -27.9558 -25.4558 20.5
      vertex -27.9558 -25.4558 24.5
    endloop
  endfacet
  facet normal 0.382681 -0.923881 0
    outer loop
      vertex -25.4558 -27.9558 20.5
      vertex -23.6881 -27.2236 24.5
      vertex -25.4558 -27.9558 24.5
    endloop
  endfacet
  facet normal 0.382681 -0.923881 0
    outer loop
      vertex -23.6881 -27.2236 24.5
      vertex -25.4558 -27.9558 20.5
      vertex -23.6881 -27.2236 20.5
    endloop
  endfacet
  facet normal 0 0 1
    outer loop
      vertex -23.6881 -23.6881 24.5
      vertex -23.6881 -27.2236 24.5
      vertex -22.9558 -25.4558 24.5
    endloop
  endfacet
  facet normal 0 0 1
    outer loop
      vertex -25.4558 -22.9558 24.5
      vertex -23.6881 -27.2236 24.5
      vertex -23.6881 -23.6881 24.5
    endloop
  endfacet
  facet normal 0 0 1
    outer loop
      vertex -25.4558 -22.9558 24.5
      vertex -25.4558 -27.9558 24.5
      vertex -23.6881 -27.2236 24.5
    endloop
  endfacet
  facet normal -0 0 1
    outer loop
      vertex -27.2236 -23.6881 24.5
      vertex -25.4558 -27.9558 24.5
      vertex -25.4558 -22.9558 24.5
    endloop
  endfacet
  facet normal 0 0 1
    outer loop
      vertex -27.2236 -23.6881 24.5
      vertex -27.2236 -27.2236 24.5
      vertex -25.4558 -27.9558 24.5
    endloop
  endfacet
  facet normal 0 -0 1
    outer loop
      vertex -27.2236 -27.2236 24.5
      vertex -27.2236 -23.6881 24.5
      vertex -27.9558 -25.4558 24.5
    endloop
  endfacet
  facet normal 0 0 -1
    outer loop
      vertex -23.9558 -25.4558 20.5
      vertex -22.9558 -25.4558 20.5
      vertex -23.6881 -27.2236 20.5
    endloop
  endfacet
  facet normal 0 0 -1
    outer loop
      vertex -22.9558 -25.4558 20.5
      vertex -23.9558 -25.4558 20.5
      vertex -23.6881 -23.6881 20.5
    endloop
  endfacet
  facet normal 0 0 -1
    outer loop
      vertex -23.6881 -27.2236 20.5
      vertex -24.9923 -26.8824 20.5
      vertex -23.9558 -25.4558 20.5
    endloop
  endfacet
  facet normal 0 0 -1
    outer loop
      vertex -25.4558 -27.9558 20.5
      vertex -24.9923 -26.8824 20.5
      vertex -23.6881 -27.2236 20.5
    endloop
  endfacet
  facet normal 0 0 -1
    outer loop
      vertex -25.4558 -27.9558 20.5
      vertex -26.6694 -26.3375 20.5
      vertex -24.9923 -26.8824 20.5
    endloop
  endfacet
  facet normal 0 0 -1
    outer loop
      vertex -27.9558 -25.4558 20.5
      vertex -26.6694 -26.3375 20.5
      vertex -27.2236 -27.2236 20.5
    endloop
  endfacet
  facet normal 0 0 -1
    outer loop
      vertex -27.2236 -27.2236 20.5
      vertex -26.6694 -26.3375 20.5
      vertex -25.4558 -27.9558 20.5
    endloop
  endfacet
  facet normal 0 0 -1
    outer loop
      vertex -24.9923 -24.0293 20.5
      vertex -23.6881 -23.6881 20.5
      vertex -23.9558 -25.4558 20.5
    endloop
  endfacet
  facet normal 0 0 -1
    outer loop
      vertex -24.9923 -24.0293 20.5
      vertex -25.4558 -22.9558 20.5
      vertex -23.6881 -23.6881 20.5
    endloop
  endfacet
  facet normal 0 0 -1
    outer loop
      vertex -26.6694 -24.5742 20.5
      vertex -25.4558 -22.9558 20.5
      vertex -24.9923 -24.0293 20.5
    endloop
  endfacet
  facet normal 0 0 -1
    outer loop
      vertex -26.6694 -24.5742 20.5
      vertex -27.2236 -23.6881 20.5
      vertex -25.4558 -22.9558 20.5
    endloop
  endfacet
  facet normal 0 0 -1
    outer loop
      vertex -26.6694 -26.3375 20.5
      vertex -27.9558 -25.4558 20.5
      vertex -26.6694 -24.5742 20.5
    endloop
  endfacet
  facet normal -0 0 -1
    outer loop
      vertex -26.6694 -24.5742 20.5
      vertex -27.9558 -25.4558 20.5
      vertex -27.2236 -23.6881 20.5
    endloop
  endfacet
  facet normal 0 0 -1
    outer loop
      vertex -17.5365 -32.6035 -23.75
      vertex -17.5365 -29.7503 -23.75
      vertex -16.5 -31.1769 -23.75
    endloop
  endfacet
  facet normal 0 0 -1
    outer loop
      vertex -19.2135 -32.0586 -23.75
      vertex -17.5365 -29.7503 -23.75
      vertex -17.5365 -32.6035 -23.75
    endloop
  endfacet
  facet normal 0 0 -1
    outer loop
      vertex -17.5365 -29.7503 -23.75
      vertex -19.2135 -32.0586 -23.75
      vertex -19.2135 -30.2952 -23.75
    endloop
  endfacet
  facet normal -0.923888 -0.382663 0
    outer loop
      vertex -19.7678 -32.9447 20.5
      vertex -20.5 -31.1769 24.5
      vertex -20.5 -31.1769 20.5
    endloop
  endfacet
  facet normal -0.923888 -0.382663 0
    outer loop
      vertex -20.5 -31.1769 24.5
      vertex -19.7678 -32.9447 20.5
      vertex -19.7678 -32.9447 24.5
    endloop
  endfacet
  facet normal 0.382663 0.923888 -0
    outer loop
      vertex -16.2322 -29.4091 20.5
      vertex -18 -28.6769 24.5
      vertex -16.2322 -29.4091 24.5
    endloop
  endfacet
  facet normal 0.382663 0.923888 0
    outer loop
      vertex -18 -28.6769 24.5
      vertex -16.2322 -29.4091 20.5
      vertex -18 -28.6769 20.5
    endloop
  endfacet
  facet normal 0.923888 0.382663 0
    outer loop
      vertex -15.5 -31.1769 24.5
      vertex -16.2322 -29.4091 20.5
      vertex -16.2322 -29.4091 24.5
    endloop
  endfacet
  facet normal 0.923888 0.382663 0
    outer loop
      vertex -16.2322 -29.4091 20.5
      vertex -15.5 -31.1769 24.5
      vertex -15.5 -31.1769 20.5
    endloop
  endfacet
  facet normal 0.382663 -0.923888 0
    outer loop
      vertex -18 -33.6769 20.5
      vertex -16.2322 -32.9447 24.5
      vertex -18 -33.6769 24.5
    endloop
  endfacet
  facet normal 0.382663 -0.923888 0
    outer loop
      vertex -16.2322 -32.9447 24.5
      vertex -18 -33.6769 20.5
      vertex -16.2322 -32.9447 20.5
    endloop
  endfacet
  facet normal -0.382663 -0.923888 0
    outer loop
      vertex -19.7678 -32.9447 20.5
      vertex -18 -33.6769 24.5
      vertex -19.7678 -32.9447 24.5
    endloop
  endfacet
  facet normal -0.382663 -0.923888 -0
    outer loop
      vertex -18 -33.6769 24.5
      vertex -19.7678 -32.9447 20.5
      vertex -18 -33.6769 20.5
    endloop
  endfacet
  facet normal 0 0 1
    outer loop
      vertex -16.2322 -29.4091 24.5
      vertex -16.2322 -32.9447 24.5
      vertex -15.5 -31.1769 24.5
    endloop
  endfacet
  facet normal 0 0 1
    outer loop
      vertex -18 -28.6769 24.5
      vertex -16.2322 -32.9447 24.5
      vertex -16.2322 -29.4091 24.5
    endloop
  endfacet
  facet normal 0 0 1
    outer loop
      vertex -18 -28.6769 24.5
      vertex -18 -33.6769 24.5
      vertex -16.2322 -32.9447 24.5
    endloop
  endfacet
  facet normal -0 0 1
    outer loop
      vertex -19.7678 -29.4091 24.5
      vertex -18 -33.6769 24.5
      vertex -18 -28.6769 24.5
    endloop
  endfacet
  facet normal 0 0 1
    outer loop
      vertex -19.7678 -29.4091 24.5
      vertex -19.7678 -32.9447 24.5
      vertex -18 -33.6769 24.5
    endloop
  endfacet
  facet normal 0 -0 1
    outer loop
      vertex -19.7678 -32.9447 24.5
      vertex -19.7678 -29.4091 24.5
      vertex -20.5 -31.1769 24.5
    endloop
  endfacet
  facet normal 0.923888 -0.382663 0
    outer loop
      vertex -16.2322 -32.9447 24.5
      vertex -15.5 -31.1769 20.5
      vertex -15.5 -31.1769 24.5
    endloop
  endfacet
  facet normal 0.923888 -0.382663 0
    outer loop
      vertex -15.5 -31.1769 20.5
      vertex -16.2322 -32.9447 24.5
      vertex -16.2322 -32.9447 20.5
    endloop
  endfacet
  facet normal -0.923888 0.382663 0
    outer loop
      vertex -20.5 -31.1769 20.5
      vertex -19.7678 -29.4091 24.5
      vertex -19.7678 -29.4091 20.5
    endloop
  endfacet
  facet normal -0.923888 0.382663 0
    outer loop
      vertex -19.7678 -29.4091 24.5
      vertex -20.5 -31.1769 20.5
      vertex -20.5 -31.1769 24.5
    endloop
  endfacet
  facet normal -0.382663 0.923888 0
    outer loop
      vertex -18 -28.6769 20.5
      vertex -19.7678 -29.4091 24.5
      vertex -18 -28.6769 24.5
    endloop
  endfacet
  facet normal -0.382663 0.923888 0
    outer loop
      vertex -19.7678 -29.4091 24.5
      vertex -18 -28.6769 20.5
      vertex -19.7678 -29.4091 20.5
    endloop
  endfacet
  facet normal 0 0 -1
    outer loop
      vertex -16.5 -31.1769 20.5
      vertex -15.5 -31.1769 20.5
      vertex -16.2322 -32.9447 20.5
    endloop
  endfacet
  facet normal 0 0 -1
    outer loop
      vertex -15.5 -31.1769 20.5
      vertex -16.5 -31.1769 20.5
      vertex -16.2322 -29.4091 20.5
    endloop
  endfacet
  facet normal 0 0 -1
    outer loop
      vertex -16.2322 -32.9447 20.5
      vertex -17.5365 -32.6035 20.5
      vertex -16.5 -31.1769 20.5
    endloop
  endfacet
  facet normal 0 0 -1
    outer loop
      vertex -18 -33.6769 20.5
      vertex -17.5365 -32.6035 20.5
      vertex -16.2322 -32.9447 20.5
    endloop
  endfacet
  facet normal 0 0 -1
    outer loop
      vertex -18 -33.6769 20.5
      vertex -19.2135 -32.0586 20.5
      vertex -17.5365 -32.6035 20.5
    endloop
  endfacet
  facet normal 0 0 -1
    outer loop
      vertex -20.5 -31.1769 20.5
      vertex -19.2135 -32.0586 20.5
      vertex -19.7678 -32.9447 20.5
    endloop
  endfacet
  facet normal 0 0 -1
    outer loop
      vertex -19.7678 -32.9447 20.5
      vertex -19.2135 -32.0586 20.5
      vertex -18 -33.6769 20.5
    endloop
  endfacet
  facet normal 0 0 -1
    outer loop
      vertex -17.5365 -29.7503 20.5
      vertex -16.2322 -29.4091 20.5
      vertex -16.5 -31.1769 20.5
    endloop
  endfacet
  facet normal 0 0 -1
    outer loop
      vertex -17.5365 -29.7503 20.5
      vertex -18 -28.6769 20.5
      vertex -16.2322 -29.4091 20.5
    endloop
  endfacet
  facet normal 0 0 -1
    outer loop
      vertex -19.2135 -30.2952 20.5
      vertex -18 -28.6769 20.5
      vertex -17.5365 -29.7503 20.5
    endloop
  endfacet
  facet normal 0 0 -1
    outer loop
      vertex -19.2135 -30.2952 20.5
      vertex -19.7678 -29.4091 20.5
      vertex -18 -28.6769 20.5
    endloop
  endfacet
  facet normal 0 0 -1
    outer loop
      vertex -19.2135 -32.0586 20.5
      vertex -20.5 -31.1769 20.5
      vertex -19.2135 -30.2952 20.5
    endloop
  endfacet
  facet normal -0 0 -1
    outer loop
      vertex -19.2135 -30.2952 20.5
      vertex -20.5 -31.1769 20.5
      vertex -19.7678 -29.4091 20.5
    endloop
  endfacet
  facet normal 0 0 -1
    outer loop
      vertex -8.85396 -36.1999 -23.75
      vertex -8.85396 -33.3467 -23.75
      vertex -7.81748 -34.7733 -23.75
    endloop
  endfacet
  facet normal 0 0 -1
    outer loop
      vertex -10.531 -35.655 -23.75
      vertex -8.85396 -33.3467 -23.75
      vertex -8.85396 -36.1999 -23.75
    endloop
  endfacet
  facet normal 0 0 -1
    outer loop
      vertex -8.85396 -33.3467 -23.75
      vertex -10.531 -35.655 -23.75
      vertex -10.531 -33.8917 -23.75
    endloop
  endfacet
  facet normal -0.923888 -0.382663 0
    outer loop
      vertex -11.0853 -36.5411 20.5
      vertex -11.8175 -34.7733 24.5
      vertex -11.8175 -34.7733 20.5
    endloop
  endfacet
  facet normal -0.923888 -0.382663 0
    outer loop
      vertex -11.8175 -34.7733 24.5
      vertex -11.0853 -36.5411 20.5
      vertex -11.0853 -36.5411 24.5
    endloop
  endfacet
  facet normal 0.382715 0.923867 -0
    outer loop
      vertex -7.54972 -33.0056 20.5
      vertex -9.31748 -32.2733 24.5
      vertex -7.54972 -33.0056 24.5
    endloop
  endfacet
  facet normal 0.382715 0.923867 0
    outer loop
      vertex -9.31748 -32.2733 24.5
      vertex -7.54972 -33.0056 20.5
      vertex -9.31748 -32.2733 20.5
    endloop
  endfacet
  facet normal 0.923873 0.382699 0
    outer loop
      vertex -6.81748 -34.7733 24.5
      vertex -7.54972 -33.0056 20.5
      vertex -7.54972 -33.0056 24.5
    endloop
  endfacet
  facet normal 0.923873 0.382699 0
    outer loop
      vertex -7.54972 -33.0056 20.5
      vertex -6.81748 -34.7733 24.5
      vertex -6.81748 -34.7733 20.5
    endloop
  endfacet
  facet normal 0.923881 -0.38268 0
    outer loop
      vertex -7.54972 -36.5411 24.5
      vertex -6.81748 -34.7733 20.5
      vertex -6.81748 -34.7733 24.5
    endloop
  endfacet
  facet normal 0.923881 -0.38268 0
    outer loop
      vertex -6.81748 -34.7733 20.5
      vertex -7.54972 -36.5411 24.5
      vertex -7.54972 -36.5411 20.5
    endloop
  endfacet
  facet normal -0.382659 -0.92389 0
    outer loop
      vertex -11.0853 -36.5411 20.5
      vertex -9.31748 -37.2733 24.5
      vertex -11.0853 -36.5411 24.5
    endloop
  endfacet
  facet normal -0.382659 -0.92389 -0
    outer loop
      vertex -9.31748 -37.2733 24.5
      vertex -11.0853 -36.5411 20.5
      vertex -9.31748 -37.2733 20.5
    endloop
  endfacet
  facet normal -0.382703 0.923871 0
    outer loop
      vertex -9.31748 -32.2733 20.5
      vertex -11.0853 -33.0056 24.5
      vertex -9.31748 -32.2733 24.5
    endloop
  endfacet
  facet normal -0.382703 0.923871 0
    outer loop
      vertex -11.0853 -33.0056 24.5
      vertex -9.31748 -32.2733 20.5
      vertex -11.0853 -33.0056 20.5
    endloop
  endfacet
  facet normal -0.923881 0.382681 0
    outer loop
      vertex -11.8175 -34.7733 20.5
      vertex -11.0853 -33.0056 24.5
      vertex -11.0853 -33.0056 20.5
    endloop
  endfacet
  facet normal -0.923881 0.382681 0
    outer loop
      vertex -11.0853 -33.0056 24.5
      vertex -11.8175 -34.7733 20.5
      vertex -11.8175 -34.7733 24.5
    endloop
  endfacet
  facet normal 0.38267 -0.923885 0
    outer loop
      vertex -9.31748 -37.2733 20.5
      vertex -7.54972 -36.5411 24.5
      vertex -9.31748 -37.2733 24.5
    endloop
  endfacet
  facet normal 0.38267 -0.923885 0
    outer loop
      vertex -7.54972 -36.5411 24.5
      vertex -9.31748 -37.2733 20.5
      vertex -7.54972 -36.5411 20.5
    endloop
  endfacet
  facet normal 0 0 1
    outer loop
      vertex -7.54972 -33.0056 24.5
      vertex -7.54972 -36.5411 24.5
      vertex -6.81748 -34.7733 24.5
    endloop
  endfacet
  facet normal 0 0 1
    outer loop
      vertex -9.31748 -32.2733 24.5
      vertex -7.54972 -36.5411 24.5
      vertex -7.54972 -33.0056 24.5
    endloop
  endfacet
  facet normal 0 0 1
    outer loop
      vertex -9.31748 -32.2733 24.5
      vertex -9.31748 -37.2733 24.5
      vertex -7.54972 -36.5411 24.5
    endloop
  endfacet
  facet normal -0 0 1
    outer loop
      vertex -11.0853 -33.0056 24.5
      vertex -9.31748 -37.2733 24.5
      vertex -9.31748 -32.2733 24.5
    endloop
  endfacet
  facet normal 0 0 1
    outer loop
      vertex -11.0853 -33.0056 24.5
      vertex -11.0853 -36.5411 24.5
      vertex -9.31748 -37.2733 24.5
    endloop
  endfacet
  facet normal 0 -0 1
    outer loop
      vertex -11.0853 -36.5411 24.5
      vertex -11.0853 -33.0056 24.5
      vertex -11.8175 -34.7733 24.5
    endloop
  endfacet
  facet normal 0 0 -1
    outer loop
      vertex -7.81748 -34.7733 20.5
      vertex -6.81748 -34.7733 20.5
      vertex -7.54972 -36.5411 20.5
    endloop
  endfacet
  facet normal 0 0 -1
    outer loop
      vertex -6.81748 -34.7733 20.5
      vertex -7.81748 -34.7733 20.5
      vertex -7.54972 -33.0056 20.5
    endloop
  endfacet
  facet normal 0 0 -1
    outer loop
      vertex -7.54972 -36.5411 20.5
      vertex -8.85396 -36.1999 20.5
      vertex -7.81748 -34.7733 20.5
    endloop
  endfacet
  facet normal 0 0 -1
    outer loop
      vertex -9.31748 -37.2733 20.5
      vertex -8.85396 -36.1999 20.5
      vertex -7.54972 -36.5411 20.5
    endloop
  endfacet
  facet normal 0 0 -1
    outer loop
      vertex -9.31748 -37.2733 20.5
      vertex -10.531 -35.655 20.5
      vertex -8.85396 -36.1999 20.5
    endloop
  endfacet
  facet normal 0 0 -1
    outer loop
      vertex -11.8175 -34.7733 20.5
      vertex -10.531 -35.655 20.5
      vertex -11.0853 -36.5411 20.5
    endloop
  endfacet
  facet normal 0 0 -1
    outer loop
      vertex -11.0853 -36.5411 20.5
      vertex -10.531 -35.655 20.5
      vertex -9.31748 -37.2733 20.5
    endloop
  endfacet
  facet normal 0 0 -1
    outer loop
      vertex -8.85396 -33.3467 20.5
      vertex -7.54972 -33.0056 20.5
      vertex -7.81748 -34.7733 20.5
    endloop
  endfacet
  facet normal 0 0 -1
    outer loop
      vertex -8.85396 -33.3467 20.5
      vertex -9.31748 -32.2733 20.5
      vertex -7.54972 -33.0056 20.5
    endloop
  endfacet
  facet normal 0 0 -1
    outer loop
      vertex -10.531 -33.8917 20.5
      vertex -9.31748 -32.2733 20.5
      vertex -8.85396 -33.3467 20.5
    endloop
  endfacet
  facet normal 0 0 -1
    outer loop
      vertex -10.531 -33.8917 20.5
      vertex -11.0853 -33.0056 20.5
      vertex -9.31748 -32.2733 20.5
    endloop
  endfacet
  facet normal 0 0 -1
    outer loop
      vertex -10.531 -35.655 20.5
      vertex -11.8175 -34.7733 20.5
      vertex -10.531 -33.8917 20.5
    endloop
  endfacet
  facet normal -0 0 -1
    outer loop
      vertex -10.531 -33.8917 20.5
      vertex -11.8175 -34.7733 20.5
      vertex -11.0853 -33.0056 20.5
    endloop
  endfacet
  facet normal 0 0 -1
    outer loop
      vertex 0.463525 -37.4266 -23.75
      vertex 0.463525 -34.5734 -23.75
      vertex 1.5 -36 -23.75
    endloop
  endfacet
  facet normal 0 0 -1
    outer loop
      vertex -1.21352 -36.8817 -23.75
      vertex 0.463525 -34.5734 -23.75
      vertex 0.463525 -37.4266 -23.75
    endloop
  endfacet
  facet normal 0 0 -1
    outer loop
      vertex 0.463525 -34.5734 -23.75
      vertex -1.21352 -36.8817 -23.75
      vertex -1.21352 -35.1183 -23.75
    endloop
  endfacet
  facet normal 0.382668 0.923886 -0
    outer loop
      vertex 1.76777 -34.2322 20.5
      vertex 0 -33.5 24.5
      vertex 1.76777 -34.2322 24.5
    endloop
  endfacet
  facet normal 0.382668 0.923886 0
    outer loop
      vertex 0 -33.5 24.5
      vertex 1.76777 -34.2322 20.5
      vertex 0 -33.5 20.5
    endloop
  endfacet
  facet normal 0.923883 0.382676 0
    outer loop
      vertex 2.5 -36 24.5
      vertex 1.76777 -34.2322 20.5
      vertex 1.76777 -34.2322 24.5
    endloop
  endfacet
  facet normal 0.923883 0.382676 0
    outer loop
      vertex 1.76777 -34.2322 20.5
      vertex 2.5 -36 24.5
      vertex 2.5 -36 20.5
    endloop
  endfacet
  facet normal -0.382668 0.923886 0
    outer loop
      vertex 0 -33.5 20.5
      vertex -1.76777 -34.2322 24.5
      vertex 0 -33.5 24.5
    endloop
  endfacet
  facet normal -0.382668 0.923886 0
    outer loop
      vertex -1.76777 -34.2322 24.5
      vertex 0 -33.5 20.5
      vertex -1.76777 -34.2322 20.5
    endloop
  endfacet
  facet normal -0.923883 0.382676 0
    outer loop
      vertex -2.5 -36 20.5
      vertex -1.76777 -34.2322 24.5
      vertex -1.76777 -34.2322 20.5
    endloop
  endfacet
  facet normal -0.923883 0.382676 0
    outer loop
      vertex -1.76777 -34.2322 24.5
      vertex -2.5 -36 20.5
      vertex -2.5 -36 24.5
    endloop
  endfacet
  facet normal 0 0 1
    outer loop
      vertex 1.76777 -34.2322 24.5
      vertex 1.76777 -37.7678 24.5
      vertex 2.5 -36 24.5
    endloop
  endfacet
  facet normal 0 0 1
    outer loop
      vertex 0 -33.5 24.5
      vertex 1.76777 -37.7678 24.5
      vertex 1.76777 -34.2322 24.5
    endloop
  endfacet
  facet normal 0 0 1
    outer loop
      vertex 0 -33.5 24.5
      vertex 0 -38.5 24.5
      vertex 1.76777 -37.7678 24.5
    endloop
  endfacet
  facet normal -0 0 1
    outer loop
      vertex -1.76777 -34.2322 24.5
      vertex 0 -38.5 24.5
      vertex 0 -33.5 24.5
    endloop
  endfacet
  facet normal 0 0 1
    outer loop
      vertex -1.76777 -34.2322 24.5
      vertex -1.76777 -37.7678 24.5
      vertex 0 -38.5 24.5
    endloop
  endfacet
  facet normal 0 -0 1
    outer loop
      vertex -1.76777 -37.7678 24.5
      vertex -1.76777 -34.2322 24.5
      vertex -2.5 -36 24.5
    endloop
  endfacet
  facet normal 0.382668 -0.923886 0
    outer loop
      vertex 0 -38.5 20.5
      vertex 1.76777 -37.7678 24.5
      vertex 0 -38.5 24.5
    endloop
  endfacet
  facet normal 0.382668 -0.923886 0
    outer loop
      vertex 1.76777 -37.7678 24.5
      vertex 0 -38.5 20.5
      vertex 1.76777 -37.7678 20.5
    endloop
  endfacet
  facet normal -0.923883 -0.382676 0
    outer loop
      vertex -1.76777 -37.7678 20.5
      vertex -2.5 -36 24.5
      vertex -2.5 -36 20.5
    endloop
  endfacet
  facet normal -0.923883 -0.382676 0
    outer loop
      vertex -2.5 -36 24.5
      vertex -1.76777 -37.7678 20.5
      vertex -1.76777 -37.7678 24.5
    endloop
  endfacet
  facet normal 0.923883 -0.382676 0
    outer loop
      vertex 1.76777 -37.7678 24.5
      vertex 2.5 -36 20.5
      vertex 2.5 -36 24.5
    endloop
  endfacet
  facet normal 0.923883 -0.382676 0
    outer loop
      vertex 2.5 -36 20.5
      vertex 1.76777 -37.7678 24.5
      vertex 1.76777 -37.7678 20.5
    endloop
  endfacet
  facet normal 0 0 -1
    outer loop
      vertex 1.5 -36 20.5
      vertex 2.5 -36 20.5
      vertex 1.76777 -37.7678 20.5
    endloop
  endfacet
  facet normal 0 0 -1
    outer loop
      vertex 2.5 -36 20.5
      vertex 1.5 -36 20.5
      vertex 1.76777 -34.2322 20.5
    endloop
  endfacet
  facet normal 0 0 -1
    outer loop
      vertex 1.76777 -37.7678 20.5
      vertex 0.463525 -37.4266 20.5
      vertex 1.5 -36 20.5
    endloop
  endfacet
  facet normal 0 0 -1
    outer loop
      vertex 0 -38.5 20.5
      vertex 0.463525 -37.4266 20.5
      vertex 1.76777 -37.7678 20.5
    endloop
  endfacet
  facet normal 0 0 -1
    outer loop
      vertex 0 -38.5 20.5
      vertex -1.21352 -36.8817 20.5
      vertex 0.463525 -37.4266 20.5
    endloop
  endfacet
  facet normal 0 0 -1
    outer loop
      vertex -2.5 -36 20.5
      vertex -1.21352 -36.8817 20.5
      vertex -1.76777 -37.7678 20.5
    endloop
  endfacet
  facet normal 0 0 -1
    outer loop
      vertex -1.76777 -37.7678 20.5
      vertex -1.21352 -36.8817 20.5
      vertex 0 -38.5 20.5
    endloop
  endfacet
  facet normal 0 0 -1
    outer loop
      vertex 0.463525 -34.5734 20.5
      vertex 1.76777 -34.2322 20.5
      vertex 1.5 -36 20.5
    endloop
  endfacet
  facet normal 0 0 -1
    outer loop
      vertex 0.463525 -34.5734 20.5
      vertex 0 -33.5 20.5
      vertex 1.76777 -34.2322 20.5
    endloop
  endfacet
  facet normal 0 0 -1
    outer loop
      vertex -1.21352 -35.1183 20.5
      vertex 0 -33.5 20.5
      vertex 0.463525 -34.5734 20.5
    endloop
  endfacet
  facet normal 0 0 -1
    outer loop
      vertex -1.21352 -35.1183 20.5
      vertex -1.76777 -34.2322 20.5
      vertex 0 -33.5 20.5
    endloop
  endfacet
  facet normal 0 0 -1
    outer loop
      vertex -1.21352 -36.8817 20.5
      vertex -2.5 -36 20.5
      vertex -1.21352 -35.1183 20.5
    endloop
  endfacet
  facet normal -0 0 -1
    outer loop
      vertex -1.21352 -35.1183 20.5
      vertex -2.5 -36 20.5
      vertex -1.76777 -34.2322 20.5
    endloop
  endfacet
  facet normal -0.382668 -0.923886 0
    outer loop
      vertex -1.76777 -37.7678 20.5
      vertex 0 -38.5 24.5
      vertex -1.76777 -37.7678 24.5
    endloop
  endfacet
  facet normal -0.382668 -0.923886 -0
    outer loop
      vertex 0 -38.5 24.5
      vertex -1.76777 -37.7678 20.5
      vertex 0 -38.5 20.5
    endloop
  endfacet
  facet normal 0 0 -1
    outer loop
      vertex 9.78101 -36.1999 -23.75
      vertex 9.78101 -33.3467 -23.75
      vertex 10.8175 -34.7733 -23.75
    endloop
  endfacet
  facet normal 0 0 -1
    outer loop
      vertex 8.10396 -35.655 -23.75
      vertex 9.78101 -33.3467 -23.75
      vertex 9.78101 -36.1999 -23.75
    endloop
  endfacet
  facet normal 0 0 -1
    outer loop
      vertex 9.78101 -33.3467 -23.75
      vertex 8.10396 -35.655 -23.75
      vertex 8.10396 -33.8917 -23.75
    endloop
  endfacet
  facet normal -0.923881 -0.38268 0
    outer loop
      vertex 7.54972 -36.5411 20.5
      vertex 6.81748 -34.7733 24.5
      vertex 6.81748 -34.7733 20.5
    endloop
  endfacet
  facet normal -0.923881 -0.38268 0
    outer loop
      vertex 6.81748 -34.7733 24.5
      vertex 7.54972 -36.5411 20.5
      vertex 7.54972 -36.5411 24.5
    endloop
  endfacet
  facet normal 0.382703 0.923871 -0
    outer loop
      vertex 11.0853 -33.0056 20.5
      vertex 9.31748 -32.2733 24.5
      vertex 11.0853 -33.0056 24.5
    endloop
  endfacet
  facet normal 0.382703 0.923871 0
    outer loop
      vertex 9.31748 -32.2733 24.5
      vertex 11.0853 -33.0056 20.5
      vertex 9.31748 -32.2733 20.5
    endloop
  endfacet
  facet normal 0.923881 0.382681 0
    outer loop
      vertex 11.8175 -34.7733 24.5
      vertex 11.0853 -33.0056 20.5
      vertex 11.0853 -33.0056 24.5
    endloop
  endfacet
  facet normal 0.923881 0.382681 0
    outer loop
      vertex 11.0853 -33.0056 20.5
      vertex 11.8175 -34.7733 24.5
      vertex 11.8175 -34.7733 20.5
    endloop
  endfacet
  facet normal 0.923888 -0.382663 0
    outer loop
      vertex 11.0853 -36.5411 24.5
      vertex 11.8175 -34.7733 20.5
      vertex 11.8175 -34.7733 24.5
    endloop
  endfacet
  facet normal 0.923888 -0.382663 0
    outer loop
      vertex 11.8175 -34.7733 20.5
      vertex 11.0853 -36.5411 24.5
      vertex 11.0853 -36.5411 20.5
    endloop
  endfacet
  facet normal -0.38267 -0.923885 0
    outer loop
      vertex 7.54972 -36.5411 20.5
      vertex 9.31748 -37.2733 24.5
      vertex 7.54972 -36.5411 24.5
    endloop
  endfacet
  facet normal -0.38267 -0.923885 -0
    outer loop
      vertex 9.31748 -37.2733 24.5
      vertex 7.54972 -36.5411 20.5
      vertex 9.31748 -37.2733 20.5
    endloop
  endfacet
  facet normal -0.923873 0.382699 0
    outer loop
      vertex 6.81748 -34.7733 20.5
      vertex 7.54972 -33.0056 24.5
      vertex 7.54972 -33.0056 20.5
    endloop
  endfacet
  facet normal -0.923873 0.382699 0
    outer loop
      vertex 7.54972 -33.0056 24.5
      vertex 6.81748 -34.7733 20.5
      vertex 6.81748 -34.7733 24.5
    endloop
  endfacet
  facet normal 0.382659 -0.92389 0
    outer loop
      vertex 9.31748 -37.2733 20.5
      vertex 11.0853 -36.5411 24.5
      vertex 9.31748 -37.2733 24.5
    endloop
  endfacet
  facet normal 0.382659 -0.92389 0
    outer loop
      vertex 11.0853 -36.5411 24.5
      vertex 9.31748 -37.2733 20.5
      vertex 11.0853 -36.5411 20.5
    endloop
  endfacet
  facet normal 0 0 1
    outer loop
      vertex 11.0853 -33.0056 24.5
      vertex 11.0853 -36.5411 24.5
      vertex 11.8175 -34.7733 24.5
    endloop
  endfacet
  facet normal 0 0 1
    outer loop
      vertex 9.31748 -32.2733 24.5
      vertex 11.0853 -36.5411 24.5
      vertex 11.0853 -33.0056 24.5
    endloop
  endfacet
  facet normal 0 0 1
    outer loop
      vertex 9.31748 -32.2733 24.5
      vertex 9.31748 -37.2733 24.5
      vertex 11.0853 -36.5411 24.5
    endloop
  endfacet
  facet normal -0 0 1
    outer loop
      vertex 7.54972 -33.0056 24.5
      vertex 9.31748 -37.2733 24.5
      vertex 9.31748 -32.2733 24.5
    endloop
  endfacet
  facet normal 0 0 1
    outer loop
      vertex 7.54972 -33.0056 24.5
      vertex 7.54972 -36.5411 24.5
      vertex 9.31748 -37.2733 24.5
    endloop
  endfacet
  facet normal 0 -0 1
    outer loop
      vertex 7.54972 -36.5411 24.5
      vertex 7.54972 -33.0056 24.5
      vertex 6.81748 -34.7733 24.5
    endloop
  endfacet
  facet normal -0.382715 0.923867 0
    outer loop
      vertex 9.31748 -32.2733 20.5
      vertex 7.54972 -33.0056 24.5
      vertex 9.31748 -32.2733 24.5
    endloop
  endfacet
  facet normal -0.382715 0.923867 0
    outer loop
      vertex 7.54972 -33.0056 24.5
      vertex 9.31748 -32.2733 20.5
      vertex 7.54972 -33.0056 20.5
    endloop
  endfacet
  facet normal 0 0 -1
    outer loop
      vertex 10.8175 -34.7733 20.5
      vertex 11.8175 -34.7733 20.5
      vertex 11.0853 -36.5411 20.5
    endloop
  endfacet
  facet normal 0 0 -1
    outer loop
      vertex 11.8175 -34.7733 20.5
      vertex 10.8175 -34.7733 20.5
      vertex 11.0853 -33.0056 20.5
    endloop
  endfacet
  facet normal 0 0 -1
    outer loop
      vertex 11.0853 -36.5411 20.5
      vertex 9.78101 -36.1999 20.5
      vertex 10.8175 -34.7733 20.5
    endloop
  endfacet
  facet normal 0 0 -1
    outer loop
      vertex 9.31748 -37.2733 20.5
      vertex 9.78101 -36.1999 20.5
      vertex 11.0853 -36.5411 20.5
    endloop
  endfacet
  facet normal 0 0 -1
    outer loop
      vertex 9.31748 -37.2733 20.5
      vertex 8.10396 -35.655 20.5
      vertex 9.78101 -36.1999 20.5
    endloop
  endfacet
  facet normal 0 0 -1
    outer loop
      vertex 6.81748 -34.7733 20.5
      vertex 8.10396 -35.655 20.5
      vertex 7.54972 -36.5411 20.5
    endloop
  endfacet
  facet normal 0 0 -1
    outer loop
      vertex 7.54972 -36.5411 20.5
      vertex 8.10396 -35.655 20.5
      vertex 9.31748 -37.2733 20.5
    endloop
  endfacet
  facet normal 0 0 -1
    outer loop
      vertex 9.78101 -33.3467 20.5
      vertex 11.0853 -33.0056 20.5
      vertex 10.8175 -34.7733 20.5
    endloop
  endfacet
  facet normal 0 0 -1
    outer loop
      vertex 9.78101 -33.3467 20.5
      vertex 9.31748 -32.2733 20.5
      vertex 11.0853 -33.0056 20.5
    endloop
  endfacet
  facet normal 0 0 -1
    outer loop
      vertex 8.10396 -33.8917 20.5
      vertex 9.31748 -32.2733 20.5
      vertex 9.78101 -33.3467 20.5
    endloop
  endfacet
  facet normal 0 0 -1
    outer loop
      vertex 8.10396 -33.8917 20.5
      vertex 7.54972 -33.0056 20.5
      vertex 9.31748 -32.2733 20.5
    endloop
  endfacet
  facet normal 0 0 -1
    outer loop
      vertex 8.10396 -35.655 20.5
      vertex 6.81748 -34.7733 20.5
      vertex 8.10396 -33.8917 20.5
    endloop
  endfacet
  facet normal -0 0 -1
    outer loop
      vertex 8.10396 -33.8917 20.5
      vertex 6.81748 -34.7733 20.5
      vertex 7.54972 -33.0056 20.5
    endloop
  endfacet
  facet normal 0 0 -1
    outer loop
      vertex 18.4635 -32.6035 -23.75
      vertex 18.4635 -29.7503 -23.75
      vertex 19.5 -31.1769 -23.75
    endloop
  endfacet
  facet normal 0 0 -1
    outer loop
      vertex 16.7865 -32.0586 -23.75
      vertex 18.4635 -29.7503 -23.75
      vertex 18.4635 -32.6035 -23.75
    endloop
  endfacet
  facet normal 0 0 -1
    outer loop
      vertex 18.4635 -29.7503 -23.75
      vertex 16.7865 -32.0586 -23.75
      vertex 16.7865 -30.2952 -23.75
    endloop
  endfacet
  facet normal 0.382663 0.923888 -0
    outer loop
      vertex 19.7678 -29.4091 20.5
      vertex 18 -28.6769 24.5
      vertex 19.7678 -29.4091 24.5
    endloop
  endfacet
  facet normal 0.382663 0.923888 0
    outer loop
      vertex 18 -28.6769 24.5
      vertex 19.7678 -29.4091 20.5
      vertex 18 -28.6769 20.5
    endloop
  endfacet
  facet normal 0.923888 0.382663 0
    outer loop
      vertex 20.5 -31.1769 24.5
      vertex 19.7678 -29.4091 20.5
      vertex 19.7678 -29.4091 24.5
    endloop
  endfacet
  facet normal 0.923888 0.382663 0
    outer loop
      vertex 19.7678 -29.4091 20.5
      vertex 20.5 -31.1769 24.5
      vertex 20.5 -31.1769 20.5
    endloop
  endfacet
  facet normal -0.382663 0.923888 0
    outer loop
      vertex 18 -28.6769 20.5
      vertex 16.2322 -29.4091 24.5
      vertex 18 -28.6769 24.5
    endloop
  endfacet
  facet normal -0.382663 0.923888 0
    outer loop
      vertex 16.2322 -29.4091 24.5
      vertex 18 -28.6769 20.5
      vertex 16.2322 -29.4091 20.5
    endloop
  endfacet
  facet normal 0 0 1
    outer loop
      vertex 19.7678 -29.4091 24.5
      vertex 19.7678 -32.9447 24.5
      vertex 20.5 -31.1769 24.5
    endloop
  endfacet
  facet normal 0 0 1
    outer loop
      vertex 18 -28.6769 24.5
      vertex 19.7678 -32.9447 24.5
      vertex 19.7678 -29.4091 24.5
    endloop
  endfacet
  facet normal 0 0 1
    outer loop
      vertex 18 -28.6769 24.5
      vertex 18 -33.6769 24.5
      vertex 19.7678 -32.9447 24.5
    endloop
  endfacet
  facet normal -0 0 1
    outer loop
      vertex 16.2322 -29.4091 24.5
      vertex 18 -33.6769 24.5
      vertex 18 -28.6769 24.5
    endloop
  endfacet
  facet normal 0 0 1
    outer loop
      vertex 16.2322 -29.4091 24.5
      vertex 16.2322 -32.9447 24.5
      vertex 18 -33.6769 24.5
    endloop
  endfacet
  facet normal 0 -0 1
    outer loop
      vertex 16.2322 -32.9447 24.5
      vertex 16.2322 -29.4091 24.5
      vertex 15.5 -31.1769 24.5
    endloop
  endfacet
  facet normal 0.923888 -0.382663 0
    outer loop
      vertex 19.7678 -32.9447 24.5
      vertex 20.5 -31.1769 20.5
      vertex 20.5 -31.1769 24.5
    endloop
  endfacet
  facet normal 0.923888 -0.382663 0
    outer loop
      vertex 20.5 -31.1769 20.5
      vertex 19.7678 -32.9447 24.5
      vertex 19.7678 -32.9447 20.5
    endloop
  endfacet
  facet normal -0.923888 0.382663 0
    outer loop
      vertex 15.5 -31.1769 20.5
      vertex 16.2322 -29.4091 24.5
      vertex 16.2322 -29.4091 20.5
    endloop
  endfacet
  facet normal -0.923888 0.382663 0
    outer loop
      vertex 16.2322 -29.4091 24.5
      vertex 15.5 -31.1769 20.5
      vertex 15.5 -31.1769 24.5
    endloop
  endfacet
  facet normal -0.382663 -0.923888 0
    outer loop
      vertex 16.2322 -32.9447 20.5
      vertex 18 -33.6769 24.5
      vertex 16.2322 -32.9447 24.5
    endloop
  endfacet
  facet normal -0.382663 -0.923888 -0
    outer loop
      vertex 18 -33.6769 24.5
      vertex 16.2322 -32.9447 20.5
      vertex 18 -33.6769 20.5
    endloop
  endfacet
  facet normal 0 0 -1
    outer loop
      vertex 19.5 -31.1769 20.5
      vertex 20.5 -31.1769 20.5
      vertex 19.7678 -32.9447 20.5
    endloop
  endfacet
  facet normal 0 0 -1
    outer loop
      vertex 20.5 -31.1769 20.5
      vertex 19.5 -31.1769 20.5
      vertex 19.7678 -29.4091 20.5
    endloop
  endfacet
  facet normal 0 0 -1
    outer loop
      vertex 19.7678 -32.9447 20.5
      vertex 18.4635 -32.6035 20.5
      vertex 19.5 -31.1769 20.5
    endloop
  endfacet
  facet normal 0 0 -1
    outer loop
      vertex 18 -33.6769 20.5
      vertex 18.4635 -32.6035 20.5
      vertex 19.7678 -32.9447 20.5
    endloop
  endfacet
  facet normal 0 0 -1
    outer loop
      vertex 18 -33.6769 20.5
      vertex 16.7865 -32.0586 20.5
      vertex 18.4635 -32.6035 20.5
    endloop
  endfacet
  facet normal 0 0 -1
    outer loop
      vertex 15.5 -31.1769 20.5
      vertex 16.7865 -32.0586 20.5
      vertex 16.2322 -32.9447 20.5
    endloop
  endfacet
  facet normal 0 0 -1
    outer loop
      vertex 16.2322 -32.9447 20.5
      vertex 16.7865 -32.0586 20.5
      vertex 18 -33.6769 20.5
    endloop
  endfacet
  facet normal 0 0 -1
    outer loop
      vertex 18.4635 -29.7503 20.5
      vertex 19.7678 -29.4091 20.5
      vertex 19.5 -31.1769 20.5
    endloop
  endfacet
  facet normal 0 0 -1
    outer loop
      vertex 18.4635 -29.7503 20.5
      vertex 18 -28.6769 20.5
      vertex 19.7678 -29.4091 20.5
    endloop
  endfacet
  facet normal 0 0 -1
    outer loop
      vertex 16.7865 -30.2952 20.5
      vertex 18 -28.6769 20.5
      vertex 18.4635 -29.7503 20.5
    endloop
  endfacet
  facet normal 0 0 -1
    outer loop
      vertex 16.7865 -30.2952 20.5
      vertex 16.2322 -29.4091 20.5
      vertex 18 -28.6769 20.5
    endloop
  endfacet
  facet normal 0 0 -1
    outer loop
      vertex 16.7865 -32.0586 20.5
      vertex 15.5 -31.1769 20.5
      vertex 16.7865 -30.2952 20.5
    endloop
  endfacet
  facet normal -0 0 -1
    outer loop
      vertex 16.7865 -30.2952 20.5
      vertex 15.5 -31.1769 20.5
      vertex 16.2322 -29.4091 20.5
    endloop
  endfacet
  facet normal 0.382663 -0.923888 0
    outer loop
      vertex 18 -33.6769 20.5
      vertex 19.7678 -32.9447 24.5
      vertex 18 -33.6769 24.5
    endloop
  endfacet
  facet normal 0.382663 -0.923888 0
    outer loop
      vertex 19.7678 -32.9447 24.5
      vertex 18 -33.6769 20.5
      vertex 19.7678 -32.9447 20.5
    endloop
  endfacet
  facet normal -0.923888 -0.382663 0
    outer loop
      vertex 16.2322 -32.9447 20.5
      vertex 15.5 -31.1769 24.5
      vertex 15.5 -31.1769 20.5
    endloop
  endfacet
  facet normal -0.923888 -0.382663 0
    outer loop
      vertex 15.5 -31.1769 24.5
      vertex 16.2322 -32.9447 20.5
      vertex 16.2322 -32.9447 24.5
    endloop
  endfacet
  facet normal 0 0 -1
    outer loop
      vertex 25.9194 -26.8824 -23.75
      vertex 25.9194 -24.0293 -23.75
      vertex 26.9558 -25.4558 -23.75
    endloop
  endfacet
  facet normal 0 0 -1
    outer loop
      vertex 24.2423 -26.3375 -23.75
      vertex 25.9194 -24.0293 -23.75
      vertex 25.9194 -26.8824 -23.75
    endloop
  endfacet
  facet normal 0 0 -1
    outer loop
      vertex 25.9194 -24.0293 -23.75
      vertex 24.2423 -26.3375 -23.75
      vertex 24.2423 -24.5742 -23.75
    endloop
  endfacet
  facet normal -0.92387 -0.382707 0
    outer loop
      vertex 23.6881 -27.2236 20.5
      vertex 22.9558 -25.4558 24.5
      vertex 22.9558 -25.4558 20.5
    endloop
  endfacet
  facet normal -0.92387 -0.382707 0
    outer loop
      vertex 22.9558 -25.4558 24.5
      vertex 23.6881 -27.2236 20.5
      vertex 23.6881 -27.2236 24.5
    endloop
  endfacet
  facet normal 0.382707 0.92387 -0
    outer loop
      vertex 27.2236 -23.6881 20.5
      vertex 25.4558 -22.9558 24.5
      vertex 27.2236 -23.6881 24.5
    endloop
  endfacet
  facet normal 0.382707 0.92387 0
    outer loop
      vertex 25.4558 -22.9558 24.5
      vertex 27.2236 -23.6881 20.5
      vertex 25.4558 -22.9558 20.5
    endloop
  endfacet
  facet normal 0.923881 0.382681 0
    outer loop
      vertex 27.9558 -25.4558 24.5
      vertex 27.2236 -23.6881 20.5
      vertex 27.2236 -23.6881 24.5
    endloop
  endfacet
  facet normal 0.923881 0.382681 0
    outer loop
      vertex 27.2236 -23.6881 20.5
      vertex 27.9558 -25.4558 24.5
      vertex 27.9558 -25.4558 20.5
    endloop
  endfacet
  facet normal 0.923888 -0.382663 0
    outer loop
      vertex 27.2236 -27.2236 24.5
      vertex 27.9558 -25.4558 20.5
      vertex 27.9558 -25.4558 24.5
    endloop
  endfacet
  facet normal 0.923888 -0.382663 0
    outer loop
      vertex 27.9558 -25.4558 20.5
      vertex 27.2236 -27.2236 24.5
      vertex 27.2236 -27.2236 20.5
    endloop
  endfacet
  facet normal -0.382681 -0.923881 0
    outer loop
      vertex 23.6881 -27.2236 20.5
      vertex 25.4558 -27.9558 24.5
      vertex 23.6881 -27.2236 24.5
    endloop
  endfacet
  facet normal -0.382681 -0.923881 -0
    outer loop
      vertex 25.4558 -27.9558 24.5
      vertex 23.6881 -27.2236 20.5
      vertex 25.4558 -27.9558 20.5
    endloop
  endfacet
  facet normal -0.923862 0.382726 0
    outer loop
      vertex 22.9558 -25.4558 20.5
      vertex 23.6881 -23.6881 24.5
      vertex 23.6881 -23.6881 20.5
    endloop
  endfacet
  facet normal -0.923862 0.382726 0
    outer loop
      vertex 23.6881 -23.6881 24.5
      vertex 22.9558 -25.4558 20.5
      vertex 22.9558 -25.4558 24.5
    endloop
  endfacet
  facet normal 0.382663 -0.923888 0
    outer loop
      vertex 25.4558 -27.9558 20.5
      vertex 27.2236 -27.2236 24.5
      vertex 25.4558 -27.9558 24.5
    endloop
  endfacet
  facet normal 0.382663 -0.923888 0
    outer loop
      vertex 27.2236 -27.2236 24.5
      vertex 25.4558 -27.9558 20.5
      vertex 27.2236 -27.2236 20.5
    endloop
  endfacet
  facet normal 0 0 1
    outer loop
      vertex 27.2236 -23.6881 24.5
      vertex 27.2236 -27.2236 24.5
      vertex 27.9558 -25.4558 24.5
    endloop
  endfacet
  facet normal 0 0 1
    outer loop
      vertex 25.4558 -22.9558 24.5
      vertex 27.2236 -27.2236 24.5
      vertex 27.2236 -23.6881 24.5
    endloop
  endfacet
  facet normal 0 0 1
    outer loop
      vertex 25.4558 -22.9558 24.5
      vertex 25.4558 -27.9558 24.5
      vertex 27.2236 -27.2236 24.5
    endloop
  endfacet
  facet normal -0 0 1
    outer loop
      vertex 23.6881 -23.6881 24.5
      vertex 25.4558 -27.9558 24.5
      vertex 25.4558 -22.9558 24.5
    endloop
  endfacet
  facet normal 0 0 1
    outer loop
      vertex 23.6881 -23.6881 24.5
      vertex 23.6881 -27.2236 24.5
      vertex 25.4558 -27.9558 24.5
    endloop
  endfacet
  facet normal 0 -0 1
    outer loop
      vertex 23.6881 -27.2236 24.5
      vertex 23.6881 -23.6881 24.5
      vertex 22.9558 -25.4558 24.5
    endloop
  endfacet
  facet normal -0.382726 0.923862 0
    outer loop
      vertex 25.4558 -22.9558 20.5
      vertex 23.6881 -23.6881 24.5
      vertex 25.4558 -22.9558 24.5
    endloop
  endfacet
  facet normal -0.382726 0.923862 0
    outer loop
      vertex 23.6881 -23.6881 24.5
      vertex 25.4558 -22.9558 20.5
      vertex 23.6881 -23.6881 20.5
    endloop
  endfacet
  facet normal 0 0 -1
    outer loop
      vertex 26.9558 -25.4558 20.5
      vertex 27.9558 -25.4558 20.5
      vertex 27.2236 -27.2236 20.5
    endloop
  endfacet
  facet normal 0 0 -1
    outer loop
      vertex 27.9558 -25.4558 20.5
      vertex 26.9558 -25.4558 20.5
      vertex 27.2236 -23.6881 20.5
    endloop
  endfacet
  facet normal 0 0 -1
    outer loop
      vertex 27.2236 -27.2236 20.5
      vertex 25.9194 -26.8824 20.5
      vertex 26.9558 -25.4558 20.5
    endloop
  endfacet
  facet normal 0 0 -1
    outer loop
      vertex 25.4558 -27.9558 20.5
      vertex 25.9194 -26.8824 20.5
      vertex 27.2236 -27.2236 20.5
    endloop
  endfacet
  facet normal 0 0 -1
    outer loop
      vertex 25.4558 -27.9558 20.5
      vertex 24.2423 -26.3375 20.5
      vertex 25.9194 -26.8824 20.5
    endloop
  endfacet
  facet normal 0 0 -1
    outer loop
      vertex 22.9558 -25.4558 20.5
      vertex 24.2423 -26.3375 20.5
      vertex 23.6881 -27.2236 20.5
    endloop
  endfacet
  facet normal 0 0 -1
    outer loop
      vertex 23.6881 -27.2236 20.5
      vertex 24.2423 -26.3375 20.5
      vertex 25.4558 -27.9558 20.5
    endloop
  endfacet
  facet normal 0 0 -1
    outer loop
      vertex 25.9194 -24.0293 20.5
      vertex 27.2236 -23.6881 20.5
      vertex 26.9558 -25.4558 20.5
    endloop
  endfacet
  facet normal 0 0 -1
    outer loop
      vertex 25.9194 -24.0293 20.5
      vertex 25.4558 -22.9558 20.5
      vertex 27.2236 -23.6881 20.5
    endloop
  endfacet
  facet normal 0 0 -1
    outer loop
      vertex 24.2423 -24.5742 20.5
      vertex 25.4558 -22.9558 20.5
      vertex 25.9194 -24.0293 20.5
    endloop
  endfacet
  facet normal 0 0 -1
    outer loop
      vertex 24.2423 -24.5742 20.5
      vertex 23.6881 -23.6881 20.5
      vertex 25.4558 -22.9558 20.5
    endloop
  endfacet
  facet normal 0 0 -1
    outer loop
      vertex 24.2423 -26.3375 20.5
      vertex 22.9558 -25.4558 20.5
      vertex 24.2423 -24.5742 20.5
    endloop
  endfacet
  facet normal -0 0 -1
    outer loop
      vertex 24.2423 -24.5742 20.5
      vertex 22.9558 -25.4558 20.5
      vertex 23.6881 -23.6881 20.5
    endloop
  endfacet
  facet normal 0 0 -1
    outer loop
      vertex 31.6404 -19.4266 -23.75
      vertex 31.6404 -16.5734 -23.75
      vertex 32.6769 -18 -23.75
    endloop
  endfacet
  facet normal 0 0 -1
    outer loop
      vertex 29.9634 -18.8817 -23.75
      vertex 31.6404 -16.5734 -23.75
      vertex 31.6404 -19.4266 -23.75
    endloop
  endfacet
  facet normal 0 0 -1
    outer loop
      vertex 31.6404 -16.5734 -23.75
      vertex 29.9634 -18.8817 -23.75
      vertex 29.9634 -17.1183 -23.75
    endloop
  endfacet
  facet normal 0.382663 0.923888 -0
    outer loop
      vertex 32.9447 -16.2322 20.5
      vertex 31.1769 -15.5 24.5
      vertex 32.9447 -16.2322 24.5
    endloop
  endfacet
  facet normal 0.382663 0.923888 0
    outer loop
      vertex 31.1769 -15.5 24.5
      vertex 32.9447 -16.2322 20.5
      vertex 31.1769 -15.5 20.5
    endloop
  endfacet
  facet normal 0.923888 0.382663 0
    outer loop
      vertex 33.6769 -18 24.5
      vertex 32.9447 -16.2322 20.5
      vertex 32.9447 -16.2322 24.5
    endloop
  endfacet
  facet normal 0.923888 0.382663 0
    outer loop
      vertex 32.9447 -16.2322 20.5
      vertex 33.6769 -18 24.5
      vertex 33.6769 -18 20.5
    endloop
  endfacet
  facet normal -0.382663 0.923888 0
    outer loop
      vertex 31.1769 -15.5 20.5
      vertex 29.4091 -16.2322 24.5
      vertex 31.1769 -15.5 24.5
    endloop
  endfacet
  facet normal -0.382663 0.923888 0
    outer loop
      vertex 29.4091 -16.2322 24.5
      vertex 31.1769 -15.5 20.5
      vertex 29.4091 -16.2322 20.5
    endloop
  endfacet
  facet normal -0.923888 0.382663 0
    outer loop
      vertex 28.6769 -18 20.5
      vertex 29.4091 -16.2322 24.5
      vertex 29.4091 -16.2322 20.5
    endloop
  endfacet
  facet normal -0.923888 0.382663 0
    outer loop
      vertex 29.4091 -16.2322 24.5
      vertex 28.6769 -18 20.5
      vertex 28.6769 -18 24.5
    endloop
  endfacet
  facet normal 0 0 1
    outer loop
      vertex 32.9447 -16.2322 24.5
      vertex 32.9447 -19.7678 24.5
      vertex 33.6769 -18 24.5
    endloop
  endfacet
  facet normal 0 0 1
    outer loop
      vertex 31.1769 -15.5 24.5
      vertex 32.9447 -19.7678 24.5
      vertex 32.9447 -16.2322 24.5
    endloop
  endfacet
  facet normal 0 0 1
    outer loop
      vertex 31.1769 -15.5 24.5
      vertex 31.1769 -20.5 24.5
      vertex 32.9447 -19.7678 24.5
    endloop
  endfacet
  facet normal -0 0 1
    outer loop
      vertex 29.4091 -16.2322 24.5
      vertex 31.1769 -20.5 24.5
      vertex 31.1769 -15.5 24.5
    endloop
  endfacet
  facet normal 0 0 1
    outer loop
      vertex 29.4091 -16.2322 24.5
      vertex 29.4091 -19.7678 24.5
      vertex 31.1769 -20.5 24.5
    endloop
  endfacet
  facet normal 0 -0 1
    outer loop
      vertex 29.4091 -19.7678 24.5
      vertex 29.4091 -16.2322 24.5
      vertex 28.6769 -18 24.5
    endloop
  endfacet
  facet normal 0.382663 -0.923888 0
    outer loop
      vertex 31.1769 -20.5 20.5
      vertex 32.9447 -19.7678 24.5
      vertex 31.1769 -20.5 24.5
    endloop
  endfacet
  facet normal 0.382663 -0.923888 0
    outer loop
      vertex 32.9447 -19.7678 24.5
      vertex 31.1769 -20.5 20.5
      vertex 32.9447 -19.7678 20.5
    endloop
  endfacet
  facet normal -0.923888 -0.382663 0
    outer loop
      vertex 29.4091 -19.7678 20.5
      vertex 28.6769 -18 24.5
      vertex 28.6769 -18 20.5
    endloop
  endfacet
  facet normal -0.923888 -0.382663 0
    outer loop
      vertex 28.6769 -18 24.5
      vertex 29.4091 -19.7678 20.5
      vertex 29.4091 -19.7678 24.5
    endloop
  endfacet
  facet normal 0.923888 -0.382663 0
    outer loop
      vertex 32.9447 -19.7678 24.5
      vertex 33.6769 -18 20.5
      vertex 33.6769 -18 24.5
    endloop
  endfacet
  facet normal 0.923888 -0.382663 0
    outer loop
      vertex 33.6769 -18 20.5
      vertex 32.9447 -19.7678 24.5
      vertex 32.9447 -19.7678 20.5
    endloop
  endfacet
  facet normal 0 0 -1
    outer loop
      vertex 32.6769 -18 20.5
      vertex 33.6769 -18 20.5
      vertex 32.9447 -19.7678 20.5
    endloop
  endfacet
  facet normal 0 0 -1
    outer loop
      vertex 33.6769 -18 20.5
      vertex 32.6769 -18 20.5
      vertex 32.9447 -16.2322 20.5
    endloop
  endfacet
  facet normal 0 0 -1
    outer loop
      vertex 32.9447 -19.7678 20.5
      vertex 31.6404 -19.4266 20.5
      vertex 32.6769 -18 20.5
    endloop
  endfacet
  facet normal 0 0 -1
    outer loop
      vertex 31.1769 -20.5 20.5
      vertex 31.6404 -19.4266 20.5
      vertex 32.9447 -19.7678 20.5
    endloop
  endfacet
  facet normal 0 0 -1
    outer loop
      vertex 31.1769 -20.5 20.5
      vertex 29.9634 -18.8817 20.5
      vertex 31.6404 -19.4266 20.5
    endloop
  endfacet
  facet normal 0 0 -1
    outer loop
      vertex 28.6769 -18 20.5
      vertex 29.9634 -18.8817 20.5
      vertex 29.4091 -19.7678 20.5
    endloop
  endfacet
  facet normal 0 0 -1
    outer loop
      vertex 29.4091 -19.7678 20.5
      vertex 29.9634 -18.8817 20.5
      vertex 31.1769 -20.5 20.5
    endloop
  endfacet
  facet normal 0 0 -1
    outer loop
      vertex 31.6404 -16.5734 20.5
      vertex 32.9447 -16.2322 20.5
      vertex 32.6769 -18 20.5
    endloop
  endfacet
  facet normal 0 0 -1
    outer loop
      vertex 31.6404 -16.5734 20.5
      vertex 31.1769 -15.5 20.5
      vertex 32.9447 -16.2322 20.5
    endloop
  endfacet
  facet normal 0 0 -1
    outer loop
      vertex 29.9634 -17.1183 20.5
      vertex 31.1769 -15.5 20.5
      vertex 31.6404 -16.5734 20.5
    endloop
  endfacet
  facet normal 0 0 -1
    outer loop
      vertex 29.9634 -17.1183 20.5
      vertex 29.4091 -16.2322 20.5
      vertex 31.1769 -15.5 20.5
    endloop
  endfacet
  facet normal 0 0 -1
    outer loop
      vertex 29.9634 -18.8817 20.5
      vertex 28.6769 -18 20.5
      vertex 29.9634 -17.1183 20.5
    endloop
  endfacet
  facet normal -0 0 -1
    outer loop
      vertex 29.9634 -17.1183 20.5
      vertex 28.6769 -18 20.5
      vertex 29.4091 -16.2322 20.5
    endloop
  endfacet
  facet normal -0.382663 -0.923888 0
    outer loop
      vertex 29.4091 -19.7678 20.5
      vertex 31.1769 -20.5 24.5
      vertex 29.4091 -19.7678 24.5
    endloop
  endfacet
  facet normal -0.382663 -0.923888 -0
    outer loop
      vertex 31.1769 -20.5 24.5
      vertex 29.4091 -19.7678 20.5
      vertex 31.1769 -20.5 20.5
    endloop
  endfacet
  facet normal 0 0 -1
    outer loop
      vertex 35.2369 -10.7441 -23.75
      vertex 35.2369 -7.8909 -23.75
      vertex 36.2733 -9.31748 -23.75
    endloop
  endfacet
  facet normal 0 0 -1
    outer loop
      vertex 33.5598 -10.1992 -23.75
      vertex 35.2369 -7.8909 -23.75
      vertex 35.2369 -10.7441 -23.75
    endloop
  endfacet
  facet normal 0 0 -1
    outer loop
      vertex 35.2369 -7.8909 -23.75
      vertex 33.5598 -10.1992 -23.75
      vertex 33.5598 -8.43581 -23.75
    endloop
  endfacet
  facet normal -0.923871 -0.382703 0
    outer loop
      vertex 33.0056 -11.0853 20.5
      vertex 32.2733 -9.31748 24.5
      vertex 32.2733 -9.31748 20.5
    endloop
  endfacet
  facet normal -0.923871 -0.382703 0
    outer loop
      vertex 32.2733 -9.31748 24.5
      vertex 33.0056 -11.0853 20.5
      vertex 33.0056 -11.0853 24.5
    endloop
  endfacet
  facet normal 0.38268 0.923881 -0
    outer loop
      vertex 36.5411 -7.54972 20.5
      vertex 34.7733 -6.81748 24.5
      vertex 36.5411 -7.54972 24.5
    endloop
  endfacet
  facet normal 0.38268 0.923881 0
    outer loop
      vertex 34.7733 -6.81748 24.5
      vertex 36.5411 -7.54972 20.5
      vertex 34.7733 -6.81748 20.5
    endloop
  endfacet
  facet normal 0.923885 0.38267 0
    outer loop
      vertex 37.2733 -9.31748 24.5
      vertex 36.5411 -7.54972 20.5
      vertex 36.5411 -7.54972 24.5
    endloop
  endfacet
  facet normal 0.923885 0.38267 0
    outer loop
      vertex 36.5411 -7.54972 20.5
      vertex 37.2733 -9.31748 24.5
      vertex 37.2733 -9.31748 20.5
    endloop
  endfacet
  facet normal 0.92389 -0.382659 0
    outer loop
      vertex 36.5411 -11.0853 24.5
      vertex 37.2733 -9.31748 20.5
      vertex 37.2733 -9.31748 24.5
    endloop
  endfacet
  facet normal 0.92389 -0.382659 0
    outer loop
      vertex 37.2733 -9.31748 20.5
      vertex 36.5411 -11.0853 24.5
      vertex 36.5411 -11.0853 20.5
    endloop
  endfacet
  facet normal -0.382681 -0.923881 0
    outer loop
      vertex 33.0056 -11.0853 20.5
      vertex 34.7733 -11.8175 24.5
      vertex 33.0056 -11.0853 24.5
    endloop
  endfacet
  facet normal -0.382681 -0.923881 -0
    outer loop
      vertex 34.7733 -11.8175 24.5
      vertex 33.0056 -11.0853 20.5
      vertex 34.7733 -11.8175 20.5
    endloop
  endfacet
  facet normal -0.382699 0.923873 0
    outer loop
      vertex 34.7733 -6.81748 20.5
      vertex 33.0056 -7.54972 24.5
      vertex 34.7733 -6.81748 24.5
    endloop
  endfacet
  facet normal -0.382699 0.923873 0
    outer loop
      vertex 33.0056 -7.54972 24.5
      vertex 34.7733 -6.81748 20.5
      vertex 33.0056 -7.54972 20.5
    endloop
  endfacet
  facet normal -0.923867 0.382715 0
    outer loop
      vertex 32.2733 -9.31748 20.5
      vertex 33.0056 -7.54972 24.5
      vertex 33.0056 -7.54972 20.5
    endloop
  endfacet
  facet normal -0.923867 0.382715 0
    outer loop
      vertex 33.0056 -7.54972 24.5
      vertex 32.2733 -9.31748 20.5
      vertex 32.2733 -9.31748 24.5
    endloop
  endfacet
  facet normal 0.382663 -0.923888 0
    outer loop
      vertex 34.7733 -11.8175 20.5
      vertex 36.5411 -11.0853 24.5
      vertex 34.7733 -11.8175 24.5
    endloop
  endfacet
  facet normal 0.382663 -0.923888 0
    outer loop
      vertex 36.5411 -11.0853 24.5
      vertex 34.7733 -11.8175 20.5
      vertex 36.5411 -11.0853 20.5
    endloop
  endfacet
  facet normal 0 0 1
    outer loop
      vertex 36.5411 -7.54972 24.5
      vertex 36.5411 -11.0853 24.5
      vertex 37.2733 -9.31748 24.5
    endloop
  endfacet
  facet normal 0 0 1
    outer loop
      vertex 34.7733 -6.81748 24.5
      vertex 36.5411 -11.0853 24.5
      vertex 36.5411 -7.54972 24.5
    endloop
  endfacet
  facet normal 0 0 1
    outer loop
      vertex 34.7733 -6.81748 24.5
      vertex 34.7733 -11.8175 24.5
      vertex 36.5411 -11.0853 24.5
    endloop
  endfacet
  facet normal -0 0 1
    outer loop
      vertex 33.0056 -7.54972 24.5
      vertex 34.7733 -11.8175 24.5
      vertex 34.7733 -6.81748 24.5
    endloop
  endfacet
  facet normal 0 0 1
    outer loop
      vertex 33.0056 -7.54972 24.5
      vertex 33.0056 -11.0853 24.5
      vertex 34.7733 -11.8175 24.5
    endloop
  endfacet
  facet normal 0 -0 1
    outer loop
      vertex 33.0056 -11.0853 24.5
      vertex 33.0056 -7.54972 24.5
      vertex 32.2733 -9.31748 24.5
    endloop
  endfacet
  facet normal 0 0 -1
    outer loop
      vertex 36.2733 -9.31748 20.5
      vertex 37.2733 -9.31748 20.5
      vertex 36.5411 -11.0853 20.5
    endloop
  endfacet
  facet normal 0 0 -1
    outer loop
      vertex 37.2733 -9.31748 20.5
      vertex 36.2733 -9.31748 20.5
      vertex 36.5411 -7.54972 20.5
    endloop
  endfacet
  facet normal 0 0 -1
    outer loop
      vertex 36.5411 -11.0853 20.5
      vertex 35.2369 -10.7441 20.5
      vertex 36.2733 -9.31748 20.5
    endloop
  endfacet
  facet normal 0 0 -1
    outer loop
      vertex 34.7733 -11.8175 20.5
      vertex 35.2369 -10.7441 20.5
      vertex 36.5411 -11.0853 20.5
    endloop
  endfacet
  facet normal 0 0 -1
    outer loop
      vertex 34.7733 -11.8175 20.5
      vertex 33.5598 -10.1992 20.5
      vertex 35.2369 -10.7441 20.5
    endloop
  endfacet
  facet normal 0 0 -1
    outer loop
      vertex 32.2733 -9.31748 20.5
      vertex 33.5598 -10.1992 20.5
      vertex 33.0056 -11.0853 20.5
    endloop
  endfacet
  facet normal 0 0 -1
    outer loop
      vertex 33.0056 -11.0853 20.5
      vertex 33.5598 -10.1992 20.5
      vertex 34.7733 -11.8175 20.5
    endloop
  endfacet
  facet normal 0 0 -1
    outer loop
      vertex 35.2369 -7.8909 20.5
      vertex 36.5411 -7.54972 20.5
      vertex 36.2733 -9.31748 20.5
    endloop
  endfacet
  facet normal 0 0 -1
    outer loop
      vertex 35.2369 -7.8909 20.5
      vertex 34.7733 -6.81748 20.5
      vertex 36.5411 -7.54972 20.5
    endloop
  endfacet
  facet normal 0 0 -1
    outer loop
      vertex 33.5598 -8.43581 20.5
      vertex 34.7733 -6.81748 20.5
      vertex 35.2369 -7.8909 20.5
    endloop
  endfacet
  facet normal 0 0 -1
    outer loop
      vertex 33.5598 -8.43581 20.5
      vertex 33.0056 -7.54972 20.5
      vertex 34.7733 -6.81748 20.5
    endloop
  endfacet
  facet normal 0 0 -1
    outer loop
      vertex 33.5598 -10.1992 20.5
      vertex 32.2733 -9.31748 20.5
      vertex 33.5598 -8.43581 20.5
    endloop
  endfacet
  facet normal -0 0 -1
    outer loop
      vertex 33.5598 -8.43581 20.5
      vertex 32.2733 -9.31748 20.5
      vertex 33.0056 -7.54972 20.5
    endloop
  endfacet
endsolid OpenSCAD_Model
