solid OpenSCAD_Model
  facet normal 0.382676 0.923883 -0
    outer loop
      vertex 34.2678 1.76777 -22.5
      vertex 32.5 2.5 -5
      vertex 34.2678 1.76777 -5
    endloop
  endfacet
  facet normal 0.382676 0.923883 0
    outer loop
      vertex 32.5 2.5 -5
      vertex 34.2678 1.76777 -22.5
      vertex 32.5 2.5 -22.5
    endloop
  endfacet
  facet normal 0.382676 0.923883 -0
    outer loop
      vertex 34.2678 1.76777 8
      vertex 32.5 2.5 17.5
      vertex 34.2678 1.76777 17.5
    endloop
  endfacet
  facet normal 0.382676 0.923883 0
    outer loop
      vertex 32.5 2.5 17.5
      vertex 34.2678 1.76777 8
      vertex 32.5 2.5 8
    endloop
  endfacet
  facet normal 0.923886 0.382668 0
    outer loop
      vertex 35 0 -5
      vertex 34.2678 1.76777 -22.5
      vertex 34.2678 1.76777 -5
    endloop
  endfacet
  facet normal 0.923886 0.382668 0
    outer loop
      vertex 34.2678 1.76777 -22.5
      vertex 35 0 -5
      vertex 35 0 -22.5
    endloop
  endfacet
  facet normal 0.923886 0.382668 0
    outer loop
      vertex 35 0 17.5
      vertex 34.2678 1.76777 8
      vertex 34.2678 1.76777 17.5
    endloop
  endfacet
  facet normal 0.923886 0.382668 0
    outer loop
      vertex 34.2678 1.76777 8
      vertex 35 0 17.5
      vertex 35 0 8
    endloop
  endfacet
  facet normal -0.382676 0.923883 0
    outer loop
      vertex 32.5 2.5 -22.5
      vertex 30.7322 1.76777 -5
      vertex 32.5 2.5 -5
    endloop
  endfacet
  facet normal -0.382676 0.923883 0
    outer loop
      vertex 30.7322 1.76777 -5
      vertex 32.5 2.5 -22.5
      vertex 30.7322 1.76777 -22.5
    endloop
  endfacet
  facet normal -0.382676 0.923883 0
    outer loop
      vertex 32.5 2.5 8
      vertex 30.7322 1.76777 17.5
      vertex 32.5 2.5 17.5
    endloop
  endfacet
  facet normal -0.382676 0.923883 0
    outer loop
      vertex 30.7322 1.76777 17.5
      vertex 32.5 2.5 8
      vertex 30.7322 1.76777 8
    endloop
  endfacet
  facet normal 0.923886 -0.382668 0
    outer loop
      vertex 34.2678 -1.76777 17.5
      vertex 35 0 8
      vertex 35 0 17.5
    endloop
  endfacet
  facet normal 0.923886 -0.382668 0
    outer loop
      vertex 35 0 8
      vertex 34.2678 -1.76777 17.5
      vertex 34.2678 -1.76777 8
    endloop
  endfacet
  facet normal 0.923886 -0.382668 0
    outer loop
      vertex 34.2678 -1.76777 -5
      vertex 35 0 -22.5
      vertex 35 0 -5
    endloop
  endfacet
  facet normal 0.923886 -0.382668 0
    outer loop
      vertex 35 0 -22.5
      vertex 34.2678 -1.76777 -5
      vertex 34.2678 -1.76777 -22.5
    endloop
  endfacet
  facet normal -0.923886 0.382668 0
    outer loop
      vertex 30 0 -22.5
      vertex 30.7322 1.76777 -5
      vertex 30.7322 1.76777 -22.5
    endloop
  endfacet
  facet normal -0.923886 0.382668 0
    outer loop
      vertex 30.7322 1.76777 -5
      vertex 30 0 -22.5
      vertex 30 0 -5
    endloop
  endfacet
  facet normal -0.923886 0.382668 0
    outer loop
      vertex 30 0 8
      vertex 30.7322 1.76777 17.5
      vertex 30.7322 1.76777 8
    endloop
  endfacet
  facet normal -0.923886 0.382668 0
    outer loop
      vertex 30.7322 1.76777 17.5
      vertex 30 0 8
      vertex 30 0 17.5
    endloop
  endfacet
  facet normal -0.382676 -0.923883 0
    outer loop
      vertex 30.7322 -1.76777 8
      vertex 32.5 -2.5 17.5
      vertex 30.7322 -1.76777 17.5
    endloop
  endfacet
  facet normal -0.382676 -0.923883 -0
    outer loop
      vertex 32.5 -2.5 17.5
      vertex 30.7322 -1.76777 8
      vertex 32.5 -2.5 8
    endloop
  endfacet
  facet normal -0.382676 -0.923883 0
    outer loop
      vertex 30.7322 -1.76777 -22.5
      vertex 32.5 -2.5 -5
      vertex 30.7322 -1.76777 -5
    endloop
  endfacet
  facet normal -0.382676 -0.923883 -0
    outer loop
      vertex 32.5 -2.5 -5
      vertex 30.7322 -1.76777 -22.5
      vertex 32.5 -2.5 -22.5
    endloop
  endfacet
  facet normal 0.382676 -0.923883 0
    outer loop
      vertex 32.5 -2.5 -22.5
      vertex 34.2678 -1.76777 -5
      vertex 32.5 -2.5 -5
    endloop
  endfacet
  facet normal 0.382676 -0.923883 0
    outer loop
      vertex 34.2678 -1.76777 -5
      vertex 32.5 -2.5 -22.5
      vertex 34.2678 -1.76777 -22.5
    endloop
  endfacet
  facet normal 0.382676 -0.923883 0
    outer loop
      vertex 32.5 -2.5 8
      vertex 34.2678 -1.76777 17.5
      vertex 32.5 -2.5 17.5
    endloop
  endfacet
  facet normal 0.382676 -0.923883 0
    outer loop
      vertex 34.2678 -1.76777 17.5
      vertex 32.5 -2.5 8
      vertex 34.2678 -1.76777 8
    endloop
  endfacet
  facet normal -0.923886 -0.382668 0
    outer loop
      vertex 30.7322 -1.76777 8
      vertex 30 0 17.5
      vertex 30 0 8
    endloop
  endfacet
  facet normal -0.923886 -0.382668 0
    outer loop
      vertex 30 0 17.5
      vertex 30.7322 -1.76777 8
      vertex 30.7322 -1.76777 17.5
    endloop
  endfacet
  facet normal -0.923886 -0.382668 0
    outer loop
      vertex 30.7322 -1.76777 -22.5
      vertex 30 0 -5
      vertex 30 0 -22.5
    endloop
  endfacet
  facet normal -0.923886 -0.382668 0
    outer loop
      vertex 30 0 -5
      vertex 30.7322 -1.76777 -22.5
      vertex 30.7322 -1.76777 -5
    endloop
  endfacet
  facet normal -0.382681 -0.923881 0
    outer loop
      vertex 26.3781 14.4822 8
      vertex 28.1458 13.75 17.5
      vertex 26.3781 14.4822 17.5
    endloop
  endfacet
  facet normal -0.382681 -0.923881 -0
    outer loop
      vertex 28.1458 13.75 17.5
      vertex 26.3781 14.4822 8
      vertex 28.1458 13.75 8
    endloop
  endfacet
  facet normal -0.382681 -0.923881 0
    outer loop
      vertex 26.3781 14.4822 -22.5
      vertex 28.1458 13.75 -5
      vertex 26.3781 14.4822 -5
    endloop
  endfacet
  facet normal -0.382681 -0.923881 -0
    outer loop
      vertex 28.1458 13.75 -5
      vertex 26.3781 14.4822 -22.5
      vertex 28.1458 13.75 -22.5
    endloop
  endfacet
  facet normal 0.382663 0.923888 -0
    outer loop
      vertex 29.9136 18.0178 8
      vertex 28.1458 18.75 17.5
      vertex 29.9136 18.0178 17.5
    endloop
  endfacet
  facet normal 0.382663 0.923888 0
    outer loop
      vertex 28.1458 18.75 17.5
      vertex 29.9136 18.0178 8
      vertex 28.1458 18.75 8
    endloop
  endfacet
  facet normal 0.382663 0.923888 -0
    outer loop
      vertex 29.9136 18.0178 -22.5
      vertex 28.1458 18.75 -5
      vertex 29.9136 18.0178 -5
    endloop
  endfacet
  facet normal 0.382663 0.923888 0
    outer loop
      vertex 28.1458 18.75 -5
      vertex 29.9136 18.0178 -22.5
      vertex 28.1458 18.75 -22.5
    endloop
  endfacet
  facet normal 0.923888 0.382663 0
    outer loop
      vertex 30.6458 16.25 17.5
      vertex 29.9136 18.0178 8
      vertex 29.9136 18.0178 17.5
    endloop
  endfacet
  facet normal 0.923888 0.382663 0
    outer loop
      vertex 29.9136 18.0178 8
      vertex 30.6458 16.25 17.5
      vertex 30.6458 16.25 8
    endloop
  endfacet
  facet normal 0.923888 0.382663 0
    outer loop
      vertex 30.6458 16.25 -5
      vertex 29.9136 18.0178 -22.5
      vertex 29.9136 18.0178 -5
    endloop
  endfacet
  facet normal 0.923888 0.382663 0
    outer loop
      vertex 29.9136 18.0178 -22.5
      vertex 30.6458 16.25 -5
      vertex 30.6458 16.25 -22.5
    endloop
  endfacet
  facet normal -0.382681 0.923881 0
    outer loop
      vertex 28.1458 18.75 -22.5
      vertex 26.3781 18.0178 -5
      vertex 28.1458 18.75 -5
    endloop
  endfacet
  facet normal -0.382681 0.923881 0
    outer loop
      vertex 26.3781 18.0178 -5
      vertex 28.1458 18.75 -22.5
      vertex 26.3781 18.0178 -22.5
    endloop
  endfacet
  facet normal -0.382681 0.923881 0
    outer loop
      vertex 28.1458 18.75 8
      vertex 26.3781 18.0178 17.5
      vertex 28.1458 18.75 17.5
    endloop
  endfacet
  facet normal -0.382681 0.923881 0
    outer loop
      vertex 26.3781 18.0178 17.5
      vertex 28.1458 18.75 8
      vertex 26.3781 18.0178 8
    endloop
  endfacet
  facet normal 0.382663 -0.923888 0
    outer loop
      vertex 28.1458 13.75 -22.5
      vertex 29.9136 14.4822 -5
      vertex 28.1458 13.75 -5
    endloop
  endfacet
  facet normal 0.382663 -0.923888 0
    outer loop
      vertex 29.9136 14.4822 -5
      vertex 28.1458 13.75 -22.5
      vertex 29.9136 14.4822 -22.5
    endloop
  endfacet
  facet normal 0.382663 -0.923888 0
    outer loop
      vertex 28.1458 13.75 8
      vertex 29.9136 14.4822 17.5
      vertex 28.1458 13.75 17.5
    endloop
  endfacet
  facet normal 0.382663 -0.923888 0
    outer loop
      vertex 29.9136 14.4822 17.5
      vertex 28.1458 13.75 8
      vertex 29.9136 14.4822 8
    endloop
  endfacet
  facet normal 0.923888 -0.382663 0
    outer loop
      vertex 29.9136 14.4822 17.5
      vertex 30.6458 16.25 8
      vertex 30.6458 16.25 17.5
    endloop
  endfacet
  facet normal 0.923888 -0.382663 0
    outer loop
      vertex 30.6458 16.25 8
      vertex 29.9136 14.4822 17.5
      vertex 29.9136 14.4822 8
    endloop
  endfacet
  facet normal 0.923888 -0.382663 0
    outer loop
      vertex 29.9136 14.4822 -5
      vertex 30.6458 16.25 -22.5
      vertex 30.6458 16.25 -5
    endloop
  endfacet
  facet normal 0.923888 -0.382663 0
    outer loop
      vertex 30.6458 16.25 -22.5
      vertex 29.9136 14.4822 -5
      vertex 29.9136 14.4822 -22.5
    endloop
  endfacet
  facet normal -0.92387 -0.382707 0
    outer loop
      vertex 26.3781 14.4822 8
      vertex 25.6458 16.25 17.5
      vertex 25.6458 16.25 8
    endloop
  endfacet
  facet normal -0.92387 -0.382707 0
    outer loop
      vertex 25.6458 16.25 17.5
      vertex 26.3781 14.4822 8
      vertex 26.3781 14.4822 17.5
    endloop
  endfacet
  facet normal -0.92387 -0.382707 0
    outer loop
      vertex 26.3781 14.4822 -22.5
      vertex 25.6458 16.25 -5
      vertex 25.6458 16.25 -22.5
    endloop
  endfacet
  facet normal -0.92387 -0.382707 0
    outer loop
      vertex 25.6458 16.25 -5
      vertex 26.3781 14.4822 -22.5
      vertex 26.3781 14.4822 -5
    endloop
  endfacet
  facet normal -0.92387 0.382707 0
    outer loop
      vertex 25.6458 16.25 -22.5
      vertex 26.3781 18.0178 -5
      vertex 26.3781 18.0178 -22.5
    endloop
  endfacet
  facet normal -0.92387 0.382707 0
    outer loop
      vertex 26.3781 18.0178 -5
      vertex 25.6458 16.25 -22.5
      vertex 25.6458 16.25 -5
    endloop
  endfacet
  facet normal -0.92387 0.382707 0
    outer loop
      vertex 25.6458 16.25 8
      vertex 26.3781 18.0178 17.5
      vertex 26.3781 18.0178 8
    endloop
  endfacet
  facet normal -0.92387 0.382707 0
    outer loop
      vertex 26.3781 18.0178 17.5
      vertex 25.6458 16.25 8
      vertex 25.6458 16.25 17.5
    endloop
  endfacet
  facet normal 0.382663 0.923888 -0
    outer loop
      vertex 18.0178 29.9136 -22.5
      vertex 16.25 30.6458 -5
      vertex 18.0178 29.9136 -5
    endloop
  endfacet
  facet normal 0.382663 0.923888 0
    outer loop
      vertex 16.25 30.6458 -5
      vertex 18.0178 29.9136 -22.5
      vertex 16.25 30.6458 -22.5
    endloop
  endfacet
  facet normal 0.382663 0.923888 -0
    outer loop
      vertex 18.0178 29.9136 8
      vertex 16.25 30.6458 17.5
      vertex 18.0178 29.9136 17.5
    endloop
  endfacet
  facet normal 0.382663 0.923888 0
    outer loop
      vertex 16.25 30.6458 17.5
      vertex 18.0178 29.9136 8
      vertex 16.25 30.6458 8
    endloop
  endfacet
  facet normal 0.923888 0.382663 0
    outer loop
      vertex 18.75 28.1458 -5
      vertex 18.0178 29.9136 -22.5
      vertex 18.0178 29.9136 -5
    endloop
  endfacet
  facet normal 0.923888 0.382663 0
    outer loop
      vertex 18.0178 29.9136 -22.5
      vertex 18.75 28.1458 -5
      vertex 18.75 28.1458 -22.5
    endloop
  endfacet
  facet normal 0.923888 0.382663 0
    outer loop
      vertex 18.75 28.1458 17.5
      vertex 18.0178 29.9136 8
      vertex 18.0178 29.9136 17.5
    endloop
  endfacet
  facet normal 0.923888 0.382663 0
    outer loop
      vertex 18.0178 29.9136 8
      vertex 18.75 28.1458 17.5
      vertex 18.75 28.1458 8
    endloop
  endfacet
  facet normal -0.382663 0.923888 0
    outer loop
      vertex 16.25 30.6458 -22.5
      vertex 14.4822 29.9136 -5
      vertex 16.25 30.6458 -5
    endloop
  endfacet
  facet normal -0.382663 0.923888 0
    outer loop
      vertex 14.4822 29.9136 -5
      vertex 16.25 30.6458 -22.5
      vertex 14.4822 29.9136 -22.5
    endloop
  endfacet
  facet normal -0.382663 0.923888 0
    outer loop
      vertex 16.25 30.6458 8
      vertex 14.4822 29.9136 17.5
      vertex 16.25 30.6458 17.5
    endloop
  endfacet
  facet normal -0.382663 0.923888 0
    outer loop
      vertex 14.4822 29.9136 17.5
      vertex 16.25 30.6458 8
      vertex 14.4822 29.9136 8
    endloop
  endfacet
  facet normal 0.923881 -0.382681 0
    outer loop
      vertex 18.0178 26.3781 17.5
      vertex 18.75 28.1458 8
      vertex 18.75 28.1458 17.5
    endloop
  endfacet
  facet normal 0.923881 -0.382681 0
    outer loop
      vertex 18.75 28.1458 8
      vertex 18.0178 26.3781 17.5
      vertex 18.0178 26.3781 8
    endloop
  endfacet
  facet normal 0.923881 -0.382681 0
    outer loop
      vertex 18.0178 26.3781 -5
      vertex 18.75 28.1458 -22.5
      vertex 18.75 28.1458 -5
    endloop
  endfacet
  facet normal 0.923881 -0.382681 0
    outer loop
      vertex 18.75 28.1458 -22.5
      vertex 18.0178 26.3781 -5
      vertex 18.0178 26.3781 -22.5
    endloop
  endfacet
  facet normal -0.923888 0.382663 0
    outer loop
      vertex 13.75 28.1458 -22.5
      vertex 14.4822 29.9136 -5
      vertex 14.4822 29.9136 -22.5
    endloop
  endfacet
  facet normal -0.923888 0.382663 0
    outer loop
      vertex 14.4822 29.9136 -5
      vertex 13.75 28.1458 -22.5
      vertex 13.75 28.1458 -5
    endloop
  endfacet
  facet normal -0.923888 0.382663 0
    outer loop
      vertex 13.75 28.1458 8
      vertex 14.4822 29.9136 17.5
      vertex 14.4822 29.9136 8
    endloop
  endfacet
  facet normal -0.923888 0.382663 0
    outer loop
      vertex 14.4822 29.9136 17.5
      vertex 13.75 28.1458 8
      vertex 13.75 28.1458 17.5
    endloop
  endfacet
  facet normal -0.382707 -0.92387 0
    outer loop
      vertex 14.4822 26.3781 8
      vertex 16.25 25.6458 17.5
      vertex 14.4822 26.3781 17.5
    endloop
  endfacet
  facet normal -0.382707 -0.92387 -0
    outer loop
      vertex 16.25 25.6458 17.5
      vertex 14.4822 26.3781 8
      vertex 16.25 25.6458 8
    endloop
  endfacet
  facet normal -0.382707 -0.92387 0
    outer loop
      vertex 14.4822 26.3781 -22.5
      vertex 16.25 25.6458 -5
      vertex 14.4822 26.3781 -5
    endloop
  endfacet
  facet normal -0.382707 -0.92387 -0
    outer loop
      vertex 16.25 25.6458 -5
      vertex 14.4822 26.3781 -22.5
      vertex 16.25 25.6458 -22.5
    endloop
  endfacet
  facet normal 0.382707 -0.92387 0
    outer loop
      vertex 16.25 25.6458 -22.5
      vertex 18.0178 26.3781 -5
      vertex 16.25 25.6458 -5
    endloop
  endfacet
  facet normal 0.382707 -0.92387 0
    outer loop
      vertex 18.0178 26.3781 -5
      vertex 16.25 25.6458 -22.5
      vertex 18.0178 26.3781 -22.5
    endloop
  endfacet
  facet normal 0.382707 -0.92387 0
    outer loop
      vertex 16.25 25.6458 8
      vertex 18.0178 26.3781 17.5
      vertex 16.25 25.6458 17.5
    endloop
  endfacet
  facet normal 0.382707 -0.92387 0
    outer loop
      vertex 18.0178 26.3781 17.5
      vertex 16.25 25.6458 8
      vertex 18.0178 26.3781 8
    endloop
  endfacet
  facet normal -0.923881 -0.382681 0
    outer loop
      vertex 14.4822 26.3781 8
      vertex 13.75 28.1458 17.5
      vertex 13.75 28.1458 8
    endloop
  endfacet
  facet normal -0.923881 -0.382681 0
    outer loop
      vertex 13.75 28.1458 17.5
      vertex 14.4822 26.3781 8
      vertex 14.4822 26.3781 17.5
    endloop
  endfacet
  facet normal -0.923881 -0.382681 0
    outer loop
      vertex 14.4822 26.3781 -22.5
      vertex 13.75 28.1458 -5
      vertex 13.75 28.1458 -22.5
    endloop
  endfacet
  facet normal -0.923881 -0.382681 0
    outer loop
      vertex 13.75 28.1458 -5
      vertex 14.4822 26.3781 -22.5
      vertex 14.4822 26.3781 -5
    endloop
  endfacet
  facet normal -0.382668 -0.923886 0
    outer loop
      vertex -1.76777 30.7322 8
      vertex 0 30 17.5
      vertex -1.76777 30.7322 17.5
    endloop
  endfacet
  facet normal -0.382668 -0.923886 -0
    outer loop
      vertex 0 30 17.5
      vertex -1.76777 30.7322 8
      vertex 0 30 8
    endloop
  endfacet
  facet normal -0.382668 -0.923886 0
    outer loop
      vertex -1.76777 30.7322 -22.5
      vertex 0 30 -5
      vertex -1.76777 30.7322 -5
    endloop
  endfacet
  facet normal -0.382668 -0.923886 -0
    outer loop
      vertex 0 30 -5
      vertex -1.76777 30.7322 -22.5
      vertex 0 30 -22.5
    endloop
  endfacet
  facet normal 0.382668 0.923886 -0
    outer loop
      vertex 1.76777 34.2678 8
      vertex 0 35 17.5
      vertex 1.76777 34.2678 17.5
    endloop
  endfacet
  facet normal 0.382668 0.923886 0
    outer loop
      vertex 0 35 17.5
      vertex 1.76777 34.2678 8
      vertex 0 35 8
    endloop
  endfacet
  facet normal 0.382668 0.923886 -0
    outer loop
      vertex 1.76777 34.2678 -22.5
      vertex 0 35 -5
      vertex 1.76777 34.2678 -5
    endloop
  endfacet
  facet normal 0.382668 0.923886 0
    outer loop
      vertex 0 35 -5
      vertex 1.76777 34.2678 -22.5
      vertex 0 35 -22.5
    endloop
  endfacet
  facet normal 0.923883 0.382676 0
    outer loop
      vertex 2.5 32.5 17.5
      vertex 1.76777 34.2678 8
      vertex 1.76777 34.2678 17.5
    endloop
  endfacet
  facet normal 0.923883 0.382676 0
    outer loop
      vertex 1.76777 34.2678 8
      vertex 2.5 32.5 17.5
      vertex 2.5 32.5 8
    endloop
  endfacet
  facet normal 0.923883 0.382676 0
    outer loop
      vertex 2.5 32.5 -5
      vertex 1.76777 34.2678 -22.5
      vertex 1.76777 34.2678 -5
    endloop
  endfacet
  facet normal 0.923883 0.382676 0
    outer loop
      vertex 1.76777 34.2678 -22.5
      vertex 2.5 32.5 -5
      vertex 2.5 32.5 -22.5
    endloop
  endfacet
  facet normal -0.382668 0.923886 0
    outer loop
      vertex 0 35 -22.5
      vertex -1.76777 34.2678 -5
      vertex 0 35 -5
    endloop
  endfacet
  facet normal -0.382668 0.923886 0
    outer loop
      vertex -1.76777 34.2678 -5
      vertex 0 35 -22.5
      vertex -1.76777 34.2678 -22.5
    endloop
  endfacet
  facet normal -0.382668 0.923886 0
    outer loop
      vertex 0 35 8
      vertex -1.76777 34.2678 17.5
      vertex 0 35 17.5
    endloop
  endfacet
  facet normal -0.382668 0.923886 0
    outer loop
      vertex -1.76777 34.2678 17.5
      vertex 0 35 8
      vertex -1.76777 34.2678 8
    endloop
  endfacet
  facet normal 0.382668 -0.923886 0
    outer loop
      vertex 0 30 -22.5
      vertex 1.76777 30.7322 -5
      vertex 0 30 -5
    endloop
  endfacet
  facet normal 0.382668 -0.923886 0
    outer loop
      vertex 1.76777 30.7322 -5
      vertex 0 30 -22.5
      vertex 1.76777 30.7322 -22.5
    endloop
  endfacet
  facet normal 0.382668 -0.923886 0
    outer loop
      vertex 0 30 8
      vertex 1.76777 30.7322 17.5
      vertex 0 30 17.5
    endloop
  endfacet
  facet normal 0.382668 -0.923886 0
    outer loop
      vertex 1.76777 30.7322 17.5
      vertex 0 30 8
      vertex 1.76777 30.7322 8
    endloop
  endfacet
  facet normal 0.923883 -0.382676 0
    outer loop
      vertex 1.76777 30.7322 17.5
      vertex 2.5 32.5 8
      vertex 2.5 32.5 17.5
    endloop
  endfacet
  facet normal 0.923883 -0.382676 0
    outer loop
      vertex 2.5 32.5 8
      vertex 1.76777 30.7322 17.5
      vertex 1.76777 30.7322 8
    endloop
  endfacet
  facet normal 0.923883 -0.382676 0
    outer loop
      vertex 1.76777 30.7322 -5
      vertex 2.5 32.5 -22.5
      vertex 2.5 32.5 -5
    endloop
  endfacet
  facet normal 0.923883 -0.382676 0
    outer loop
      vertex 2.5 32.5 -22.5
      vertex 1.76777 30.7322 -5
      vertex 1.76777 30.7322 -22.5
    endloop
  endfacet
  facet normal -0.923883 -0.382676 0
    outer loop
      vertex -1.76777 30.7322 8
      vertex -2.5 32.5 17.5
      vertex -2.5 32.5 8
    endloop
  endfacet
  facet normal -0.923883 -0.382676 0
    outer loop
      vertex -2.5 32.5 17.5
      vertex -1.76777 30.7322 8
      vertex -1.76777 30.7322 17.5
    endloop
  endfacet
  facet normal -0.923883 -0.382676 0
    outer loop
      vertex -1.76777 30.7322 -22.5
      vertex -2.5 32.5 -5
      vertex -2.5 32.5 -22.5
    endloop
  endfacet
  facet normal -0.923883 -0.382676 0
    outer loop
      vertex -2.5 32.5 -5
      vertex -1.76777 30.7322 -22.5
      vertex -1.76777 30.7322 -5
    endloop
  endfacet
  facet normal -0.923883 0.382676 0
    outer loop
      vertex -2.5 32.5 -22.5
      vertex -1.76777 34.2678 -5
      vertex -1.76777 34.2678 -22.5
    endloop
  endfacet
  facet normal -0.923883 0.382676 0
    outer loop
      vertex -1.76777 34.2678 -5
      vertex -2.5 32.5 -22.5
      vertex -2.5 32.5 -5
    endloop
  endfacet
  facet normal -0.923883 0.382676 0
    outer loop
      vertex -2.5 32.5 8
      vertex -1.76777 34.2678 17.5
      vertex -1.76777 34.2678 8
    endloop
  endfacet
  facet normal -0.923883 0.382676 0
    outer loop
      vertex -1.76777 34.2678 17.5
      vertex -2.5 32.5 8
      vertex -2.5 32.5 17.5
    endloop
  endfacet
  facet normal -0.923881 -0.382681 0
    outer loop
      vertex -18.0178 26.3781 8
      vertex -18.75 28.1458 17.5
      vertex -18.75 28.1458 8
    endloop
  endfacet
  facet normal -0.923881 -0.382681 0
    outer loop
      vertex -18.75 28.1458 17.5
      vertex -18.0178 26.3781 8
      vertex -18.0178 26.3781 17.5
    endloop
  endfacet
  facet normal -0.923881 -0.382681 0
    outer loop
      vertex -18.0178 26.3781 -22.5
      vertex -18.75 28.1458 -5
      vertex -18.75 28.1458 -22.5
    endloop
  endfacet
  facet normal -0.923881 -0.382681 0
    outer loop
      vertex -18.75 28.1458 -5
      vertex -18.0178 26.3781 -22.5
      vertex -18.0178 26.3781 -5
    endloop
  endfacet
  facet normal 0.382663 0.923888 -0
    outer loop
      vertex -14.4822 29.9136 -22.5
      vertex -16.25 30.6458 -5
      vertex -14.4822 29.9136 -5
    endloop
  endfacet
  facet normal 0.382663 0.923888 0
    outer loop
      vertex -16.25 30.6458 -5
      vertex -14.4822 29.9136 -22.5
      vertex -16.25 30.6458 -22.5
    endloop
  endfacet
  facet normal 0.382663 0.923888 -0
    outer loop
      vertex -14.4822 29.9136 8
      vertex -16.25 30.6458 17.5
      vertex -14.4822 29.9136 17.5
    endloop
  endfacet
  facet normal 0.382663 0.923888 0
    outer loop
      vertex -16.25 30.6458 17.5
      vertex -14.4822 29.9136 8
      vertex -16.25 30.6458 8
    endloop
  endfacet
  facet normal 0.923888 0.382663 0
    outer loop
      vertex -13.75 28.1458 -5
      vertex -14.4822 29.9136 -22.5
      vertex -14.4822 29.9136 -5
    endloop
  endfacet
  facet normal 0.923888 0.382663 0
    outer loop
      vertex -14.4822 29.9136 -22.5
      vertex -13.75 28.1458 -5
      vertex -13.75 28.1458 -22.5
    endloop
  endfacet
  facet normal 0.923888 0.382663 0
    outer loop
      vertex -13.75 28.1458 17.5
      vertex -14.4822 29.9136 8
      vertex -14.4822 29.9136 17.5
    endloop
  endfacet
  facet normal 0.923888 0.382663 0
    outer loop
      vertex -14.4822 29.9136 8
      vertex -13.75 28.1458 17.5
      vertex -13.75 28.1458 8
    endloop
  endfacet
  facet normal 0.382707 -0.92387 0
    outer loop
      vertex -16.25 25.6458 8
      vertex -14.4822 26.3781 17.5
      vertex -16.25 25.6458 17.5
    endloop
  endfacet
  facet normal 0.382707 -0.92387 0
    outer loop
      vertex -14.4822 26.3781 17.5
      vertex -16.25 25.6458 8
      vertex -14.4822 26.3781 8
    endloop
  endfacet
  facet normal 0.382707 -0.92387 0
    outer loop
      vertex -16.25 25.6458 -22.5
      vertex -14.4822 26.3781 -5
      vertex -16.25 25.6458 -5
    endloop
  endfacet
  facet normal 0.382707 -0.92387 0
    outer loop
      vertex -14.4822 26.3781 -5
      vertex -16.25 25.6458 -22.5
      vertex -14.4822 26.3781 -22.5
    endloop
  endfacet
  facet normal -0.382707 -0.92387 0
    outer loop
      vertex -18.0178 26.3781 8
      vertex -16.25 25.6458 17.5
      vertex -18.0178 26.3781 17.5
    endloop
  endfacet
  facet normal -0.382707 -0.92387 -0
    outer loop
      vertex -16.25 25.6458 17.5
      vertex -18.0178 26.3781 8
      vertex -16.25 25.6458 8
    endloop
  endfacet
  facet normal -0.382707 -0.92387 0
    outer loop
      vertex -18.0178 26.3781 -22.5
      vertex -16.25 25.6458 -5
      vertex -18.0178 26.3781 -5
    endloop
  endfacet
  facet normal -0.382707 -0.92387 -0
    outer loop
      vertex -16.25 25.6458 -5
      vertex -18.0178 26.3781 -22.5
      vertex -16.25 25.6458 -22.5
    endloop
  endfacet
  facet normal 0.923881 -0.382681 0
    outer loop
      vertex -14.4822 26.3781 17.5
      vertex -13.75 28.1458 8
      vertex -13.75 28.1458 17.5
    endloop
  endfacet
  facet normal 0.923881 -0.382681 0
    outer loop
      vertex -13.75 28.1458 8
      vertex -14.4822 26.3781 17.5
      vertex -14.4822 26.3781 8
    endloop
  endfacet
  facet normal 0.923881 -0.382681 0
    outer loop
      vertex -14.4822 26.3781 -5
      vertex -13.75 28.1458 -22.5
      vertex -13.75 28.1458 -5
    endloop
  endfacet
  facet normal 0.923881 -0.382681 0
    outer loop
      vertex -13.75 28.1458 -22.5
      vertex -14.4822 26.3781 -5
      vertex -14.4822 26.3781 -22.5
    endloop
  endfacet
  facet normal -0.923888 0.382663 0
    outer loop
      vertex -18.75 28.1458 8
      vertex -18.0178 29.9136 17.5
      vertex -18.0178 29.9136 8
    endloop
  endfacet
  facet normal -0.923888 0.382663 0
    outer loop
      vertex -18.0178 29.9136 17.5
      vertex -18.75 28.1458 8
      vertex -18.75 28.1458 17.5
    endloop
  endfacet
  facet normal -0.923888 0.382663 0
    outer loop
      vertex -18.75 28.1458 -22.5
      vertex -18.0178 29.9136 -5
      vertex -18.0178 29.9136 -22.5
    endloop
  endfacet
  facet normal -0.923888 0.382663 0
    outer loop
      vertex -18.0178 29.9136 -5
      vertex -18.75 28.1458 -22.5
      vertex -18.75 28.1458 -5
    endloop
  endfacet
  facet normal -0.382663 0.923888 0
    outer loop
      vertex -16.25 30.6458 8
      vertex -18.0178 29.9136 17.5
      vertex -16.25 30.6458 17.5
    endloop
  endfacet
  facet normal -0.382663 0.923888 0
    outer loop
      vertex -18.0178 29.9136 17.5
      vertex -16.25 30.6458 8
      vertex -18.0178 29.9136 8
    endloop
  endfacet
  facet normal -0.382663 0.923888 0
    outer loop
      vertex -16.25 30.6458 -22.5
      vertex -18.0178 29.9136 -5
      vertex -16.25 30.6458 -5
    endloop
  endfacet
  facet normal -0.382663 0.923888 0
    outer loop
      vertex -18.0178 29.9136 -5
      vertex -16.25 30.6458 -22.5
      vertex -18.0178 29.9136 -22.5
    endloop
  endfacet
  facet normal -0.382663 -0.923888 0
    outer loop
      vertex -29.9136 14.4822 8
      vertex -28.1458 13.75 17.5
      vertex -29.9136 14.4822 17.5
    endloop
  endfacet
  facet normal -0.382663 -0.923888 -0
    outer loop
      vertex -28.1458 13.75 17.5
      vertex -29.9136 14.4822 8
      vertex -28.1458 13.75 8
    endloop
  endfacet
  facet normal -0.382663 -0.923888 0
    outer loop
      vertex -29.9136 14.4822 -22.5
      vertex -28.1458 13.75 -5
      vertex -29.9136 14.4822 -5
    endloop
  endfacet
  facet normal -0.382663 -0.923888 -0
    outer loop
      vertex -28.1458 13.75 -5
      vertex -29.9136 14.4822 -22.5
      vertex -28.1458 13.75 -22.5
    endloop
  endfacet
  facet normal 0.382681 0.923881 -0
    outer loop
      vertex -26.3781 18.0178 8
      vertex -28.1458 18.75 17.5
      vertex -26.3781 18.0178 17.5
    endloop
  endfacet
  facet normal 0.382681 0.923881 0
    outer loop
      vertex -28.1458 18.75 17.5
      vertex -26.3781 18.0178 8
      vertex -28.1458 18.75 8
    endloop
  endfacet
  facet normal 0.382681 0.923881 -0
    outer loop
      vertex -26.3781 18.0178 -22.5
      vertex -28.1458 18.75 -5
      vertex -26.3781 18.0178 -5
    endloop
  endfacet
  facet normal 0.382681 0.923881 0
    outer loop
      vertex -28.1458 18.75 -5
      vertex -26.3781 18.0178 -22.5
      vertex -28.1458 18.75 -22.5
    endloop
  endfacet
  facet normal 0.92387 0.382707 0
    outer loop
      vertex -25.6458 16.25 17.5
      vertex -26.3781 18.0178 8
      vertex -26.3781 18.0178 17.5
    endloop
  endfacet
  facet normal 0.92387 0.382707 0
    outer loop
      vertex -26.3781 18.0178 8
      vertex -25.6458 16.25 17.5
      vertex -25.6458 16.25 8
    endloop
  endfacet
  facet normal 0.92387 0.382707 0
    outer loop
      vertex -25.6458 16.25 -5
      vertex -26.3781 18.0178 -22.5
      vertex -26.3781 18.0178 -5
    endloop
  endfacet
  facet normal 0.92387 0.382707 0
    outer loop
      vertex -26.3781 18.0178 -22.5
      vertex -25.6458 16.25 -5
      vertex -25.6458 16.25 -22.5
    endloop
  endfacet
  facet normal -0.382663 0.923888 0
    outer loop
      vertex -28.1458 18.75 -22.5
      vertex -29.9136 18.0178 -5
      vertex -28.1458 18.75 -5
    endloop
  endfacet
  facet normal -0.382663 0.923888 0
    outer loop
      vertex -29.9136 18.0178 -5
      vertex -28.1458 18.75 -22.5
      vertex -29.9136 18.0178 -22.5
    endloop
  endfacet
  facet normal -0.382663 0.923888 0
    outer loop
      vertex -28.1458 18.75 8
      vertex -29.9136 18.0178 17.5
      vertex -28.1458 18.75 17.5
    endloop
  endfacet
  facet normal -0.382663 0.923888 0
    outer loop
      vertex -29.9136 18.0178 17.5
      vertex -28.1458 18.75 8
      vertex -29.9136 18.0178 8
    endloop
  endfacet
  facet normal 0.382681 -0.923881 0
    outer loop
      vertex -28.1458 13.75 -22.5
      vertex -26.3781 14.4822 -5
      vertex -28.1458 13.75 -5
    endloop
  endfacet
  facet normal 0.382681 -0.923881 0
    outer loop
      vertex -26.3781 14.4822 -5
      vertex -28.1458 13.75 -22.5
      vertex -26.3781 14.4822 -22.5
    endloop
  endfacet
  facet normal 0.382681 -0.923881 0
    outer loop
      vertex -28.1458 13.75 8
      vertex -26.3781 14.4822 17.5
      vertex -28.1458 13.75 17.5
    endloop
  endfacet
  facet normal 0.382681 -0.923881 0
    outer loop
      vertex -26.3781 14.4822 17.5
      vertex -28.1458 13.75 8
      vertex -26.3781 14.4822 8
    endloop
  endfacet
  facet normal 0.92387 -0.382707 0
    outer loop
      vertex -26.3781 14.4822 17.5
      vertex -25.6458 16.25 8
      vertex -25.6458 16.25 17.5
    endloop
  endfacet
  facet normal 0.92387 -0.382707 0
    outer loop
      vertex -25.6458 16.25 8
      vertex -26.3781 14.4822 17.5
      vertex -26.3781 14.4822 8
    endloop
  endfacet
  facet normal 0.92387 -0.382707 0
    outer loop
      vertex -26.3781 14.4822 -5
      vertex -25.6458 16.25 -22.5
      vertex -25.6458 16.25 -5
    endloop
  endfacet
  facet normal 0.92387 -0.382707 0
    outer loop
      vertex -25.6458 16.25 -22.5
      vertex -26.3781 14.4822 -5
      vertex -26.3781 14.4822 -22.5
    endloop
  endfacet
  facet normal -0.923888 -0.382663 0
    outer loop
      vertex -29.9136 14.4822 8
      vertex -30.6458 16.25 17.5
      vertex -30.6458 16.25 8
    endloop
  endfacet
  facet normal -0.923888 -0.382663 0
    outer loop
      vertex -30.6458 16.25 17.5
      vertex -29.9136 14.4822 8
      vertex -29.9136 14.4822 17.5
    endloop
  endfacet
  facet normal -0.923888 -0.382663 0
    outer loop
      vertex -29.9136 14.4822 -22.5
      vertex -30.6458 16.25 -5
      vertex -30.6458 16.25 -22.5
    endloop
  endfacet
  facet normal -0.923888 -0.382663 0
    outer loop
      vertex -30.6458 16.25 -5
      vertex -29.9136 14.4822 -22.5
      vertex -29.9136 14.4822 -5
    endloop
  endfacet
  facet normal -0.923888 0.382663 0
    outer loop
      vertex -30.6458 16.25 -22.5
      vertex -29.9136 18.0178 -5
      vertex -29.9136 18.0178 -22.5
    endloop
  endfacet
  facet normal -0.923888 0.382663 0
    outer loop
      vertex -29.9136 18.0178 -5
      vertex -30.6458 16.25 -22.5
      vertex -30.6458 16.25 -5
    endloop
  endfacet
  facet normal -0.923888 0.382663 0
    outer loop
      vertex -30.6458 16.25 8
      vertex -29.9136 18.0178 17.5
      vertex -29.9136 18.0178 8
    endloop
  endfacet
  facet normal -0.923888 0.382663 0
    outer loop
      vertex -29.9136 18.0178 17.5
      vertex -30.6458 16.25 8
      vertex -30.6458 16.25 17.5
    endloop
  endfacet
  facet normal -0.923886 -0.382668 0
    outer loop
      vertex -34.2678 -1.76777 8
      vertex -35 0 17.5
      vertex -35 0 8
    endloop
  endfacet
  facet normal -0.923886 -0.382668 0
    outer loop
      vertex -35 0 17.5
      vertex -34.2678 -1.76777 8
      vertex -34.2678 -1.76777 17.5
    endloop
  endfacet
  facet normal -0.923886 -0.382668 0
    outer loop
      vertex -34.2678 -1.76777 -22.5
      vertex -35 0 -5
      vertex -35 0 -22.5
    endloop
  endfacet
  facet normal -0.923886 -0.382668 0
    outer loop
      vertex -35 0 -5
      vertex -34.2678 -1.76777 -22.5
      vertex -34.2678 -1.76777 -5
    endloop
  endfacet
  facet normal 0.382676 0.923883 -0
    outer loop
      vertex -30.7322 1.76777 8
      vertex -32.5 2.5 17.5
      vertex -30.7322 1.76777 17.5
    endloop
  endfacet
  facet normal 0.382676 0.923883 0
    outer loop
      vertex -32.5 2.5 17.5
      vertex -30.7322 1.76777 8
      vertex -32.5 2.5 8
    endloop
  endfacet
  facet normal 0.382676 0.923883 -0
    outer loop
      vertex -30.7322 1.76777 -22.5
      vertex -32.5 2.5 -5
      vertex -30.7322 1.76777 -5
    endloop
  endfacet
  facet normal 0.382676 0.923883 0
    outer loop
      vertex -32.5 2.5 -5
      vertex -30.7322 1.76777 -22.5
      vertex -32.5 2.5 -22.5
    endloop
  endfacet
  facet normal 0.923886 0.382668 0
    outer loop
      vertex -30 0 -5
      vertex -30.7322 1.76777 -22.5
      vertex -30.7322 1.76777 -5
    endloop
  endfacet
  facet normal 0.923886 0.382668 0
    outer loop
      vertex -30.7322 1.76777 -22.5
      vertex -30 0 -5
      vertex -30 0 -22.5
    endloop
  endfacet
  facet normal 0.923886 0.382668 0
    outer loop
      vertex -30 0 17.5
      vertex -30.7322 1.76777 8
      vertex -30.7322 1.76777 17.5
    endloop
  endfacet
  facet normal 0.923886 0.382668 0
    outer loop
      vertex -30.7322 1.76777 8
      vertex -30 0 17.5
      vertex -30 0 8
    endloop
  endfacet
  facet normal 0.382676 -0.923883 0
    outer loop
      vertex -32.5 -2.5 -22.5
      vertex -30.7322 -1.76777 -5
      vertex -32.5 -2.5 -5
    endloop
  endfacet
  facet normal 0.382676 -0.923883 0
    outer loop
      vertex -30.7322 -1.76777 -5
      vertex -32.5 -2.5 -22.5
      vertex -30.7322 -1.76777 -22.5
    endloop
  endfacet
  facet normal 0.382676 -0.923883 0
    outer loop
      vertex -32.5 -2.5 8
      vertex -30.7322 -1.76777 17.5
      vertex -32.5 -2.5 17.5
    endloop
  endfacet
  facet normal 0.382676 -0.923883 0
    outer loop
      vertex -30.7322 -1.76777 17.5
      vertex -32.5 -2.5 8
      vertex -30.7322 -1.76777 8
    endloop
  endfacet
  facet normal -0.382676 -0.923883 0
    outer loop
      vertex -34.2678 -1.76777 8
      vertex -32.5 -2.5 17.5
      vertex -34.2678 -1.76777 17.5
    endloop
  endfacet
  facet normal -0.382676 -0.923883 -0
    outer loop
      vertex -32.5 -2.5 17.5
      vertex -34.2678 -1.76777 8
      vertex -32.5 -2.5 8
    endloop
  endfacet
  facet normal -0.382676 -0.923883 0
    outer loop
      vertex -34.2678 -1.76777 -22.5
      vertex -32.5 -2.5 -5
      vertex -34.2678 -1.76777 -5
    endloop
  endfacet
  facet normal -0.382676 -0.923883 -0
    outer loop
      vertex -32.5 -2.5 -5
      vertex -34.2678 -1.76777 -22.5
      vertex -32.5 -2.5 -22.5
    endloop
  endfacet
  facet normal 0.923886 -0.382668 0
    outer loop
      vertex -30.7322 -1.76777 17.5
      vertex -30 0 8
      vertex -30 0 17.5
    endloop
  endfacet
  facet normal 0.923886 -0.382668 0
    outer loop
      vertex -30 0 8
      vertex -30.7322 -1.76777 17.5
      vertex -30.7322 -1.76777 8
    endloop
  endfacet
  facet normal 0.923886 -0.382668 0
    outer loop
      vertex -30.7322 -1.76777 -5
      vertex -30 0 -22.5
      vertex -30 0 -5
    endloop
  endfacet
  facet normal 0.923886 -0.382668 0
    outer loop
      vertex -30 0 -22.5
      vertex -30.7322 -1.76777 -5
      vertex -30.7322 -1.76777 -22.5
    endloop
  endfacet
  facet normal -0.923886 0.382668 0
    outer loop
      vertex -35 0 8
      vertex -34.2678 1.76777 17.5
      vertex -34.2678 1.76777 8
    endloop
  endfacet
  facet normal -0.923886 0.382668 0
    outer loop
      vertex -34.2678 1.76777 17.5
      vertex -35 0 8
      vertex -35 0 17.5
    endloop
  endfacet
  facet normal -0.923886 0.382668 0
    outer loop
      vertex -35 0 -22.5
      vertex -34.2678 1.76777 -5
      vertex -34.2678 1.76777 -22.5
    endloop
  endfacet
  facet normal -0.923886 0.382668 0
    outer loop
      vertex -34.2678 1.76777 -5
      vertex -35 0 -22.5
      vertex -35 0 -5
    endloop
  endfacet
  facet normal -0.382676 0.923883 0
    outer loop
      vertex -32.5 2.5 8
      vertex -34.2678 1.76777 17.5
      vertex -32.5 2.5 17.5
    endloop
  endfacet
  facet normal -0.382676 0.923883 0
    outer loop
      vertex -34.2678 1.76777 17.5
      vertex -32.5 2.5 8
      vertex -34.2678 1.76777 8
    endloop
  endfacet
  facet normal -0.382676 0.923883 0
    outer loop
      vertex -32.5 2.5 -22.5
      vertex -34.2678 1.76777 -5
      vertex -32.5 2.5 -5
    endloop
  endfacet
  facet normal -0.382676 0.923883 0
    outer loop
      vertex -34.2678 1.76777 -5
      vertex -32.5 2.5 -22.5
      vertex -34.2678 1.76777 -22.5
    endloop
  endfacet
  facet normal 0.382681 0.923881 -0
    outer loop
      vertex -26.3781 -14.4822 -22.5
      vertex -28.1458 -13.75 -5
      vertex -26.3781 -14.4822 -5
    endloop
  endfacet
  facet normal 0.382681 0.923881 0
    outer loop
      vertex -28.1458 -13.75 -5
      vertex -26.3781 -14.4822 -22.5
      vertex -28.1458 -13.75 -22.5
    endloop
  endfacet
  facet normal 0.382681 0.923881 -0
    outer loop
      vertex -26.3781 -14.4822 8
      vertex -28.1458 -13.75 17.5
      vertex -26.3781 -14.4822 17.5
    endloop
  endfacet
  facet normal 0.382681 0.923881 0
    outer loop
      vertex -28.1458 -13.75 17.5
      vertex -26.3781 -14.4822 8
      vertex -28.1458 -13.75 8
    endloop
  endfacet
  facet normal 0.92387 0.382707 0
    outer loop
      vertex -25.6458 -16.25 -5
      vertex -26.3781 -14.4822 -22.5
      vertex -26.3781 -14.4822 -5
    endloop
  endfacet
  facet normal 0.92387 0.382707 0
    outer loop
      vertex -26.3781 -14.4822 -22.5
      vertex -25.6458 -16.25 -5
      vertex -25.6458 -16.25 -22.5
    endloop
  endfacet
  facet normal 0.92387 0.382707 0
    outer loop
      vertex -25.6458 -16.25 17.5
      vertex -26.3781 -14.4822 8
      vertex -26.3781 -14.4822 17.5
    endloop
  endfacet
  facet normal 0.92387 0.382707 0
    outer loop
      vertex -26.3781 -14.4822 8
      vertex -25.6458 -16.25 17.5
      vertex -25.6458 -16.25 8
    endloop
  endfacet
  facet normal -0.382663 0.923888 0
    outer loop
      vertex -28.1458 -13.75 8
      vertex -29.9136 -14.4822 17.5
      vertex -28.1458 -13.75 17.5
    endloop
  endfacet
  facet normal -0.382663 0.923888 0
    outer loop
      vertex -29.9136 -14.4822 17.5
      vertex -28.1458 -13.75 8
      vertex -29.9136 -14.4822 8
    endloop
  endfacet
  facet normal -0.382663 0.923888 0
    outer loop
      vertex -28.1458 -13.75 -22.5
      vertex -29.9136 -14.4822 -5
      vertex -28.1458 -13.75 -5
    endloop
  endfacet
  facet normal -0.382663 0.923888 0
    outer loop
      vertex -29.9136 -14.4822 -5
      vertex -28.1458 -13.75 -22.5
      vertex -29.9136 -14.4822 -22.5
    endloop
  endfacet
  facet normal -0.923888 0.382663 0
    outer loop
      vertex -30.6458 -16.25 8
      vertex -29.9136 -14.4822 17.5
      vertex -29.9136 -14.4822 8
    endloop
  endfacet
  facet normal -0.923888 0.382663 0
    outer loop
      vertex -29.9136 -14.4822 17.5
      vertex -30.6458 -16.25 8
      vertex -30.6458 -16.25 17.5
    endloop
  endfacet
  facet normal -0.923888 0.382663 0
    outer loop
      vertex -30.6458 -16.25 -22.5
      vertex -29.9136 -14.4822 -5
      vertex -29.9136 -14.4822 -22.5
    endloop
  endfacet
  facet normal -0.923888 0.382663 0
    outer loop
      vertex -29.9136 -14.4822 -5
      vertex -30.6458 -16.25 -22.5
      vertex -30.6458 -16.25 -5
    endloop
  endfacet
  facet normal -0.382663 -0.923888 0
    outer loop
      vertex -29.9136 -18.0178 -22.5
      vertex -28.1458 -18.75 -5
      vertex -29.9136 -18.0178 -5
    endloop
  endfacet
  facet normal -0.382663 -0.923888 -0
    outer loop
      vertex -28.1458 -18.75 -5
      vertex -29.9136 -18.0178 -22.5
      vertex -28.1458 -18.75 -22.5
    endloop
  endfacet
  facet normal -0.382663 -0.923888 0
    outer loop
      vertex -29.9136 -18.0178 8
      vertex -28.1458 -18.75 17.5
      vertex -29.9136 -18.0178 17.5
    endloop
  endfacet
  facet normal -0.382663 -0.923888 -0
    outer loop
      vertex -28.1458 -18.75 17.5
      vertex -29.9136 -18.0178 8
      vertex -28.1458 -18.75 8
    endloop
  endfacet
  facet normal 0.382681 -0.923881 0
    outer loop
      vertex -28.1458 -18.75 -22.5
      vertex -26.3781 -18.0178 -5
      vertex -28.1458 -18.75 -5
    endloop
  endfacet
  facet normal 0.382681 -0.923881 0
    outer loop
      vertex -26.3781 -18.0178 -5
      vertex -28.1458 -18.75 -22.5
      vertex -26.3781 -18.0178 -22.5
    endloop
  endfacet
  facet normal 0.382681 -0.923881 0
    outer loop
      vertex -28.1458 -18.75 8
      vertex -26.3781 -18.0178 17.5
      vertex -28.1458 -18.75 17.5
    endloop
  endfacet
  facet normal 0.382681 -0.923881 0
    outer loop
      vertex -26.3781 -18.0178 17.5
      vertex -28.1458 -18.75 8
      vertex -26.3781 -18.0178 8
    endloop
  endfacet
  facet normal -0.923888 -0.382663 0
    outer loop
      vertex -29.9136 -18.0178 8
      vertex -30.6458 -16.25 17.5
      vertex -30.6458 -16.25 8
    endloop
  endfacet
  facet normal -0.923888 -0.382663 0
    outer loop
      vertex -30.6458 -16.25 17.5
      vertex -29.9136 -18.0178 8
      vertex -29.9136 -18.0178 17.5
    endloop
  endfacet
  facet normal -0.923888 -0.382663 0
    outer loop
      vertex -29.9136 -18.0178 -22.5
      vertex -30.6458 -16.25 -5
      vertex -30.6458 -16.25 -22.5
    endloop
  endfacet
  facet normal -0.923888 -0.382663 0
    outer loop
      vertex -30.6458 -16.25 -5
      vertex -29.9136 -18.0178 -22.5
      vertex -29.9136 -18.0178 -5
    endloop
  endfacet
  facet normal 0.92387 -0.382707 0
    outer loop
      vertex -26.3781 -18.0178 -5
      vertex -25.6458 -16.25 -22.5
      vertex -25.6458 -16.25 -5
    endloop
  endfacet
  facet normal 0.92387 -0.382707 0
    outer loop
      vertex -25.6458 -16.25 -22.5
      vertex -26.3781 -18.0178 -5
      vertex -26.3781 -18.0178 -22.5
    endloop
  endfacet
  facet normal 0.92387 -0.382707 0
    outer loop
      vertex -26.3781 -18.0178 17.5
      vertex -25.6458 -16.25 8
      vertex -25.6458 -16.25 17.5
    endloop
  endfacet
  facet normal 0.92387 -0.382707 0
    outer loop
      vertex -25.6458 -16.25 8
      vertex -26.3781 -18.0178 17.5
      vertex -26.3781 -18.0178 8
    endloop
  endfacet
  facet normal -0.923888 -0.382663 0
    outer loop
      vertex -18.0178 -29.9136 8
      vertex -18.75 -28.1458 17.5
      vertex -18.75 -28.1458 8
    endloop
  endfacet
  facet normal -0.923888 -0.382663 0
    outer loop
      vertex -18.75 -28.1458 17.5
      vertex -18.0178 -29.9136 8
      vertex -18.0178 -29.9136 17.5
    endloop
  endfacet
  facet normal -0.923888 -0.382663 0
    outer loop
      vertex -18.0178 -29.9136 -22.5
      vertex -18.75 -28.1458 -5
      vertex -18.75 -28.1458 -22.5
    endloop
  endfacet
  facet normal -0.923888 -0.382663 0
    outer loop
      vertex -18.75 -28.1458 -5
      vertex -18.0178 -29.9136 -22.5
      vertex -18.0178 -29.9136 -5
    endloop
  endfacet
  facet normal 0.382707 0.92387 -0
    outer loop
      vertex -14.4822 -26.3781 8
      vertex -16.25 -25.6458 17.5
      vertex -14.4822 -26.3781 17.5
    endloop
  endfacet
  facet normal 0.382707 0.92387 0
    outer loop
      vertex -16.25 -25.6458 17.5
      vertex -14.4822 -26.3781 8
      vertex -16.25 -25.6458 8
    endloop
  endfacet
  facet normal 0.382707 0.92387 -0
    outer loop
      vertex -14.4822 -26.3781 -22.5
      vertex -16.25 -25.6458 -5
      vertex -14.4822 -26.3781 -5
    endloop
  endfacet
  facet normal 0.382707 0.92387 0
    outer loop
      vertex -16.25 -25.6458 -5
      vertex -14.4822 -26.3781 -22.5
      vertex -16.25 -25.6458 -22.5
    endloop
  endfacet
  facet normal 0.923881 0.382681 0
    outer loop
      vertex -13.75 -28.1458 -5
      vertex -14.4822 -26.3781 -22.5
      vertex -14.4822 -26.3781 -5
    endloop
  endfacet
  facet normal 0.923881 0.382681 0
    outer loop
      vertex -14.4822 -26.3781 -22.5
      vertex -13.75 -28.1458 -5
      vertex -13.75 -28.1458 -22.5
    endloop
  endfacet
  facet normal 0.923881 0.382681 0
    outer loop
      vertex -13.75 -28.1458 17.5
      vertex -14.4822 -26.3781 8
      vertex -14.4822 -26.3781 17.5
    endloop
  endfacet
  facet normal 0.923881 0.382681 0
    outer loop
      vertex -14.4822 -26.3781 8
      vertex -13.75 -28.1458 17.5
      vertex -13.75 -28.1458 8
    endloop
  endfacet
  facet normal -0.382707 0.92387 0
    outer loop
      vertex -16.25 -25.6458 8
      vertex -18.0178 -26.3781 17.5
      vertex -16.25 -25.6458 17.5
    endloop
  endfacet
  facet normal -0.382707 0.92387 0
    outer loop
      vertex -18.0178 -26.3781 17.5
      vertex -16.25 -25.6458 8
      vertex -18.0178 -26.3781 8
    endloop
  endfacet
  facet normal -0.382707 0.92387 0
    outer loop
      vertex -16.25 -25.6458 -22.5
      vertex -18.0178 -26.3781 -5
      vertex -16.25 -25.6458 -5
    endloop
  endfacet
  facet normal -0.382707 0.92387 0
    outer loop
      vertex -18.0178 -26.3781 -5
      vertex -16.25 -25.6458 -22.5
      vertex -18.0178 -26.3781 -22.5
    endloop
  endfacet
  facet normal 0.382663 -0.923888 0
    outer loop
      vertex -16.25 -30.6458 -22.5
      vertex -14.4822 -29.9136 -5
      vertex -16.25 -30.6458 -5
    endloop
  endfacet
  facet normal 0.382663 -0.923888 0
    outer loop
      vertex -14.4822 -29.9136 -5
      vertex -16.25 -30.6458 -22.5
      vertex -14.4822 -29.9136 -22.5
    endloop
  endfacet
  facet normal 0.382663 -0.923888 0
    outer loop
      vertex -16.25 -30.6458 8
      vertex -14.4822 -29.9136 17.5
      vertex -16.25 -30.6458 17.5
    endloop
  endfacet
  facet normal 0.382663 -0.923888 0
    outer loop
      vertex -14.4822 -29.9136 17.5
      vertex -16.25 -30.6458 8
      vertex -14.4822 -29.9136 8
    endloop
  endfacet
  facet normal -0.382663 -0.923888 0
    outer loop
      vertex -18.0178 -29.9136 8
      vertex -16.25 -30.6458 17.5
      vertex -18.0178 -29.9136 17.5
    endloop
  endfacet
  facet normal -0.382663 -0.923888 -0
    outer loop
      vertex -16.25 -30.6458 17.5
      vertex -18.0178 -29.9136 8
      vertex -16.25 -30.6458 8
    endloop
  endfacet
  facet normal -0.382663 -0.923888 0
    outer loop
      vertex -18.0178 -29.9136 -22.5
      vertex -16.25 -30.6458 -5
      vertex -18.0178 -29.9136 -5
    endloop
  endfacet
  facet normal -0.382663 -0.923888 -0
    outer loop
      vertex -16.25 -30.6458 -5
      vertex -18.0178 -29.9136 -22.5
      vertex -16.25 -30.6458 -22.5
    endloop
  endfacet
  facet normal 0.923888 -0.382663 0
    outer loop
      vertex -14.4822 -29.9136 17.5
      vertex -13.75 -28.1458 8
      vertex -13.75 -28.1458 17.5
    endloop
  endfacet
  facet normal 0.923888 -0.382663 0
    outer loop
      vertex -13.75 -28.1458 8
      vertex -14.4822 -29.9136 17.5
      vertex -14.4822 -29.9136 8
    endloop
  endfacet
  facet normal 0.923888 -0.382663 0
    outer loop
      vertex -14.4822 -29.9136 -5
      vertex -13.75 -28.1458 -22.5
      vertex -13.75 -28.1458 -5
    endloop
  endfacet
  facet normal 0.923888 -0.382663 0
    outer loop
      vertex -13.75 -28.1458 -22.5
      vertex -14.4822 -29.9136 -5
      vertex -14.4822 -29.9136 -22.5
    endloop
  endfacet
  facet normal -0.923881 0.382681 0
    outer loop
      vertex -18.75 -28.1458 8
      vertex -18.0178 -26.3781 17.5
      vertex -18.0178 -26.3781 8
    endloop
  endfacet
  facet normal -0.923881 0.382681 0
    outer loop
      vertex -18.0178 -26.3781 17.5
      vertex -18.75 -28.1458 8
      vertex -18.75 -28.1458 17.5
    endloop
  endfacet
  facet normal -0.923881 0.382681 0
    outer loop
      vertex -18.75 -28.1458 -22.5
      vertex -18.0178 -26.3781 -5
      vertex -18.0178 -26.3781 -22.5
    endloop
  endfacet
  facet normal -0.923881 0.382681 0
    outer loop
      vertex -18.0178 -26.3781 -5
      vertex -18.75 -28.1458 -22.5
      vertex -18.75 -28.1458 -5
    endloop
  endfacet
  facet normal 0.382668 0.923886 -0
    outer loop
      vertex 1.76777 -30.7322 -22.5
      vertex 0 -30 -5
      vertex 1.76777 -30.7322 -5
    endloop
  endfacet
  facet normal 0.382668 0.923886 0
    outer loop
      vertex 0 -30 -5
      vertex 1.76777 -30.7322 -22.5
      vertex 0 -30 -22.5
    endloop
  endfacet
  facet normal 0.382668 0.923886 -0
    outer loop
      vertex 1.76777 -30.7322 8
      vertex 0 -30 17.5
      vertex 1.76777 -30.7322 17.5
    endloop
  endfacet
  facet normal 0.382668 0.923886 0
    outer loop
      vertex 0 -30 17.5
      vertex 1.76777 -30.7322 8
      vertex 0 -30 8
    endloop
  endfacet
  facet normal 0.923883 0.382676 0
    outer loop
      vertex 2.5 -32.5 -5
      vertex 1.76777 -30.7322 -22.5
      vertex 1.76777 -30.7322 -5
    endloop
  endfacet
  facet normal 0.923883 0.382676 0
    outer loop
      vertex 1.76777 -30.7322 -22.5
      vertex 2.5 -32.5 -5
      vertex 2.5 -32.5 -22.5
    endloop
  endfacet
  facet normal 0.923883 0.382676 0
    outer loop
      vertex 2.5 -32.5 17.5
      vertex 1.76777 -30.7322 8
      vertex 1.76777 -30.7322 17.5
    endloop
  endfacet
  facet normal 0.923883 0.382676 0
    outer loop
      vertex 1.76777 -30.7322 8
      vertex 2.5 -32.5 17.5
      vertex 2.5 -32.5 8
    endloop
  endfacet
  facet normal -0.382668 0.923886 0
    outer loop
      vertex 0 -30 -22.5
      vertex -1.76777 -30.7322 -5
      vertex 0 -30 -5
    endloop
  endfacet
  facet normal -0.382668 0.923886 0
    outer loop
      vertex -1.76777 -30.7322 -5
      vertex 0 -30 -22.5
      vertex -1.76777 -30.7322 -22.5
    endloop
  endfacet
  facet normal -0.382668 0.923886 0
    outer loop
      vertex 0 -30 8
      vertex -1.76777 -30.7322 17.5
      vertex 0 -30 17.5
    endloop
  endfacet
  facet normal -0.382668 0.923886 0
    outer loop
      vertex -1.76777 -30.7322 17.5
      vertex 0 -30 8
      vertex -1.76777 -30.7322 8
    endloop
  endfacet
  facet normal -0.923883 0.382676 0
    outer loop
      vertex -2.5 -32.5 -22.5
      vertex -1.76777 -30.7322 -5
      vertex -1.76777 -30.7322 -22.5
    endloop
  endfacet
  facet normal -0.923883 0.382676 0
    outer loop
      vertex -1.76777 -30.7322 -5
      vertex -2.5 -32.5 -22.5
      vertex -2.5 -32.5 -5
    endloop
  endfacet
  facet normal -0.923883 0.382676 0
    outer loop
      vertex -2.5 -32.5 8
      vertex -1.76777 -30.7322 17.5
      vertex -1.76777 -30.7322 8
    endloop
  endfacet
  facet normal -0.923883 0.382676 0
    outer loop
      vertex -1.76777 -30.7322 17.5
      vertex -2.5 -32.5 8
      vertex -2.5 -32.5 17.5
    endloop
  endfacet
  facet normal -0.382668 -0.923886 0
    outer loop
      vertex -1.76777 -34.2678 8
      vertex 0 -35 17.5
      vertex -1.76777 -34.2678 17.5
    endloop
  endfacet
  facet normal -0.382668 -0.923886 -0
    outer loop
      vertex 0 -35 17.5
      vertex -1.76777 -34.2678 8
      vertex 0 -35 8
    endloop
  endfacet
  facet normal -0.382668 -0.923886 0
    outer loop
      vertex -1.76777 -34.2678 -22.5
      vertex 0 -35 -5
      vertex -1.76777 -34.2678 -5
    endloop
  endfacet
  facet normal -0.382668 -0.923886 -0
    outer loop
      vertex 0 -35 -5
      vertex -1.76777 -34.2678 -22.5
      vertex 0 -35 -22.5
    endloop
  endfacet
  facet normal 0.382668 -0.923886 0
    outer loop
      vertex 0 -35 -22.5
      vertex 1.76777 -34.2678 -5
      vertex 0 -35 -5
    endloop
  endfacet
  facet normal 0.382668 -0.923886 0
    outer loop
      vertex 1.76777 -34.2678 -5
      vertex 0 -35 -22.5
      vertex 1.76777 -34.2678 -22.5
    endloop
  endfacet
  facet normal 0.382668 -0.923886 0
    outer loop
      vertex 0 -35 8
      vertex 1.76777 -34.2678 17.5
      vertex 0 -35 17.5
    endloop
  endfacet
  facet normal 0.382668 -0.923886 0
    outer loop
      vertex 1.76777 -34.2678 17.5
      vertex 0 -35 8
      vertex 1.76777 -34.2678 8
    endloop
  endfacet
  facet normal -0.923883 -0.382676 0
    outer loop
      vertex -1.76777 -34.2678 8
      vertex -2.5 -32.5 17.5
      vertex -2.5 -32.5 8
    endloop
  endfacet
  facet normal -0.923883 -0.382676 0
    outer loop
      vertex -2.5 -32.5 17.5
      vertex -1.76777 -34.2678 8
      vertex -1.76777 -34.2678 17.5
    endloop
  endfacet
  facet normal -0.923883 -0.382676 0
    outer loop
      vertex -1.76777 -34.2678 -22.5
      vertex -2.5 -32.5 -5
      vertex -2.5 -32.5 -22.5
    endloop
  endfacet
  facet normal -0.923883 -0.382676 0
    outer loop
      vertex -2.5 -32.5 -5
      vertex -1.76777 -34.2678 -22.5
      vertex -1.76777 -34.2678 -5
    endloop
  endfacet
  facet normal 0.923883 -0.382676 0
    outer loop
      vertex 1.76777 -34.2678 -5
      vertex 2.5 -32.5 -22.5
      vertex 2.5 -32.5 -5
    endloop
  endfacet
  facet normal 0.923883 -0.382676 0
    outer loop
      vertex 2.5 -32.5 -22.5
      vertex 1.76777 -34.2678 -5
      vertex 1.76777 -34.2678 -22.5
    endloop
  endfacet
  facet normal 0.923883 -0.382676 0
    outer loop
      vertex 1.76777 -34.2678 17.5
      vertex 2.5 -32.5 8
      vertex 2.5 -32.5 17.5
    endloop
  endfacet
  facet normal 0.923883 -0.382676 0
    outer loop
      vertex 2.5 -32.5 8
      vertex 1.76777 -34.2678 17.5
      vertex 1.76777 -34.2678 8
    endloop
  endfacet
  facet normal 0.382707 0.92387 -0
    outer loop
      vertex 18.0178 -26.3781 -22.5
      vertex 16.25 -25.6458 -5
      vertex 18.0178 -26.3781 -5
    endloop
  endfacet
  facet normal 0.382707 0.92387 0
    outer loop
      vertex 16.25 -25.6458 -5
      vertex 18.0178 -26.3781 -22.5
      vertex 16.25 -25.6458 -22.5
    endloop
  endfacet
  facet normal 0.382707 0.92387 -0
    outer loop
      vertex 18.0178 -26.3781 8
      vertex 16.25 -25.6458 17.5
      vertex 18.0178 -26.3781 17.5
    endloop
  endfacet
  facet normal 0.382707 0.92387 0
    outer loop
      vertex 16.25 -25.6458 17.5
      vertex 18.0178 -26.3781 8
      vertex 16.25 -25.6458 8
    endloop
  endfacet
  facet normal 0.923881 0.382681 0
    outer loop
      vertex 18.75 -28.1458 -5
      vertex 18.0178 -26.3781 -22.5
      vertex 18.0178 -26.3781 -5
    endloop
  endfacet
  facet normal 0.923881 0.382681 0
    outer loop
      vertex 18.0178 -26.3781 -22.5
      vertex 18.75 -28.1458 -5
      vertex 18.75 -28.1458 -22.5
    endloop
  endfacet
  facet normal 0.923881 0.382681 0
    outer loop
      vertex 18.75 -28.1458 17.5
      vertex 18.0178 -26.3781 8
      vertex 18.0178 -26.3781 17.5
    endloop
  endfacet
  facet normal 0.923881 0.382681 0
    outer loop
      vertex 18.0178 -26.3781 8
      vertex 18.75 -28.1458 17.5
      vertex 18.75 -28.1458 8
    endloop
  endfacet
  facet normal -0.382707 0.92387 0
    outer loop
      vertex 16.25 -25.6458 8
      vertex 14.4822 -26.3781 17.5
      vertex 16.25 -25.6458 17.5
    endloop
  endfacet
  facet normal -0.382707 0.92387 0
    outer loop
      vertex 14.4822 -26.3781 17.5
      vertex 16.25 -25.6458 8
      vertex 14.4822 -26.3781 8
    endloop
  endfacet
  facet normal -0.382707 0.92387 0
    outer loop
      vertex 16.25 -25.6458 -22.5
      vertex 14.4822 -26.3781 -5
      vertex 16.25 -25.6458 -5
    endloop
  endfacet
  facet normal -0.382707 0.92387 0
    outer loop
      vertex 14.4822 -26.3781 -5
      vertex 16.25 -25.6458 -22.5
      vertex 14.4822 -26.3781 -22.5
    endloop
  endfacet
  facet normal 0.923888 -0.382663 0
    outer loop
      vertex 18.0178 -29.9136 -5
      vertex 18.75 -28.1458 -22.5
      vertex 18.75 -28.1458 -5
    endloop
  endfacet
  facet normal 0.923888 -0.382663 0
    outer loop
      vertex 18.75 -28.1458 -22.5
      vertex 18.0178 -29.9136 -5
      vertex 18.0178 -29.9136 -22.5
    endloop
  endfacet
  facet normal 0.923888 -0.382663 0
    outer loop
      vertex 18.0178 -29.9136 17.5
      vertex 18.75 -28.1458 8
      vertex 18.75 -28.1458 17.5
    endloop
  endfacet
  facet normal 0.923888 -0.382663 0
    outer loop
      vertex 18.75 -28.1458 8
      vertex 18.0178 -29.9136 17.5
      vertex 18.0178 -29.9136 8
    endloop
  endfacet
  facet normal -0.923881 0.382681 0
    outer loop
      vertex 13.75 -28.1458 8
      vertex 14.4822 -26.3781 17.5
      vertex 14.4822 -26.3781 8
    endloop
  endfacet
  facet normal -0.923881 0.382681 0
    outer loop
      vertex 14.4822 -26.3781 17.5
      vertex 13.75 -28.1458 8
      vertex 13.75 -28.1458 17.5
    endloop
  endfacet
  facet normal -0.923881 0.382681 0
    outer loop
      vertex 13.75 -28.1458 -22.5
      vertex 14.4822 -26.3781 -5
      vertex 14.4822 -26.3781 -22.5
    endloop
  endfacet
  facet normal -0.923881 0.382681 0
    outer loop
      vertex 14.4822 -26.3781 -5
      vertex 13.75 -28.1458 -22.5
      vertex 13.75 -28.1458 -5
    endloop
  endfacet
  facet normal -0.382663 -0.923888 0
    outer loop
      vertex 14.4822 -29.9136 -22.5
      vertex 16.25 -30.6458 -5
      vertex 14.4822 -29.9136 -5
    endloop
  endfacet
  facet normal -0.382663 -0.923888 -0
    outer loop
      vertex 16.25 -30.6458 -5
      vertex 14.4822 -29.9136 -22.5
      vertex 16.25 -30.6458 -22.5
    endloop
  endfacet
  facet normal -0.382663 -0.923888 0
    outer loop
      vertex 14.4822 -29.9136 8
      vertex 16.25 -30.6458 17.5
      vertex 14.4822 -29.9136 17.5
    endloop
  endfacet
  facet normal -0.382663 -0.923888 -0
    outer loop
      vertex 16.25 -30.6458 17.5
      vertex 14.4822 -29.9136 8
      vertex 16.25 -30.6458 8
    endloop
  endfacet
  facet normal 0.382663 -0.923888 0
    outer loop
      vertex 16.25 -30.6458 -22.5
      vertex 18.0178 -29.9136 -5
      vertex 16.25 -30.6458 -5
    endloop
  endfacet
  facet normal 0.382663 -0.923888 0
    outer loop
      vertex 18.0178 -29.9136 -5
      vertex 16.25 -30.6458 -22.5
      vertex 18.0178 -29.9136 -22.5
    endloop
  endfacet
  facet normal 0.382663 -0.923888 0
    outer loop
      vertex 16.25 -30.6458 8
      vertex 18.0178 -29.9136 17.5
      vertex 16.25 -30.6458 17.5
    endloop
  endfacet
  facet normal 0.382663 -0.923888 0
    outer loop
      vertex 18.0178 -29.9136 17.5
      vertex 16.25 -30.6458 8
      vertex 18.0178 -29.9136 8
    endloop
  endfacet
  facet normal -0.923888 -0.382663 0
    outer loop
      vertex 14.4822 -29.9136 8
      vertex 13.75 -28.1458 17.5
      vertex 13.75 -28.1458 8
    endloop
  endfacet
  facet normal -0.923888 -0.382663 0
    outer loop
      vertex 13.75 -28.1458 17.5
      vertex 14.4822 -29.9136 8
      vertex 14.4822 -29.9136 17.5
    endloop
  endfacet
  facet normal -0.923888 -0.382663 0
    outer loop
      vertex 14.4822 -29.9136 -22.5
      vertex 13.75 -28.1458 -5
      vertex 13.75 -28.1458 -22.5
    endloop
  endfacet
  facet normal -0.923888 -0.382663 0
    outer loop
      vertex 13.75 -28.1458 -5
      vertex 14.4822 -29.9136 -22.5
      vertex 14.4822 -29.9136 -5
    endloop
  endfacet
  facet normal 0.382663 0.923888 -0
    outer loop
      vertex 29.9136 -14.4822 -22.5
      vertex 28.1458 -13.75 -5
      vertex 29.9136 -14.4822 -5
    endloop
  endfacet
  facet normal 0.382663 0.923888 0
    outer loop
      vertex 28.1458 -13.75 -5
      vertex 29.9136 -14.4822 -22.5
      vertex 28.1458 -13.75 -22.5
    endloop
  endfacet
  facet normal 0.382663 0.923888 -0
    outer loop
      vertex 29.9136 -14.4822 8
      vertex 28.1458 -13.75 17.5
      vertex 29.9136 -14.4822 17.5
    endloop
  endfacet
  facet normal 0.382663 0.923888 0
    outer loop
      vertex 28.1458 -13.75 17.5
      vertex 29.9136 -14.4822 8
      vertex 28.1458 -13.75 8
    endloop
  endfacet
  facet normal 0.923888 0.382663 0
    outer loop
      vertex 30.6458 -16.25 -5
      vertex 29.9136 -14.4822 -22.5
      vertex 29.9136 -14.4822 -5
    endloop
  endfacet
  facet normal 0.923888 0.382663 0
    outer loop
      vertex 29.9136 -14.4822 -22.5
      vertex 30.6458 -16.25 -5
      vertex 30.6458 -16.25 -22.5
    endloop
  endfacet
  facet normal 0.923888 0.382663 0
    outer loop
      vertex 30.6458 -16.25 17.5
      vertex 29.9136 -14.4822 8
      vertex 29.9136 -14.4822 17.5
    endloop
  endfacet
  facet normal 0.923888 0.382663 0
    outer loop
      vertex 29.9136 -14.4822 8
      vertex 30.6458 -16.25 17.5
      vertex 30.6458 -16.25 8
    endloop
  endfacet
  facet normal -0.382681 0.923881 0
    outer loop
      vertex 28.1458 -13.75 -22.5
      vertex 26.3781 -14.4822 -5
      vertex 28.1458 -13.75 -5
    endloop
  endfacet
  facet normal -0.382681 0.923881 0
    outer loop
      vertex 26.3781 -14.4822 -5
      vertex 28.1458 -13.75 -22.5
      vertex 26.3781 -14.4822 -22.5
    endloop
  endfacet
  facet normal -0.382681 0.923881 0
    outer loop
      vertex 28.1458 -13.75 8
      vertex 26.3781 -14.4822 17.5
      vertex 28.1458 -13.75 17.5
    endloop
  endfacet
  facet normal -0.382681 0.923881 0
    outer loop
      vertex 26.3781 -14.4822 17.5
      vertex 28.1458 -13.75 8
      vertex 26.3781 -14.4822 8
    endloop
  endfacet
  facet normal -0.92387 0.382707 0
    outer loop
      vertex 25.6458 -16.25 -22.5
      vertex 26.3781 -14.4822 -5
      vertex 26.3781 -14.4822 -22.5
    endloop
  endfacet
  facet normal -0.92387 0.382707 0
    outer loop
      vertex 26.3781 -14.4822 -5
      vertex 25.6458 -16.25 -22.5
      vertex 25.6458 -16.25 -5
    endloop
  endfacet
  facet normal -0.92387 0.382707 0
    outer loop
      vertex 25.6458 -16.25 8
      vertex 26.3781 -14.4822 17.5
      vertex 26.3781 -14.4822 8
    endloop
  endfacet
  facet normal -0.92387 0.382707 0
    outer loop
      vertex 26.3781 -14.4822 17.5
      vertex 25.6458 -16.25 8
      vertex 25.6458 -16.25 17.5
    endloop
  endfacet
  facet normal -0.382681 -0.923881 0
    outer loop
      vertex 26.3781 -18.0178 8
      vertex 28.1458 -18.75 17.5
      vertex 26.3781 -18.0178 17.5
    endloop
  endfacet
  facet normal -0.382681 -0.923881 -0
    outer loop
      vertex 28.1458 -18.75 17.5
      vertex 26.3781 -18.0178 8
      vertex 28.1458 -18.75 8
    endloop
  endfacet
  facet normal -0.382681 -0.923881 0
    outer loop
      vertex 26.3781 -18.0178 -22.5
      vertex 28.1458 -18.75 -5
      vertex 26.3781 -18.0178 -5
    endloop
  endfacet
  facet normal -0.382681 -0.923881 -0
    outer loop
      vertex 28.1458 -18.75 -5
      vertex 26.3781 -18.0178 -22.5
      vertex 28.1458 -18.75 -22.5
    endloop
  endfacet
  facet normal 0.382663 -0.923888 0
    outer loop
      vertex 28.1458 -18.75 -22.5
      vertex 29.9136 -18.0178 -5
      vertex 28.1458 -18.75 -5
    endloop
  endfacet
  facet normal 0.382663 -0.923888 0
    outer loop
      vertex 29.9136 -18.0178 -5
      vertex 28.1458 -18.75 -22.5
      vertex 29.9136 -18.0178 -22.5
    endloop
  endfacet
  facet normal 0.382663 -0.923888 0
    outer loop
      vertex 28.1458 -18.75 8
      vertex 29.9136 -18.0178 17.5
      vertex 28.1458 -18.75 17.5
    endloop
  endfacet
  facet normal 0.382663 -0.923888 0
    outer loop
      vertex 29.9136 -18.0178 17.5
      vertex 28.1458 -18.75 8
      vertex 29.9136 -18.0178 8
    endloop
  endfacet
  facet normal -0.92387 -0.382707 0
    outer loop
      vertex 26.3781 -18.0178 8
      vertex 25.6458 -16.25 17.5
      vertex 25.6458 -16.25 8
    endloop
  endfacet
  facet normal -0.92387 -0.382707 0
    outer loop
      vertex 25.6458 -16.25 17.5
      vertex 26.3781 -18.0178 8
      vertex 26.3781 -18.0178 17.5
    endloop
  endfacet
  facet normal -0.92387 -0.382707 0
    outer loop
      vertex 26.3781 -18.0178 -22.5
      vertex 25.6458 -16.25 -5
      vertex 25.6458 -16.25 -22.5
    endloop
  endfacet
  facet normal -0.92387 -0.382707 0
    outer loop
      vertex 25.6458 -16.25 -5
      vertex 26.3781 -18.0178 -22.5
      vertex 26.3781 -18.0178 -5
    endloop
  endfacet
  facet normal 0.923888 -0.382663 0
    outer loop
      vertex 29.9136 -18.0178 -5
      vertex 30.6458 -16.25 -22.5
      vertex 30.6458 -16.25 -5
    endloop
  endfacet
  facet normal 0.923888 -0.382663 0
    outer loop
      vertex 30.6458 -16.25 -22.5
      vertex 29.9136 -18.0178 -5
      vertex 29.9136 -18.0178 -22.5
    endloop
  endfacet
  facet normal 0.923888 -0.382663 0
    outer loop
      vertex 29.9136 -18.0178 17.5
      vertex 30.6458 -16.25 8
      vertex 30.6458 -16.25 17.5
    endloop
  endfacet
  facet normal 0.923888 -0.382663 0
    outer loop
      vertex 30.6458 -16.25 8
      vertex 29.9136 -18.0178 17.5
      vertex 29.9136 -18.0178 8
    endloop
  endfacet
  facet normal -0.743143 -0.669133 0
    outer loop
      vertex -26.7652 -29.7258 -5
      vertex -32.3607 -23.5114 8
      vertex -32.3607 -23.5114 -5
    endloop
  endfacet
  facet normal -0.743143 -0.669133 0
    outer loop
      vertex -32.3607 -23.5114 8
      vertex -26.7652 -29.7258 -5
      vertex -26.7652 -29.7258 8
    endloop
  endfacet
  facet normal 0.951056 0.309017 0
    outer loop
      vertex 39.1259 8.31647 8
      vertex 36.5418 16.2695 -5
      vertex 36.5418 16.2695 8
    endloop
  endfacet
  facet normal 0.951056 0.309017 0
    outer loop
      vertex 36.5418 16.2695 -5
      vertex 39.1259 8.31647 8
      vertex 39.1259 8.31647 -5
    endloop
  endfacet
  facet normal 0.994522 0.104529 0
    outer loop
      vertex 40 0 8
      vertex 39.1259 8.31647 -5
      vertex 39.1259 8.31647 8
    endloop
  endfacet
  facet normal 0.994522 0.104529 0
    outer loop
      vertex 39.1259 8.31647 -5
      vertex 40 0 8
      vertex 40 0 -5
    endloop
  endfacet
  facet normal 0.866026 0.499999 0
    outer loop
      vertex 36.5418 16.2695 8
      vertex 32.3607 23.5114 -5
      vertex 32.3607 23.5114 8
    endloop
  endfacet
  facet normal 0.866026 0.499999 0
    outer loop
      vertex 32.3607 23.5114 -5
      vertex 36.5418 16.2695 8
      vertex 36.5418 16.2695 -5
    endloop
  endfacet
  facet normal 0.951056 -0.309017 0
    outer loop
      vertex 36.5418 -16.2695 8
      vertex 39.1259 -8.31647 -5
      vertex 39.1259 -8.31647 8
    endloop
  endfacet
  facet normal 0.951056 -0.309017 0
    outer loop
      vertex 39.1259 -8.31647 -5
      vertex 36.5418 -16.2695 8
      vertex 36.5418 -16.2695 -5
    endloop
  endfacet
  facet normal 0.587785 -0.809017 0
    outer loop
      vertex 20 -34.641 -5
      vertex 26.7652 -29.7258 8
      vertex 20 -34.641 8
    endloop
  endfacet
  facet normal 0.587785 -0.809017 0
    outer loop
      vertex 26.7652 -29.7258 8
      vertex 20 -34.641 -5
      vertex 26.7652 -29.7258 -5
    endloop
  endfacet
  facet normal 0.743143 -0.669133 0
    outer loop
      vertex 26.7652 -29.7258 8
      vertex 32.3607 -23.5114 -5
      vertex 32.3607 -23.5114 8
    endloop
  endfacet
  facet normal 0.743143 -0.669133 0
    outer loop
      vertex 32.3607 -23.5114 -5
      vertex 26.7652 -29.7258 8
      vertex 26.7652 -29.7258 -5
    endloop
  endfacet
  facet normal 0.994522 -0.104529 0
    outer loop
      vertex 39.1259 -8.31647 8
      vertex 40 0 -5
      vertex 40 0 8
    endloop
  endfacet
  facet normal 0.994522 -0.104529 0
    outer loop
      vertex 40 0 -5
      vertex 39.1259 -8.31647 8
      vertex 39.1259 -8.31647 -5
    endloop
  endfacet
  facet normal -0.406743 -0.913543 0
    outer loop
      vertex -20 -34.641 -5
      vertex -12.3607 -38.0423 8
      vertex -20 -34.641 8
    endloop
  endfacet
  facet normal -0.406743 -0.913543 -0
    outer loop
      vertex -12.3607 -38.0423 8
      vertex -20 -34.641 -5
      vertex -12.3607 -38.0423 -5
    endloop
  endfacet
  facet normal 0.406743 0.913543 -0
    outer loop
      vertex 20 34.641 -5
      vertex 12.3607 38.0423 8
      vertex 20 34.641 8
    endloop
  endfacet
  facet normal 0.406743 0.913543 0
    outer loop
      vertex 12.3607 38.0423 8
      vertex 20 34.641 -5
      vertex 12.3607 38.0423 -5
    endloop
  endfacet
  facet normal 0.743143 0.669133 0
    outer loop
      vertex 32.3607 23.5114 8
      vertex 26.7652 29.7258 -5
      vertex 26.7652 29.7258 8
    endloop
  endfacet
  facet normal 0.743143 0.669133 0
    outer loop
      vertex 26.7652 29.7258 -5
      vertex 32.3607 23.5114 8
      vertex 32.3607 23.5114 -5
    endloop
  endfacet
  facet normal -0.587785 -0.809017 0
    outer loop
      vertex -26.7652 -29.7258 -5
      vertex -20 -34.641 8
      vertex -26.7652 -29.7258 8
    endloop
  endfacet
  facet normal -0.587785 -0.809017 -0
    outer loop
      vertex -20 -34.641 8
      vertex -26.7652 -29.7258 -5
      vertex -20 -34.641 -5
    endloop
  endfacet
  facet normal -0.743143 0.669133 0
    outer loop
      vertex -32.3607 23.5114 -5
      vertex -26.7652 29.7258 8
      vertex -26.7652 29.7258 -5
    endloop
  endfacet
  facet normal -0.743143 0.669133 0
    outer loop
      vertex -26.7652 29.7258 8
      vertex -32.3607 23.5114 -5
      vertex -32.3607 23.5114 8
    endloop
  endfacet
  facet normal 0 1 -0
    outer loop
      vertex 4.18114 39.7809 -5
      vertex -4.18114 39.7809 8
      vertex 4.18114 39.7809 8
    endloop
  endfacet
  facet normal 0 1 0
    outer loop
      vertex -4.18114 39.7809 8
      vertex 4.18114 39.7809 -5
      vertex -4.18114 39.7809 -5
    endloop
  endfacet
  facet normal 0.406743 -0.913543 0
    outer loop
      vertex 12.3607 -38.0423 -5
      vertex 20 -34.641 8
      vertex 12.3607 -38.0423 8
    endloop
  endfacet
  facet normal 0.406743 -0.913543 0
    outer loop
      vertex 20 -34.641 8
      vertex 12.3607 -38.0423 -5
      vertex 20 -34.641 -5
    endloop
  endfacet
  facet normal 0.207909 -0.978148 0
    outer loop
      vertex 4.18114 -39.7809 -5
      vertex 12.3607 -38.0423 8
      vertex 4.18114 -39.7809 8
    endloop
  endfacet
  facet normal 0.207909 -0.978148 0
    outer loop
      vertex 12.3607 -38.0423 8
      vertex 4.18114 -39.7809 -5
      vertex 12.3607 -38.0423 -5
    endloop
  endfacet
  facet normal -0.951056 0.309017 0
    outer loop
      vertex -39.1259 8.31647 -5
      vertex -36.5418 16.2695 8
      vertex -36.5418 16.2695 -5
    endloop
  endfacet
  facet normal -0.951056 0.309017 0
    outer loop
      vertex -36.5418 16.2695 8
      vertex -39.1259 8.31647 -5
      vertex -39.1259 8.31647 8
    endloop
  endfacet
  facet normal 0 0 -1
    outer loop
      vertex -30 0 -5
      vertex -14.4822 26.3781 -5
      vertex -26.3781 -14.4822 -5
    endloop
  endfacet
  facet normal 0 0 -1
    outer loop
      vertex -14.4822 26.3781 -5
      vertex -26.3781 14.4822 -5
      vertex -25.6458 16.25 -5
    endloop
  endfacet
  facet normal 0 0 -1
    outer loop
      vertex -30.7322 -1.76777 -5
      vertex -26.3781 -14.4822 -5
      vertex -28.1458 -13.75 -5
    endloop
  endfacet
  facet normal 0 0 -1
    outer loop
      vertex -14.4822 26.3781 -5
      vertex -30 0 -5
      vertex -26.3781 14.4822 -5
    endloop
  endfacet
  facet normal 0 0 -1
    outer loop
      vertex -32.5 -2.5 -5
      vertex -28.1458 -13.75 -5
      vertex -29.9136 -14.4822 -5
    endloop
  endfacet
  facet normal 0 0 -1
    outer loop
      vertex -30.7322 1.76777 -5
      vertex -26.3781 14.4822 -5
      vertex -30 0 -5
    endloop
  endfacet
  facet normal 0 0 -1
    outer loop
      vertex -26.3781 14.4822 -5
      vertex -30.7322 1.76777 -5
      vertex -28.1458 13.75 -5
    endloop
  endfacet
  facet normal 0 0 -1
    outer loop
      vertex -36.5418 -16.2695 -5
      vertex -29.9136 -14.4822 -5
      vertex -30.6458 -16.25 -5
    endloop
  endfacet
  facet normal 0 0 -1
    outer loop
      vertex -26.3781 -14.4822 -5
      vertex -30.7322 -1.76777 -5
      vertex -30 0 -5
    endloop
  endfacet
  facet normal 0 0 -1
    outer loop
      vertex -26.7652 29.7258 -5
      vertex -18.0178 26.3781 -5
      vertex -26.3781 18.0178 -5
    endloop
  endfacet
  facet normal 0 0 -1
    outer loop
      vertex -18.0178 26.3781 -5
      vertex -26.7652 29.7258 -5
      vertex -18.75 28.1458 -5
    endloop
  endfacet
  facet normal 0 0 -1
    outer loop
      vertex -18.75 28.1458 -5
      vertex -26.7652 29.7258 -5
      vertex -20 34.641 -5
    endloop
  endfacet
  facet normal 0 0 -1
    outer loop
      vertex -28.1458 18.75 -5
      vertex -26.7652 29.7258 -5
      vertex -26.3781 18.0178 -5
    endloop
  endfacet
  facet normal 0 0 -1
    outer loop
      vertex -32.3607 23.5114 -5
      vertex -28.1458 18.75 -5
      vertex -29.9136 18.0178 -5
    endloop
  endfacet
  facet normal 0 0 -1
    outer loop
      vertex -36.5418 16.2695 -5
      vertex -29.9136 18.0178 -5
      vertex -30.6458 16.25 -5
    endloop
  endfacet
  facet normal 0 0 -1
    outer loop
      vertex -28.1458 18.75 -5
      vertex -32.3607 23.5114 -5
      vertex -26.7652 29.7258 -5
    endloop
  endfacet
  facet normal 0 0 -1
    outer loop
      vertex -39.1259 8.31647 -5
      vertex -29.9136 14.4822 -5
      vertex -32.5 2.5 -5
    endloop
  endfacet
  facet normal 0 -0 -1
    outer loop
      vertex -36.5418 16.2695 -5
      vertex -29.9136 14.4822 -5
      vertex -39.1259 8.31647 -5
    endloop
  endfacet
  facet normal 0 0 -1
    outer loop
      vertex -39.1259 8.31647 -5
      vertex -32.5 2.5 -5
      vertex -34.2678 1.76777 -5
    endloop
  endfacet
  facet normal 0 0 -1
    outer loop
      vertex -40 0 -5
      vertex -34.2678 1.76777 -5
      vertex -35 0 -5
    endloop
  endfacet
  facet normal -0 0 -1
    outer loop
      vertex -29.9136 18.0178 -5
      vertex -36.5418 16.2695 -5
      vertex -32.3607 23.5114 -5
    endloop
  endfacet
  facet normal 0 0 -1
    outer loop
      vertex -40 0 -5
      vertex -34.2678 -1.76777 -5
      vertex -39.1259 -8.31647 -5
    endloop
  endfacet
  facet normal 0 0 -1
    outer loop
      vertex -34.2678 -1.76777 -5
      vertex -40 0 -5
      vertex -35 0 -5
    endloop
  endfacet
  facet normal 0 0 -1
    outer loop
      vertex -29.9136 14.4822 -5
      vertex -36.5418 16.2695 -5
      vertex -30.6458 16.25 -5
    endloop
  endfacet
  facet normal -0 0 -1
    outer loop
      vertex -34.2678 1.76777 -5
      vertex -40 0 -5
      vertex -39.1259 8.31647 -5
    endloop
  endfacet
  facet normal 0 0 -1
    outer loop
      vertex -32.5 2.5 -5
      vertex -28.1458 13.75 -5
      vertex -30.7322 1.76777 -5
    endloop
  endfacet
  facet normal -0 0 -1
    outer loop
      vertex -28.1458 13.75 -5
      vertex -32.5 2.5 -5
      vertex -29.9136 14.4822 -5
    endloop
  endfacet
  facet normal 0 0 -1
    outer loop
      vertex -14.4822 26.3781 -5
      vertex 0 30 -5
      vertex -14.4822 -26.3781 -5
    endloop
  endfacet
  facet normal 0 0 -1
    outer loop
      vertex 0 30 -5
      vertex -14.4822 26.3781 -5
      vertex -13.75 28.1458 -5
    endloop
  endfacet
  facet normal 0 0 -1
    outer loop
      vertex -25.6458 -16.25 -5
      vertex -14.4822 -26.3781 -5
      vertex -16.25 -25.6458 -5
    endloop
  endfacet
  facet normal 0 0 -1
    outer loop
      vertex -26.3781 -14.4822 -5
      vertex -14.4822 -26.3781 -5
      vertex -25.6458 -16.25 -5
    endloop
  endfacet
  facet normal 0 0 -1
    outer loop
      vertex -25.6458 -16.25 -5
      vertex -16.25 -25.6458 -5
      vertex -18.0178 -26.3781 -5
    endloop
  endfacet
  facet normal 0 0 -1
    outer loop
      vertex -14.4822 -26.3781 -5
      vertex -26.3781 -14.4822 -5
      vertex -14.4822 26.3781 -5
    endloop
  endfacet
  facet normal 0 0 -1
    outer loop
      vertex -25.6458 -16.25 -5
      vertex -18.0178 -26.3781 -5
      vertex -18.75 -28.1458 -5
    endloop
  endfacet
  facet normal 0 0 -1
    outer loop
      vertex -14.4822 26.3781 -5
      vertex -25.6458 16.25 -5
      vertex -16.25 25.6458 -5
    endloop
  endfacet
  facet normal 0 0 -1
    outer loop
      vertex -14.4822 29.9136 -5
      vertex -2.5 32.5 -5
      vertex -13.75 28.1458 -5
    endloop
  endfacet
  facet normal -0 0 -1
    outer loop
      vertex -2.5 32.5 -5
      vertex -14.4822 29.9136 -5
      vertex -12.3607 38.0423 -5
    endloop
  endfacet
  facet normal 0 0 -1
    outer loop
      vertex -16.25 30.6458 -5
      vertex -12.3607 38.0423 -5
      vertex -14.4822 29.9136 -5
    endloop
  endfacet
  facet normal 0 0 -1
    outer loop
      vertex -20 34.641 -5
      vertex -16.25 30.6458 -5
      vertex -18.0178 29.9136 -5
    endloop
  endfacet
  facet normal 0 0 -1
    outer loop
      vertex -16.25 30.6458 -5
      vertex -20 34.641 -5
      vertex -12.3607 38.0423 -5
    endloop
  endfacet
  facet normal 0 0 -1
    outer loop
      vertex -18.75 28.1458 -5
      vertex -20 34.641 -5
      vertex -18.0178 29.9136 -5
    endloop
  endfacet
  facet normal -0 0 -1
    outer loop
      vertex -16.25 25.6458 -5
      vertex -25.6458 16.25 -5
      vertex -18.0178 26.3781 -5
    endloop
  endfacet
  facet normal 0 0 -1
    outer loop
      vertex -26.3781 18.0178 -5
      vertex -18.0178 26.3781 -5
      vertex -25.6458 16.25 -5
    endloop
  endfacet
  facet normal 0 0 -1
    outer loop
      vertex -20 -34.641 -5
      vertex -26.3781 -18.0178 -5
      vertex -25.6458 -16.25 -5
    endloop
  endfacet
  facet normal 0 0 -1
    outer loop
      vertex -26.7652 -29.7258 -5
      vertex -26.3781 -18.0178 -5
      vertex -20 -34.641 -5
    endloop
  endfacet
  facet normal 0 0 -1
    outer loop
      vertex -26.7652 -29.7258 -5
      vertex -28.1458 -18.75 -5
      vertex -26.3781 -18.0178 -5
    endloop
  endfacet
  facet normal 0 0 -1
    outer loop
      vertex -32.3607 -23.5114 -5
      vertex -28.1458 -18.75 -5
      vertex -26.7652 -29.7258 -5
    endloop
  endfacet
  facet normal -0 0 -1
    outer loop
      vertex -28.1458 -18.75 -5
      vertex -32.3607 -23.5114 -5
      vertex -29.9136 -18.0178 -5
    endloop
  endfacet
  facet normal 0 0 -1
    outer loop
      vertex -36.5418 -16.2695 -5
      vertex -29.9136 -18.0178 -5
      vertex -32.3607 -23.5114 -5
    endloop
  endfacet
  facet normal 0 0 -1
    outer loop
      vertex -29.9136 -18.0178 -5
      vertex -36.5418 -16.2695 -5
      vertex -30.6458 -16.25 -5
    endloop
  endfacet
  facet normal -0 0 -1
    outer loop
      vertex -29.9136 -14.4822 -5
      vertex -36.5418 -16.2695 -5
      vertex -39.1259 -8.31647 -5
    endloop
  endfacet
  facet normal 0 0 -1
    outer loop
      vertex -28.1458 -13.75 -5
      vertex -32.5 -2.5 -5
      vertex -30.7322 -1.76777 -5
    endloop
  endfacet
  facet normal 0 0 -1
    outer loop
      vertex -29.9136 -14.4822 -5
      vertex -39.1259 -8.31647 -5
      vertex -32.5 -2.5 -5
    endloop
  endfacet
  facet normal -0 0 -1
    outer loop
      vertex -32.5 -2.5 -5
      vertex -39.1259 -8.31647 -5
      vertex -34.2678 -1.76777 -5
    endloop
  endfacet
  facet normal -0 0 -1
    outer loop
      vertex 14.4822 -26.3781 -5
      vertex 0 -30 -5
      vertex 14.4822 26.3781 -5
    endloop
  endfacet
  facet normal 0 0 -1
    outer loop
      vertex 14.4822 26.3781 -5
      vertex 1.76777 30.7322 -5
      vertex 2.5 32.5 -5
    endloop
  endfacet
  facet normal 0 0 -1
    outer loop
      vertex 0 30 -5
      vertex 14.4822 26.3781 -5
      vertex 0 -30 -5
    endloop
  endfacet
  facet normal 0 0 -1
    outer loop
      vertex 14.4822 26.3781 -5
      vertex 0 30 -5
      vertex 1.76777 30.7322 -5
    endloop
  endfacet
  facet normal 0 0 -1
    outer loop
      vertex -14.4822 -26.3781 -5
      vertex -1.76777 -30.7322 -5
      vertex -13.75 -28.1458 -5
    endloop
  endfacet
  facet normal 0 0 -1
    outer loop
      vertex -1.76777 -30.7322 -5
      vertex -14.4822 -26.3781 -5
      vertex 0 -30 -5
    endloop
  endfacet
  facet normal 0 0 -1
    outer loop
      vertex -13.75 -28.1458 -5
      vertex -1.76777 -30.7322 -5
      vertex -2.5 -32.5 -5
    endloop
  endfacet
  facet normal 0 0 -1
    outer loop
      vertex 0 -30 -5
      vertex -14.4822 -26.3781 -5
      vertex 0 30 -5
    endloop
  endfacet
  facet normal -0 0 -1
    outer loop
      vertex 12.3607 38.0423 -5
      vertex 2.5 32.5 -5
      vertex 4.18114 39.7809 -5
    endloop
  endfacet
  facet normal 0 0 -1
    outer loop
      vertex 1.76777 34.2678 -5
      vertex 4.18114 39.7809 -5
      vertex 2.5 32.5 -5
    endloop
  endfacet
  facet normal 0 0 -1
    outer loop
      vertex 0 35 -5
      vertex 4.18114 39.7809 -5
      vertex 1.76777 34.2678 -5
    endloop
  endfacet
  facet normal 0 0 -1
    outer loop
      vertex -4.18114 39.7809 -5
      vertex 0 35 -5
      vertex -1.76777 34.2678 -5
    endloop
  endfacet
  facet normal 0 0 -1
    outer loop
      vertex 0 35 -5
      vertex -4.18114 39.7809 -5
      vertex 4.18114 39.7809 -5
    endloop
  endfacet
  facet normal 0 0 -1
    outer loop
      vertex -2.5 32.5 -5
      vertex -4.18114 39.7809 -5
      vertex -1.76777 34.2678 -5
    endloop
  endfacet
  facet normal -0 0 -1
    outer loop
      vertex 0 30 -5
      vertex -13.75 28.1458 -5
      vertex -1.76777 30.7322 -5
    endloop
  endfacet
  facet normal 0 0 -1
    outer loop
      vertex -14.4822 -29.9136 -5
      vertex -4.18114 -39.7809 -5
      vertex -12.3607 -38.0423 -5
    endloop
  endfacet
  facet normal 0 0 -1
    outer loop
      vertex -13.75 28.1458 -5
      vertex -2.5 32.5 -5
      vertex -1.76777 30.7322 -5
    endloop
  endfacet
  facet normal 0 0 -1
    outer loop
      vertex -2.5 32.5 -5
      vertex -12.3607 38.0423 -5
      vertex -4.18114 39.7809 -5
    endloop
  endfacet
  facet normal 0 0 -1
    outer loop
      vertex -4.18114 -39.7809 -5
      vertex -14.4822 -29.9136 -5
      vertex -13.75 -28.1458 -5
    endloop
  endfacet
  facet normal 0 0 -1
    outer loop
      vertex -12.3607 -38.0423 -5
      vertex -16.25 -30.6458 -5
      vertex -14.4822 -29.9136 -5
    endloop
  endfacet
  facet normal 0 0 -1
    outer loop
      vertex -20 -34.641 -5
      vertex -16.25 -30.6458 -5
      vertex -12.3607 -38.0423 -5
    endloop
  endfacet
  facet normal 0 0 -1
    outer loop
      vertex -25.6458 -16.25 -5
      vertex -18.75 -28.1458 -5
      vertex -20 -34.641 -5
    endloop
  endfacet
  facet normal -0 0 -1
    outer loop
      vertex -18.0178 -29.9136 -5
      vertex -20 -34.641 -5
      vertex -18.75 -28.1458 -5
    endloop
  endfacet
  facet normal -0 0 -1
    outer loop
      vertex -16.25 -30.6458 -5
      vertex -20 -34.641 -5
      vertex -18.0178 -29.9136 -5
    endloop
  endfacet
  facet normal -0 0 -1
    outer loop
      vertex 30 0 -5
      vertex 14.4822 -26.3781 -5
      vertex 26.3781 14.4822 -5
    endloop
  endfacet
  facet normal 0 0 -1
    outer loop
      vertex 25.6458 16.25 -5
      vertex 18.0178 26.3781 -5
      vertex 18.75 28.1458 -5
    endloop
  endfacet
  facet normal 0 0 -1
    outer loop
      vertex 14.4822 26.3781 -5
      vertex 26.3781 14.4822 -5
      vertex 14.4822 -26.3781 -5
    endloop
  endfacet
  facet normal 0 0 -1
    outer loop
      vertex 25.6458 16.25 -5
      vertex 16.25 25.6458 -5
      vertex 18.0178 26.3781 -5
    endloop
  endfacet
  facet normal 0 0 -1
    outer loop
      vertex 26.3781 14.4822 -5
      vertex 14.4822 26.3781 -5
      vertex 25.6458 16.25 -5
    endloop
  endfacet
  facet normal 0 0 -1
    outer loop
      vertex 25.6458 16.25 -5
      vertex 14.4822 26.3781 -5
      vertex 16.25 25.6458 -5
    endloop
  endfacet
  facet normal 0 0 -1
    outer loop
      vertex 1.76777 -30.7322 -5
      vertex 13.75 -28.1458 -5
      vertex 2.5 -32.5 -5
    endloop
  endfacet
  facet normal -0 0 -1
    outer loop
      vertex 13.75 -28.1458 -5
      vertex 1.76777 -30.7322 -5
      vertex 14.4822 -26.3781 -5
    endloop
  endfacet
  facet normal 0 0 -1
    outer loop
      vertex 18.0178 29.9136 -5
      vertex 26.7652 29.7258 -5
      vertex 18.75 28.1458 -5
    endloop
  endfacet
  facet normal 0 0 -1
    outer loop
      vertex 26.7652 29.7258 -5
      vertex 18.0178 29.9136 -5
      vertex 20 34.641 -5
    endloop
  endfacet
  facet normal 0 0 -1
    outer loop
      vertex 16.25 30.6458 -5
      vertex 20 34.641 -5
      vertex 18.0178 29.9136 -5
    endloop
  endfacet
  facet normal 0 0 -1
    outer loop
      vertex 12.3607 38.0423 -5
      vertex 16.25 30.6458 -5
      vertex 14.4822 29.9136 -5
    endloop
  endfacet
  facet normal 0 0 -1
    outer loop
      vertex 16.25 30.6458 -5
      vertex 12.3607 38.0423 -5
      vertex 20 34.641 -5
    endloop
  endfacet
  facet normal 0 0 -1
    outer loop
      vertex 2.5 32.5 -5
      vertex 14.4822 29.9136 -5
      vertex 13.75 28.1458 -5
    endloop
  endfacet
  facet normal 0 0 -1
    outer loop
      vertex 0 -30 -5
      vertex 14.4822 -26.3781 -5
      vertex 1.76777 -30.7322 -5
    endloop
  endfacet
  facet normal 0 0 -1
    outer loop
      vertex 2.5 -32.5 -5
      vertex 12.3607 -38.0423 -5
      vertex 4.18114 -39.7809 -5
    endloop
  endfacet
  facet normal 0 0 -1
    outer loop
      vertex 2.5 32.5 -5
      vertex 13.75 28.1458 -5
      vertex 14.4822 26.3781 -5
    endloop
  endfacet
  facet normal 0 0 -1
    outer loop
      vertex 2.5 32.5 -5
      vertex 12.3607 38.0423 -5
      vertex 14.4822 29.9136 -5
    endloop
  endfacet
  facet normal 0 0 -1
    outer loop
      vertex 4.18114 -39.7809 -5
      vertex 1.76777 -34.2678 -5
      vertex 2.5 -32.5 -5
    endloop
  endfacet
  facet normal 0 0 -1
    outer loop
      vertex 4.18114 -39.7809 -5
      vertex 0 -35 -5
      vertex 1.76777 -34.2678 -5
    endloop
  endfacet
  facet normal 0 0 -1
    outer loop
      vertex -4.18114 -39.7809 -5
      vertex 0 -35 -5
      vertex 4.18114 -39.7809 -5
    endloop
  endfacet
  facet normal 0 0 -1
    outer loop
      vertex -13.75 -28.1458 -5
      vertex -2.5 -32.5 -5
      vertex -4.18114 -39.7809 -5
    endloop
  endfacet
  facet normal -0 0 -1
    outer loop
      vertex -1.76777 -34.2678 -5
      vertex -4.18114 -39.7809 -5
      vertex -2.5 -32.5 -5
    endloop
  endfacet
  facet normal -0 0 -1
    outer loop
      vertex 0 -35 -5
      vertex -4.18114 -39.7809 -5
      vertex -1.76777 -34.2678 -5
    endloop
  endfacet
  facet normal 0 0 -1
    outer loop
      vertex 26.3781 14.4822 -5
      vertex 30.7322 1.76777 -5
      vertex 30 0 -5
    endloop
  endfacet
  facet normal 0 0 -1
    outer loop
      vertex 30.7322 1.76777 -5
      vertex 29.9136 14.4822 -5
      vertex 30.6458 16.25 -5
    endloop
  endfacet
  facet normal 0 0 -1
    outer loop
      vertex 26.3781 -14.4822 -5
      vertex 30.7322 -1.76777 -5
      vertex 28.1458 -13.75 -5
    endloop
  endfacet
  facet normal -0 0 -1
    outer loop
      vertex 30.7322 -1.76777 -5
      vertex 26.3781 -14.4822 -5
      vertex 30 0 -5
    endloop
  endfacet
  facet normal 0 0 -1
    outer loop
      vertex 30.7322 1.76777 -5
      vertex 28.1458 13.75 -5
      vertex 29.9136 14.4822 -5
    endloop
  endfacet
  facet normal 0 0 -1
    outer loop
      vertex 14.4822 -26.3781 -5
      vertex 30 0 -5
      vertex 26.3781 -14.4822 -5
    endloop
  endfacet
  facet normal 0 0 -1
    outer loop
      vertex 30.7322 1.76777 -5
      vertex 26.3781 14.4822 -5
      vertex 28.1458 13.75 -5
    endloop
  endfacet
  facet normal 0 0 -1
    outer loop
      vertex 16.25 -25.6458 -5
      vertex 25.6458 -16.25 -5
      vertex 18.0178 -26.3781 -5
    endloop
  endfacet
  facet normal -0 0 -1
    outer loop
      vertex 25.6458 -16.25 -5
      vertex 16.25 -25.6458 -5
      vertex 26.3781 -14.4822 -5
    endloop
  endfacet
  facet normal 0 0 -1
    outer loop
      vertex 34.2678 -1.76777 -5
      vertex 40 0 -5
      vertex 39.1259 -8.31647 -5
    endloop
  endfacet
  facet normal 0 0 -1
    outer loop
      vertex 29.9136 -14.4822 -5
      vertex 39.1259 -8.31647 -5
      vertex 36.5418 -16.2695 -5
    endloop
  endfacet
  facet normal 0 0 -1
    outer loop
      vertex 34.2678 1.76777 -5
      vertex 40 0 -5
      vertex 35 0 -5
    endloop
  endfacet
  facet normal 0 0 -1
    outer loop
      vertex 40 0 -5
      vertex 34.2678 1.76777 -5
      vertex 39.1259 8.31647 -5
    endloop
  endfacet
  facet normal -0 0 -1
    outer loop
      vertex 40 0 -5
      vertex 34.2678 -1.76777 -5
      vertex 35 0 -5
    endloop
  endfacet
  facet normal 0 0 -1
    outer loop
      vertex 39.1259 -8.31647 -5
      vertex 32.5 -2.5 -5
      vertex 34.2678 -1.76777 -5
    endloop
  endfacet
  facet normal 0 0 -1
    outer loop
      vertex 29.9136 -18.0178 -5
      vertex 36.5418 -16.2695 -5
      vertex 32.3607 -23.5114 -5
    endloop
  endfacet
  facet normal 0 0 -1
    outer loop
      vertex 29.9136 -14.4822 -5
      vertex 36.5418 -16.2695 -5
      vertex 30.6458 -16.25 -5
    endloop
  endfacet
  facet normal -0 0 -1
    outer loop
      vertex 39.1259 -8.31647 -5
      vertex 29.9136 -14.4822 -5
      vertex 32.5 -2.5 -5
    endloop
  endfacet
  facet normal -0 0 -1
    outer loop
      vertex 36.5418 -16.2695 -5
      vertex 29.9136 -18.0178 -5
      vertex 30.6458 -16.25 -5
    endloop
  endfacet
  facet normal 0 0 -1
    outer loop
      vertex 32.3607 -23.5114 -5
      vertex 28.1458 -18.75 -5
      vertex 29.9136 -18.0178 -5
    endloop
  endfacet
  facet normal 0 0 -1
    outer loop
      vertex 26.7652 -29.7258 -5
      vertex 28.1458 -18.75 -5
      vertex 32.3607 -23.5114 -5
    endloop
  endfacet
  facet normal 0 0 -1
    outer loop
      vertex 26.7652 -29.7258 -5
      vertex 26.3781 -18.0178 -5
      vertex 28.1458 -18.75 -5
    endloop
  endfacet
  facet normal 0 0 -1
    outer loop
      vertex 18.0178 -26.3781 -5
      vertex 26.7652 -29.7258 -5
      vertex 18.75 -28.1458 -5
    endloop
  endfacet
  facet normal 0 0 -1
    outer loop
      vertex 26.7652 -29.7258 -5
      vertex 18.0178 -26.3781 -5
      vertex 26.3781 -18.0178 -5
    endloop
  endfacet
  facet normal 0 0 -1
    outer loop
      vertex 18.75 -28.1458 -5
      vertex 26.7652 -29.7258 -5
      vertex 20 -34.641 -5
    endloop
  endfacet
  facet normal 0 0 -1
    outer loop
      vertex 32.5 2.5 -5
      vertex 39.1259 8.31647 -5
      vertex 34.2678 1.76777 -5
    endloop
  endfacet
  facet normal 0 0 -1
    outer loop
      vertex 30.6458 16.25 -5
      vertex 39.1259 8.31647 -5
      vertex 32.5 2.5 -5
    endloop
  endfacet
  facet normal 0 0 -1
    outer loop
      vertex 39.1259 8.31647 -5
      vertex 30.6458 16.25 -5
      vertex 36.5418 16.2695 -5
    endloop
  endfacet
  facet normal 0 0 -1
    outer loop
      vertex 30.6458 16.25 -5
      vertex 32.5 2.5 -5
      vertex 30.7322 1.76777 -5
    endloop
  endfacet
  facet normal 0 0 -1
    outer loop
      vertex 29.9136 18.0178 -5
      vertex 36.5418 16.2695 -5
      vertex 30.6458 16.25 -5
    endloop
  endfacet
  facet normal 0 0 -1
    outer loop
      vertex 36.5418 16.2695 -5
      vertex 29.9136 18.0178 -5
      vertex 32.3607 23.5114 -5
    endloop
  endfacet
  facet normal 0 0 -1
    outer loop
      vertex 28.1458 18.75 -5
      vertex 32.3607 23.5114 -5
      vertex 29.9136 18.0178 -5
    endloop
  endfacet
  facet normal 0 0 -1
    outer loop
      vertex 28.1458 18.75 -5
      vertex 26.7652 29.7258 -5
      vertex 32.3607 23.5114 -5
    endloop
  endfacet
  facet normal 0 0 -1
    outer loop
      vertex 26.3781 18.0178 -5
      vertex 26.7652 29.7258 -5
      vertex 28.1458 18.75 -5
    endloop
  endfacet
  facet normal 0 0 -1
    outer loop
      vertex 18.75 28.1458 -5
      vertex 26.3781 18.0178 -5
      vertex 25.6458 16.25 -5
    endloop
  endfacet
  facet normal -0 0 -1
    outer loop
      vertex 26.3781 -18.0178 -5
      vertex 18.0178 -26.3781 -5
      vertex 25.6458 -16.25 -5
    endloop
  endfacet
  facet normal 0 0 -1
    outer loop
      vertex 14.4822 -26.3781 -5
      vertex 26.3781 -14.4822 -5
      vertex 16.25 -25.6458 -5
    endloop
  endfacet
  facet normal 0 0 -1
    outer loop
      vertex 18.75 28.1458 -5
      vertex 26.7652 29.7258 -5
      vertex 26.3781 18.0178 -5
    endloop
  endfacet
  facet normal 0 0 -1
    outer loop
      vertex 20 -34.641 -5
      vertex 18.0178 -29.9136 -5
      vertex 18.75 -28.1458 -5
    endloop
  endfacet
  facet normal 0 0 -1
    outer loop
      vertex 20 -34.641 -5
      vertex 16.25 -30.6458 -5
      vertex 18.0178 -29.9136 -5
    endloop
  endfacet
  facet normal 0 0 -1
    outer loop
      vertex 12.3607 -38.0423 -5
      vertex 16.25 -30.6458 -5
      vertex 20 -34.641 -5
    endloop
  endfacet
  facet normal -0 0 -1
    outer loop
      vertex 14.4822 -29.9136 -5
      vertex 2.5 -32.5 -5
      vertex 13.75 -28.1458 -5
    endloop
  endfacet
  facet normal 0 0 -1
    outer loop
      vertex 2.5 -32.5 -5
      vertex 14.4822 -29.9136 -5
      vertex 12.3607 -38.0423 -5
    endloop
  endfacet
  facet normal -0 0 -1
    outer loop
      vertex 16.25 -30.6458 -5
      vertex 12.3607 -38.0423 -5
      vertex 14.4822 -29.9136 -5
    endloop
  endfacet
  facet normal 0 0 -1
    outer loop
      vertex 28.1458 -13.75 -5
      vertex 32.5 -2.5 -5
      vertex 29.9136 -14.4822 -5
    endloop
  endfacet
  facet normal -0 0 -1
    outer loop
      vertex 32.5 -2.5 -5
      vertex 28.1458 -13.75 -5
      vertex 30.7322 -1.76777 -5
    endloop
  endfacet
  facet normal -0.951056 -0.309017 0
    outer loop
      vertex -36.5418 -16.2695 -5
      vertex -39.1259 -8.31647 8
      vertex -39.1259 -8.31647 -5
    endloop
  endfacet
  facet normal -0.951056 -0.309017 0
    outer loop
      vertex -39.1259 -8.31647 8
      vertex -36.5418 -16.2695 -5
      vertex -36.5418 -16.2695 8
    endloop
  endfacet
  facet normal -0.406743 0.913543 0
    outer loop
      vertex -12.3607 38.0423 -5
      vertex -20 34.641 8
      vertex -12.3607 38.0423 8
    endloop
  endfacet
  facet normal -0.406743 0.913543 0
    outer loop
      vertex -20 34.641 8
      vertex -12.3607 38.0423 -5
      vertex -20 34.641 -5
    endloop
  endfacet
  facet normal 0 0 1
    outer loop
      vertex 24.4537 5.19779 0
      vertex 24.4537 -5.19779 0
      vertex 25 0 0
    endloop
  endfacet
  facet normal 0 0 1
    outer loop
      vertex 22.8386 10.1684 0
      vertex 24.4537 -5.19779 0
      vertex 24.4537 5.19779 0
    endloop
  endfacet
  facet normal 0 0 1
    outer loop
      vertex 22.8386 10.1684 0
      vertex 22.8386 -10.1684 0
      vertex 24.4537 -5.19779 0
    endloop
  endfacet
  facet normal 0 0 1
    outer loop
      vertex 20.2254 14.6946 0
      vertex 22.8386 -10.1684 0
      vertex 22.8386 10.1684 0
    endloop
  endfacet
  facet normal 0 0 1
    outer loop
      vertex 20.2254 14.6946 0
      vertex 20.2254 -14.6946 0
      vertex 22.8386 -10.1684 0
    endloop
  endfacet
  facet normal 0 0 1
    outer loop
      vertex 16.7283 18.5786 0
      vertex 20.2254 -14.6946 0
      vertex 20.2254 14.6946 0
    endloop
  endfacet
  facet normal 0 0 1
    outer loop
      vertex 16.7283 18.5786 0
      vertex 16.7283 -18.5786 0
      vertex 20.2254 -14.6946 0
    endloop
  endfacet
  facet normal 0 0 1
    outer loop
      vertex 12.5 21.6506 0
      vertex 16.7283 -18.5786 0
      vertex 16.7283 18.5786 0
    endloop
  endfacet
  facet normal 0 0 1
    outer loop
      vertex 12.5 21.6506 0
      vertex 12.5 -21.6506 0
      vertex 16.7283 -18.5786 0
    endloop
  endfacet
  facet normal 0 0 1
    outer loop
      vertex 7.72542 23.7764 0
      vertex 12.5 -21.6506 0
      vertex 12.5 21.6506 0
    endloop
  endfacet
  facet normal 0 0 1
    outer loop
      vertex 7.72542 23.7764 0
      vertex 7.72542 -23.7764 0
      vertex 12.5 -21.6506 0
    endloop
  endfacet
  facet normal 0 0 1
    outer loop
      vertex 2.61321 24.863 0
      vertex 7.72542 -23.7764 0
      vertex 7.72542 23.7764 0
    endloop
  endfacet
  facet normal 0 0 1
    outer loop
      vertex 2.61321 24.863 0
      vertex 2.61321 -24.863 0
      vertex 7.72542 -23.7764 0
    endloop
  endfacet
  facet normal -0 0 1
    outer loop
      vertex -2.61321 24.863 0
      vertex 2.61321 -24.863 0
      vertex 2.61321 24.863 0
    endloop
  endfacet
  facet normal 0 0 1
    outer loop
      vertex -2.61321 24.863 0
      vertex -2.61321 -24.863 0
      vertex 2.61321 -24.863 0
    endloop
  endfacet
  facet normal -0 0 1
    outer loop
      vertex -7.72542 23.7764 0
      vertex -2.61321 -24.863 0
      vertex -2.61321 24.863 0
    endloop
  endfacet
  facet normal 0 0 1
    outer loop
      vertex -7.72542 23.7764 0
      vertex -7.72542 -23.7764 0
      vertex -2.61321 -24.863 0
    endloop
  endfacet
  facet normal -0 0 1
    outer loop
      vertex -12.5 21.6506 0
      vertex -7.72542 -23.7764 0
      vertex -7.72542 23.7764 0
    endloop
  endfacet
  facet normal 0 0 1
    outer loop
      vertex -12.5 21.6506 0
      vertex -12.5 -21.6506 0
      vertex -7.72542 -23.7764 0
    endloop
  endfacet
  facet normal -0 0 1
    outer loop
      vertex -16.7283 18.5786 0
      vertex -12.5 -21.6506 0
      vertex -12.5 21.6506 0
    endloop
  endfacet
  facet normal 0 0 1
    outer loop
      vertex -16.7283 18.5786 0
      vertex -16.7283 -18.5786 0
      vertex -12.5 -21.6506 0
    endloop
  endfacet
  facet normal -0 0 1
    outer loop
      vertex -20.2254 14.6946 0
      vertex -16.7283 -18.5786 0
      vertex -16.7283 18.5786 0
    endloop
  endfacet
  facet normal 0 0 1
    outer loop
      vertex -20.2254 14.6946 0
      vertex -20.2254 -14.6946 0
      vertex -16.7283 -18.5786 0
    endloop
  endfacet
  facet normal -0 0 1
    outer loop
      vertex -22.8386 10.1684 0
      vertex -20.2254 -14.6946 0
      vertex -20.2254 14.6946 0
    endloop
  endfacet
  facet normal 0 0 1
    outer loop
      vertex -22.8386 10.1684 0
      vertex -22.8386 -10.1684 0
      vertex -20.2254 -14.6946 0
    endloop
  endfacet
  facet normal -0 0 1
    outer loop
      vertex -24.4537 5.19779 0
      vertex -22.8386 -10.1684 0
      vertex -22.8386 10.1684 0
    endloop
  endfacet
  facet normal 0 0 1
    outer loop
      vertex -24.4537 5.19779 0
      vertex -24.4537 -5.19779 0
      vertex -22.8386 -10.1684 0
    endloop
  endfacet
  facet normal 0 -0 1
    outer loop
      vertex -24.4537 -5.19779 0
      vertex -24.4537 5.19779 0
      vertex -25 0 0
    endloop
  endfacet
  facet normal -0.207909 -0.978148 0
    outer loop
      vertex -12.3607 -38.0423 -5
      vertex -4.18114 -39.7809 8
      vertex -12.3607 -38.0423 8
    endloop
  endfacet
  facet normal -0.207909 -0.978148 -0
    outer loop
      vertex -4.18114 -39.7809 8
      vertex -12.3607 -38.0423 -5
      vertex -4.18114 -39.7809 -5
    endloop
  endfacet
  facet normal 0.207909 0.978148 -0
    outer loop
      vertex 12.3607 38.0423 -5
      vertex 4.18114 39.7809 8
      vertex 12.3607 38.0423 8
    endloop
  endfacet
  facet normal 0.207909 0.978148 0
    outer loop
      vertex 4.18114 39.7809 8
      vertex 12.3607 38.0423 -5
      vertex 4.18114 39.7809 -5
    endloop
  endfacet
  facet normal -0.994522 -0.104529 0
    outer loop
      vertex -39.1259 -8.31647 -5
      vertex -40 0 8
      vertex -40 0 -5
    endloop
  endfacet
  facet normal -0.994522 -0.104529 0
    outer loop
      vertex -40 0 8
      vertex -39.1259 -8.31647 -5
      vertex -39.1259 -8.31647 8
    endloop
  endfacet
  facet normal -0.994522 0.104529 0
    outer loop
      vertex -40 0 -5
      vertex -39.1259 8.31647 8
      vertex -39.1259 8.31647 -5
    endloop
  endfacet
  facet normal -0.994522 0.104529 0
    outer loop
      vertex -39.1259 8.31647 8
      vertex -40 0 -5
      vertex -40 0 8
    endloop
  endfacet
  facet normal -0.866026 -0.499999 0
    outer loop
      vertex -32.3607 -23.5114 -5
      vertex -36.5418 -16.2695 8
      vertex -36.5418 -16.2695 -5
    endloop
  endfacet
  facet normal -0.866026 -0.499999 0
    outer loop
      vertex -36.5418 -16.2695 8
      vertex -32.3607 -23.5114 -5
      vertex -32.3607 -23.5114 8
    endloop
  endfacet
  facet normal -0.866026 0.499999 0
    outer loop
      vertex -36.5418 16.2695 -5
      vertex -32.3607 23.5114 8
      vertex -32.3607 23.5114 -5
    endloop
  endfacet
  facet normal -0.866026 0.499999 0
    outer loop
      vertex -32.3607 23.5114 8
      vertex -36.5418 16.2695 -5
      vertex -36.5418 16.2695 8
    endloop
  endfacet
  facet normal 0.866026 -0.499999 0
    outer loop
      vertex 32.3607 -23.5114 8
      vertex 36.5418 -16.2695 -5
      vertex 36.5418 -16.2695 8
    endloop
  endfacet
  facet normal 0.866026 -0.499999 0
    outer loop
      vertex 36.5418 -16.2695 -5
      vertex 32.3607 -23.5114 8
      vertex 32.3607 -23.5114 -5
    endloop
  endfacet
  facet normal 0.587785 0.809017 -0
    outer loop
      vertex 26.7652 29.7258 -5
      vertex 20 34.641 8
      vertex 26.7652 29.7258 8
    endloop
  endfacet
  facet normal 0.587785 0.809017 0
    outer loop
      vertex 20 34.641 8
      vertex 26.7652 29.7258 -5
      vertex 20 34.641 -5
    endloop
  endfacet
  facet normal -0.587785 0.809017 0
    outer loop
      vertex -20 34.641 -5
      vertex -26.7652 29.7258 8
      vertex -20 34.641 8
    endloop
  endfacet
  facet normal -0.587785 0.809017 0
    outer loop
      vertex -26.7652 29.7258 8
      vertex -20 34.641 -5
      vertex -26.7652 29.7258 -5
    endloop
  endfacet
  facet normal -0.207909 0.978148 0
    outer loop
      vertex -4.18114 39.7809 -5
      vertex -12.3607 38.0423 8
      vertex -4.18114 39.7809 8
    endloop
  endfacet
  facet normal -0.207909 0.978148 0
    outer loop
      vertex -12.3607 38.0423 8
      vertex -4.18114 39.7809 -5
      vertex -12.3607 38.0423 -5
    endloop
  endfacet
  facet normal 0 -1 0
    outer loop
      vertex -4.18114 -39.7809 -5
      vertex 4.18114 -39.7809 8
      vertex -4.18114 -39.7809 8
    endloop
  endfacet
  facet normal 0 -1 -0
    outer loop
      vertex 4.18114 -39.7809 8
      vertex -4.18114 -39.7809 -5
      vertex 4.18114 -39.7809 -5
    endloop
  endfacet
  facet normal 0 0 -1
    outer loop
      vertex 24.4537 -5.19779 3
      vertex 24.4537 5.19779 3
      vertex 25 0 3
    endloop
  endfacet
  facet normal 0 0 -1
    outer loop
      vertex 22.8386 -10.1684 3
      vertex 24.4537 5.19779 3
      vertex 24.4537 -5.19779 3
    endloop
  endfacet
  facet normal 0 0 -1
    outer loop
      vertex 22.8386 -10.1684 3
      vertex 22.8386 10.1684 3
      vertex 24.4537 5.19779 3
    endloop
  endfacet
  facet normal 0 0 -1
    outer loop
      vertex 20.2254 -14.6946 3
      vertex 22.8386 10.1684 3
      vertex 22.8386 -10.1684 3
    endloop
  endfacet
  facet normal 0 0 -1
    outer loop
      vertex 20.2254 -14.6946 3
      vertex 20.2254 14.6946 3
      vertex 22.8386 10.1684 3
    endloop
  endfacet
  facet normal 0 0 -1
    outer loop
      vertex 16.7283 -18.5786 3
      vertex 20.2254 14.6946 3
      vertex 20.2254 -14.6946 3
    endloop
  endfacet
  facet normal 0 0 -1
    outer loop
      vertex 16.7283 -18.5786 3
      vertex 16.7283 18.5786 3
      vertex 20.2254 14.6946 3
    endloop
  endfacet
  facet normal 0 0 -1
    outer loop
      vertex 12.5 -21.6506 3
      vertex 16.7283 18.5786 3
      vertex 16.7283 -18.5786 3
    endloop
  endfacet
  facet normal 0 0 -1
    outer loop
      vertex 12.5 -21.6506 3
      vertex 12.5 21.6506 3
      vertex 16.7283 18.5786 3
    endloop
  endfacet
  facet normal 0 0 -1
    outer loop
      vertex 7.72542 -23.7764 3
      vertex 12.5 21.6506 3
      vertex 12.5 -21.6506 3
    endloop
  endfacet
  facet normal 0 0 -1
    outer loop
      vertex 7.72542 -23.7764 3
      vertex 7.72542 23.7764 3
      vertex 12.5 21.6506 3
    endloop
  endfacet
  facet normal 0 0 -1
    outer loop
      vertex 2.61321 -24.863 3
      vertex 7.72542 23.7764 3
      vertex 7.72542 -23.7764 3
    endloop
  endfacet
  facet normal 0 0 -1
    outer loop
      vertex 2.61321 -24.863 3
      vertex 2.61321 24.863 3
      vertex 7.72542 23.7764 3
    endloop
  endfacet
  facet normal 0 0 -1
    outer loop
      vertex -2.61321 -24.863 3
      vertex 2.61321 24.863 3
      vertex 2.61321 -24.863 3
    endloop
  endfacet
  facet normal 0 0 -1
    outer loop
      vertex -2.61321 -24.863 3
      vertex -2.61321 24.863 3
      vertex 2.61321 24.863 3
    endloop
  endfacet
  facet normal 0 0 -1
    outer loop
      vertex -7.72542 -23.7764 3
      vertex -2.61321 24.863 3
      vertex -2.61321 -24.863 3
    endloop
  endfacet
  facet normal 0 0 -1
    outer loop
      vertex -7.72542 -23.7764 3
      vertex -7.72542 23.7764 3
      vertex -2.61321 24.863 3
    endloop
  endfacet
  facet normal 0 0 -1
    outer loop
      vertex -12.5 -21.6506 3
      vertex -7.72542 23.7764 3
      vertex -7.72542 -23.7764 3
    endloop
  endfacet
  facet normal 0 0 -1
    outer loop
      vertex -12.5 -21.6506 3
      vertex -12.5 21.6506 3
      vertex -7.72542 23.7764 3
    endloop
  endfacet
  facet normal 0 0 -1
    outer loop
      vertex -16.7283 -18.5786 3
      vertex -12.5 21.6506 3
      vertex -12.5 -21.6506 3
    endloop
  endfacet
  facet normal 0 0 -1
    outer loop
      vertex -16.7283 -18.5786 3
      vertex -16.7283 18.5786 3
      vertex -12.5 21.6506 3
    endloop
  endfacet
  facet normal 0 0 -1
    outer loop
      vertex -20.2254 -14.6946 3
      vertex -16.7283 18.5786 3
      vertex -16.7283 -18.5786 3
    endloop
  endfacet
  facet normal 0 0 -1
    outer loop
      vertex -20.2254 -14.6946 3
      vertex -20.2254 14.6946 3
      vertex -16.7283 18.5786 3
    endloop
  endfacet
  facet normal 0 0 -1
    outer loop
      vertex -22.8386 -10.1684 3
      vertex -20.2254 14.6946 3
      vertex -20.2254 -14.6946 3
    endloop
  endfacet
  facet normal 0 0 -1
    outer loop
      vertex -22.8386 -10.1684 3
      vertex -22.8386 10.1684 3
      vertex -20.2254 14.6946 3
    endloop
  endfacet
  facet normal 0 0 -1
    outer loop
      vertex -24.4537 -5.19779 3
      vertex -22.8386 10.1684 3
      vertex -22.8386 -10.1684 3
    endloop
  endfacet
  facet normal 0 0 -1
    outer loop
      vertex -24.4537 -5.19779 3
      vertex -24.4537 5.19779 3
      vertex -22.8386 10.1684 3
    endloop
  endfacet
  facet normal 0 -0 -1
    outer loop
      vertex -24.4537 5.19779 3
      vertex -24.4537 -5.19779 3
      vertex -25 0 3
    endloop
  endfacet
  facet normal 0.40674 0.913544 -0
    outer loop
      vertex -7.72542 -23.7764 0
      vertex -12.5 -21.6506 3
      vertex -7.72542 -23.7764 3
    endloop
  endfacet
  facet normal 0.40674 0.913544 0
    outer loop
      vertex -12.5 -21.6506 3
      vertex -7.72542 -23.7764 0
      vertex -12.5 -21.6506 0
    endloop
  endfacet
  facet normal 0.951054 0.309026 0
    outer loop
      vertex -22.8386 -10.1684 3
      vertex -24.4537 -5.19779 0
      vertex -24.4537 -5.19779 3
    endloop
  endfacet
  facet normal 0.951054 0.309026 0
    outer loop
      vertex -24.4537 -5.19779 0
      vertex -22.8386 -10.1684 3
      vertex -22.8386 -10.1684 0
    endloop
  endfacet
  facet normal -0.951054 -0.309026 0
    outer loop
      vertex 24.4537 5.19779 0
      vertex 22.8386 10.1684 3
      vertex 22.8386 10.1684 0
    endloop
  endfacet
  facet normal -0.951054 -0.309026 0
    outer loop
      vertex 22.8386 10.1684 3
      vertex 24.4537 5.19779 0
      vertex 24.4537 5.19779 3
    endloop
  endfacet
  facet normal -0.994522 -0.104527 0
    outer loop
      vertex 25 0 0
      vertex 24.4537 5.19779 3
      vertex 24.4537 5.19779 0
    endloop
  endfacet
  facet normal -0.994522 -0.104527 0
    outer loop
      vertex 24.4537 5.19779 3
      vertex 25 0 0
      vertex 25 0 3
    endloop
  endfacet
  facet normal -0.866026 -0.5 0
    outer loop
      vertex 22.8386 10.1684 0
      vertex 20.2254 14.6946 3
      vertex 20.2254 14.6946 0
    endloop
  endfacet
  facet normal -0.866026 -0.5 0
    outer loop
      vertex 20.2254 14.6946 3
      vertex 22.8386 10.1684 0
      vertex 22.8386 10.1684 3
    endloop
  endfacet
  facet normal -0.58778 0.809021 0
    outer loop
      vertex 16.7283 -18.5786 0
      vertex 12.5 -21.6506 3
      vertex 16.7283 -18.5786 3
    endloop
  endfacet
  facet normal -0.58778 0.809021 0
    outer loop
      vertex 12.5 -21.6506 3
      vertex 16.7283 -18.5786 0
      vertex 12.5 -21.6506 0
    endloop
  endfacet
  facet normal -0.40674 -0.913544 0
    outer loop
      vertex 7.72542 23.7764 0
      vertex 12.5 21.6506 3
      vertex 7.72542 23.7764 3
    endloop
  endfacet
  facet normal -0.40674 -0.913544 -0
    outer loop
      vertex 12.5 21.6506 3
      vertex 7.72542 23.7764 0
      vertex 12.5 21.6506 0
    endloop
  endfacet
  facet normal -0.994522 0.104527 0
    outer loop
      vertex 24.4537 -5.19779 0
      vertex 25 0 3
      vertex 25 0 0
    endloop
  endfacet
  facet normal -0.994522 0.104527 0
    outer loop
      vertex 25 0 3
      vertex 24.4537 -5.19779 0
      vertex 24.4537 -5.19779 3
    endloop
  endfacet
  facet normal -0.743151 -0.669123 0
    outer loop
      vertex 20.2254 14.6946 0
      vertex 16.7283 18.5786 3
      vertex 16.7283 18.5786 0
    endloop
  endfacet
  facet normal -0.743151 -0.669123 0
    outer loop
      vertex 16.7283 18.5786 3
      vertex 20.2254 14.6946 0
      vertex 20.2254 14.6946 3
    endloop
  endfacet
  facet normal 0.866026 -0.5 0
    outer loop
      vertex -22.8386 10.1684 3
      vertex -20.2254 14.6946 0
      vertex -20.2254 14.6946 3
    endloop
  endfacet
  facet normal 0.866026 -0.5 0
    outer loop
      vertex -20.2254 14.6946 0
      vertex -22.8386 10.1684 3
      vertex -22.8386 10.1684 0
    endloop
  endfacet
  facet normal -0.743151 0.669123 0
    outer loop
      vertex 16.7283 -18.5786 0
      vertex 20.2254 -14.6946 3
      vertex 20.2254 -14.6946 0
    endloop
  endfacet
  facet normal -0.743151 0.669123 0
    outer loop
      vertex 20.2254 -14.6946 3
      vertex 16.7283 -18.5786 0
      vertex 16.7283 -18.5786 3
    endloop
  endfacet
  facet normal 0.743151 -0.669123 0
    outer loop
      vertex -20.2254 14.6946 3
      vertex -16.7283 18.5786 0
      vertex -16.7283 18.5786 3
    endloop
  endfacet
  facet normal 0.743151 -0.669123 0
    outer loop
      vertex -16.7283 18.5786 0
      vertex -20.2254 14.6946 3
      vertex -20.2254 14.6946 0
    endloop
  endfacet
  facet normal -0.866026 0.5 0
    outer loop
      vertex 20.2254 -14.6946 0
      vertex 22.8386 -10.1684 3
      vertex 22.8386 -10.1684 0
    endloop
  endfacet
  facet normal -0.866026 0.5 0
    outer loop
      vertex 22.8386 -10.1684 3
      vertex 20.2254 -14.6946 0
      vertex 20.2254 -14.6946 3
    endloop
  endfacet
  facet normal 0.58778 -0.809021 0
    outer loop
      vertex -16.7283 18.5786 0
      vertex -12.5 21.6506 3
      vertex -16.7283 18.5786 3
    endloop
  endfacet
  facet normal 0.58778 -0.809021 0
    outer loop
      vertex -12.5 21.6506 3
      vertex -16.7283 18.5786 0
      vertex -12.5 21.6506 0
    endloop
  endfacet
  facet normal -0.951054 0.309026 0
    outer loop
      vertex 22.8386 -10.1684 0
      vertex 24.4537 -5.19779 3
      vertex 24.4537 -5.19779 0
    endloop
  endfacet
  facet normal -0.951054 0.309026 0
    outer loop
      vertex 24.4537 -5.19779 3
      vertex 22.8386 -10.1684 0
      vertex 22.8386 -10.1684 3
    endloop
  endfacet
  facet normal 0 -1 0
    outer loop
      vertex -2.61321 24.863 0
      vertex 2.61321 24.863 3
      vertex -2.61321 24.863 3
    endloop
  endfacet
  facet normal 0 -1 -0
    outer loop
      vertex 2.61321 24.863 3
      vertex -2.61321 24.863 0
      vertex 2.61321 24.863 0
    endloop
  endfacet
  facet normal 0.58778 0.809021 -0
    outer loop
      vertex -12.5 -21.6506 0
      vertex -16.7283 -18.5786 3
      vertex -12.5 -21.6506 3
    endloop
  endfacet
  facet normal 0.58778 0.809021 0
    outer loop
      vertex -16.7283 -18.5786 3
      vertex -12.5 -21.6506 0
      vertex -16.7283 -18.5786 0
    endloop
  endfacet
  facet normal 0.40674 -0.913544 0
    outer loop
      vertex -12.5 21.6506 0
      vertex -7.72542 23.7764 3
      vertex -12.5 21.6506 3
    endloop
  endfacet
  facet normal 0.40674 -0.913544 0
    outer loop
      vertex -7.72542 23.7764 3
      vertex -12.5 21.6506 0
      vertex -7.72542 23.7764 0
    endloop
  endfacet
  facet normal 0.994522 0.104527 0
    outer loop
      vertex -24.4537 -5.19779 3
      vertex -25 0 0
      vertex -25 0 3
    endloop
  endfacet
  facet normal 0.994522 0.104527 0
    outer loop
      vertex -25 0 0
      vertex -24.4537 -5.19779 3
      vertex -24.4537 -5.19779 0
    endloop
  endfacet
  facet normal 0.743151 0.669123 0
    outer loop
      vertex -16.7283 -18.5786 3
      vertex -20.2254 -14.6946 0
      vertex -20.2254 -14.6946 3
    endloop
  endfacet
  facet normal 0.743151 0.669123 0
    outer loop
      vertex -20.2254 -14.6946 0
      vertex -16.7283 -18.5786 3
      vertex -16.7283 -18.5786 0
    endloop
  endfacet
  facet normal 0.866026 0.5 0
    outer loop
      vertex -20.2254 -14.6946 3
      vertex -22.8386 -10.1684 0
      vertex -22.8386 -10.1684 3
    endloop
  endfacet
  facet normal 0.866026 0.5 0
    outer loop
      vertex -22.8386 -10.1684 0
      vertex -20.2254 -14.6946 3
      vertex -20.2254 -14.6946 0
    endloop
  endfacet
  facet normal -0.207906 0.978149 0
    outer loop
      vertex 7.72542 -23.7764 0
      vertex 2.61321 -24.863 3
      vertex 7.72542 -23.7764 3
    endloop
  endfacet
  facet normal -0.207906 0.978149 0
    outer loop
      vertex 2.61321 -24.863 3
      vertex 7.72542 -23.7764 0
      vertex 2.61321 -24.863 0
    endloop
  endfacet
  facet normal 0.994522 -0.104527 0
    outer loop
      vertex -25 0 3
      vertex -24.4537 5.19779 0
      vertex -24.4537 5.19779 3
    endloop
  endfacet
  facet normal 0.994522 -0.104527 0
    outer loop
      vertex -24.4537 5.19779 0
      vertex -25 0 3
      vertex -25 0 0
    endloop
  endfacet
  facet normal -0.207906 -0.978149 0
    outer loop
      vertex 2.61321 24.863 0
      vertex 7.72542 23.7764 3
      vertex 2.61321 24.863 3
    endloop
  endfacet
  facet normal -0.207906 -0.978149 -0
    outer loop
      vertex 7.72542 23.7764 3
      vertex 2.61321 24.863 0
      vertex 7.72542 23.7764 0
    endloop
  endfacet
  facet normal -0.58778 -0.809021 0
    outer loop
      vertex 12.5 21.6506 0
      vertex 16.7283 18.5786 3
      vertex 12.5 21.6506 3
    endloop
  endfacet
  facet normal -0.58778 -0.809021 -0
    outer loop
      vertex 16.7283 18.5786 3
      vertex 12.5 21.6506 0
      vertex 16.7283 18.5786 0
    endloop
  endfacet
  facet normal 0.207906 -0.978149 0
    outer loop
      vertex -7.72542 23.7764 0
      vertex -2.61321 24.863 3
      vertex -7.72542 23.7764 3
    endloop
  endfacet
  facet normal 0.207906 -0.978149 0
    outer loop
      vertex -2.61321 24.863 3
      vertex -7.72542 23.7764 0
      vertex -2.61321 24.863 0
    endloop
  endfacet
  facet normal -0.40674 0.913544 0
    outer loop
      vertex 12.5 -21.6506 0
      vertex 7.72542 -23.7764 3
      vertex 12.5 -21.6506 3
    endloop
  endfacet
  facet normal -0.40674 0.913544 0
    outer loop
      vertex 7.72542 -23.7764 3
      vertex 12.5 -21.6506 0
      vertex 7.72542 -23.7764 0
    endloop
  endfacet
  facet normal 0 1 -0
    outer loop
      vertex 2.61321 -24.863 0
      vertex -2.61321 -24.863 3
      vertex 2.61321 -24.863 3
    endloop
  endfacet
  facet normal 0 1 0
    outer loop
      vertex -2.61321 -24.863 3
      vertex 2.61321 -24.863 0
      vertex -2.61321 -24.863 0
    endloop
  endfacet
  facet normal 0.207906 0.978149 -0
    outer loop
      vertex -2.61321 -24.863 0
      vertex -7.72542 -23.7764 3
      vertex -2.61321 -24.863 3
    endloop
  endfacet
  facet normal 0.207906 0.978149 0
    outer loop
      vertex -7.72542 -23.7764 3
      vertex -2.61321 -24.863 0
      vertex -7.72542 -23.7764 0
    endloop
  endfacet
  facet normal 0.951054 -0.309026 0
    outer loop
      vertex -24.4537 5.19779 3
      vertex -22.8386 10.1684 0
      vertex -22.8386 10.1684 3
    endloop
  endfacet
  facet normal 0.951054 -0.309026 0
    outer loop
      vertex -22.8386 10.1684 0
      vertex -24.4537 5.19779 3
      vertex -24.4537 5.19779 0
    endloop
  endfacet
  facet normal 0 0 1
    outer loop
      vertex 9.78148 2.07912 8
      vertex 9.78148 -2.07912 8
      vertex 10 0 8
    endloop
  endfacet
  facet normal 0 0 1
    outer loop
      vertex 9.13545 4.06737 8
      vertex 9.78148 -2.07912 8
      vertex 9.78148 2.07912 8
    endloop
  endfacet
  facet normal 0 0 1
    outer loop
      vertex 9.13545 4.06737 8
      vertex 9.13545 -4.06737 8
      vertex 9.78148 -2.07912 8
    endloop
  endfacet
  facet normal 0 0 1
    outer loop
      vertex 8.09017 5.87785 8
      vertex 9.13545 -4.06737 8
      vertex 9.13545 4.06737 8
    endloop
  endfacet
  facet normal 0 0 1
    outer loop
      vertex 8.09017 5.87785 8
      vertex 8.09017 -5.87785 8
      vertex 9.13545 -4.06737 8
    endloop
  endfacet
  facet normal 0 0 1
    outer loop
      vertex 6.69131 7.43145 8
      vertex 8.09017 -5.87785 8
      vertex 8.09017 5.87785 8
    endloop
  endfacet
  facet normal 0 0 1
    outer loop
      vertex 6.69131 7.43145 8
      vertex 6.69131 -7.43145 8
      vertex 8.09017 -5.87785 8
    endloop
  endfacet
  facet normal 0 0 1
    outer loop
      vertex 5 8.66025 8
      vertex 6.69131 -7.43145 8
      vertex 6.69131 7.43145 8
    endloop
  endfacet
  facet normal 0 0 1
    outer loop
      vertex 5 8.66025 8
      vertex 5 -8.66025 8
      vertex 6.69131 -7.43145 8
    endloop
  endfacet
  facet normal 0 0 1
    outer loop
      vertex 3.09017 9.51056 8
      vertex 5 -8.66025 8
      vertex 5 8.66025 8
    endloop
  endfacet
  facet normal 0 0 1
    outer loop
      vertex 3.09017 9.51056 8
      vertex 3.09017 -9.51056 8
      vertex 5 -8.66025 8
    endloop
  endfacet
  facet normal 0 0 1
    outer loop
      vertex 1.04528 9.94522 8
      vertex 3.09017 -9.51056 8
      vertex 3.09017 9.51056 8
    endloop
  endfacet
  facet normal 0 0 1
    outer loop
      vertex 1.04528 9.94522 8
      vertex 1.04528 -9.94522 8
      vertex 3.09017 -9.51056 8
    endloop
  endfacet
  facet normal -0 0 1
    outer loop
      vertex -1.04528 9.94522 8
      vertex 1.04528 -9.94522 8
      vertex 1.04528 9.94522 8
    endloop
  endfacet
  facet normal 0 0 1
    outer loop
      vertex -1.04528 9.94522 8
      vertex -1.04528 -9.94522 8
      vertex 1.04528 -9.94522 8
    endloop
  endfacet
  facet normal -0 0 1
    outer loop
      vertex -3.09017 9.51056 8
      vertex -1.04528 -9.94522 8
      vertex -1.04528 9.94522 8
    endloop
  endfacet
  facet normal 0 0 1
    outer loop
      vertex -3.09017 9.51056 8
      vertex -3.09017 -9.51056 8
      vertex -1.04528 -9.94522 8
    endloop
  endfacet
  facet normal -0 0 1
    outer loop
      vertex -5 8.66025 8
      vertex -3.09017 -9.51056 8
      vertex -3.09017 9.51056 8
    endloop
  endfacet
  facet normal 0 0 1
    outer loop
      vertex -5 8.66025 8
      vertex -5 -8.66025 8
      vertex -3.09017 -9.51056 8
    endloop
  endfacet
  facet normal -0 0 1
    outer loop
      vertex -6.69131 7.43145 8
      vertex -5 -8.66025 8
      vertex -5 8.66025 8
    endloop
  endfacet
  facet normal 0 0 1
    outer loop
      vertex -6.69131 7.43145 8
      vertex -6.69131 -7.43145 8
      vertex -5 -8.66025 8
    endloop
  endfacet
  facet normal -0 0 1
    outer loop
      vertex -8.09017 5.87785 8
      vertex -6.69131 -7.43145 8
      vertex -6.69131 7.43145 8
    endloop
  endfacet
  facet normal 0 0 1
    outer loop
      vertex -8.09017 5.87785 8
      vertex -8.09017 -5.87785 8
      vertex -6.69131 -7.43145 8
    endloop
  endfacet
  facet normal -0 0 1
    outer loop
      vertex -9.13545 4.06737 8
      vertex -8.09017 -5.87785 8
      vertex -8.09017 5.87785 8
    endloop
  endfacet
  facet normal 0 0 1
    outer loop
      vertex -9.13545 4.06737 8
      vertex -9.13545 -4.06737 8
      vertex -8.09017 -5.87785 8
    endloop
  endfacet
  facet normal -0 0 1
    outer loop
      vertex -9.78148 2.07912 8
      vertex -9.13545 -4.06737 8
      vertex -9.13545 4.06737 8
    endloop
  endfacet
  facet normal 0 0 1
    outer loop
      vertex -9.78148 2.07912 8
      vertex -9.78148 -2.07912 8
      vertex -9.13545 -4.06737 8
    endloop
  endfacet
  facet normal 0 -0 1
    outer loop
      vertex -9.78148 -2.07912 8
      vertex -9.78148 2.07912 8
      vertex -10 0 8
    endloop
  endfacet
  facet normal 0 0 1
    outer loop
      vertex -32.5 2.5 8
      vertex -24.4537 5.19779 8
      vertex -28.1458 13.75 8
    endloop
  endfacet
  facet normal 0 0 1
    outer loop
      vertex -25 0 8
      vertex -26.3781 -14.4822 8
      vertex -25.6458 -16.25 8
    endloop
  endfacet
  facet normal 0 0 1
    outer loop
      vertex -24.4537 5.19779 8
      vertex -30.7322 1.76777 8
      vertex -25 0 8
    endloop
  endfacet
  facet normal 0 0 1
    outer loop
      vertex -30.7322 -1.76777 8
      vertex -25 0 8
      vertex -30 0 8
    endloop
  endfacet
  facet normal 0 0 1
    outer loop
      vertex -32.5 2.5 8
      vertex -28.1458 13.75 8
      vertex -29.9136 14.4822 8
    endloop
  endfacet
  facet normal 0 -0 1
    outer loop
      vertex -28.1458 -13.75 8
      vertex -25 0 8
      vertex -30.7322 -1.76777 8
    endloop
  endfacet
  facet normal 0 0 1
    outer loop
      vertex -25 0 8
      vertex -28.1458 -13.75 8
      vertex -26.3781 -14.4822 8
    endloop
  endfacet
  facet normal 0 0 1
    outer loop
      vertex -36.5418 16.2695 8
      vertex -29.9136 14.4822 8
      vertex -30.6458 16.25 8
    endloop
  endfacet
  facet normal 0 0 1
    outer loop
      vertex -25 0 8
      vertex -30.7322 1.76777 8
      vertex -30 0 8
    endloop
  endfacet
  facet normal -0 0 1
    outer loop
      vertex -32.5 -2.5 8
      vertex -28.1458 -13.75 8
      vertex -30.7322 -1.76777 8
    endloop
  endfacet
  facet normal 0 0 1
    outer loop
      vertex -28.1458 -13.75 8
      vertex -32.5 -2.5 8
      vertex -29.9136 -14.4822 8
    endloop
  endfacet
  facet normal 0 0 1
    outer loop
      vertex -7.72542 -23.7764 8
      vertex -14.4822 -26.3781 8
      vertex -13.75 -28.1458 8
    endloop
  endfacet
  facet normal 0 0 1
    outer loop
      vertex -12.5 -21.6506 8
      vertex -16.25 -25.6458 8
      vertex -14.4822 -26.3781 8
    endloop
  endfacet
  facet normal 0 0 1
    outer loop
      vertex -16.7283 -18.5786 8
      vertex -16.25 -25.6458 8
      vertex -12.5 -21.6506 8
    endloop
  endfacet
  facet normal 0 0 1
    outer loop
      vertex -16.7283 -18.5786 8
      vertex -18.0178 -26.3781 8
      vertex -16.25 -25.6458 8
    endloop
  endfacet
  facet normal 0 0 1
    outer loop
      vertex -26.3781 -18.0178 8
      vertex -18.0178 -26.3781 8
      vertex -16.7283 -18.5786 8
    endloop
  endfacet
  facet normal -0 0 1
    outer loop
      vertex -26.3781 -18.0178 8
      vertex -16.7283 -18.5786 8
      vertex -20.2254 -14.6946 8
    endloop
  endfacet
  facet normal 0 0 1
    outer loop
      vertex -26.7652 -29.7258 8
      vertex -18.0178 -26.3781 8
      vertex -26.3781 -18.0178 8
    endloop
  endfacet
  facet normal 0 0 1
    outer loop
      vertex -25.6458 -16.25 8
      vertex -20.2254 -14.6946 8
      vertex -22.8386 -10.1684 8
    endloop
  endfacet
  facet normal 0 0 1
    outer loop
      vertex -25.6458 -16.25 8
      vertex -22.8386 -10.1684 8
      vertex -24.4537 -5.19779 8
    endloop
  endfacet
  facet normal 0 0 1
    outer loop
      vertex -22.8386 10.1684 8
      vertex -28.1458 13.75 8
      vertex -24.4537 5.19779 8
    endloop
  endfacet
  facet normal 0 0 1
    outer loop
      vertex -25.6458 -16.25 8
      vertex -24.4537 -5.19779 8
      vertex -25 0 8
    endloop
  endfacet
  facet normal 0 0 1
    outer loop
      vertex -26.3781 -18.0178 8
      vertex -20.2254 -14.6946 8
      vertex -25.6458 -16.25 8
    endloop
  endfacet
  facet normal 0 0 1
    outer loop
      vertex -18.0178 -26.3781 8
      vertex -26.7652 -29.7258 8
      vertex -18.75 -28.1458 8
    endloop
  endfacet
  facet normal 0 0 1
    outer loop
      vertex -18.75 -28.1458 8
      vertex -26.7652 -29.7258 8
      vertex -20 -34.641 8
    endloop
  endfacet
  facet normal -0 0 1
    outer loop
      vertex -28.1458 -18.75 8
      vertex -26.7652 -29.7258 8
      vertex -26.3781 -18.0178 8
    endloop
  endfacet
  facet normal 0 0 1
    outer loop
      vertex -32.3607 -23.5114 8
      vertex -28.1458 -18.75 8
      vertex -29.9136 -18.0178 8
    endloop
  endfacet
  facet normal -0 0 1
    outer loop
      vertex -36.5418 -16.2695 8
      vertex -29.9136 -18.0178 8
      vertex -30.6458 -16.25 8
    endloop
  endfacet
  facet normal 0 0 1
    outer loop
      vertex -28.1458 -18.75 8
      vertex -32.3607 -23.5114 8
      vertex -26.7652 -29.7258 8
    endloop
  endfacet
  facet normal -0 0 1
    outer loop
      vertex -39.1259 -8.31647 8
      vertex -29.9136 -14.4822 8
      vertex -32.5 -2.5 8
    endloop
  endfacet
  facet normal 0 -0 1
    outer loop
      vertex -36.5418 -16.2695 8
      vertex -29.9136 -14.4822 8
      vertex -39.1259 -8.31647 8
    endloop
  endfacet
  facet normal 0 0 1
    outer loop
      vertex -39.1259 -8.31647 8
      vertex -32.5 -2.5 8
      vertex -34.2678 -1.76777 8
    endloop
  endfacet
  facet normal -0 0 1
    outer loop
      vertex -40 0 8
      vertex -34.2678 -1.76777 8
      vertex -35 0 8
    endloop
  endfacet
  facet normal 0 0 1
    outer loop
      vertex -29.9136 -18.0178 8
      vertex -36.5418 -16.2695 8
      vertex -32.3607 -23.5114 8
    endloop
  endfacet
  facet normal 0 0 1
    outer loop
      vertex -40 0 8
      vertex -34.2678 1.76777 8
      vertex -39.1259 8.31647 8
    endloop
  endfacet
  facet normal 0 0 1
    outer loop
      vertex -34.2678 1.76777 8
      vertex -40 0 8
      vertex -35 0 8
    endloop
  endfacet
  facet normal 0 0 1
    outer loop
      vertex -29.9136 -14.4822 8
      vertex -36.5418 -16.2695 8
      vertex -30.6458 -16.25 8
    endloop
  endfacet
  facet normal 0 0 1
    outer loop
      vertex -34.2678 -1.76777 8
      vertex -40 0 8
      vertex -39.1259 -8.31647 8
    endloop
  endfacet
  facet normal 0 0 1
    outer loop
      vertex -7.72542 23.7764 8
      vertex -14.4822 26.3781 8
      vertex -12.5 21.6506 8
    endloop
  endfacet
  facet normal -0 0 1
    outer loop
      vertex -16.25 25.6458 8
      vertex -12.5 21.6506 8
      vertex -14.4822 26.3781 8
    endloop
  endfacet
  facet normal 0 0 1
    outer loop
      vertex -16.25 25.6458 8
      vertex -16.7283 18.5786 8
      vertex -12.5 21.6506 8
    endloop
  endfacet
  facet normal 0 0 1
    outer loop
      vertex -18.0178 26.3781 8
      vertex -16.7283 18.5786 8
      vertex -16.25 25.6458 8
    endloop
  endfacet
  facet normal 0 0 1
    outer loop
      vertex -26.7652 29.7258 8
      vertex -18.0178 26.3781 8
      vertex -18.75 28.1458 8
    endloop
  endfacet
  facet normal 0 0 1
    outer loop
      vertex -18.0178 26.3781 8
      vertex -26.3781 18.0178 8
      vertex -16.7283 18.5786 8
    endloop
  endfacet
  facet normal 0 0 1
    outer loop
      vertex -18.0178 29.9136 8
      vertex -26.7652 29.7258 8
      vertex -18.75 28.1458 8
    endloop
  endfacet
  facet normal 0 0 1
    outer loop
      vertex -18.0178 26.3781 8
      vertex -26.7652 29.7258 8
      vertex -26.3781 18.0178 8
    endloop
  endfacet
  facet normal 0 0 1
    outer loop
      vertex -26.3781 14.4822 8
      vertex -20.2254 14.6946 8
      vertex -25.6458 16.25 8
    endloop
  endfacet
  facet normal -0 0 1
    outer loop
      vertex -28.1458 13.75 8
      vertex -22.8386 10.1684 8
      vertex -26.3781 14.4822 8
    endloop
  endfacet
  facet normal 0 0 1
    outer loop
      vertex -20.2254 14.6946 8
      vertex -26.3781 14.4822 8
      vertex -22.8386 10.1684 8
    endloop
  endfacet
  facet normal 0 0 1
    outer loop
      vertex -20.2254 14.6946 8
      vertex -26.3781 18.0178 8
      vertex -25.6458 16.25 8
    endloop
  endfacet
  facet normal 0 0 1
    outer loop
      vertex -16.7283 18.5786 8
      vertex -26.3781 18.0178 8
      vertex -20.2254 14.6946 8
    endloop
  endfacet
  facet normal 0 0 1
    outer loop
      vertex -26.7652 29.7258 8
      vertex -28.1458 18.75 8
      vertex -26.3781 18.0178 8
    endloop
  endfacet
  facet normal -0 0 1
    outer loop
      vertex -32.3607 23.5114 8
      vertex -28.1458 18.75 8
      vertex -26.7652 29.7258 8
    endloop
  endfacet
  facet normal 0 0 1
    outer loop
      vertex -28.1458 18.75 8
      vertex -32.3607 23.5114 8
      vertex -29.9136 18.0178 8
    endloop
  endfacet
  facet normal 0 0 1
    outer loop
      vertex -36.5418 16.2695 8
      vertex -29.9136 18.0178 8
      vertex -32.3607 23.5114 8
    endloop
  endfacet
  facet normal 0 0 1
    outer loop
      vertex -29.9136 18.0178 8
      vertex -36.5418 16.2695 8
      vertex -30.6458 16.25 8
    endloop
  endfacet
  facet normal 0 0 1
    outer loop
      vertex -29.9136 14.4822 8
      vertex -36.5418 16.2695 8
      vertex -39.1259 8.31647 8
    endloop
  endfacet
  facet normal 0 0 1
    outer loop
      vertex -24.4537 5.19779 8
      vertex -32.5 2.5 8
      vertex -30.7322 1.76777 8
    endloop
  endfacet
  facet normal 0 0 1
    outer loop
      vertex -29.9136 14.4822 8
      vertex -39.1259 8.31647 8
      vertex -32.5 2.5 8
    endloop
  endfacet
  facet normal 0 0 1
    outer loop
      vertex -32.5 2.5 8
      vertex -39.1259 8.31647 8
      vertex -34.2678 1.76777 8
    endloop
  endfacet
  facet normal 0 0 1
    outer loop
      vertex 7.72542 -23.7764 8
      vertex 1.76777 -30.7322 8
      vertex 2.5 -32.5 8
    endloop
  endfacet
  facet normal 0 0 1
    outer loop
      vertex 2.61321 -24.863 8
      vertex 0 -30 8
      vertex 1.76777 -30.7322 8
    endloop
  endfacet
  facet normal -0 0 1
    outer loop
      vertex -2.61321 -24.863 8
      vertex 0 -30 8
      vertex 2.61321 -24.863 8
    endloop
  endfacet
  facet normal 0 0 1
    outer loop
      vertex -7.72542 -23.7764 8
      vertex -1.76777 -30.7322 8
      vertex -2.61321 -24.863 8
    endloop
  endfacet
  facet normal 0 0 1
    outer loop
      vertex 0 -30 8
      vertex -2.61321 -24.863 8
      vertex -1.76777 -30.7322 8
    endloop
  endfacet
  facet normal 0 0 1
    outer loop
      vertex 7.72542 23.7764 8
      vertex 1.76777 30.7322 8
      vertex 2.61321 24.863 8
    endloop
  endfacet
  facet normal -0 0 1
    outer loop
      vertex 0 30 8
      vertex 2.61321 24.863 8
      vertex 1.76777 30.7322 8
    endloop
  endfacet
  facet normal 0 0 1
    outer loop
      vertex -2.61321 24.863 8
      vertex 0 30 8
      vertex -1.76777 30.7322 8
    endloop
  endfacet
  facet normal 0 0 1
    outer loop
      vertex 0 30 8
      vertex -2.61321 24.863 8
      vertex 2.61321 24.863 8
    endloop
  endfacet
  facet normal 0 0 1
    outer loop
      vertex -7.72542 23.7764 8
      vertex -1.76777 30.7322 8
      vertex -2.5 32.5 8
    endloop
  endfacet
  facet normal 0 0 1
    outer loop
      vertex 26.7652 29.7258 8
      vertex 18.0178 29.9136 8
      vertex 18.75 28.1458 8
    endloop
  endfacet
  facet normal 0 0 1
    outer loop
      vertex 20 34.641 8
      vertex 16.25 30.6458 8
      vertex 18.0178 29.9136 8
    endloop
  endfacet
  facet normal 0 0 1
    outer loop
      vertex 12.3607 38.0423 8
      vertex 16.25 30.6458 8
      vertex 20 34.641 8
    endloop
  endfacet
  facet normal 0 0 1
    outer loop
      vertex 16.25 30.6458 8
      vertex 12.3607 38.0423 8
      vertex 14.4822 29.9136 8
    endloop
  endfacet
  facet normal -0 0 1
    outer loop
      vertex 2.5 32.5 8
      vertex 14.4822 29.9136 8
      vertex 12.3607 38.0423 8
    endloop
  endfacet
  facet normal 0 0 1
    outer loop
      vertex 14.4822 29.9136 8
      vertex 2.5 32.5 8
      vertex 13.75 28.1458 8
    endloop
  endfacet
  facet normal 0 0 1
    outer loop
      vertex 13.75 28.1458 8
      vertex 7.72542 23.7764 8
      vertex 12.5 21.6506 8
    endloop
  endfacet
  facet normal 0 0 1
    outer loop
      vertex 2.5 32.5 8
      vertex 12.3607 38.0423 8
      vertex 4.18114 39.7809 8
    endloop
  endfacet
  facet normal 0 0 1
    outer loop
      vertex 13.75 28.1458 8
      vertex 2.5 32.5 8
      vertex 7.72542 23.7764 8
    endloop
  endfacet
  facet normal -0 0 1
    outer loop
      vertex 1.76777 30.7322 8
      vertex 7.72542 23.7764 8
      vertex 2.5 32.5 8
    endloop
  endfacet
  facet normal 0 0 1
    outer loop
      vertex 4.18114 39.7809 8
      vertex 1.76777 34.2678 8
      vertex 2.5 32.5 8
    endloop
  endfacet
  facet normal 0 0 1
    outer loop
      vertex 4.18114 39.7809 8
      vertex 0 35 8
      vertex 1.76777 34.2678 8
    endloop
  endfacet
  facet normal -0 0 1
    outer loop
      vertex -4.18114 39.7809 8
      vertex 0 35 8
      vertex 4.18114 39.7809 8
    endloop
  endfacet
  facet normal 0 0 1
    outer loop
      vertex 0 35 8
      vertex -4.18114 39.7809 8
      vertex -1.76777 34.2678 8
    endloop
  endfacet
  facet normal 0 0 1
    outer loop
      vertex -4.18114 39.7809 8
      vertex -2.5 32.5 8
      vertex -1.76777 34.2678 8
    endloop
  endfacet
  facet normal -0 0 1
    outer loop
      vertex -12.3607 38.0423 8
      vertex -2.5 32.5 8
      vertex -4.18114 39.7809 8
    endloop
  endfacet
  facet normal 0 -0 1
    outer loop
      vertex -7.72542 23.7764 8
      vertex -2.5 32.5 8
      vertex -13.75 28.1458 8
    endloop
  endfacet
  facet normal 0 0 1
    outer loop
      vertex -2.5 32.5 8
      vertex -12.3607 38.0423 8
      vertex -14.4822 29.9136 8
    endloop
  endfacet
  facet normal 0 0 1
    outer loop
      vertex -1.76777 30.7322 8
      vertex -7.72542 23.7764 8
      vertex -2.61321 24.863 8
    endloop
  endfacet
  facet normal -0 0 1
    outer loop
      vertex -14.4822 26.3781 8
      vertex -7.72542 23.7764 8
      vertex -13.75 28.1458 8
    endloop
  endfacet
  facet normal 0 0 1
    outer loop
      vertex -2.5 32.5 8
      vertex -14.4822 29.9136 8
      vertex -13.75 28.1458 8
    endloop
  endfacet
  facet normal 0 0 1
    outer loop
      vertex -12.3607 38.0423 8
      vertex -16.25 30.6458 8
      vertex -14.4822 29.9136 8
    endloop
  endfacet
  facet normal -0 0 1
    outer loop
      vertex -20 34.641 8
      vertex -16.25 30.6458 8
      vertex -12.3607 38.0423 8
    endloop
  endfacet
  facet normal 0 0 1
    outer loop
      vertex -26.7652 29.7258 8
      vertex -18.0178 29.9136 8
      vertex -20 34.641 8
    endloop
  endfacet
  facet normal 0 0 1
    outer loop
      vertex -16.25 30.6458 8
      vertex -20 34.641 8
      vertex -18.0178 29.9136 8
    endloop
  endfacet
  facet normal 0 0 1
    outer loop
      vertex 26.7652 -29.7258 8
      vertex 18.0178 -29.9136 8
      vertex 20 -34.641 8
    endloop
  endfacet
  facet normal -0 0 1
    outer loop
      vertex 16.25 -30.6458 8
      vertex 20 -34.641 8
      vertex 18.0178 -29.9136 8
    endloop
  endfacet
  facet normal 0 0 1
    outer loop
      vertex 12.3607 -38.0423 8
      vertex 16.25 -30.6458 8
      vertex 14.4822 -29.9136 8
    endloop
  endfacet
  facet normal 0 0 1
    outer loop
      vertex 16.25 -30.6458 8
      vertex 12.3607 -38.0423 8
      vertex 20 -34.641 8
    endloop
  endfacet
  facet normal 0 0 1
    outer loop
      vertex 2.5 -32.5 8
      vertex 14.4822 -29.9136 8
      vertex 13.75 -28.1458 8
    endloop
  endfacet
  facet normal 0 0 1
    outer loop
      vertex 14.4822 -26.3781 8
      vertex 7.72542 -23.7764 8
      vertex 13.75 -28.1458 8
    endloop
  endfacet
  facet normal 0 0 1
    outer loop
      vertex 2.5 -32.5 8
      vertex 13.75 -28.1458 8
      vertex 7.72542 -23.7764 8
    endloop
  endfacet
  facet normal 0 0 1
    outer loop
      vertex 14.4822 -29.9136 8
      vertex 2.5 -32.5 8
      vertex 12.3607 -38.0423 8
    endloop
  endfacet
  facet normal 0 0 1
    outer loop
      vertex 1.76777 -30.7322 8
      vertex 7.72542 -23.7764 8
      vertex 2.61321 -24.863 8
    endloop
  endfacet
  facet normal 0 0 1
    outer loop
      vertex 12.3607 -38.0423 8
      vertex 2.5 -32.5 8
      vertex 4.18114 -39.7809 8
    endloop
  endfacet
  facet normal -0 0 1
    outer loop
      vertex 1.76777 -34.2678 8
      vertex 4.18114 -39.7809 8
      vertex 2.5 -32.5 8
    endloop
  endfacet
  facet normal -0 0 1
    outer loop
      vertex 0 -35 8
      vertex 4.18114 -39.7809 8
      vertex 1.76777 -34.2678 8
    endloop
  endfacet
  facet normal 0 0 1
    outer loop
      vertex -4.18114 -39.7809 8
      vertex 0 -35 8
      vertex -1.76777 -34.2678 8
    endloop
  endfacet
  facet normal 0 0 1
    outer loop
      vertex 0 -35 8
      vertex -4.18114 -39.7809 8
      vertex 4.18114 -39.7809 8
    endloop
  endfacet
  facet normal 0 0 1
    outer loop
      vertex -2.5 -32.5 8
      vertex -4.18114 -39.7809 8
      vertex -1.76777 -34.2678 8
    endloop
  endfacet
  facet normal 0 0 1
    outer loop
      vertex -1.76777 -30.7322 8
      vertex -7.72542 -23.7764 8
      vertex -2.5 -32.5 8
    endloop
  endfacet
  facet normal 0 0 1
    outer loop
      vertex -2.5 -32.5 8
      vertex -7.72542 -23.7764 8
      vertex -13.75 -28.1458 8
    endloop
  endfacet
  facet normal -0 0 1
    outer loop
      vertex -14.4822 -29.9136 8
      vertex -2.5 -32.5 8
      vertex -13.75 -28.1458 8
    endloop
  endfacet
  facet normal 0 0 1
    outer loop
      vertex -14.4822 -26.3781 8
      vertex -7.72542 -23.7764 8
      vertex -12.5 -21.6506 8
    endloop
  endfacet
  facet normal 0 -0 1
    outer loop
      vertex -12.3607 -38.0423 8
      vertex -2.5 -32.5 8
      vertex -14.4822 -29.9136 8
    endloop
  endfacet
  facet normal 0 0 1
    outer loop
      vertex -2.5 -32.5 8
      vertex -12.3607 -38.0423 8
      vertex -4.18114 -39.7809 8
    endloop
  endfacet
  facet normal -0 0 1
    outer loop
      vertex -16.25 -30.6458 8
      vertex -12.3607 -38.0423 8
      vertex -14.4822 -29.9136 8
    endloop
  endfacet
  facet normal 0 0 1
    outer loop
      vertex -20 -34.641 8
      vertex -16.25 -30.6458 8
      vertex -18.0178 -29.9136 8
    endloop
  endfacet
  facet normal 0 0 1
    outer loop
      vertex -16.25 -30.6458 8
      vertex -20 -34.641 8
      vertex -12.3607 -38.0423 8
    endloop
  endfacet
  facet normal 0 0 1
    outer loop
      vertex -20 -34.641 8
      vertex -18.0178 -29.9136 8
      vertex -18.75 -28.1458 8
    endloop
  endfacet
  facet normal -0 0 1
    outer loop
      vertex 25 0 8
      vertex 30.7322 -1.76777 8
      vertex 30 0 8
    endloop
  endfacet
  facet normal 0 0 1
    outer loop
      vertex 30.7322 -1.76777 8
      vertex 29.9136 -14.4822 8
      vertex 30.6458 -16.25 8
    endloop
  endfacet
  facet normal 0 0 1
    outer loop
      vertex 32.5 2.5 8
      vertex 24.4537 5.19779 8
      vertex 30.7322 1.76777 8
    endloop
  endfacet
  facet normal 0 -0 1
    outer loop
      vertex 25 0 8
      vertex 30.7322 1.76777 8
      vertex 24.4537 5.19779 8
    endloop
  endfacet
  facet normal 0 0 1
    outer loop
      vertex 30.7322 -1.76777 8
      vertex 25 0 8
      vertex 24.4537 -5.19779 8
    endloop
  endfacet
  facet normal 0 0 1
    outer loop
      vertex 22.8386 10.1684 8
      vertex 28.1458 13.75 8
      vertex 26.3781 14.4822 8
    endloop
  endfacet
  facet normal 0 0 1
    outer loop
      vertex 30.7322 -1.76777 8
      vertex 24.4537 -5.19779 8
      vertex 28.1458 -13.75 8
    endloop
  endfacet
  facet normal -0 0 1
    outer loop
      vertex 20.2254 14.6946 8
      vertex 26.3781 14.4822 8
      vertex 25.6458 16.25 8
    endloop
  endfacet
  facet normal 0 0 1
    outer loop
      vertex 30.7322 -1.76777 8
      vertex 28.1458 -13.75 8
      vertex 29.9136 -14.4822 8
    endloop
  endfacet
  facet normal -0 0 1
    outer loop
      vertex 34.2678 1.76777 8
      vertex 40 0 8
      vertex 39.1259 8.31647 8
    endloop
  endfacet
  facet normal -0 0 1
    outer loop
      vertex 29.9136 14.4822 8
      vertex 39.1259 8.31647 8
      vertex 36.5418 16.2695 8
    endloop
  endfacet
  facet normal 0 0 1
    outer loop
      vertex 34.2678 -1.76777 8
      vertex 40 0 8
      vertex 35 0 8
    endloop
  endfacet
  facet normal 0 0 1
    outer loop
      vertex 40 0 8
      vertex 34.2678 -1.76777 8
      vertex 39.1259 -8.31647 8
    endloop
  endfacet
  facet normal 0 0 1
    outer loop
      vertex 40 0 8
      vertex 34.2678 1.76777 8
      vertex 35 0 8
    endloop
  endfacet
  facet normal 0 0 1
    outer loop
      vertex 39.1259 8.31647 8
      vertex 32.5 2.5 8
      vertex 34.2678 1.76777 8
    endloop
  endfacet
  facet normal -0 0 1
    outer loop
      vertex 29.9136 18.0178 8
      vertex 36.5418 16.2695 8
      vertex 32.3607 23.5114 8
    endloop
  endfacet
  facet normal 0 0 1
    outer loop
      vertex 29.9136 14.4822 8
      vertex 36.5418 16.2695 8
      vertex 30.6458 16.25 8
    endloop
  endfacet
  facet normal 0 0 1
    outer loop
      vertex 39.1259 8.31647 8
      vertex 29.9136 14.4822 8
      vertex 32.5 2.5 8
    endloop
  endfacet
  facet normal 0 0 1
    outer loop
      vertex 36.5418 16.2695 8
      vertex 29.9136 18.0178 8
      vertex 30.6458 16.25 8
    endloop
  endfacet
  facet normal 0 0 1
    outer loop
      vertex 32.3607 23.5114 8
      vertex 28.1458 18.75 8
      vertex 29.9136 18.0178 8
    endloop
  endfacet
  facet normal 0 0 1
    outer loop
      vertex 26.7652 29.7258 8
      vertex 28.1458 18.75 8
      vertex 32.3607 23.5114 8
    endloop
  endfacet
  facet normal 0 0 1
    outer loop
      vertex 26.7652 29.7258 8
      vertex 26.3781 18.0178 8
      vertex 28.1458 18.75 8
    endloop
  endfacet
  facet normal -0 0 1
    outer loop
      vertex 18.0178 26.3781 8
      vertex 26.3781 18.0178 8
      vertex 26.7652 29.7258 8
    endloop
  endfacet
  facet normal -0 0 1
    outer loop
      vertex 22.8386 -10.1684 8
      vertex 28.1458 -13.75 8
      vertex 24.4537 -5.19779 8
    endloop
  endfacet
  facet normal 0 0 1
    outer loop
      vertex 30.7322 1.76777 8
      vertex 25 0 8
      vertex 30 0 8
    endloop
  endfacet
  facet normal -0 0 1
    outer loop
      vertex 16.7283 18.5786 8
      vertex 26.3781 18.0178 8
      vertex 18.0178 26.3781 8
    endloop
  endfacet
  facet normal 0 0 1
    outer loop
      vertex 28.1458 13.75 8
      vertex 22.8386 10.1684 8
      vertex 24.4537 5.19779 8
    endloop
  endfacet
  facet normal 0 0 1
    outer loop
      vertex 26.3781 14.4822 8
      vertex 20.2254 14.6946 8
      vertex 22.8386 10.1684 8
    endloop
  endfacet
  facet normal -0 0 1
    outer loop
      vertex 18.0178 29.9136 8
      vertex 26.7652 29.7258 8
      vertex 20 34.641 8
    endloop
  endfacet
  facet normal 0 0 1
    outer loop
      vertex 18.0178 26.3781 8
      vertex 26.7652 29.7258 8
      vertex 18.75 28.1458 8
    endloop
  endfacet
  facet normal 0 -0 1
    outer loop
      vertex 20.2254 14.6946 8
      vertex 26.3781 18.0178 8
      vertex 16.7283 18.5786 8
    endloop
  endfacet
  facet normal 0 0 1
    outer loop
      vertex 26.3781 18.0178 8
      vertex 20.2254 14.6946 8
      vertex 25.6458 16.25 8
    endloop
  endfacet
  facet normal -0 0 1
    outer loop
      vertex 16.25 25.6458 8
      vertex 16.7283 18.5786 8
      vertex 18.0178 26.3781 8
    endloop
  endfacet
  facet normal 0 0 1
    outer loop
      vertex 12.5 21.6506 8
      vertex 16.25 25.6458 8
      vertex 14.4822 26.3781 8
    endloop
  endfacet
  facet normal 0 0 1
    outer loop
      vertex 12.5 21.6506 8
      vertex 14.4822 26.3781 8
      vertex 13.75 28.1458 8
    endloop
  endfacet
  facet normal 0 0 1
    outer loop
      vertex 16.25 25.6458 8
      vertex 12.5 21.6506 8
      vertex 16.7283 18.5786 8
    endloop
  endfacet
  facet normal -0 0 1
    outer loop
      vertex 32.5 -2.5 8
      vertex 39.1259 -8.31647 8
      vertex 34.2678 -1.76777 8
    endloop
  endfacet
  facet normal 0 0 1
    outer loop
      vertex 30.6458 -16.25 8
      vertex 39.1259 -8.31647 8
      vertex 32.5 -2.5 8
    endloop
  endfacet
  facet normal 0 0 1
    outer loop
      vertex 39.1259 -8.31647 8
      vertex 30.6458 -16.25 8
      vertex 36.5418 -16.2695 8
    endloop
  endfacet
  facet normal 0 0 1
    outer loop
      vertex 30.6458 -16.25 8
      vertex 32.5 -2.5 8
      vertex 30.7322 -1.76777 8
    endloop
  endfacet
  facet normal 0 0 1
    outer loop
      vertex 29.9136 -18.0178 8
      vertex 36.5418 -16.2695 8
      vertex 30.6458 -16.25 8
    endloop
  endfacet
  facet normal 0 0 1
    outer loop
      vertex 36.5418 -16.2695 8
      vertex 29.9136 -18.0178 8
      vertex 32.3607 -23.5114 8
    endloop
  endfacet
  facet normal -0 0 1
    outer loop
      vertex 28.1458 -18.75 8
      vertex 32.3607 -23.5114 8
      vertex 29.9136 -18.0178 8
    endloop
  endfacet
  facet normal 0 0 1
    outer loop
      vertex 28.1458 -18.75 8
      vertex 26.7652 -29.7258 8
      vertex 32.3607 -23.5114 8
    endloop
  endfacet
  facet normal 0 0 1
    outer loop
      vertex 26.3781 -18.0178 8
      vertex 26.7652 -29.7258 8
      vertex 28.1458 -18.75 8
    endloop
  endfacet
  facet normal 0 0 1
    outer loop
      vertex 20.2254 -14.6946 8
      vertex 26.3781 -18.0178 8
      vertex 25.6458 -16.25 8
    endloop
  endfacet
  facet normal 0 0 1
    outer loop
      vertex 28.1458 -13.75 8
      vertex 22.8386 -10.1684 8
      vertex 26.3781 -14.4822 8
    endloop
  endfacet
  facet normal 0 0 1
    outer loop
      vertex 20.2254 -14.6946 8
      vertex 26.3781 -14.4822 8
      vertex 22.8386 -10.1684 8
    endloop
  endfacet
  facet normal 0 0 1
    outer loop
      vertex 26.3781 -14.4822 8
      vertex 20.2254 -14.6946 8
      vertex 25.6458 -16.25 8
    endloop
  endfacet
  facet normal 0 0 1
    outer loop
      vertex 26.3781 -18.0178 8
      vertex 20.2254 -14.6946 8
      vertex 16.7283 -18.5786 8
    endloop
  endfacet
  facet normal 0 0 1
    outer loop
      vertex 26.3781 -18.0178 8
      vertex 18.0178 -26.3781 8
      vertex 26.7652 -29.7258 8
    endloop
  endfacet
  facet normal 0 0 1
    outer loop
      vertex 18.0178 -29.9136 8
      vertex 26.7652 -29.7258 8
      vertex 18.75 -28.1458 8
    endloop
  endfacet
  facet normal 0 0 1
    outer loop
      vertex 26.7652 -29.7258 8
      vertex 18.0178 -26.3781 8
      vertex 18.75 -28.1458 8
    endloop
  endfacet
  facet normal 0 0 1
    outer loop
      vertex 26.3781 -18.0178 8
      vertex 16.7283 -18.5786 8
      vertex 18.0178 -26.3781 8
    endloop
  endfacet
  facet normal 0 0 1
    outer loop
      vertex 16.7283 -18.5786 8
      vertex 16.25 -25.6458 8
      vertex 18.0178 -26.3781 8
    endloop
  endfacet
  facet normal -0 0 1
    outer loop
      vertex 12.5 -21.6506 8
      vertex 16.25 -25.6458 8
      vertex 16.7283 -18.5786 8
    endloop
  endfacet
  facet normal 0 0 1
    outer loop
      vertex 16.25 -25.6458 8
      vertex 12.5 -21.6506 8
      vertex 14.4822 -26.3781 8
    endloop
  endfacet
  facet normal -0 0 1
    outer loop
      vertex 7.72542 -23.7764 8
      vertex 14.4822 -26.3781 8
      vertex 12.5 -21.6506 8
    endloop
  endfacet
  facet normal -0 0 1
    outer loop
      vertex 28.1458 13.75 8
      vertex 32.5 2.5 8
      vertex 29.9136 14.4822 8
    endloop
  endfacet
  facet normal -0 0 1
    outer loop
      vertex 24.4537 5.19779 8
      vertex 32.5 2.5 8
      vertex 28.1458 13.75 8
    endloop
  endfacet
  facet normal -0.40674 -0.913544 0
    outer loop
      vertex -12.5 -21.6506 8
      vertex -7.72542 -23.7764 38
      vertex -12.5 -21.6506 38
    endloop
  endfacet
  facet normal -0.40674 -0.913544 -0
    outer loop
      vertex -7.72542 -23.7764 38
      vertex -12.5 -21.6506 8
      vertex -7.72542 -23.7764 8
    endloop
  endfacet
  facet normal -0.951054 -0.309026 0
    outer loop
      vertex -22.8386 -10.1684 8
      vertex -24.4537 -5.19779 38
      vertex -24.4537 -5.19779 8
    endloop
  endfacet
  facet normal -0.951054 -0.309026 0
    outer loop
      vertex -24.4537 -5.19779 38
      vertex -22.8386 -10.1684 8
      vertex -22.8386 -10.1684 38
    endloop
  endfacet
  facet normal 0.951054 0.309026 0
    outer loop
      vertex 24.4537 5.19779 38
      vertex 22.8386 10.1684 8
      vertex 22.8386 10.1684 38
    endloop
  endfacet
  facet normal 0.951054 0.309026 0
    outer loop
      vertex 22.8386 10.1684 8
      vertex 24.4537 5.19779 38
      vertex 24.4537 5.19779 8
    endloop
  endfacet
  facet normal 0.994522 0.104527 0
    outer loop
      vertex 25 0 38
      vertex 24.4537 5.19779 8
      vertex 24.4537 5.19779 38
    endloop
  endfacet
  facet normal 0.994522 0.104527 0
    outer loop
      vertex 24.4537 5.19779 8
      vertex 25 0 38
      vertex 25 0 8
    endloop
  endfacet
  facet normal 0.866026 0.5 0
    outer loop
      vertex 22.8386 10.1684 38
      vertex 20.2254 14.6946 8
      vertex 20.2254 14.6946 38
    endloop
  endfacet
  facet normal 0.866026 0.5 0
    outer loop
      vertex 20.2254 14.6946 8
      vertex 22.8386 10.1684 38
      vertex 22.8386 10.1684 8
    endloop
  endfacet
  facet normal 0.58778 -0.809021 0
    outer loop
      vertex 12.5 -21.6506 8
      vertex 16.7283 -18.5786 38
      vertex 12.5 -21.6506 38
    endloop
  endfacet
  facet normal 0.58778 -0.809021 0
    outer loop
      vertex 16.7283 -18.5786 38
      vertex 12.5 -21.6506 8
      vertex 16.7283 -18.5786 8
    endloop
  endfacet
  facet normal 0.40674 0.913544 -0
    outer loop
      vertex 12.5 21.6506 8
      vertex 7.72542 23.7764 38
      vertex 12.5 21.6506 38
    endloop
  endfacet
  facet normal 0.40674 0.913544 0
    outer loop
      vertex 7.72542 23.7764 38
      vertex 12.5 21.6506 8
      vertex 7.72542 23.7764 8
    endloop
  endfacet
  facet normal 0.994522 -0.104527 0
    outer loop
      vertex 24.4537 -5.19779 38
      vertex 25 0 8
      vertex 25 0 38
    endloop
  endfacet
  facet normal 0.994522 -0.104527 0
    outer loop
      vertex 25 0 8
      vertex 24.4537 -5.19779 38
      vertex 24.4537 -5.19779 8
    endloop
  endfacet
  facet normal 0.743151 0.669123 0
    outer loop
      vertex 20.2254 14.6946 38
      vertex 16.7283 18.5786 8
      vertex 16.7283 18.5786 38
    endloop
  endfacet
  facet normal 0.743151 0.669123 0
    outer loop
      vertex 16.7283 18.5786 8
      vertex 20.2254 14.6946 38
      vertex 20.2254 14.6946 8
    endloop
  endfacet
  facet normal -0.866026 0.5 0
    outer loop
      vertex -22.8386 10.1684 8
      vertex -20.2254 14.6946 38
      vertex -20.2254 14.6946 8
    endloop
  endfacet
  facet normal -0.866026 0.5 0
    outer loop
      vertex -20.2254 14.6946 38
      vertex -22.8386 10.1684 8
      vertex -22.8386 10.1684 38
    endloop
  endfacet
  facet normal 0.743151 -0.669123 0
    outer loop
      vertex 16.7283 -18.5786 38
      vertex 20.2254 -14.6946 8
      vertex 20.2254 -14.6946 38
    endloop
  endfacet
  facet normal 0.743151 -0.669123 0
    outer loop
      vertex 20.2254 -14.6946 8
      vertex 16.7283 -18.5786 38
      vertex 16.7283 -18.5786 8
    endloop
  endfacet
  facet normal -0.743151 0.669123 0
    outer loop
      vertex -20.2254 14.6946 8
      vertex -16.7283 18.5786 38
      vertex -16.7283 18.5786 8
    endloop
  endfacet
  facet normal -0.743151 0.669123 0
    outer loop
      vertex -16.7283 18.5786 38
      vertex -20.2254 14.6946 8
      vertex -20.2254 14.6946 38
    endloop
  endfacet
  facet normal 0.866026 -0.5 0
    outer loop
      vertex 20.2254 -14.6946 38
      vertex 22.8386 -10.1684 8
      vertex 22.8386 -10.1684 38
    endloop
  endfacet
  facet normal 0.866026 -0.5 0
    outer loop
      vertex 22.8386 -10.1684 8
      vertex 20.2254 -14.6946 38
      vertex 20.2254 -14.6946 8
    endloop
  endfacet
  facet normal -0.58778 0.809021 0
    outer loop
      vertex -12.5 21.6506 8
      vertex -16.7283 18.5786 38
      vertex -12.5 21.6506 38
    endloop
  endfacet
  facet normal -0.58778 0.809021 0
    outer loop
      vertex -16.7283 18.5786 38
      vertex -12.5 21.6506 8
      vertex -16.7283 18.5786 8
    endloop
  endfacet
  facet normal 0 0 1
    outer loop
      vertex 10 0 38
      vertex 25 0 38
      vertex 24.4537 5.19779 38
    endloop
  endfacet
  facet normal 0 0 1
    outer loop
      vertex 9.78148 2.07912 38
      vertex 24.4537 5.19779 38
      vertex 22.8386 10.1684 38
    endloop
  endfacet
  facet normal 0 0 1
    outer loop
      vertex 25 0 38
      vertex 10 0 38
      vertex 24.4537 -5.19779 38
    endloop
  endfacet
  facet normal 0 0 1
    outer loop
      vertex 9.13545 4.06737 38
      vertex 22.8386 10.1684 38
      vertex 20.2254 14.6946 38
    endloop
  endfacet
  facet normal -0 0 1
    outer loop
      vertex 9.78148 -2.07912 38
      vertex 24.4537 -5.19779 38
      vertex 10 0 38
    endloop
  endfacet
  facet normal 0 0 1
    outer loop
      vertex 8.09017 5.87785 38
      vertex 20.2254 14.6946 38
      vertex 16.7283 18.5786 38
    endloop
  endfacet
  facet normal 0 0 1
    outer loop
      vertex 24.4537 -5.19779 38
      vertex 9.78148 -2.07912 38
      vertex 22.8386 -10.1684 38
    endloop
  endfacet
  facet normal 0 0 1
    outer loop
      vertex 6.69131 7.43145 38
      vertex 16.7283 18.5786 38
      vertex 12.5 21.6506 38
    endloop
  endfacet
  facet normal -0 0 1
    outer loop
      vertex 9.13545 -4.06737 38
      vertex 22.8386 -10.1684 38
      vertex 9.78148 -2.07912 38
    endloop
  endfacet
  facet normal 0 0 1
    outer loop
      vertex 22.8386 -10.1684 38
      vertex 9.13545 -4.06737 38
      vertex 20.2254 -14.6946 38
    endloop
  endfacet
  facet normal 0 0 1
    outer loop
      vertex 24.4537 5.19779 38
      vertex 9.78148 2.07912 38
      vertex 10 0 38
    endloop
  endfacet
  facet normal 0 0 1
    outer loop
      vertex 22.8386 10.1684 38
      vertex 9.13545 4.06737 38
      vertex 9.78148 2.07912 38
    endloop
  endfacet
  facet normal 0 0 1
    outer loop
      vertex 20.2254 14.6946 38
      vertex 8.09017 5.87785 38
      vertex 9.13545 4.06737 38
    endloop
  endfacet
  facet normal 0 0 1
    outer loop
      vertex 5 8.66025 38
      vertex 12.5 21.6506 38
      vertex 7.72542 23.7764 38
    endloop
  endfacet
  facet normal 0 0 1
    outer loop
      vertex 16.7283 18.5786 38
      vertex 6.69131 7.43145 38
      vertex 8.09017 5.87785 38
    endloop
  endfacet
  facet normal 0 0 1
    outer loop
      vertex 12.5 21.6506 38
      vertex 5 8.66025 38
      vertex 6.69131 7.43145 38
    endloop
  endfacet
  facet normal 0 0 1
    outer loop
      vertex 7.72542 23.7764 38
      vertex 3.09017 9.51056 38
      vertex 5 8.66025 38
    endloop
  endfacet
  facet normal 0 0 1
    outer loop
      vertex 2.61321 24.863 38
      vertex 3.09017 9.51056 38
      vertex 7.72542 23.7764 38
    endloop
  endfacet
  facet normal 0 0 1
    outer loop
      vertex 2.61321 24.863 38
      vertex 1.04528 9.94522 38
      vertex 3.09017 9.51056 38
    endloop
  endfacet
  facet normal 0 0 1
    outer loop
      vertex 2.61321 24.863 38
      vertex -1.04528 9.94522 38
      vertex 1.04528 9.94522 38
    endloop
  endfacet
  facet normal -0 0 1
    outer loop
      vertex -2.61321 24.863 38
      vertex -1.04528 9.94522 38
      vertex 2.61321 24.863 38
    endloop
  endfacet
  facet normal 0 0 1
    outer loop
      vertex -2.61321 24.863 38
      vertex -3.09017 9.51056 38
      vertex -1.04528 9.94522 38
    endloop
  endfacet
  facet normal -0 0 1
    outer loop
      vertex -7.72542 23.7764 38
      vertex -3.09017 9.51056 38
      vertex -2.61321 24.863 38
    endloop
  endfacet
  facet normal 0 0 1
    outer loop
      vertex -3.09017 9.51056 38
      vertex -7.72542 23.7764 38
      vertex -5 8.66025 38
    endloop
  endfacet
  facet normal -0 0 1
    outer loop
      vertex -12.5 21.6506 38
      vertex -5 8.66025 38
      vertex -7.72542 23.7764 38
    endloop
  endfacet
  facet normal 0 0 1
    outer loop
      vertex -5 8.66025 38
      vertex -12.5 21.6506 38
      vertex -6.69131 7.43145 38
    endloop
  endfacet
  facet normal -0 0 1
    outer loop
      vertex -16.7283 18.5786 38
      vertex -6.69131 7.43145 38
      vertex -12.5 21.6506 38
    endloop
  endfacet
  facet normal 0 0 1
    outer loop
      vertex -6.69131 7.43145 38
      vertex -16.7283 18.5786 38
      vertex -8.09017 5.87785 38
    endloop
  endfacet
  facet normal -0 0 1
    outer loop
      vertex -20.2254 14.6946 38
      vertex -8.09017 5.87785 38
      vertex -16.7283 18.5786 38
    endloop
  endfacet
  facet normal 0 0 1
    outer loop
      vertex -8.09017 5.87785 38
      vertex -20.2254 14.6946 38
      vertex -9.13545 4.06737 38
    endloop
  endfacet
  facet normal -0 0 1
    outer loop
      vertex 8.09017 -5.87785 38
      vertex 20.2254 -14.6946 38
      vertex 9.13545 -4.06737 38
    endloop
  endfacet
  facet normal 0 0 1
    outer loop
      vertex 20.2254 -14.6946 38
      vertex 8.09017 -5.87785 38
      vertex 16.7283 -18.5786 38
    endloop
  endfacet
  facet normal -0 0 1
    outer loop
      vertex 6.69131 -7.43145 38
      vertex 16.7283 -18.5786 38
      vertex 8.09017 -5.87785 38
    endloop
  endfacet
  facet normal 0 0 1
    outer loop
      vertex 16.7283 -18.5786 38
      vertex 6.69131 -7.43145 38
      vertex 12.5 -21.6506 38
    endloop
  endfacet
  facet normal -0 0 1
    outer loop
      vertex 5 -8.66025 38
      vertex 12.5 -21.6506 38
      vertex 6.69131 -7.43145 38
    endloop
  endfacet
  facet normal 0 0 1
    outer loop
      vertex 12.5 -21.6506 38
      vertex 5 -8.66025 38
      vertex 7.72542 -23.7764 38
    endloop
  endfacet
  facet normal -0 0 1
    outer loop
      vertex 3.09017 -9.51056 38
      vertex 7.72542 -23.7764 38
      vertex 5 -8.66025 38
    endloop
  endfacet
  facet normal 0 0 1
    outer loop
      vertex 3.09017 -9.51056 38
      vertex 2.61321 -24.863 38
      vertex 7.72542 -23.7764 38
    endloop
  endfacet
  facet normal -0 0 1
    outer loop
      vertex 1.04528 -9.94522 38
      vertex 2.61321 -24.863 38
      vertex 3.09017 -9.51056 38
    endloop
  endfacet
  facet normal -0 0 1
    outer loop
      vertex -1.04528 -9.94522 38
      vertex 2.61321 -24.863 38
      vertex 1.04528 -9.94522 38
    endloop
  endfacet
  facet normal 0 0 1
    outer loop
      vertex -1.04528 -9.94522 38
      vertex -2.61321 -24.863 38
      vertex 2.61321 -24.863 38
    endloop
  endfacet
  facet normal 0 0 1
    outer loop
      vertex -3.09017 -9.51056 38
      vertex -2.61321 -24.863 38
      vertex -1.04528 -9.94522 38
    endloop
  endfacet
  facet normal 0 0 1
    outer loop
      vertex -7.72542 -23.7764 38
      vertex -3.09017 -9.51056 38
      vertex -5 -8.66025 38
    endloop
  endfacet
  facet normal 0 0 1
    outer loop
      vertex -12.5 -21.6506 38
      vertex -5 -8.66025 38
      vertex -6.69131 -7.43145 38
    endloop
  endfacet
  facet normal 0 0 1
    outer loop
      vertex -3.09017 -9.51056 38
      vertex -7.72542 -23.7764 38
      vertex -2.61321 -24.863 38
    endloop
  endfacet
  facet normal 0 0 1
    outer loop
      vertex -16.7283 -18.5786 38
      vertex -6.69131 -7.43145 38
      vertex -8.09017 -5.87785 38
    endloop
  endfacet
  facet normal 0 0 1
    outer loop
      vertex -20.2254 -14.6946 38
      vertex -8.09017 -5.87785 38
      vertex -9.13545 -4.06737 38
    endloop
  endfacet
  facet normal 0 0 1
    outer loop
      vertex -22.8386 -10.1684 38
      vertex -9.13545 -4.06737 38
      vertex -9.78148 -2.07912 38
    endloop
  endfacet
  facet normal 0 0 1
    outer loop
      vertex -24.4537 -5.19779 38
      vertex -9.78148 -2.07912 38
      vertex -10 0 38
    endloop
  endfacet
  facet normal -0 0 1
    outer loop
      vertex -22.8386 10.1684 38
      vertex -9.13545 4.06737 38
      vertex -20.2254 14.6946 38
    endloop
  endfacet
  facet normal 0 0 1
    outer loop
      vertex -5 -8.66025 38
      vertex -12.5 -21.6506 38
      vertex -7.72542 -23.7764 38
    endloop
  endfacet
  facet normal 0 0 1
    outer loop
      vertex -9.13545 4.06737 38
      vertex -22.8386 10.1684 38
      vertex -9.78148 2.07912 38
    endloop
  endfacet
  facet normal 0 0 1
    outer loop
      vertex -6.69131 -7.43145 38
      vertex -16.7283 -18.5786 38
      vertex -12.5 -21.6506 38
    endloop
  endfacet
  facet normal -0 0 1
    outer loop
      vertex -24.4537 5.19779 38
      vertex -9.78148 2.07912 38
      vertex -22.8386 10.1684 38
    endloop
  endfacet
  facet normal 0 0 1
    outer loop
      vertex -8.09017 -5.87785 38
      vertex -20.2254 -14.6946 38
      vertex -16.7283 -18.5786 38
    endloop
  endfacet
  facet normal 0 0 1
    outer loop
      vertex -9.78148 2.07912 38
      vertex -24.4537 5.19779 38
      vertex -10 0 38
    endloop
  endfacet
  facet normal 0 0 1
    outer loop
      vertex -9.13545 -4.06737 38
      vertex -22.8386 -10.1684 38
      vertex -20.2254 -14.6946 38
    endloop
  endfacet
  facet normal 0 0 1
    outer loop
      vertex -25 0 38
      vertex -10 0 38
      vertex -24.4537 5.19779 38
    endloop
  endfacet
  facet normal 0 0 1
    outer loop
      vertex -9.78148 -2.07912 38
      vertex -24.4537 -5.19779 38
      vertex -22.8386 -10.1684 38
    endloop
  endfacet
  facet normal 0 0 1
    outer loop
      vertex -10 0 38
      vertex -25 0 38
      vertex -24.4537 -5.19779 38
    endloop
  endfacet
  facet normal 0.951054 -0.309026 0
    outer loop
      vertex 22.8386 -10.1684 38
      vertex 24.4537 -5.19779 8
      vertex 24.4537 -5.19779 38
    endloop
  endfacet
  facet normal 0.951054 -0.309026 0
    outer loop
      vertex 24.4537 -5.19779 8
      vertex 22.8386 -10.1684 38
      vertex 22.8386 -10.1684 8
    endloop
  endfacet
  facet normal 0 1 -0
    outer loop
      vertex 2.61321 24.863 8
      vertex -2.61321 24.863 38
      vertex 2.61321 24.863 38
    endloop
  endfacet
  facet normal 0 1 0
    outer loop
      vertex -2.61321 24.863 38
      vertex 2.61321 24.863 8
      vertex -2.61321 24.863 8
    endloop
  endfacet
  facet normal -0.58778 -0.809021 0
    outer loop
      vertex -16.7283 -18.5786 8
      vertex -12.5 -21.6506 38
      vertex -16.7283 -18.5786 38
    endloop
  endfacet
  facet normal -0.58778 -0.809021 -0
    outer loop
      vertex -12.5 -21.6506 38
      vertex -16.7283 -18.5786 8
      vertex -12.5 -21.6506 8
    endloop
  endfacet
  facet normal -0.40674 0.913544 0
    outer loop
      vertex -7.72542 23.7764 8
      vertex -12.5 21.6506 38
      vertex -7.72542 23.7764 38
    endloop
  endfacet
  facet normal -0.40674 0.913544 0
    outer loop
      vertex -12.5 21.6506 38
      vertex -7.72542 23.7764 8
      vertex -12.5 21.6506 8
    endloop
  endfacet
  facet normal -0.994522 -0.104527 0
    outer loop
      vertex -24.4537 -5.19779 8
      vertex -25 0 38
      vertex -25 0 8
    endloop
  endfacet
  facet normal -0.994522 -0.104527 0
    outer loop
      vertex -25 0 38
      vertex -24.4537 -5.19779 8
      vertex -24.4537 -5.19779 38
    endloop
  endfacet
  facet normal -0.743151 -0.669123 0
    outer loop
      vertex -16.7283 -18.5786 8
      vertex -20.2254 -14.6946 38
      vertex -20.2254 -14.6946 8
    endloop
  endfacet
  facet normal -0.743151 -0.669123 0
    outer loop
      vertex -20.2254 -14.6946 38
      vertex -16.7283 -18.5786 8
      vertex -16.7283 -18.5786 38
    endloop
  endfacet
  facet normal -0.866026 -0.5 0
    outer loop
      vertex -20.2254 -14.6946 8
      vertex -22.8386 -10.1684 38
      vertex -22.8386 -10.1684 8
    endloop
  endfacet
  facet normal -0.866026 -0.5 0
    outer loop
      vertex -22.8386 -10.1684 38
      vertex -20.2254 -14.6946 8
      vertex -20.2254 -14.6946 38
    endloop
  endfacet
  facet normal 0.207906 -0.978149 0
    outer loop
      vertex 2.61321 -24.863 8
      vertex 7.72542 -23.7764 38
      vertex 2.61321 -24.863 38
    endloop
  endfacet
  facet normal 0.207906 -0.978149 0
    outer loop
      vertex 7.72542 -23.7764 38
      vertex 2.61321 -24.863 8
      vertex 7.72542 -23.7764 8
    endloop
  endfacet
  facet normal -0.994522 0.104527 0
    outer loop
      vertex -25 0 8
      vertex -24.4537 5.19779 38
      vertex -24.4537 5.19779 8
    endloop
  endfacet
  facet normal -0.994522 0.104527 0
    outer loop
      vertex -24.4537 5.19779 38
      vertex -25 0 8
      vertex -25 0 38
    endloop
  endfacet
  facet normal 0.207906 0.978149 -0
    outer loop
      vertex 7.72542 23.7764 8
      vertex 2.61321 24.863 38
      vertex 7.72542 23.7764 38
    endloop
  endfacet
  facet normal 0.207906 0.978149 0
    outer loop
      vertex 2.61321 24.863 38
      vertex 7.72542 23.7764 8
      vertex 2.61321 24.863 8
    endloop
  endfacet
  facet normal 0.58778 0.809021 -0
    outer loop
      vertex 16.7283 18.5786 8
      vertex 12.5 21.6506 38
      vertex 16.7283 18.5786 38
    endloop
  endfacet
  facet normal 0.58778 0.809021 0
    outer loop
      vertex 12.5 21.6506 38
      vertex 16.7283 18.5786 8
      vertex 12.5 21.6506 8
    endloop
  endfacet
  facet normal -0.207906 0.978149 0
    outer loop
      vertex -2.61321 24.863 8
      vertex -7.72542 23.7764 38
      vertex -2.61321 24.863 38
    endloop
  endfacet
  facet normal -0.207906 0.978149 0
    outer loop
      vertex -7.72542 23.7764 38
      vertex -2.61321 24.863 8
      vertex -7.72542 23.7764 8
    endloop
  endfacet
  facet normal 0.40674 -0.913544 0
    outer loop
      vertex 7.72542 -23.7764 8
      vertex 12.5 -21.6506 38
      vertex 7.72542 -23.7764 38
    endloop
  endfacet
  facet normal 0.40674 -0.913544 0
    outer loop
      vertex 12.5 -21.6506 38
      vertex 7.72542 -23.7764 8
      vertex 12.5 -21.6506 8
    endloop
  endfacet
  facet normal 0 -1 0
    outer loop
      vertex -2.61321 -24.863 8
      vertex 2.61321 -24.863 38
      vertex -2.61321 -24.863 38
    endloop
  endfacet
  facet normal 0 -1 -0
    outer loop
      vertex 2.61321 -24.863 38
      vertex -2.61321 -24.863 8
      vertex 2.61321 -24.863 8
    endloop
  endfacet
  facet normal -0.207906 -0.978149 0
    outer loop
      vertex -7.72542 -23.7764 8
      vertex -2.61321 -24.863 38
      vertex -7.72542 -23.7764 38
    endloop
  endfacet
  facet normal -0.207906 -0.978149 -0
    outer loop
      vertex -2.61321 -24.863 38
      vertex -7.72542 -23.7764 8
      vertex -2.61321 -24.863 8
    endloop
  endfacet
  facet normal -0.951054 0.309026 0
    outer loop
      vertex -24.4537 5.19779 8
      vertex -22.8386 10.1684 38
      vertex -22.8386 10.1684 8
    endloop
  endfacet
  facet normal -0.951054 0.309026 0
    outer loop
      vertex -22.8386 10.1684 38
      vertex -24.4537 5.19779 8
      vertex -24.4537 5.19779 38
    endloop
  endfacet
  facet normal 0.743147 0.669129 0
    outer loop
      vertex -6.69131 -7.43145 38
      vertex -8.09017 -5.87785 8
      vertex -8.09017 -5.87785 38
    endloop
  endfacet
  facet normal 0.743147 0.669129 0
    outer loop
      vertex -8.09017 -5.87785 8
      vertex -6.69131 -7.43145 38
      vertex -6.69131 -7.43145 8
    endloop
  endfacet
  facet normal -0.951055 -0.309021 0
    outer loop
      vertex 9.78148 2.07912 8
      vertex 9.13545 4.06737 38
      vertex 9.13545 4.06737 8
    endloop
  endfacet
  facet normal -0.951055 -0.309021 0
    outer loop
      vertex 9.13545 4.06737 38
      vertex 9.78148 2.07912 8
      vertex 9.78148 2.07912 38
    endloop
  endfacet
  facet normal -0.994522 -0.104526 0
    outer loop
      vertex 10 0 8
      vertex 9.78148 2.07912 38
      vertex 9.78148 2.07912 8
    endloop
  endfacet
  facet normal -0.994522 -0.104526 0
    outer loop
      vertex 9.78148 2.07912 38
      vertex 10 0 8
      vertex 10 0 38
    endloop
  endfacet
  facet normal -0.866026 -0.5 0
    outer loop
      vertex 9.13545 4.06737 8
      vertex 8.09017 5.87785 38
      vertex 8.09017 5.87785 8
    endloop
  endfacet
  facet normal -0.866026 -0.5 0
    outer loop
      vertex 8.09017 5.87785 38
      vertex 9.13545 4.06737 8
      vertex 9.13545 4.06737 38
    endloop
  endfacet
  facet normal -0.951055 0.309021 0
    outer loop
      vertex 9.13545 -4.06737 8
      vertex 9.78148 -2.07912 38
      vertex 9.78148 -2.07912 8
    endloop
  endfacet
  facet normal -0.951055 0.309021 0
    outer loop
      vertex 9.78148 -2.07912 38
      vertex 9.13545 -4.06737 8
      vertex 9.13545 -4.06737 38
    endloop
  endfacet
  facet normal -0.587783 0.809019 0
    outer loop
      vertex 6.69131 -7.43145 8
      vertex 5 -8.66025 38
      vertex 6.69131 -7.43145 38
    endloop
  endfacet
  facet normal -0.587783 0.809019 0
    outer loop
      vertex 5 -8.66025 38
      vertex 6.69131 -7.43145 8
      vertex 5 -8.66025 8
    endloop
  endfacet
  facet normal -0.743147 0.669129 0
    outer loop
      vertex 6.69131 -7.43145 8
      vertex 8.09017 -5.87785 38
      vertex 8.09017 -5.87785 8
    endloop
  endfacet
  facet normal -0.743147 0.669129 0
    outer loop
      vertex 8.09017 -5.87785 38
      vertex 6.69131 -7.43145 8
      vertex 6.69131 -7.43145 38
    endloop
  endfacet
  facet normal -0.994522 0.104526 0
    outer loop
      vertex 9.78148 -2.07912 8
      vertex 10 0 38
      vertex 10 0 8
    endloop
  endfacet
  facet normal -0.994522 0.104526 0
    outer loop
      vertex 10 0 38
      vertex 9.78148 -2.07912 8
      vertex 9.78148 -2.07912 38
    endloop
  endfacet
  facet normal 0.406736 0.913546 -0
    outer loop
      vertex -3.09017 -9.51056 8
      vertex -5 -8.66025 38
      vertex -3.09017 -9.51056 38
    endloop
  endfacet
  facet normal 0.406736 0.913546 0
    outer loop
      vertex -5 -8.66025 38
      vertex -3.09017 -9.51056 8
      vertex -5 -8.66025 8
    endloop
  endfacet
  facet normal -0.406736 -0.913546 0
    outer loop
      vertex 3.09017 9.51056 8
      vertex 5 8.66025 38
      vertex 3.09017 9.51056 38
    endloop
  endfacet
  facet normal -0.406736 -0.913546 -0
    outer loop
      vertex 5 8.66025 38
      vertex 3.09017 9.51056 8
      vertex 5 8.66025 8
    endloop
  endfacet
  facet normal -0.743147 -0.669129 0
    outer loop
      vertex 8.09017 5.87785 8
      vertex 6.69131 7.43145 38
      vertex 6.69131 7.43145 8
    endloop
  endfacet
  facet normal -0.743147 -0.669129 0
    outer loop
      vertex 6.69131 7.43145 38
      vertex 8.09017 5.87785 8
      vertex 8.09017 5.87785 38
    endloop
  endfacet
  facet normal 0.587783 0.809019 -0
    outer loop
      vertex -5 -8.66025 8
      vertex -6.69131 -7.43145 38
      vertex -5 -8.66025 38
    endloop
  endfacet
  facet normal 0.587783 0.809019 0
    outer loop
      vertex -6.69131 -7.43145 38
      vertex -5 -8.66025 8
      vertex -6.69131 -7.43145 8
    endloop
  endfacet
  facet normal 0.743147 -0.669129 0
    outer loop
      vertex -8.09017 5.87785 38
      vertex -6.69131 7.43145 8
      vertex -6.69131 7.43145 38
    endloop
  endfacet
  facet normal 0.743147 -0.669129 0
    outer loop
      vertex -6.69131 7.43145 8
      vertex -8.09017 5.87785 38
      vertex -8.09017 5.87785 8
    endloop
  endfacet
  facet normal 0 -1 0
    outer loop
      vertex -1.04528 9.94522 8
      vertex 1.04528 9.94522 38
      vertex -1.04528 9.94522 38
    endloop
  endfacet
  facet normal 0 -1 -0
    outer loop
      vertex 1.04528 9.94522 38
      vertex -1.04528 9.94522 8
      vertex 1.04528 9.94522 8
    endloop
  endfacet
  facet normal -0.406736 0.913546 0
    outer loop
      vertex 5 -8.66025 8
      vertex 3.09017 -9.51056 38
      vertex 5 -8.66025 38
    endloop
  endfacet
  facet normal -0.406736 0.913546 0
    outer loop
      vertex 3.09017 -9.51056 38
      vertex 5 -8.66025 8
      vertex 3.09017 -9.51056 8
    endloop
  endfacet
  facet normal -0.207914 0.978147 0
    outer loop
      vertex 3.09017 -9.51056 8
      vertex 1.04528 -9.94522 38
      vertex 3.09017 -9.51056 38
    endloop
  endfacet
  facet normal -0.207914 0.978147 0
    outer loop
      vertex 1.04528 -9.94522 38
      vertex 3.09017 -9.51056 8
      vertex 1.04528 -9.94522 8
    endloop
  endfacet
  facet normal 0.951055 -0.309021 0
    outer loop
      vertex -9.78148 2.07912 38
      vertex -9.13545 4.06737 8
      vertex -9.13545 4.06737 38
    endloop
  endfacet
  facet normal 0.951055 -0.309021 0
    outer loop
      vertex -9.13545 4.06737 8
      vertex -9.78148 2.07912 38
      vertex -9.78148 2.07912 8
    endloop
  endfacet
  facet normal 0.951055 0.309021 0
    outer loop
      vertex -9.13545 -4.06737 38
      vertex -9.78148 -2.07912 8
      vertex -9.78148 -2.07912 38
    endloop
  endfacet
  facet normal 0.951055 0.309021 0
    outer loop
      vertex -9.78148 -2.07912 8
      vertex -9.13545 -4.06737 38
      vertex -9.13545 -4.06737 8
    endloop
  endfacet
  facet normal 0.406736 -0.913546 0
    outer loop
      vertex -5 8.66025 8
      vertex -3.09017 9.51056 38
      vertex -5 8.66025 38
    endloop
  endfacet
  facet normal 0.406736 -0.913546 0
    outer loop
      vertex -3.09017 9.51056 38
      vertex -5 8.66025 8
      vertex -3.09017 9.51056 8
    endloop
  endfacet
  facet normal 0.207914 0.978147 -0
    outer loop
      vertex -1.04528 -9.94522 8
      vertex -3.09017 -9.51056 38
      vertex -1.04528 -9.94522 38
    endloop
  endfacet
  facet normal 0.207914 0.978147 0
    outer loop
      vertex -3.09017 -9.51056 38
      vertex -1.04528 -9.94522 8
      vertex -3.09017 -9.51056 8
    endloop
  endfacet
  facet normal -0.207914 -0.978147 0
    outer loop
      vertex 1.04528 9.94522 8
      vertex 3.09017 9.51056 38
      vertex 1.04528 9.94522 38
    endloop
  endfacet
  facet normal -0.207914 -0.978147 -0
    outer loop
      vertex 3.09017 9.51056 38
      vertex 1.04528 9.94522 8
      vertex 3.09017 9.51056 8
    endloop
  endfacet
  facet normal 0.994522 0.104526 0
    outer loop
      vertex -9.78148 -2.07912 38
      vertex -10 0 8
      vertex -10 0 38
    endloop
  endfacet
  facet normal 0.994522 0.104526 0
    outer loop
      vertex -10 0 8
      vertex -9.78148 -2.07912 38
      vertex -9.78148 -2.07912 8
    endloop
  endfacet
  facet normal 0.994522 -0.104526 0
    outer loop
      vertex -10 0 38
      vertex -9.78148 2.07912 8
      vertex -9.78148 2.07912 38
    endloop
  endfacet
  facet normal 0.994522 -0.104526 0
    outer loop
      vertex -9.78148 2.07912 8
      vertex -10 0 38
      vertex -10 0 8
    endloop
  endfacet
  facet normal 0.866026 0.5 0
    outer loop
      vertex -8.09017 -5.87785 38
      vertex -9.13545 -4.06737 8
      vertex -9.13545 -4.06737 38
    endloop
  endfacet
  facet normal 0.866026 0.5 0
    outer loop
      vertex -9.13545 -4.06737 8
      vertex -8.09017 -5.87785 38
      vertex -8.09017 -5.87785 8
    endloop
  endfacet
  facet normal 0.866026 -0.5 0
    outer loop
      vertex -9.13545 4.06737 38
      vertex -8.09017 5.87785 8
      vertex -8.09017 5.87785 38
    endloop
  endfacet
  facet normal 0.866026 -0.5 0
    outer loop
      vertex -8.09017 5.87785 8
      vertex -9.13545 4.06737 38
      vertex -9.13545 4.06737 8
    endloop
  endfacet
  facet normal -0.866026 0.5 0
    outer loop
      vertex 8.09017 -5.87785 8
      vertex 9.13545 -4.06737 38
      vertex 9.13545 -4.06737 8
    endloop
  endfacet
  facet normal -0.866026 0.5 0
    outer loop
      vertex 9.13545 -4.06737 38
      vertex 8.09017 -5.87785 8
      vertex 8.09017 -5.87785 38
    endloop
  endfacet
  facet normal -0.587783 -0.809019 0
    outer loop
      vertex 5 8.66025 8
      vertex 6.69131 7.43145 38
      vertex 5 8.66025 38
    endloop
  endfacet
  facet normal -0.587783 -0.809019 -0
    outer loop
      vertex 6.69131 7.43145 38
      vertex 5 8.66025 8
      vertex 6.69131 7.43145 8
    endloop
  endfacet
  facet normal 0.587783 -0.809019 0
    outer loop
      vertex -6.69131 7.43145 8
      vertex -5 8.66025 38
      vertex -6.69131 7.43145 38
    endloop
  endfacet
  facet normal 0.587783 -0.809019 0
    outer loop
      vertex -5 8.66025 38
      vertex -6.69131 7.43145 8
      vertex -5 8.66025 8
    endloop
  endfacet
  facet normal 0.207914 -0.978147 0
    outer loop
      vertex -3.09017 9.51056 8
      vertex -1.04528 9.94522 38
      vertex -3.09017 9.51056 38
    endloop
  endfacet
  facet normal 0.207914 -0.978147 0
    outer loop
      vertex -1.04528 9.94522 38
      vertex -3.09017 9.51056 8
      vertex -1.04528 9.94522 8
    endloop
  endfacet
  facet normal 0 1 -0
    outer loop
      vertex 1.04528 -9.94522 8
      vertex -1.04528 -9.94522 38
      vertex 1.04528 -9.94522 38
    endloop
  endfacet
  facet normal 0 1 0
    outer loop
      vertex -1.04528 -9.94522 38
      vertex 1.04528 -9.94522 8
      vertex -1.04528 -9.94522 8
    endloop
  endfacet
  facet normal 0 0 1
    outer loop
      vertex 34.2678 1.76777 17.5
      vertex 34.2678 -1.76777 17.5
      vertex 35 0 17.5
    endloop
  endfacet
  facet normal 0 0 1
    outer loop
      vertex 32.5 2.5 17.5
      vertex 34.2678 -1.76777 17.5
      vertex 34.2678 1.76777 17.5
    endloop
  endfacet
  facet normal 0 0 1
    outer loop
      vertex 32.5 2.5 17.5
      vertex 32.5 -2.5 17.5
      vertex 34.2678 -1.76777 17.5
    endloop
  endfacet
  facet normal -0 0 1
    outer loop
      vertex 30.7322 1.76777 17.5
      vertex 32.5 -2.5 17.5
      vertex 32.5 2.5 17.5
    endloop
  endfacet
  facet normal 0 0 1
    outer loop
      vertex 30.7322 1.76777 17.5
      vertex 30.7322 -1.76777 17.5
      vertex 32.5 -2.5 17.5
    endloop
  endfacet
  facet normal 0 -0 1
    outer loop
      vertex 30.7322 -1.76777 17.5
      vertex 30.7322 1.76777 17.5
      vertex 30 0 17.5
    endloop
  endfacet
  facet normal 0 0 -1
    outer loop
      vertex 34.2678 -1.76777 -22.5
      vertex 34.2678 1.76777 -22.5
      vertex 35 0 -22.5
    endloop
  endfacet
  facet normal 0 0 -1
    outer loop
      vertex 32.5 -2.5 -22.5
      vertex 34.2678 1.76777 -22.5
      vertex 34.2678 -1.76777 -22.5
    endloop
  endfacet
  facet normal 0 0 -1
    outer loop
      vertex 32.5 -2.5 -22.5
      vertex 32.5 2.5 -22.5
      vertex 34.2678 1.76777 -22.5
    endloop
  endfacet
  facet normal 0 0 -1
    outer loop
      vertex 30.7322 -1.76777 -22.5
      vertex 32.5 2.5 -22.5
      vertex 32.5 -2.5 -22.5
    endloop
  endfacet
  facet normal 0 0 -1
    outer loop
      vertex 30.7322 -1.76777 -22.5
      vertex 30.7322 1.76777 -22.5
      vertex 32.5 2.5 -22.5
    endloop
  endfacet
  facet normal 0 -0 -1
    outer loop
      vertex 30.7322 1.76777 -22.5
      vertex 30.7322 -1.76777 -22.5
      vertex 30 0 -22.5
    endloop
  endfacet
  facet normal -0.568069 0.822981 0
    outer loop
      vertex 31.0816 3.74006 18
      vertex 29.506 2.65249 22
      vertex 31.0816 3.74006 22
    endloop
  endfacet
  facet normal -0.568069 0.822981 0
    outer loop
      vertex 29.506 2.65249 22
      vertex 31.0816 3.74006 18
      vertex 29.506 2.65249 18
    endloop
  endfacet
  facet normal 0.748527 0.663104 0
    outer loop
      vertex 36.0418 1.85889 22
      vertex 34.7723 3.29193 18
      vertex 34.7723 3.29193 22
    endloop
  endfacet
  facet normal 0.748527 0.663104 0
    outer loop
      vertex 34.7723 3.29193 18
      vertex 36.0418 1.85889 22
      vertex 36.0418 1.85889 18
    endloop
  endfacet
  facet normal 0.970939 0.239328 0
    outer loop
      vertex 36.5 0 22
      vertex 36.0418 1.85889 18
      vertex 36.0418 1.85889 22
    endloop
  endfacet
  facet normal 0.970939 0.239328 0
    outer loop
      vertex 36.0418 1.85889 18
      vertex 36.5 0 22
      vertex 36.5 0 18
    endloop
  endfacet
  facet normal -1 0 0
    outer loop
      vertex 28.6162 -0.957262 18
      vertex 28.6162 0.957262 22
      vertex 28.6162 0.957262 18
    endloop
  endfacet
  facet normal -1 -0 0
    outer loop
      vertex 28.6162 0.957262 22
      vertex 28.6162 -0.957262 18
      vertex 28.6162 -0.957262 22
    endloop
  endfacet
  facet normal -0.88544 0.464754 0
    outer loop
      vertex 28.6162 0.957262 18
      vertex 29.506 2.65249 22
      vertex 29.506 2.65249 18
    endloop
  endfacet
  facet normal -0.88544 0.464754 0
    outer loop
      vertex 29.506 2.65249 22
      vertex 28.6162 0.957262 18
      vertex 28.6162 0.957262 22
    endloop
  endfacet
  facet normal 0.35459 0.935022 -0
    outer loop
      vertex 34.7723 3.29193 18
      vertex 32.9821 3.97083 22
      vertex 34.7723 3.29193 22
    endloop
  endfacet
  facet normal 0.35459 0.935022 0
    outer loop
      vertex 32.9821 3.97083 22
      vertex 34.7723 3.29193 18
      vertex 32.9821 3.97083 18
    endloop
  endfacet
  facet normal 0.970939 -0.239328 0
    outer loop
      vertex 36.0418 -1.85889 22
      vertex 36.5 0 18
      vertex 36.5 0 22
    endloop
  endfacet
  facet normal 0.970939 -0.239328 0
    outer loop
      vertex 36.5 0 18
      vertex 36.0418 -1.85889 22
      vertex 36.0418 -1.85889 18
    endloop
  endfacet
  facet normal 0 0 1
    outer loop
      vertex 36.0418 1.85889 22
      vertex 36.0418 -1.85889 22
      vertex 36.5 0 22
    endloop
  endfacet
  facet normal 0 0 1
    outer loop
      vertex 34.7723 3.29193 22
      vertex 36.0418 -1.85889 22
      vertex 36.0418 1.85889 22
    endloop
  endfacet
  facet normal 0 0 1
    outer loop
      vertex 34.7723 3.29193 22
      vertex 34.7723 -3.29193 22
      vertex 36.0418 -1.85889 22
    endloop
  endfacet
  facet normal 0 0 1
    outer loop
      vertex 32.9821 3.97083 22
      vertex 34.7723 -3.29193 22
      vertex 34.7723 3.29193 22
    endloop
  endfacet
  facet normal 0 0 1
    outer loop
      vertex 32.9821 3.97083 22
      vertex 32.9821 -3.97083 22
      vertex 34.7723 -3.29193 22
    endloop
  endfacet
  facet normal -0 0 1
    outer loop
      vertex 31.0816 3.74006 22
      vertex 32.9821 -3.97083 22
      vertex 32.9821 3.97083 22
    endloop
  endfacet
  facet normal 0 0 1
    outer loop
      vertex 31.0816 3.74006 22
      vertex 31.0816 -3.74006 22
      vertex 32.9821 -3.97083 22
    endloop
  endfacet
  facet normal -0 0 1
    outer loop
      vertex 29.506 2.65249 22
      vertex 31.0816 -3.74006 22
      vertex 31.0816 3.74006 22
    endloop
  endfacet
  facet normal 0 0 1
    outer loop
      vertex 29.506 2.65249 22
      vertex 29.506 -2.65249 22
      vertex 31.0816 -3.74006 22
    endloop
  endfacet
  facet normal -0 0 1
    outer loop
      vertex 28.6162 0.957262 22
      vertex 29.506 -2.65249 22
      vertex 29.506 2.65249 22
    endloop
  endfacet
  facet normal 0 0 1
    outer loop
      vertex 29.506 -2.65249 22
      vertex 28.6162 0.957262 22
      vertex 28.6162 -0.957262 22
    endloop
  endfacet
  facet normal -0.120541 -0.992708 0
    outer loop
      vertex 31.0816 -3.74006 18
      vertex 32.9821 -3.97083 22
      vertex 31.0816 -3.74006 22
    endloop
  endfacet
  facet normal -0.120541 -0.992708 -0
    outer loop
      vertex 32.9821 -3.97083 22
      vertex 31.0816 -3.74006 18
      vertex 32.9821 -3.97083 18
    endloop
  endfacet
  facet normal 0.748527 -0.663104 0
    outer loop
      vertex 34.7723 -3.29193 22
      vertex 36.0418 -1.85889 18
      vertex 36.0418 -1.85889 22
    endloop
  endfacet
  facet normal 0.748527 -0.663104 0
    outer loop
      vertex 36.0418 -1.85889 18
      vertex 34.7723 -3.29193 22
      vertex 34.7723 -3.29193 18
    endloop
  endfacet
  facet normal 0.35459 -0.935022 0
    outer loop
      vertex 32.9821 -3.97083 18
      vertex 34.7723 -3.29193 22
      vertex 32.9821 -3.97083 22
    endloop
  endfacet
  facet normal 0.35459 -0.935022 0
    outer loop
      vertex 34.7723 -3.29193 22
      vertex 32.9821 -3.97083 18
      vertex 34.7723 -3.29193 18
    endloop
  endfacet
  facet normal -0.120541 0.992708 0
    outer loop
      vertex 32.9821 3.97083 18
      vertex 31.0816 3.74006 22
      vertex 32.9821 3.97083 22
    endloop
  endfacet
  facet normal -0.120541 0.992708 0
    outer loop
      vertex 31.0816 3.74006 22
      vertex 32.9821 3.97083 18
      vertex 31.0816 3.74006 18
    endloop
  endfacet
  facet normal -0.568069 -0.822981 0
    outer loop
      vertex 29.506 -2.65249 18
      vertex 31.0816 -3.74006 22
      vertex 29.506 -2.65249 22
    endloop
  endfacet
  facet normal -0.568069 -0.822981 -0
    outer loop
      vertex 31.0816 -3.74006 22
      vertex 29.506 -2.65249 18
      vertex 31.0816 -3.74006 18
    endloop
  endfacet
  facet normal -0.88544 -0.464754 0
    outer loop
      vertex 29.506 -2.65249 18
      vertex 28.6162 -0.957262 22
      vertex 28.6162 -0.957262 18
    endloop
  endfacet
  facet normal -0.88544 -0.464754 0
    outer loop
      vertex 28.6162 -0.957262 22
      vertex 29.506 -2.65249 18
      vertex 29.506 -2.65249 22
    endloop
  endfacet
  facet normal 0 0 -1
    outer loop
      vertex 36.0418 -1.85889 18
      vertex 36.0418 1.85889 18
      vertex 36.5 0 18
    endloop
  endfacet
  facet normal 0 0 -1
    outer loop
      vertex 34.7723 -3.29193 18
      vertex 36.0418 1.85889 18
      vertex 36.0418 -1.85889 18
    endloop
  endfacet
  facet normal 0 0 -1
    outer loop
      vertex 34.7723 -3.29193 18
      vertex 34.7723 3.29193 18
      vertex 36.0418 1.85889 18
    endloop
  endfacet
  facet normal 0 0 -1
    outer loop
      vertex 32.9821 -3.97083 18
      vertex 34.7723 3.29193 18
      vertex 34.7723 -3.29193 18
    endloop
  endfacet
  facet normal 0 0 -1
    outer loop
      vertex 32.9821 -3.97083 18
      vertex 32.9821 3.97083 18
      vertex 34.7723 3.29193 18
    endloop
  endfacet
  facet normal 0 0 -1
    outer loop
      vertex 31.0816 -3.74006 18
      vertex 32.9821 3.97083 18
      vertex 32.9821 -3.97083 18
    endloop
  endfacet
  facet normal 0 0 -1
    outer loop
      vertex 31.0816 -3.74006 18
      vertex 31.0816 3.74006 18
      vertex 32.9821 3.97083 18
    endloop
  endfacet
  facet normal 0 0 -1
    outer loop
      vertex 29.506 -2.65249 18
      vertex 31.0816 3.74006 18
      vertex 31.0816 -3.74006 18
    endloop
  endfacet
  facet normal 0 0 -1
    outer loop
      vertex 29.506 -2.65249 18
      vertex 29.506 2.65249 18
      vertex 31.0816 3.74006 18
    endloop
  endfacet
  facet normal 0 0 -1
    outer loop
      vertex 28.6162 -0.957262 18
      vertex 29.506 2.65249 18
      vertex 29.506 -2.65249 18
    endloop
  endfacet
  facet normal 0 0 -1
    outer loop
      vertex 29.506 2.65249 18
      vertex 28.6162 -0.957262 18
      vertex 28.6162 0.957262 18
    endloop
  endfacet
  facet normal 0 0 1
    outer loop
      vertex 29.9136 18.0178 17.5
      vertex 29.9136 14.4822 17.5
      vertex 30.6458 16.25 17.5
    endloop
  endfacet
  facet normal 0 0 1
    outer loop
      vertex 28.1458 18.75 17.5
      vertex 29.9136 14.4822 17.5
      vertex 29.9136 18.0178 17.5
    endloop
  endfacet
  facet normal 0 0 1
    outer loop
      vertex 28.1458 18.75 17.5
      vertex 28.1458 13.75 17.5
      vertex 29.9136 14.4822 17.5
    endloop
  endfacet
  facet normal -0 0 1
    outer loop
      vertex 26.3781 18.0178 17.5
      vertex 28.1458 13.75 17.5
      vertex 28.1458 18.75 17.5
    endloop
  endfacet
  facet normal 0 0 1
    outer loop
      vertex 26.3781 18.0178 17.5
      vertex 26.3781 14.4822 17.5
      vertex 28.1458 13.75 17.5
    endloop
  endfacet
  facet normal 0 -0 1
    outer loop
      vertex 26.3781 14.4822 17.5
      vertex 26.3781 18.0178 17.5
      vertex 25.6458 16.25 17.5
    endloop
  endfacet
  facet normal 0 0 -1
    outer loop
      vertex 29.9136 14.4822 -22.5
      vertex 29.9136 18.0178 -22.5
      vertex 30.6458 16.25 -22.5
    endloop
  endfacet
  facet normal 0 0 -1
    outer loop
      vertex 28.1458 13.75 -22.5
      vertex 29.9136 18.0178 -22.5
      vertex 29.9136 14.4822 -22.5
    endloop
  endfacet
  facet normal 0 0 -1
    outer loop
      vertex 28.1458 13.75 -22.5
      vertex 28.1458 18.75 -22.5
      vertex 29.9136 18.0178 -22.5
    endloop
  endfacet
  facet normal 0 0 -1
    outer loop
      vertex 26.3781 14.4822 -22.5
      vertex 28.1458 18.75 -22.5
      vertex 28.1458 13.75 -22.5
    endloop
  endfacet
  facet normal 0 0 -1
    outer loop
      vertex 26.3781 14.4822 -22.5
      vertex 26.3781 18.0178 -22.5
      vertex 28.1458 18.75 -22.5
    endloop
  endfacet
  facet normal 0 -0 -1
    outer loop
      vertex 26.3781 18.0178 -22.5
      vertex 26.3781 14.4822 -22.5
      vertex 25.6458 16.25 -22.5
    endloop
  endfacet
  facet normal -0.56808 0.822974 0
    outer loop
      vertex 26.7274 19.9901 18
      vertex 25.1518 18.9025 22
      vertex 26.7274 19.9901 22
    endloop
  endfacet
  facet normal -0.56808 0.822974 0
    outer loop
      vertex 25.1518 18.9025 22
      vertex 26.7274 19.9901 18
      vertex 25.1518 18.9025 18
    endloop
  endfacet
  facet normal 0.748518 0.663115 0
    outer loop
      vertex 31.6876 18.1089 22
      vertex 30.4181 19.5419 18
      vertex 30.4181 19.5419 22
    endloop
  endfacet
  facet normal 0.748518 0.663115 0
    outer loop
      vertex 30.4181 19.5419 18
      vertex 31.6876 18.1089 22
      vertex 31.6876 18.1089 18
    endloop
  endfacet
  facet normal 0.970939 0.239327 0
    outer loop
      vertex 32.1458 16.25 22
      vertex 31.6876 18.1089 18
      vertex 31.6876 18.1089 22
    endloop
  endfacet
  facet normal 0.970939 0.239327 0
    outer loop
      vertex 31.6876 18.1089 18
      vertex 32.1458 16.25 22
      vertex 32.1458 16.25 18
    endloop
  endfacet
  facet normal -1 0 0
    outer loop
      vertex 24.2621 15.2927 18
      vertex 24.2621 17.2073 22
      vertex 24.2621 17.2073 18
    endloop
  endfacet
  facet normal -1 -0 0
    outer loop
      vertex 24.2621 17.2073 22
      vertex 24.2621 15.2927 18
      vertex 24.2621 15.2927 22
    endloop
  endfacet
  facet normal -0.885458 0.464719 0
    outer loop
      vertex 24.2621 17.2073 18
      vertex 25.1518 18.9025 22
      vertex 25.1518 18.9025 18
    endloop
  endfacet
  facet normal -0.885458 0.464719 0
    outer loop
      vertex 25.1518 18.9025 22
      vertex 24.2621 17.2073 18
      vertex 24.2621 17.2073 22
    endloop
  endfacet
  facet normal 0.354607 0.935015 -0
    outer loop
      vertex 30.4181 19.5419 18
      vertex 28.628 20.2208 22
      vertex 30.4181 19.5419 22
    endloop
  endfacet
  facet normal 0.354607 0.935015 0
    outer loop
      vertex 28.628 20.2208 22
      vertex 30.4181 19.5419 18
      vertex 28.628 20.2208 18
    endloop
  endfacet
  facet normal 0.970939 -0.239327 0
    outer loop
      vertex 31.6876 14.3911 22
      vertex 32.1458 16.25 18
      vertex 32.1458 16.25 22
    endloop
  endfacet
  facet normal 0.970939 -0.239327 0
    outer loop
      vertex 32.1458 16.25 18
      vertex 31.6876 14.3911 22
      vertex 31.6876 14.3911 18
    endloop
  endfacet
  facet normal 0 0 1
    outer loop
      vertex 31.6876 18.1089 22
      vertex 31.6876 14.3911 22
      vertex 32.1458 16.25 22
    endloop
  endfacet
  facet normal 0 0 1
    outer loop
      vertex 30.4181 19.5419 22
      vertex 31.6876 14.3911 22
      vertex 31.6876 18.1089 22
    endloop
  endfacet
  facet normal 0 0 1
    outer loop
      vertex 30.4181 19.5419 22
      vertex 30.4181 12.9581 22
      vertex 31.6876 14.3911 22
    endloop
  endfacet
  facet normal 0 0 1
    outer loop
      vertex 28.628 20.2208 22
      vertex 30.4181 12.9581 22
      vertex 30.4181 19.5419 22
    endloop
  endfacet
  facet normal 0 0 1
    outer loop
      vertex 28.628 20.2208 22
      vertex 28.628 12.2792 22
      vertex 30.4181 12.9581 22
    endloop
  endfacet
  facet normal -0 0 1
    outer loop
      vertex 26.7274 19.9901 22
      vertex 28.628 12.2792 22
      vertex 28.628 20.2208 22
    endloop
  endfacet
  facet normal 0 0 1
    outer loop
      vertex 26.7274 19.9901 22
      vertex 26.7274 12.5099 22
      vertex 28.628 12.2792 22
    endloop
  endfacet
  facet normal -0 0 1
    outer loop
      vertex 25.1518 18.9025 22
      vertex 26.7274 12.5099 22
      vertex 26.7274 19.9901 22
    endloop
  endfacet
  facet normal 0 0 1
    outer loop
      vertex 25.1518 18.9025 22
      vertex 25.1518 13.5975 22
      vertex 26.7274 12.5099 22
    endloop
  endfacet
  facet normal -0 0 1
    outer loop
      vertex 24.2621 17.2073 22
      vertex 25.1518 13.5975 22
      vertex 25.1518 18.9025 22
    endloop
  endfacet
  facet normal 0 0 1
    outer loop
      vertex 25.1518 13.5975 22
      vertex 24.2621 17.2073 22
      vertex 24.2621 15.2927 22
    endloop
  endfacet
  facet normal -0.120498 -0.992714 0
    outer loop
      vertex 26.7274 12.5099 18
      vertex 28.628 12.2792 22
      vertex 26.7274 12.5099 22
    endloop
  endfacet
  facet normal -0.120498 -0.992714 -0
    outer loop
      vertex 28.628 12.2792 22
      vertex 26.7274 12.5099 18
      vertex 28.628 12.2792 18
    endloop
  endfacet
  facet normal 0.748518 -0.663115 0
    outer loop
      vertex 30.4181 12.9581 22
      vertex 31.6876 14.3911 18
      vertex 31.6876 14.3911 22
    endloop
  endfacet
  facet normal 0.748518 -0.663115 0
    outer loop
      vertex 31.6876 14.3911 18
      vertex 30.4181 12.9581 22
      vertex 30.4181 12.9581 18
    endloop
  endfacet
  facet normal 0.354607 -0.935015 0
    outer loop
      vertex 28.628 12.2792 18
      vertex 30.4181 12.9581 22
      vertex 28.628 12.2792 22
    endloop
  endfacet
  facet normal 0.354607 -0.935015 0
    outer loop
      vertex 30.4181 12.9581 22
      vertex 28.628 12.2792 18
      vertex 30.4181 12.9581 18
    endloop
  endfacet
  facet normal -0.120498 0.992714 0
    outer loop
      vertex 28.628 20.2208 18
      vertex 26.7274 19.9901 22
      vertex 28.628 20.2208 22
    endloop
  endfacet
  facet normal -0.120498 0.992714 0
    outer loop
      vertex 26.7274 19.9901 22
      vertex 28.628 20.2208 18
      vertex 26.7274 19.9901 18
    endloop
  endfacet
  facet normal -0.56808 -0.822974 0
    outer loop
      vertex 25.1518 13.5975 18
      vertex 26.7274 12.5099 22
      vertex 25.1518 13.5975 22
    endloop
  endfacet
  facet normal -0.56808 -0.822974 -0
    outer loop
      vertex 26.7274 12.5099 22
      vertex 25.1518 13.5975 18
      vertex 26.7274 12.5099 18
    endloop
  endfacet
  facet normal -0.885458 -0.464719 0
    outer loop
      vertex 25.1518 13.5975 18
      vertex 24.2621 15.2927 22
      vertex 24.2621 15.2927 18
    endloop
  endfacet
  facet normal -0.885458 -0.464719 0
    outer loop
      vertex 24.2621 15.2927 22
      vertex 25.1518 13.5975 18
      vertex 25.1518 13.5975 22
    endloop
  endfacet
  facet normal 0 0 -1
    outer loop
      vertex 31.6876 14.3911 18
      vertex 31.6876 18.1089 18
      vertex 32.1458 16.25 18
    endloop
  endfacet
  facet normal 0 0 -1
    outer loop
      vertex 30.4181 12.9581 18
      vertex 31.6876 18.1089 18
      vertex 31.6876 14.3911 18
    endloop
  endfacet
  facet normal 0 0 -1
    outer loop
      vertex 30.4181 12.9581 18
      vertex 30.4181 19.5419 18
      vertex 31.6876 18.1089 18
    endloop
  endfacet
  facet normal 0 0 -1
    outer loop
      vertex 28.628 12.2792 18
      vertex 30.4181 19.5419 18
      vertex 30.4181 12.9581 18
    endloop
  endfacet
  facet normal 0 0 -1
    outer loop
      vertex 28.628 12.2792 18
      vertex 28.628 20.2208 18
      vertex 30.4181 19.5419 18
    endloop
  endfacet
  facet normal 0 0 -1
    outer loop
      vertex 26.7274 12.5099 18
      vertex 28.628 20.2208 18
      vertex 28.628 12.2792 18
    endloop
  endfacet
  facet normal 0 0 -1
    outer loop
      vertex 26.7274 12.5099 18
      vertex 26.7274 19.9901 18
      vertex 28.628 20.2208 18
    endloop
  endfacet
  facet normal 0 0 -1
    outer loop
      vertex 25.1518 13.5975 18
      vertex 26.7274 19.9901 18
      vertex 26.7274 12.5099 18
    endloop
  endfacet
  facet normal 0 0 -1
    outer loop
      vertex 25.1518 13.5975 18
      vertex 25.1518 18.9025 18
      vertex 26.7274 19.9901 18
    endloop
  endfacet
  facet normal 0 0 -1
    outer loop
      vertex 24.2621 15.2927 18
      vertex 25.1518 18.9025 18
      vertex 25.1518 13.5975 18
    endloop
  endfacet
  facet normal 0 0 -1
    outer loop
      vertex 25.1518 18.9025 18
      vertex 24.2621 15.2927 18
      vertex 24.2621 17.2073 18
    endloop
  endfacet
  facet normal 0 0 1
    outer loop
      vertex 18.0178 29.9136 17.5
      vertex 18.0178 26.3781 17.5
      vertex 18.75 28.1458 17.5
    endloop
  endfacet
  facet normal 0 0 1
    outer loop
      vertex 16.25 30.6458 17.5
      vertex 18.0178 26.3781 17.5
      vertex 18.0178 29.9136 17.5
    endloop
  endfacet
  facet normal 0 0 1
    outer loop
      vertex 16.25 30.6458 17.5
      vertex 16.25 25.6458 17.5
      vertex 18.0178 26.3781 17.5
    endloop
  endfacet
  facet normal -0 0 1
    outer loop
      vertex 14.4822 29.9136 17.5
      vertex 16.25 25.6458 17.5
      vertex 16.25 30.6458 17.5
    endloop
  endfacet
  facet normal 0 0 1
    outer loop
      vertex 14.4822 29.9136 17.5
      vertex 14.4822 26.3781 17.5
      vertex 16.25 25.6458 17.5
    endloop
  endfacet
  facet normal 0 -0 1
    outer loop
      vertex 14.4822 26.3781 17.5
      vertex 14.4822 29.9136 17.5
      vertex 13.75 28.1458 17.5
    endloop
  endfacet
  facet normal 0 0 -1
    outer loop
      vertex 18.0178 26.3781 -22.5
      vertex 18.0178 29.9136 -22.5
      vertex 18.75 28.1458 -22.5
    endloop
  endfacet
  facet normal 0 0 -1
    outer loop
      vertex 16.25 25.6458 -22.5
      vertex 18.0178 29.9136 -22.5
      vertex 18.0178 26.3781 -22.5
    endloop
  endfacet
  facet normal 0 0 -1
    outer loop
      vertex 16.25 25.6458 -22.5
      vertex 16.25 30.6458 -22.5
      vertex 18.0178 29.9136 -22.5
    endloop
  endfacet
  facet normal 0 0 -1
    outer loop
      vertex 14.4822 26.3781 -22.5
      vertex 16.25 30.6458 -22.5
      vertex 16.25 25.6458 -22.5
    endloop
  endfacet
  facet normal 0 0 -1
    outer loop
      vertex 14.4822 26.3781 -22.5
      vertex 14.4822 29.9136 -22.5
      vertex 16.25 30.6458 -22.5
    endloop
  endfacet
  facet normal 0 -0 -1
    outer loop
      vertex 14.4822 29.9136 -22.5
      vertex 14.4822 26.3781 -22.5
      vertex 13.75 28.1458 -22.5
    endloop
  endfacet
  facet normal 0.35459 -0.935022 0
    outer loop
      vertex 16.7321 24.175 18
      vertex 18.5223 24.8539 22
      vertex 16.7321 24.175 22
    endloop
  endfacet
  facet normal 0.35459 -0.935022 0
    outer loop
      vertex 18.5223 24.8539 22
      vertex 16.7321 24.175 18
      vertex 18.5223 24.8539 18
    endloop
  endfacet
  facet normal 0.748541 0.663089 0
    outer loop
      vertex 19.7918 30.0047 22
      vertex 18.5223 31.4378 18
      vertex 18.5223 31.4378 22
    endloop
  endfacet
  facet normal 0.748541 0.663089 0
    outer loop
      vertex 18.5223 31.4378 18
      vertex 19.7918 30.0047 22
      vertex 19.7918 30.0047 18
    endloop
  endfacet
  facet normal 0.970939 0.239327 0
    outer loop
      vertex 20.25 28.1458 22
      vertex 19.7918 30.0047 18
      vertex 19.7918 30.0047 22
    endloop
  endfacet
  facet normal 0.970939 0.239327 0
    outer loop
      vertex 19.7918 30.0047 18
      vertex 20.25 28.1458 22
      vertex 20.25 28.1458 18
    endloop
  endfacet
  facet normal 0.35459 0.935022 -0
    outer loop
      vertex 18.5223 31.4378 18
      vertex 16.7321 32.1167 22
      vertex 18.5223 31.4378 22
    endloop
  endfacet
  facet normal 0.35459 0.935022 0
    outer loop
      vertex 16.7321 32.1167 22
      vertex 18.5223 31.4378 18
      vertex 16.7321 32.1167 18
    endloop
  endfacet
  facet normal -0.120556 0.992707 0
    outer loop
      vertex 16.7321 32.1167 18
      vertex 14.8316 31.8859 22
      vertex 16.7321 32.1167 22
    endloop
  endfacet
  facet normal -0.120556 0.992707 0
    outer loop
      vertex 14.8316 31.8859 22
      vertex 16.7321 32.1167 18
      vertex 14.8316 31.8859 18
    endloop
  endfacet
  facet normal -0.56808 0.822974 0
    outer loop
      vertex 14.8316 31.8859 18
      vertex 13.256 30.7983 22
      vertex 14.8316 31.8859 22
    endloop
  endfacet
  facet normal -0.56808 0.822974 0
    outer loop
      vertex 13.256 30.7983 22
      vertex 14.8316 31.8859 18
      vertex 13.256 30.7983 18
    endloop
  endfacet
  facet normal -0.885437 0.46476 0
    outer loop
      vertex 12.3662 29.1031 18
      vertex 13.256 30.7983 22
      vertex 13.256 30.7983 18
    endloop
  endfacet
  facet normal -0.885437 0.46476 0
    outer loop
      vertex 13.256 30.7983 22
      vertex 12.3662 29.1031 18
      vertex 12.3662 29.1031 22
    endloop
  endfacet
  facet normal 0.748518 -0.663115 0
    outer loop
      vertex 18.5223 24.8539 22
      vertex 19.7918 26.2869 18
      vertex 19.7918 26.2869 22
    endloop
  endfacet
  facet normal 0.748518 -0.663115 0
    outer loop
      vertex 19.7918 26.2869 18
      vertex 18.5223 24.8539 22
      vertex 18.5223 24.8539 18
    endloop
  endfacet
  facet normal -1 0 0
    outer loop
      vertex 12.3662 27.1886 18
      vertex 12.3662 29.1031 22
      vertex 12.3662 29.1031 18
    endloop
  endfacet
  facet normal -1 -0 0
    outer loop
      vertex 12.3662 29.1031 22
      vertex 12.3662 27.1886 18
      vertex 12.3662 27.1886 22
    endloop
  endfacet
  facet normal -0.120556 -0.992707 0
    outer loop
      vertex 14.8316 24.4058 18
      vertex 16.7321 24.175 22
      vertex 14.8316 24.4058 22
    endloop
  endfacet
  facet normal -0.120556 -0.992707 -0
    outer loop
      vertex 16.7321 24.175 22
      vertex 14.8316 24.4058 18
      vertex 16.7321 24.175 18
    endloop
  endfacet
  facet normal 0.970939 -0.239327 0
    outer loop
      vertex 19.7918 26.2869 22
      vertex 20.25 28.1458 18
      vertex 20.25 28.1458 22
    endloop
  endfacet
  facet normal 0.970939 -0.239327 0
    outer loop
      vertex 20.25 28.1458 18
      vertex 19.7918 26.2869 22
      vertex 19.7918 26.2869 18
    endloop
  endfacet
  facet normal -0.885448 -0.464739 0
    outer loop
      vertex 13.256 25.4933 18
      vertex 12.3662 27.1886 22
      vertex 12.3662 27.1886 18
    endloop
  endfacet
  facet normal -0.885448 -0.464739 0
    outer loop
      vertex 12.3662 27.1886 22
      vertex 13.256 25.4933 18
      vertex 13.256 25.4933 22
    endloop
  endfacet
  facet normal -0.568044 -0.822998 0
    outer loop
      vertex 13.256 25.4933 18
      vertex 14.8316 24.4058 22
      vertex 13.256 25.4933 22
    endloop
  endfacet
  facet normal -0.568044 -0.822998 -0
    outer loop
      vertex 14.8316 24.4058 22
      vertex 13.256 25.4933 18
      vertex 14.8316 24.4058 18
    endloop
  endfacet
  facet normal 0 0 -1
    outer loop
      vertex 19.7918 26.2869 18
      vertex 19.7918 30.0047 18
      vertex 20.25 28.1458 18
    endloop
  endfacet
  facet normal 0 0 -1
    outer loop
      vertex 18.5223 24.8539 18
      vertex 19.7918 30.0047 18
      vertex 19.7918 26.2869 18
    endloop
  endfacet
  facet normal 0 0 -1
    outer loop
      vertex 18.5223 24.8539 18
      vertex 18.5223 31.4378 18
      vertex 19.7918 30.0047 18
    endloop
  endfacet
  facet normal 0 0 -1
    outer loop
      vertex 16.7321 24.175 18
      vertex 18.5223 31.4378 18
      vertex 18.5223 24.8539 18
    endloop
  endfacet
  facet normal 0 0 -1
    outer loop
      vertex 16.7321 24.175 18
      vertex 16.7321 32.1167 18
      vertex 18.5223 31.4378 18
    endloop
  endfacet
  facet normal 0 0 -1
    outer loop
      vertex 14.8316 24.4058 18
      vertex 16.7321 32.1167 18
      vertex 16.7321 24.175 18
    endloop
  endfacet
  facet normal 0 0 -1
    outer loop
      vertex 14.8316 24.4058 18
      vertex 14.8316 31.8859 18
      vertex 16.7321 32.1167 18
    endloop
  endfacet
  facet normal 0 0 -1
    outer loop
      vertex 13.256 25.4933 18
      vertex 14.8316 31.8859 18
      vertex 14.8316 24.4058 18
    endloop
  endfacet
  facet normal 0 0 -1
    outer loop
      vertex 13.256 25.4933 18
      vertex 13.256 30.7983 18
      vertex 14.8316 31.8859 18
    endloop
  endfacet
  facet normal 0 0 -1
    outer loop
      vertex 12.3662 27.1886 18
      vertex 13.256 30.7983 18
      vertex 13.256 25.4933 18
    endloop
  endfacet
  facet normal 0 0 -1
    outer loop
      vertex 13.256 30.7983 18
      vertex 12.3662 27.1886 18
      vertex 12.3662 29.1031 18
    endloop
  endfacet
  facet normal 0 0 1
    outer loop
      vertex 19.7918 30.0047 22
      vertex 19.7918 26.2869 22
      vertex 20.25 28.1458 22
    endloop
  endfacet
  facet normal 0 0 1
    outer loop
      vertex 18.5223 31.4378 22
      vertex 19.7918 26.2869 22
      vertex 19.7918 30.0047 22
    endloop
  endfacet
  facet normal 0 0 1
    outer loop
      vertex 18.5223 31.4378 22
      vertex 18.5223 24.8539 22
      vertex 19.7918 26.2869 22
    endloop
  endfacet
  facet normal 0 0 1
    outer loop
      vertex 16.7321 32.1167 22
      vertex 18.5223 24.8539 22
      vertex 18.5223 31.4378 22
    endloop
  endfacet
  facet normal 0 0 1
    outer loop
      vertex 16.7321 32.1167 22
      vertex 16.7321 24.175 22
      vertex 18.5223 24.8539 22
    endloop
  endfacet
  facet normal -0 0 1
    outer loop
      vertex 14.8316 31.8859 22
      vertex 16.7321 24.175 22
      vertex 16.7321 32.1167 22
    endloop
  endfacet
  facet normal 0 0 1
    outer loop
      vertex 14.8316 31.8859 22
      vertex 14.8316 24.4058 22
      vertex 16.7321 24.175 22
    endloop
  endfacet
  facet normal -0 0 1
    outer loop
      vertex 13.256 30.7983 22
      vertex 14.8316 24.4058 22
      vertex 14.8316 31.8859 22
    endloop
  endfacet
  facet normal 0 0 1
    outer loop
      vertex 13.256 30.7983 22
      vertex 13.256 25.4933 22
      vertex 14.8316 24.4058 22
    endloop
  endfacet
  facet normal -0 0 1
    outer loop
      vertex 12.3662 29.1031 22
      vertex 13.256 25.4933 22
      vertex 13.256 30.7983 22
    endloop
  endfacet
  facet normal 0 0 1
    outer loop
      vertex 13.256 25.4933 22
      vertex 12.3662 29.1031 22
      vertex 12.3662 27.1886 22
    endloop
  endfacet
  facet normal 0 0 1
    outer loop
      vertex 1.76777 34.2678 17.5
      vertex 1.76777 30.7322 17.5
      vertex 2.5 32.5 17.5
    endloop
  endfacet
  facet normal 0 0 1
    outer loop
      vertex 0 35 17.5
      vertex 1.76777 30.7322 17.5
      vertex 1.76777 34.2678 17.5
    endloop
  endfacet
  facet normal 0 0 1
    outer loop
      vertex 0 35 17.5
      vertex 0 30 17.5
      vertex 1.76777 30.7322 17.5
    endloop
  endfacet
  facet normal -0 0 1
    outer loop
      vertex -1.76777 34.2678 17.5
      vertex 0 30 17.5
      vertex 0 35 17.5
    endloop
  endfacet
  facet normal 0 0 1
    outer loop
      vertex -1.76777 34.2678 17.5
      vertex -1.76777 30.7322 17.5
      vertex 0 30 17.5
    endloop
  endfacet
  facet normal 0 -0 1
    outer loop
      vertex -1.76777 30.7322 17.5
      vertex -1.76777 34.2678 17.5
      vertex -2.5 32.5 17.5
    endloop
  endfacet
  facet normal 0 0 -1
    outer loop
      vertex 1.76777 30.7322 -22.5
      vertex 1.76777 34.2678 -22.5
      vertex 2.5 32.5 -22.5
    endloop
  endfacet
  facet normal 0 0 -1
    outer loop
      vertex 0 30 -22.5
      vertex 1.76777 34.2678 -22.5
      vertex 1.76777 30.7322 -22.5
    endloop
  endfacet
  facet normal 0 0 -1
    outer loop
      vertex 0 30 -22.5
      vertex 0 35 -22.5
      vertex 1.76777 34.2678 -22.5
    endloop
  endfacet
  facet normal 0 0 -1
    outer loop
      vertex -1.76777 30.7322 -22.5
      vertex 0 35 -22.5
      vertex 0 30 -22.5
    endloop
  endfacet
  facet normal 0 0 -1
    outer loop
      vertex -1.76777 30.7322 -22.5
      vertex -1.76777 34.2678 -22.5
      vertex 0 35 -22.5
    endloop
  endfacet
  facet normal 0 -0 -1
    outer loop
      vertex -1.76777 34.2678 -22.5
      vertex -1.76777 30.7322 -22.5
      vertex -2.5 32.5 -22.5
    endloop
  endfacet
  facet normal -0.568075 0.822977 0
    outer loop
      vertex -1.41842 36.2401 18
      vertex -2.99404 35.1525 22
      vertex -1.41842 36.2401 22
    endloop
  endfacet
  facet normal -0.568075 0.822977 0
    outer loop
      vertex -2.99404 35.1525 22
      vertex -1.41842 36.2401 18
      vertex -2.99404 35.1525 18
    endloop
  endfacet
  facet normal 0.748502 0.663132 0
    outer loop
      vertex 3.54182 34.3589 22
      vertex 2.27226 35.7919 18
      vertex 2.27226 35.7919 22
    endloop
  endfacet
  facet normal 0.748502 0.663132 0
    outer loop
      vertex 2.27226 35.7919 18
      vertex 3.54182 34.3589 22
      vertex 3.54182 34.3589 18
    endloop
  endfacet
  facet normal 0.970942 0.239317 0
    outer loop
      vertex 4 32.5 22
      vertex 3.54182 34.3589 18
      vertex 3.54182 34.3589 22
    endloop
  endfacet
  facet normal 0.970942 0.239317 0
    outer loop
      vertex 3.54182 34.3589 18
      vertex 4 32.5 22
      vertex 4 32.5 18
    endloop
  endfacet
  facet normal -1 0 0
    outer loop
      vertex -3.88377 31.5427 18
      vertex -3.88377 33.4573 22
      vertex -3.88377 33.4573 18
    endloop
  endfacet
  facet normal -1 -0 0
    outer loop
      vertex -3.88377 33.4573 22
      vertex -3.88377 31.5427 18
      vertex -3.88377 31.5427 22
    endloop
  endfacet
  facet normal -0.885452 0.464732 0
    outer loop
      vertex -3.88377 33.4573 18
      vertex -2.99404 35.1525 22
      vertex -2.99404 35.1525 18
    endloop
  endfacet
  facet normal -0.885452 0.464732 0
    outer loop
      vertex -2.99404 35.1525 22
      vertex -3.88377 33.4573 18
      vertex -3.88377 33.4573 22
    endloop
  endfacet
  facet normal 0.354605 0.935016 -0
    outer loop
      vertex 2.27226 35.7919 18
      vertex 0.482146 36.4708 22
      vertex 2.27226 35.7919 22
    endloop
  endfacet
  facet normal 0.354605 0.935016 0
    outer loop
      vertex 0.482146 36.4708 22
      vertex 2.27226 35.7919 18
      vertex 0.482146 36.4708 18
    endloop
  endfacet
  facet normal 0.970942 -0.239317 0
    outer loop
      vertex 3.54182 30.6411 22
      vertex 4 32.5 18
      vertex 4 32.5 22
    endloop
  endfacet
  facet normal 0.970942 -0.239317 0
    outer loop
      vertex 4 32.5 18
      vertex 3.54182 30.6411 22
      vertex 3.54182 30.6411 18
    endloop
  endfacet
  facet normal 0 0 1
    outer loop
      vertex 3.54182 34.3589 22
      vertex 3.54182 30.6411 22
      vertex 4 32.5 22
    endloop
  endfacet
  facet normal 0 0 1
    outer loop
      vertex 2.27226 35.7919 22
      vertex 3.54182 30.6411 22
      vertex 3.54182 34.3589 22
    endloop
  endfacet
  facet normal 0 0 1
    outer loop
      vertex 2.27226 35.7919 22
      vertex 2.27226 29.2081 22
      vertex 3.54182 30.6411 22
    endloop
  endfacet
  facet normal 0 0 1
    outer loop
      vertex 0.482146 36.4708 22
      vertex 2.27226 29.2081 22
      vertex 2.27226 35.7919 22
    endloop
  endfacet
  facet normal 0 0 1
    outer loop
      vertex 0.482146 36.4708 22
      vertex 0.482146 28.5292 22
      vertex 2.27226 29.2081 22
    endloop
  endfacet
  facet normal -0 0 1
    outer loop
      vertex -1.41842 36.2401 22
      vertex 0.482146 28.5292 22
      vertex 0.482146 36.4708 22
    endloop
  endfacet
  facet normal 0 0 1
    outer loop
      vertex -1.41842 36.2401 22
      vertex -1.41842 28.7599 22
      vertex 0.482146 28.5292 22
    endloop
  endfacet
  facet normal -0 0 1
    outer loop
      vertex -2.99404 35.1525 22
      vertex -1.41842 28.7599 22
      vertex -1.41842 36.2401 22
    endloop
  endfacet
  facet normal 0 0 1
    outer loop
      vertex -2.99404 35.1525 22
      vertex -2.99404 29.8475 22
      vertex -1.41842 28.7599 22
    endloop
  endfacet
  facet normal -0 0 1
    outer loop
      vertex -3.88377 33.4573 22
      vertex -2.99404 29.8475 22
      vertex -2.99404 35.1525 22
    endloop
  endfacet
  facet normal 0 0 1
    outer loop
      vertex -2.99404 29.8475 22
      vertex -3.88377 33.4573 22
      vertex -3.88377 31.5427 22
    endloop
  endfacet
  facet normal -0.1205 -0.992713 0
    outer loop
      vertex -1.41842 28.7599 18
      vertex 0.482146 28.5292 22
      vertex -1.41842 28.7599 22
    endloop
  endfacet
  facet normal -0.1205 -0.992713 -0
    outer loop
      vertex 0.482146 28.5292 22
      vertex -1.41842 28.7599 18
      vertex 0.482146 28.5292 18
    endloop
  endfacet
  facet normal 0.748502 -0.663132 0
    outer loop
      vertex 2.27226 29.2081 22
      vertex 3.54182 30.6411 18
      vertex 3.54182 30.6411 22
    endloop
  endfacet
  facet normal 0.748502 -0.663132 0
    outer loop
      vertex 3.54182 30.6411 18
      vertex 2.27226 29.2081 22
      vertex 2.27226 29.2081 18
    endloop
  endfacet
  facet normal 0.354605 -0.935016 0
    outer loop
      vertex 0.482146 28.5292 18
      vertex 2.27226 29.2081 22
      vertex 0.482146 28.5292 22
    endloop
  endfacet
  facet normal 0.354605 -0.935016 0
    outer loop
      vertex 2.27226 29.2081 22
      vertex 0.482146 28.5292 18
      vertex 2.27226 29.2081 18
    endloop
  endfacet
  facet normal -0.1205 0.992713 0
    outer loop
      vertex 0.482146 36.4708 18
      vertex -1.41842 36.2401 22
      vertex 0.482146 36.4708 22
    endloop
  endfacet
  facet normal -0.1205 0.992713 0
    outer loop
      vertex -1.41842 36.2401 22
      vertex 0.482146 36.4708 18
      vertex -1.41842 36.2401 18
    endloop
  endfacet
  facet normal -0.568075 -0.822977 0
    outer loop
      vertex -2.99404 29.8475 18
      vertex -1.41842 28.7599 22
      vertex -2.99404 29.8475 22
    endloop
  endfacet
  facet normal -0.568075 -0.822977 -0
    outer loop
      vertex -1.41842 28.7599 22
      vertex -2.99404 29.8475 18
      vertex -1.41842 28.7599 18
    endloop
  endfacet
  facet normal -0.885452 -0.464732 0
    outer loop
      vertex -2.99404 29.8475 18
      vertex -3.88377 31.5427 22
      vertex -3.88377 31.5427 18
    endloop
  endfacet
  facet normal -0.885452 -0.464732 0
    outer loop
      vertex -3.88377 31.5427 22
      vertex -2.99404 29.8475 18
      vertex -2.99404 29.8475 22
    endloop
  endfacet
  facet normal 0 0 -1
    outer loop
      vertex 3.54182 30.6411 18
      vertex 3.54182 34.3589 18
      vertex 4 32.5 18
    endloop
  endfacet
  facet normal 0 0 -1
    outer loop
      vertex 2.27226 29.2081 18
      vertex 3.54182 34.3589 18
      vertex 3.54182 30.6411 18
    endloop
  endfacet
  facet normal 0 0 -1
    outer loop
      vertex 2.27226 29.2081 18
      vertex 2.27226 35.7919 18
      vertex 3.54182 34.3589 18
    endloop
  endfacet
  facet normal 0 0 -1
    outer loop
      vertex 0.482146 28.5292 18
      vertex 2.27226 35.7919 18
      vertex 2.27226 29.2081 18
    endloop
  endfacet
  facet normal 0 0 -1
    outer loop
      vertex 0.482146 28.5292 18
      vertex 0.482146 36.4708 18
      vertex 2.27226 35.7919 18
    endloop
  endfacet
  facet normal 0 0 -1
    outer loop
      vertex -1.41842 28.7599 18
      vertex 0.482146 36.4708 18
      vertex 0.482146 28.5292 18
    endloop
  endfacet
  facet normal 0 0 -1
    outer loop
      vertex -1.41842 28.7599 18
      vertex -1.41842 36.2401 18
      vertex 0.482146 36.4708 18
    endloop
  endfacet
  facet normal 0 0 -1
    outer loop
      vertex -2.99404 29.8475 18
      vertex -1.41842 36.2401 18
      vertex -1.41842 28.7599 18
    endloop
  endfacet
  facet normal 0 0 -1
    outer loop
      vertex -2.99404 29.8475 18
      vertex -2.99404 35.1525 18
      vertex -1.41842 36.2401 18
    endloop
  endfacet
  facet normal 0 0 -1
    outer loop
      vertex -3.88377 31.5427 18
      vertex -2.99404 35.1525 18
      vertex -2.99404 29.8475 18
    endloop
  endfacet
  facet normal 0 0 -1
    outer loop
      vertex -2.99404 35.1525 18
      vertex -3.88377 31.5427 18
      vertex -3.88377 33.4573 18
    endloop
  endfacet
  facet normal 0 0 1
    outer loop
      vertex -14.4822 29.9136 17.5
      vertex -14.4822 26.3781 17.5
      vertex -13.75 28.1458 17.5
    endloop
  endfacet
  facet normal 0 0 1
    outer loop
      vertex -16.25 30.6458 17.5
      vertex -14.4822 26.3781 17.5
      vertex -14.4822 29.9136 17.5
    endloop
  endfacet
  facet normal 0 0 1
    outer loop
      vertex -16.25 30.6458 17.5
      vertex -16.25 25.6458 17.5
      vertex -14.4822 26.3781 17.5
    endloop
  endfacet
  facet normal -0 0 1
    outer loop
      vertex -18.0178 29.9136 17.5
      vertex -16.25 25.6458 17.5
      vertex -16.25 30.6458 17.5
    endloop
  endfacet
  facet normal 0 0 1
    outer loop
      vertex -18.0178 29.9136 17.5
      vertex -18.0178 26.3781 17.5
      vertex -16.25 25.6458 17.5
    endloop
  endfacet
  facet normal 0 -0 1
    outer loop
      vertex -18.0178 26.3781 17.5
      vertex -18.0178 29.9136 17.5
      vertex -18.75 28.1458 17.5
    endloop
  endfacet
  facet normal 0 0 -1
    outer loop
      vertex -14.4822 26.3781 -22.5
      vertex -14.4822 29.9136 -22.5
      vertex -13.75 28.1458 -22.5
    endloop
  endfacet
  facet normal 0 0 -1
    outer loop
      vertex -16.25 25.6458 -22.5
      vertex -14.4822 29.9136 -22.5
      vertex -14.4822 26.3781 -22.5
    endloop
  endfacet
  facet normal 0 0 -1
    outer loop
      vertex -16.25 25.6458 -22.5
      vertex -16.25 30.6458 -22.5
      vertex -14.4822 29.9136 -22.5
    endloop
  endfacet
  facet normal 0 0 -1
    outer loop
      vertex -18.0178 26.3781 -22.5
      vertex -16.25 30.6458 -22.5
      vertex -16.25 25.6458 -22.5
    endloop
  endfacet
  facet normal 0 0 -1
    outer loop
      vertex -18.0178 26.3781 -22.5
      vertex -18.0178 29.9136 -22.5
      vertex -16.25 30.6458 -22.5
    endloop
  endfacet
  facet normal 0 -0 -1
    outer loop
      vertex -18.0178 29.9136 -22.5
      vertex -18.0178 26.3781 -22.5
      vertex -18.75 28.1458 -22.5
    endloop
  endfacet
  facet normal 0.748541 0.663089 0
    outer loop
      vertex -12.7082 30.0047 22
      vertex -13.9777 31.4378 18
      vertex -13.9777 31.4378 22
    endloop
  endfacet
  facet normal 0.748541 0.663089 0
    outer loop
      vertex -13.9777 31.4378 18
      vertex -12.7082 30.0047 22
      vertex -12.7082 30.0047 18
    endloop
  endfacet
  facet normal 0.970939 0.239327 0
    outer loop
      vertex -12.25 28.1458 22
      vertex -12.7082 30.0047 18
      vertex -12.7082 30.0047 22
    endloop
  endfacet
  facet normal 0.970939 0.239327 0
    outer loop
      vertex -12.7082 30.0047 18
      vertex -12.25 28.1458 22
      vertex -12.25 28.1458 18
    endloop
  endfacet
  facet normal 0.35459 0.935022 -0
    outer loop
      vertex -13.9777 31.4378 18
      vertex -15.7679 32.1167 22
      vertex -13.9777 31.4378 22
    endloop
  endfacet
  facet normal 0.35459 0.935022 0
    outer loop
      vertex -15.7679 32.1167 22
      vertex -13.9777 31.4378 18
      vertex -15.7679 32.1167 18
    endloop
  endfacet
  facet normal -0.120556 0.992707 0
    outer loop
      vertex -15.7679 32.1167 18
      vertex -17.6684 31.8859 22
      vertex -15.7679 32.1167 22
    endloop
  endfacet
  facet normal -0.120556 0.992707 0
    outer loop
      vertex -17.6684 31.8859 22
      vertex -15.7679 32.1167 18
      vertex -17.6684 31.8859 18
    endloop
  endfacet
  facet normal -0.568044 -0.822998 0
    outer loop
      vertex -19.244 25.4933 18
      vertex -17.6684 24.4058 22
      vertex -19.244 25.4933 22
    endloop
  endfacet
  facet normal -0.568044 -0.822998 -0
    outer loop
      vertex -17.6684 24.4058 22
      vertex -19.244 25.4933 18
      vertex -17.6684 24.4058 18
    endloop
  endfacet
  facet normal 0.970939 -0.239327 0
    outer loop
      vertex -12.7082 26.2869 22
      vertex -12.25 28.1458 18
      vertex -12.25 28.1458 22
    endloop
  endfacet
  facet normal 0.970939 -0.239327 0
    outer loop
      vertex -12.25 28.1458 18
      vertex -12.7082 26.2869 22
      vertex -12.7082 26.2869 18
    endloop
  endfacet
  facet normal 0.748518 -0.663115 0
    outer loop
      vertex -13.9777 24.8539 22
      vertex -12.7082 26.2869 18
      vertex -12.7082 26.2869 22
    endloop
  endfacet
  facet normal 0.748518 -0.663115 0
    outer loop
      vertex -12.7082 26.2869 18
      vertex -13.9777 24.8539 22
      vertex -13.9777 24.8539 18
    endloop
  endfacet
  facet normal -0.120556 -0.992707 0
    outer loop
      vertex -17.6684 24.4058 18
      vertex -15.7679 24.175 22
      vertex -17.6684 24.4058 22
    endloop
  endfacet
  facet normal -0.120556 -0.992707 -0
    outer loop
      vertex -15.7679 24.175 22
      vertex -17.6684 24.4058 18
      vertex -15.7679 24.175 18
    endloop
  endfacet
  facet normal -0.56808 0.822974 0
    outer loop
      vertex -17.6684 31.8859 18
      vertex -19.244 30.7983 22
      vertex -17.6684 31.8859 22
    endloop
  endfacet
  facet normal -0.56808 0.822974 0
    outer loop
      vertex -19.244 30.7983 22
      vertex -17.6684 31.8859 18
      vertex -19.244 30.7983 18
    endloop
  endfacet
  facet normal -0.885437 0.46476 0
    outer loop
      vertex -20.1338 29.1031 18
      vertex -19.244 30.7983 22
      vertex -19.244 30.7983 18
    endloop
  endfacet
  facet normal -0.885437 0.46476 0
    outer loop
      vertex -19.244 30.7983 22
      vertex -20.1338 29.1031 18
      vertex -20.1338 29.1031 22
    endloop
  endfacet
  facet normal 0.35459 -0.935022 0
    outer loop
      vertex -15.7679 24.175 18
      vertex -13.9777 24.8539 22
      vertex -15.7679 24.175 22
    endloop
  endfacet
  facet normal 0.35459 -0.935022 0
    outer loop
      vertex -13.9777 24.8539 22
      vertex -15.7679 24.175 18
      vertex -13.9777 24.8539 18
    endloop
  endfacet
  facet normal -1 0 0
    outer loop
      vertex -20.1338 27.1886 18
      vertex -20.1338 29.1031 22
      vertex -20.1338 29.1031 18
    endloop
  endfacet
  facet normal -1 -0 0
    outer loop
      vertex -20.1338 29.1031 22
      vertex -20.1338 27.1886 18
      vertex -20.1338 27.1886 22
    endloop
  endfacet
  facet normal 0 0 1
    outer loop
      vertex -12.7082 30.0047 22
      vertex -12.7082 26.2869 22
      vertex -12.25 28.1458 22
    endloop
  endfacet
  facet normal 0 0 1
    outer loop
      vertex -13.9777 31.4378 22
      vertex -12.7082 26.2869 22
      vertex -12.7082 30.0047 22
    endloop
  endfacet
  facet normal 0 0 1
    outer loop
      vertex -13.9777 31.4378 22
      vertex -13.9777 24.8539 22
      vertex -12.7082 26.2869 22
    endloop
  endfacet
  facet normal 0 0 1
    outer loop
      vertex -15.7679 32.1167 22
      vertex -13.9777 24.8539 22
      vertex -13.9777 31.4378 22
    endloop
  endfacet
  facet normal 0 0 1
    outer loop
      vertex -15.7679 32.1167 22
      vertex -15.7679 24.175 22
      vertex -13.9777 24.8539 22
    endloop
  endfacet
  facet normal -0 0 1
    outer loop
      vertex -17.6684 31.8859 22
      vertex -15.7679 24.175 22
      vertex -15.7679 32.1167 22
    endloop
  endfacet
  facet normal 0 0 1
    outer loop
      vertex -17.6684 31.8859 22
      vertex -17.6684 24.4058 22
      vertex -15.7679 24.175 22
    endloop
  endfacet
  facet normal -0 0 1
    outer loop
      vertex -19.244 30.7983 22
      vertex -17.6684 24.4058 22
      vertex -17.6684 31.8859 22
    endloop
  endfacet
  facet normal 0 0 1
    outer loop
      vertex -19.244 30.7983 22
      vertex -19.244 25.4933 22
      vertex -17.6684 24.4058 22
    endloop
  endfacet
  facet normal -0 0 1
    outer loop
      vertex -20.1338 29.1031 22
      vertex -19.244 25.4933 22
      vertex -19.244 30.7983 22
    endloop
  endfacet
  facet normal 0 0 1
    outer loop
      vertex -19.244 25.4933 22
      vertex -20.1338 29.1031 22
      vertex -20.1338 27.1886 22
    endloop
  endfacet
  facet normal -0.885448 -0.464739 0
    outer loop
      vertex -19.244 25.4933 18
      vertex -20.1338 27.1886 22
      vertex -20.1338 27.1886 18
    endloop
  endfacet
  facet normal -0.885448 -0.464739 0
    outer loop
      vertex -20.1338 27.1886 22
      vertex -19.244 25.4933 18
      vertex -19.244 25.4933 22
    endloop
  endfacet
  facet normal 0 0 -1
    outer loop
      vertex -12.7082 26.2869 18
      vertex -12.7082 30.0047 18
      vertex -12.25 28.1458 18
    endloop
  endfacet
  facet normal 0 0 -1
    outer loop
      vertex -13.9777 24.8539 18
      vertex -12.7082 30.0047 18
      vertex -12.7082 26.2869 18
    endloop
  endfacet
  facet normal 0 0 -1
    outer loop
      vertex -13.9777 24.8539 18
      vertex -13.9777 31.4378 18
      vertex -12.7082 30.0047 18
    endloop
  endfacet
  facet normal 0 0 -1
    outer loop
      vertex -15.7679 24.175 18
      vertex -13.9777 31.4378 18
      vertex -13.9777 24.8539 18
    endloop
  endfacet
  facet normal 0 0 -1
    outer loop
      vertex -15.7679 24.175 18
      vertex -15.7679 32.1167 18
      vertex -13.9777 31.4378 18
    endloop
  endfacet
  facet normal 0 0 -1
    outer loop
      vertex -17.6684 24.4058 18
      vertex -15.7679 32.1167 18
      vertex -15.7679 24.175 18
    endloop
  endfacet
  facet normal 0 0 -1
    outer loop
      vertex -17.6684 24.4058 18
      vertex -17.6684 31.8859 18
      vertex -15.7679 32.1167 18
    endloop
  endfacet
  facet normal 0 0 -1
    outer loop
      vertex -19.244 25.4933 18
      vertex -17.6684 31.8859 18
      vertex -17.6684 24.4058 18
    endloop
  endfacet
  facet normal 0 0 -1
    outer loop
      vertex -19.244 25.4933 18
      vertex -19.244 30.7983 18
      vertex -17.6684 31.8859 18
    endloop
  endfacet
  facet normal 0 0 -1
    outer loop
      vertex -20.1338 27.1886 18
      vertex -19.244 30.7983 18
      vertex -19.244 25.4933 18
    endloop
  endfacet
  facet normal 0 0 -1
    outer loop
      vertex -19.244 30.7983 18
      vertex -20.1338 27.1886 18
      vertex -20.1338 29.1031 18
    endloop
  endfacet
  facet normal 0 0 1
    outer loop
      vertex -26.3781 18.0178 17.5
      vertex -26.3781 14.4822 17.5
      vertex -25.6458 16.25 17.5
    endloop
  endfacet
  facet normal 0 0 1
    outer loop
      vertex -28.1458 18.75 17.5
      vertex -26.3781 14.4822 17.5
      vertex -26.3781 18.0178 17.5
    endloop
  endfacet
  facet normal 0 0 1
    outer loop
      vertex -28.1458 18.75 17.5
      vertex -28.1458 13.75 17.5
      vertex -26.3781 14.4822 17.5
    endloop
  endfacet
  facet normal -0 0 1
    outer loop
      vertex -29.9136 18.0178 17.5
      vertex -28.1458 13.75 17.5
      vertex -28.1458 18.75 17.5
    endloop
  endfacet
  facet normal 0 0 1
    outer loop
      vertex -29.9136 18.0178 17.5
      vertex -29.9136 14.4822 17.5
      vertex -28.1458 13.75 17.5
    endloop
  endfacet
  facet normal 0 -0 1
    outer loop
      vertex -29.9136 14.4822 17.5
      vertex -29.9136 18.0178 17.5
      vertex -30.6458 16.25 17.5
    endloop
  endfacet
  facet normal 0 0 -1
    outer loop
      vertex -26.3781 14.4822 -22.5
      vertex -26.3781 18.0178 -22.5
      vertex -25.6458 16.25 -22.5
    endloop
  endfacet
  facet normal 0 0 -1
    outer loop
      vertex -28.1458 13.75 -22.5
      vertex -26.3781 18.0178 -22.5
      vertex -26.3781 14.4822 -22.5
    endloop
  endfacet
  facet normal 0 0 -1
    outer loop
      vertex -28.1458 13.75 -22.5
      vertex -28.1458 18.75 -22.5
      vertex -26.3781 18.0178 -22.5
    endloop
  endfacet
  facet normal 0 0 -1
    outer loop
      vertex -29.9136 14.4822 -22.5
      vertex -28.1458 18.75 -22.5
      vertex -28.1458 13.75 -22.5
    endloop
  endfacet
  facet normal 0 0 -1
    outer loop
      vertex -29.9136 14.4822 -22.5
      vertex -29.9136 18.0178 -22.5
      vertex -28.1458 18.75 -22.5
    endloop
  endfacet
  facet normal 0 -0 -1
    outer loop
      vertex -29.9136 18.0178 -22.5
      vertex -29.9136 14.4822 -22.5
      vertex -30.6458 16.25 -22.5
    endloop
  endfacet
  facet normal 0.748492 0.663144 0
    outer loop
      vertex -24.604 18.1089 22
      vertex -25.8736 19.5419 18
      vertex -25.8736 19.5419 22
    endloop
  endfacet
  facet normal 0.748492 0.663144 0
    outer loop
      vertex -25.8736 19.5419 18
      vertex -24.604 18.1089 22
      vertex -24.604 18.1089 18
    endloop
  endfacet
  facet normal 0.970939 0.239327 0
    outer loop
      vertex -24.1458 16.25 22
      vertex -24.604 18.1089 18
      vertex -24.604 18.1089 22
    endloop
  endfacet
  facet normal 0.970939 0.239327 0
    outer loop
      vertex -24.604 18.1089 18
      vertex -24.1458 16.25 22
      vertex -24.1458 16.25 18
    endloop
  endfacet
  facet normal -1 0 0
    outer loop
      vertex -32.0296 15.2927 18
      vertex -32.0296 17.2073 22
      vertex -32.0296 17.2073 18
    endloop
  endfacet
  facet normal -1 -0 0
    outer loop
      vertex -32.0296 17.2073 22
      vertex -32.0296 15.2927 18
      vertex -32.0296 15.2927 22
    endloop
  endfacet
  facet normal -0.885458 0.464719 0
    outer loop
      vertex -32.0296 17.2073 18
      vertex -31.1399 18.9025 22
      vertex -31.1399 18.9025 18
    endloop
  endfacet
  facet normal -0.885458 0.464719 0
    outer loop
      vertex -31.1399 18.9025 22
      vertex -32.0296 17.2073 18
      vertex -32.0296 17.2073 22
    endloop
  endfacet
  facet normal 0.354607 0.935015 -0
    outer loop
      vertex -25.8736 19.5419 18
      vertex -27.6637 20.2208 22
      vertex -25.8736 19.5419 22
    endloop
  endfacet
  facet normal 0.354607 0.935015 0
    outer loop
      vertex -27.6637 20.2208 22
      vertex -25.8736 19.5419 18
      vertex -27.6637 20.2208 18
    endloop
  endfacet
  facet normal 0.970939 -0.239327 0
    outer loop
      vertex -24.604 14.3911 22
      vertex -24.1458 16.25 18
      vertex -24.1458 16.25 22
    endloop
  endfacet
  facet normal 0.970939 -0.239327 0
    outer loop
      vertex -24.1458 16.25 18
      vertex -24.604 14.3911 22
      vertex -24.604 14.3911 18
    endloop
  endfacet
  facet normal -0.568055 0.822991 0
    outer loop
      vertex -29.5642 19.9901 18
      vertex -31.1399 18.9025 22
      vertex -29.5642 19.9901 22
    endloop
  endfacet
  facet normal -0.568055 0.822991 0
    outer loop
      vertex -31.1399 18.9025 22
      vertex -29.5642 19.9901 18
      vertex -31.1399 18.9025 18
    endloop
  endfacet
  facet normal 0 0 1
    outer loop
      vertex -24.604 18.1089 22
      vertex -24.604 14.3911 22
      vertex -24.1458 16.25 22
    endloop
  endfacet
  facet normal 0 0 1
    outer loop
      vertex -25.8736 19.5419 22
      vertex -24.604 14.3911 22
      vertex -24.604 18.1089 22
    endloop
  endfacet
  facet normal 0 0 1
    outer loop
      vertex -25.8736 19.5419 22
      vertex -25.8736 12.9581 22
      vertex -24.604 14.3911 22
    endloop
  endfacet
  facet normal 0 0 1
    outer loop
      vertex -27.6637 20.2208 22
      vertex -25.8736 12.9581 22
      vertex -25.8736 19.5419 22
    endloop
  endfacet
  facet normal 0 0 1
    outer loop
      vertex -27.6637 20.2208 22
      vertex -27.6637 12.2792 22
      vertex -25.8736 12.9581 22
    endloop
  endfacet
  facet normal -0 0 1
    outer loop
      vertex -29.5642 19.9901 22
      vertex -27.6637 12.2792 22
      vertex -27.6637 20.2208 22
    endloop
  endfacet
  facet normal 0 0 1
    outer loop
      vertex -29.5642 19.9901 22
      vertex -29.5642 12.5099 22
      vertex -27.6637 12.2792 22
    endloop
  endfacet
  facet normal -0 0 1
    outer loop
      vertex -31.1399 18.9025 22
      vertex -29.5642 12.5099 22
      vertex -29.5642 19.9901 22
    endloop
  endfacet
  facet normal 0 0 1
    outer loop
      vertex -31.1399 18.9025 22
      vertex -31.1399 13.5975 22
      vertex -29.5642 12.5099 22
    endloop
  endfacet
  facet normal -0 0 1
    outer loop
      vertex -32.0296 17.2073 22
      vertex -31.1399 13.5975 22
      vertex -31.1399 18.9025 22
    endloop
  endfacet
  facet normal 0 0 1
    outer loop
      vertex -31.1399 13.5975 22
      vertex -32.0296 17.2073 22
      vertex -32.0296 15.2927 22
    endloop
  endfacet
  facet normal -0.120505 -0.992713 0
    outer loop
      vertex -29.5642 12.5099 18
      vertex -27.6637 12.2792 22
      vertex -29.5642 12.5099 22
    endloop
  endfacet
  facet normal -0.120505 -0.992713 -0
    outer loop
      vertex -27.6637 12.2792 22
      vertex -29.5642 12.5099 18
      vertex -27.6637 12.2792 18
    endloop
  endfacet
  facet normal 0.748492 -0.663144 0
    outer loop
      vertex -25.8736 12.9581 22
      vertex -24.604 14.3911 18
      vertex -24.604 14.3911 22
    endloop
  endfacet
  facet normal 0.748492 -0.663144 0
    outer loop
      vertex -24.604 14.3911 18
      vertex -25.8736 12.9581 22
      vertex -25.8736 12.9581 18
    endloop
  endfacet
  facet normal 0.354607 -0.935015 0
    outer loop
      vertex -27.6637 12.2792 18
      vertex -25.8736 12.9581 22
      vertex -27.6637 12.2792 22
    endloop
  endfacet
  facet normal 0.354607 -0.935015 0
    outer loop
      vertex -25.8736 12.9581 22
      vertex -27.6637 12.2792 18
      vertex -25.8736 12.9581 18
    endloop
  endfacet
  facet normal -0.120505 0.992713 0
    outer loop
      vertex -27.6637 20.2208 18
      vertex -29.5642 19.9901 22
      vertex -27.6637 20.2208 22
    endloop
  endfacet
  facet normal -0.120505 0.992713 0
    outer loop
      vertex -29.5642 19.9901 22
      vertex -27.6637 20.2208 18
      vertex -29.5642 19.9901 18
    endloop
  endfacet
  facet normal -0.568055 -0.822991 0
    outer loop
      vertex -31.1399 13.5975 18
      vertex -29.5642 12.5099 22
      vertex -31.1399 13.5975 22
    endloop
  endfacet
  facet normal -0.568055 -0.822991 -0
    outer loop
      vertex -29.5642 12.5099 22
      vertex -31.1399 13.5975 18
      vertex -29.5642 12.5099 18
    endloop
  endfacet
  facet normal -0.885458 -0.464719 0
    outer loop
      vertex -31.1399 13.5975 18
      vertex -32.0296 15.2927 22
      vertex -32.0296 15.2927 18
    endloop
  endfacet
  facet normal -0.885458 -0.464719 0
    outer loop
      vertex -32.0296 15.2927 22
      vertex -31.1399 13.5975 18
      vertex -31.1399 13.5975 22
    endloop
  endfacet
  facet normal 0 0 -1
    outer loop
      vertex -24.604 14.3911 18
      vertex -24.604 18.1089 18
      vertex -24.1458 16.25 18
    endloop
  endfacet
  facet normal 0 0 -1
    outer loop
      vertex -25.8736 12.9581 18
      vertex -24.604 18.1089 18
      vertex -24.604 14.3911 18
    endloop
  endfacet
  facet normal 0 0 -1
    outer loop
      vertex -25.8736 12.9581 18
      vertex -25.8736 19.5419 18
      vertex -24.604 18.1089 18
    endloop
  endfacet
  facet normal 0 0 -1
    outer loop
      vertex -27.6637 12.2792 18
      vertex -25.8736 19.5419 18
      vertex -25.8736 12.9581 18
    endloop
  endfacet
  facet normal 0 0 -1
    outer loop
      vertex -27.6637 12.2792 18
      vertex -27.6637 20.2208 18
      vertex -25.8736 19.5419 18
    endloop
  endfacet
  facet normal 0 0 -1
    outer loop
      vertex -29.5642 12.5099 18
      vertex -27.6637 20.2208 18
      vertex -27.6637 12.2792 18
    endloop
  endfacet
  facet normal 0 0 -1
    outer loop
      vertex -29.5642 12.5099 18
      vertex -29.5642 19.9901 18
      vertex -27.6637 20.2208 18
    endloop
  endfacet
  facet normal 0 0 -1
    outer loop
      vertex -31.1399 13.5975 18
      vertex -29.5642 19.9901 18
      vertex -29.5642 12.5099 18
    endloop
  endfacet
  facet normal 0 0 -1
    outer loop
      vertex -31.1399 13.5975 18
      vertex -31.1399 18.9025 18
      vertex -29.5642 19.9901 18
    endloop
  endfacet
  facet normal 0 0 -1
    outer loop
      vertex -32.0296 15.2927 18
      vertex -31.1399 18.9025 18
      vertex -31.1399 13.5975 18
    endloop
  endfacet
  facet normal 0 0 -1
    outer loop
      vertex -31.1399 18.9025 18
      vertex -32.0296 15.2927 18
      vertex -32.0296 17.2073 18
    endloop
  endfacet
  facet normal 0 0 1
    outer loop
      vertex -30.7322 1.76777 17.5
      vertex -30.7322 -1.76777 17.5
      vertex -30 0 17.5
    endloop
  endfacet
  facet normal 0 0 1
    outer loop
      vertex -32.5 2.5 17.5
      vertex -30.7322 -1.76777 17.5
      vertex -30.7322 1.76777 17.5
    endloop
  endfacet
  facet normal 0 0 1
    outer loop
      vertex -32.5 2.5 17.5
      vertex -32.5 -2.5 17.5
      vertex -30.7322 -1.76777 17.5
    endloop
  endfacet
  facet normal -0 0 1
    outer loop
      vertex -34.2678 1.76777 17.5
      vertex -32.5 -2.5 17.5
      vertex -32.5 2.5 17.5
    endloop
  endfacet
  facet normal 0 0 1
    outer loop
      vertex -34.2678 1.76777 17.5
      vertex -34.2678 -1.76777 17.5
      vertex -32.5 -2.5 17.5
    endloop
  endfacet
  facet normal 0 -0 1
    outer loop
      vertex -34.2678 -1.76777 17.5
      vertex -34.2678 1.76777 17.5
      vertex -35 0 17.5
    endloop
  endfacet
  facet normal 0 0 -1
    outer loop
      vertex -30.7322 -1.76777 -22.5
      vertex -30.7322 1.76777 -22.5
      vertex -30 0 -22.5
    endloop
  endfacet
  facet normal 0 0 -1
    outer loop
      vertex -32.5 -2.5 -22.5
      vertex -30.7322 1.76777 -22.5
      vertex -30.7322 -1.76777 -22.5
    endloop
  endfacet
  facet normal 0 0 -1
    outer loop
      vertex -32.5 -2.5 -22.5
      vertex -32.5 2.5 -22.5
      vertex -30.7322 1.76777 -22.5
    endloop
  endfacet
  facet normal 0 0 -1
    outer loop
      vertex -34.2678 -1.76777 -22.5
      vertex -32.5 2.5 -22.5
      vertex -32.5 -2.5 -22.5
    endloop
  endfacet
  facet normal 0 0 -1
    outer loop
      vertex -34.2678 -1.76777 -22.5
      vertex -34.2678 1.76777 -22.5
      vertex -32.5 2.5 -22.5
    endloop
  endfacet
  facet normal 0 -0 -1
    outer loop
      vertex -34.2678 1.76777 -22.5
      vertex -34.2678 -1.76777 -22.5
      vertex -35 0 -22.5
    endloop
  endfacet
  facet normal 0.748527 0.663104 0
    outer loop
      vertex -28.9582 1.85889 22
      vertex -30.2277 3.29193 18
      vertex -30.2277 3.29193 22
    endloop
  endfacet
  facet normal 0.748527 0.663104 0
    outer loop
      vertex -30.2277 3.29193 18
      vertex -28.9582 1.85889 22
      vertex -28.9582 1.85889 18
    endloop
  endfacet
  facet normal 0.970939 0.239328 0
    outer loop
      vertex -28.5 0 22
      vertex -28.9582 1.85889 18
      vertex -28.9582 1.85889 22
    endloop
  endfacet
  facet normal 0.970939 0.239328 0
    outer loop
      vertex -28.9582 1.85889 18
      vertex -28.5 0 22
      vertex -28.5 0 18
    endloop
  endfacet
  facet normal -0.120541 -0.992708 0
    outer loop
      vertex -33.9184 -3.74006 18
      vertex -32.0179 -3.97083 22
      vertex -33.9184 -3.74006 22
    endloop
  endfacet
  facet normal -0.120541 -0.992708 -0
    outer loop
      vertex -32.0179 -3.97083 22
      vertex -33.9184 -3.74006 18
      vertex -32.0179 -3.97083 18
    endloop
  endfacet
  facet normal 0.35459 0.935022 -0
    outer loop
      vertex -30.2277 3.29193 18
      vertex -32.0179 3.97083 22
      vertex -30.2277 3.29193 22
    endloop
  endfacet
  facet normal 0.35459 0.935022 0
    outer loop
      vertex -32.0179 3.97083 22
      vertex -30.2277 3.29193 18
      vertex -32.0179 3.97083 18
    endloop
  endfacet
  facet normal 0.970939 -0.239328 0
    outer loop
      vertex -28.9582 -1.85889 22
      vertex -28.5 0 18
      vertex -28.5 0 22
    endloop
  endfacet
  facet normal 0.970939 -0.239328 0
    outer loop
      vertex -28.5 0 18
      vertex -28.9582 -1.85889 22
      vertex -28.9582 -1.85889 18
    endloop
  endfacet
  facet normal -0.568069 0.822981 0
    outer loop
      vertex -33.9184 3.74006 18
      vertex -35.494 2.65249 22
      vertex -33.9184 3.74006 22
    endloop
  endfacet
  facet normal -0.568069 0.822981 0
    outer loop
      vertex -35.494 2.65249 22
      vertex -33.9184 3.74006 18
      vertex -35.494 2.65249 18
    endloop
  endfacet
  facet normal 0 0 1
    outer loop
      vertex -28.9582 1.85889 22
      vertex -28.9582 -1.85889 22
      vertex -28.5 0 22
    endloop
  endfacet
  facet normal 0 0 1
    outer loop
      vertex -30.2277 3.29193 22
      vertex -28.9582 -1.85889 22
      vertex -28.9582 1.85889 22
    endloop
  endfacet
  facet normal 0 0 1
    outer loop
      vertex -30.2277 3.29193 22
      vertex -30.2277 -3.29193 22
      vertex -28.9582 -1.85889 22
    endloop
  endfacet
  facet normal 0 0 1
    outer loop
      vertex -32.0179 3.97083 22
      vertex -30.2277 -3.29193 22
      vertex -30.2277 3.29193 22
    endloop
  endfacet
  facet normal 0 0 1
    outer loop
      vertex -32.0179 3.97083 22
      vertex -32.0179 -3.97083 22
      vertex -30.2277 -3.29193 22
    endloop
  endfacet
  facet normal -0 0 1
    outer loop
      vertex -33.9184 3.74006 22
      vertex -32.0179 -3.97083 22
      vertex -32.0179 3.97083 22
    endloop
  endfacet
  facet normal 0 0 1
    outer loop
      vertex -33.9184 3.74006 22
      vertex -33.9184 -3.74006 22
      vertex -32.0179 -3.97083 22
    endloop
  endfacet
  facet normal -0 0 1
    outer loop
      vertex -35.494 2.65249 22
      vertex -33.9184 -3.74006 22
      vertex -33.9184 3.74006 22
    endloop
  endfacet
  facet normal 0 0 1
    outer loop
      vertex -35.494 2.65249 22
      vertex -35.494 -2.65249 22
      vertex -33.9184 -3.74006 22
    endloop
  endfacet
  facet normal -0 0 1
    outer loop
      vertex -36.3838 0.957262 22
      vertex -35.494 -2.65249 22
      vertex -35.494 2.65249 22
    endloop
  endfacet
  facet normal 0 0 1
    outer loop
      vertex -35.494 -2.65249 22
      vertex -36.3838 0.957262 22
      vertex -36.3838 -0.957262 22
    endloop
  endfacet
  facet normal 0.748527 -0.663104 0
    outer loop
      vertex -30.2277 -3.29193 22
      vertex -28.9582 -1.85889 18
      vertex -28.9582 -1.85889 22
    endloop
  endfacet
  facet normal 0.748527 -0.663104 0
    outer loop
      vertex -28.9582 -1.85889 18
      vertex -30.2277 -3.29193 22
      vertex -30.2277 -3.29193 18
    endloop
  endfacet
  facet normal -1 0 0
    outer loop
      vertex -36.3838 -0.957262 18
      vertex -36.3838 0.957262 22
      vertex -36.3838 0.957262 18
    endloop
  endfacet
  facet normal -1 -0 0
    outer loop
      vertex -36.3838 0.957262 22
      vertex -36.3838 -0.957262 18
      vertex -36.3838 -0.957262 22
    endloop
  endfacet
  facet normal -0.88544 0.464754 0
    outer loop
      vertex -36.3838 0.957262 18
      vertex -35.494 2.65249 22
      vertex -35.494 2.65249 18
    endloop
  endfacet
  facet normal -0.88544 0.464754 0
    outer loop
      vertex -35.494 2.65249 22
      vertex -36.3838 0.957262 18
      vertex -36.3838 0.957262 22
    endloop
  endfacet
  facet normal 0.35459 -0.935022 0
    outer loop
      vertex -32.0179 -3.97083 18
      vertex -30.2277 -3.29193 22
      vertex -32.0179 -3.97083 22
    endloop
  endfacet
  facet normal 0.35459 -0.935022 0
    outer loop
      vertex -30.2277 -3.29193 22
      vertex -32.0179 -3.97083 18
      vertex -30.2277 -3.29193 18
    endloop
  endfacet
  facet normal -0.120541 0.992708 0
    outer loop
      vertex -32.0179 3.97083 18
      vertex -33.9184 3.74006 22
      vertex -32.0179 3.97083 22
    endloop
  endfacet
  facet normal -0.120541 0.992708 0
    outer loop
      vertex -33.9184 3.74006 22
      vertex -32.0179 3.97083 18
      vertex -33.9184 3.74006 18
    endloop
  endfacet
  facet normal -0.568069 -0.822981 0
    outer loop
      vertex -35.494 -2.65249 18
      vertex -33.9184 -3.74006 22
      vertex -35.494 -2.65249 22
    endloop
  endfacet
  facet normal -0.568069 -0.822981 -0
    outer loop
      vertex -33.9184 -3.74006 22
      vertex -35.494 -2.65249 18
      vertex -33.9184 -3.74006 18
    endloop
  endfacet
  facet normal -0.88544 -0.464754 0
    outer loop
      vertex -35.494 -2.65249 18
      vertex -36.3838 -0.957262 22
      vertex -36.3838 -0.957262 18
    endloop
  endfacet
  facet normal -0.88544 -0.464754 0
    outer loop
      vertex -36.3838 -0.957262 22
      vertex -35.494 -2.65249 18
      vertex -35.494 -2.65249 22
    endloop
  endfacet
  facet normal 0 0 -1
    outer loop
      vertex -28.9582 -1.85889 18
      vertex -28.9582 1.85889 18
      vertex -28.5 0 18
    endloop
  endfacet
  facet normal 0 0 -1
    outer loop
      vertex -30.2277 -3.29193 18
      vertex -28.9582 1.85889 18
      vertex -28.9582 -1.85889 18
    endloop
  endfacet
  facet normal 0 0 -1
    outer loop
      vertex -30.2277 -3.29193 18
      vertex -30.2277 3.29193 18
      vertex -28.9582 1.85889 18
    endloop
  endfacet
  facet normal 0 0 -1
    outer loop
      vertex -32.0179 -3.97083 18
      vertex -30.2277 3.29193 18
      vertex -30.2277 -3.29193 18
    endloop
  endfacet
  facet normal 0 0 -1
    outer loop
      vertex -32.0179 -3.97083 18
      vertex -32.0179 3.97083 18
      vertex -30.2277 3.29193 18
    endloop
  endfacet
  facet normal 0 0 -1
    outer loop
      vertex -33.9184 -3.74006 18
      vertex -32.0179 3.97083 18
      vertex -32.0179 -3.97083 18
    endloop
  endfacet
  facet normal 0 0 -1
    outer loop
      vertex -33.9184 -3.74006 18
      vertex -33.9184 3.74006 18
      vertex -32.0179 3.97083 18
    endloop
  endfacet
  facet normal 0 0 -1
    outer loop
      vertex -35.494 -2.65249 18
      vertex -33.9184 3.74006 18
      vertex -33.9184 -3.74006 18
    endloop
  endfacet
  facet normal 0 0 -1
    outer loop
      vertex -35.494 -2.65249 18
      vertex -35.494 2.65249 18
      vertex -33.9184 3.74006 18
    endloop
  endfacet
  facet normal 0 0 -1
    outer loop
      vertex -36.3838 -0.957262 18
      vertex -35.494 2.65249 18
      vertex -35.494 -2.65249 18
    endloop
  endfacet
  facet normal 0 0 -1
    outer loop
      vertex -35.494 2.65249 18
      vertex -36.3838 -0.957262 18
      vertex -36.3838 0.957262 18
    endloop
  endfacet
  facet normal 0 0 1
    outer loop
      vertex -26.3781 -14.4822 17.5
      vertex -26.3781 -18.0178 17.5
      vertex -25.6458 -16.25 17.5
    endloop
  endfacet
  facet normal 0 0 1
    outer loop
      vertex -28.1458 -13.75 17.5
      vertex -26.3781 -18.0178 17.5
      vertex -26.3781 -14.4822 17.5
    endloop
  endfacet
  facet normal 0 0 1
    outer loop
      vertex -28.1458 -13.75 17.5
      vertex -28.1458 -18.75 17.5
      vertex -26.3781 -18.0178 17.5
    endloop
  endfacet
  facet normal -0 0 1
    outer loop
      vertex -29.9136 -14.4822 17.5
      vertex -28.1458 -18.75 17.5
      vertex -28.1458 -13.75 17.5
    endloop
  endfacet
  facet normal 0 0 1
    outer loop
      vertex -29.9136 -14.4822 17.5
      vertex -29.9136 -18.0178 17.5
      vertex -28.1458 -18.75 17.5
    endloop
  endfacet
  facet normal 0 -0 1
    outer loop
      vertex -29.9136 -18.0178 17.5
      vertex -29.9136 -14.4822 17.5
      vertex -30.6458 -16.25 17.5
    endloop
  endfacet
  facet normal 0 0 -1
    outer loop
      vertex -26.3781 -18.0178 -22.5
      vertex -26.3781 -14.4822 -22.5
      vertex -25.6458 -16.25 -22.5
    endloop
  endfacet
  facet normal 0 0 -1
    outer loop
      vertex -28.1458 -18.75 -22.5
      vertex -26.3781 -14.4822 -22.5
      vertex -26.3781 -18.0178 -22.5
    endloop
  endfacet
  facet normal 0 0 -1
    outer loop
      vertex -28.1458 -18.75 -22.5
      vertex -28.1458 -13.75 -22.5
      vertex -26.3781 -14.4822 -22.5
    endloop
  endfacet
  facet normal 0 0 -1
    outer loop
      vertex -29.9136 -18.0178 -22.5
      vertex -28.1458 -13.75 -22.5
      vertex -28.1458 -18.75 -22.5
    endloop
  endfacet
  facet normal 0 0 -1
    outer loop
      vertex -29.9136 -18.0178 -22.5
      vertex -29.9136 -14.4822 -22.5
      vertex -28.1458 -13.75 -22.5
    endloop
  endfacet
  facet normal 0 -0 -1
    outer loop
      vertex -29.9136 -14.4822 -22.5
      vertex -29.9136 -18.0178 -22.5
      vertex -30.6458 -16.25 -22.5
    endloop
  endfacet
  facet normal 0.748492 0.663144 0
    outer loop
      vertex -24.604 -14.3911 22
      vertex -25.8736 -12.9581 18
      vertex -25.8736 -12.9581 22
    endloop
  endfacet
  facet normal 0.748492 0.663144 0
    outer loop
      vertex -25.8736 -12.9581 18
      vertex -24.604 -14.3911 22
      vertex -24.604 -14.3911 18
    endloop
  endfacet
  facet normal 0.970939 0.239327 0
    outer loop
      vertex -24.1458 -16.25 22
      vertex -24.604 -14.3911 18
      vertex -24.604 -14.3911 22
    endloop
  endfacet
  facet normal 0.970939 0.239327 0
    outer loop
      vertex -24.604 -14.3911 18
      vertex -24.1458 -16.25 22
      vertex -24.1458 -16.25 18
    endloop
  endfacet
  facet normal -1 0 0
    outer loop
      vertex -32.0296 -17.2073 18
      vertex -32.0296 -15.2927 22
      vertex -32.0296 -15.2927 18
    endloop
  endfacet
  facet normal -1 -0 0
    outer loop
      vertex -32.0296 -15.2927 22
      vertex -32.0296 -17.2073 18
      vertex -32.0296 -17.2073 22
    endloop
  endfacet
  facet normal -0.885458 0.464719 0
    outer loop
      vertex -32.0296 -15.2927 18
      vertex -31.1399 -13.5975 22
      vertex -31.1399 -13.5975 18
    endloop
  endfacet
  facet normal -0.885458 0.464719 0
    outer loop
      vertex -31.1399 -13.5975 22
      vertex -32.0296 -15.2927 18
      vertex -32.0296 -15.2927 22
    endloop
  endfacet
  facet normal 0.354607 0.935015 -0
    outer loop
      vertex -25.8736 -12.9581 18
      vertex -27.6637 -12.2792 22
      vertex -25.8736 -12.9581 22
    endloop
  endfacet
  facet normal 0.354607 0.935015 0
    outer loop
      vertex -27.6637 -12.2792 22
      vertex -25.8736 -12.9581 18
      vertex -27.6637 -12.2792 18
    endloop
  endfacet
  facet normal 0.970939 -0.239327 0
    outer loop
      vertex -24.604 -18.1089 22
      vertex -24.1458 -16.25 18
      vertex -24.1458 -16.25 22
    endloop
  endfacet
  facet normal 0.970939 -0.239327 0
    outer loop
      vertex -24.1458 -16.25 18
      vertex -24.604 -18.1089 22
      vertex -24.604 -18.1089 18
    endloop
  endfacet
  facet normal -0.568055 0.822991 0
    outer loop
      vertex -29.5642 -12.5099 18
      vertex -31.1399 -13.5975 22
      vertex -29.5642 -12.5099 22
    endloop
  endfacet
  facet normal -0.568055 0.822991 0
    outer loop
      vertex -31.1399 -13.5975 22
      vertex -29.5642 -12.5099 18
      vertex -31.1399 -13.5975 18
    endloop
  endfacet
  facet normal 0 0 1
    outer loop
      vertex -24.604 -14.3911 22
      vertex -24.604 -18.1089 22
      vertex -24.1458 -16.25 22
    endloop
  endfacet
  facet normal 0 0 1
    outer loop
      vertex -25.8736 -12.9581 22
      vertex -24.604 -18.1089 22
      vertex -24.604 -14.3911 22
    endloop
  endfacet
  facet normal 0 0 1
    outer loop
      vertex -25.8736 -12.9581 22
      vertex -25.8736 -19.5419 22
      vertex -24.604 -18.1089 22
    endloop
  endfacet
  facet normal 0 0 1
    outer loop
      vertex -27.6637 -12.2792 22
      vertex -25.8736 -19.5419 22
      vertex -25.8736 -12.9581 22
    endloop
  endfacet
  facet normal 0 0 1
    outer loop
      vertex -27.6637 -12.2792 22
      vertex -27.6637 -20.2208 22
      vertex -25.8736 -19.5419 22
    endloop
  endfacet
  facet normal -0 0 1
    outer loop
      vertex -29.5642 -12.5099 22
      vertex -27.6637 -20.2208 22
      vertex -27.6637 -12.2792 22
    endloop
  endfacet
  facet normal 0 0 1
    outer loop
      vertex -29.5642 -12.5099 22
      vertex -29.5642 -19.9901 22
      vertex -27.6637 -20.2208 22
    endloop
  endfacet
  facet normal -0 0 1
    outer loop
      vertex -31.1399 -13.5975 22
      vertex -29.5642 -19.9901 22
      vertex -29.5642 -12.5099 22
    endloop
  endfacet
  facet normal 0 0 1
    outer loop
      vertex -31.1399 -13.5975 22
      vertex -31.1399 -18.9025 22
      vertex -29.5642 -19.9901 22
    endloop
  endfacet
  facet normal -0 0 1
    outer loop
      vertex -32.0296 -15.2927 22
      vertex -31.1399 -18.9025 22
      vertex -31.1399 -13.5975 22
    endloop
  endfacet
  facet normal 0 0 1
    outer loop
      vertex -31.1399 -18.9025 22
      vertex -32.0296 -15.2927 22
      vertex -32.0296 -17.2073 22
    endloop
  endfacet
  facet normal -0.120505 -0.992713 0
    outer loop
      vertex -29.5642 -19.9901 18
      vertex -27.6637 -20.2208 22
      vertex -29.5642 -19.9901 22
    endloop
  endfacet
  facet normal -0.120505 -0.992713 -0
    outer loop
      vertex -27.6637 -20.2208 22
      vertex -29.5642 -19.9901 18
      vertex -27.6637 -20.2208 18
    endloop
  endfacet
  facet normal 0.748492 -0.663144 0
    outer loop
      vertex -25.8736 -19.5419 22
      vertex -24.604 -18.1089 18
      vertex -24.604 -18.1089 22
    endloop
  endfacet
  facet normal 0.748492 -0.663144 0
    outer loop
      vertex -24.604 -18.1089 18
      vertex -25.8736 -19.5419 22
      vertex -25.8736 -19.5419 18
    endloop
  endfacet
  facet normal 0.354607 -0.935015 0
    outer loop
      vertex -27.6637 -20.2208 18
      vertex -25.8736 -19.5419 22
      vertex -27.6637 -20.2208 22
    endloop
  endfacet
  facet normal 0.354607 -0.935015 0
    outer loop
      vertex -25.8736 -19.5419 22
      vertex -27.6637 -20.2208 18
      vertex -25.8736 -19.5419 18
    endloop
  endfacet
  facet normal -0.120505 0.992713 0
    outer loop
      vertex -27.6637 -12.2792 18
      vertex -29.5642 -12.5099 22
      vertex -27.6637 -12.2792 22
    endloop
  endfacet
  facet normal -0.120505 0.992713 0
    outer loop
      vertex -29.5642 -12.5099 22
      vertex -27.6637 -12.2792 18
      vertex -29.5642 -12.5099 18
    endloop
  endfacet
  facet normal -0.568055 -0.822991 0
    outer loop
      vertex -31.1399 -18.9025 18
      vertex -29.5642 -19.9901 22
      vertex -31.1399 -18.9025 22
    endloop
  endfacet
  facet normal -0.568055 -0.822991 -0
    outer loop
      vertex -29.5642 -19.9901 22
      vertex -31.1399 -18.9025 18
      vertex -29.5642 -19.9901 18
    endloop
  endfacet
  facet normal -0.885458 -0.464719 0
    outer loop
      vertex -31.1399 -18.9025 18
      vertex -32.0296 -17.2073 22
      vertex -32.0296 -17.2073 18
    endloop
  endfacet
  facet normal -0.885458 -0.464719 0
    outer loop
      vertex -32.0296 -17.2073 22
      vertex -31.1399 -18.9025 18
      vertex -31.1399 -18.9025 22
    endloop
  endfacet
  facet normal 0 0 -1
    outer loop
      vertex -24.604 -18.1089 18
      vertex -24.604 -14.3911 18
      vertex -24.1458 -16.25 18
    endloop
  endfacet
  facet normal 0 0 -1
    outer loop
      vertex -25.8736 -19.5419 18
      vertex -24.604 -14.3911 18
      vertex -24.604 -18.1089 18
    endloop
  endfacet
  facet normal 0 0 -1
    outer loop
      vertex -25.8736 -19.5419 18
      vertex -25.8736 -12.9581 18
      vertex -24.604 -14.3911 18
    endloop
  endfacet
  facet normal 0 0 -1
    outer loop
      vertex -27.6637 -20.2208 18
      vertex -25.8736 -12.9581 18
      vertex -25.8736 -19.5419 18
    endloop
  endfacet
  facet normal 0 0 -1
    outer loop
      vertex -27.6637 -20.2208 18
      vertex -27.6637 -12.2792 18
      vertex -25.8736 -12.9581 18
    endloop
  endfacet
  facet normal 0 0 -1
    outer loop
      vertex -29.5642 -19.9901 18
      vertex -27.6637 -12.2792 18
      vertex -27.6637 -20.2208 18
    endloop
  endfacet
  facet normal 0 0 -1
    outer loop
      vertex -29.5642 -19.9901 18
      vertex -29.5642 -12.5099 18
      vertex -27.6637 -12.2792 18
    endloop
  endfacet
  facet normal 0 0 -1
    outer loop
      vertex -31.1399 -18.9025 18
      vertex -29.5642 -12.5099 18
      vertex -29.5642 -19.9901 18
    endloop
  endfacet
  facet normal 0 0 -1
    outer loop
      vertex -31.1399 -18.9025 18
      vertex -31.1399 -13.5975 18
      vertex -29.5642 -12.5099 18
    endloop
  endfacet
  facet normal 0 0 -1
    outer loop
      vertex -32.0296 -17.2073 18
      vertex -31.1399 -13.5975 18
      vertex -31.1399 -18.9025 18
    endloop
  endfacet
  facet normal 0 0 -1
    outer loop
      vertex -31.1399 -13.5975 18
      vertex -32.0296 -17.2073 18
      vertex -32.0296 -15.2927 18
    endloop
  endfacet
  facet normal 0 0 1
    outer loop
      vertex -14.4822 -26.3781 17.5
      vertex -14.4822 -29.9136 17.5
      vertex -13.75 -28.1458 17.5
    endloop
  endfacet
  facet normal 0 0 1
    outer loop
      vertex -16.25 -25.6458 17.5
      vertex -14.4822 -29.9136 17.5
      vertex -14.4822 -26.3781 17.5
    endloop
  endfacet
  facet normal 0 0 1
    outer loop
      vertex -16.25 -25.6458 17.5
      vertex -16.25 -30.6458 17.5
      vertex -14.4822 -29.9136 17.5
    endloop
  endfacet
  facet normal -0 0 1
    outer loop
      vertex -18.0178 -26.3781 17.5
      vertex -16.25 -30.6458 17.5
      vertex -16.25 -25.6458 17.5
    endloop
  endfacet
  facet normal 0 0 1
    outer loop
      vertex -18.0178 -26.3781 17.5
      vertex -18.0178 -29.9136 17.5
      vertex -16.25 -30.6458 17.5
    endloop
  endfacet
  facet normal 0 -0 1
    outer loop
      vertex -18.0178 -29.9136 17.5
      vertex -18.0178 -26.3781 17.5
      vertex -18.75 -28.1458 17.5
    endloop
  endfacet
  facet normal 0 0 -1
    outer loop
      vertex -14.4822 -29.9136 -22.5
      vertex -14.4822 -26.3781 -22.5
      vertex -13.75 -28.1458 -22.5
    endloop
  endfacet
  facet normal 0 0 -1
    outer loop
      vertex -16.25 -30.6458 -22.5
      vertex -14.4822 -26.3781 -22.5
      vertex -14.4822 -29.9136 -22.5
    endloop
  endfacet
  facet normal 0 0 -1
    outer loop
      vertex -16.25 -30.6458 -22.5
      vertex -16.25 -25.6458 -22.5
      vertex -14.4822 -26.3781 -22.5
    endloop
  endfacet
  facet normal 0 0 -1
    outer loop
      vertex -18.0178 -29.9136 -22.5
      vertex -16.25 -25.6458 -22.5
      vertex -16.25 -30.6458 -22.5
    endloop
  endfacet
  facet normal 0 0 -1
    outer loop
      vertex -18.0178 -29.9136 -22.5
      vertex -18.0178 -26.3781 -22.5
      vertex -16.25 -25.6458 -22.5
    endloop
  endfacet
  facet normal 0 -0 -1
    outer loop
      vertex -18.0178 -26.3781 -22.5
      vertex -18.0178 -29.9136 -22.5
      vertex -18.75 -28.1458 -22.5
    endloop
  endfacet
  facet normal -0.885437 -0.46476 0
    outer loop
      vertex -19.244 -30.7983 18
      vertex -20.1338 -29.1031 22
      vertex -20.1338 -29.1031 18
    endloop
  endfacet
  facet normal -0.885437 -0.46476 0
    outer loop
      vertex -20.1338 -29.1031 22
      vertex -19.244 -30.7983 18
      vertex -19.244 -30.7983 22
    endloop
  endfacet
  facet normal 0.748518 0.663115 0
    outer loop
      vertex -12.7082 -26.2869 22
      vertex -13.9777 -24.8539 18
      vertex -13.9777 -24.8539 22
    endloop
  endfacet
  facet normal 0.748518 0.663115 0
    outer loop
      vertex -13.9777 -24.8539 18
      vertex -12.7082 -26.2869 22
      vertex -12.7082 -26.2869 18
    endloop
  endfacet
  facet normal 0.970939 0.239327 0
    outer loop
      vertex -12.25 -28.1458 22
      vertex -12.7082 -26.2869 18
      vertex -12.7082 -26.2869 22
    endloop
  endfacet
  facet normal 0.970939 0.239327 0
    outer loop
      vertex -12.7082 -26.2869 18
      vertex -12.25 -28.1458 22
      vertex -12.25 -28.1458 18
    endloop
  endfacet
  facet normal 0.748541 -0.663089 0
    outer loop
      vertex -13.9777 -31.4378 22
      vertex -12.7082 -30.0047 18
      vertex -12.7082 -30.0047 22
    endloop
  endfacet
  facet normal 0.748541 -0.663089 0
    outer loop
      vertex -12.7082 -30.0047 18
      vertex -13.9777 -31.4378 22
      vertex -13.9777 -31.4378 18
    endloop
  endfacet
  facet normal 0.35459 -0.935022 0
    outer loop
      vertex -15.7679 -32.1167 18
      vertex -13.9777 -31.4378 22
      vertex -15.7679 -32.1167 22
    endloop
  endfacet
  facet normal 0.35459 -0.935022 0
    outer loop
      vertex -13.9777 -31.4378 22
      vertex -15.7679 -32.1167 18
      vertex -13.9777 -31.4378 18
    endloop
  endfacet
  facet normal 0 0 1
    outer loop
      vertex -12.7082 -26.2869 22
      vertex -12.7082 -30.0047 22
      vertex -12.25 -28.1458 22
    endloop
  endfacet
  facet normal 0 0 1
    outer loop
      vertex -13.9777 -24.8539 22
      vertex -12.7082 -30.0047 22
      vertex -12.7082 -26.2869 22
    endloop
  endfacet
  facet normal 0 0 1
    outer loop
      vertex -13.9777 -24.8539 22
      vertex -13.9777 -31.4378 22
      vertex -12.7082 -30.0047 22
    endloop
  endfacet
  facet normal 0 0 1
    outer loop
      vertex -15.7679 -24.175 22
      vertex -13.9777 -31.4378 22
      vertex -13.9777 -24.8539 22
    endloop
  endfacet
  facet normal 0 0 1
    outer loop
      vertex -15.7679 -24.175 22
      vertex -15.7679 -32.1167 22
      vertex -13.9777 -31.4378 22
    endloop
  endfacet
  facet normal -0 0 1
    outer loop
      vertex -17.6684 -24.4058 22
      vertex -15.7679 -32.1167 22
      vertex -15.7679 -24.175 22
    endloop
  endfacet
  facet normal 0 0 1
    outer loop
      vertex -17.6684 -24.4058 22
      vertex -17.6684 -31.8859 22
      vertex -15.7679 -32.1167 22
    endloop
  endfacet
  facet normal -0 0 1
    outer loop
      vertex -19.244 -25.4933 22
      vertex -17.6684 -31.8859 22
      vertex -17.6684 -24.4058 22
    endloop
  endfacet
  facet normal 0 0 1
    outer loop
      vertex -19.244 -25.4933 22
      vertex -19.244 -30.7983 22
      vertex -17.6684 -31.8859 22
    endloop
  endfacet
  facet normal -0 0 1
    outer loop
      vertex -20.1338 -27.1886 22
      vertex -19.244 -30.7983 22
      vertex -19.244 -25.4933 22
    endloop
  endfacet
  facet normal 0 0 1
    outer loop
      vertex -19.244 -30.7983 22
      vertex -20.1338 -27.1886 22
      vertex -20.1338 -29.1031 22
    endloop
  endfacet
  facet normal -0.120556 0.992707 0
    outer loop
      vertex -15.7679 -24.175 18
      vertex -17.6684 -24.4058 22
      vertex -15.7679 -24.175 22
    endloop
  endfacet
  facet normal -0.120556 0.992707 0
    outer loop
      vertex -17.6684 -24.4058 22
      vertex -15.7679 -24.175 18
      vertex -17.6684 -24.4058 18
    endloop
  endfacet
  facet normal -0.568044 0.822998 0
    outer loop
      vertex -17.6684 -24.4058 18
      vertex -19.244 -25.4933 22
      vertex -17.6684 -24.4058 22
    endloop
  endfacet
  facet normal -0.568044 0.822998 0
    outer loop
      vertex -19.244 -25.4933 22
      vertex -17.6684 -24.4058 18
      vertex -19.244 -25.4933 18
    endloop
  endfacet
  facet normal -0.56808 -0.822974 0
    outer loop
      vertex -19.244 -30.7983 18
      vertex -17.6684 -31.8859 22
      vertex -19.244 -30.7983 22
    endloop
  endfacet
  facet normal -0.56808 -0.822974 -0
    outer loop
      vertex -17.6684 -31.8859 22
      vertex -19.244 -30.7983 18
      vertex -17.6684 -31.8859 18
    endloop
  endfacet
  facet normal -0.120556 -0.992707 0
    outer loop
      vertex -17.6684 -31.8859 18
      vertex -15.7679 -32.1167 22
      vertex -17.6684 -31.8859 22
    endloop
  endfacet
  facet normal -0.120556 -0.992707 -0
    outer loop
      vertex -15.7679 -32.1167 22
      vertex -17.6684 -31.8859 18
      vertex -15.7679 -32.1167 18
    endloop
  endfacet
  facet normal -1 0 0
    outer loop
      vertex -20.1338 -29.1031 18
      vertex -20.1338 -27.1886 22
      vertex -20.1338 -27.1886 18
    endloop
  endfacet
  facet normal -1 -0 0
    outer loop
      vertex -20.1338 -27.1886 22
      vertex -20.1338 -29.1031 18
      vertex -20.1338 -29.1031 22
    endloop
  endfacet
  facet normal 0.35459 0.935022 -0
    outer loop
      vertex -13.9777 -24.8539 18
      vertex -15.7679 -24.175 22
      vertex -13.9777 -24.8539 22
    endloop
  endfacet
  facet normal 0.35459 0.935022 0
    outer loop
      vertex -15.7679 -24.175 22
      vertex -13.9777 -24.8539 18
      vertex -15.7679 -24.175 18
    endloop
  endfacet
  facet normal 0.970939 -0.239327 0
    outer loop
      vertex -12.7082 -30.0047 22
      vertex -12.25 -28.1458 18
      vertex -12.25 -28.1458 22
    endloop
  endfacet
  facet normal 0.970939 -0.239327 0
    outer loop
      vertex -12.25 -28.1458 18
      vertex -12.7082 -30.0047 22
      vertex -12.7082 -30.0047 18
    endloop
  endfacet
  facet normal 0 0 -1
    outer loop
      vertex -12.7082 -30.0047 18
      vertex -12.7082 -26.2869 18
      vertex -12.25 -28.1458 18
    endloop
  endfacet
  facet normal 0 0 -1
    outer loop
      vertex -13.9777 -31.4378 18
      vertex -12.7082 -26.2869 18
      vertex -12.7082 -30.0047 18
    endloop
  endfacet
  facet normal 0 0 -1
    outer loop
      vertex -13.9777 -31.4378 18
      vertex -13.9777 -24.8539 18
      vertex -12.7082 -26.2869 18
    endloop
  endfacet
  facet normal 0 0 -1
    outer loop
      vertex -15.7679 -32.1167 18
      vertex -13.9777 -24.8539 18
      vertex -13.9777 -31.4378 18
    endloop
  endfacet
  facet normal 0 0 -1
    outer loop
      vertex -15.7679 -32.1167 18
      vertex -15.7679 -24.175 18
      vertex -13.9777 -24.8539 18
    endloop
  endfacet
  facet normal 0 0 -1
    outer loop
      vertex -17.6684 -31.8859 18
      vertex -15.7679 -24.175 18
      vertex -15.7679 -32.1167 18
    endloop
  endfacet
  facet normal 0 0 -1
    outer loop
      vertex -17.6684 -31.8859 18
      vertex -17.6684 -24.4058 18
      vertex -15.7679 -24.175 18
    endloop
  endfacet
  facet normal 0 0 -1
    outer loop
      vertex -19.244 -30.7983 18
      vertex -17.6684 -24.4058 18
      vertex -17.6684 -31.8859 18
    endloop
  endfacet
  facet normal 0 0 -1
    outer loop
      vertex -19.244 -30.7983 18
      vertex -19.244 -25.4933 18
      vertex -17.6684 -24.4058 18
    endloop
  endfacet
  facet normal 0 0 -1
    outer loop
      vertex -20.1338 -29.1031 18
      vertex -19.244 -25.4933 18
      vertex -19.244 -30.7983 18
    endloop
  endfacet
  facet normal 0 0 -1
    outer loop
      vertex -19.244 -25.4933 18
      vertex -20.1338 -29.1031 18
      vertex -20.1338 -27.1886 18
    endloop
  endfacet
  facet normal -0.885448 0.464739 0
    outer loop
      vertex -20.1338 -27.1886 18
      vertex -19.244 -25.4933 22
      vertex -19.244 -25.4933 18
    endloop
  endfacet
  facet normal -0.885448 0.464739 0
    outer loop
      vertex -19.244 -25.4933 22
      vertex -20.1338 -27.1886 18
      vertex -20.1338 -27.1886 22
    endloop
  endfacet
  facet normal 0 0 1
    outer loop
      vertex 1.76777 -30.7322 17.5
      vertex 1.76777 -34.2678 17.5
      vertex 2.5 -32.5 17.5
    endloop
  endfacet
  facet normal 0 0 1
    outer loop
      vertex 0 -30 17.5
      vertex 1.76777 -34.2678 17.5
      vertex 1.76777 -30.7322 17.5
    endloop
  endfacet
  facet normal 0 0 1
    outer loop
      vertex 0 -30 17.5
      vertex 0 -35 17.5
      vertex 1.76777 -34.2678 17.5
    endloop
  endfacet
  facet normal -0 0 1
    outer loop
      vertex -1.76777 -30.7322 17.5
      vertex 0 -35 17.5
      vertex 0 -30 17.5
    endloop
  endfacet
  facet normal 0 0 1
    outer loop
      vertex -1.76777 -30.7322 17.5
      vertex -1.76777 -34.2678 17.5
      vertex 0 -35 17.5
    endloop
  endfacet
  facet normal 0 -0 1
    outer loop
      vertex -1.76777 -34.2678 17.5
      vertex -1.76777 -30.7322 17.5
      vertex -2.5 -32.5 17.5
    endloop
  endfacet
  facet normal 0 0 -1
    outer loop
      vertex 1.76777 -34.2678 -22.5
      vertex 1.76777 -30.7322 -22.5
      vertex 2.5 -32.5 -22.5
    endloop
  endfacet
  facet normal 0 0 -1
    outer loop
      vertex 0 -35 -22.5
      vertex 1.76777 -30.7322 -22.5
      vertex 1.76777 -34.2678 -22.5
    endloop
  endfacet
  facet normal 0 0 -1
    outer loop
      vertex 0 -35 -22.5
      vertex 0 -30 -22.5
      vertex 1.76777 -30.7322 -22.5
    endloop
  endfacet
  facet normal 0 0 -1
    outer loop
      vertex -1.76777 -34.2678 -22.5
      vertex 0 -30 -22.5
      vertex 0 -35 -22.5
    endloop
  endfacet
  facet normal 0 0 -1
    outer loop
      vertex -1.76777 -34.2678 -22.5
      vertex -1.76777 -30.7322 -22.5
      vertex 0 -30 -22.5
    endloop
  endfacet
  facet normal 0 -0 -1
    outer loop
      vertex -1.76777 -30.7322 -22.5
      vertex -1.76777 -34.2678 -22.5
      vertex -2.5 -32.5 -22.5
    endloop
  endfacet
  facet normal -0.568075 0.822977 0
    outer loop
      vertex -1.41842 -28.7599 18
      vertex -2.99404 -29.8475 22
      vertex -1.41842 -28.7599 22
    endloop
  endfacet
  facet normal -0.568075 0.822977 0
    outer loop
      vertex -2.99404 -29.8475 22
      vertex -1.41842 -28.7599 18
      vertex -2.99404 -29.8475 18
    endloop
  endfacet
  facet normal 0.748502 0.663132 0
    outer loop
      vertex 3.54182 -30.6411 22
      vertex 2.27226 -29.2081 18
      vertex 2.27226 -29.2081 22
    endloop
  endfacet
  facet normal 0.748502 0.663132 0
    outer loop
      vertex 2.27226 -29.2081 18
      vertex 3.54182 -30.6411 22
      vertex 3.54182 -30.6411 18
    endloop
  endfacet
  facet normal 0.970942 0.239317 0
    outer loop
      vertex 4 -32.5 22
      vertex 3.54182 -30.6411 18
      vertex 3.54182 -30.6411 22
    endloop
  endfacet
  facet normal 0.970942 0.239317 0
    outer loop
      vertex 3.54182 -30.6411 18
      vertex 4 -32.5 22
      vertex 4 -32.5 18
    endloop
  endfacet
  facet normal -1 0 0
    outer loop
      vertex -3.88377 -33.4573 18
      vertex -3.88377 -31.5427 22
      vertex -3.88377 -31.5427 18
    endloop
  endfacet
  facet normal -1 -0 0
    outer loop
      vertex -3.88377 -31.5427 22
      vertex -3.88377 -33.4573 18
      vertex -3.88377 -33.4573 22
    endloop
  endfacet
  facet normal -0.885452 0.464732 0
    outer loop
      vertex -3.88377 -31.5427 18
      vertex -2.99404 -29.8475 22
      vertex -2.99404 -29.8475 18
    endloop
  endfacet
  facet normal -0.885452 0.464732 0
    outer loop
      vertex -2.99404 -29.8475 22
      vertex -3.88377 -31.5427 18
      vertex -3.88377 -31.5427 22
    endloop
  endfacet
  facet normal 0.354605 0.935016 -0
    outer loop
      vertex 2.27226 -29.2081 18
      vertex 0.482146 -28.5292 22
      vertex 2.27226 -29.2081 22
    endloop
  endfacet
  facet normal 0.354605 0.935016 0
    outer loop
      vertex 0.482146 -28.5292 22
      vertex 2.27226 -29.2081 18
      vertex 0.482146 -28.5292 18
    endloop
  endfacet
  facet normal 0.970942 -0.239317 0
    outer loop
      vertex 3.54182 -34.3589 22
      vertex 4 -32.5 18
      vertex 4 -32.5 22
    endloop
  endfacet
  facet normal 0.970942 -0.239317 0
    outer loop
      vertex 4 -32.5 18
      vertex 3.54182 -34.3589 22
      vertex 3.54182 -34.3589 18
    endloop
  endfacet
  facet normal 0 0 1
    outer loop
      vertex 3.54182 -30.6411 22
      vertex 3.54182 -34.3589 22
      vertex 4 -32.5 22
    endloop
  endfacet
  facet normal 0 0 1
    outer loop
      vertex 2.27226 -29.2081 22
      vertex 3.54182 -34.3589 22
      vertex 3.54182 -30.6411 22
    endloop
  endfacet
  facet normal 0 0 1
    outer loop
      vertex 2.27226 -29.2081 22
      vertex 2.27226 -35.7919 22
      vertex 3.54182 -34.3589 22
    endloop
  endfacet
  facet normal 0 0 1
    outer loop
      vertex 0.482146 -28.5292 22
      vertex 2.27226 -35.7919 22
      vertex 2.27226 -29.2081 22
    endloop
  endfacet
  facet normal 0 0 1
    outer loop
      vertex 0.482146 -28.5292 22
      vertex 0.482146 -36.4708 22
      vertex 2.27226 -35.7919 22
    endloop
  endfacet
  facet normal -0 0 1
    outer loop
      vertex -1.41842 -28.7599 22
      vertex 0.482146 -36.4708 22
      vertex 0.482146 -28.5292 22
    endloop
  endfacet
  facet normal 0 0 1
    outer loop
      vertex -1.41842 -28.7599 22
      vertex -1.41842 -36.2401 22
      vertex 0.482146 -36.4708 22
    endloop
  endfacet
  facet normal -0 0 1
    outer loop
      vertex -2.99404 -29.8475 22
      vertex -1.41842 -36.2401 22
      vertex -1.41842 -28.7599 22
    endloop
  endfacet
  facet normal 0 0 1
    outer loop
      vertex -2.99404 -29.8475 22
      vertex -2.99404 -35.1525 22
      vertex -1.41842 -36.2401 22
    endloop
  endfacet
  facet normal -0 0 1
    outer loop
      vertex -3.88377 -31.5427 22
      vertex -2.99404 -35.1525 22
      vertex -2.99404 -29.8475 22
    endloop
  endfacet
  facet normal 0 0 1
    outer loop
      vertex -2.99404 -35.1525 22
      vertex -3.88377 -31.5427 22
      vertex -3.88377 -33.4573 22
    endloop
  endfacet
  facet normal -0.1205 -0.992713 0
    outer loop
      vertex -1.41842 -36.2401 18
      vertex 0.482146 -36.4708 22
      vertex -1.41842 -36.2401 22
    endloop
  endfacet
  facet normal -0.1205 -0.992713 -0
    outer loop
      vertex 0.482146 -36.4708 22
      vertex -1.41842 -36.2401 18
      vertex 0.482146 -36.4708 18
    endloop
  endfacet
  facet normal 0.748502 -0.663132 0
    outer loop
      vertex 2.27226 -35.7919 22
      vertex 3.54182 -34.3589 18
      vertex 3.54182 -34.3589 22
    endloop
  endfacet
  facet normal 0.748502 -0.663132 0
    outer loop
      vertex 3.54182 -34.3589 18
      vertex 2.27226 -35.7919 22
      vertex 2.27226 -35.7919 18
    endloop
  endfacet
  facet normal 0.354605 -0.935016 0
    outer loop
      vertex 0.482146 -36.4708 18
      vertex 2.27226 -35.7919 22
      vertex 0.482146 -36.4708 22
    endloop
  endfacet
  facet normal 0.354605 -0.935016 0
    outer loop
      vertex 2.27226 -35.7919 22
      vertex 0.482146 -36.4708 18
      vertex 2.27226 -35.7919 18
    endloop
  endfacet
  facet normal -0.1205 0.992713 0
    outer loop
      vertex 0.482146 -28.5292 18
      vertex -1.41842 -28.7599 22
      vertex 0.482146 -28.5292 22
    endloop
  endfacet
  facet normal -0.1205 0.992713 0
    outer loop
      vertex -1.41842 -28.7599 22
      vertex 0.482146 -28.5292 18
      vertex -1.41842 -28.7599 18
    endloop
  endfacet
  facet normal -0.568075 -0.822977 0
    outer loop
      vertex -2.99404 -35.1525 18
      vertex -1.41842 -36.2401 22
      vertex -2.99404 -35.1525 22
    endloop
  endfacet
  facet normal -0.568075 -0.822977 -0
    outer loop
      vertex -1.41842 -36.2401 22
      vertex -2.99404 -35.1525 18
      vertex -1.41842 -36.2401 18
    endloop
  endfacet
  facet normal -0.885452 -0.464732 0
    outer loop
      vertex -2.99404 -35.1525 18
      vertex -3.88377 -33.4573 22
      vertex -3.88377 -33.4573 18
    endloop
  endfacet
  facet normal -0.885452 -0.464732 0
    outer loop
      vertex -3.88377 -33.4573 22
      vertex -2.99404 -35.1525 18
      vertex -2.99404 -35.1525 22
    endloop
  endfacet
  facet normal 0 0 -1
    outer loop
      vertex 3.54182 -34.3589 18
      vertex 3.54182 -30.6411 18
      vertex 4 -32.5 18
    endloop
  endfacet
  facet normal 0 0 -1
    outer loop
      vertex 2.27226 -35.7919 18
      vertex 3.54182 -30.6411 18
      vertex 3.54182 -34.3589 18
    endloop
  endfacet
  facet normal 0 0 -1
    outer loop
      vertex 2.27226 -35.7919 18
      vertex 2.27226 -29.2081 18
      vertex 3.54182 -30.6411 18
    endloop
  endfacet
  facet normal 0 0 -1
    outer loop
      vertex 0.482146 -36.4708 18
      vertex 2.27226 -29.2081 18
      vertex 2.27226 -35.7919 18
    endloop
  endfacet
  facet normal 0 0 -1
    outer loop
      vertex 0.482146 -36.4708 18
      vertex 0.482146 -28.5292 18
      vertex 2.27226 -29.2081 18
    endloop
  endfacet
  facet normal 0 0 -1
    outer loop
      vertex -1.41842 -36.2401 18
      vertex 0.482146 -28.5292 18
      vertex 0.482146 -36.4708 18
    endloop
  endfacet
  facet normal 0 0 -1
    outer loop
      vertex -1.41842 -36.2401 18
      vertex -1.41842 -28.7599 18
      vertex 0.482146 -28.5292 18
    endloop
  endfacet
  facet normal 0 0 -1
    outer loop
      vertex -2.99404 -35.1525 18
      vertex -1.41842 -28.7599 18
      vertex -1.41842 -36.2401 18
    endloop
  endfacet
  facet normal 0 0 -1
    outer loop
      vertex -2.99404 -35.1525 18
      vertex -2.99404 -29.8475 18
      vertex -1.41842 -28.7599 18
    endloop
  endfacet
  facet normal 0 0 -1
    outer loop
      vertex -3.88377 -33.4573 18
      vertex -2.99404 -29.8475 18
      vertex -2.99404 -35.1525 18
    endloop
  endfacet
  facet normal 0 0 -1
    outer loop
      vertex -2.99404 -29.8475 18
      vertex -3.88377 -33.4573 18
      vertex -3.88377 -31.5427 18
    endloop
  endfacet
  facet normal 0 0 1
    outer loop
      vertex 18.0178 -26.3781 17.5
      vertex 18.0178 -29.9136 17.5
      vertex 18.75 -28.1458 17.5
    endloop
  endfacet
  facet normal 0 0 1
    outer loop
      vertex 16.25 -25.6458 17.5
      vertex 18.0178 -29.9136 17.5
      vertex 18.0178 -26.3781 17.5
    endloop
  endfacet
  facet normal 0 0 1
    outer loop
      vertex 16.25 -25.6458 17.5
      vertex 16.25 -30.6458 17.5
      vertex 18.0178 -29.9136 17.5
    endloop
  endfacet
  facet normal -0 0 1
    outer loop
      vertex 14.4822 -26.3781 17.5
      vertex 16.25 -30.6458 17.5
      vertex 16.25 -25.6458 17.5
    endloop
  endfacet
  facet normal 0 0 1
    outer loop
      vertex 14.4822 -26.3781 17.5
      vertex 14.4822 -29.9136 17.5
      vertex 16.25 -30.6458 17.5
    endloop
  endfacet
  facet normal 0 -0 1
    outer loop
      vertex 14.4822 -29.9136 17.5
      vertex 14.4822 -26.3781 17.5
      vertex 13.75 -28.1458 17.5
    endloop
  endfacet
  facet normal 0 0 -1
    outer loop
      vertex 18.0178 -29.9136 -22.5
      vertex 18.0178 -26.3781 -22.5
      vertex 18.75 -28.1458 -22.5
    endloop
  endfacet
  facet normal 0 0 -1
    outer loop
      vertex 16.25 -30.6458 -22.5
      vertex 18.0178 -26.3781 -22.5
      vertex 18.0178 -29.9136 -22.5
    endloop
  endfacet
  facet normal 0 0 -1
    outer loop
      vertex 16.25 -30.6458 -22.5
      vertex 16.25 -25.6458 -22.5
      vertex 18.0178 -26.3781 -22.5
    endloop
  endfacet
  facet normal 0 0 -1
    outer loop
      vertex 14.4822 -29.9136 -22.5
      vertex 16.25 -25.6458 -22.5
      vertex 16.25 -30.6458 -22.5
    endloop
  endfacet
  facet normal 0 0 -1
    outer loop
      vertex 14.4822 -29.9136 -22.5
      vertex 14.4822 -26.3781 -22.5
      vertex 16.25 -25.6458 -22.5
    endloop
  endfacet
  facet normal 0 -0 -1
    outer loop
      vertex 14.4822 -26.3781 -22.5
      vertex 14.4822 -29.9136 -22.5
      vertex 13.75 -28.1458 -22.5
    endloop
  endfacet
  facet normal -0.885437 -0.46476 0
    outer loop
      vertex 13.256 -30.7983 18
      vertex 12.3662 -29.1031 22
      vertex 12.3662 -29.1031 18
    endloop
  endfacet
  facet normal -0.885437 -0.46476 0
    outer loop
      vertex 12.3662 -29.1031 22
      vertex 13.256 -30.7983 18
      vertex 13.256 -30.7983 22
    endloop
  endfacet
  facet normal 0.748518 0.663115 0
    outer loop
      vertex 19.7918 -26.2869 22
      vertex 18.5223 -24.8539 18
      vertex 18.5223 -24.8539 22
    endloop
  endfacet
  facet normal 0.748518 0.663115 0
    outer loop
      vertex 18.5223 -24.8539 18
      vertex 19.7918 -26.2869 22
      vertex 19.7918 -26.2869 18
    endloop
  endfacet
  facet normal 0.970939 0.239327 0
    outer loop
      vertex 20.25 -28.1458 22
      vertex 19.7918 -26.2869 18
      vertex 19.7918 -26.2869 22
    endloop
  endfacet
  facet normal 0.970939 0.239327 0
    outer loop
      vertex 19.7918 -26.2869 18
      vertex 20.25 -28.1458 22
      vertex 20.25 -28.1458 18
    endloop
  endfacet
  facet normal 0.35459 -0.935022 0
    outer loop
      vertex 16.7321 -32.1167 18
      vertex 18.5223 -31.4378 22
      vertex 16.7321 -32.1167 22
    endloop
  endfacet
  facet normal 0.35459 -0.935022 0
    outer loop
      vertex 18.5223 -31.4378 22
      vertex 16.7321 -32.1167 18
      vertex 18.5223 -31.4378 18
    endloop
  endfacet
  facet normal 0 0 1
    outer loop
      vertex 19.7918 -26.2869 22
      vertex 19.7918 -30.0047 22
      vertex 20.25 -28.1458 22
    endloop
  endfacet
  facet normal 0 0 1
    outer loop
      vertex 18.5223 -24.8539 22
      vertex 19.7918 -30.0047 22
      vertex 19.7918 -26.2869 22
    endloop
  endfacet
  facet normal 0 0 1
    outer loop
      vertex 18.5223 -24.8539 22
      vertex 18.5223 -31.4378 22
      vertex 19.7918 -30.0047 22
    endloop
  endfacet
  facet normal 0 0 1
    outer loop
      vertex 16.7321 -24.175 22
      vertex 18.5223 -31.4378 22
      vertex 18.5223 -24.8539 22
    endloop
  endfacet
  facet normal 0 0 1
    outer loop
      vertex 16.7321 -24.175 22
      vertex 16.7321 -32.1167 22
      vertex 18.5223 -31.4378 22
    endloop
  endfacet
  facet normal -0 0 1
    outer loop
      vertex 14.8316 -24.4058 22
      vertex 16.7321 -32.1167 22
      vertex 16.7321 -24.175 22
    endloop
  endfacet
  facet normal 0 0 1
    outer loop
      vertex 14.8316 -24.4058 22
      vertex 14.8316 -31.8859 22
      vertex 16.7321 -32.1167 22
    endloop
  endfacet
  facet normal -0 0 1
    outer loop
      vertex 13.256 -25.4933 22
      vertex 14.8316 -31.8859 22
      vertex 14.8316 -24.4058 22
    endloop
  endfacet
  facet normal 0 0 1
    outer loop
      vertex 13.256 -25.4933 22
      vertex 13.256 -30.7983 22
      vertex 14.8316 -31.8859 22
    endloop
  endfacet
  facet normal -0 0 1
    outer loop
      vertex 12.3662 -27.1886 22
      vertex 13.256 -30.7983 22
      vertex 13.256 -25.4933 22
    endloop
  endfacet
  facet normal 0 0 1
    outer loop
      vertex 13.256 -30.7983 22
      vertex 12.3662 -27.1886 22
      vertex 12.3662 -29.1031 22
    endloop
  endfacet
  facet normal 0.970939 -0.239327 0
    outer loop
      vertex 19.7918 -30.0047 22
      vertex 20.25 -28.1458 18
      vertex 20.25 -28.1458 22
    endloop
  endfacet
  facet normal 0.970939 -0.239327 0
    outer loop
      vertex 20.25 -28.1458 18
      vertex 19.7918 -30.0047 22
      vertex 19.7918 -30.0047 18
    endloop
  endfacet
  facet normal -0.568044 0.822998 0
    outer loop
      vertex 14.8316 -24.4058 18
      vertex 13.256 -25.4933 22
      vertex 14.8316 -24.4058 22
    endloop
  endfacet
  facet normal -0.568044 0.822998 0
    outer loop
      vertex 13.256 -25.4933 22
      vertex 14.8316 -24.4058 18
      vertex 13.256 -25.4933 18
    endloop
  endfacet
  facet normal -0.120556 0.992707 0
    outer loop
      vertex 16.7321 -24.175 18
      vertex 14.8316 -24.4058 22
      vertex 16.7321 -24.175 22
    endloop
  endfacet
  facet normal -0.120556 0.992707 0
    outer loop
      vertex 14.8316 -24.4058 22
      vertex 16.7321 -24.175 18
      vertex 14.8316 -24.4058 18
    endloop
  endfacet
  facet normal -0.120556 -0.992707 0
    outer loop
      vertex 14.8316 -31.8859 18
      vertex 16.7321 -32.1167 22
      vertex 14.8316 -31.8859 22
    endloop
  endfacet
  facet normal -0.120556 -0.992707 -0
    outer loop
      vertex 16.7321 -32.1167 22
      vertex 14.8316 -31.8859 18
      vertex 16.7321 -32.1167 18
    endloop
  endfacet
  facet normal -1 0 0
    outer loop
      vertex 12.3662 -29.1031 18
      vertex 12.3662 -27.1886 22
      vertex 12.3662 -27.1886 18
    endloop
  endfacet
  facet normal -1 -0 0
    outer loop
      vertex 12.3662 -27.1886 22
      vertex 12.3662 -29.1031 18
      vertex 12.3662 -29.1031 22
    endloop
  endfacet
  facet normal 0.748541 -0.663089 0
    outer loop
      vertex 18.5223 -31.4378 22
      vertex 19.7918 -30.0047 18
      vertex 19.7918 -30.0047 22
    endloop
  endfacet
  facet normal 0.748541 -0.663089 0
    outer loop
      vertex 19.7918 -30.0047 18
      vertex 18.5223 -31.4378 22
      vertex 18.5223 -31.4378 18
    endloop
  endfacet
  facet normal -0.56808 -0.822974 0
    outer loop
      vertex 13.256 -30.7983 18
      vertex 14.8316 -31.8859 22
      vertex 13.256 -30.7983 22
    endloop
  endfacet
  facet normal -0.56808 -0.822974 -0
    outer loop
      vertex 14.8316 -31.8859 22
      vertex 13.256 -30.7983 18
      vertex 14.8316 -31.8859 18
    endloop
  endfacet
  facet normal 0 0 -1
    outer loop
      vertex 19.7918 -30.0047 18
      vertex 19.7918 -26.2869 18
      vertex 20.25 -28.1458 18
    endloop
  endfacet
  facet normal 0 0 -1
    outer loop
      vertex 18.5223 -31.4378 18
      vertex 19.7918 -26.2869 18
      vertex 19.7918 -30.0047 18
    endloop
  endfacet
  facet normal 0 0 -1
    outer loop
      vertex 18.5223 -31.4378 18
      vertex 18.5223 -24.8539 18
      vertex 19.7918 -26.2869 18
    endloop
  endfacet
  facet normal 0 0 -1
    outer loop
      vertex 16.7321 -32.1167 18
      vertex 18.5223 -24.8539 18
      vertex 18.5223 -31.4378 18
    endloop
  endfacet
  facet normal 0 0 -1
    outer loop
      vertex 16.7321 -32.1167 18
      vertex 16.7321 -24.175 18
      vertex 18.5223 -24.8539 18
    endloop
  endfacet
  facet normal 0 0 -1
    outer loop
      vertex 14.8316 -31.8859 18
      vertex 16.7321 -24.175 18
      vertex 16.7321 -32.1167 18
    endloop
  endfacet
  facet normal 0 0 -1
    outer loop
      vertex 14.8316 -31.8859 18
      vertex 14.8316 -24.4058 18
      vertex 16.7321 -24.175 18
    endloop
  endfacet
  facet normal 0 0 -1
    outer loop
      vertex 13.256 -30.7983 18
      vertex 14.8316 -24.4058 18
      vertex 14.8316 -31.8859 18
    endloop
  endfacet
  facet normal 0 0 -1
    outer loop
      vertex 13.256 -30.7983 18
      vertex 13.256 -25.4933 18
      vertex 14.8316 -24.4058 18
    endloop
  endfacet
  facet normal 0 0 -1
    outer loop
      vertex 12.3662 -29.1031 18
      vertex 13.256 -25.4933 18
      vertex 13.256 -30.7983 18
    endloop
  endfacet
  facet normal 0 0 -1
    outer loop
      vertex 13.256 -25.4933 18
      vertex 12.3662 -29.1031 18
      vertex 12.3662 -27.1886 18
    endloop
  endfacet
  facet normal 0.35459 0.935022 -0
    outer loop
      vertex 18.5223 -24.8539 18
      vertex 16.7321 -24.175 22
      vertex 18.5223 -24.8539 22
    endloop
  endfacet
  facet normal 0.35459 0.935022 0
    outer loop
      vertex 16.7321 -24.175 22
      vertex 18.5223 -24.8539 18
      vertex 16.7321 -24.175 18
    endloop
  endfacet
  facet normal -0.885448 0.464739 0
    outer loop
      vertex 12.3662 -27.1886 18
      vertex 13.256 -25.4933 22
      vertex 13.256 -25.4933 18
    endloop
  endfacet
  facet normal -0.885448 0.464739 0
    outer loop
      vertex 13.256 -25.4933 22
      vertex 12.3662 -27.1886 18
      vertex 12.3662 -27.1886 22
    endloop
  endfacet
  facet normal 0 0 1
    outer loop
      vertex 29.9136 -14.4822 17.5
      vertex 29.9136 -18.0178 17.5
      vertex 30.6458 -16.25 17.5
    endloop
  endfacet
  facet normal 0 0 1
    outer loop
      vertex 28.1458 -13.75 17.5
      vertex 29.9136 -18.0178 17.5
      vertex 29.9136 -14.4822 17.5
    endloop
  endfacet
  facet normal 0 0 1
    outer loop
      vertex 28.1458 -13.75 17.5
      vertex 28.1458 -18.75 17.5
      vertex 29.9136 -18.0178 17.5
    endloop
  endfacet
  facet normal -0 0 1
    outer loop
      vertex 26.3781 -14.4822 17.5
      vertex 28.1458 -18.75 17.5
      vertex 28.1458 -13.75 17.5
    endloop
  endfacet
  facet normal 0 0 1
    outer loop
      vertex 26.3781 -14.4822 17.5
      vertex 26.3781 -18.0178 17.5
      vertex 28.1458 -18.75 17.5
    endloop
  endfacet
  facet normal 0 -0 1
    outer loop
      vertex 26.3781 -18.0178 17.5
      vertex 26.3781 -14.4822 17.5
      vertex 25.6458 -16.25 17.5
    endloop
  endfacet
  facet normal 0 0 -1
    outer loop
      vertex 29.9136 -18.0178 -22.5
      vertex 29.9136 -14.4822 -22.5
      vertex 30.6458 -16.25 -22.5
    endloop
  endfacet
  facet normal 0 0 -1
    outer loop
      vertex 28.1458 -18.75 -22.5
      vertex 29.9136 -14.4822 -22.5
      vertex 29.9136 -18.0178 -22.5
    endloop
  endfacet
  facet normal 0 0 -1
    outer loop
      vertex 28.1458 -18.75 -22.5
      vertex 28.1458 -13.75 -22.5
      vertex 29.9136 -14.4822 -22.5
    endloop
  endfacet
  facet normal 0 0 -1
    outer loop
      vertex 26.3781 -18.0178 -22.5
      vertex 28.1458 -13.75 -22.5
      vertex 28.1458 -18.75 -22.5
    endloop
  endfacet
  facet normal 0 0 -1
    outer loop
      vertex 26.3781 -18.0178 -22.5
      vertex 26.3781 -14.4822 -22.5
      vertex 28.1458 -13.75 -22.5
    endloop
  endfacet
  facet normal 0 -0 -1
    outer loop
      vertex 26.3781 -14.4822 -22.5
      vertex 26.3781 -18.0178 -22.5
      vertex 25.6458 -16.25 -22.5
    endloop
  endfacet
  facet normal -0.56808 0.822974 0
    outer loop
      vertex 26.7274 -12.5099 18
      vertex 25.1518 -13.5975 22
      vertex 26.7274 -12.5099 22
    endloop
  endfacet
  facet normal -0.56808 0.822974 0
    outer loop
      vertex 25.1518 -13.5975 22
      vertex 26.7274 -12.5099 18
      vertex 25.1518 -13.5975 18
    endloop
  endfacet
  facet normal 0.748518 0.663115 0
    outer loop
      vertex 31.6876 -14.3911 22
      vertex 30.4181 -12.9581 18
      vertex 30.4181 -12.9581 22
    endloop
  endfacet
  facet normal 0.748518 0.663115 0
    outer loop
      vertex 30.4181 -12.9581 18
      vertex 31.6876 -14.3911 22
      vertex 31.6876 -14.3911 18
    endloop
  endfacet
  facet normal 0.970939 0.239327 0
    outer loop
      vertex 32.1458 -16.25 22
      vertex 31.6876 -14.3911 18
      vertex 31.6876 -14.3911 22
    endloop
  endfacet
  facet normal 0.970939 0.239327 0
    outer loop
      vertex 31.6876 -14.3911 18
      vertex 32.1458 -16.25 22
      vertex 32.1458 -16.25 18
    endloop
  endfacet
  facet normal -1 0 0
    outer loop
      vertex 24.2621 -17.2073 18
      vertex 24.2621 -15.2927 22
      vertex 24.2621 -15.2927 18
    endloop
  endfacet
  facet normal -1 -0 0
    outer loop
      vertex 24.2621 -15.2927 22
      vertex 24.2621 -17.2073 18
      vertex 24.2621 -17.2073 22
    endloop
  endfacet
  facet normal -0.885458 0.464719 0
    outer loop
      vertex 24.2621 -15.2927 18
      vertex 25.1518 -13.5975 22
      vertex 25.1518 -13.5975 18
    endloop
  endfacet
  facet normal -0.885458 0.464719 0
    outer loop
      vertex 25.1518 -13.5975 22
      vertex 24.2621 -15.2927 18
      vertex 24.2621 -15.2927 22
    endloop
  endfacet
  facet normal 0.354607 0.935015 -0
    outer loop
      vertex 30.4181 -12.9581 18
      vertex 28.628 -12.2792 22
      vertex 30.4181 -12.9581 22
    endloop
  endfacet
  facet normal 0.354607 0.935015 0
    outer loop
      vertex 28.628 -12.2792 22
      vertex 30.4181 -12.9581 18
      vertex 28.628 -12.2792 18
    endloop
  endfacet
  facet normal 0.970939 -0.239327 0
    outer loop
      vertex 31.6876 -18.1089 22
      vertex 32.1458 -16.25 18
      vertex 32.1458 -16.25 22
    endloop
  endfacet
  facet normal 0.970939 -0.239327 0
    outer loop
      vertex 32.1458 -16.25 18
      vertex 31.6876 -18.1089 22
      vertex 31.6876 -18.1089 18
    endloop
  endfacet
  facet normal 0 0 1
    outer loop
      vertex 31.6876 -14.3911 22
      vertex 31.6876 -18.1089 22
      vertex 32.1458 -16.25 22
    endloop
  endfacet
  facet normal 0 0 1
    outer loop
      vertex 30.4181 -12.9581 22
      vertex 31.6876 -18.1089 22
      vertex 31.6876 -14.3911 22
    endloop
  endfacet
  facet normal 0 0 1
    outer loop
      vertex 30.4181 -12.9581 22
      vertex 30.4181 -19.5419 22
      vertex 31.6876 -18.1089 22
    endloop
  endfacet
  facet normal 0 0 1
    outer loop
      vertex 28.628 -12.2792 22
      vertex 30.4181 -19.5419 22
      vertex 30.4181 -12.9581 22
    endloop
  endfacet
  facet normal 0 0 1
    outer loop
      vertex 28.628 -12.2792 22
      vertex 28.628 -20.2208 22
      vertex 30.4181 -19.5419 22
    endloop
  endfacet
  facet normal -0 0 1
    outer loop
      vertex 26.7274 -12.5099 22
      vertex 28.628 -20.2208 22
      vertex 28.628 -12.2792 22
    endloop
  endfacet
  facet normal 0 0 1
    outer loop
      vertex 26.7274 -12.5099 22
      vertex 26.7274 -19.9901 22
      vertex 28.628 -20.2208 22
    endloop
  endfacet
  facet normal -0 0 1
    outer loop
      vertex 25.1518 -13.5975 22
      vertex 26.7274 -19.9901 22
      vertex 26.7274 -12.5099 22
    endloop
  endfacet
  facet normal 0 0 1
    outer loop
      vertex 25.1518 -13.5975 22
      vertex 25.1518 -18.9025 22
      vertex 26.7274 -19.9901 22
    endloop
  endfacet
  facet normal -0 0 1
    outer loop
      vertex 24.2621 -15.2927 22
      vertex 25.1518 -18.9025 22
      vertex 25.1518 -13.5975 22
    endloop
  endfacet
  facet normal 0 0 1
    outer loop
      vertex 25.1518 -18.9025 22
      vertex 24.2621 -15.2927 22
      vertex 24.2621 -17.2073 22
    endloop
  endfacet
  facet normal -0.120498 -0.992714 0
    outer loop
      vertex 26.7274 -19.9901 18
      vertex 28.628 -20.2208 22
      vertex 26.7274 -19.9901 22
    endloop
  endfacet
  facet normal -0.120498 -0.992714 -0
    outer loop
      vertex 28.628 -20.2208 22
      vertex 26.7274 -19.9901 18
      vertex 28.628 -20.2208 18
    endloop
  endfacet
  facet normal 0.748518 -0.663115 0
    outer loop
      vertex 30.4181 -19.5419 22
      vertex 31.6876 -18.1089 18
      vertex 31.6876 -18.1089 22
    endloop
  endfacet
  facet normal 0.748518 -0.663115 0
    outer loop
      vertex 31.6876 -18.1089 18
      vertex 30.4181 -19.5419 22
      vertex 30.4181 -19.5419 18
    endloop
  endfacet
  facet normal 0.354607 -0.935015 0
    outer loop
      vertex 28.628 -20.2208 18
      vertex 30.4181 -19.5419 22
      vertex 28.628 -20.2208 22
    endloop
  endfacet
  facet normal 0.354607 -0.935015 0
    outer loop
      vertex 30.4181 -19.5419 22
      vertex 28.628 -20.2208 18
      vertex 30.4181 -19.5419 18
    endloop
  endfacet
  facet normal -0.120498 0.992714 0
    outer loop
      vertex 28.628 -12.2792 18
      vertex 26.7274 -12.5099 22
      vertex 28.628 -12.2792 22
    endloop
  endfacet
  facet normal -0.120498 0.992714 0
    outer loop
      vertex 26.7274 -12.5099 22
      vertex 28.628 -12.2792 18
      vertex 26.7274 -12.5099 18
    endloop
  endfacet
  facet normal -0.56808 -0.822974 0
    outer loop
      vertex 25.1518 -18.9025 18
      vertex 26.7274 -19.9901 22
      vertex 25.1518 -18.9025 22
    endloop
  endfacet
  facet normal -0.56808 -0.822974 -0
    outer loop
      vertex 26.7274 -19.9901 22
      vertex 25.1518 -18.9025 18
      vertex 26.7274 -19.9901 18
    endloop
  endfacet
  facet normal -0.885458 -0.464719 0
    outer loop
      vertex 25.1518 -18.9025 18
      vertex 24.2621 -17.2073 22
      vertex 24.2621 -17.2073 18
    endloop
  endfacet
  facet normal -0.885458 -0.464719 0
    outer loop
      vertex 24.2621 -17.2073 22
      vertex 25.1518 -18.9025 18
      vertex 25.1518 -18.9025 22
    endloop
  endfacet
  facet normal 0 0 -1
    outer loop
      vertex 31.6876 -18.1089 18
      vertex 31.6876 -14.3911 18
      vertex 32.1458 -16.25 18
    endloop
  endfacet
  facet normal 0 0 -1
    outer loop
      vertex 30.4181 -19.5419 18
      vertex 31.6876 -14.3911 18
      vertex 31.6876 -18.1089 18
    endloop
  endfacet
  facet normal 0 0 -1
    outer loop
      vertex 30.4181 -19.5419 18
      vertex 30.4181 -12.9581 18
      vertex 31.6876 -14.3911 18
    endloop
  endfacet
  facet normal 0 0 -1
    outer loop
      vertex 28.628 -20.2208 18
      vertex 30.4181 -12.9581 18
      vertex 30.4181 -19.5419 18
    endloop
  endfacet
  facet normal 0 0 -1
    outer loop
      vertex 28.628 -20.2208 18
      vertex 28.628 -12.2792 18
      vertex 30.4181 -12.9581 18
    endloop
  endfacet
  facet normal 0 0 -1
    outer loop
      vertex 26.7274 -19.9901 18
      vertex 28.628 -12.2792 18
      vertex 28.628 -20.2208 18
    endloop
  endfacet
  facet normal 0 0 -1
    outer loop
      vertex 26.7274 -19.9901 18
      vertex 26.7274 -12.5099 18
      vertex 28.628 -12.2792 18
    endloop
  endfacet
  facet normal 0 0 -1
    outer loop
      vertex 25.1518 -18.9025 18
      vertex 26.7274 -12.5099 18
      vertex 26.7274 -19.9901 18
    endloop
  endfacet
  facet normal 0 0 -1
    outer loop
      vertex 25.1518 -18.9025 18
      vertex 25.1518 -13.5975 18
      vertex 26.7274 -12.5099 18
    endloop
  endfacet
  facet normal 0 0 -1
    outer loop
      vertex 24.2621 -17.2073 18
      vertex 25.1518 -13.5975 18
      vertex 25.1518 -18.9025 18
    endloop
  endfacet
  facet normal 0 0 -1
    outer loop
      vertex 25.1518 -13.5975 18
      vertex 24.2621 -17.2073 18
      vertex 24.2621 -15.2927 18
    endloop
  endfacet
endsolid OpenSCAD_Model
