solid OpenSCAD_Model
  facet normal 0.92388 0.382683 0
    outer loop
      vertex 6.49519 3.75 -20
      vertex 6.97233 2.59808 -24
      vertex 6.49519 3.75 -25
    endloop
  endfacet
  facet normal 0.92388 0.382682 4.34191e-07
    outer loop
      vertex 7.24444 1.94114 -20
      vertex 6.97233 2.59808 -24
      vertex 6.49519 3.75 -20
    endloop
  endfacet
  facet normal 0.923881 0.382679 0
    outer loop
      vertex 6.97233 2.59808 -24
      vertex 7.24444 1.94114 -20
      vertex 7.24444 1.94114 -24
    endloop
  endfacet
  facet normal 0.92388 0.382683 0
    outer loop
      vertex 6.49519 3.75 -25
      vertex 6.97233 2.59808 -24
      vertex 6.97233 2.59808 -25
    endloop
  endfacet
  facet normal 0.991444 0.130535 0
    outer loop
      vertex 7.35942 1.06784 -20
      vertex 7.24444 1.94114 -24
      vertex 7.24444 1.94114 -20
    endloop
  endfacet
  facet normal 0.991444 0.130535 0
    outer loop
      vertex 7.24444 1.94114 -24
      vertex 7.35942 1.06784 -20
      vertex 7.35942 1.06784 -24
    endloop
  endfacet
  facet normal 0.793353 0.608762 0
    outer loop
      vertex 6.49519 3.75 -20
      vertex 5.3033 5.3033 -25
      vertex 5.3033 5.3033 -20
    endloop
  endfacet
  facet normal 0.793353 0.608762 0
    outer loop
      vertex 5.3033 5.3033 -25
      vertex 6.49519 3.75 -20
      vertex 6.49519 3.75 -25
    endloop
  endfacet
  facet normal -0.793353 0.608762 0
    outer loop
      vertex -6.49519 3.75 -25
      vertex -5.3033 5.3033 -20
      vertex -5.3033 5.3033 -25
    endloop
  endfacet
  facet normal -0.793353 0.608762 0
    outer loop
      vertex -5.3033 5.3033 -20
      vertex -6.49519 3.75 -25
      vertex -6.49519 3.75 -20
    endloop
  endfacet
  facet normal -0.608762 0.793353 0
    outer loop
      vertex -3.75 6.49519 -25
      vertex -5.3033 5.3033 -20
      vertex -3.75 6.49519 -20
    endloop
  endfacet
  facet normal -0.608762 0.793353 0
    outer loop
      vertex -5.3033 5.3033 -20
      vertex -3.75 6.49519 -25
      vertex -5.3033 5.3033 -25
    endloop
  endfacet
  facet normal 0.382679 -0.923881 0
    outer loop
      vertex 2.59808 -6.97233 -24
      vertex 1.94114 -7.24444 -20
      vertex 1.94114 -7.24444 -24
    endloop
  endfacet
  facet normal 0.382682 -0.92388 4.34191e-07
    outer loop
      vertex 1.94114 -7.24444 -20
      vertex 2.59808 -6.97233 -24
      vertex 3.75 -6.49519 -20
    endloop
  endfacet
  facet normal 0.382683 -0.92388 0
    outer loop
      vertex 3.75 -6.49519 -25
      vertex 2.59808 -6.97233 -24
      vertex 2.59808 -6.97233 -25
    endloop
  endfacet
  facet normal 0.382683 -0.92388 0
    outer loop
      vertex 2.59808 -6.97233 -24
      vertex 3.75 -6.49519 -25
      vertex 3.75 -6.49519 -20
    endloop
  endfacet
  facet normal -0.92388 0.382683 0
    outer loop
      vertex -6.97233 2.59808 -24
      vertex -6.49519 3.75 -25
      vertex -6.97233 2.59808 -25
    endloop
  endfacet
  facet normal -0.92388 0.382683 0
    outer loop
      vertex -6.49519 3.75 -25
      vertex -6.97233 2.59808 -24
      vertex -6.49519 3.75 -20
    endloop
  endfacet
  facet normal -0.923881 0.382679 0
    outer loop
      vertex -7.24444 1.94114 -20
      vertex -6.97233 2.59808 -24
      vertex -7.24444 1.94114 -24
    endloop
  endfacet
  facet normal -0.92388 0.382682 4.34191e-07
    outer loop
      vertex -6.97233 2.59808 -24
      vertex -7.24444 1.94114 -20
      vertex -6.49519 3.75 -20
    endloop
  endfacet
  facet normal 0.608762 0.793353 -0
    outer loop
      vertex 5.3033 5.3033 -25
      vertex 3.75 6.49519 -20
      vertex 5.3033 5.3033 -20
    endloop
  endfacet
  facet normal 0.608762 0.793353 0
    outer loop
      vertex 3.75 6.49519 -20
      vertex 5.3033 5.3033 -25
      vertex 3.75 6.49519 -25
    endloop
  endfacet
  facet normal 0.130535 0.991444 -0
    outer loop
      vertex 1.94114 7.24444 -24
      vertex 1.06784 7.35942 -20
      vertex 1.94114 7.24444 -20
    endloop
  endfacet
  facet normal 0.130535 0.991444 0
    outer loop
      vertex 1.06784 7.35942 -20
      vertex 1.94114 7.24444 -24
      vertex 1.06784 7.35942 -24
    endloop
  endfacet
  facet normal 0.130535 -0.991444 0
    outer loop
      vertex 1.06784 -7.35942 -24
      vertex 1.94114 -7.24444 -20
      vertex 1.06784 -7.35942 -20
    endloop
  endfacet
  facet normal 0.130535 -0.991444 0
    outer loop
      vertex 1.94114 -7.24444 -20
      vertex 1.06784 -7.35942 -24
      vertex 1.94114 -7.24444 -24
    endloop
  endfacet
  facet normal 0 0 1
    outer loop
      vertex 7.24444 1.94114 -20
      vertex 6.78647 0.881678 -20
      vertex 7.35942 1.06784 -20
    endloop
  endfacet
  facet normal 0 0 1
    outer loop
      vertex 7.24444 1.94114 -20
      vertex 4.6194 1.91342 -20
      vertex 6.78647 0.881678 -20
    endloop
  endfacet
  facet normal 0 0 1
    outer loop
      vertex 4.6194 1.91342 -20
      vertex 7.24444 1.94114 -20
      vertex 6.49519 3.75 -20
    endloop
  endfacet
  facet normal 0 0 1
    outer loop
      vertex 6.78647 -0.881678 -20
      vertex 7.24444 -1.94114 -20
      vertex 7.35942 -1.06784 -20
    endloop
  endfacet
  facet normal -0 0 1
    outer loop
      vertex 4.6194 -1.91342 -20
      vertex 7.24444 -1.94114 -20
      vertex 6.78647 -0.881678 -20
    endloop
  endfacet
  facet normal 0 -0 1
    outer loop
      vertex 5 0 -20
      vertex 6.78647 0.881678 -20
      vertex 4.6194 1.91342 -20
    endloop
  endfacet
  facet normal 0 0 1
    outer loop
      vertex 3.53553 3.53553 -20
      vertex 6.49519 3.75 -20
      vertex 5.3033 5.3033 -20
    endloop
  endfacet
  facet normal 0 0 1
    outer loop
      vertex 4.6194 -1.91342 -20
      vertex 6.78647 -0.881678 -20
      vertex 5 0 -20
    endloop
  endfacet
  facet normal 0 0 1
    outer loop
      vertex 7.24444 -1.94114 -20
      vertex 4.6194 -1.91342 -20
      vertex 6.49519 -3.75 -20
    endloop
  endfacet
  facet normal 0 0 1
    outer loop
      vertex 6.78647 0.881678 -20
      vertex 5 0 -20
      vertex 6.78647 -0.881678 -20
    endloop
  endfacet
  facet normal 0 0 1
    outer loop
      vertex 3.53553 3.53553 -20
      vertex 5.3033 5.3033 -20
      vertex 3.75 6.49519 -20
    endloop
  endfacet
  facet normal 0 0 1
    outer loop
      vertex 6.49519 3.75 -20
      vertex 3.53553 3.53553 -20
      vertex 4.6194 1.91342 -20
    endloop
  endfacet
  facet normal 0 0 1
    outer loop
      vertex 1.91342 4.6194 -20
      vertex 3.75 6.49519 -20
      vertex 1.94114 7.24444 -20
    endloop
  endfacet
  facet normal 0 0 1
    outer loop
      vertex 3.75 6.49519 -20
      vertex 1.91342 4.6194 -20
      vertex 3.53553 3.53553 -20
    endloop
  endfacet
  facet normal 0 0 1
    outer loop
      vertex 0.881678 6.78647 -20
      vertex 1.94114 7.24444 -20
      vertex 1.06784 7.35942 -20
    endloop
  endfacet
  facet normal 0 0 1
    outer loop
      vertex 1.94114 7.24444 -20
      vertex 0.881678 6.78647 -20
      vertex 1.91342 4.6194 -20
    endloop
  endfacet
  facet normal 0 0 1
    outer loop
      vertex 0.881678 6.78647 -20
      vertex 0 5 -20
      vertex 1.91342 4.6194 -20
    endloop
  endfacet
  facet normal -0 0 1
    outer loop
      vertex -0.881678 6.78647 -20
      vertex 0 5 -20
      vertex 0.881678 6.78647 -20
    endloop
  endfacet
  facet normal 0 0 1
    outer loop
      vertex -0.881678 6.78647 -20
      vertex -1.91342 4.6194 -20
      vertex 0 5 -20
    endloop
  endfacet
  facet normal -0 0 1
    outer loop
      vertex -1.94114 7.24444 -20
      vertex -0.881678 6.78647 -20
      vertex -1.06784 7.35942 -20
    endloop
  endfacet
  facet normal 0 0 1
    outer loop
      vertex -0.881678 6.78647 -20
      vertex -1.94114 7.24444 -20
      vertex -1.91342 4.6194 -20
    endloop
  endfacet
  facet normal -0 0 1
    outer loop
      vertex -3.75 6.49519 -20
      vertex -1.91342 4.6194 -20
      vertex -1.94114 7.24444 -20
    endloop
  endfacet
  facet normal 0 0 1
    outer loop
      vertex -1.91342 4.6194 -20
      vertex -3.75 6.49519 -20
      vertex -3.53553 3.53553 -20
    endloop
  endfacet
  facet normal -0 0 1
    outer loop
      vertex -5.3033 5.3033 -20
      vertex -3.53553 3.53553 -20
      vertex -3.75 6.49519 -20
    endloop
  endfacet
  facet normal -0 0 1
    outer loop
      vertex -6.49519 3.75 -20
      vertex -3.53553 3.53553 -20
      vertex -5.3033 5.3033 -20
    endloop
  endfacet
  facet normal 0 0 1
    outer loop
      vertex -3.53553 3.53553 -20
      vertex -6.49519 3.75 -20
      vertex -4.6194 1.91342 -20
    endloop
  endfacet
  facet normal 0 0 1
    outer loop
      vertex -7.24444 -1.94114 -20
      vertex -4.6194 -1.91342 -20
      vertex -6.78647 -0.881678 -20
    endloop
  endfacet
  facet normal 0 0 1
    outer loop
      vertex -4.6194 -1.91342 -20
      vertex -7.24444 -1.94114 -20
      vertex -6.49519 -3.75 -20
    endloop
  endfacet
  facet normal 0 -0 1
    outer loop
      vertex -7.24444 -1.94114 -20
      vertex -6.78647 -0.881678 -20
      vertex -7.35942 -1.06784 -20
    endloop
  endfacet
  facet normal -0 0 1
    outer loop
      vertex 3.53553 -3.53553 -20
      vertex 6.49519 -3.75 -20
      vertex 4.6194 -1.91342 -20
    endloop
  endfacet
  facet normal 0 0 1
    outer loop
      vertex 6.49519 -3.75 -20
      vertex 3.53553 -3.53553 -20
      vertex 5.3033 -5.3033 -20
    endloop
  endfacet
  facet normal 0 0 1
    outer loop
      vertex 5.3033 -5.3033 -20
      vertex 3.53553 -3.53553 -20
      vertex 3.75 -6.49519 -20
    endloop
  endfacet
  facet normal -0 0 1
    outer loop
      vertex 1.91342 -4.6194 -20
      vertex 3.75 -6.49519 -20
      vertex 3.53553 -3.53553 -20
    endloop
  endfacet
  facet normal 0 0 1
    outer loop
      vertex 3.75 -6.49519 -20
      vertex 1.91342 -4.6194 -20
      vertex 1.94114 -7.24444 -20
    endloop
  endfacet
  facet normal -0 0 1
    outer loop
      vertex 0.881678 -6.78647 -20
      vertex 1.94114 -7.24444 -20
      vertex 1.91342 -4.6194 -20
    endloop
  endfacet
  facet normal 0 0 1
    outer loop
      vertex 1.94114 -7.24444 -20
      vertex 0.881678 -6.78647 -20
      vertex 1.06784 -7.35942 -20
    endloop
  endfacet
  facet normal -0 0 1
    outer loop
      vertex 0 -5 -20
      vertex 0.881678 -6.78647 -20
      vertex 1.91342 -4.6194 -20
    endloop
  endfacet
  facet normal 0 0 1
    outer loop
      vertex 0 -5 -20
      vertex -0.881678 -6.78647 -20
      vertex 0.881678 -6.78647 -20
    endloop
  endfacet
  facet normal 0 0 1
    outer loop
      vertex -1.91342 -4.6194 -20
      vertex -0.881678 -6.78647 -20
      vertex 0 -5 -20
    endloop
  endfacet
  facet normal 0 0 1
    outer loop
      vertex -1.94114 -7.24444 -20
      vertex -0.881678 -6.78647 -20
      vertex -1.91342 -4.6194 -20
    endloop
  endfacet
  facet normal 0 0 1
    outer loop
      vertex -0.881678 -6.78647 -20
      vertex -1.94114 -7.24444 -20
      vertex -1.06784 -7.35942 -20
    endloop
  endfacet
  facet normal 0 0 1
    outer loop
      vertex -3.75 -6.49519 -20
      vertex -1.91342 -4.6194 -20
      vertex -3.53553 -3.53553 -20
    endloop
  endfacet
  facet normal 0 0 1
    outer loop
      vertex -1.91342 -4.6194 -20
      vertex -3.75 -6.49519 -20
      vertex -1.94114 -7.24444 -20
    endloop
  endfacet
  facet normal 0 0 1
    outer loop
      vertex -6.49519 -3.75 -20
      vertex -3.53553 -3.53553 -20
      vertex -4.6194 -1.91342 -20
    endloop
  endfacet
  facet normal 0 0 1
    outer loop
      vertex -6.78647 -0.881678 -20
      vertex -5 0 -20
      vertex -6.78647 0.881678 -20
    endloop
  endfacet
  facet normal 0 0 1
    outer loop
      vertex -3.53553 -3.53553 -20
      vertex -5.3033 -5.3033 -20
      vertex -3.75 -6.49519 -20
    endloop
  endfacet
  facet normal -0 0 1
    outer loop
      vertex -7.24444 1.94114 -20
      vertex -4.6194 1.91342 -20
      vertex -6.49519 3.75 -20
    endloop
  endfacet
  facet normal 0 0 1
    outer loop
      vertex -4.6194 1.91342 -20
      vertex -6.78647 0.881678 -20
      vertex -5 0 -20
    endloop
  endfacet
  facet normal 0 0 1
    outer loop
      vertex -5 0 -20
      vertex -6.78647 -0.881678 -20
      vertex -4.6194 -1.91342 -20
    endloop
  endfacet
  facet normal 0 0 1
    outer loop
      vertex -3.53553 -3.53553 -20
      vertex -6.49519 -3.75 -20
      vertex -5.3033 -5.3033 -20
    endloop
  endfacet
  facet normal 0 0 1
    outer loop
      vertex -4.6194 1.91342 -20
      vertex -7.24444 1.94114 -20
      vertex -6.78647 0.881678 -20
    endloop
  endfacet
  facet normal 0 0 1
    outer loop
      vertex -6.78647 0.881678 -20
      vertex -7.24444 1.94114 -20
      vertex -7.35942 1.06784 -20
    endloop
  endfacet
  facet normal 0.793353 -0.608762 0
    outer loop
      vertex 5.3033 -5.3033 -20
      vertex 6.49519 -3.75 -25
      vertex 6.49519 -3.75 -20
    endloop
  endfacet
  facet normal 0.793353 -0.608762 0
    outer loop
      vertex 6.49519 -3.75 -25
      vertex 5.3033 -5.3033 -20
      vertex 5.3033 -5.3033 -25
    endloop
  endfacet
  facet normal 0.608762 -0.793353 0
    outer loop
      vertex 3.75 -6.49519 -25
      vertex 5.3033 -5.3033 -20
      vertex 3.75 -6.49519 -20
    endloop
  endfacet
  facet normal 0.608762 -0.793353 0
    outer loop
      vertex 5.3033 -5.3033 -20
      vertex 3.75 -6.49519 -25
      vertex 5.3033 -5.3033 -25
    endloop
  endfacet
  facet normal -0.793353 -0.608762 0
    outer loop
      vertex -5.3033 -5.3033 -25
      vertex -6.49519 -3.75 -20
      vertex -6.49519 -3.75 -25
    endloop
  endfacet
  facet normal -0.793353 -0.608762 0
    outer loop
      vertex -6.49519 -3.75 -20
      vertex -5.3033 -5.3033 -25
      vertex -5.3033 -5.3033 -20
    endloop
  endfacet
  facet normal 0.991444 -0.130535 0
    outer loop
      vertex 7.24444 -1.94114 -20
      vertex 7.35942 -1.06784 -24
      vertex 7.35942 -1.06784 -20
    endloop
  endfacet
  facet normal 0.991444 -0.130535 0
    outer loop
      vertex 7.35942 -1.06784 -24
      vertex 7.24444 -1.94114 -20
      vertex 7.24444 -1.94114 -24
    endloop
  endfacet
  facet normal -0.991444 0.130535 0
    outer loop
      vertex -7.35942 1.06784 -24
      vertex -7.24444 1.94114 -20
      vertex -7.24444 1.94114 -24
    endloop
  endfacet
  facet normal -0.991444 0.130535 0
    outer loop
      vertex -7.24444 1.94114 -20
      vertex -7.35942 1.06784 -24
      vertex -7.35942 1.06784 -20
    endloop
  endfacet
  facet normal -0.130535 0.991444 0
    outer loop
      vertex -1.06784 7.35942 -24
      vertex -1.94114 7.24444 -20
      vertex -1.06784 7.35942 -20
    endloop
  endfacet
  facet normal -0.130535 0.991444 0
    outer loop
      vertex -1.94114 7.24444 -20
      vertex -1.06784 7.35942 -24
      vertex -1.94114 7.24444 -24
    endloop
  endfacet
  facet normal 0.923881 -0.382679 0
    outer loop
      vertex 7.24444 -1.94114 -20
      vertex 6.97233 -2.59808 -24
      vertex 7.24444 -1.94114 -24
    endloop
  endfacet
  facet normal 0.92388 -0.382682 4.34191e-07
    outer loop
      vertex 6.49519 -3.75 -20
      vertex 6.97233 -2.59808 -24
      vertex 7.24444 -1.94114 -20
    endloop
  endfacet
  facet normal 0.92388 -0.382683 0
    outer loop
      vertex 6.49519 -3.75 -25
      vertex 6.97233 -2.59808 -24
      vertex 6.49519 -3.75 -20
    endloop
  endfacet
  facet normal 0.92388 -0.382683 0
    outer loop
      vertex 6.97233 -2.59808 -24
      vertex 6.49519 -3.75 -25
      vertex 6.97233 -2.59808 -25
    endloop
  endfacet
  facet normal -0.382679 0.923881 0
    outer loop
      vertex -2.59808 6.97233 -24
      vertex -1.94114 7.24444 -20
      vertex -1.94114 7.24444 -24
    endloop
  endfacet
  facet normal -0.382682 0.92388 4.34191e-07
    outer loop
      vertex -1.94114 7.24444 -20
      vertex -2.59808 6.97233 -24
      vertex -3.75 6.49519 -20
    endloop
  endfacet
  facet normal -0.382683 0.92388 0
    outer loop
      vertex -3.75 6.49519 -25
      vertex -2.59808 6.97233 -24
      vertex -2.59808 6.97233 -25
    endloop
  endfacet
  facet normal -0.382683 0.92388 0
    outer loop
      vertex -2.59808 6.97233 -24
      vertex -3.75 6.49519 -25
      vertex -3.75 6.49519 -20
    endloop
  endfacet
  facet normal 0.382682 0.92388 4.34191e-07
    outer loop
      vertex 3.75 6.49519 -20
      vertex 2.59808 6.97233 -24
      vertex 1.94114 7.24444 -20
    endloop
  endfacet
  facet normal 0.382683 0.92388 -0
    outer loop
      vertex 3.75 6.49519 -25
      vertex 2.59808 6.97233 -24
      vertex 3.75 6.49519 -20
    endloop
  endfacet
  facet normal 0.382683 0.92388 0
    outer loop
      vertex 2.59808 6.97233 -24
      vertex 3.75 6.49519 -25
      vertex 2.59808 6.97233 -25
    endloop
  endfacet
  facet normal 0.382679 0.923881 0
    outer loop
      vertex 1.94114 7.24444 -20
      vertex 2.59808 6.97233 -24
      vertex 1.94114 7.24444 -24
    endloop
  endfacet
  facet normal -0.130535 -0.991444 0
    outer loop
      vertex -1.94114 -7.24444 -24
      vertex -1.06784 -7.35942 -20
      vertex -1.94114 -7.24444 -20
    endloop
  endfacet
  facet normal -0.130535 -0.991444 -0
    outer loop
      vertex -1.06784 -7.35942 -20
      vertex -1.94114 -7.24444 -24
      vertex -1.06784 -7.35942 -24
    endloop
  endfacet
  facet normal -0.92388 -0.382683 0
    outer loop
      vertex -6.97233 -2.59808 -25
      vertex -6.49519 -3.75 -25
      vertex -6.97233 -2.59808 -24
    endloop
  endfacet
  facet normal -0.923881 -0.382679 0
    outer loop
      vertex -6.97233 -2.59808 -24
      vertex -7.24444 -1.94114 -20
      vertex -7.24444 -1.94114 -24
    endloop
  endfacet
  facet normal -0.92388 -0.382683 -0
    outer loop
      vertex -6.49519 -3.75 -20
      vertex -6.97233 -2.59808 -24
      vertex -6.49519 -3.75 -25
    endloop
  endfacet
  facet normal -0.92388 -0.382682 4.34191e-07
    outer loop
      vertex -6.97233 -2.59808 -24
      vertex -6.49519 -3.75 -20
      vertex -7.24444 -1.94114 -20
    endloop
  endfacet
  facet normal -0.991444 -0.130535 0
    outer loop
      vertex -7.24444 -1.94114 -24
      vertex -7.35942 -1.06784 -20
      vertex -7.35942 -1.06784 -24
    endloop
  endfacet
  facet normal -0.991444 -0.130535 0
    outer loop
      vertex -7.35942 -1.06784 -20
      vertex -7.24444 -1.94114 -24
      vertex -7.24444 -1.94114 -20
    endloop
  endfacet
  facet normal -0.608762 -0.793353 0
    outer loop
      vertex -5.3033 -5.3033 -25
      vertex -3.75 -6.49519 -20
      vertex -5.3033 -5.3033 -20
    endloop
  endfacet
  facet normal -0.608762 -0.793353 -0
    outer loop
      vertex -3.75 -6.49519 -20
      vertex -5.3033 -5.3033 -25
      vertex -3.75 -6.49519 -25
    endloop
  endfacet
  facet normal -0.382682 -0.92388 4.34191e-07
    outer loop
      vertex -3.75 -6.49519 -20
      vertex -2.59808 -6.97233 -24
      vertex -1.94114 -7.24444 -20
    endloop
  endfacet
  facet normal -0.382683 -0.92388 0
    outer loop
      vertex -3.75 -6.49519 -25
      vertex -2.59808 -6.97233 -24
      vertex -3.75 -6.49519 -20
    endloop
  endfacet
  facet normal -0.382683 -0.92388 -0
    outer loop
      vertex -2.59808 -6.97233 -24
      vertex -3.75 -6.49519 -25
      vertex -2.59808 -6.97233 -25
    endloop
  endfacet
  facet normal -0.382679 -0.923881 -0
    outer loop
      vertex -1.94114 -7.24444 -20
      vertex -2.59808 -6.97233 -24
      vertex -1.94114 -7.24444 -24
    endloop
  endfacet
  facet normal 0.555574 -0.831467 0
    outer loop
      vertex -3.53553 3.53553 -29
      vertex -1.91342 4.6194 -27
      vertex -3.53553 3.53553 -27
    endloop
  endfacet
  facet normal 0.555574 -0.831467 0
    outer loop
      vertex -1.91342 4.6194 -27
      vertex -3.53553 3.53553 -29
      vertex -1.91342 4.6194 -29
    endloop
  endfacet
  facet normal -0.555574 0.831467 0
    outer loop
      vertex -1.91342 4.6194 -20
      vertex -3.53553 3.53553 25
      vertex -1.91342 4.6194 25
    endloop
  endfacet
  facet normal -0.555574 0.831467 0
    outer loop
      vertex -3.53553 3.53553 25
      vertex -1.91342 4.6194 -20
      vertex -3.53553 3.53553 -20
    endloop
  endfacet
  facet normal -0.831467 -0.555574 0
    outer loop
      vertex 4.6194 1.91342 -29
      vertex 3.53553 3.53553 -27
      vertex 3.53553 3.53553 -29
    endloop
  endfacet
  facet normal -0.831467 -0.555574 0
    outer loop
      vertex 3.53553 3.53553 -27
      vertex 4.6194 1.91342 -29
      vertex 4.6194 1.91342 -27
    endloop
  endfacet
  facet normal 0.831467 0.555574 0
    outer loop
      vertex 4.6194 1.91342 25
      vertex 3.53553 3.53553 -20
      vertex 3.53553 3.53553 25
    endloop
  endfacet
  facet normal 0.831467 0.555574 0
    outer loop
      vertex 3.53553 3.53553 -20
      vertex 4.6194 1.91342 25
      vertex 4.6194 1.91342 -20
    endloop
  endfacet
  facet normal -0.980786 -0.195089 0
    outer loop
      vertex 5 0 -29
      vertex 4.6194 1.91342 -27
      vertex 4.6194 1.91342 -29
    endloop
  endfacet
  facet normal -0.980786 -0.195089 0
    outer loop
      vertex 4.6194 1.91342 -27
      vertex 5 0 -29
      vertex 5 0 -27
    endloop
  endfacet
  facet normal 0.980786 0.195089 0
    outer loop
      vertex 5 0 25
      vertex 4.6194 1.91342 -20
      vertex 4.6194 1.91342 25
    endloop
  endfacet
  facet normal 0.980786 0.195089 0
    outer loop
      vertex 4.6194 1.91342 -20
      vertex 5 0 25
      vertex 5 0 -20
    endloop
  endfacet
  facet normal 0.831467 -0.555574 0
    outer loop
      vertex -4.6194 1.91342 -27
      vertex -3.53553 3.53553 -29
      vertex -3.53553 3.53553 -27
    endloop
  endfacet
  facet normal 0.831467 -0.555574 0
    outer loop
      vertex -3.53553 3.53553 -29
      vertex -4.6194 1.91342 -27
      vertex -4.6194 1.91342 -29
    endloop
  endfacet
  facet normal -0.831467 0.555574 0
    outer loop
      vertex -4.6194 1.91342 -20
      vertex -3.53553 3.53553 25
      vertex -3.53553 3.53553 -20
    endloop
  endfacet
  facet normal -0.831467 0.555574 0
    outer loop
      vertex -3.53553 3.53553 25
      vertex -4.6194 1.91342 -20
      vertex -4.6194 1.91342 25
    endloop
  endfacet
  facet normal 0.195089 0.980786 -0
    outer loop
      vertex 0 -5 -29
      vertex -1.91342 -4.6194 -27
      vertex 0 -5 -27
    endloop
  endfacet
  facet normal 0.195089 0.980786 0
    outer loop
      vertex -1.91342 -4.6194 -27
      vertex 0 -5 -29
      vertex -1.91342 -4.6194 -29
    endloop
  endfacet
  facet normal -0.195089 -0.980786 0
    outer loop
      vertex -1.91342 -4.6194 -20
      vertex 0 -5 25
      vertex -1.91342 -4.6194 25
    endloop
  endfacet
  facet normal -0.195089 -0.980786 -0
    outer loop
      vertex 0 -5 25
      vertex -1.91342 -4.6194 -20
      vertex 0 -5 -20
    endloop
  endfacet
  facet normal -0.195089 0.980786 0
    outer loop
      vertex 1.91342 -4.6194 -29
      vertex 0 -5 -27
      vertex 1.91342 -4.6194 -27
    endloop
  endfacet
  facet normal -0.195089 0.980786 0
    outer loop
      vertex 0 -5 -27
      vertex 1.91342 -4.6194 -29
      vertex 0 -5 -29
    endloop
  endfacet
  facet normal 0.195089 -0.980786 0
    outer loop
      vertex 0 -5 -20
      vertex 1.91342 -4.6194 25
      vertex 0 -5 25
    endloop
  endfacet
  facet normal 0.195089 -0.980786 0
    outer loop
      vertex 1.91342 -4.6194 25
      vertex 0 -5 -20
      vertex 1.91342 -4.6194 -20
    endloop
  endfacet
  facet normal -0.555574 0.831467 0
    outer loop
      vertex 3.53553 -3.53553 -29
      vertex 1.91342 -4.6194 -27
      vertex 3.53553 -3.53553 -27
    endloop
  endfacet
  facet normal -0.555574 0.831467 0
    outer loop
      vertex 1.91342 -4.6194 -27
      vertex 3.53553 -3.53553 -29
      vertex 1.91342 -4.6194 -29
    endloop
  endfacet
  facet normal 0.555574 -0.831467 0
    outer loop
      vertex 1.91342 -4.6194 -20
      vertex 3.53553 -3.53553 25
      vertex 1.91342 -4.6194 25
    endloop
  endfacet
  facet normal 0.555574 -0.831467 0
    outer loop
      vertex 3.53553 -3.53553 25
      vertex 1.91342 -4.6194 -20
      vertex 3.53553 -3.53553 -20
    endloop
  endfacet
  facet normal -0.831467 0.555574 0
    outer loop
      vertex 3.53553 -3.53553 -29
      vertex 4.6194 -1.91342 -27
      vertex 4.6194 -1.91342 -29
    endloop
  endfacet
  facet normal -0.831467 0.555574 0
    outer loop
      vertex 4.6194 -1.91342 -27
      vertex 3.53553 -3.53553 -29
      vertex 3.53553 -3.53553 -27
    endloop
  endfacet
  facet normal 0.831467 -0.555574 0
    outer loop
      vertex 3.53553 -3.53553 25
      vertex 4.6194 -1.91342 -20
      vertex 4.6194 -1.91342 25
    endloop
  endfacet
  facet normal 0.831467 -0.555574 0
    outer loop
      vertex 4.6194 -1.91342 -20
      vertex 3.53553 -3.53553 25
      vertex 3.53553 -3.53553 -20
    endloop
  endfacet
  facet normal 0.980786 -0.195089 0
    outer loop
      vertex -5 0 -27
      vertex -4.6194 1.91342 -29
      vertex -4.6194 1.91342 -27
    endloop
  endfacet
  facet normal 0.980786 -0.195089 0
    outer loop
      vertex -4.6194 1.91342 -29
      vertex -5 0 -27
      vertex -5 0 -29
    endloop
  endfacet
  facet normal -0.980786 0.195089 0
    outer loop
      vertex -5 0 -20
      vertex -4.6194 1.91342 25
      vertex -4.6194 1.91342 -20
    endloop
  endfacet
  facet normal -0.980786 0.195089 0
    outer loop
      vertex -4.6194 1.91342 25
      vertex -5 0 -20
      vertex -5 0 25
    endloop
  endfacet
  facet normal -0.980786 0.195089 0
    outer loop
      vertex 4.6194 -1.91342 -29
      vertex 5 0 -27
      vertex 5 0 -29
    endloop
  endfacet
  facet normal -0.980786 0.195089 0
    outer loop
      vertex 5 0 -27
      vertex 4.6194 -1.91342 -29
      vertex 4.6194 -1.91342 -27
    endloop
  endfacet
  facet normal 0.980786 -0.195089 0
    outer loop
      vertex 4.6194 -1.91342 25
      vertex 5 0 -20
      vertex 5 0 25
    endloop
  endfacet
  facet normal 0.980786 -0.195089 0
    outer loop
      vertex 5 0 -20
      vertex 4.6194 -1.91342 25
      vertex 4.6194 -1.91342 -20
    endloop
  endfacet
  facet normal 0.195089 -0.980786 0
    outer loop
      vertex -1.91342 4.6194 -29
      vertex 0 5 -27
      vertex -1.91342 4.6194 -27
    endloop
  endfacet
  facet normal 0.195089 -0.980786 0
    outer loop
      vertex 0 5 -27
      vertex -1.91342 4.6194 -29
      vertex 0 5 -29
    endloop
  endfacet
  facet normal -0.195089 0.980786 0
    outer loop
      vertex 0 5 -20
      vertex -1.91342 4.6194 25
      vertex 0 5 25
    endloop
  endfacet
  facet normal -0.195089 0.980786 0
    outer loop
      vertex -1.91342 4.6194 25
      vertex 0 5 -20
      vertex -1.91342 4.6194 -20
    endloop
  endfacet
  facet normal -0.195089 -0.980786 0
    outer loop
      vertex 0 5 -29
      vertex 1.91342 4.6194 -27
      vertex 0 5 -27
    endloop
  endfacet
  facet normal -0.195089 -0.980786 -0
    outer loop
      vertex 1.91342 4.6194 -27
      vertex 0 5 -29
      vertex 1.91342 4.6194 -29
    endloop
  endfacet
  facet normal 0.195089 0.980786 -0
    outer loop
      vertex 1.91342 4.6194 -20
      vertex 0 5 25
      vertex 1.91342 4.6194 25
    endloop
  endfacet
  facet normal 0.195089 0.980786 0
    outer loop
      vertex 0 5 25
      vertex 1.91342 4.6194 -20
      vertex 0 5 -20
    endloop
  endfacet
  facet normal -0.555574 -0.831467 0
    outer loop
      vertex 1.91342 4.6194 -29
      vertex 3.53553 3.53553 -27
      vertex 1.91342 4.6194 -27
    endloop
  endfacet
  facet normal -0.555574 -0.831467 -0
    outer loop
      vertex 3.53553 3.53553 -27
      vertex 1.91342 4.6194 -29
      vertex 3.53553 3.53553 -29
    endloop
  endfacet
  facet normal 0.555574 0.831467 -0
    outer loop
      vertex 3.53553 3.53553 -20
      vertex 1.91342 4.6194 25
      vertex 3.53553 3.53553 25
    endloop
  endfacet
  facet normal 0.555574 0.831467 0
    outer loop
      vertex 1.91342 4.6194 25
      vertex 3.53553 3.53553 -20
      vertex 1.91342 4.6194 -20
    endloop
  endfacet
  facet normal 0.831467 0.555574 0
    outer loop
      vertex -3.53553 -3.53553 -27
      vertex -4.6194 -1.91342 -29
      vertex -4.6194 -1.91342 -27
    endloop
  endfacet
  facet normal 0.831467 0.555574 0
    outer loop
      vertex -4.6194 -1.91342 -29
      vertex -3.53553 -3.53553 -27
      vertex -3.53553 -3.53553 -29
    endloop
  endfacet
  facet normal -0.831467 -0.555574 0
    outer loop
      vertex -3.53553 -3.53553 -20
      vertex -4.6194 -1.91342 25
      vertex -4.6194 -1.91342 -20
    endloop
  endfacet
  facet normal -0.831467 -0.555574 0
    outer loop
      vertex -4.6194 -1.91342 25
      vertex -3.53553 -3.53553 -20
      vertex -3.53553 -3.53553 25
    endloop
  endfacet
  facet normal 0.980786 0.195089 0
    outer loop
      vertex -4.6194 -1.91342 -27
      vertex -5 0 -29
      vertex -5 0 -27
    endloop
  endfacet
  facet normal 0.980786 0.195089 0
    outer loop
      vertex -5 0 -29
      vertex -4.6194 -1.91342 -27
      vertex -4.6194 -1.91342 -29
    endloop
  endfacet
  facet normal -0.980786 -0.195089 0
    outer loop
      vertex -4.6194 -1.91342 -20
      vertex -5 0 25
      vertex -5 0 -20
    endloop
  endfacet
  facet normal -0.980786 -0.195089 0
    outer loop
      vertex -5 0 25
      vertex -4.6194 -1.91342 -20
      vertex -4.6194 -1.91342 25
    endloop
  endfacet
  facet normal 0.555574 0.831467 -0
    outer loop
      vertex -1.91342 -4.6194 -29
      vertex -3.53553 -3.53553 -27
      vertex -1.91342 -4.6194 -27
    endloop
  endfacet
  facet normal 0.555574 0.831467 0
    outer loop
      vertex -3.53553 -3.53553 -27
      vertex -1.91342 -4.6194 -29
      vertex -3.53553 -3.53553 -29
    endloop
  endfacet
  facet normal -0.555574 -0.831467 0
    outer loop
      vertex -3.53553 -3.53553 -20
      vertex -1.91342 -4.6194 25
      vertex -3.53553 -3.53553 25
    endloop
  endfacet
  facet normal -0.555574 -0.831467 -0
    outer loop
      vertex -1.91342 -4.6194 25
      vertex -3.53553 -3.53553 -20
      vertex -1.91342 -4.6194 -20
    endloop
  endfacet
  facet normal 0.951059 0.309008 0
    outer loop
      vertex 12.2268 2.5989 -25
      vertex 11.4193 5.08421 -27
      vertex 11.4193 5.08421 -25
    endloop
  endfacet
  facet normal 0.951059 0.309008 0
    outer loop
      vertex 11.4193 5.08421 -27
      vertex 12.2268 2.5989 -25
      vertex 12.2268 2.5989 -27
    endloop
  endfacet
  facet normal 0.99452 0.104545 0
    outer loop
      vertex 12.5 0 -25
      vertex 12.2268 2.5989 -27
      vertex 12.2268 2.5989 -25
    endloop
  endfacet
  facet normal 0.99452 0.104545 0
    outer loop
      vertex 12.2268 2.5989 -27
      vertex 12.5 0 -25
      vertex 12.5 0 -27
    endloop
  endfacet
  facet normal 0.866026 0.5 0
    outer loop
      vertex 11.4193 5.08421 -25
      vertex 10.1127 7.34731 -27
      vertex 10.1127 7.34731 -25
    endloop
  endfacet
  facet normal 0.866026 0.5 0
    outer loop
      vertex 10.1127 7.34731 -27
      vertex 11.4193 5.08421 -25
      vertex 11.4193 5.08421 -27
    endloop
  endfacet
  facet normal 0.587781 -0.80902 0
    outer loop
      vertex 6.25 -10.8253 -27
      vertex 8.36413 -9.28931 -25
      vertex 6.25 -10.8253 -25
    endloop
  endfacet
  facet normal 0.587781 -0.80902 0
    outer loop
      vertex 8.36413 -9.28931 -25
      vertex 6.25 -10.8253 -27
      vertex 8.36413 -9.28931 -27
    endloop
  endfacet
  facet normal 0 0 -1
    outer loop
      vertex 4.6194 -1.91342 -27
      vertex 4.6194 1.91342 -27
      vertex 5 0 -27
    endloop
  endfacet
  facet normal 0 0 -1
    outer loop
      vertex 3.53553 -3.53553 -27
      vertex 4.6194 1.91342 -27
      vertex 4.6194 -1.91342 -27
    endloop
  endfacet
  facet normal 0 0 -1
    outer loop
      vertex 3.53553 -3.53553 -27
      vertex 3.53553 3.53553 -27
      vertex 4.6194 1.91342 -27
    endloop
  endfacet
  facet normal 0 0 -1
    outer loop
      vertex 1.91342 -4.6194 -27
      vertex 3.53553 3.53553 -27
      vertex 3.53553 -3.53553 -27
    endloop
  endfacet
  facet normal 0 0 -1
    outer loop
      vertex 1.91342 -4.6194 -27
      vertex 1.91342 4.6194 -27
      vertex 3.53553 3.53553 -27
    endloop
  endfacet
  facet normal 0 0 -1
    outer loop
      vertex 0 -5 -27
      vertex 1.91342 4.6194 -27
      vertex 1.91342 -4.6194 -27
    endloop
  endfacet
  facet normal 0 0 -1
    outer loop
      vertex 0 -5 -27
      vertex 0 5 -27
      vertex 1.91342 4.6194 -27
    endloop
  endfacet
  facet normal 0 0 -1
    outer loop
      vertex -1.91342 -4.6194 -27
      vertex 0 5 -27
      vertex 0 -5 -27
    endloop
  endfacet
  facet normal 0 0 -1
    outer loop
      vertex -1.91342 -4.6194 -27
      vertex -1.91342 4.6194 -27
      vertex 0 5 -27
    endloop
  endfacet
  facet normal 0 0 -1
    outer loop
      vertex -3.53553 -3.53553 -27
      vertex -1.91342 4.6194 -27
      vertex -1.91342 -4.6194 -27
    endloop
  endfacet
  facet normal 0 0 -1
    outer loop
      vertex -3.53553 -3.53553 -27
      vertex -3.53553 3.53553 -27
      vertex -1.91342 4.6194 -27
    endloop
  endfacet
  facet normal 0 0 -1
    outer loop
      vertex -4.6194 -1.91342 -27
      vertex -3.53553 3.53553 -27
      vertex -3.53553 -3.53553 -27
    endloop
  endfacet
  facet normal 0 0 -1
    outer loop
      vertex -4.6194 -1.91342 -27
      vertex -4.6194 1.91342 -27
      vertex -3.53553 3.53553 -27
    endloop
  endfacet
  facet normal 0 -0 -1
    outer loop
      vertex -4.6194 1.91342 -27
      vertex -4.6194 -1.91342 -27
      vertex -5 0 -27
    endloop
  endfacet
  facet normal 0 0 -1
    outer loop
      vertex 11.5 0 -27
      vertex 12.5 0 -27
      vertex 12.2268 -2.5989 -27
    endloop
  endfacet
  facet normal 0 0 -1
    outer loop
      vertex 12.5 0 -27
      vertex 11.5 0 -27
      vertex 12.2268 2.5989 -27
    endloop
  endfacet
  facet normal 0 0 -1
    outer loop
      vertex 11.2487 -2.39098 -27
      vertex 12.2268 -2.5989 -27
      vertex 11.4193 -5.08421 -27
    endloop
  endfacet
  facet normal 0 0 -1
    outer loop
      vertex 12.2268 -2.5989 -27
      vertex 11.2487 -2.39098 -27
      vertex 11.5 0 -27
    endloop
  endfacet
  facet normal 0 0 -1
    outer loop
      vertex 11.4193 -5.08421 -27
      vertex 10.5058 -4.67747 -27
      vertex 11.2487 -2.39098 -27
    endloop
  endfacet
  facet normal 0 0 -1
    outer loop
      vertex 10.1127 -7.34731 -27
      vertex 10.5058 -4.67747 -27
      vertex 11.4193 -5.08421 -27
    endloop
  endfacet
  facet normal 0 0 -1
    outer loop
      vertex 10.1127 -7.34731 -27
      vertex 9.30369 -6.75953 -27
      vertex 10.5058 -4.67747 -27
    endloop
  endfacet
  facet normal 0 0 -1
    outer loop
      vertex 8.36413 -9.28931 -27
      vertex 9.30369 -6.75953 -27
      vertex 10.1127 -7.34731 -27
    endloop
  endfacet
  facet normal 0 0 -1
    outer loop
      vertex 8.36413 -9.28931 -27
      vertex 7.695 -8.54617 -27
      vertex 9.30369 -6.75953 -27
    endloop
  endfacet
  facet normal 0 0 -1
    outer loop
      vertex 6.25 -10.8253 -27
      vertex 7.695 -8.54617 -27
      vertex 8.36413 -9.28931 -27
    endloop
  endfacet
  facet normal 0 0 -1
    outer loop
      vertex 6.25 -10.8253 -27
      vertex 5.75 -9.95929 -27
      vertex 7.695 -8.54617 -27
    endloop
  endfacet
  facet normal 0 0 -1
    outer loop
      vertex 3.86271 -11.8882 -27
      vertex 5.75 -9.95929 -27
      vertex 6.25 -10.8253 -27
    endloop
  endfacet
  facet normal 0 0 -1
    outer loop
      vertex 3.86271 -11.8882 -27
      vertex 3.55369 -10.9371 -27
      vertex 5.75 -9.95929 -27
    endloop
  endfacet
  facet normal 0 0 -1
    outer loop
      vertex 1.30661 -12.4315 -27
      vertex 3.55369 -10.9371 -27
      vertex 3.86271 -11.8882 -27
    endloop
  endfacet
  facet normal 0 0 -1
    outer loop
      vertex 1.30661 -12.4315 -27
      vertex 1.20208 -11.437 -27
      vertex 3.55369 -10.9371 -27
    endloop
  endfacet
  facet normal 0 0 -1
    outer loop
      vertex 1.30661 -12.4315 -27
      vertex -1.20208 -11.437 -27
      vertex 1.20208 -11.437 -27
    endloop
  endfacet
  facet normal 0 0 -1
    outer loop
      vertex -1.30661 -12.4315 -27
      vertex -1.20208 -11.437 -27
      vertex 1.30661 -12.4315 -27
    endloop
  endfacet
  facet normal 0 0 -1
    outer loop
      vertex -1.30661 -12.4315 -27
      vertex -3.55369 -10.9371 -27
      vertex -1.20208 -11.437 -27
    endloop
  endfacet
  facet normal 0 0 -1
    outer loop
      vertex -3.86271 -11.8882 -27
      vertex -3.55369 -10.9371 -27
      vertex -1.30661 -12.4315 -27
    endloop
  endfacet
  facet normal 0 0 -1
    outer loop
      vertex -3.86271 -11.8882 -27
      vertex -5.75 -9.95929 -27
      vertex -3.55369 -10.9371 -27
    endloop
  endfacet
  facet normal 0 0 -1
    outer loop
      vertex -6.25 -10.8253 -27
      vertex -5.75 -9.95929 -27
      vertex -3.86271 -11.8882 -27
    endloop
  endfacet
  facet normal 0 0 -1
    outer loop
      vertex -6.25 -10.8253 -27
      vertex -7.695 -8.54617 -27
      vertex -5.75 -9.95929 -27
    endloop
  endfacet
  facet normal 0 0 -1
    outer loop
      vertex -8.36413 -9.28931 -27
      vertex -7.695 -8.54617 -27
      vertex -6.25 -10.8253 -27
    endloop
  endfacet
  facet normal 0 0 -1
    outer loop
      vertex -8.36413 -9.28931 -27
      vertex -9.30369 -6.75953 -27
      vertex -7.695 -8.54617 -27
    endloop
  endfacet
  facet normal 0 0 -1
    outer loop
      vertex -10.1127 -7.34731 -27
      vertex -9.30369 -6.75953 -27
      vertex -8.36413 -9.28931 -27
    endloop
  endfacet
  facet normal 0 0 -1
    outer loop
      vertex -10.1127 -7.34731 -27
      vertex -10.5058 -4.67747 -27
      vertex -9.30369 -6.75953 -27
    endloop
  endfacet
  facet normal 0 0 -1
    outer loop
      vertex -11.4193 -5.08421 -27
      vertex -10.5058 -4.67747 -27
      vertex -10.1127 -7.34731 -27
    endloop
  endfacet
  facet normal -0 0 -1
    outer loop
      vertex -10.5058 -4.67747 -27
      vertex -11.4193 -5.08421 -27
      vertex -11.2487 -2.39098 -27
    endloop
  endfacet
  facet normal 0 0 -1
    outer loop
      vertex -12.2268 -2.5989 -27
      vertex -11.2487 -2.39098 -27
      vertex -11.4193 -5.08421 -27
    endloop
  endfacet
  facet normal -0 0 -1
    outer loop
      vertex -11.2487 -2.39098 -27
      vertex -12.2268 -2.5989 -27
      vertex -11.5 0 -27
    endloop
  endfacet
  facet normal 0 0 -1
    outer loop
      vertex 11.2487 2.39098 -27
      vertex 12.2268 2.5989 -27
      vertex 11.5 0 -27
    endloop
  endfacet
  facet normal -0 0 -1
    outer loop
      vertex 12.2268 2.5989 -27
      vertex 11.2487 2.39098 -27
      vertex 11.4193 5.08421 -27
    endloop
  endfacet
  facet normal 0 0 -1
    outer loop
      vertex 10.5058 4.67747 -27
      vertex 11.4193 5.08421 -27
      vertex 11.2487 2.39098 -27
    endloop
  endfacet
  facet normal 0 0 -1
    outer loop
      vertex 10.5058 4.67747 -27
      vertex 10.1127 7.34731 -27
      vertex 11.4193 5.08421 -27
    endloop
  endfacet
  facet normal 0 0 -1
    outer loop
      vertex 9.30369 6.75953 -27
      vertex 10.1127 7.34731 -27
      vertex 10.5058 4.67747 -27
    endloop
  endfacet
  facet normal 0 0 -1
    outer loop
      vertex 9.30369 6.75953 -27
      vertex 8.36413 9.28931 -27
      vertex 10.1127 7.34731 -27
    endloop
  endfacet
  facet normal 0 0 -1
    outer loop
      vertex 7.695 8.54617 -27
      vertex 8.36413 9.28931 -27
      vertex 9.30369 6.75953 -27
    endloop
  endfacet
  facet normal 0 0 -1
    outer loop
      vertex 7.695 8.54617 -27
      vertex 6.25 10.8253 -27
      vertex 8.36413 9.28931 -27
    endloop
  endfacet
  facet normal 0 0 -1
    outer loop
      vertex 5.75 9.95929 -27
      vertex 6.25 10.8253 -27
      vertex 7.695 8.54617 -27
    endloop
  endfacet
  facet normal 0 0 -1
    outer loop
      vertex 5.75 9.95929 -27
      vertex 3.86271 11.8882 -27
      vertex 6.25 10.8253 -27
    endloop
  endfacet
  facet normal 0 0 -1
    outer loop
      vertex 3.55369 10.9371 -27
      vertex 3.86271 11.8882 -27
      vertex 5.75 9.95929 -27
    endloop
  endfacet
  facet normal 0 0 -1
    outer loop
      vertex 3.55369 10.9371 -27
      vertex 1.30661 12.4315 -27
      vertex 3.86271 11.8882 -27
    endloop
  endfacet
  facet normal 0 0 -1
    outer loop
      vertex 1.20208 11.437 -27
      vertex 1.30661 12.4315 -27
      vertex 3.55369 10.9371 -27
    endloop
  endfacet
  facet normal 0 0 -1
    outer loop
      vertex -1.20208 11.437 -27
      vertex 1.30661 12.4315 -27
      vertex 1.20208 11.437 -27
    endloop
  endfacet
  facet normal 0 0 -1
    outer loop
      vertex -1.20208 11.437 -27
      vertex -1.30661 12.4315 -27
      vertex 1.30661 12.4315 -27
    endloop
  endfacet
  facet normal 0 0 -1
    outer loop
      vertex -3.55369 10.9371 -27
      vertex -1.30661 12.4315 -27
      vertex -1.20208 11.437 -27
    endloop
  endfacet
  facet normal 0 0 -1
    outer loop
      vertex -3.55369 10.9371 -27
      vertex -3.86271 11.8882 -27
      vertex -1.30661 12.4315 -27
    endloop
  endfacet
  facet normal 0 0 -1
    outer loop
      vertex -5.75 9.95929 -27
      vertex -3.86271 11.8882 -27
      vertex -3.55369 10.9371 -27
    endloop
  endfacet
  facet normal 0 0 -1
    outer loop
      vertex -5.75 9.95929 -27
      vertex -6.25 10.8253 -27
      vertex -3.86271 11.8882 -27
    endloop
  endfacet
  facet normal 0 0 -1
    outer loop
      vertex -7.695 8.54617 -27
      vertex -6.25 10.8253 -27
      vertex -5.75 9.95929 -27
    endloop
  endfacet
  facet normal 0 0 -1
    outer loop
      vertex -7.695 8.54617 -27
      vertex -8.36413 9.28931 -27
      vertex -6.25 10.8253 -27
    endloop
  endfacet
  facet normal 0 0 -1
    outer loop
      vertex -9.30369 6.75953 -27
      vertex -8.36413 9.28931 -27
      vertex -7.695 8.54617 -27
    endloop
  endfacet
  facet normal 0 0 -1
    outer loop
      vertex -9.30369 6.75953 -27
      vertex -10.1127 7.34731 -27
      vertex -8.36413 9.28931 -27
    endloop
  endfacet
  facet normal 0 0 -1
    outer loop
      vertex -10.5058 4.67747 -27
      vertex -10.1127 7.34731 -27
      vertex -9.30369 6.75953 -27
    endloop
  endfacet
  facet normal 0 0 -1
    outer loop
      vertex -11.4193 5.08421 -27
      vertex -10.5058 4.67747 -27
      vertex -11.2487 2.39098 -27
    endloop
  endfacet
  facet normal 0 0 -1
    outer loop
      vertex -10.5058 4.67747 -27
      vertex -11.4193 5.08421 -27
      vertex -10.1127 7.34731 -27
    endloop
  endfacet
  facet normal 0 0 -1
    outer loop
      vertex -12.2268 2.5989 -27
      vertex -11.2487 2.39098 -27
      vertex -11.5 0 -27
    endloop
  endfacet
  facet normal 0 0 -1
    outer loop
      vertex -12.5 0 -27
      vertex -11.5 0 -27
      vertex -12.2268 -2.5989 -27
    endloop
  endfacet
  facet normal 0 0 -1
    outer loop
      vertex -11.2487 2.39098 -27
      vertex -12.2268 2.5989 -27
      vertex -11.4193 5.08421 -27
    endloop
  endfacet
  facet normal 0 0 -1
    outer loop
      vertex -11.5 0 -27
      vertex -12.5 0 -27
      vertex -12.2268 2.5989 -27
    endloop
  endfacet
  facet normal -0.743148 0.669128 0
    outer loop
      vertex -10.1127 7.34731 -27
      vertex -8.36413 9.28931 -25
      vertex -8.36413 9.28931 -27
    endloop
  endfacet
  facet normal -0.743148 0.669128 0
    outer loop
      vertex -8.36413 9.28931 -25
      vertex -10.1127 7.34731 -27
      vertex -10.1127 7.34731 -25
    endloop
  endfacet
  facet normal 0.40674 0.913544 -0
    outer loop
      vertex 6.25 10.8253 -27
      vertex 3.86271 11.8882 -25
      vertex 6.25 10.8253 -25
    endloop
  endfacet
  facet normal 0.40674 0.913544 0
    outer loop
      vertex 3.86271 11.8882 -25
      vertex 6.25 10.8253 -27
      vertex 3.86271 11.8882 -27
    endloop
  endfacet
  facet normal -0.743148 -0.669128 0
    outer loop
      vertex -8.36413 -9.28931 -27
      vertex -10.1127 -7.34731 -25
      vertex -10.1127 -7.34731 -27
    endloop
  endfacet
  facet normal -0.743148 -0.669128 0
    outer loop
      vertex -10.1127 -7.34731 -25
      vertex -8.36413 -9.28931 -27
      vertex -8.36413 -9.28931 -25
    endloop
  endfacet
  facet normal 0 -1 0
    outer loop
      vertex -1.30661 -12.4315 -27
      vertex 1.30661 -12.4315 -25
      vertex -1.30661 -12.4315 -25
    endloop
  endfacet
  facet normal 0 -1 -0
    outer loop
      vertex 1.30661 -12.4315 -25
      vertex -1.30661 -12.4315 -27
      vertex 1.30661 -12.4315 -27
    endloop
  endfacet
  facet normal 0.99452 -0.104545 0
    outer loop
      vertex 12.2268 -2.5989 -25
      vertex 12.5 0 -27
      vertex 12.5 0 -25
    endloop
  endfacet
  facet normal 0.99452 -0.104545 0
    outer loop
      vertex 12.5 0 -27
      vertex 12.2268 -2.5989 -25
      vertex 12.2268 -2.5989 -27
    endloop
  endfacet
  facet normal -0.40674 0.913544 0
    outer loop
      vertex -3.86271 11.8882 -27
      vertex -6.25 10.8253 -25
      vertex -3.86271 11.8882 -25
    endloop
  endfacet
  facet normal -0.40674 0.913544 0
    outer loop
      vertex -6.25 10.8253 -25
      vertex -3.86271 11.8882 -27
      vertex -6.25 10.8253 -27
    endloop
  endfacet
  facet normal 0.743148 0.669128 0
    outer loop
      vertex 10.1127 7.34731 -25
      vertex 8.36413 9.28931 -27
      vertex 8.36413 9.28931 -25
    endloop
  endfacet
  facet normal 0.743148 0.669128 0
    outer loop
      vertex 8.36413 9.28931 -27
      vertex 10.1127 7.34731 -25
      vertex 10.1127 7.34731 -27
    endloop
  endfacet
  facet normal -0.99452 -0.104545 0
    outer loop
      vertex -12.2268 -2.5989 -27
      vertex -12.5 0 -25
      vertex -12.5 0 -27
    endloop
  endfacet
  facet normal -0.99452 -0.104545 0
    outer loop
      vertex -12.5 0 -25
      vertex -12.2268 -2.5989 -27
      vertex -12.2268 -2.5989 -25
    endloop
  endfacet
  facet normal 0 0 1
    outer loop
      vertex -2.59808 -6.97233 -25
      vertex -3.75 -6.49519 -25
      vertex -2.59808 -9.5 -25
    endloop
  endfacet
  facet normal 0 0 1
    outer loop
      vertex 11 0 -25
      vertex 12.5 0 -25
      vertex 12.2268 2.5989 -25
    endloop
  endfacet
  facet normal 0 0 1
    outer loop
      vertex 9.5 2.59808 -25
      vertex 12.2268 2.5989 -25
      vertex 11.4193 5.08421 -25
    endloop
  endfacet
  facet normal 0 0 1
    outer loop
      vertex 12.5 0 -25
      vertex 11 0 -25
      vertex 12.2268 -2.5989 -25
    endloop
  endfacet
  facet normal -0 0 1
    outer loop
      vertex 9.5 -2.59808 -25
      vertex 12.2268 -2.5989 -25
      vertex 11 0 -25
    endloop
  endfacet
  facet normal 0 0 1
    outer loop
      vertex 9.5 2.59808 -25
      vertex 11.4193 5.08421 -25
      vertex 10.1127 7.34731 -25
    endloop
  endfacet
  facet normal 0 0 1
    outer loop
      vertex 12.2268 2.5989 -25
      vertex 9.5 2.59808 -25
      vertex 11 0 -25
    endloop
  endfacet
  facet normal 0 0 1
    outer loop
      vertex 5.3033 5.3033 -25
      vertex 10.1127 7.34731 -25
      vertex 8.36413 9.28931 -25
    endloop
  endfacet
  facet normal 0 0 1
    outer loop
      vertex 10.1127 7.34731 -25
      vertex 6.49519 3.75 -25
      vertex 9.5 2.59808 -25
    endloop
  endfacet
  facet normal 0 0 1
    outer loop
      vertex 9.5 2.59808 -25
      vertex 6.49519 3.75 -25
      vertex 6.97233 2.59808 -25
    endloop
  endfacet
  facet normal 0 0 1
    outer loop
      vertex 3.75 6.49519 -25
      vertex 8.36413 9.28931 -25
      vertex 6.25 10.8253 -25
    endloop
  endfacet
  facet normal 0 0 1
    outer loop
      vertex 10.1127 7.34731 -25
      vertex 5.3033 5.3033 -25
      vertex 6.49519 3.75 -25
    endloop
  endfacet
  facet normal 0 0 1
    outer loop
      vertex 2.59808 9.5 -25
      vertex 6.25 10.8253 -25
      vertex 3.86271 11.8882 -25
    endloop
  endfacet
  facet normal 0 0 1
    outer loop
      vertex 8.36413 9.28931 -25
      vertex 3.75 6.49519 -25
      vertex 5.3033 5.3033 -25
    endloop
  endfacet
  facet normal 0 0 1
    outer loop
      vertex 6.25 10.8253 -25
      vertex 2.59808 9.5 -25
      vertex 3.75 6.49519 -25
    endloop
  endfacet
  facet normal 0 0 1
    outer loop
      vertex 1.30661 12.4315 -25
      vertex 2.59808 9.5 -25
      vertex 3.86271 11.8882 -25
    endloop
  endfacet
  facet normal 0 0 1
    outer loop
      vertex 1.30661 12.4315 -25
      vertex 0 11 -25
      vertex 2.59808 9.5 -25
    endloop
  endfacet
  facet normal -0 0 1
    outer loop
      vertex -1.30661 12.4315 -25
      vertex 0 11 -25
      vertex 1.30661 12.4315 -25
    endloop
  endfacet
  facet normal 0 0 1
    outer loop
      vertex -1.30661 12.4315 -25
      vertex -2.59808 9.5 -25
      vertex 0 11 -25
    endloop
  endfacet
  facet normal 0 0 1
    outer loop
      vertex -2.59808 9.5 -25
      vertex -3.75 6.49519 -25
      vertex -2.59808 6.97233 -25
    endloop
  endfacet
  facet normal -0 0 1
    outer loop
      vertex -3.86271 11.8882 -25
      vertex -2.59808 9.5 -25
      vertex -1.30661 12.4315 -25
    endloop
  endfacet
  facet normal -0 0 1
    outer loop
      vertex -6.25 10.8253 -25
      vertex -2.59808 9.5 -25
      vertex -3.86271 11.8882 -25
    endloop
  endfacet
  facet normal 0 0 1
    outer loop
      vertex -2.59808 9.5 -25
      vertex -6.25 10.8253 -25
      vertex -3.75 6.49519 -25
    endloop
  endfacet
  facet normal -0 0 1
    outer loop
      vertex -8.36413 9.28931 -25
      vertex -3.75 6.49519 -25
      vertex -6.25 10.8253 -25
    endloop
  endfacet
  facet normal 0 0 1
    outer loop
      vertex -3.75 6.49519 -25
      vertex -8.36413 9.28931 -25
      vertex -5.3033 5.3033 -25
    endloop
  endfacet
  facet normal -0 0 1
    outer loop
      vertex -10.1127 7.34731 -25
      vertex -5.3033 5.3033 -25
      vertex -8.36413 9.28931 -25
    endloop
  endfacet
  facet normal 0 0 1
    outer loop
      vertex -5.3033 5.3033 -25
      vertex -10.1127 7.34731 -25
      vertex -6.49519 3.75 -25
    endloop
  endfacet
  facet normal 0 -0 1
    outer loop
      vertex -9.5 2.59808 -25
      vertex -6.49519 3.75 -25
      vertex -10.1127 7.34731 -25
    endloop
  endfacet
  facet normal 0 0 1
    outer loop
      vertex -6.49519 3.75 -25
      vertex -9.5 2.59808 -25
      vertex -6.97233 2.59808 -25
    endloop
  endfacet
  facet normal -0 0 1
    outer loop
      vertex -11.4193 5.08421 -25
      vertex -9.5 2.59808 -25
      vertex -10.1127 7.34731 -25
    endloop
  endfacet
  facet normal -0 0 1
    outer loop
      vertex -12.2268 2.5989 -25
      vertex -9.5 2.59808 -25
      vertex -11.4193 5.08421 -25
    endloop
  endfacet
  facet normal 0 0 1
    outer loop
      vertex 12.2268 -2.5989 -25
      vertex 9.5 -2.59808 -25
      vertex 11.4193 -5.08421 -25
    endloop
  endfacet
  facet normal 0 0 1
    outer loop
      vertex 11.4193 -5.08421 -25
      vertex 9.5 -2.59808 -25
      vertex 10.1127 -7.34731 -25
    endloop
  endfacet
  facet normal -0 0 1
    outer loop
      vertex 6.49519 -3.75 -25
      vertex 10.1127 -7.34731 -25
      vertex 9.5 -2.59808 -25
    endloop
  endfacet
  facet normal 0 0 1
    outer loop
      vertex 6.49519 -3.75 -25
      vertex 9.5 -2.59808 -25
      vertex 6.97233 -2.59808 -25
    endloop
  endfacet
  facet normal -0 0 1
    outer loop
      vertex 5.3033 -5.3033 -25
      vertex 10.1127 -7.34731 -25
      vertex 6.49519 -3.75 -25
    endloop
  endfacet
  facet normal 0 0 1
    outer loop
      vertex 10.1127 -7.34731 -25
      vertex 5.3033 -5.3033 -25
      vertex 8.36413 -9.28931 -25
    endloop
  endfacet
  facet normal -0 0 1
    outer loop
      vertex 3.75 -6.49519 -25
      vertex 8.36413 -9.28931 -25
      vertex 5.3033 -5.3033 -25
    endloop
  endfacet
  facet normal 0 0 1
    outer loop
      vertex 8.36413 -9.28931 -25
      vertex 3.75 -6.49519 -25
      vertex 6.25 -10.8253 -25
    endloop
  endfacet
  facet normal -0 0 1
    outer loop
      vertex 2.59808 -9.5 -25
      vertex 6.25 -10.8253 -25
      vertex 3.75 -6.49519 -25
    endloop
  endfacet
  facet normal 0 0 1
    outer loop
      vertex 2.59808 -9.5 -25
      vertex 3.75 -6.49519 -25
      vertex 2.59808 -6.97233 -25
    endloop
  endfacet
  facet normal 0 0 1
    outer loop
      vertex 6.25 -10.8253 -25
      vertex 2.59808 -9.5 -25
      vertex 3.86271 -11.8882 -25
    endloop
  endfacet
  facet normal 0 0 1
    outer loop
      vertex 2.59808 -9.5 -25
      vertex 1.30661 -12.4315 -25
      vertex 3.86271 -11.8882 -25
    endloop
  endfacet
  facet normal -0 0 1
    outer loop
      vertex 0 -11 -25
      vertex 1.30661 -12.4315 -25
      vertex 2.59808 -9.5 -25
    endloop
  endfacet
  facet normal 0 0 1
    outer loop
      vertex 0 -11 -25
      vertex -1.30661 -12.4315 -25
      vertex 1.30661 -12.4315 -25
    endloop
  endfacet
  facet normal 0 0 1
    outer loop
      vertex -2.59808 -9.5 -25
      vertex -1.30661 -12.4315 -25
      vertex 0 -11 -25
    endloop
  endfacet
  facet normal 0 0 1
    outer loop
      vertex -2.59808 -9.5 -25
      vertex -3.86271 -11.8882 -25
      vertex -1.30661 -12.4315 -25
    endloop
  endfacet
  facet normal 0 0 1
    outer loop
      vertex -6.25 -10.8253 -25
      vertex -2.59808 -9.5 -25
      vertex -3.75 -6.49519 -25
    endloop
  endfacet
  facet normal 0 0 1
    outer loop
      vertex -8.36413 -9.28931 -25
      vertex -3.75 -6.49519 -25
      vertex -5.3033 -5.3033 -25
    endloop
  endfacet
  facet normal 0 0 1
    outer loop
      vertex -2.59808 -9.5 -25
      vertex -6.25 -10.8253 -25
      vertex -3.86271 -11.8882 -25
    endloop
  endfacet
  facet normal 0 0 1
    outer loop
      vertex -10.1127 -7.34731 -25
      vertex -5.3033 -5.3033 -25
      vertex -6.49519 -3.75 -25
    endloop
  endfacet
  facet normal -0 0 1
    outer loop
      vertex -9.5 -2.59808 -25
      vertex -6.49519 -3.75 -25
      vertex -6.97233 -2.59808 -25
    endloop
  endfacet
  facet normal 0 0 1
    outer loop
      vertex -3.75 -6.49519 -25
      vertex -8.36413 -9.28931 -25
      vertex -6.25 -10.8253 -25
    endloop
  endfacet
  facet normal 0 0 1
    outer loop
      vertex -6.49519 -3.75 -25
      vertex -9.5 -2.59808 -25
      vertex -10.1127 -7.34731 -25
    endloop
  endfacet
  facet normal 0 0 1
    outer loop
      vertex -5.3033 -5.3033 -25
      vertex -10.1127 -7.34731 -25
      vertex -8.36413 -9.28931 -25
    endloop
  endfacet
  facet normal 0 0 1
    outer loop
      vertex -12.2268 -2.5989 -25
      vertex -9.5 -2.59808 -25
      vertex -11 0 -25
    endloop
  endfacet
  facet normal 0 0 1
    outer loop
      vertex -9.5 -2.59808 -25
      vertex -11.4193 -5.08421 -25
      vertex -10.1127 -7.34731 -25
    endloop
  endfacet
  facet normal 0 0 1
    outer loop
      vertex -9.5 2.59808 -25
      vertex -12.2268 2.5989 -25
      vertex -11 0 -25
    endloop
  endfacet
  facet normal 0 0 1
    outer loop
      vertex -12.5 0 -25
      vertex -11 0 -25
      vertex -12.2268 2.5989 -25
    endloop
  endfacet
  facet normal 0 0 1
    outer loop
      vertex -9.5 -2.59808 -25
      vertex -12.2268 -2.5989 -25
      vertex -11.4193 -5.08421 -25
    endloop
  endfacet
  facet normal 0 0 1
    outer loop
      vertex -11 0 -25
      vertex -12.5 0 -25
      vertex -12.2268 -2.5989 -25
    endloop
  endfacet
  facet normal 0 0 1
    outer loop
      vertex 3.75 6.49519 -25
      vertex 2.59808 9.5 -25
      vertex 2.59808 6.97233 -25
    endloop
  endfacet
  facet normal -0.40674 -0.913544 0
    outer loop
      vertex -6.25 -10.8253 -27
      vertex -3.86271 -11.8882 -25
      vertex -6.25 -10.8253 -25
    endloop
  endfacet
  facet normal -0.40674 -0.913544 -0
    outer loop
      vertex -3.86271 -11.8882 -25
      vertex -6.25 -10.8253 -27
      vertex -3.86271 -11.8882 -27
    endloop
  endfacet
  facet normal 0.866026 -0.5 0
    outer loop
      vertex 10.1127 -7.34731 -25
      vertex 11.4193 -5.08421 -27
      vertex 11.4193 -5.08421 -25
    endloop
  endfacet
  facet normal 0.866026 -0.5 0
    outer loop
      vertex 11.4193 -5.08421 -27
      vertex 10.1127 -7.34731 -25
      vertex 10.1127 -7.34731 -27
    endloop
  endfacet
  facet normal 0.951059 -0.309008 0
    outer loop
      vertex 11.4193 -5.08421 -25
      vertex 12.2268 -2.5989 -27
      vertex 12.2268 -2.5989 -25
    endloop
  endfacet
  facet normal 0.951059 -0.309008 0
    outer loop
      vertex 12.2268 -2.5989 -27
      vertex 11.4193 -5.08421 -25
      vertex 11.4193 -5.08421 -27
    endloop
  endfacet
  facet normal -0.951059 -0.309008 0
    outer loop
      vertex -11.4193 -5.08421 -27
      vertex -12.2268 -2.5989 -25
      vertex -12.2268 -2.5989 -27
    endloop
  endfacet
  facet normal -0.951059 -0.309008 0
    outer loop
      vertex -12.2268 -2.5989 -25
      vertex -11.4193 -5.08421 -27
      vertex -11.4193 -5.08421 -25
    endloop
  endfacet
  facet normal 0.207906 -0.978149 0
    outer loop
      vertex 1.30661 -12.4315 -27
      vertex 3.86271 -11.8882 -25
      vertex 1.30661 -12.4315 -25
    endloop
  endfacet
  facet normal 0.207906 -0.978149 0
    outer loop
      vertex 3.86271 -11.8882 -25
      vertex 1.30661 -12.4315 -27
      vertex 3.86271 -11.8882 -27
    endloop
  endfacet
  facet normal -0.951059 0.309008 0
    outer loop
      vertex -12.2268 2.5989 -27
      vertex -11.4193 5.08421 -25
      vertex -11.4193 5.08421 -27
    endloop
  endfacet
  facet normal -0.951059 0.309008 0
    outer loop
      vertex -11.4193 5.08421 -25
      vertex -12.2268 2.5989 -27
      vertex -12.2268 2.5989 -25
    endloop
  endfacet
  facet normal 0 1 -0
    outer loop
      vertex 1.30661 12.4315 -27
      vertex -1.30661 12.4315 -25
      vertex 1.30661 12.4315 -25
    endloop
  endfacet
  facet normal 0 1 0
    outer loop
      vertex -1.30661 12.4315 -25
      vertex 1.30661 12.4315 -27
      vertex -1.30661 12.4315 -27
    endloop
  endfacet
  facet normal 0.743148 -0.669128 0
    outer loop
      vertex 8.36413 -9.28931 -25
      vertex 10.1127 -7.34731 -27
      vertex 10.1127 -7.34731 -25
    endloop
  endfacet
  facet normal 0.743148 -0.669128 0
    outer loop
      vertex 10.1127 -7.34731 -27
      vertex 8.36413 -9.28931 -25
      vertex 8.36413 -9.28931 -27
    endloop
  endfacet
  facet normal -0.207906 -0.978149 0
    outer loop
      vertex -3.86271 -11.8882 -27
      vertex -1.30661 -12.4315 -25
      vertex -3.86271 -11.8882 -25
    endloop
  endfacet
  facet normal -0.207906 -0.978149 -0
    outer loop
      vertex -1.30661 -12.4315 -25
      vertex -3.86271 -11.8882 -27
      vertex -1.30661 -12.4315 -27
    endloop
  endfacet
  facet normal -0.866026 0.5 0
    outer loop
      vertex -11.4193 5.08421 -27
      vertex -10.1127 7.34731 -25
      vertex -10.1127 7.34731 -27
    endloop
  endfacet
  facet normal -0.866026 0.5 0
    outer loop
      vertex -10.1127 7.34731 -25
      vertex -11.4193 5.08421 -27
      vertex -11.4193 5.08421 -25
    endloop
  endfacet
  facet normal -0.99452 0.104545 0
    outer loop
      vertex -12.5 0 -27
      vertex -12.2268 2.5989 -25
      vertex -12.2268 2.5989 -27
    endloop
  endfacet
  facet normal -0.99452 0.104545 0
    outer loop
      vertex -12.2268 2.5989 -25
      vertex -12.5 0 -27
      vertex -12.5 0 -25
    endloop
  endfacet
  facet normal -0.866026 -0.5 0
    outer loop
      vertex -10.1127 -7.34731 -27
      vertex -11.4193 -5.08421 -25
      vertex -11.4193 -5.08421 -27
    endloop
  endfacet
  facet normal -0.866026 -0.5 0
    outer loop
      vertex -11.4193 -5.08421 -25
      vertex -10.1127 -7.34731 -27
      vertex -10.1127 -7.34731 -25
    endloop
  endfacet
  facet normal 0.207906 0.978149 -0
    outer loop
      vertex 3.86271 11.8882 -27
      vertex 1.30661 12.4315 -25
      vertex 3.86271 11.8882 -25
    endloop
  endfacet
  facet normal 0.207906 0.978149 0
    outer loop
      vertex 1.30661 12.4315 -25
      vertex 3.86271 11.8882 -27
      vertex 1.30661 12.4315 -27
    endloop
  endfacet
  facet normal 0.40674 -0.913544 0
    outer loop
      vertex 3.86271 -11.8882 -27
      vertex 6.25 -10.8253 -25
      vertex 3.86271 -11.8882 -25
    endloop
  endfacet
  facet normal 0.40674 -0.913544 0
    outer loop
      vertex 6.25 -10.8253 -25
      vertex 3.86271 -11.8882 -27
      vertex 6.25 -10.8253 -27
    endloop
  endfacet
  facet normal 0.587781 0.80902 -0
    outer loop
      vertex 8.36413 9.28931 -27
      vertex 6.25 10.8253 -25
      vertex 8.36413 9.28931 -25
    endloop
  endfacet
  facet normal 0.587781 0.80902 0
    outer loop
      vertex 6.25 10.8253 -25
      vertex 8.36413 9.28931 -27
      vertex 6.25 10.8253 -27
    endloop
  endfacet
  facet normal -0.587781 -0.80902 0
    outer loop
      vertex -8.36413 -9.28931 -27
      vertex -6.25 -10.8253 -25
      vertex -8.36413 -9.28931 -25
    endloop
  endfacet
  facet normal -0.587781 -0.80902 -0
    outer loop
      vertex -6.25 -10.8253 -25
      vertex -8.36413 -9.28931 -27
      vertex -6.25 -10.8253 -27
    endloop
  endfacet
  facet normal -0.587781 0.80902 0
    outer loop
      vertex -6.25 10.8253 -27
      vertex -8.36413 9.28931 -25
      vertex -6.25 10.8253 -25
    endloop
  endfacet
  facet normal -0.587781 0.80902 0
    outer loop
      vertex -8.36413 9.28931 -25
      vertex -6.25 10.8253 -27
      vertex -8.36413 9.28931 -27
    endloop
  endfacet
  facet normal -0.207906 0.978149 0
    outer loop
      vertex -1.30661 12.4315 -27
      vertex -3.86271 11.8882 -25
      vertex -1.30661 12.4315 -25
    endloop
  endfacet
  facet normal -0.207906 0.978149 0
    outer loop
      vertex -3.86271 11.8882 -25
      vertex -1.30661 12.4315 -27
      vertex -3.86271 11.8882 -27
    endloop
  endfacet
  facet normal 0.95106 0.309007 0
    outer loop
      vertex 11.2487 2.39098 -27
      vertex 10.5058 4.67747 -29
      vertex 10.5058 4.67747 -27
    endloop
  endfacet
  facet normal 0.95106 0.309007 0
    outer loop
      vertex 10.5058 4.67747 -29
      vertex 11.2487 2.39098 -27
      vertex 11.2487 2.39098 -29
    endloop
  endfacet
  facet normal 0.994522 0.104528 0
    outer loop
      vertex 11.5 0 -27
      vertex 11.2487 2.39098 -29
      vertex 11.2487 2.39098 -27
    endloop
  endfacet
  facet normal 0.994522 0.104528 0
    outer loop
      vertex 11.2487 2.39098 -29
      vertex 11.5 0 -27
      vertex 11.5 0 -29
    endloop
  endfacet
  facet normal 0.95106 -0.309007 0
    outer loop
      vertex 10.5058 -4.67747 -27
      vertex 11.2487 -2.39098 -29
      vertex 11.2487 -2.39098 -27
    endloop
  endfacet
  facet normal 0.95106 -0.309007 0
    outer loop
      vertex 11.2487 -2.39098 -29
      vertex 10.5058 -4.67747 -27
      vertex 10.5058 -4.67747 -29
    endloop
  endfacet
  facet normal 0.406719 0.913553 -0
    outer loop
      vertex 5.75 9.95929 -29
      vertex 3.55369 10.9371 -27
      vertex 5.75 9.95929 -27
    endloop
  endfacet
  facet normal 0.406719 0.913553 0
    outer loop
      vertex 3.55369 10.9371 -27
      vertex 5.75 9.95929 -29
      vertex 3.55369 10.9371 -29
    endloop
  endfacet
  facet normal 0 0 1
    outer loop
      vertex 4.6194 1.91342 -29
      vertex 4.6194 -1.91342 -29
      vertex 5 0 -29
    endloop
  endfacet
  facet normal 0 0 1
    outer loop
      vertex 3.53553 3.53553 -29
      vertex 4.6194 -1.91342 -29
      vertex 4.6194 1.91342 -29
    endloop
  endfacet
  facet normal 0 0 1
    outer loop
      vertex 3.53553 3.53553 -29
      vertex 3.53553 -3.53553 -29
      vertex 4.6194 -1.91342 -29
    endloop
  endfacet
  facet normal 0 0 1
    outer loop
      vertex 1.91342 4.6194 -29
      vertex 3.53553 -3.53553 -29
      vertex 3.53553 3.53553 -29
    endloop
  endfacet
  facet normal 0 0 1
    outer loop
      vertex 1.91342 4.6194 -29
      vertex 1.91342 -4.6194 -29
      vertex 3.53553 -3.53553 -29
    endloop
  endfacet
  facet normal 0 0 1
    outer loop
      vertex 0 5 -29
      vertex 1.91342 -4.6194 -29
      vertex 1.91342 4.6194 -29
    endloop
  endfacet
  facet normal 0 0 1
    outer loop
      vertex 0 5 -29
      vertex 0 -5 -29
      vertex 1.91342 -4.6194 -29
    endloop
  endfacet
  facet normal -0 0 1
    outer loop
      vertex -1.91342 4.6194 -29
      vertex 0 -5 -29
      vertex 0 5 -29
    endloop
  endfacet
  facet normal 0 0 1
    outer loop
      vertex -1.91342 4.6194 -29
      vertex -1.91342 -4.6194 -29
      vertex 0 -5 -29
    endloop
  endfacet
  facet normal -0 0 1
    outer loop
      vertex -3.53553 3.53553 -29
      vertex -1.91342 -4.6194 -29
      vertex -1.91342 4.6194 -29
    endloop
  endfacet
  facet normal 0 0 1
    outer loop
      vertex -3.53553 3.53553 -29
      vertex -3.53553 -3.53553 -29
      vertex -1.91342 -4.6194 -29
    endloop
  endfacet
  facet normal -0 0 1
    outer loop
      vertex -4.6194 1.91342 -29
      vertex -3.53553 -3.53553 -29
      vertex -3.53553 3.53553 -29
    endloop
  endfacet
  facet normal 0 0 1
    outer loop
      vertex -4.6194 1.91342 -29
      vertex -4.6194 -1.91342 -29
      vertex -3.53553 -3.53553 -29
    endloop
  endfacet
  facet normal 0 -0 1
    outer loop
      vertex -4.6194 -1.91342 -29
      vertex -4.6194 1.91342 -29
      vertex -5 0 -29
    endloop
  endfacet
  facet normal 0 0 1
    outer loop
      vertex 11.5 0 -29
      vertex 12.5 0 -29
      vertex 12.2268 2.5989 -29
    endloop
  endfacet
  facet normal 0 0 1
    outer loop
      vertex 12.5 0 -29
      vertex 11.5 0 -29
      vertex 12.2268 -2.5989 -29
    endloop
  endfacet
  facet normal 0 0 1
    outer loop
      vertex 11.2487 2.39098 -29
      vertex 12.2268 2.5989 -29
      vertex 11.4193 5.08421 -29
    endloop
  endfacet
  facet normal 0 0 1
    outer loop
      vertex 12.2268 2.5989 -29
      vertex 11.2487 2.39098 -29
      vertex 11.5 0 -29
    endloop
  endfacet
  facet normal 0 0 1
    outer loop
      vertex 11.4193 5.08421 -29
      vertex 10.5058 4.67747 -29
      vertex 11.2487 2.39098 -29
    endloop
  endfacet
  facet normal 0 0 1
    outer loop
      vertex 10.1127 7.34731 -29
      vertex 10.5058 4.67747 -29
      vertex 11.4193 5.08421 -29
    endloop
  endfacet
  facet normal 0 0 1
    outer loop
      vertex 10.1127 7.34731 -29
      vertex 9.30369 6.75953 -29
      vertex 10.5058 4.67747 -29
    endloop
  endfacet
  facet normal 0 0 1
    outer loop
      vertex 8.36413 9.28931 -29
      vertex 9.30369 6.75953 -29
      vertex 10.1127 7.34731 -29
    endloop
  endfacet
  facet normal 0 0 1
    outer loop
      vertex 8.36413 9.28931 -29
      vertex 7.695 8.54617 -29
      vertex 9.30369 6.75953 -29
    endloop
  endfacet
  facet normal 0 0 1
    outer loop
      vertex 6.25 10.8253 -29
      vertex 7.695 8.54617 -29
      vertex 8.36413 9.28931 -29
    endloop
  endfacet
  facet normal 0 0 1
    outer loop
      vertex 6.25 10.8253 -29
      vertex 5.75 9.95929 -29
      vertex 7.695 8.54617 -29
    endloop
  endfacet
  facet normal 0 0 1
    outer loop
      vertex 3.86271 11.8882 -29
      vertex 5.75 9.95929 -29
      vertex 6.25 10.8253 -29
    endloop
  endfacet
  facet normal 0 0 1
    outer loop
      vertex 3.86271 11.8882 -29
      vertex 3.55369 10.9371 -29
      vertex 5.75 9.95929 -29
    endloop
  endfacet
  facet normal 0 0 1
    outer loop
      vertex 1.30661 12.4315 -29
      vertex 3.55369 10.9371 -29
      vertex 3.86271 11.8882 -29
    endloop
  endfacet
  facet normal 0 0 1
    outer loop
      vertex 1.30661 12.4315 -29
      vertex 1.20208 11.437 -29
      vertex 3.55369 10.9371 -29
    endloop
  endfacet
  facet normal 0 0 1
    outer loop
      vertex 1.30661 12.4315 -29
      vertex -1.20208 11.437 -29
      vertex 1.20208 11.437 -29
    endloop
  endfacet
  facet normal -0 0 1
    outer loop
      vertex -1.30661 12.4315 -29
      vertex -1.20208 11.437 -29
      vertex 1.30661 12.4315 -29
    endloop
  endfacet
  facet normal 0 0 1
    outer loop
      vertex -1.30661 12.4315 -29
      vertex -3.55369 10.9371 -29
      vertex -1.20208 11.437 -29
    endloop
  endfacet
  facet normal -0 0 1
    outer loop
      vertex -3.86271 11.8882 -29
      vertex -3.55369 10.9371 -29
      vertex -1.30661 12.4315 -29
    endloop
  endfacet
  facet normal 0 0 1
    outer loop
      vertex -3.86271 11.8882 -29
      vertex -5.75 9.95929 -29
      vertex -3.55369 10.9371 -29
    endloop
  endfacet
  facet normal -0 0 1
    outer loop
      vertex -6.25 10.8253 -29
      vertex -5.75 9.95929 -29
      vertex -3.86271 11.8882 -29
    endloop
  endfacet
  facet normal 0 0 1
    outer loop
      vertex -6.25 10.8253 -29
      vertex -7.695 8.54617 -29
      vertex -5.75 9.95929 -29
    endloop
  endfacet
  facet normal -0 0 1
    outer loop
      vertex -8.36413 9.28931 -29
      vertex -7.695 8.54617 -29
      vertex -6.25 10.8253 -29
    endloop
  endfacet
  facet normal 0 0 1
    outer loop
      vertex -8.36413 9.28931 -29
      vertex -9.30369 6.75953 -29
      vertex -7.695 8.54617 -29
    endloop
  endfacet
  facet normal -0 0 1
    outer loop
      vertex -10.1127 7.34731 -29
      vertex -9.30369 6.75953 -29
      vertex -8.36413 9.28931 -29
    endloop
  endfacet
  facet normal 0 0 1
    outer loop
      vertex -10.1127 7.34731 -29
      vertex -10.5058 4.67747 -29
      vertex -9.30369 6.75953 -29
    endloop
  endfacet
  facet normal -0 0 1
    outer loop
      vertex -11.4193 5.08421 -29
      vertex -10.5058 4.67747 -29
      vertex -10.1127 7.34731 -29
    endloop
  endfacet
  facet normal 0 0 1
    outer loop
      vertex -10.5058 4.67747 -29
      vertex -11.4193 5.08421 -29
      vertex -11.2487 2.39098 -29
    endloop
  endfacet
  facet normal -0 0 1
    outer loop
      vertex -12.2268 2.5989 -29
      vertex -11.2487 2.39098 -29
      vertex -11.4193 5.08421 -29
    endloop
  endfacet
  facet normal 0 0 1
    outer loop
      vertex -11.2487 2.39098 -29
      vertex -12.2268 2.5989 -29
      vertex -11.5 0 -29
    endloop
  endfacet
  facet normal -0 0 1
    outer loop
      vertex 11.2487 -2.39098 -29
      vertex 12.2268 -2.5989 -29
      vertex 11.5 0 -29
    endloop
  endfacet
  facet normal 0 0 1
    outer loop
      vertex 12.2268 -2.5989 -29
      vertex 11.2487 -2.39098 -29
      vertex 11.4193 -5.08421 -29
    endloop
  endfacet
  facet normal -0 0 1
    outer loop
      vertex 10.5058 -4.67747 -29
      vertex 11.4193 -5.08421 -29
      vertex 11.2487 -2.39098 -29
    endloop
  endfacet
  facet normal 0 0 1
    outer loop
      vertex 10.5058 -4.67747 -29
      vertex 10.1127 -7.34731 -29
      vertex 11.4193 -5.08421 -29
    endloop
  endfacet
  facet normal -0 0 1
    outer loop
      vertex 9.30369 -6.75953 -29
      vertex 10.1127 -7.34731 -29
      vertex 10.5058 -4.67747 -29
    endloop
  endfacet
  facet normal 0 0 1
    outer loop
      vertex 9.30369 -6.75953 -29
      vertex 8.36413 -9.28931 -29
      vertex 10.1127 -7.34731 -29
    endloop
  endfacet
  facet normal -0 0 1
    outer loop
      vertex 7.695 -8.54617 -29
      vertex 8.36413 -9.28931 -29
      vertex 9.30369 -6.75953 -29
    endloop
  endfacet
  facet normal 0 0 1
    outer loop
      vertex 7.695 -8.54617 -29
      vertex 6.25 -10.8253 -29
      vertex 8.36413 -9.28931 -29
    endloop
  endfacet
  facet normal -0 0 1
    outer loop
      vertex 5.75 -9.95929 -29
      vertex 6.25 -10.8253 -29
      vertex 7.695 -8.54617 -29
    endloop
  endfacet
  facet normal 0 0 1
    outer loop
      vertex 5.75 -9.95929 -29
      vertex 3.86271 -11.8882 -29
      vertex 6.25 -10.8253 -29
    endloop
  endfacet
  facet normal -0 0 1
    outer loop
      vertex 3.55369 -10.9371 -29
      vertex 3.86271 -11.8882 -29
      vertex 5.75 -9.95929 -29
    endloop
  endfacet
  facet normal 0 0 1
    outer loop
      vertex 3.55369 -10.9371 -29
      vertex 1.30661 -12.4315 -29
      vertex 3.86271 -11.8882 -29
    endloop
  endfacet
  facet normal -0 0 1
    outer loop
      vertex 1.20208 -11.437 -29
      vertex 1.30661 -12.4315 -29
      vertex 3.55369 -10.9371 -29
    endloop
  endfacet
  facet normal -0 0 1
    outer loop
      vertex -1.20208 -11.437 -29
      vertex 1.30661 -12.4315 -29
      vertex 1.20208 -11.437 -29
    endloop
  endfacet
  facet normal 0 0 1
    outer loop
      vertex -1.20208 -11.437 -29
      vertex -1.30661 -12.4315 -29
      vertex 1.30661 -12.4315 -29
    endloop
  endfacet
  facet normal 0 0 1
    outer loop
      vertex -3.55369 -10.9371 -29
      vertex -1.30661 -12.4315 -29
      vertex -1.20208 -11.437 -29
    endloop
  endfacet
  facet normal 0 0 1
    outer loop
      vertex -3.55369 -10.9371 -29
      vertex -3.86271 -11.8882 -29
      vertex -1.30661 -12.4315 -29
    endloop
  endfacet
  facet normal 0 0 1
    outer loop
      vertex -5.75 -9.95929 -29
      vertex -3.86271 -11.8882 -29
      vertex -3.55369 -10.9371 -29
    endloop
  endfacet
  facet normal 0 0 1
    outer loop
      vertex -5.75 -9.95929 -29
      vertex -6.25 -10.8253 -29
      vertex -3.86271 -11.8882 -29
    endloop
  endfacet
  facet normal 0 0 1
    outer loop
      vertex -7.695 -8.54617 -29
      vertex -6.25 -10.8253 -29
      vertex -5.75 -9.95929 -29
    endloop
  endfacet
  facet normal 0 0 1
    outer loop
      vertex -7.695 -8.54617 -29
      vertex -8.36413 -9.28931 -29
      vertex -6.25 -10.8253 -29
    endloop
  endfacet
  facet normal 0 0 1
    outer loop
      vertex -9.30369 -6.75953 -29
      vertex -8.36413 -9.28931 -29
      vertex -7.695 -8.54617 -29
    endloop
  endfacet
  facet normal 0 0 1
    outer loop
      vertex -9.30369 -6.75953 -29
      vertex -10.1127 -7.34731 -29
      vertex -8.36413 -9.28931 -29
    endloop
  endfacet
  facet normal 0 0 1
    outer loop
      vertex -10.5058 -4.67747 -29
      vertex -10.1127 -7.34731 -29
      vertex -9.30369 -6.75953 -29
    endloop
  endfacet
  facet normal 0 0 1
    outer loop
      vertex -11.4193 -5.08421 -29
      vertex -10.5058 -4.67747 -29
      vertex -11.2487 -2.39098 -29
    endloop
  endfacet
  facet normal 0 0 1
    outer loop
      vertex -10.5058 -4.67747 -29
      vertex -11.4193 -5.08421 -29
      vertex -10.1127 -7.34731 -29
    endloop
  endfacet
  facet normal 0 0 1
    outer loop
      vertex -12.2268 -2.5989 -29
      vertex -11.2487 -2.39098 -29
      vertex -11.5 0 -29
    endloop
  endfacet
  facet normal 0 0 1
    outer loop
      vertex -12.5 0 -29
      vertex -11.5 0 -29
      vertex -12.2268 2.5989 -29
    endloop
  endfacet
  facet normal 0 0 1
    outer loop
      vertex -11.2487 -2.39098 -29
      vertex -12.2268 -2.5989 -29
      vertex -11.4193 -5.08421 -29
    endloop
  endfacet
  facet normal 0 0 1
    outer loop
      vertex -11.5 0 -29
      vertex -12.5 0 -29
      vertex -12.2268 -2.5989 -29
    endloop
  endfacet
  facet normal -0.587784 0.809018 0
    outer loop
      vertex -5.75 9.95929 -29
      vertex -7.695 8.54617 -27
      vertex -5.75 9.95929 -27
    endloop
  endfacet
  facet normal -0.587784 0.809018 0
    outer loop
      vertex -7.695 8.54617 -27
      vertex -5.75 9.95929 -29
      vertex -7.695 8.54617 -29
    endloop
  endfacet
  facet normal -0.406719 0.913553 0
    outer loop
      vertex -3.55369 10.9371 -29
      vertex -5.75 9.95929 -27
      vertex -3.55369 10.9371 -27
    endloop
  endfacet
  facet normal -0.406719 0.913553 0
    outer loop
      vertex -5.75 9.95929 -27
      vertex -3.55369 10.9371 -29
      vertex -5.75 9.95929 -29
    endloop
  endfacet
  facet normal 0.587784 -0.809018 0
    outer loop
      vertex 5.75 -9.95929 -29
      vertex 7.695 -8.54617 -27
      vertex 5.75 -9.95929 -27
    endloop
  endfacet
  facet normal 0.587784 -0.809018 0
    outer loop
      vertex 7.695 -8.54617 -27
      vertex 5.75 -9.95929 -29
      vertex 7.695 -8.54617 -29
    endloop
  endfacet
  facet normal -0.86602 -0.50001 0
    outer loop
      vertex -9.30369 -6.75953 -29
      vertex -10.5058 -4.67747 -27
      vertex -10.5058 -4.67747 -29
    endloop
  endfacet
  facet normal -0.86602 -0.50001 0
    outer loop
      vertex -10.5058 -4.67747 -27
      vertex -9.30369 -6.75953 -29
      vertex -9.30369 -6.75953 -27
    endloop
  endfacet
  facet normal 0.406719 -0.913553 0
    outer loop
      vertex 3.55369 -10.9371 -29
      vertex 5.75 -9.95929 -27
      vertex 3.55369 -10.9371 -27
    endloop
  endfacet
  facet normal 0.406719 -0.913553 0
    outer loop
      vertex 5.75 -9.95929 -27
      vertex 3.55369 -10.9371 -29
      vertex 5.75 -9.95929 -29
    endloop
  endfacet
  facet normal 0.207932 -0.978143 0
    outer loop
      vertex 1.20208 -11.437 -29
      vertex 3.55369 -10.9371 -27
      vertex 1.20208 -11.437 -27
    endloop
  endfacet
  facet normal 0.207932 -0.978143 0
    outer loop
      vertex 3.55369 -10.9371 -27
      vertex 1.20208 -11.437 -29
      vertex 3.55369 -10.9371 -29
    endloop
  endfacet
  facet normal 0.587784 0.809018 -0
    outer loop
      vertex 7.695 8.54617 -29
      vertex 5.75 9.95929 -27
      vertex 7.695 8.54617 -27
    endloop
  endfacet
  facet normal 0.587784 0.809018 0
    outer loop
      vertex 5.75 9.95929 -27
      vertex 7.695 8.54617 -29
      vertex 5.75 9.95929 -29
    endloop
  endfacet
  facet normal -0.95106 0.309007 0
    outer loop
      vertex -11.2487 2.39098 -29
      vertex -10.5058 4.67747 -27
      vertex -10.5058 4.67747 -29
    endloop
  endfacet
  facet normal -0.95106 0.309007 0
    outer loop
      vertex -10.5058 4.67747 -27
      vertex -11.2487 2.39098 -29
      vertex -11.2487 2.39098 -27
    endloop
  endfacet
  facet normal 0.994522 -0.104528 0
    outer loop
      vertex 11.2487 -2.39098 -27
      vertex 11.5 0 -29
      vertex 11.5 0 -27
    endloop
  endfacet
  facet normal 0.994522 -0.104528 0
    outer loop
      vertex 11.5 0 -29
      vertex 11.2487 -2.39098 -27
      vertex 11.2487 -2.39098 -29
    endloop
  endfacet
  facet normal -0.743146 0.669129 0
    outer loop
      vertex -9.30369 6.75953 -29
      vertex -7.695 8.54617 -27
      vertex -7.695 8.54617 -29
    endloop
  endfacet
  facet normal -0.743146 0.669129 0
    outer loop
      vertex -7.695 8.54617 -27
      vertex -9.30369 6.75953 -29
      vertex -9.30369 6.75953 -27
    endloop
  endfacet
  facet normal 0 1 -0
    outer loop
      vertex 1.20208 11.437 -29
      vertex -1.20208 11.437 -27
      vertex 1.20208 11.437 -27
    endloop
  endfacet
  facet normal 0 1 0
    outer loop
      vertex -1.20208 11.437 -27
      vertex 1.20208 11.437 -29
      vertex -1.20208 11.437 -29
    endloop
  endfacet
  facet normal 0.86602 -0.50001 0
    outer loop
      vertex 9.30369 -6.75953 -27
      vertex 10.5058 -4.67747 -29
      vertex 10.5058 -4.67747 -27
    endloop
  endfacet
  facet normal 0.86602 -0.50001 0
    outer loop
      vertex 10.5058 -4.67747 -29
      vertex 9.30369 -6.75953 -27
      vertex 9.30369 -6.75953 -29
    endloop
  endfacet
  facet normal -0.207932 0.978143 0
    outer loop
      vertex -1.20208 11.437 -29
      vertex -3.55369 10.9371 -27
      vertex -1.20208 11.437 -27
    endloop
  endfacet
  facet normal -0.207932 0.978143 0
    outer loop
      vertex -3.55369 10.9371 -27
      vertex -1.20208 11.437 -29
      vertex -3.55369 10.9371 -29
    endloop
  endfacet
  facet normal 0.743146 -0.669129 0
    outer loop
      vertex 7.695 -8.54617 -27
      vertex 9.30369 -6.75953 -29
      vertex 9.30369 -6.75953 -27
    endloop
  endfacet
  facet normal 0.743146 -0.669129 0
    outer loop
      vertex 9.30369 -6.75953 -29
      vertex 7.695 -8.54617 -27
      vertex 7.695 -8.54617 -29
    endloop
  endfacet
  facet normal -0.406719 -0.913553 0
    outer loop
      vertex -5.75 -9.95929 -29
      vertex -3.55369 -10.9371 -27
      vertex -5.75 -9.95929 -27
    endloop
  endfacet
  facet normal -0.406719 -0.913553 -0
    outer loop
      vertex -3.55369 -10.9371 -27
      vertex -5.75 -9.95929 -29
      vertex -3.55369 -10.9371 -29
    endloop
  endfacet
  facet normal -0.587784 -0.809018 0
    outer loop
      vertex -7.695 -8.54617 -29
      vertex -5.75 -9.95929 -27
      vertex -7.695 -8.54617 -27
    endloop
  endfacet
  facet normal -0.587784 -0.809018 -0
    outer loop
      vertex -5.75 -9.95929 -27
      vertex -7.695 -8.54617 -29
      vertex -5.75 -9.95929 -29
    endloop
  endfacet
  facet normal 0.743146 0.669129 0
    outer loop
      vertex 9.30369 6.75953 -27
      vertex 7.695 8.54617 -29
      vertex 7.695 8.54617 -27
    endloop
  endfacet
  facet normal 0.743146 0.669129 0
    outer loop
      vertex 7.695 8.54617 -29
      vertex 9.30369 6.75953 -27
      vertex 9.30369 6.75953 -29
    endloop
  endfacet
  facet normal -0.994522 0.104528 0
    outer loop
      vertex -11.5 0 -29
      vertex -11.2487 2.39098 -27
      vertex -11.2487 2.39098 -29
    endloop
  endfacet
  facet normal -0.994522 0.104528 0
    outer loop
      vertex -11.2487 2.39098 -27
      vertex -11.5 0 -29
      vertex -11.5 0 -27
    endloop
  endfacet
  facet normal 0 -1 0
    outer loop
      vertex -1.20208 -11.437 -29
      vertex 1.20208 -11.437 -27
      vertex -1.20208 -11.437 -27
    endloop
  endfacet
  facet normal 0 -1 -0
    outer loop
      vertex 1.20208 -11.437 -27
      vertex -1.20208 -11.437 -29
      vertex 1.20208 -11.437 -29
    endloop
  endfacet
  facet normal 0.86602 0.50001 0
    outer loop
      vertex 10.5058 4.67747 -27
      vertex 9.30369 6.75953 -29
      vertex 9.30369 6.75953 -27
    endloop
  endfacet
  facet normal 0.86602 0.50001 0
    outer loop
      vertex 9.30369 6.75953 -29
      vertex 10.5058 4.67747 -27
      vertex 10.5058 4.67747 -29
    endloop
  endfacet
  facet normal -0.207932 -0.978143 0
    outer loop
      vertex -3.55369 -10.9371 -29
      vertex -1.20208 -11.437 -27
      vertex -3.55369 -10.9371 -27
    endloop
  endfacet
  facet normal -0.207932 -0.978143 -0
    outer loop
      vertex -1.20208 -11.437 -27
      vertex -3.55369 -10.9371 -29
      vertex -1.20208 -11.437 -29
    endloop
  endfacet
  facet normal -0.95106 -0.309007 0
    outer loop
      vertex -10.5058 -4.67747 -29
      vertex -11.2487 -2.39098 -27
      vertex -11.2487 -2.39098 -29
    endloop
  endfacet
  facet normal -0.95106 -0.309007 0
    outer loop
      vertex -11.2487 -2.39098 -27
      vertex -10.5058 -4.67747 -29
      vertex -10.5058 -4.67747 -27
    endloop
  endfacet
  facet normal -0.743146 -0.669129 0
    outer loop
      vertex -7.695 -8.54617 -29
      vertex -9.30369 -6.75953 -27
      vertex -9.30369 -6.75953 -29
    endloop
  endfacet
  facet normal -0.743146 -0.669129 0
    outer loop
      vertex -9.30369 -6.75953 -27
      vertex -7.695 -8.54617 -29
      vertex -7.695 -8.54617 -27
    endloop
  endfacet
  facet normal 0.207932 0.978143 -0
    outer loop
      vertex 3.55369 10.9371 -29
      vertex 1.20208 11.437 -27
      vertex 3.55369 10.9371 -27
    endloop
  endfacet
  facet normal 0.207932 0.978143 0
    outer loop
      vertex 1.20208 11.437 -27
      vertex 3.55369 10.9371 -29
      vertex 1.20208 11.437 -29
    endloop
  endfacet
  facet normal -0.994522 -0.104528 0
    outer loop
      vertex -11.2487 -2.39098 -29
      vertex -11.5 0 -27
      vertex -11.5 0 -29
    endloop
  endfacet
  facet normal -0.994522 -0.104528 0
    outer loop
      vertex -11.5 0 -27
      vertex -11.2487 -2.39098 -29
      vertex -11.2487 -2.39098 -27
    endloop
  endfacet
  facet normal -0.86602 0.50001 0
    outer loop
      vertex -10.5058 4.67747 -29
      vertex -9.30369 6.75953 -27
      vertex -9.30369 6.75953 -29
    endloop
  endfacet
  facet normal -0.86602 0.50001 0
    outer loop
      vertex -9.30369 6.75953 -27
      vertex -10.5058 4.67747 -29
      vertex -10.5058 4.67747 -27
    endloop
  endfacet
  facet normal 0.951059 0.309008 0
    outer loop
      vertex 12.2268 2.5989 -29
      vertex 11.4193 5.08421 -31
      vertex 11.4193 5.08421 -29
    endloop
  endfacet
  facet normal 0.951059 0.309008 0
    outer loop
      vertex 11.4193 5.08421 -31
      vertex 12.2268 2.5989 -29
      vertex 12.2268 2.5989 -31
    endloop
  endfacet
  facet normal 0.99452 0.104545 0
    outer loop
      vertex 12.5 0 -29
      vertex 12.2268 2.5989 -31
      vertex 12.2268 2.5989 -29
    endloop
  endfacet
  facet normal 0.99452 0.104545 0
    outer loop
      vertex 12.2268 2.5989 -31
      vertex 12.5 0 -29
      vertex 12.5 0 -31
    endloop
  endfacet
  facet normal 0.866026 0.5 0
    outer loop
      vertex 11.4193 5.08421 -29
      vertex 10.1127 7.34731 -31
      vertex 10.1127 7.34731 -29
    endloop
  endfacet
  facet normal 0.866026 0.5 0
    outer loop
      vertex 10.1127 7.34731 -31
      vertex 11.4193 5.08421 -29
      vertex 11.4193 5.08421 -31
    endloop
  endfacet
  facet normal 0.587781 -0.80902 0
    outer loop
      vertex 6.25 -10.8253 -31
      vertex 8.36413 -9.28931 -29
      vertex 6.25 -10.8253 -29
    endloop
  endfacet
  facet normal 0.587781 -0.80902 0
    outer loop
      vertex 8.36413 -9.28931 -29
      vertex 6.25 -10.8253 -31
      vertex 8.36413 -9.28931 -31
    endloop
  endfacet
  facet normal 0 0 -1
    outer loop
      vertex 12.2268 -2.5989 -31
      vertex 12.2268 2.5989 -31
      vertex 12.5 0 -31
    endloop
  endfacet
  facet normal 0 0 -1
    outer loop
      vertex 11.4193 -5.08421 -31
      vertex 12.2268 2.5989 -31
      vertex 12.2268 -2.5989 -31
    endloop
  endfacet
  facet normal 0 0 -1
    outer loop
      vertex 11.4193 -5.08421 -31
      vertex 11.4193 5.08421 -31
      vertex 12.2268 2.5989 -31
    endloop
  endfacet
  facet normal 0 0 -1
    outer loop
      vertex 10.1127 -7.34731 -31
      vertex 11.4193 5.08421 -31
      vertex 11.4193 -5.08421 -31
    endloop
  endfacet
  facet normal 0 0 -1
    outer loop
      vertex 10.1127 -7.34731 -31
      vertex 10.1127 7.34731 -31
      vertex 11.4193 5.08421 -31
    endloop
  endfacet
  facet normal 0 0 -1
    outer loop
      vertex 8.36413 -9.28931 -31
      vertex 10.1127 7.34731 -31
      vertex 10.1127 -7.34731 -31
    endloop
  endfacet
  facet normal 0 0 -1
    outer loop
      vertex 8.36413 -9.28931 -31
      vertex 8.36413 9.28931 -31
      vertex 10.1127 7.34731 -31
    endloop
  endfacet
  facet normal 0 0 -1
    outer loop
      vertex 6.25 -10.8253 -31
      vertex 8.36413 9.28931 -31
      vertex 8.36413 -9.28931 -31
    endloop
  endfacet
  facet normal 0 0 -1
    outer loop
      vertex 6.25 -10.8253 -31
      vertex 6.25 10.8253 -31
      vertex 8.36413 9.28931 -31
    endloop
  endfacet
  facet normal 0 0 -1
    outer loop
      vertex 3.86271 -11.8882 -31
      vertex 6.25 10.8253 -31
      vertex 6.25 -10.8253 -31
    endloop
  endfacet
  facet normal 0 0 -1
    outer loop
      vertex 3.86271 -11.8882 -31
      vertex 3.86271 11.8882 -31
      vertex 6.25 10.8253 -31
    endloop
  endfacet
  facet normal 0 0 -1
    outer loop
      vertex 1.30661 -12.4315 -31
      vertex 3.86271 11.8882 -31
      vertex 3.86271 -11.8882 -31
    endloop
  endfacet
  facet normal 0 0 -1
    outer loop
      vertex 1.30661 -12.4315 -31
      vertex 1.30661 12.4315 -31
      vertex 3.86271 11.8882 -31
    endloop
  endfacet
  facet normal 0 0 -1
    outer loop
      vertex -1.30661 -12.4315 -31
      vertex 1.30661 12.4315 -31
      vertex 1.30661 -12.4315 -31
    endloop
  endfacet
  facet normal 0 0 -1
    outer loop
      vertex -1.30661 -12.4315 -31
      vertex -1.30661 12.4315 -31
      vertex 1.30661 12.4315 -31
    endloop
  endfacet
  facet normal 0 0 -1
    outer loop
      vertex -3.86271 -11.8882 -31
      vertex -1.30661 12.4315 -31
      vertex -1.30661 -12.4315 -31
    endloop
  endfacet
  facet normal 0 0 -1
    outer loop
      vertex -3.86271 -11.8882 -31
      vertex -3.86271 11.8882 -31
      vertex -1.30661 12.4315 -31
    endloop
  endfacet
  facet normal 0 0 -1
    outer loop
      vertex -6.25 -10.8253 -31
      vertex -3.86271 11.8882 -31
      vertex -3.86271 -11.8882 -31
    endloop
  endfacet
  facet normal 0 0 -1
    outer loop
      vertex -6.25 -10.8253 -31
      vertex -6.25 10.8253 -31
      vertex -3.86271 11.8882 -31
    endloop
  endfacet
  facet normal 0 0 -1
    outer loop
      vertex -8.36413 -9.28931 -31
      vertex -6.25 10.8253 -31
      vertex -6.25 -10.8253 -31
    endloop
  endfacet
  facet normal 0 0 -1
    outer loop
      vertex -8.36413 -9.28931 -31
      vertex -8.36413 9.28931 -31
      vertex -6.25 10.8253 -31
    endloop
  endfacet
  facet normal 0 0 -1
    outer loop
      vertex -10.1127 -7.34731 -31
      vertex -8.36413 9.28931 -31
      vertex -8.36413 -9.28931 -31
    endloop
  endfacet
  facet normal 0 0 -1
    outer loop
      vertex -10.1127 -7.34731 -31
      vertex -10.1127 7.34731 -31
      vertex -8.36413 9.28931 -31
    endloop
  endfacet
  facet normal 0 0 -1
    outer loop
      vertex -11.4193 -5.08421 -31
      vertex -10.1127 7.34731 -31
      vertex -10.1127 -7.34731 -31
    endloop
  endfacet
  facet normal 0 0 -1
    outer loop
      vertex -11.4193 -5.08421 -31
      vertex -11.4193 5.08421 -31
      vertex -10.1127 7.34731 -31
    endloop
  endfacet
  facet normal 0 0 -1
    outer loop
      vertex -12.2268 -2.5989 -31
      vertex -11.4193 5.08421 -31
      vertex -11.4193 -5.08421 -31
    endloop
  endfacet
  facet normal 0 0 -1
    outer loop
      vertex -12.2268 -2.5989 -31
      vertex -12.2268 2.5989 -31
      vertex -11.4193 5.08421 -31
    endloop
  endfacet
  facet normal 0 -0 -1
    outer loop
      vertex -12.2268 2.5989 -31
      vertex -12.2268 -2.5989 -31
      vertex -12.5 0 -31
    endloop
  endfacet
  facet normal -0.743148 0.669128 0
    outer loop
      vertex -10.1127 7.34731 -31
      vertex -8.36413 9.28931 -29
      vertex -8.36413 9.28931 -31
    endloop
  endfacet
  facet normal -0.743148 0.669128 0
    outer loop
      vertex -8.36413 9.28931 -29
      vertex -10.1127 7.34731 -31
      vertex -10.1127 7.34731 -29
    endloop
  endfacet
  facet normal 0.40674 0.913544 -0
    outer loop
      vertex 6.25 10.8253 -31
      vertex 3.86271 11.8882 -29
      vertex 6.25 10.8253 -29
    endloop
  endfacet
  facet normal 0.40674 0.913544 0
    outer loop
      vertex 3.86271 11.8882 -29
      vertex 6.25 10.8253 -31
      vertex 3.86271 11.8882 -31
    endloop
  endfacet
  facet normal -0.743148 -0.669128 0
    outer loop
      vertex -8.36413 -9.28931 -31
      vertex -10.1127 -7.34731 -29
      vertex -10.1127 -7.34731 -31
    endloop
  endfacet
  facet normal -0.743148 -0.669128 0
    outer loop
      vertex -10.1127 -7.34731 -29
      vertex -8.36413 -9.28931 -31
      vertex -8.36413 -9.28931 -29
    endloop
  endfacet
  facet normal 0 -1 0
    outer loop
      vertex -1.30661 -12.4315 -31
      vertex 1.30661 -12.4315 -29
      vertex -1.30661 -12.4315 -29
    endloop
  endfacet
  facet normal 0 -1 -0
    outer loop
      vertex 1.30661 -12.4315 -29
      vertex -1.30661 -12.4315 -31
      vertex 1.30661 -12.4315 -31
    endloop
  endfacet
  facet normal 0.99452 -0.104545 0
    outer loop
      vertex 12.2268 -2.5989 -29
      vertex 12.5 0 -31
      vertex 12.5 0 -29
    endloop
  endfacet
  facet normal 0.99452 -0.104545 0
    outer loop
      vertex 12.5 0 -31
      vertex 12.2268 -2.5989 -29
      vertex 12.2268 -2.5989 -31
    endloop
  endfacet
  facet normal -0.40674 0.913544 0
    outer loop
      vertex -3.86271 11.8882 -31
      vertex -6.25 10.8253 -29
      vertex -3.86271 11.8882 -29
    endloop
  endfacet
  facet normal -0.40674 0.913544 0
    outer loop
      vertex -6.25 10.8253 -29
      vertex -3.86271 11.8882 -31
      vertex -6.25 10.8253 -31
    endloop
  endfacet
  facet normal 0.743148 0.669128 0
    outer loop
      vertex 10.1127 7.34731 -29
      vertex 8.36413 9.28931 -31
      vertex 8.36413 9.28931 -29
    endloop
  endfacet
  facet normal 0.743148 0.669128 0
    outer loop
      vertex 8.36413 9.28931 -31
      vertex 10.1127 7.34731 -29
      vertex 10.1127 7.34731 -31
    endloop
  endfacet
  facet normal -0.99452 -0.104545 0
    outer loop
      vertex -12.2268 -2.5989 -31
      vertex -12.5 0 -29
      vertex -12.5 0 -31
    endloop
  endfacet
  facet normal -0.99452 -0.104545 0
    outer loop
      vertex -12.5 0 -29
      vertex -12.2268 -2.5989 -31
      vertex -12.2268 -2.5989 -29
    endloop
  endfacet
  facet normal -0.40674 -0.913544 0
    outer loop
      vertex -6.25 -10.8253 -31
      vertex -3.86271 -11.8882 -29
      vertex -6.25 -10.8253 -29
    endloop
  endfacet
  facet normal -0.40674 -0.913544 -0
    outer loop
      vertex -3.86271 -11.8882 -29
      vertex -6.25 -10.8253 -31
      vertex -3.86271 -11.8882 -31
    endloop
  endfacet
  facet normal 0.866026 -0.5 0
    outer loop
      vertex 10.1127 -7.34731 -29
      vertex 11.4193 -5.08421 -31
      vertex 11.4193 -5.08421 -29
    endloop
  endfacet
  facet normal 0.866026 -0.5 0
    outer loop
      vertex 11.4193 -5.08421 -31
      vertex 10.1127 -7.34731 -29
      vertex 10.1127 -7.34731 -31
    endloop
  endfacet
  facet normal 0.951059 -0.309008 0
    outer loop
      vertex 11.4193 -5.08421 -29
      vertex 12.2268 -2.5989 -31
      vertex 12.2268 -2.5989 -29
    endloop
  endfacet
  facet normal 0.951059 -0.309008 0
    outer loop
      vertex 12.2268 -2.5989 -31
      vertex 11.4193 -5.08421 -29
      vertex 11.4193 -5.08421 -31
    endloop
  endfacet
  facet normal -0.951059 -0.309008 0
    outer loop
      vertex -11.4193 -5.08421 -31
      vertex -12.2268 -2.5989 -29
      vertex -12.2268 -2.5989 -31
    endloop
  endfacet
  facet normal -0.951059 -0.309008 0
    outer loop
      vertex -12.2268 -2.5989 -29
      vertex -11.4193 -5.08421 -31
      vertex -11.4193 -5.08421 -29
    endloop
  endfacet
  facet normal 0.207906 -0.978149 0
    outer loop
      vertex 1.30661 -12.4315 -31
      vertex 3.86271 -11.8882 -29
      vertex 1.30661 -12.4315 -29
    endloop
  endfacet
  facet normal 0.207906 -0.978149 0
    outer loop
      vertex 3.86271 -11.8882 -29
      vertex 1.30661 -12.4315 -31
      vertex 3.86271 -11.8882 -31
    endloop
  endfacet
  facet normal -0.951059 0.309008 0
    outer loop
      vertex -12.2268 2.5989 -31
      vertex -11.4193 5.08421 -29
      vertex -11.4193 5.08421 -31
    endloop
  endfacet
  facet normal -0.951059 0.309008 0
    outer loop
      vertex -11.4193 5.08421 -29
      vertex -12.2268 2.5989 -31
      vertex -12.2268 2.5989 -29
    endloop
  endfacet
  facet normal 0 1 -0
    outer loop
      vertex 1.30661 12.4315 -31
      vertex -1.30661 12.4315 -29
      vertex 1.30661 12.4315 -29
    endloop
  endfacet
  facet normal 0 1 0
    outer loop
      vertex -1.30661 12.4315 -29
      vertex 1.30661 12.4315 -31
      vertex -1.30661 12.4315 -31
    endloop
  endfacet
  facet normal 0.743148 -0.669128 0
    outer loop
      vertex 8.36413 -9.28931 -29
      vertex 10.1127 -7.34731 -31
      vertex 10.1127 -7.34731 -29
    endloop
  endfacet
  facet normal 0.743148 -0.669128 0
    outer loop
      vertex 10.1127 -7.34731 -31
      vertex 8.36413 -9.28931 -29
      vertex 8.36413 -9.28931 -31
    endloop
  endfacet
  facet normal -0.207906 -0.978149 0
    outer loop
      vertex -3.86271 -11.8882 -31
      vertex -1.30661 -12.4315 -29
      vertex -3.86271 -11.8882 -29
    endloop
  endfacet
  facet normal -0.207906 -0.978149 -0
    outer loop
      vertex -1.30661 -12.4315 -29
      vertex -3.86271 -11.8882 -31
      vertex -1.30661 -12.4315 -31
    endloop
  endfacet
  facet normal -0.866026 0.5 0
    outer loop
      vertex -11.4193 5.08421 -31
      vertex -10.1127 7.34731 -29
      vertex -10.1127 7.34731 -31
    endloop
  endfacet
  facet normal -0.866026 0.5 0
    outer loop
      vertex -10.1127 7.34731 -29
      vertex -11.4193 5.08421 -31
      vertex -11.4193 5.08421 -29
    endloop
  endfacet
  facet normal -0.99452 0.104545 0
    outer loop
      vertex -12.5 0 -31
      vertex -12.2268 2.5989 -29
      vertex -12.2268 2.5989 -31
    endloop
  endfacet
  facet normal -0.99452 0.104545 0
    outer loop
      vertex -12.2268 2.5989 -29
      vertex -12.5 0 -31
      vertex -12.5 0 -29
    endloop
  endfacet
  facet normal -0.866026 -0.5 0
    outer loop
      vertex -10.1127 -7.34731 -31
      vertex -11.4193 -5.08421 -29
      vertex -11.4193 -5.08421 -31
    endloop
  endfacet
  facet normal -0.866026 -0.5 0
    outer loop
      vertex -11.4193 -5.08421 -29
      vertex -10.1127 -7.34731 -31
      vertex -10.1127 -7.34731 -29
    endloop
  endfacet
  facet normal 0.207906 0.978149 -0
    outer loop
      vertex 3.86271 11.8882 -31
      vertex 1.30661 12.4315 -29
      vertex 3.86271 11.8882 -29
    endloop
  endfacet
  facet normal 0.207906 0.978149 0
    outer loop
      vertex 1.30661 12.4315 -29
      vertex 3.86271 11.8882 -31
      vertex 1.30661 12.4315 -31
    endloop
  endfacet
  facet normal 0.40674 -0.913544 0
    outer loop
      vertex 3.86271 -11.8882 -31
      vertex 6.25 -10.8253 -29
      vertex 3.86271 -11.8882 -29
    endloop
  endfacet
  facet normal 0.40674 -0.913544 0
    outer loop
      vertex 6.25 -10.8253 -29
      vertex 3.86271 -11.8882 -31
      vertex 6.25 -10.8253 -31
    endloop
  endfacet
  facet normal 0.587781 0.80902 -0
    outer loop
      vertex 8.36413 9.28931 -31
      vertex 6.25 10.8253 -29
      vertex 8.36413 9.28931 -29
    endloop
  endfacet
  facet normal 0.587781 0.80902 0
    outer loop
      vertex 6.25 10.8253 -29
      vertex 8.36413 9.28931 -31
      vertex 6.25 10.8253 -31
    endloop
  endfacet
  facet normal -0.587781 -0.80902 0
    outer loop
      vertex -8.36413 -9.28931 -31
      vertex -6.25 -10.8253 -29
      vertex -8.36413 -9.28931 -29
    endloop
  endfacet
  facet normal -0.587781 -0.80902 -0
    outer loop
      vertex -6.25 -10.8253 -29
      vertex -8.36413 -9.28931 -31
      vertex -6.25 -10.8253 -31
    endloop
  endfacet
  facet normal -0.587781 0.80902 0
    outer loop
      vertex -6.25 10.8253 -31
      vertex -8.36413 9.28931 -29
      vertex -6.25 10.8253 -29
    endloop
  endfacet
  facet normal -0.587781 0.80902 0
    outer loop
      vertex -8.36413 9.28931 -29
      vertex -6.25 10.8253 -31
      vertex -8.36413 9.28931 -31
    endloop
  endfacet
  facet normal -0.207906 0.978149 0
    outer loop
      vertex -1.30661 12.4315 -31
      vertex -3.86271 11.8882 -29
      vertex -1.30661 12.4315 -29
    endloop
  endfacet
  facet normal -0.207906 0.978149 0
    outer loop
      vertex -3.86271 11.8882 -29
      vertex -1.30661 12.4315 -31
      vertex -3.86271 11.8882 -31
    endloop
  endfacet
  facet normal 0.951059 0.309008 0
    outer loop
      vertex 12.2268 2.5989 29
      vertex 11.4193 5.08421 27
      vertex 11.4193 5.08421 29
    endloop
  endfacet
  facet normal 0.951059 0.309008 0
    outer loop
      vertex 11.4193 5.08421 27
      vertex 12.2268 2.5989 29
      vertex 12.2268 2.5989 27
    endloop
  endfacet
  facet normal 0.99452 0.104545 0
    outer loop
      vertex 12.5 0 29
      vertex 12.2268 2.5989 27
      vertex 12.2268 2.5989 29
    endloop
  endfacet
  facet normal 0.99452 0.104545 0
    outer loop
      vertex 12.2268 2.5989 27
      vertex 12.5 0 29
      vertex 12.5 0 27
    endloop
  endfacet
  facet normal 0.866026 0.5 0
    outer loop
      vertex 11.4193 5.08421 29
      vertex 10.1127 7.34731 27
      vertex 10.1127 7.34731 29
    endloop
  endfacet
  facet normal 0.866026 0.5 0
    outer loop
      vertex 10.1127 7.34731 27
      vertex 11.4193 5.08421 29
      vertex 11.4193 5.08421 27
    endloop
  endfacet
  facet normal 0.587781 -0.80902 0
    outer loop
      vertex 6.25 -10.8253 27
      vertex 8.36413 -9.28931 29
      vertex 6.25 -10.8253 29
    endloop
  endfacet
  facet normal 0.587781 -0.80902 0
    outer loop
      vertex 8.36413 -9.28931 29
      vertex 6.25 -10.8253 27
      vertex 8.36413 -9.28931 27
    endloop
  endfacet
  facet normal 0 0 -1
    outer loop
      vertex 12.2268 -2.5989 27
      vertex 12.2268 2.5989 27
      vertex 12.5 0 27
    endloop
  endfacet
  facet normal 0 0 -1
    outer loop
      vertex 11.4193 -5.08421 27
      vertex 12.2268 2.5989 27
      vertex 12.2268 -2.5989 27
    endloop
  endfacet
  facet normal 0 0 -1
    outer loop
      vertex 11.4193 -5.08421 27
      vertex 11.4193 5.08421 27
      vertex 12.2268 2.5989 27
    endloop
  endfacet
  facet normal 0 0 -1
    outer loop
      vertex 10.1127 -7.34731 27
      vertex 11.4193 5.08421 27
      vertex 11.4193 -5.08421 27
    endloop
  endfacet
  facet normal 0 0 -1
    outer loop
      vertex 10.1127 -7.34731 27
      vertex 10.1127 7.34731 27
      vertex 11.4193 5.08421 27
    endloop
  endfacet
  facet normal 0 0 -1
    outer loop
      vertex 8.36413 -9.28931 27
      vertex 10.1127 7.34731 27
      vertex 10.1127 -7.34731 27
    endloop
  endfacet
  facet normal 0 0 -1
    outer loop
      vertex 8.36413 -9.28931 27
      vertex 8.36413 9.28931 27
      vertex 10.1127 7.34731 27
    endloop
  endfacet
  facet normal 0 0 -1
    outer loop
      vertex 6.25 -10.8253 27
      vertex 8.36413 9.28931 27
      vertex 8.36413 -9.28931 27
    endloop
  endfacet
  facet normal 0 0 -1
    outer loop
      vertex 6.25 -10.8253 27
      vertex 6.25 10.8253 27
      vertex 8.36413 9.28931 27
    endloop
  endfacet
  facet normal 0 0 -1
    outer loop
      vertex 3.86271 -11.8882 27
      vertex 6.25 10.8253 27
      vertex 6.25 -10.8253 27
    endloop
  endfacet
  facet normal 0 0 -1
    outer loop
      vertex 3.86271 -11.8882 27
      vertex 3.86271 11.8882 27
      vertex 6.25 10.8253 27
    endloop
  endfacet
  facet normal 0 0 -1
    outer loop
      vertex 1.30661 -12.4315 27
      vertex 3.86271 11.8882 27
      vertex 3.86271 -11.8882 27
    endloop
  endfacet
  facet normal 0 0 -1
    outer loop
      vertex 1.30661 -12.4315 27
      vertex 1.30661 12.4315 27
      vertex 3.86271 11.8882 27
    endloop
  endfacet
  facet normal 0 0 -1
    outer loop
      vertex -1.30661 -12.4315 27
      vertex 1.30661 12.4315 27
      vertex 1.30661 -12.4315 27
    endloop
  endfacet
  facet normal 0 0 -1
    outer loop
      vertex -1.30661 -12.4315 27
      vertex -1.30661 12.4315 27
      vertex 1.30661 12.4315 27
    endloop
  endfacet
  facet normal 0 0 -1
    outer loop
      vertex -3.86271 -11.8882 27
      vertex -1.30661 12.4315 27
      vertex -1.30661 -12.4315 27
    endloop
  endfacet
  facet normal 0 0 -1
    outer loop
      vertex -3.86271 -11.8882 27
      vertex -3.86271 11.8882 27
      vertex -1.30661 12.4315 27
    endloop
  endfacet
  facet normal 0 0 -1
    outer loop
      vertex -6.25 -10.8253 27
      vertex -3.86271 11.8882 27
      vertex -3.86271 -11.8882 27
    endloop
  endfacet
  facet normal 0 0 -1
    outer loop
      vertex -6.25 -10.8253 27
      vertex -6.25 10.8253 27
      vertex -3.86271 11.8882 27
    endloop
  endfacet
  facet normal 0 0 -1
    outer loop
      vertex -8.36413 -9.28931 27
      vertex -6.25 10.8253 27
      vertex -6.25 -10.8253 27
    endloop
  endfacet
  facet normal 0 0 -1
    outer loop
      vertex -8.36413 -9.28931 27
      vertex -8.36413 9.28931 27
      vertex -6.25 10.8253 27
    endloop
  endfacet
  facet normal 0 0 -1
    outer loop
      vertex -10.1127 -7.34731 27
      vertex -8.36413 9.28931 27
      vertex -8.36413 -9.28931 27
    endloop
  endfacet
  facet normal 0 0 -1
    outer loop
      vertex -10.1127 -7.34731 27
      vertex -10.1127 7.34731 27
      vertex -8.36413 9.28931 27
    endloop
  endfacet
  facet normal 0 0 -1
    outer loop
      vertex -11.4193 -5.08421 27
      vertex -10.1127 7.34731 27
      vertex -10.1127 -7.34731 27
    endloop
  endfacet
  facet normal 0 0 -1
    outer loop
      vertex -11.4193 -5.08421 27
      vertex -11.4193 5.08421 27
      vertex -10.1127 7.34731 27
    endloop
  endfacet
  facet normal 0 0 -1
    outer loop
      vertex -12.2268 -2.5989 27
      vertex -11.4193 5.08421 27
      vertex -11.4193 -5.08421 27
    endloop
  endfacet
  facet normal 0 0 -1
    outer loop
      vertex -12.2268 -2.5989 27
      vertex -12.2268 2.5989 27
      vertex -11.4193 5.08421 27
    endloop
  endfacet
  facet normal 0 -0 -1
    outer loop
      vertex -12.2268 2.5989 27
      vertex -12.2268 -2.5989 27
      vertex -12.5 0 27
    endloop
  endfacet
  facet normal -0.743148 0.669128 0
    outer loop
      vertex -10.1127 7.34731 27
      vertex -8.36413 9.28931 29
      vertex -8.36413 9.28931 27
    endloop
  endfacet
  facet normal -0.743148 0.669128 0
    outer loop
      vertex -8.36413 9.28931 29
      vertex -10.1127 7.34731 27
      vertex -10.1127 7.34731 29
    endloop
  endfacet
  facet normal 0.40674 0.913544 -0
    outer loop
      vertex 6.25 10.8253 27
      vertex 3.86271 11.8882 29
      vertex 6.25 10.8253 29
    endloop
  endfacet
  facet normal 0.40674 0.913544 0
    outer loop
      vertex 3.86271 11.8882 29
      vertex 6.25 10.8253 27
      vertex 3.86271 11.8882 27
    endloop
  endfacet
  facet normal -0.743148 -0.669128 0
    outer loop
      vertex -8.36413 -9.28931 27
      vertex -10.1127 -7.34731 29
      vertex -10.1127 -7.34731 27
    endloop
  endfacet
  facet normal -0.743148 -0.669128 0
    outer loop
      vertex -10.1127 -7.34731 29
      vertex -8.36413 -9.28931 27
      vertex -8.36413 -9.28931 29
    endloop
  endfacet
  facet normal 0 -1 0
    outer loop
      vertex -1.30661 -12.4315 27
      vertex 1.30661 -12.4315 29
      vertex -1.30661 -12.4315 29
    endloop
  endfacet
  facet normal 0 -1 -0
    outer loop
      vertex 1.30661 -12.4315 29
      vertex -1.30661 -12.4315 27
      vertex 1.30661 -12.4315 27
    endloop
  endfacet
  facet normal 0.99452 -0.104545 0
    outer loop
      vertex 12.2268 -2.5989 29
      vertex 12.5 0 27
      vertex 12.5 0 29
    endloop
  endfacet
  facet normal 0.99452 -0.104545 0
    outer loop
      vertex 12.5 0 27
      vertex 12.2268 -2.5989 29
      vertex 12.2268 -2.5989 27
    endloop
  endfacet
  facet normal -0.40674 0.913544 0
    outer loop
      vertex -3.86271 11.8882 27
      vertex -6.25 10.8253 29
      vertex -3.86271 11.8882 29
    endloop
  endfacet
  facet normal -0.40674 0.913544 0
    outer loop
      vertex -6.25 10.8253 29
      vertex -3.86271 11.8882 27
      vertex -6.25 10.8253 27
    endloop
  endfacet
  facet normal 0.743148 0.669128 0
    outer loop
      vertex 10.1127 7.34731 29
      vertex 8.36413 9.28931 27
      vertex 8.36413 9.28931 29
    endloop
  endfacet
  facet normal 0.743148 0.669128 0
    outer loop
      vertex 8.36413 9.28931 27
      vertex 10.1127 7.34731 29
      vertex 10.1127 7.34731 27
    endloop
  endfacet
  facet normal -0.99452 -0.104545 0
    outer loop
      vertex -12.2268 -2.5989 27
      vertex -12.5 0 29
      vertex -12.5 0 27
    endloop
  endfacet
  facet normal -0.99452 -0.104545 0
    outer loop
      vertex -12.5 0 29
      vertex -12.2268 -2.5989 27
      vertex -12.2268 -2.5989 29
    endloop
  endfacet
  facet normal 0 0 1
    outer loop
      vertex 4.6194 1.91342 29
      vertex 4.6194 -1.91342 29
      vertex 5 0 29
    endloop
  endfacet
  facet normal 0 0 1
    outer loop
      vertex 3.53553 3.53553 29
      vertex 4.6194 -1.91342 29
      vertex 4.6194 1.91342 29
    endloop
  endfacet
  facet normal 0 0 1
    outer loop
      vertex 3.53553 3.53553 29
      vertex 3.53553 -3.53553 29
      vertex 4.6194 -1.91342 29
    endloop
  endfacet
  facet normal 0 0 1
    outer loop
      vertex 1.91342 4.6194 29
      vertex 3.53553 -3.53553 29
      vertex 3.53553 3.53553 29
    endloop
  endfacet
  facet normal 0 0 1
    outer loop
      vertex 1.91342 4.6194 29
      vertex 1.91342 -4.6194 29
      vertex 3.53553 -3.53553 29
    endloop
  endfacet
  facet normal 0 0 1
    outer loop
      vertex 0 5 29
      vertex 1.91342 -4.6194 29
      vertex 1.91342 4.6194 29
    endloop
  endfacet
  facet normal 0 0 1
    outer loop
      vertex 0 5 29
      vertex 0 -5 29
      vertex 1.91342 -4.6194 29
    endloop
  endfacet
  facet normal -0 0 1
    outer loop
      vertex -1.91342 4.6194 29
      vertex 0 -5 29
      vertex 0 5 29
    endloop
  endfacet
  facet normal 0 0 1
    outer loop
      vertex -1.91342 4.6194 29
      vertex -1.91342 -4.6194 29
      vertex 0 -5 29
    endloop
  endfacet
  facet normal -0 0 1
    outer loop
      vertex -3.53553 3.53553 29
      vertex -1.91342 -4.6194 29
      vertex -1.91342 4.6194 29
    endloop
  endfacet
  facet normal 0 0 1
    outer loop
      vertex -3.53553 3.53553 29
      vertex -3.53553 -3.53553 29
      vertex -1.91342 -4.6194 29
    endloop
  endfacet
  facet normal -0 0 1
    outer loop
      vertex -4.6194 1.91342 29
      vertex -3.53553 -3.53553 29
      vertex -3.53553 3.53553 29
    endloop
  endfacet
  facet normal 0 0 1
    outer loop
      vertex -4.6194 1.91342 29
      vertex -4.6194 -1.91342 29
      vertex -3.53553 -3.53553 29
    endloop
  endfacet
  facet normal 0 -0 1
    outer loop
      vertex -4.6194 -1.91342 29
      vertex -4.6194 1.91342 29
      vertex -5 0 29
    endloop
  endfacet
  facet normal 0 0 1
    outer loop
      vertex 11.5 0 29
      vertex 12.5 0 29
      vertex 12.2268 2.5989 29
    endloop
  endfacet
  facet normal 0 0 1
    outer loop
      vertex 12.5 0 29
      vertex 11.5 0 29
      vertex 12.2268 -2.5989 29
    endloop
  endfacet
  facet normal 0 0 1
    outer loop
      vertex 11.2487 2.39098 29
      vertex 12.2268 2.5989 29
      vertex 11.4193 5.08421 29
    endloop
  endfacet
  facet normal 0 0 1
    outer loop
      vertex 12.2268 2.5989 29
      vertex 11.2487 2.39098 29
      vertex 11.5 0 29
    endloop
  endfacet
  facet normal 0 0 1
    outer loop
      vertex 11.4193 5.08421 29
      vertex 10.5058 4.67747 29
      vertex 11.2487 2.39098 29
    endloop
  endfacet
  facet normal 0 0 1
    outer loop
      vertex 10.1127 7.34731 29
      vertex 10.5058 4.67747 29
      vertex 11.4193 5.08421 29
    endloop
  endfacet
  facet normal 0 0 1
    outer loop
      vertex 10.1127 7.34731 29
      vertex 9.30369 6.75953 29
      vertex 10.5058 4.67747 29
    endloop
  endfacet
  facet normal 0 0 1
    outer loop
      vertex 8.36413 9.28931 29
      vertex 9.30369 6.75953 29
      vertex 10.1127 7.34731 29
    endloop
  endfacet
  facet normal 0 0 1
    outer loop
      vertex 8.36413 9.28931 29
      vertex 7.695 8.54617 29
      vertex 9.30369 6.75953 29
    endloop
  endfacet
  facet normal 0 0 1
    outer loop
      vertex 6.25 10.8253 29
      vertex 7.695 8.54617 29
      vertex 8.36413 9.28931 29
    endloop
  endfacet
  facet normal 0 0 1
    outer loop
      vertex 6.25 10.8253 29
      vertex 5.75 9.95929 29
      vertex 7.695 8.54617 29
    endloop
  endfacet
  facet normal 0 0 1
    outer loop
      vertex 3.86271 11.8882 29
      vertex 5.75 9.95929 29
      vertex 6.25 10.8253 29
    endloop
  endfacet
  facet normal 0 0 1
    outer loop
      vertex 3.86271 11.8882 29
      vertex 3.55369 10.9371 29
      vertex 5.75 9.95929 29
    endloop
  endfacet
  facet normal 0 0 1
    outer loop
      vertex 1.30661 12.4315 29
      vertex 3.55369 10.9371 29
      vertex 3.86271 11.8882 29
    endloop
  endfacet
  facet normal 0 0 1
    outer loop
      vertex 1.30661 12.4315 29
      vertex 1.20208 11.437 29
      vertex 3.55369 10.9371 29
    endloop
  endfacet
  facet normal 0 0 1
    outer loop
      vertex 1.30661 12.4315 29
      vertex -1.20208 11.437 29
      vertex 1.20208 11.437 29
    endloop
  endfacet
  facet normal -0 0 1
    outer loop
      vertex -1.30661 12.4315 29
      vertex -1.20208 11.437 29
      vertex 1.30661 12.4315 29
    endloop
  endfacet
  facet normal 0 0 1
    outer loop
      vertex -1.30661 12.4315 29
      vertex -3.55369 10.9371 29
      vertex -1.20208 11.437 29
    endloop
  endfacet
  facet normal -0 0 1
    outer loop
      vertex -3.86271 11.8882 29
      vertex -3.55369 10.9371 29
      vertex -1.30661 12.4315 29
    endloop
  endfacet
  facet normal 0 0 1
    outer loop
      vertex -3.86271 11.8882 29
      vertex -5.75 9.95929 29
      vertex -3.55369 10.9371 29
    endloop
  endfacet
  facet normal -0 0 1
    outer loop
      vertex -6.25 10.8253 29
      vertex -5.75 9.95929 29
      vertex -3.86271 11.8882 29
    endloop
  endfacet
  facet normal 0 0 1
    outer loop
      vertex -6.25 10.8253 29
      vertex -7.695 8.54617 29
      vertex -5.75 9.95929 29
    endloop
  endfacet
  facet normal -0 0 1
    outer loop
      vertex -8.36413 9.28931 29
      vertex -7.695 8.54617 29
      vertex -6.25 10.8253 29
    endloop
  endfacet
  facet normal 0 0 1
    outer loop
      vertex -8.36413 9.28931 29
      vertex -9.30369 6.75953 29
      vertex -7.695 8.54617 29
    endloop
  endfacet
  facet normal -0 0 1
    outer loop
      vertex -10.1127 7.34731 29
      vertex -9.30369 6.75953 29
      vertex -8.36413 9.28931 29
    endloop
  endfacet
  facet normal 0 0 1
    outer loop
      vertex -10.1127 7.34731 29
      vertex -10.5058 4.67747 29
      vertex -9.30369 6.75953 29
    endloop
  endfacet
  facet normal -0 0 1
    outer loop
      vertex -11.4193 5.08421 29
      vertex -10.5058 4.67747 29
      vertex -10.1127 7.34731 29
    endloop
  endfacet
  facet normal 0 0 1
    outer loop
      vertex -10.5058 4.67747 29
      vertex -11.4193 5.08421 29
      vertex -11.2487 2.39098 29
    endloop
  endfacet
  facet normal -0 0 1
    outer loop
      vertex -12.2268 2.5989 29
      vertex -11.2487 2.39098 29
      vertex -11.4193 5.08421 29
    endloop
  endfacet
  facet normal 0 0 1
    outer loop
      vertex -11.2487 2.39098 29
      vertex -12.2268 2.5989 29
      vertex -11.5 0 29
    endloop
  endfacet
  facet normal -0 0 1
    outer loop
      vertex 11.2487 -2.39098 29
      vertex 12.2268 -2.5989 29
      vertex 11.5 0 29
    endloop
  endfacet
  facet normal 0 0 1
    outer loop
      vertex 12.2268 -2.5989 29
      vertex 11.2487 -2.39098 29
      vertex 11.4193 -5.08421 29
    endloop
  endfacet
  facet normal -0 0 1
    outer loop
      vertex 10.5058 -4.67747 29
      vertex 11.4193 -5.08421 29
      vertex 11.2487 -2.39098 29
    endloop
  endfacet
  facet normal 0 0 1
    outer loop
      vertex 10.5058 -4.67747 29
      vertex 10.1127 -7.34731 29
      vertex 11.4193 -5.08421 29
    endloop
  endfacet
  facet normal -0 0 1
    outer loop
      vertex 9.30369 -6.75953 29
      vertex 10.1127 -7.34731 29
      vertex 10.5058 -4.67747 29
    endloop
  endfacet
  facet normal 0 0 1
    outer loop
      vertex 9.30369 -6.75953 29
      vertex 8.36413 -9.28931 29
      vertex 10.1127 -7.34731 29
    endloop
  endfacet
  facet normal -0 0 1
    outer loop
      vertex 7.695 -8.54617 29
      vertex 8.36413 -9.28931 29
      vertex 9.30369 -6.75953 29
    endloop
  endfacet
  facet normal 0 0 1
    outer loop
      vertex 7.695 -8.54617 29
      vertex 6.25 -10.8253 29
      vertex 8.36413 -9.28931 29
    endloop
  endfacet
  facet normal -0 0 1
    outer loop
      vertex 5.75 -9.95929 29
      vertex 6.25 -10.8253 29
      vertex 7.695 -8.54617 29
    endloop
  endfacet
  facet normal 0 0 1
    outer loop
      vertex 5.75 -9.95929 29
      vertex 3.86271 -11.8882 29
      vertex 6.25 -10.8253 29
    endloop
  endfacet
  facet normal -0 0 1
    outer loop
      vertex 3.55369 -10.9371 29
      vertex 3.86271 -11.8882 29
      vertex 5.75 -9.95929 29
    endloop
  endfacet
  facet normal 0 0 1
    outer loop
      vertex 3.55369 -10.9371 29
      vertex 1.30661 -12.4315 29
      vertex 3.86271 -11.8882 29
    endloop
  endfacet
  facet normal -0 0 1
    outer loop
      vertex 1.20208 -11.437 29
      vertex 1.30661 -12.4315 29
      vertex 3.55369 -10.9371 29
    endloop
  endfacet
  facet normal -0 0 1
    outer loop
      vertex -1.20208 -11.437 29
      vertex 1.30661 -12.4315 29
      vertex 1.20208 -11.437 29
    endloop
  endfacet
  facet normal 0 0 1
    outer loop
      vertex -1.20208 -11.437 29
      vertex -1.30661 -12.4315 29
      vertex 1.30661 -12.4315 29
    endloop
  endfacet
  facet normal 0 0 1
    outer loop
      vertex -3.55369 -10.9371 29
      vertex -1.30661 -12.4315 29
      vertex -1.20208 -11.437 29
    endloop
  endfacet
  facet normal 0 0 1
    outer loop
      vertex -3.55369 -10.9371 29
      vertex -3.86271 -11.8882 29
      vertex -1.30661 -12.4315 29
    endloop
  endfacet
  facet normal 0 0 1
    outer loop
      vertex -5.75 -9.95929 29
      vertex -3.86271 -11.8882 29
      vertex -3.55369 -10.9371 29
    endloop
  endfacet
  facet normal 0 0 1
    outer loop
      vertex -5.75 -9.95929 29
      vertex -6.25 -10.8253 29
      vertex -3.86271 -11.8882 29
    endloop
  endfacet
  facet normal 0 0 1
    outer loop
      vertex -7.695 -8.54617 29
      vertex -6.25 -10.8253 29
      vertex -5.75 -9.95929 29
    endloop
  endfacet
  facet normal 0 0 1
    outer loop
      vertex -7.695 -8.54617 29
      vertex -8.36413 -9.28931 29
      vertex -6.25 -10.8253 29
    endloop
  endfacet
  facet normal 0 0 1
    outer loop
      vertex -9.30369 -6.75953 29
      vertex -8.36413 -9.28931 29
      vertex -7.695 -8.54617 29
    endloop
  endfacet
  facet normal 0 0 1
    outer loop
      vertex -9.30369 -6.75953 29
      vertex -10.1127 -7.34731 29
      vertex -8.36413 -9.28931 29
    endloop
  endfacet
  facet normal 0 0 1
    outer loop
      vertex -10.5058 -4.67747 29
      vertex -10.1127 -7.34731 29
      vertex -9.30369 -6.75953 29
    endloop
  endfacet
  facet normal 0 0 1
    outer loop
      vertex -11.4193 -5.08421 29
      vertex -10.5058 -4.67747 29
      vertex -11.2487 -2.39098 29
    endloop
  endfacet
  facet normal 0 0 1
    outer loop
      vertex -10.5058 -4.67747 29
      vertex -11.4193 -5.08421 29
      vertex -10.1127 -7.34731 29
    endloop
  endfacet
  facet normal 0 0 1
    outer loop
      vertex -12.2268 -2.5989 29
      vertex -11.2487 -2.39098 29
      vertex -11.5 0 29
    endloop
  endfacet
  facet normal 0 0 1
    outer loop
      vertex -12.5 0 29
      vertex -11.5 0 29
      vertex -12.2268 2.5989 29
    endloop
  endfacet
  facet normal 0 0 1
    outer loop
      vertex -11.2487 -2.39098 29
      vertex -12.2268 -2.5989 29
      vertex -11.4193 -5.08421 29
    endloop
  endfacet
  facet normal 0 0 1
    outer loop
      vertex -11.5 0 29
      vertex -12.5 0 29
      vertex -12.2268 -2.5989 29
    endloop
  endfacet
  facet normal -0.40674 -0.913544 0
    outer loop
      vertex -6.25 -10.8253 27
      vertex -3.86271 -11.8882 29
      vertex -6.25 -10.8253 29
    endloop
  endfacet
  facet normal -0.40674 -0.913544 -0
    outer loop
      vertex -3.86271 -11.8882 29
      vertex -6.25 -10.8253 27
      vertex -3.86271 -11.8882 27
    endloop
  endfacet
  facet normal 0.866026 -0.5 0
    outer loop
      vertex 10.1127 -7.34731 29
      vertex 11.4193 -5.08421 27
      vertex 11.4193 -5.08421 29
    endloop
  endfacet
  facet normal 0.866026 -0.5 0
    outer loop
      vertex 11.4193 -5.08421 27
      vertex 10.1127 -7.34731 29
      vertex 10.1127 -7.34731 27
    endloop
  endfacet
  facet normal 0.951059 -0.309008 0
    outer loop
      vertex 11.4193 -5.08421 29
      vertex 12.2268 -2.5989 27
      vertex 12.2268 -2.5989 29
    endloop
  endfacet
  facet normal 0.951059 -0.309008 0
    outer loop
      vertex 12.2268 -2.5989 27
      vertex 11.4193 -5.08421 29
      vertex 11.4193 -5.08421 27
    endloop
  endfacet
  facet normal -0.951059 -0.309008 0
    outer loop
      vertex -11.4193 -5.08421 27
      vertex -12.2268 -2.5989 29
      vertex -12.2268 -2.5989 27
    endloop
  endfacet
  facet normal -0.951059 -0.309008 0
    outer loop
      vertex -12.2268 -2.5989 29
      vertex -11.4193 -5.08421 27
      vertex -11.4193 -5.08421 29
    endloop
  endfacet
  facet normal 0.207906 -0.978149 0
    outer loop
      vertex 1.30661 -12.4315 27
      vertex 3.86271 -11.8882 29
      vertex 1.30661 -12.4315 29
    endloop
  endfacet
  facet normal 0.207906 -0.978149 0
    outer loop
      vertex 3.86271 -11.8882 29
      vertex 1.30661 -12.4315 27
      vertex 3.86271 -11.8882 27
    endloop
  endfacet
  facet normal -0.951059 0.309008 0
    outer loop
      vertex -12.2268 2.5989 27
      vertex -11.4193 5.08421 29
      vertex -11.4193 5.08421 27
    endloop
  endfacet
  facet normal -0.951059 0.309008 0
    outer loop
      vertex -11.4193 5.08421 29
      vertex -12.2268 2.5989 27
      vertex -12.2268 2.5989 29
    endloop
  endfacet
  facet normal 0 1 -0
    outer loop
      vertex 1.30661 12.4315 27
      vertex -1.30661 12.4315 29
      vertex 1.30661 12.4315 29
    endloop
  endfacet
  facet normal 0 1 0
    outer loop
      vertex -1.30661 12.4315 29
      vertex 1.30661 12.4315 27
      vertex -1.30661 12.4315 27
    endloop
  endfacet
  facet normal 0.743148 -0.669128 0
    outer loop
      vertex 8.36413 -9.28931 29
      vertex 10.1127 -7.34731 27
      vertex 10.1127 -7.34731 29
    endloop
  endfacet
  facet normal 0.743148 -0.669128 0
    outer loop
      vertex 10.1127 -7.34731 27
      vertex 8.36413 -9.28931 29
      vertex 8.36413 -9.28931 27
    endloop
  endfacet
  facet normal -0.207906 -0.978149 0
    outer loop
      vertex -3.86271 -11.8882 27
      vertex -1.30661 -12.4315 29
      vertex -3.86271 -11.8882 29
    endloop
  endfacet
  facet normal -0.207906 -0.978149 -0
    outer loop
      vertex -1.30661 -12.4315 29
      vertex -3.86271 -11.8882 27
      vertex -1.30661 -12.4315 27
    endloop
  endfacet
  facet normal -0.866026 0.5 0
    outer loop
      vertex -11.4193 5.08421 27
      vertex -10.1127 7.34731 29
      vertex -10.1127 7.34731 27
    endloop
  endfacet
  facet normal -0.866026 0.5 0
    outer loop
      vertex -10.1127 7.34731 29
      vertex -11.4193 5.08421 27
      vertex -11.4193 5.08421 29
    endloop
  endfacet
  facet normal -0.99452 0.104545 0
    outer loop
      vertex -12.5 0 27
      vertex -12.2268 2.5989 29
      vertex -12.2268 2.5989 27
    endloop
  endfacet
  facet normal -0.99452 0.104545 0
    outer loop
      vertex -12.2268 2.5989 29
      vertex -12.5 0 27
      vertex -12.5 0 29
    endloop
  endfacet
  facet normal -0.866026 -0.5 0
    outer loop
      vertex -10.1127 -7.34731 27
      vertex -11.4193 -5.08421 29
      vertex -11.4193 -5.08421 27
    endloop
  endfacet
  facet normal -0.866026 -0.5 0
    outer loop
      vertex -11.4193 -5.08421 29
      vertex -10.1127 -7.34731 27
      vertex -10.1127 -7.34731 29
    endloop
  endfacet
  facet normal 0.207906 0.978149 -0
    outer loop
      vertex 3.86271 11.8882 27
      vertex 1.30661 12.4315 29
      vertex 3.86271 11.8882 29
    endloop
  endfacet
  facet normal 0.207906 0.978149 0
    outer loop
      vertex 1.30661 12.4315 29
      vertex 3.86271 11.8882 27
      vertex 1.30661 12.4315 27
    endloop
  endfacet
  facet normal 0.40674 -0.913544 0
    outer loop
      vertex 3.86271 -11.8882 27
      vertex 6.25 -10.8253 29
      vertex 3.86271 -11.8882 29
    endloop
  endfacet
  facet normal 0.40674 -0.913544 0
    outer loop
      vertex 6.25 -10.8253 29
      vertex 3.86271 -11.8882 27
      vertex 6.25 -10.8253 27
    endloop
  endfacet
  facet normal 0.587781 0.80902 -0
    outer loop
      vertex 8.36413 9.28931 27
      vertex 6.25 10.8253 29
      vertex 8.36413 9.28931 29
    endloop
  endfacet
  facet normal 0.587781 0.80902 0
    outer loop
      vertex 6.25 10.8253 29
      vertex 8.36413 9.28931 27
      vertex 6.25 10.8253 27
    endloop
  endfacet
  facet normal -0.587781 -0.80902 0
    outer loop
      vertex -8.36413 -9.28931 27
      vertex -6.25 -10.8253 29
      vertex -8.36413 -9.28931 29
    endloop
  endfacet
  facet normal -0.587781 -0.80902 -0
    outer loop
      vertex -6.25 -10.8253 29
      vertex -8.36413 -9.28931 27
      vertex -6.25 -10.8253 27
    endloop
  endfacet
  facet normal -0.587781 0.80902 0
    outer loop
      vertex -6.25 10.8253 27
      vertex -8.36413 9.28931 29
      vertex -6.25 10.8253 29
    endloop
  endfacet
  facet normal -0.587781 0.80902 0
    outer loop
      vertex -8.36413 9.28931 29
      vertex -6.25 10.8253 27
      vertex -8.36413 9.28931 27
    endloop
  endfacet
  facet normal -0.207906 0.978149 0
    outer loop
      vertex -1.30661 12.4315 27
      vertex -3.86271 11.8882 29
      vertex -1.30661 12.4315 29
    endloop
  endfacet
  facet normal -0.207906 0.978149 0
    outer loop
      vertex -3.86271 11.8882 29
      vertex -1.30661 12.4315 27
      vertex -3.86271 11.8882 27
    endloop
  endfacet
  facet normal 0.95106 0.309007 0
    outer loop
      vertex 11.2487 2.39098 31
      vertex 10.5058 4.67747 29
      vertex 10.5058 4.67747 31
    endloop
  endfacet
  facet normal 0.95106 0.309007 0
    outer loop
      vertex 10.5058 4.67747 29
      vertex 11.2487 2.39098 31
      vertex 11.2487 2.39098 29
    endloop
  endfacet
  facet normal 0.994522 0.104528 0
    outer loop
      vertex 11.5 0 31
      vertex 11.2487 2.39098 29
      vertex 11.2487 2.39098 31
    endloop
  endfacet
  facet normal 0.994522 0.104528 0
    outer loop
      vertex 11.2487 2.39098 29
      vertex 11.5 0 31
      vertex 11.5 0 29
    endloop
  endfacet
  facet normal 0.95106 -0.309007 0
    outer loop
      vertex 10.5058 -4.67747 31
      vertex 11.2487 -2.39098 29
      vertex 11.2487 -2.39098 31
    endloop
  endfacet
  facet normal 0.95106 -0.309007 0
    outer loop
      vertex 11.2487 -2.39098 29
      vertex 10.5058 -4.67747 31
      vertex 10.5058 -4.67747 29
    endloop
  endfacet
  facet normal 0.406719 0.913553 -0
    outer loop
      vertex 5.75 9.95929 29
      vertex 3.55369 10.9371 31
      vertex 5.75 9.95929 31
    endloop
  endfacet
  facet normal 0.406719 0.913553 0
    outer loop
      vertex 3.55369 10.9371 31
      vertex 5.75 9.95929 29
      vertex 3.55369 10.9371 29
    endloop
  endfacet
  facet normal -0.587784 0.809018 0
    outer loop
      vertex -5.75 9.95929 29
      vertex -7.695 8.54617 31
      vertex -5.75 9.95929 31
    endloop
  endfacet
  facet normal -0.587784 0.809018 0
    outer loop
      vertex -7.695 8.54617 31
      vertex -5.75 9.95929 29
      vertex -7.695 8.54617 29
    endloop
  endfacet
  facet normal -0.406719 0.913553 0
    outer loop
      vertex -3.55369 10.9371 29
      vertex -5.75 9.95929 31
      vertex -3.55369 10.9371 31
    endloop
  endfacet
  facet normal -0.406719 0.913553 0
    outer loop
      vertex -5.75 9.95929 31
      vertex -3.55369 10.9371 29
      vertex -5.75 9.95929 29
    endloop
  endfacet
  facet normal 0.587784 -0.809018 0
    outer loop
      vertex 5.75 -9.95929 29
      vertex 7.695 -8.54617 31
      vertex 5.75 -9.95929 31
    endloop
  endfacet
  facet normal 0.587784 -0.809018 0
    outer loop
      vertex 7.695 -8.54617 31
      vertex 5.75 -9.95929 29
      vertex 7.695 -8.54617 29
    endloop
  endfacet
  facet normal -0.86602 -0.50001 0
    outer loop
      vertex -9.30369 -6.75953 29
      vertex -10.5058 -4.67747 31
      vertex -10.5058 -4.67747 29
    endloop
  endfacet
  facet normal -0.86602 -0.50001 0
    outer loop
      vertex -10.5058 -4.67747 31
      vertex -9.30369 -6.75953 29
      vertex -9.30369 -6.75953 31
    endloop
  endfacet
  facet normal 0.406719 -0.913553 0
    outer loop
      vertex 3.55369 -10.9371 29
      vertex 5.75 -9.95929 31
      vertex 3.55369 -10.9371 31
    endloop
  endfacet
  facet normal 0.406719 -0.913553 0
    outer loop
      vertex 5.75 -9.95929 31
      vertex 3.55369 -10.9371 29
      vertex 5.75 -9.95929 29
    endloop
  endfacet
  facet normal 0.207932 -0.978143 0
    outer loop
      vertex 1.20208 -11.437 29
      vertex 3.55369 -10.9371 31
      vertex 1.20208 -11.437 31
    endloop
  endfacet
  facet normal 0.207932 -0.978143 0
    outer loop
      vertex 3.55369 -10.9371 31
      vertex 1.20208 -11.437 29
      vertex 3.55369 -10.9371 29
    endloop
  endfacet
  facet normal 0.587784 0.809018 -0
    outer loop
      vertex 7.695 8.54617 29
      vertex 5.75 9.95929 31
      vertex 7.695 8.54617 31
    endloop
  endfacet
  facet normal 0.587784 0.809018 0
    outer loop
      vertex 5.75 9.95929 31
      vertex 7.695 8.54617 29
      vertex 5.75 9.95929 29
    endloop
  endfacet
  facet normal -0.95106 0.309007 0
    outer loop
      vertex -11.2487 2.39098 29
      vertex -10.5058 4.67747 31
      vertex -10.5058 4.67747 29
    endloop
  endfacet
  facet normal -0.95106 0.309007 0
    outer loop
      vertex -10.5058 4.67747 31
      vertex -11.2487 2.39098 29
      vertex -11.2487 2.39098 31
    endloop
  endfacet
  facet normal 0.994522 -0.104528 0
    outer loop
      vertex 11.2487 -2.39098 31
      vertex 11.5 0 29
      vertex 11.5 0 31
    endloop
  endfacet
  facet normal 0.994522 -0.104528 0
    outer loop
      vertex 11.5 0 29
      vertex 11.2487 -2.39098 31
      vertex 11.2487 -2.39098 29
    endloop
  endfacet
  facet normal -0.743146 0.669129 0
    outer loop
      vertex -9.30369 6.75953 29
      vertex -7.695 8.54617 31
      vertex -7.695 8.54617 29
    endloop
  endfacet
  facet normal -0.743146 0.669129 0
    outer loop
      vertex -7.695 8.54617 31
      vertex -9.30369 6.75953 29
      vertex -9.30369 6.75953 31
    endloop
  endfacet
  facet normal 0 1 -0
    outer loop
      vertex 1.20208 11.437 29
      vertex -1.20208 11.437 31
      vertex 1.20208 11.437 31
    endloop
  endfacet
  facet normal 0 1 0
    outer loop
      vertex -1.20208 11.437 31
      vertex 1.20208 11.437 29
      vertex -1.20208 11.437 29
    endloop
  endfacet
  facet normal 0.86602 -0.50001 0
    outer loop
      vertex 9.30369 -6.75953 31
      vertex 10.5058 -4.67747 29
      vertex 10.5058 -4.67747 31
    endloop
  endfacet
  facet normal 0.86602 -0.50001 0
    outer loop
      vertex 10.5058 -4.67747 29
      vertex 9.30369 -6.75953 31
      vertex 9.30369 -6.75953 29
    endloop
  endfacet
  facet normal -0.207932 0.978143 0
    outer loop
      vertex -1.20208 11.437 29
      vertex -3.55369 10.9371 31
      vertex -1.20208 11.437 31
    endloop
  endfacet
  facet normal -0.207932 0.978143 0
    outer loop
      vertex -3.55369 10.9371 31
      vertex -1.20208 11.437 29
      vertex -3.55369 10.9371 29
    endloop
  endfacet
  facet normal 0.743146 -0.669129 0
    outer loop
      vertex 7.695 -8.54617 31
      vertex 9.30369 -6.75953 29
      vertex 9.30369 -6.75953 31
    endloop
  endfacet
  facet normal 0.743146 -0.669129 0
    outer loop
      vertex 9.30369 -6.75953 29
      vertex 7.695 -8.54617 31
      vertex 7.695 -8.54617 29
    endloop
  endfacet
  facet normal -0.406719 -0.913553 0
    outer loop
      vertex -5.75 -9.95929 29
      vertex -3.55369 -10.9371 31
      vertex -5.75 -9.95929 31
    endloop
  endfacet
  facet normal -0.406719 -0.913553 -0
    outer loop
      vertex -3.55369 -10.9371 31
      vertex -5.75 -9.95929 29
      vertex -3.55369 -10.9371 29
    endloop
  endfacet
  facet normal -0.587784 -0.809018 0
    outer loop
      vertex -7.695 -8.54617 29
      vertex -5.75 -9.95929 31
      vertex -7.695 -8.54617 31
    endloop
  endfacet
  facet normal -0.587784 -0.809018 -0
    outer loop
      vertex -5.75 -9.95929 31
      vertex -7.695 -8.54617 29
      vertex -5.75 -9.95929 29
    endloop
  endfacet
  facet normal 0.743146 0.669129 0
    outer loop
      vertex 9.30369 6.75953 31
      vertex 7.695 8.54617 29
      vertex 7.695 8.54617 31
    endloop
  endfacet
  facet normal 0.743146 0.669129 0
    outer loop
      vertex 7.695 8.54617 29
      vertex 9.30369 6.75953 31
      vertex 9.30369 6.75953 29
    endloop
  endfacet
  facet normal -0.994522 0.104528 0
    outer loop
      vertex -11.5 0 29
      vertex -11.2487 2.39098 31
      vertex -11.2487 2.39098 29
    endloop
  endfacet
  facet normal -0.994522 0.104528 0
    outer loop
      vertex -11.2487 2.39098 31
      vertex -11.5 0 29
      vertex -11.5 0 31
    endloop
  endfacet
  facet normal 0 -1 0
    outer loop
      vertex -1.20208 -11.437 29
      vertex 1.20208 -11.437 31
      vertex -1.20208 -11.437 31
    endloop
  endfacet
  facet normal 0 -1 -0
    outer loop
      vertex 1.20208 -11.437 31
      vertex -1.20208 -11.437 29
      vertex 1.20208 -11.437 29
    endloop
  endfacet
  facet normal 0.86602 0.50001 0
    outer loop
      vertex 10.5058 4.67747 31
      vertex 9.30369 6.75953 29
      vertex 9.30369 6.75953 31
    endloop
  endfacet
  facet normal 0.86602 0.50001 0
    outer loop
      vertex 9.30369 6.75953 29
      vertex 10.5058 4.67747 31
      vertex 10.5058 4.67747 29
    endloop
  endfacet
  facet normal -0.207932 -0.978143 0
    outer loop
      vertex -3.55369 -10.9371 29
      vertex -1.20208 -11.437 31
      vertex -3.55369 -10.9371 31
    endloop
  endfacet
  facet normal -0.207932 -0.978143 -0
    outer loop
      vertex -1.20208 -11.437 31
      vertex -3.55369 -10.9371 29
      vertex -1.20208 -11.437 29
    endloop
  endfacet
  facet normal -0.95106 -0.309007 0
    outer loop
      vertex -10.5058 -4.67747 29
      vertex -11.2487 -2.39098 31
      vertex -11.2487 -2.39098 29
    endloop
  endfacet
  facet normal -0.95106 -0.309007 0
    outer loop
      vertex -11.2487 -2.39098 31
      vertex -10.5058 -4.67747 29
      vertex -10.5058 -4.67747 31
    endloop
  endfacet
  facet normal -0.743146 -0.669129 0
    outer loop
      vertex -7.695 -8.54617 29
      vertex -9.30369 -6.75953 31
      vertex -9.30369 -6.75953 29
    endloop
  endfacet
  facet normal -0.743146 -0.669129 0
    outer loop
      vertex -9.30369 -6.75953 31
      vertex -7.695 -8.54617 29
      vertex -7.695 -8.54617 31
    endloop
  endfacet
  facet normal 0.207932 0.978143 -0
    outer loop
      vertex 3.55369 10.9371 29
      vertex 1.20208 11.437 31
      vertex 3.55369 10.9371 31
    endloop
  endfacet
  facet normal 0.207932 0.978143 0
    outer loop
      vertex 1.20208 11.437 31
      vertex 3.55369 10.9371 29
      vertex 1.20208 11.437 29
    endloop
  endfacet
  facet normal 0 0 -1
    outer loop
      vertex 11.5 0 31
      vertex 12.5 0 31
      vertex 12.2268 -2.5989 31
    endloop
  endfacet
  facet normal 0 0 -1
    outer loop
      vertex 12.5 0 31
      vertex 11.5 0 31
      vertex 12.2268 2.5989 31
    endloop
  endfacet
  facet normal 0 0 -1
    outer loop
      vertex 11.2487 -2.39098 31
      vertex 12.2268 -2.5989 31
      vertex 11.4193 -5.08421 31
    endloop
  endfacet
  facet normal 0 0 -1
    outer loop
      vertex 12.2268 -2.5989 31
      vertex 11.2487 -2.39098 31
      vertex 11.5 0 31
    endloop
  endfacet
  facet normal 0 0 -1
    outer loop
      vertex 11.4193 -5.08421 31
      vertex 10.5058 -4.67747 31
      vertex 11.2487 -2.39098 31
    endloop
  endfacet
  facet normal 0 0 -1
    outer loop
      vertex 10.1127 -7.34731 31
      vertex 10.5058 -4.67747 31
      vertex 11.4193 -5.08421 31
    endloop
  endfacet
  facet normal 0 0 -1
    outer loop
      vertex 10.1127 -7.34731 31
      vertex 9.30369 -6.75953 31
      vertex 10.5058 -4.67747 31
    endloop
  endfacet
  facet normal 0 0 -1
    outer loop
      vertex 8.36413 -9.28931 31
      vertex 9.30369 -6.75953 31
      vertex 10.1127 -7.34731 31
    endloop
  endfacet
  facet normal 0 0 -1
    outer loop
      vertex 8.36413 -9.28931 31
      vertex 7.695 -8.54617 31
      vertex 9.30369 -6.75953 31
    endloop
  endfacet
  facet normal 0 0 -1
    outer loop
      vertex 6.25 -10.8253 31
      vertex 7.695 -8.54617 31
      vertex 8.36413 -9.28931 31
    endloop
  endfacet
  facet normal 0 0 -1
    outer loop
      vertex 6.25 -10.8253 31
      vertex 5.75 -9.95929 31
      vertex 7.695 -8.54617 31
    endloop
  endfacet
  facet normal 0 0 -1
    outer loop
      vertex 3.86271 -11.8882 31
      vertex 5.75 -9.95929 31
      vertex 6.25 -10.8253 31
    endloop
  endfacet
  facet normal 0 0 -1
    outer loop
      vertex 3.86271 -11.8882 31
      vertex 3.55369 -10.9371 31
      vertex 5.75 -9.95929 31
    endloop
  endfacet
  facet normal 0 0 -1
    outer loop
      vertex 1.30661 -12.4315 31
      vertex 3.55369 -10.9371 31
      vertex 3.86271 -11.8882 31
    endloop
  endfacet
  facet normal 0 0 -1
    outer loop
      vertex 1.30661 -12.4315 31
      vertex 1.20208 -11.437 31
      vertex 3.55369 -10.9371 31
    endloop
  endfacet
  facet normal 0 0 -1
    outer loop
      vertex 1.30661 -12.4315 31
      vertex -1.20208 -11.437 31
      vertex 1.20208 -11.437 31
    endloop
  endfacet
  facet normal 0 0 -1
    outer loop
      vertex -1.30661 -12.4315 31
      vertex -1.20208 -11.437 31
      vertex 1.30661 -12.4315 31
    endloop
  endfacet
  facet normal 0 0 -1
    outer loop
      vertex -1.30661 -12.4315 31
      vertex -3.55369 -10.9371 31
      vertex -1.20208 -11.437 31
    endloop
  endfacet
  facet normal 0 0 -1
    outer loop
      vertex -3.86271 -11.8882 31
      vertex -3.55369 -10.9371 31
      vertex -1.30661 -12.4315 31
    endloop
  endfacet
  facet normal 0 0 -1
    outer loop
      vertex -3.86271 -11.8882 31
      vertex -5.75 -9.95929 31
      vertex -3.55369 -10.9371 31
    endloop
  endfacet
  facet normal 0 0 -1
    outer loop
      vertex -6.25 -10.8253 31
      vertex -5.75 -9.95929 31
      vertex -3.86271 -11.8882 31
    endloop
  endfacet
  facet normal 0 0 -1
    outer loop
      vertex -6.25 -10.8253 31
      vertex -7.695 -8.54617 31
      vertex -5.75 -9.95929 31
    endloop
  endfacet
  facet normal 0 0 -1
    outer loop
      vertex -8.36413 -9.28931 31
      vertex -7.695 -8.54617 31
      vertex -6.25 -10.8253 31
    endloop
  endfacet
  facet normal 0 0 -1
    outer loop
      vertex -8.36413 -9.28931 31
      vertex -9.30369 -6.75953 31
      vertex -7.695 -8.54617 31
    endloop
  endfacet
  facet normal 0 0 -1
    outer loop
      vertex -10.1127 -7.34731 31
      vertex -9.30369 -6.75953 31
      vertex -8.36413 -9.28931 31
    endloop
  endfacet
  facet normal 0 0 -1
    outer loop
      vertex -10.1127 -7.34731 31
      vertex -10.5058 -4.67747 31
      vertex -9.30369 -6.75953 31
    endloop
  endfacet
  facet normal 0 0 -1
    outer loop
      vertex -11.4193 -5.08421 31
      vertex -10.5058 -4.67747 31
      vertex -10.1127 -7.34731 31
    endloop
  endfacet
  facet normal -0 0 -1
    outer loop
      vertex -10.5058 -4.67747 31
      vertex -11.4193 -5.08421 31
      vertex -11.2487 -2.39098 31
    endloop
  endfacet
  facet normal 0 0 -1
    outer loop
      vertex -12.2268 -2.5989 31
      vertex -11.2487 -2.39098 31
      vertex -11.4193 -5.08421 31
    endloop
  endfacet
  facet normal -0 0 -1
    outer loop
      vertex -11.2487 -2.39098 31
      vertex -12.2268 -2.5989 31
      vertex -11.5 0 31
    endloop
  endfacet
  facet normal 0 0 -1
    outer loop
      vertex 11.2487 2.39098 31
      vertex 12.2268 2.5989 31
      vertex 11.5 0 31
    endloop
  endfacet
  facet normal -0 0 -1
    outer loop
      vertex 12.2268 2.5989 31
      vertex 11.2487 2.39098 31
      vertex 11.4193 5.08421 31
    endloop
  endfacet
  facet normal 0 0 -1
    outer loop
      vertex 10.5058 4.67747 31
      vertex 11.4193 5.08421 31
      vertex 11.2487 2.39098 31
    endloop
  endfacet
  facet normal 0 0 -1
    outer loop
      vertex 10.5058 4.67747 31
      vertex 10.1127 7.34731 31
      vertex 11.4193 5.08421 31
    endloop
  endfacet
  facet normal 0 0 -1
    outer loop
      vertex 9.30369 6.75953 31
      vertex 10.1127 7.34731 31
      vertex 10.5058 4.67747 31
    endloop
  endfacet
  facet normal 0 0 -1
    outer loop
      vertex 9.30369 6.75953 31
      vertex 8.36413 9.28931 31
      vertex 10.1127 7.34731 31
    endloop
  endfacet
  facet normal 0 0 -1
    outer loop
      vertex 7.695 8.54617 31
      vertex 8.36413 9.28931 31
      vertex 9.30369 6.75953 31
    endloop
  endfacet
  facet normal 0 0 -1
    outer loop
      vertex 7.695 8.54617 31
      vertex 6.25 10.8253 31
      vertex 8.36413 9.28931 31
    endloop
  endfacet
  facet normal 0 0 -1
    outer loop
      vertex 5.75 9.95929 31
      vertex 6.25 10.8253 31
      vertex 7.695 8.54617 31
    endloop
  endfacet
  facet normal 0 0 -1
    outer loop
      vertex 5.75 9.95929 31
      vertex 3.86271 11.8882 31
      vertex 6.25 10.8253 31
    endloop
  endfacet
  facet normal 0 0 -1
    outer loop
      vertex 3.55369 10.9371 31
      vertex 3.86271 11.8882 31
      vertex 5.75 9.95929 31
    endloop
  endfacet
  facet normal 0 0 -1
    outer loop
      vertex 3.55369 10.9371 31
      vertex 1.30661 12.4315 31
      vertex 3.86271 11.8882 31
    endloop
  endfacet
  facet normal 0 0 -1
    outer loop
      vertex 1.20208 11.437 31
      vertex 1.30661 12.4315 31
      vertex 3.55369 10.9371 31
    endloop
  endfacet
  facet normal 0 0 -1
    outer loop
      vertex -1.20208 11.437 31
      vertex 1.30661 12.4315 31
      vertex 1.20208 11.437 31
    endloop
  endfacet
  facet normal 0 0 -1
    outer loop
      vertex -1.20208 11.437 31
      vertex -1.30661 12.4315 31
      vertex 1.30661 12.4315 31
    endloop
  endfacet
  facet normal 0 0 -1
    outer loop
      vertex -3.55369 10.9371 31
      vertex -1.30661 12.4315 31
      vertex -1.20208 11.437 31
    endloop
  endfacet
  facet normal 0 0 -1
    outer loop
      vertex -3.55369 10.9371 31
      vertex -3.86271 11.8882 31
      vertex -1.30661 12.4315 31
    endloop
  endfacet
  facet normal 0 0 -1
    outer loop
      vertex -5.75 9.95929 31
      vertex -3.86271 11.8882 31
      vertex -3.55369 10.9371 31
    endloop
  endfacet
  facet normal 0 0 -1
    outer loop
      vertex -5.75 9.95929 31
      vertex -6.25 10.8253 31
      vertex -3.86271 11.8882 31
    endloop
  endfacet
  facet normal 0 0 -1
    outer loop
      vertex -7.695 8.54617 31
      vertex -6.25 10.8253 31
      vertex -5.75 9.95929 31
    endloop
  endfacet
  facet normal 0 0 -1
    outer loop
      vertex -7.695 8.54617 31
      vertex -8.36413 9.28931 31
      vertex -6.25 10.8253 31
    endloop
  endfacet
  facet normal 0 0 -1
    outer loop
      vertex -9.30369 6.75953 31
      vertex -8.36413 9.28931 31
      vertex -7.695 8.54617 31
    endloop
  endfacet
  facet normal 0 0 -1
    outer loop
      vertex -9.30369 6.75953 31
      vertex -10.1127 7.34731 31
      vertex -8.36413 9.28931 31
    endloop
  endfacet
  facet normal 0 0 -1
    outer loop
      vertex -10.5058 4.67747 31
      vertex -10.1127 7.34731 31
      vertex -9.30369 6.75953 31
    endloop
  endfacet
  facet normal 0 0 -1
    outer loop
      vertex -11.4193 5.08421 31
      vertex -10.5058 4.67747 31
      vertex -11.2487 2.39098 31
    endloop
  endfacet
  facet normal 0 0 -1
    outer loop
      vertex -10.5058 4.67747 31
      vertex -11.4193 5.08421 31
      vertex -10.1127 7.34731 31
    endloop
  endfacet
  facet normal 0 0 -1
    outer loop
      vertex -12.2268 2.5989 31
      vertex -11.2487 2.39098 31
      vertex -11.5 0 31
    endloop
  endfacet
  facet normal 0 0 -1
    outer loop
      vertex -12.5 0 31
      vertex -11.5 0 31
      vertex -12.2268 -2.5989 31
    endloop
  endfacet
  facet normal 0 0 -1
    outer loop
      vertex -11.2487 2.39098 31
      vertex -12.2268 2.5989 31
      vertex -11.4193 5.08421 31
    endloop
  endfacet
  facet normal 0 0 -1
    outer loop
      vertex -11.5 0 31
      vertex -12.5 0 31
      vertex -12.2268 2.5989 31
    endloop
  endfacet
  facet normal 0 0 -1
    outer loop
      vertex 4.6194 -1.91342 31
      vertex 4.6194 1.91342 31
      vertex 5 0 31
    endloop
  endfacet
  facet normal 0 0 -1
    outer loop
      vertex 3.53553 -3.53553 31
      vertex 4.6194 1.91342 31
      vertex 4.6194 -1.91342 31
    endloop
  endfacet
  facet normal 0 0 -1
    outer loop
      vertex 3.53553 -3.53553 31
      vertex 3.53553 3.53553 31
      vertex 4.6194 1.91342 31
    endloop
  endfacet
  facet normal 0 0 -1
    outer loop
      vertex 1.91342 -4.6194 31
      vertex 3.53553 3.53553 31
      vertex 3.53553 -3.53553 31
    endloop
  endfacet
  facet normal 0 0 -1
    outer loop
      vertex 1.91342 -4.6194 31
      vertex 1.91342 4.6194 31
      vertex 3.53553 3.53553 31
    endloop
  endfacet
  facet normal 0 0 -1
    outer loop
      vertex 0 -5 31
      vertex 1.91342 4.6194 31
      vertex 1.91342 -4.6194 31
    endloop
  endfacet
  facet normal 0 0 -1
    outer loop
      vertex 0 -5 31
      vertex 0 5 31
      vertex 1.91342 4.6194 31
    endloop
  endfacet
  facet normal 0 0 -1
    outer loop
      vertex -1.91342 -4.6194 31
      vertex 0 5 31
      vertex 0 -5 31
    endloop
  endfacet
  facet normal 0 0 -1
    outer loop
      vertex -1.91342 -4.6194 31
      vertex -1.91342 4.6194 31
      vertex 0 5 31
    endloop
  endfacet
  facet normal 0 0 -1
    outer loop
      vertex -3.53553 -3.53553 31
      vertex -1.91342 4.6194 31
      vertex -1.91342 -4.6194 31
    endloop
  endfacet
  facet normal 0 0 -1
    outer loop
      vertex -3.53553 -3.53553 31
      vertex -3.53553 3.53553 31
      vertex -1.91342 4.6194 31
    endloop
  endfacet
  facet normal 0 0 -1
    outer loop
      vertex -4.6194 -1.91342 31
      vertex -3.53553 3.53553 31
      vertex -3.53553 -3.53553 31
    endloop
  endfacet
  facet normal 0 0 -1
    outer loop
      vertex -4.6194 -1.91342 31
      vertex -4.6194 1.91342 31
      vertex -3.53553 3.53553 31
    endloop
  endfacet
  facet normal 0 -0 -1
    outer loop
      vertex -4.6194 1.91342 31
      vertex -4.6194 -1.91342 31
      vertex -5 0 31
    endloop
  endfacet
  facet normal -0.994522 -0.104528 0
    outer loop
      vertex -11.2487 -2.39098 29
      vertex -11.5 0 31
      vertex -11.5 0 29
    endloop
  endfacet
  facet normal -0.994522 -0.104528 0
    outer loop
      vertex -11.5 0 31
      vertex -11.2487 -2.39098 29
      vertex -11.2487 -2.39098 31
    endloop
  endfacet
  facet normal -0.86602 0.50001 0
    outer loop
      vertex -10.5058 4.67747 29
      vertex -9.30369 6.75953 31
      vertex -9.30369 6.75953 29
    endloop
  endfacet
  facet normal -0.86602 0.50001 0
    outer loop
      vertex -9.30369 6.75953 31
      vertex -10.5058 4.67747 29
      vertex -10.5058 4.67747 31
    endloop
  endfacet
  facet normal 0.555574 -0.831467 0
    outer loop
      vertex -3.53553 3.53553 33
      vertex -1.91342 4.6194 40
      vertex -3.53553 3.53553 40
    endloop
  endfacet
  facet normal 0.555574 -0.831467 0
    outer loop
      vertex -1.91342 4.6194 40
      vertex -3.53553 3.53553 33
      vertex -1.91342 4.6194 33
    endloop
  endfacet
  facet normal 0.555574 -0.831467 0
    outer loop
      vertex -3.53553 3.53553 29
      vertex -1.91342 4.6194 31
      vertex -3.53553 3.53553 31
    endloop
  endfacet
  facet normal 0.555574 -0.831467 0
    outer loop
      vertex -1.91342 4.6194 31
      vertex -3.53553 3.53553 29
      vertex -1.91342 4.6194 29
    endloop
  endfacet
  facet normal -0.831467 -0.555574 0
    outer loop
      vertex 4.6194 1.91342 33
      vertex 3.53553 3.53553 40
      vertex 3.53553 3.53553 33
    endloop
  endfacet
  facet normal -0.831467 -0.555574 0
    outer loop
      vertex 3.53553 3.53553 40
      vertex 4.6194 1.91342 33
      vertex 4.6194 1.91342 40
    endloop
  endfacet
  facet normal -0.831467 -0.555574 0
    outer loop
      vertex 4.6194 1.91342 29
      vertex 3.53553 3.53553 31
      vertex 3.53553 3.53553 29
    endloop
  endfacet
  facet normal -0.831467 -0.555574 0
    outer loop
      vertex 3.53553 3.53553 31
      vertex 4.6194 1.91342 29
      vertex 4.6194 1.91342 31
    endloop
  endfacet
  facet normal -0.980786 -0.195089 -0
    outer loop
      vertex 5 0 34
      vertex 4.6194 1.91342 33
      vertex 5 0 33
    endloop
  endfacet
  facet normal -0.980786 -0.195089 0
    outer loop
      vertex 4.6194 1.91342 33
      vertex 5 0 34
      vertex 4.6194 1.91342 40
    endloop
  endfacet
  facet normal -0.980786 -0.195089 0
    outer loop
      vertex 4.6194 1.91342 40
      vertex 5 0 34
      vertex 5 0 40
    endloop
  endfacet
  facet normal -0.980786 -0.195089 0
    outer loop
      vertex 5 0 29
      vertex 4.6194 1.91342 31
      vertex 4.6194 1.91342 29
    endloop
  endfacet
  facet normal -0.980786 -0.195089 0
    outer loop
      vertex 4.6194 1.91342 31
      vertex 5 0 29
      vertex 5 0 31
    endloop
  endfacet
  facet normal 0.831467 -0.555574 0
    outer loop
      vertex -4.6194 1.91342 40
      vertex -3.53553 3.53553 33
      vertex -3.53553 3.53553 40
    endloop
  endfacet
  facet normal 0.831467 -0.555574 0
    outer loop
      vertex -3.53553 3.53553 33
      vertex -4.6194 1.91342 40
      vertex -4.6194 1.91342 33
    endloop
  endfacet
  facet normal 0.831467 -0.555574 0
    outer loop
      vertex -4.6194 1.91342 31
      vertex -3.53553 3.53553 29
      vertex -3.53553 3.53553 31
    endloop
  endfacet
  facet normal 0.831467 -0.555574 0
    outer loop
      vertex -3.53553 3.53553 29
      vertex -4.6194 1.91342 31
      vertex -4.6194 1.91342 29
    endloop
  endfacet
  facet normal 0.195089 0.980786 -0
    outer loop
      vertex 0 -5 34
      vertex -1.91342 -4.6194 40
      vertex 0 -5 40
    endloop
  endfacet
  facet normal 0.195089 0.980786 0
    outer loop
      vertex -1.91342 -4.6194 33
      vertex 0 -5 34
      vertex 0 -5 33
    endloop
  endfacet
  facet normal 0.195089 0.980786 0
    outer loop
      vertex 0 -5 34
      vertex -1.91342 -4.6194 33
      vertex -1.91342 -4.6194 40
    endloop
  endfacet
  facet normal 0.195089 0.980786 -0
    outer loop
      vertex 0 -5 29
      vertex -1.91342 -4.6194 31
      vertex 0 -5 31
    endloop
  endfacet
  facet normal 0.195089 0.980786 0
    outer loop
      vertex -1.91342 -4.6194 31
      vertex 0 -5 29
      vertex -1.91342 -4.6194 29
    endloop
  endfacet
  facet normal -0.195089 0.980786 0
    outer loop
      vertex 1.91342 -4.6194 40
      vertex 0 -5 34
      vertex 0 -5 40
    endloop
  endfacet
  facet normal -0.195089 0.980786 0
    outer loop
      vertex 1.91342 -4.6194 33
      vertex 0 -5 34
      vertex 1.91342 -4.6194 40
    endloop
  endfacet
  facet normal -0.195089 0.980786 0
    outer loop
      vertex 0 -5 34
      vertex 1.91342 -4.6194 33
      vertex 0 -5 33
    endloop
  endfacet
  facet normal -0.195089 0.980786 0
    outer loop
      vertex 1.91342 -4.6194 29
      vertex 0 -5 31
      vertex 1.91342 -4.6194 31
    endloop
  endfacet
  facet normal -0.195089 0.980786 0
    outer loop
      vertex 0 -5 31
      vertex 1.91342 -4.6194 29
      vertex 0 -5 29
    endloop
  endfacet
  facet normal -0.555574 0.831467 0
    outer loop
      vertex 3.53553 -3.53553 33
      vertex 1.91342 -4.6194 40
      vertex 3.53553 -3.53553 40
    endloop
  endfacet
  facet normal -0.555574 0.831467 0
    outer loop
      vertex 1.91342 -4.6194 40
      vertex 3.53553 -3.53553 33
      vertex 1.91342 -4.6194 33
    endloop
  endfacet
  facet normal -0.555574 0.831467 0
    outer loop
      vertex 3.53553 -3.53553 29
      vertex 1.91342 -4.6194 31
      vertex 3.53553 -3.53553 31
    endloop
  endfacet
  facet normal -0.555574 0.831467 0
    outer loop
      vertex 1.91342 -4.6194 31
      vertex 3.53553 -3.53553 29
      vertex 1.91342 -4.6194 29
    endloop
  endfacet
  facet normal -0.831467 0.555574 0
    outer loop
      vertex 3.53553 -3.53553 33
      vertex 4.6194 -1.91342 40
      vertex 4.6194 -1.91342 33
    endloop
  endfacet
  facet normal -0.831467 0.555574 0
    outer loop
      vertex 4.6194 -1.91342 40
      vertex 3.53553 -3.53553 33
      vertex 3.53553 -3.53553 40
    endloop
  endfacet
  facet normal -0.831467 0.555574 0
    outer loop
      vertex 3.53553 -3.53553 29
      vertex 4.6194 -1.91342 31
      vertex 4.6194 -1.91342 29
    endloop
  endfacet
  facet normal -0.831467 0.555574 0
    outer loop
      vertex 4.6194 -1.91342 31
      vertex 3.53553 -3.53553 29
      vertex 3.53553 -3.53553 31
    endloop
  endfacet
  facet normal 0.980786 -0.195089 0
    outer loop
      vertex -5 0 34
      vertex -4.6194 1.91342 40
      vertex -5 0 40
    endloop
  endfacet
  facet normal 0.980786 -0.195089 0
    outer loop
      vertex -4.6194 1.91342 40
      vertex -5 0 34
      vertex -4.6194 1.91342 33
    endloop
  endfacet
  facet normal 0.980786 -0.195089 0
    outer loop
      vertex -4.6194 1.91342 33
      vertex -5 0 34
      vertex -5 0 33
    endloop
  endfacet
  facet normal 0.980786 -0.195089 0
    outer loop
      vertex -5 0 31
      vertex -4.6194 1.91342 29
      vertex -4.6194 1.91342 31
    endloop
  endfacet
  facet normal 0.980786 -0.195089 0
    outer loop
      vertex -4.6194 1.91342 29
      vertex -5 0 31
      vertex -5 0 29
    endloop
  endfacet
  facet normal -0.980786 0.195089 0
    outer loop
      vertex 4.6194 -1.91342 33
      vertex 5 0 34
      vertex 5 0 33
    endloop
  endfacet
  facet normal -0.980786 0.195089 0
    outer loop
      vertex 4.6194 -1.91342 40
      vertex 5 0 34
      vertex 4.6194 -1.91342 33
    endloop
  endfacet
  facet normal -0.980786 0.195089 0
    outer loop
      vertex 5 0 34
      vertex 4.6194 -1.91342 40
      vertex 5 0 40
    endloop
  endfacet
  facet normal -0.980786 0.195089 0
    outer loop
      vertex 4.6194 -1.91342 29
      vertex 5 0 31
      vertex 5 0 29
    endloop
  endfacet
  facet normal -0.980786 0.195089 0
    outer loop
      vertex 5 0 31
      vertex 4.6194 -1.91342 29
      vertex 4.6194 -1.91342 31
    endloop
  endfacet
  facet normal 0.195089 -0.980786 0
    outer loop
      vertex -1.91342 4.6194 40
      vertex 0 5 34
      vertex 0 5 40
    endloop
  endfacet
  facet normal 0.195089 -0.980786 0
    outer loop
      vertex -1.91342 4.6194 33
      vertex 0 5 34
      vertex -1.91342 4.6194 40
    endloop
  endfacet
  facet normal 0.195089 -0.980786 0
    outer loop
      vertex 0 5 34
      vertex -1.91342 4.6194 33
      vertex 0 5 33
    endloop
  endfacet
  facet normal 0.195089 -0.980786 0
    outer loop
      vertex -1.91342 4.6194 29
      vertex 0 5 31
      vertex -1.91342 4.6194 31
    endloop
  endfacet
  facet normal 0.195089 -0.980786 0
    outer loop
      vertex 0 5 31
      vertex -1.91342 4.6194 29
      vertex 0 5 29
    endloop
  endfacet
  facet normal -0.195089 -0.980786 0
    outer loop
      vertex 0 5 34
      vertex 1.91342 4.6194 40
      vertex 0 5 40
    endloop
  endfacet
  facet normal -0.195089 -0.980786 0
    outer loop
      vertex 1.91342 4.6194 33
      vertex 0 5 34
      vertex 0 5 33
    endloop
  endfacet
  facet normal -0.195089 -0.980786 0
    outer loop
      vertex 0 5 34
      vertex 1.91342 4.6194 33
      vertex 1.91342 4.6194 40
    endloop
  endfacet
  facet normal -0.195089 -0.980786 0
    outer loop
      vertex 0 5 29
      vertex 1.91342 4.6194 31
      vertex 0 5 31
    endloop
  endfacet
  facet normal -0.195089 -0.980786 -0
    outer loop
      vertex 1.91342 4.6194 31
      vertex 0 5 29
      vertex 1.91342 4.6194 29
    endloop
  endfacet
  facet normal -0.555574 -0.831467 0
    outer loop
      vertex 1.91342 4.6194 33
      vertex 3.53553 3.53553 40
      vertex 1.91342 4.6194 40
    endloop
  endfacet
  facet normal -0.555574 -0.831467 -0
    outer loop
      vertex 3.53553 3.53553 40
      vertex 1.91342 4.6194 33
      vertex 3.53553 3.53553 33
    endloop
  endfacet
  facet normal -0.555574 -0.831467 0
    outer loop
      vertex 1.91342 4.6194 29
      vertex 3.53553 3.53553 31
      vertex 1.91342 4.6194 31
    endloop
  endfacet
  facet normal -0.555574 -0.831467 -0
    outer loop
      vertex 3.53553 3.53553 31
      vertex 1.91342 4.6194 29
      vertex 3.53553 3.53553 29
    endloop
  endfacet
  facet normal 0.831467 0.555574 0
    outer loop
      vertex -3.53553 -3.53553 40
      vertex -4.6194 -1.91342 33
      vertex -4.6194 -1.91342 40
    endloop
  endfacet
  facet normal 0.831467 0.555574 0
    outer loop
      vertex -4.6194 -1.91342 33
      vertex -3.53553 -3.53553 40
      vertex -3.53553 -3.53553 33
    endloop
  endfacet
  facet normal 0.831467 0.555574 0
    outer loop
      vertex -3.53553 -3.53553 31
      vertex -4.6194 -1.91342 29
      vertex -4.6194 -1.91342 31
    endloop
  endfacet
  facet normal 0.831467 0.555574 0
    outer loop
      vertex -4.6194 -1.91342 29
      vertex -3.53553 -3.53553 31
      vertex -3.53553 -3.53553 29
    endloop
  endfacet
  facet normal 0.980786 0.195089 0
    outer loop
      vertex -4.6194 -1.91342 40
      vertex -5 0 34
      vertex -5 0 40
    endloop
  endfacet
  facet normal 0.980786 0.195089 -0
    outer loop
      vertex -4.6194 -1.91342 33
      vertex -5 0 34
      vertex -4.6194 -1.91342 40
    endloop
  endfacet
  facet normal 0.980786 0.195089 0
    outer loop
      vertex -5 0 34
      vertex -4.6194 -1.91342 33
      vertex -5 0 33
    endloop
  endfacet
  facet normal 0.980786 0.195089 0
    outer loop
      vertex -4.6194 -1.91342 31
      vertex -5 0 29
      vertex -5 0 31
    endloop
  endfacet
  facet normal 0.980786 0.195089 0
    outer loop
      vertex -5 0 29
      vertex -4.6194 -1.91342 31
      vertex -4.6194 -1.91342 29
    endloop
  endfacet
  facet normal 0.555574 0.831467 -0
    outer loop
      vertex -1.91342 -4.6194 33
      vertex -3.53553 -3.53553 40
      vertex -1.91342 -4.6194 40
    endloop
  endfacet
  facet normal 0.555574 0.831467 0
    outer loop
      vertex -3.53553 -3.53553 40
      vertex -1.91342 -4.6194 33
      vertex -3.53553 -3.53553 33
    endloop
  endfacet
  facet normal 0.555574 0.831467 -0
    outer loop
      vertex -1.91342 -4.6194 29
      vertex -3.53553 -3.53553 31
      vertex -1.91342 -4.6194 31
    endloop
  endfacet
  facet normal 0.555574 0.831467 0
    outer loop
      vertex -3.53553 -3.53553 31
      vertex -1.91342 -4.6194 29
      vertex -3.53553 -3.53553 29
    endloop
  endfacet
  facet normal 0.951059 0.309008 0
    outer loop
      vertex 12.2268 2.5989 33
      vertex 11.4193 5.08421 31
      vertex 11.4193 5.08421 33
    endloop
  endfacet
  facet normal 0.951059 0.309008 0
    outer loop
      vertex 11.4193 5.08421 31
      vertex 12.2268 2.5989 33
      vertex 12.2268 2.5989 31
    endloop
  endfacet
  facet normal 0.99452 0.104545 0
    outer loop
      vertex 12.5 0 33
      vertex 12.2268 2.5989 31
      vertex 12.2268 2.5989 33
    endloop
  endfacet
  facet normal 0.99452 0.104545 0
    outer loop
      vertex 12.2268 2.5989 31
      vertex 12.5 0 33
      vertex 12.5 0 31
    endloop
  endfacet
  facet normal 0.866026 0.5 0
    outer loop
      vertex 11.4193 5.08421 33
      vertex 10.1127 7.34731 31
      vertex 10.1127 7.34731 33
    endloop
  endfacet
  facet normal 0.866026 0.5 0
    outer loop
      vertex 10.1127 7.34731 31
      vertex 11.4193 5.08421 33
      vertex 11.4193 5.08421 31
    endloop
  endfacet
  facet normal 0.587781 -0.80902 0
    outer loop
      vertex 6.25 -10.8253 31
      vertex 8.36413 -9.28931 33
      vertex 6.25 -10.8253 33
    endloop
  endfacet
  facet normal 0.587781 -0.80902 0
    outer loop
      vertex 8.36413 -9.28931 33
      vertex 6.25 -10.8253 31
      vertex 8.36413 -9.28931 31
    endloop
  endfacet
  facet normal -0.743148 0.669128 0
    outer loop
      vertex -10.1127 7.34731 31
      vertex -8.36413 9.28931 33
      vertex -8.36413 9.28931 31
    endloop
  endfacet
  facet normal -0.743148 0.669128 0
    outer loop
      vertex -8.36413 9.28931 33
      vertex -10.1127 7.34731 31
      vertex -10.1127 7.34731 33
    endloop
  endfacet
  facet normal 0.40674 0.913544 -0
    outer loop
      vertex 6.25 10.8253 31
      vertex 3.86271 11.8882 33
      vertex 6.25 10.8253 33
    endloop
  endfacet
  facet normal 0.40674 0.913544 0
    outer loop
      vertex 3.86271 11.8882 33
      vertex 6.25 10.8253 31
      vertex 3.86271 11.8882 31
    endloop
  endfacet
  facet normal -0.743148 -0.669128 0
    outer loop
      vertex -8.36413 -9.28931 31
      vertex -10.1127 -7.34731 33
      vertex -10.1127 -7.34731 31
    endloop
  endfacet
  facet normal -0.743148 -0.669128 0
    outer loop
      vertex -10.1127 -7.34731 33
      vertex -8.36413 -9.28931 31
      vertex -8.36413 -9.28931 33
    endloop
  endfacet
  facet normal 0 -1 0
    outer loop
      vertex -1.30661 -12.4315 31
      vertex 1.30661 -12.4315 33
      vertex -1.30661 -12.4315 33
    endloop
  endfacet
  facet normal 0 -1 -0
    outer loop
      vertex 1.30661 -12.4315 33
      vertex -1.30661 -12.4315 31
      vertex 1.30661 -12.4315 31
    endloop
  endfacet
  facet normal 0.99452 -0.104545 0
    outer loop
      vertex 12.2268 -2.5989 33
      vertex 12.5 0 31
      vertex 12.5 0 33
    endloop
  endfacet
  facet normal 0.99452 -0.104545 0
    outer loop
      vertex 12.5 0 31
      vertex 12.2268 -2.5989 33
      vertex 12.2268 -2.5989 31
    endloop
  endfacet
  facet normal -0.40674 0.913544 0
    outer loop
      vertex -3.86271 11.8882 31
      vertex -6.25 10.8253 33
      vertex -3.86271 11.8882 33
    endloop
  endfacet
  facet normal -0.40674 0.913544 0
    outer loop
      vertex -6.25 10.8253 33
      vertex -3.86271 11.8882 31
      vertex -6.25 10.8253 31
    endloop
  endfacet
  facet normal 0.743148 0.669128 0
    outer loop
      vertex 10.1127 7.34731 33
      vertex 8.36413 9.28931 31
      vertex 8.36413 9.28931 33
    endloop
  endfacet
  facet normal 0.743148 0.669128 0
    outer loop
      vertex 8.36413 9.28931 31
      vertex 10.1127 7.34731 33
      vertex 10.1127 7.34731 31
    endloop
  endfacet
  facet normal -0.99452 -0.104545 0
    outer loop
      vertex -12.2268 -2.5989 31
      vertex -12.5 0 33
      vertex -12.5 0 31
    endloop
  endfacet
  facet normal -0.99452 -0.104545 0
    outer loop
      vertex -12.5 0 33
      vertex -12.2268 -2.5989 31
      vertex -12.2268 -2.5989 33
    endloop
  endfacet
  facet normal 0 0 1
    outer loop
      vertex -2.59808 -6.97233 33
      vertex -3.75 -6.49519 33
      vertex -2.59808 -9.5 33
    endloop
  endfacet
  facet normal 0 0 1
    outer loop
      vertex 11 0 33
      vertex 12.5 0 33
      vertex 12.2268 2.5989 33
    endloop
  endfacet
  facet normal 0 0 1
    outer loop
      vertex 9.5 2.59808 33
      vertex 12.2268 2.5989 33
      vertex 11.4193 5.08421 33
    endloop
  endfacet
  facet normal 0 0 1
    outer loop
      vertex 12.5 0 33
      vertex 11 0 33
      vertex 12.2268 -2.5989 33
    endloop
  endfacet
  facet normal -0 0 1
    outer loop
      vertex 9.5 -2.59808 33
      vertex 12.2268 -2.5989 33
      vertex 11 0 33
    endloop
  endfacet
  facet normal 0 0 1
    outer loop
      vertex 9.5 2.59808 33
      vertex 11.4193 5.08421 33
      vertex 10.1127 7.34731 33
    endloop
  endfacet
  facet normal 0 0 1
    outer loop
      vertex 12.2268 2.5989 33
      vertex 9.5 2.59808 33
      vertex 11 0 33
    endloop
  endfacet
  facet normal 0 0 1
    outer loop
      vertex 5.3033 5.3033 33
      vertex 10.1127 7.34731 33
      vertex 8.36413 9.28931 33
    endloop
  endfacet
  facet normal 0 0 1
    outer loop
      vertex 10.1127 7.34731 33
      vertex 6.49519 3.75 33
      vertex 9.5 2.59808 33
    endloop
  endfacet
  facet normal 0 0 1
    outer loop
      vertex 9.5 2.59808 33
      vertex 6.49519 3.75 33
      vertex 6.97233 2.59808 33
    endloop
  endfacet
  facet normal 0 0 1
    outer loop
      vertex 3.75 6.49519 33
      vertex 8.36413 9.28931 33
      vertex 6.25 10.8253 33
    endloop
  endfacet
  facet normal 0 0 1
    outer loop
      vertex 10.1127 7.34731 33
      vertex 5.3033 5.3033 33
      vertex 6.49519 3.75 33
    endloop
  endfacet
  facet normal 0 0 1
    outer loop
      vertex 2.59808 9.5 33
      vertex 6.25 10.8253 33
      vertex 3.86271 11.8882 33
    endloop
  endfacet
  facet normal 0 0 1
    outer loop
      vertex 8.36413 9.28931 33
      vertex 3.75 6.49519 33
      vertex 5.3033 5.3033 33
    endloop
  endfacet
  facet normal 0 0 1
    outer loop
      vertex 6.25 10.8253 33
      vertex 2.59808 9.5 33
      vertex 3.75 6.49519 33
    endloop
  endfacet
  facet normal 0 0 1
    outer loop
      vertex 1.30661 12.4315 33
      vertex 2.59808 9.5 33
      vertex 3.86271 11.8882 33
    endloop
  endfacet
  facet normal 0 0 1
    outer loop
      vertex 1.30661 12.4315 33
      vertex 0 11 33
      vertex 2.59808 9.5 33
    endloop
  endfacet
  facet normal -0 0 1
    outer loop
      vertex -1.30661 12.4315 33
      vertex 0 11 33
      vertex 1.30661 12.4315 33
    endloop
  endfacet
  facet normal 0 0 1
    outer loop
      vertex -1.30661 12.4315 33
      vertex -2.59808 9.5 33
      vertex 0 11 33
    endloop
  endfacet
  facet normal 0 0 1
    outer loop
      vertex -2.59808 9.5 33
      vertex -3.75 6.49519 33
      vertex -2.59808 6.97233 33
    endloop
  endfacet
  facet normal -0 0 1
    outer loop
      vertex -3.86271 11.8882 33
      vertex -2.59808 9.5 33
      vertex -1.30661 12.4315 33
    endloop
  endfacet
  facet normal -0 0 1
    outer loop
      vertex -6.25 10.8253 33
      vertex -2.59808 9.5 33
      vertex -3.86271 11.8882 33
    endloop
  endfacet
  facet normal 0 0 1
    outer loop
      vertex -2.59808 9.5 33
      vertex -6.25 10.8253 33
      vertex -3.75 6.49519 33
    endloop
  endfacet
  facet normal -0 0 1
    outer loop
      vertex -8.36413 9.28931 33
      vertex -3.75 6.49519 33
      vertex -6.25 10.8253 33
    endloop
  endfacet
  facet normal 0 0 1
    outer loop
      vertex -3.75 6.49519 33
      vertex -8.36413 9.28931 33
      vertex -5.3033 5.3033 33
    endloop
  endfacet
  facet normal -0 0 1
    outer loop
      vertex -10.1127 7.34731 33
      vertex -5.3033 5.3033 33
      vertex -8.36413 9.28931 33
    endloop
  endfacet
  facet normal 0 0 1
    outer loop
      vertex -5.3033 5.3033 33
      vertex -10.1127 7.34731 33
      vertex -6.49519 3.75 33
    endloop
  endfacet
  facet normal 0 -0 1
    outer loop
      vertex -9.5 2.59808 33
      vertex -6.49519 3.75 33
      vertex -10.1127 7.34731 33
    endloop
  endfacet
  facet normal 0 0 1
    outer loop
      vertex -6.49519 3.75 33
      vertex -9.5 2.59808 33
      vertex -6.97233 2.59808 33
    endloop
  endfacet
  facet normal -0 0 1
    outer loop
      vertex -11.4193 5.08421 33
      vertex -9.5 2.59808 33
      vertex -10.1127 7.34731 33
    endloop
  endfacet
  facet normal -0 0 1
    outer loop
      vertex -12.2268 2.5989 33
      vertex -9.5 2.59808 33
      vertex -11.4193 5.08421 33
    endloop
  endfacet
  facet normal 0 0 1
    outer loop
      vertex 12.2268 -2.5989 33
      vertex 9.5 -2.59808 33
      vertex 11.4193 -5.08421 33
    endloop
  endfacet
  facet normal 0 0 1
    outer loop
      vertex 11.4193 -5.08421 33
      vertex 9.5 -2.59808 33
      vertex 10.1127 -7.34731 33
    endloop
  endfacet
  facet normal -0 0 1
    outer loop
      vertex 6.49519 -3.75 33
      vertex 10.1127 -7.34731 33
      vertex 9.5 -2.59808 33
    endloop
  endfacet
  facet normal 0 0 1
    outer loop
      vertex 6.49519 -3.75 33
      vertex 9.5 -2.59808 33
      vertex 6.97233 -2.59808 33
    endloop
  endfacet
  facet normal -0 0 1
    outer loop
      vertex 5.3033 -5.3033 33
      vertex 10.1127 -7.34731 33
      vertex 6.49519 -3.75 33
    endloop
  endfacet
  facet normal 0 0 1
    outer loop
      vertex 10.1127 -7.34731 33
      vertex 5.3033 -5.3033 33
      vertex 8.36413 -9.28931 33
    endloop
  endfacet
  facet normal -0 0 1
    outer loop
      vertex 3.75 -6.49519 33
      vertex 8.36413 -9.28931 33
      vertex 5.3033 -5.3033 33
    endloop
  endfacet
  facet normal 0 0 1
    outer loop
      vertex 8.36413 -9.28931 33
      vertex 3.75 -6.49519 33
      vertex 6.25 -10.8253 33
    endloop
  endfacet
  facet normal -0 0 1
    outer loop
      vertex 2.59808 -9.5 33
      vertex 6.25 -10.8253 33
      vertex 3.75 -6.49519 33
    endloop
  endfacet
  facet normal 0 0 1
    outer loop
      vertex 2.59808 -9.5 33
      vertex 3.75 -6.49519 33
      vertex 2.59808 -6.97233 33
    endloop
  endfacet
  facet normal 0 0 1
    outer loop
      vertex 6.25 -10.8253 33
      vertex 2.59808 -9.5 33
      vertex 3.86271 -11.8882 33
    endloop
  endfacet
  facet normal 0 0 1
    outer loop
      vertex 2.59808 -9.5 33
      vertex 1.30661 -12.4315 33
      vertex 3.86271 -11.8882 33
    endloop
  endfacet
  facet normal -0 0 1
    outer loop
      vertex 0 -11 33
      vertex 1.30661 -12.4315 33
      vertex 2.59808 -9.5 33
    endloop
  endfacet
  facet normal 0 0 1
    outer loop
      vertex 0 -11 33
      vertex -1.30661 -12.4315 33
      vertex 1.30661 -12.4315 33
    endloop
  endfacet
  facet normal 0 0 1
    outer loop
      vertex -2.59808 -9.5 33
      vertex -1.30661 -12.4315 33
      vertex 0 -11 33
    endloop
  endfacet
  facet normal 0 0 1
    outer loop
      vertex -2.59808 -9.5 33
      vertex -3.86271 -11.8882 33
      vertex -1.30661 -12.4315 33
    endloop
  endfacet
  facet normal 0 0 1
    outer loop
      vertex -6.25 -10.8253 33
      vertex -2.59808 -9.5 33
      vertex -3.75 -6.49519 33
    endloop
  endfacet
  facet normal 0 0 1
    outer loop
      vertex -8.36413 -9.28931 33
      vertex -3.75 -6.49519 33
      vertex -5.3033 -5.3033 33
    endloop
  endfacet
  facet normal 0 0 1
    outer loop
      vertex -2.59808 -9.5 33
      vertex -6.25 -10.8253 33
      vertex -3.86271 -11.8882 33
    endloop
  endfacet
  facet normal 0 0 1
    outer loop
      vertex -10.1127 -7.34731 33
      vertex -5.3033 -5.3033 33
      vertex -6.49519 -3.75 33
    endloop
  endfacet
  facet normal -0 0 1
    outer loop
      vertex -9.5 -2.59808 33
      vertex -6.49519 -3.75 33
      vertex -6.97233 -2.59808 33
    endloop
  endfacet
  facet normal 0 0 1
    outer loop
      vertex -3.75 -6.49519 33
      vertex -8.36413 -9.28931 33
      vertex -6.25 -10.8253 33
    endloop
  endfacet
  facet normal 0 0 1
    outer loop
      vertex -6.49519 -3.75 33
      vertex -9.5 -2.59808 33
      vertex -10.1127 -7.34731 33
    endloop
  endfacet
  facet normal 0 0 1
    outer loop
      vertex -5.3033 -5.3033 33
      vertex -10.1127 -7.34731 33
      vertex -8.36413 -9.28931 33
    endloop
  endfacet
  facet normal 0 0 1
    outer loop
      vertex -12.2268 -2.5989 33
      vertex -9.5 -2.59808 33
      vertex -11 0 33
    endloop
  endfacet
  facet normal 0 0 1
    outer loop
      vertex -9.5 -2.59808 33
      vertex -11.4193 -5.08421 33
      vertex -10.1127 -7.34731 33
    endloop
  endfacet
  facet normal 0 0 1
    outer loop
      vertex -9.5 2.59808 33
      vertex -12.2268 2.5989 33
      vertex -11 0 33
    endloop
  endfacet
  facet normal 0 0 1
    outer loop
      vertex -12.5 0 33
      vertex -11 0 33
      vertex -12.2268 2.5989 33
    endloop
  endfacet
  facet normal 0 0 1
    outer loop
      vertex -9.5 -2.59808 33
      vertex -12.2268 -2.5989 33
      vertex -11.4193 -5.08421 33
    endloop
  endfacet
  facet normal 0 0 1
    outer loop
      vertex -11 0 33
      vertex -12.5 0 33
      vertex -12.2268 -2.5989 33
    endloop
  endfacet
  facet normal 0 0 1
    outer loop
      vertex 3.75 6.49519 33
      vertex 2.59808 9.5 33
      vertex 2.59808 6.97233 33
    endloop
  endfacet
  facet normal 0 0 1
    outer loop
      vertex 4.6194 1.91342 33
      vertex 4.6194 -1.91342 33
      vertex 5 0 33
    endloop
  endfacet
  facet normal 0 0 1
    outer loop
      vertex 3.53553 3.53553 33
      vertex 4.6194 -1.91342 33
      vertex 4.6194 1.91342 33
    endloop
  endfacet
  facet normal 0 0 1
    outer loop
      vertex 3.53553 3.53553 33
      vertex 3.53553 -3.53553 33
      vertex 4.6194 -1.91342 33
    endloop
  endfacet
  facet normal 0 0 1
    outer loop
      vertex 1.91342 4.6194 33
      vertex 3.53553 -3.53553 33
      vertex 3.53553 3.53553 33
    endloop
  endfacet
  facet normal 0 0 1
    outer loop
      vertex 1.91342 4.6194 33
      vertex 1.91342 -4.6194 33
      vertex 3.53553 -3.53553 33
    endloop
  endfacet
  facet normal 0 0 1
    outer loop
      vertex 0 5 33
      vertex 1.91342 -4.6194 33
      vertex 1.91342 4.6194 33
    endloop
  endfacet
  facet normal 0 0 1
    outer loop
      vertex 0 5 33
      vertex 0 -5 33
      vertex 1.91342 -4.6194 33
    endloop
  endfacet
  facet normal -0 0 1
    outer loop
      vertex -1.91342 4.6194 33
      vertex 0 -5 33
      vertex 0 5 33
    endloop
  endfacet
  facet normal 0 0 1
    outer loop
      vertex -1.91342 4.6194 33
      vertex -1.91342 -4.6194 33
      vertex 0 -5 33
    endloop
  endfacet
  facet normal -0 0 1
    outer loop
      vertex -3.53553 3.53553 33
      vertex -1.91342 -4.6194 33
      vertex -1.91342 4.6194 33
    endloop
  endfacet
  facet normal 0 0 1
    outer loop
      vertex -3.53553 3.53553 33
      vertex -3.53553 -3.53553 33
      vertex -1.91342 -4.6194 33
    endloop
  endfacet
  facet normal -0 0 1
    outer loop
      vertex -4.6194 1.91342 33
      vertex -3.53553 -3.53553 33
      vertex -3.53553 3.53553 33
    endloop
  endfacet
  facet normal 0 0 1
    outer loop
      vertex -4.6194 1.91342 33
      vertex -4.6194 -1.91342 33
      vertex -3.53553 -3.53553 33
    endloop
  endfacet
  facet normal 0 -0 1
    outer loop
      vertex -4.6194 -1.91342 33
      vertex -4.6194 1.91342 33
      vertex -5 0 33
    endloop
  endfacet
  facet normal -0.40674 -0.913544 0
    outer loop
      vertex -6.25 -10.8253 31
      vertex -3.86271 -11.8882 33
      vertex -6.25 -10.8253 33
    endloop
  endfacet
  facet normal -0.40674 -0.913544 -0
    outer loop
      vertex -3.86271 -11.8882 33
      vertex -6.25 -10.8253 31
      vertex -3.86271 -11.8882 31
    endloop
  endfacet
  facet normal 0.866026 -0.5 0
    outer loop
      vertex 10.1127 -7.34731 33
      vertex 11.4193 -5.08421 31
      vertex 11.4193 -5.08421 33
    endloop
  endfacet
  facet normal 0.866026 -0.5 0
    outer loop
      vertex 11.4193 -5.08421 31
      vertex 10.1127 -7.34731 33
      vertex 10.1127 -7.34731 31
    endloop
  endfacet
  facet normal 0.951059 -0.309008 0
    outer loop
      vertex 11.4193 -5.08421 33
      vertex 12.2268 -2.5989 31
      vertex 12.2268 -2.5989 33
    endloop
  endfacet
  facet normal 0.951059 -0.309008 0
    outer loop
      vertex 12.2268 -2.5989 31
      vertex 11.4193 -5.08421 33
      vertex 11.4193 -5.08421 31
    endloop
  endfacet
  facet normal -0.951059 -0.309008 0
    outer loop
      vertex -11.4193 -5.08421 31
      vertex -12.2268 -2.5989 33
      vertex -12.2268 -2.5989 31
    endloop
  endfacet
  facet normal -0.951059 -0.309008 0
    outer loop
      vertex -12.2268 -2.5989 33
      vertex -11.4193 -5.08421 31
      vertex -11.4193 -5.08421 33
    endloop
  endfacet
  facet normal 0.207906 -0.978149 0
    outer loop
      vertex 1.30661 -12.4315 31
      vertex 3.86271 -11.8882 33
      vertex 1.30661 -12.4315 33
    endloop
  endfacet
  facet normal 0.207906 -0.978149 0
    outer loop
      vertex 3.86271 -11.8882 33
      vertex 1.30661 -12.4315 31
      vertex 3.86271 -11.8882 31
    endloop
  endfacet
  facet normal -0.951059 0.309008 0
    outer loop
      vertex -12.2268 2.5989 31
      vertex -11.4193 5.08421 33
      vertex -11.4193 5.08421 31
    endloop
  endfacet
  facet normal -0.951059 0.309008 0
    outer loop
      vertex -11.4193 5.08421 33
      vertex -12.2268 2.5989 31
      vertex -12.2268 2.5989 33
    endloop
  endfacet
  facet normal 0 1 -0
    outer loop
      vertex 1.30661 12.4315 31
      vertex -1.30661 12.4315 33
      vertex 1.30661 12.4315 33
    endloop
  endfacet
  facet normal 0 1 0
    outer loop
      vertex -1.30661 12.4315 33
      vertex 1.30661 12.4315 31
      vertex -1.30661 12.4315 31
    endloop
  endfacet
  facet normal 0.743148 -0.669128 0
    outer loop
      vertex 8.36413 -9.28931 33
      vertex 10.1127 -7.34731 31
      vertex 10.1127 -7.34731 33
    endloop
  endfacet
  facet normal 0.743148 -0.669128 0
    outer loop
      vertex 10.1127 -7.34731 31
      vertex 8.36413 -9.28931 33
      vertex 8.36413 -9.28931 31
    endloop
  endfacet
  facet normal -0.207906 -0.978149 0
    outer loop
      vertex -3.86271 -11.8882 31
      vertex -1.30661 -12.4315 33
      vertex -3.86271 -11.8882 33
    endloop
  endfacet
  facet normal -0.207906 -0.978149 -0
    outer loop
      vertex -1.30661 -12.4315 33
      vertex -3.86271 -11.8882 31
      vertex -1.30661 -12.4315 31
    endloop
  endfacet
  facet normal -0.866026 0.5 0
    outer loop
      vertex -11.4193 5.08421 31
      vertex -10.1127 7.34731 33
      vertex -10.1127 7.34731 31
    endloop
  endfacet
  facet normal -0.866026 0.5 0
    outer loop
      vertex -10.1127 7.34731 33
      vertex -11.4193 5.08421 31
      vertex -11.4193 5.08421 33
    endloop
  endfacet
  facet normal -0.99452 0.104545 0
    outer loop
      vertex -12.5 0 31
      vertex -12.2268 2.5989 33
      vertex -12.2268 2.5989 31
    endloop
  endfacet
  facet normal -0.99452 0.104545 0
    outer loop
      vertex -12.2268 2.5989 33
      vertex -12.5 0 31
      vertex -12.5 0 33
    endloop
  endfacet
  facet normal -0.866026 -0.5 0
    outer loop
      vertex -10.1127 -7.34731 31
      vertex -11.4193 -5.08421 33
      vertex -11.4193 -5.08421 31
    endloop
  endfacet
  facet normal -0.866026 -0.5 0
    outer loop
      vertex -11.4193 -5.08421 33
      vertex -10.1127 -7.34731 31
      vertex -10.1127 -7.34731 33
    endloop
  endfacet
  facet normal 0.207906 0.978149 -0
    outer loop
      vertex 3.86271 11.8882 31
      vertex 1.30661 12.4315 33
      vertex 3.86271 11.8882 33
    endloop
  endfacet
  facet normal 0.207906 0.978149 0
    outer loop
      vertex 1.30661 12.4315 33
      vertex 3.86271 11.8882 31
      vertex 1.30661 12.4315 31
    endloop
  endfacet
  facet normal 0.40674 -0.913544 0
    outer loop
      vertex 3.86271 -11.8882 31
      vertex 6.25 -10.8253 33
      vertex 3.86271 -11.8882 33
    endloop
  endfacet
  facet normal 0.40674 -0.913544 0
    outer loop
      vertex 6.25 -10.8253 33
      vertex 3.86271 -11.8882 31
      vertex 6.25 -10.8253 31
    endloop
  endfacet
  facet normal 0.587781 0.80902 -0
    outer loop
      vertex 8.36413 9.28931 31
      vertex 6.25 10.8253 33
      vertex 8.36413 9.28931 33
    endloop
  endfacet
  facet normal 0.587781 0.80902 0
    outer loop
      vertex 6.25 10.8253 33
      vertex 8.36413 9.28931 31
      vertex 6.25 10.8253 31
    endloop
  endfacet
  facet normal -0.587781 -0.80902 0
    outer loop
      vertex -8.36413 -9.28931 31
      vertex -6.25 -10.8253 33
      vertex -8.36413 -9.28931 33
    endloop
  endfacet
  facet normal -0.587781 -0.80902 -0
    outer loop
      vertex -6.25 -10.8253 33
      vertex -8.36413 -9.28931 31
      vertex -6.25 -10.8253 31
    endloop
  endfacet
  facet normal -0.587781 0.80902 0
    outer loop
      vertex -6.25 10.8253 31
      vertex -8.36413 9.28931 33
      vertex -6.25 10.8253 33
    endloop
  endfacet
  facet normal -0.587781 0.80902 0
    outer loop
      vertex -8.36413 9.28931 33
      vertex -6.25 10.8253 31
      vertex -8.36413 9.28931 31
    endloop
  endfacet
  facet normal -0.207906 0.978149 0
    outer loop
      vertex -1.30661 12.4315 31
      vertex -3.86271 11.8882 33
      vertex -1.30661 12.4315 33
    endloop
  endfacet
  facet normal -0.207906 0.978149 0
    outer loop
      vertex -3.86271 11.8882 33
      vertex -1.30661 12.4315 31
      vertex -3.86271 11.8882 31
    endloop
  endfacet
  facet normal 0.92388 0.382683 0
    outer loop
      vertex 6.49519 3.75 40
      vertex 6.97233 2.59808 34
      vertex 6.49519 3.75 33
    endloop
  endfacet
  facet normal 0.92388 0.382682 2.89461e-07
    outer loop
      vertex 7.24444 1.94114 40
      vertex 6.97233 2.59808 34
      vertex 6.49519 3.75 40
    endloop
  endfacet
  facet normal 0.923881 0.382679 0
    outer loop
      vertex 6.97233 2.59808 34
      vertex 7.24444 1.94114 40
      vertex 7.24444 1.94114 34
    endloop
  endfacet
  facet normal 0.92388 0.382683 0
    outer loop
      vertex 6.49519 3.75 33
      vertex 6.97233 2.59808 34
      vertex 6.97233 2.59808 33
    endloop
  endfacet
  facet normal 0.991444 0.130535 0
    outer loop
      vertex 7.35942 1.06784 40
      vertex 7.24444 1.94114 34
      vertex 7.24444 1.94114 40
    endloop
  endfacet
  facet normal 0.991444 0.130535 0
    outer loop
      vertex 7.24444 1.94114 34
      vertex 7.35942 1.06784 40
      vertex 7.35942 1.06784 34
    endloop
  endfacet
  facet normal 0.793353 0.608762 0
    outer loop
      vertex 6.49519 3.75 40
      vertex 5.3033 5.3033 33
      vertex 5.3033 5.3033 40
    endloop
  endfacet
  facet normal 0.793353 0.608762 0
    outer loop
      vertex 5.3033 5.3033 33
      vertex 6.49519 3.75 40
      vertex 6.49519 3.75 33
    endloop
  endfacet
  facet normal -0.793353 0.608762 0
    outer loop
      vertex -6.49519 3.75 33
      vertex -5.3033 5.3033 40
      vertex -5.3033 5.3033 33
    endloop
  endfacet
  facet normal -0.793353 0.608762 0
    outer loop
      vertex -5.3033 5.3033 40
      vertex -6.49519 3.75 33
      vertex -6.49519 3.75 40
    endloop
  endfacet
  facet normal -0.608762 0.793353 0
    outer loop
      vertex -3.75 6.49519 33
      vertex -5.3033 5.3033 40
      vertex -3.75 6.49519 40
    endloop
  endfacet
  facet normal -0.608762 0.793353 0
    outer loop
      vertex -5.3033 5.3033 40
      vertex -3.75 6.49519 33
      vertex -5.3033 5.3033 33
    endloop
  endfacet
  facet normal 0.382679 -0.923881 0
    outer loop
      vertex 2.59808 -6.97233 34
      vertex 1.94114 -7.24444 40
      vertex 1.94114 -7.24444 34
    endloop
  endfacet
  facet normal 0.382682 -0.92388 2.89461e-07
    outer loop
      vertex 1.94114 -7.24444 40
      vertex 2.59808 -6.97233 34
      vertex 3.75 -6.49519 40
    endloop
  endfacet
  facet normal 0.382683 -0.92388 0
    outer loop
      vertex 3.75 -6.49519 33
      vertex 2.59808 -6.97233 34
      vertex 2.59808 -6.97233 33
    endloop
  endfacet
  facet normal 0.382683 -0.92388 0
    outer loop
      vertex 2.59808 -6.97233 34
      vertex 3.75 -6.49519 33
      vertex 3.75 -6.49519 40
    endloop
  endfacet
  facet normal -0.92388 0.382683 0
    outer loop
      vertex -6.97233 2.59808 34
      vertex -6.49519 3.75 33
      vertex -6.97233 2.59808 33
    endloop
  endfacet
  facet normal -0.92388 0.382683 0
    outer loop
      vertex -6.49519 3.75 33
      vertex -6.97233 2.59808 34
      vertex -6.49519 3.75 40
    endloop
  endfacet
  facet normal -0.923881 0.382679 0
    outer loop
      vertex -7.24444 1.94114 40
      vertex -6.97233 2.59808 34
      vertex -7.24444 1.94114 34
    endloop
  endfacet
  facet normal -0.92388 0.382682 2.89461e-07
    outer loop
      vertex -6.97233 2.59808 34
      vertex -7.24444 1.94114 40
      vertex -6.49519 3.75 40
    endloop
  endfacet
  facet normal 0.608762 0.793353 -0
    outer loop
      vertex 5.3033 5.3033 33
      vertex 3.75 6.49519 40
      vertex 5.3033 5.3033 40
    endloop
  endfacet
  facet normal 0.608762 0.793353 0
    outer loop
      vertex 3.75 6.49519 40
      vertex 5.3033 5.3033 33
      vertex 3.75 6.49519 33
    endloop
  endfacet
  facet normal 0.130535 0.991444 -0
    outer loop
      vertex 1.94114 7.24444 34
      vertex 1.06784 7.35942 40
      vertex 1.94114 7.24444 40
    endloop
  endfacet
  facet normal 0.130535 0.991444 0
    outer loop
      vertex 1.06784 7.35942 40
      vertex 1.94114 7.24444 34
      vertex 1.06784 7.35942 34
    endloop
  endfacet
  facet normal 0.130535 -0.991444 0
    outer loop
      vertex 1.06784 -7.35942 34
      vertex 1.94114 -7.24444 40
      vertex 1.06784 -7.35942 40
    endloop
  endfacet
  facet normal 0.130535 -0.991444 0
    outer loop
      vertex 1.94114 -7.24444 40
      vertex 1.06784 -7.35942 34
      vertex 1.94114 -7.24444 34
    endloop
  endfacet
  facet normal 0 0 1
    outer loop
      vertex 7.24444 1.94114 40
      vertex 6.78647 0.881678 40
      vertex 7.35942 1.06784 40
    endloop
  endfacet
  facet normal 0 0 1
    outer loop
      vertex 7.24444 1.94114 40
      vertex 4.6194 1.91342 40
      vertex 6.78647 0.881678 40
    endloop
  endfacet
  facet normal 0 0 1
    outer loop
      vertex 4.6194 1.91342 40
      vertex 7.24444 1.94114 40
      vertex 6.49519 3.75 40
    endloop
  endfacet
  facet normal 0 0 1
    outer loop
      vertex 6.78647 -0.881678 40
      vertex 7.24444 -1.94114 40
      vertex 7.35942 -1.06784 40
    endloop
  endfacet
  facet normal -0 0 1
    outer loop
      vertex 4.6194 -1.91342 40
      vertex 7.24444 -1.94114 40
      vertex 6.78647 -0.881678 40
    endloop
  endfacet
  facet normal 0 -0 1
    outer loop
      vertex 5 0 40
      vertex 6.78647 0.881678 40
      vertex 4.6194 1.91342 40
    endloop
  endfacet
  facet normal 0 0 1
    outer loop
      vertex 3.53553 3.53553 40
      vertex 6.49519 3.75 40
      vertex 5.3033 5.3033 40
    endloop
  endfacet
  facet normal 0 0 1
    outer loop
      vertex 4.6194 -1.91342 40
      vertex 6.78647 -0.881678 40
      vertex 5 0 40
    endloop
  endfacet
  facet normal 0 0 1
    outer loop
      vertex 7.24444 -1.94114 40
      vertex 4.6194 -1.91342 40
      vertex 6.49519 -3.75 40
    endloop
  endfacet
  facet normal 0 0 1
    outer loop
      vertex 6.78647 0.881678 40
      vertex 5 0 40
      vertex 6.78647 -0.881678 40
    endloop
  endfacet
  facet normal 0 0 1
    outer loop
      vertex 3.53553 3.53553 40
      vertex 5.3033 5.3033 40
      vertex 3.75 6.49519 40
    endloop
  endfacet
  facet normal 0 0 1
    outer loop
      vertex 6.49519 3.75 40
      vertex 3.53553 3.53553 40
      vertex 4.6194 1.91342 40
    endloop
  endfacet
  facet normal 0 0 1
    outer loop
      vertex 1.91342 4.6194 40
      vertex 3.75 6.49519 40
      vertex 1.94114 7.24444 40
    endloop
  endfacet
  facet normal 0 0 1
    outer loop
      vertex 3.75 6.49519 40
      vertex 1.91342 4.6194 40
      vertex 3.53553 3.53553 40
    endloop
  endfacet
  facet normal 0 0 1
    outer loop
      vertex 0.881678 6.78647 40
      vertex 1.94114 7.24444 40
      vertex 1.06784 7.35942 40
    endloop
  endfacet
  facet normal 0 0 1
    outer loop
      vertex 1.94114 7.24444 40
      vertex 0.881678 6.78647 40
      vertex 1.91342 4.6194 40
    endloop
  endfacet
  facet normal 0 0 1
    outer loop
      vertex 0.881678 6.78647 40
      vertex 0 5 40
      vertex 1.91342 4.6194 40
    endloop
  endfacet
  facet normal -0 0 1
    outer loop
      vertex -0.881678 6.78647 40
      vertex 0 5 40
      vertex 0.881678 6.78647 40
    endloop
  endfacet
  facet normal 0 0 1
    outer loop
      vertex -0.881678 6.78647 40
      vertex -1.91342 4.6194 40
      vertex 0 5 40
    endloop
  endfacet
  facet normal -0 0 1
    outer loop
      vertex -1.94114 7.24444 40
      vertex -0.881678 6.78647 40
      vertex -1.06784 7.35942 40
    endloop
  endfacet
  facet normal 0 0 1
    outer loop
      vertex -0.881678 6.78647 40
      vertex -1.94114 7.24444 40
      vertex -1.91342 4.6194 40
    endloop
  endfacet
  facet normal -0 0 1
    outer loop
      vertex -3.75 6.49519 40
      vertex -1.91342 4.6194 40
      vertex -1.94114 7.24444 40
    endloop
  endfacet
  facet normal 0 0 1
    outer loop
      vertex -1.91342 4.6194 40
      vertex -3.75 6.49519 40
      vertex -3.53553 3.53553 40
    endloop
  endfacet
  facet normal -0 0 1
    outer loop
      vertex -5.3033 5.3033 40
      vertex -3.53553 3.53553 40
      vertex -3.75 6.49519 40
    endloop
  endfacet
  facet normal -0 0 1
    outer loop
      vertex -6.49519 3.75 40
      vertex -3.53553 3.53553 40
      vertex -5.3033 5.3033 40
    endloop
  endfacet
  facet normal 0 0 1
    outer loop
      vertex -3.53553 3.53553 40
      vertex -6.49519 3.75 40
      vertex -4.6194 1.91342 40
    endloop
  endfacet
  facet normal 0 0 1
    outer loop
      vertex -7.24444 -1.94114 40
      vertex -4.6194 -1.91342 40
      vertex -6.78647 -0.881678 40
    endloop
  endfacet
  facet normal 0 0 1
    outer loop
      vertex -4.6194 -1.91342 40
      vertex -7.24444 -1.94114 40
      vertex -6.49519 -3.75 40
    endloop
  endfacet
  facet normal 0 -0 1
    outer loop
      vertex -7.24444 -1.94114 40
      vertex -6.78647 -0.881678 40
      vertex -7.35942 -1.06784 40
    endloop
  endfacet
  facet normal -0 0 1
    outer loop
      vertex 3.53553 -3.53553 40
      vertex 6.49519 -3.75 40
      vertex 4.6194 -1.91342 40
    endloop
  endfacet
  facet normal 0 0 1
    outer loop
      vertex 6.49519 -3.75 40
      vertex 3.53553 -3.53553 40
      vertex 5.3033 -5.3033 40
    endloop
  endfacet
  facet normal 0 0 1
    outer loop
      vertex 5.3033 -5.3033 40
      vertex 3.53553 -3.53553 40
      vertex 3.75 -6.49519 40
    endloop
  endfacet
  facet normal -0 0 1
    outer loop
      vertex 1.91342 -4.6194 40
      vertex 3.75 -6.49519 40
      vertex 3.53553 -3.53553 40
    endloop
  endfacet
  facet normal 0 0 1
    outer loop
      vertex 3.75 -6.49519 40
      vertex 1.91342 -4.6194 40
      vertex 1.94114 -7.24444 40
    endloop
  endfacet
  facet normal -0 0 1
    outer loop
      vertex 0.881678 -6.78647 40
      vertex 1.94114 -7.24444 40
      vertex 1.91342 -4.6194 40
    endloop
  endfacet
  facet normal 0 0 1
    outer loop
      vertex 1.94114 -7.24444 40
      vertex 0.881678 -6.78647 40
      vertex 1.06784 -7.35942 40
    endloop
  endfacet
  facet normal -0 0 1
    outer loop
      vertex 0 -5 40
      vertex 0.881678 -6.78647 40
      vertex 1.91342 -4.6194 40
    endloop
  endfacet
  facet normal 0 0 1
    outer loop
      vertex 0 -5 40
      vertex -0.881678 -6.78647 40
      vertex 0.881678 -6.78647 40
    endloop
  endfacet
  facet normal 0 0 1
    outer loop
      vertex -1.91342 -4.6194 40
      vertex -0.881678 -6.78647 40
      vertex 0 -5 40
    endloop
  endfacet
  facet normal 0 0 1
    outer loop
      vertex -1.94114 -7.24444 40
      vertex -0.881678 -6.78647 40
      vertex -1.91342 -4.6194 40
    endloop
  endfacet
  facet normal 0 0 1
    outer loop
      vertex -0.881678 -6.78647 40
      vertex -1.94114 -7.24444 40
      vertex -1.06784 -7.35942 40
    endloop
  endfacet
  facet normal 0 0 1
    outer loop
      vertex -3.75 -6.49519 40
      vertex -1.91342 -4.6194 40
      vertex -3.53553 -3.53553 40
    endloop
  endfacet
  facet normal 0 0 1
    outer loop
      vertex -1.91342 -4.6194 40
      vertex -3.75 -6.49519 40
      vertex -1.94114 -7.24444 40
    endloop
  endfacet
  facet normal 0 0 1
    outer loop
      vertex -6.49519 -3.75 40
      vertex -3.53553 -3.53553 40
      vertex -4.6194 -1.91342 40
    endloop
  endfacet
  facet normal 0 0 1
    outer loop
      vertex -6.78647 -0.881678 40
      vertex -5 0 40
      vertex -6.78647 0.881678 40
    endloop
  endfacet
  facet normal 0 0 1
    outer loop
      vertex -3.53553 -3.53553 40
      vertex -5.3033 -5.3033 40
      vertex -3.75 -6.49519 40
    endloop
  endfacet
  facet normal -0 0 1
    outer loop
      vertex -7.24444 1.94114 40
      vertex -4.6194 1.91342 40
      vertex -6.49519 3.75 40
    endloop
  endfacet
  facet normal 0 0 1
    outer loop
      vertex -4.6194 1.91342 40
      vertex -6.78647 0.881678 40
      vertex -5 0 40
    endloop
  endfacet
  facet normal 0 0 1
    outer loop
      vertex -5 0 40
      vertex -6.78647 -0.881678 40
      vertex -4.6194 -1.91342 40
    endloop
  endfacet
  facet normal 0 0 1
    outer loop
      vertex -3.53553 -3.53553 40
      vertex -6.49519 -3.75 40
      vertex -5.3033 -5.3033 40
    endloop
  endfacet
  facet normal 0 0 1
    outer loop
      vertex -4.6194 1.91342 40
      vertex -7.24444 1.94114 40
      vertex -6.78647 0.881678 40
    endloop
  endfacet
  facet normal 0 0 1
    outer loop
      vertex -6.78647 0.881678 40
      vertex -7.24444 1.94114 40
      vertex -7.35942 1.06784 40
    endloop
  endfacet
  facet normal 0.793353 -0.608762 0
    outer loop
      vertex 5.3033 -5.3033 40
      vertex 6.49519 -3.75 33
      vertex 6.49519 -3.75 40
    endloop
  endfacet
  facet normal 0.793353 -0.608762 0
    outer loop
      vertex 6.49519 -3.75 33
      vertex 5.3033 -5.3033 40
      vertex 5.3033 -5.3033 33
    endloop
  endfacet
  facet normal 0.608762 -0.793353 0
    outer loop
      vertex 3.75 -6.49519 33
      vertex 5.3033 -5.3033 40
      vertex 3.75 -6.49519 40
    endloop
  endfacet
  facet normal 0.608762 -0.793353 0
    outer loop
      vertex 5.3033 -5.3033 40
      vertex 3.75 -6.49519 33
      vertex 5.3033 -5.3033 33
    endloop
  endfacet
  facet normal -0.793353 -0.608762 0
    outer loop
      vertex -5.3033 -5.3033 33
      vertex -6.49519 -3.75 40
      vertex -6.49519 -3.75 33
    endloop
  endfacet
  facet normal -0.793353 -0.608762 0
    outer loop
      vertex -6.49519 -3.75 40
      vertex -5.3033 -5.3033 33
      vertex -5.3033 -5.3033 40
    endloop
  endfacet
  facet normal 0.991444 -0.130535 0
    outer loop
      vertex 7.24444 -1.94114 40
      vertex 7.35942 -1.06784 34
      vertex 7.35942 -1.06784 40
    endloop
  endfacet
  facet normal 0.991444 -0.130535 0
    outer loop
      vertex 7.35942 -1.06784 34
      vertex 7.24444 -1.94114 40
      vertex 7.24444 -1.94114 34
    endloop
  endfacet
  facet normal -0.991444 0.130535 0
    outer loop
      vertex -7.35942 1.06784 34
      vertex -7.24444 1.94114 40
      vertex -7.24444 1.94114 34
    endloop
  endfacet
  facet normal -0.991444 0.130535 0
    outer loop
      vertex -7.24444 1.94114 40
      vertex -7.35942 1.06784 34
      vertex -7.35942 1.06784 40
    endloop
  endfacet
  facet normal -0.130535 0.991444 0
    outer loop
      vertex -1.06784 7.35942 34
      vertex -1.94114 7.24444 40
      vertex -1.06784 7.35942 40
    endloop
  endfacet
  facet normal -0.130535 0.991444 0
    outer loop
      vertex -1.94114 7.24444 40
      vertex -1.06784 7.35942 34
      vertex -1.94114 7.24444 34
    endloop
  endfacet
  facet normal 0.923881 -0.382679 0
    outer loop
      vertex 7.24444 -1.94114 40
      vertex 6.97233 -2.59808 34
      vertex 7.24444 -1.94114 34
    endloop
  endfacet
  facet normal 0.92388 -0.382682 2.89461e-07
    outer loop
      vertex 6.49519 -3.75 40
      vertex 6.97233 -2.59808 34
      vertex 7.24444 -1.94114 40
    endloop
  endfacet
  facet normal 0.92388 -0.382683 0
    outer loop
      vertex 6.49519 -3.75 33
      vertex 6.97233 -2.59808 34
      vertex 6.49519 -3.75 40
    endloop
  endfacet
  facet normal 0.92388 -0.382683 0
    outer loop
      vertex 6.97233 -2.59808 34
      vertex 6.49519 -3.75 33
      vertex 6.97233 -2.59808 33
    endloop
  endfacet
  facet normal -0.382679 0.923881 0
    outer loop
      vertex -2.59808 6.97233 34
      vertex -1.94114 7.24444 40
      vertex -1.94114 7.24444 34
    endloop
  endfacet
  facet normal -0.382682 0.92388 2.89461e-07
    outer loop
      vertex -1.94114 7.24444 40
      vertex -2.59808 6.97233 34
      vertex -3.75 6.49519 40
    endloop
  endfacet
  facet normal -0.382683 0.92388 0
    outer loop
      vertex -3.75 6.49519 33
      vertex -2.59808 6.97233 34
      vertex -2.59808 6.97233 33
    endloop
  endfacet
  facet normal -0.382683 0.92388 0
    outer loop
      vertex -2.59808 6.97233 34
      vertex -3.75 6.49519 33
      vertex -3.75 6.49519 40
    endloop
  endfacet
  facet normal 0.382682 0.92388 2.89461e-07
    outer loop
      vertex 3.75 6.49519 40
      vertex 2.59808 6.97233 34
      vertex 1.94114 7.24444 40
    endloop
  endfacet
  facet normal 0.382683 0.92388 -0
    outer loop
      vertex 3.75 6.49519 33
      vertex 2.59808 6.97233 34
      vertex 3.75 6.49519 40
    endloop
  endfacet
  facet normal 0.382683 0.92388 0
    outer loop
      vertex 2.59808 6.97233 34
      vertex 3.75 6.49519 33
      vertex 2.59808 6.97233 33
    endloop
  endfacet
  facet normal 0.382679 0.923881 0
    outer loop
      vertex 1.94114 7.24444 40
      vertex 2.59808 6.97233 34
      vertex 1.94114 7.24444 34
    endloop
  endfacet
  facet normal -0.130535 -0.991444 0
    outer loop
      vertex -1.94114 -7.24444 34
      vertex -1.06784 -7.35942 40
      vertex -1.94114 -7.24444 40
    endloop
  endfacet
  facet normal -0.130535 -0.991444 -0
    outer loop
      vertex -1.06784 -7.35942 40
      vertex -1.94114 -7.24444 34
      vertex -1.06784 -7.35942 34
    endloop
  endfacet
  facet normal -0.92388 -0.382683 0
    outer loop
      vertex -6.97233 -2.59808 33
      vertex -6.49519 -3.75 33
      vertex -6.97233 -2.59808 34
    endloop
  endfacet
  facet normal -0.923881 -0.382679 0
    outer loop
      vertex -6.97233 -2.59808 34
      vertex -7.24444 -1.94114 40
      vertex -7.24444 -1.94114 34
    endloop
  endfacet
  facet normal -0.92388 -0.382683 -0
    outer loop
      vertex -6.49519 -3.75 40
      vertex -6.97233 -2.59808 34
      vertex -6.49519 -3.75 33
    endloop
  endfacet
  facet normal -0.92388 -0.382682 2.89461e-07
    outer loop
      vertex -6.97233 -2.59808 34
      vertex -6.49519 -3.75 40
      vertex -7.24444 -1.94114 40
    endloop
  endfacet
  facet normal -0.991444 -0.130535 0
    outer loop
      vertex -7.24444 -1.94114 34
      vertex -7.35942 -1.06784 40
      vertex -7.35942 -1.06784 34
    endloop
  endfacet
  facet normal -0.991444 -0.130535 0
    outer loop
      vertex -7.35942 -1.06784 40
      vertex -7.24444 -1.94114 34
      vertex -7.24444 -1.94114 40
    endloop
  endfacet
  facet normal -0.608762 -0.793353 0
    outer loop
      vertex -5.3033 -5.3033 33
      vertex -3.75 -6.49519 40
      vertex -5.3033 -5.3033 40
    endloop
  endfacet
  facet normal -0.608762 -0.793353 -0
    outer loop
      vertex -3.75 -6.49519 40
      vertex -5.3033 -5.3033 33
      vertex -3.75 -6.49519 33
    endloop
  endfacet
  facet normal -0.382682 -0.92388 2.89461e-07
    outer loop
      vertex -3.75 -6.49519 40
      vertex -2.59808 -6.97233 34
      vertex -1.94114 -7.24444 40
    endloop
  endfacet
  facet normal -0.382683 -0.92388 0
    outer loop
      vertex -3.75 -6.49519 33
      vertex -2.59808 -6.97233 34
      vertex -3.75 -6.49519 40
    endloop
  endfacet
  facet normal -0.382683 -0.92388 -0
    outer loop
      vertex -2.59808 -6.97233 34
      vertex -3.75 -6.49519 33
      vertex -2.59808 -6.97233 33
    endloop
  endfacet
  facet normal -0.382679 -0.923881 -0
    outer loop
      vertex -1.94114 -7.24444 40
      vertex -2.59808 -6.97233 34
      vertex -1.94114 -7.24444 34
    endloop
  endfacet
  facet normal -0.309016 -0.951057 0
    outer loop
      vertex 7.35942 -1.06784 -20
      vertex 6.78647 -0.881678 -11
      vertex 6.78647 -0.881678 -20
    endloop
  endfacet
  facet normal -0.309015 -0.951057 8.70312e-08
    outer loop
      vertex 6.78647 -0.881678 -11
      vertex 7.35942 -1.06784 -20
      vertex 8.46352 -1.42658 -11
    endloop
  endfacet
  facet normal -0.309014 -0.951057 0
    outer loop
      vertex 8.46352 -1.42658 -24
      vertex 7.35942 -1.06784 -20
      vertex 7.35942 -1.06784 -24
    endloop
  endfacet
  facet normal -0.309014 -0.951057 0
    outer loop
      vertex 7.35942 -1.06784 -20
      vertex 8.46352 -1.42658 -24
      vertex 8.46352 -1.42658 -11
    endloop
  endfacet
  facet normal -0.309015 0.951057 8.70312e-08
    outer loop
      vertex 8.46352 1.42658 -11
      vertex 7.35942 1.06784 -20
      vertex 6.78647 0.881678 -11
    endloop
  endfacet
  facet normal -0.309014 0.951057 0
    outer loop
      vertex 8.46352 1.42658 -24
      vertex 7.35942 1.06784 -20
      vertex 8.46352 1.42658 -11
    endloop
  endfacet
  facet normal -0.309014 0.951057 0
    outer loop
      vertex 7.35942 1.06784 -20
      vertex 8.46352 1.42658 -24
      vertex 7.35942 1.06784 -24
    endloop
  endfacet
  facet normal -0.309016 0.951057 0
    outer loop
      vertex 6.78647 0.881678 -11
      vertex 7.35942 1.06784 -20
      vertex 6.78647 0.881678 -20
    endloop
  endfacet
  facet normal 0.809015 0.587789 0
    outer loop
      vertex 9.5 0 -11
      vertex 8.46352 1.42658 -24
      vertex 8.46352 1.42658 -11
    endloop
  endfacet
  facet normal 0.809015 0.587789 0
    outer loop
      vertex 8.46352 1.42658 -24
      vertex 9.5 0 -11
      vertex 9.5 0 -24
    endloop
  endfacet
  facet normal -1 0 0
    outer loop
      vertex 6.78647 -0.881678 -20
      vertex 6.78647 0.881678 -11
      vertex 6.78647 0.881678 -20
    endloop
  endfacet
  facet normal -1 -0 0
    outer loop
      vertex 6.78647 0.881678 -11
      vertex 6.78647 -0.881678 -20
      vertex 6.78647 -0.881678 -11
    endloop
  endfacet
  facet normal 0 0 1
    outer loop
      vertex 8.46352 1.42658 -11
      vertex 8.46352 -1.42658 -11
      vertex 9.5 0 -11
    endloop
  endfacet
  facet normal -0 0 1
    outer loop
      vertex 6.78647 0.881678 -11
      vertex 8.46352 -1.42658 -11
      vertex 8.46352 1.42658 -11
    endloop
  endfacet
  facet normal 0 0 1
    outer loop
      vertex 8.46352 -1.42658 -11
      vertex 6.78647 0.881678 -11
      vertex 6.78647 -0.881678 -11
    endloop
  endfacet
  facet normal 0.809015 -0.587789 0
    outer loop
      vertex 8.46352 -1.42658 -11
      vertex 9.5 0 -24
      vertex 9.5 0 -11
    endloop
  endfacet
  facet normal 0.809015 -0.587789 0
    outer loop
      vertex 9.5 0 -24
      vertex 8.46352 -1.42658 -11
      vertex 8.46352 -1.42658 -24
    endloop
  endfacet
  facet normal 0 -1 0
    outer loop
      vertex 6.97233 -2.59808 -25
      vertex 9.5 -2.59808 -24
      vertex 6.97233 -2.59808 -24
    endloop
  endfacet
  facet normal 0 -1 -0
    outer loop
      vertex 9.5 -2.59808 -24
      vertex 6.97233 -2.59808 -25
      vertex 9.5 -2.59808 -25
    endloop
  endfacet
  facet normal 0.866026 -0.499999 0
    outer loop
      vertex 9.5 -2.59808 -24
      vertex 11 0 -25
      vertex 11 0 -24
    endloop
  endfacet
  facet normal 0.866026 -0.499999 0
    outer loop
      vertex 11 0 -25
      vertex 9.5 -2.59808 -24
      vertex 9.5 -2.59808 -25
    endloop
  endfacet
  facet normal 0 1 -0
    outer loop
      vertex 9.5 2.59808 -25
      vertex 6.97233 2.59808 -24
      vertex 9.5 2.59808 -24
    endloop
  endfacet
  facet normal 0 1 0
    outer loop
      vertex 6.97233 2.59808 -24
      vertex 9.5 2.59808 -25
      vertex 6.97233 2.59808 -25
    endloop
  endfacet
  facet normal 0.866026 0.499999 0
    outer loop
      vertex 11 0 -24
      vertex 9.5 2.59808 -25
      vertex 9.5 2.59808 -24
    endloop
  endfacet
  facet normal 0.866026 0.499999 0
    outer loop
      vertex 9.5 2.59808 -25
      vertex 11 0 -24
      vertex 11 0 -25
    endloop
  endfacet
  facet normal 0 0 1
    outer loop
      vertex 9.5 2.59808 -24
      vertex 8.46352 1.42658 -24
      vertex 9.5 0 -24
    endloop
  endfacet
  facet normal -0 0 1
    outer loop
      vertex 7.24444 1.94114 -24
      vertex 8.46352 1.42658 -24
      vertex 9.5 2.59808 -24
    endloop
  endfacet
  facet normal 0 0 1
    outer loop
      vertex 8.46352 1.42658 -24
      vertex 7.24444 1.94114 -24
      vertex 7.35942 1.06784 -24
    endloop
  endfacet
  facet normal 0 -0 1
    outer loop
      vertex 7.24444 1.94114 -24
      vertex 9.5 2.59808 -24
      vertex 6.97233 2.59808 -24
    endloop
  endfacet
  facet normal 0 0 1
    outer loop
      vertex 9.5 0 -24
      vertex 11 0 -24
      vertex 9.5 2.59808 -24
    endloop
  endfacet
  facet normal -0 0 1
    outer loop
      vertex 9.5 0 -24
      vertex 9.5 -2.59808 -24
      vertex 11 0 -24
    endloop
  endfacet
  facet normal -0 0 1
    outer loop
      vertex 8.46352 -1.42658 -24
      vertex 9.5 -2.59808 -24
      vertex 9.5 0 -24
    endloop
  endfacet
  facet normal 0 0 1
    outer loop
      vertex 7.24444 -1.94114 -24
      vertex 8.46352 -1.42658 -24
      vertex 7.35942 -1.06784 -24
    endloop
  endfacet
  facet normal 0 0 1
    outer loop
      vertex 8.46352 -1.42658 -24
      vertex 7.24444 -1.94114 -24
      vertex 9.5 -2.59808 -24
    endloop
  endfacet
  facet normal 0 0 1
    outer loop
      vertex 9.5 -2.59808 -24
      vertex 7.24444 -1.94114 -24
      vertex 6.97233 -2.59808 -24
    endloop
  endfacet
  facet normal -0.309016 -0.951057 0
    outer loop
      vertex 7.35942 -1.06784 40
      vertex 6.78647 -0.881678 47
      vertex 6.78647 -0.881678 40
    endloop
  endfacet
  facet normal -0.309015 -0.951057 1.11897e-07
    outer loop
      vertex 6.78647 -0.881678 47
      vertex 7.35942 -1.06784 40
      vertex 8.46352 -1.42658 47
    endloop
  endfacet
  facet normal -0.309014 -0.951057 0
    outer loop
      vertex 8.46352 -1.42658 34
      vertex 7.35942 -1.06784 40
      vertex 7.35942 -1.06784 34
    endloop
  endfacet
  facet normal -0.309014 -0.951057 0
    outer loop
      vertex 7.35942 -1.06784 40
      vertex 8.46352 -1.42658 34
      vertex 8.46352 -1.42658 47
    endloop
  endfacet
  facet normal -0.309015 0.951057 1.11897e-07
    outer loop
      vertex 8.46352 1.42658 47
      vertex 7.35942 1.06784 40
      vertex 6.78647 0.881678 47
    endloop
  endfacet
  facet normal -0.309014 0.951057 0
    outer loop
      vertex 8.46352 1.42658 34
      vertex 7.35942 1.06784 40
      vertex 8.46352 1.42658 47
    endloop
  endfacet
  facet normal -0.309014 0.951057 0
    outer loop
      vertex 7.35942 1.06784 40
      vertex 8.46352 1.42658 34
      vertex 7.35942 1.06784 34
    endloop
  endfacet
  facet normal -0.309016 0.951057 0
    outer loop
      vertex 6.78647 0.881678 47
      vertex 7.35942 1.06784 40
      vertex 6.78647 0.881678 40
    endloop
  endfacet
  facet normal 0.809015 0.587789 0
    outer loop
      vertex 9.5 0 47
      vertex 8.46352 1.42658 34
      vertex 8.46352 1.42658 47
    endloop
  endfacet
  facet normal 0.809015 0.587789 0
    outer loop
      vertex 8.46352 1.42658 34
      vertex 9.5 0 47
      vertex 9.5 0 34
    endloop
  endfacet
  facet normal -1 0 0
    outer loop
      vertex 6.78647 -0.881678 40
      vertex 6.78647 0.881678 47
      vertex 6.78647 0.881678 40
    endloop
  endfacet
  facet normal -1 -0 0
    outer loop
      vertex 6.78647 0.881678 47
      vertex 6.78647 -0.881678 40
      vertex 6.78647 -0.881678 47
    endloop
  endfacet
  facet normal 0 0 1
    outer loop
      vertex 8.46352 1.42658 47
      vertex 8.46352 -1.42658 47
      vertex 9.5 0 47
    endloop
  endfacet
  facet normal -0 0 1
    outer loop
      vertex 6.78647 0.881678 47
      vertex 8.46352 -1.42658 47
      vertex 8.46352 1.42658 47
    endloop
  endfacet
  facet normal 0 0 1
    outer loop
      vertex 8.46352 -1.42658 47
      vertex 6.78647 0.881678 47
      vertex 6.78647 -0.881678 47
    endloop
  endfacet
  facet normal 0.809015 -0.587789 0
    outer loop
      vertex 8.46352 -1.42658 47
      vertex 9.5 0 34
      vertex 9.5 0 47
    endloop
  endfacet
  facet normal 0.809015 -0.587789 0
    outer loop
      vertex 9.5 0 34
      vertex 8.46352 -1.42658 47
      vertex 8.46352 -1.42658 34
    endloop
  endfacet
  facet normal 0 -1 0
    outer loop
      vertex 6.97233 -2.59808 33
      vertex 9.5 -2.59808 34
      vertex 6.97233 -2.59808 34
    endloop
  endfacet
  facet normal 0 -1 -0
    outer loop
      vertex 9.5 -2.59808 34
      vertex 6.97233 -2.59808 33
      vertex 9.5 -2.59808 33
    endloop
  endfacet
  facet normal 0.866026 -0.499999 0
    outer loop
      vertex 9.5 -2.59808 34
      vertex 11 0 33
      vertex 11 0 34
    endloop
  endfacet
  facet normal 0.866026 -0.499999 0
    outer loop
      vertex 11 0 33
      vertex 9.5 -2.59808 34
      vertex 9.5 -2.59808 33
    endloop
  endfacet
  facet normal 0 1 -0
    outer loop
      vertex 9.5 2.59808 33
      vertex 6.97233 2.59808 34
      vertex 9.5 2.59808 34
    endloop
  endfacet
  facet normal 0 1 0
    outer loop
      vertex 6.97233 2.59808 34
      vertex 9.5 2.59808 33
      vertex 6.97233 2.59808 33
    endloop
  endfacet
  facet normal 0.866026 0.499999 0
    outer loop
      vertex 11 0 34
      vertex 9.5 2.59808 33
      vertex 9.5 2.59808 34
    endloop
  endfacet
  facet normal 0.866026 0.499999 0
    outer loop
      vertex 9.5 2.59808 33
      vertex 11 0 34
      vertex 11 0 33
    endloop
  endfacet
  facet normal 0 0 1
    outer loop
      vertex 9.5 2.59808 34
      vertex 8.46352 1.42658 34
      vertex 9.5 0 34
    endloop
  endfacet
  facet normal -0 0 1
    outer loop
      vertex 7.24444 1.94114 34
      vertex 8.46352 1.42658 34
      vertex 9.5 2.59808 34
    endloop
  endfacet
  facet normal 0 0 1
    outer loop
      vertex 8.46352 1.42658 34
      vertex 7.24444 1.94114 34
      vertex 7.35942 1.06784 34
    endloop
  endfacet
  facet normal 0 -0 1
    outer loop
      vertex 7.24444 1.94114 34
      vertex 9.5 2.59808 34
      vertex 6.97233 2.59808 34
    endloop
  endfacet
  facet normal 0 0 1
    outer loop
      vertex 9.5 0 34
      vertex 11 0 34
      vertex 9.5 2.59808 34
    endloop
  endfacet
  facet normal -0 0 1
    outer loop
      vertex 9.5 0 34
      vertex 9.5 -2.59808 34
      vertex 11 0 34
    endloop
  endfacet
  facet normal -0 0 1
    outer loop
      vertex 8.46352 -1.42658 34
      vertex 9.5 -2.59808 34
      vertex 9.5 0 34
    endloop
  endfacet
  facet normal 0 0 1
    outer loop
      vertex 7.24444 -1.94114 34
      vertex 8.46352 -1.42658 34
      vertex 7.35942 -1.06784 34
    endloop
  endfacet
  facet normal 0 0 1
    outer loop
      vertex 8.46352 -1.42658 34
      vertex 7.24444 -1.94114 34
      vertex 9.5 -2.59808 34
    endloop
  endfacet
  facet normal 0 0 1
    outer loop
      vertex 9.5 -2.59808 34
      vertex 7.24444 -1.94114 34
      vertex 6.97233 -2.59808 34
    endloop
  endfacet
  facet normal 0.951057 -0.309014 0
    outer loop
      vertex 1.42658 8.46352 -11
      vertex 1.06784 7.35942 -20
      vertex 1.42658 8.46352 -24
    endloop
  endfacet
  facet normal 0.951057 -0.309015 8.70312e-08
    outer loop
      vertex 0.881678 6.78647 -11
      vertex 1.06784 7.35942 -20
      vertex 1.42658 8.46352 -11
    endloop
  endfacet
  facet normal 0.951057 -0.309016 0
    outer loop
      vertex 1.06784 7.35942 -20
      vertex 0.881678 6.78647 -11
      vertex 0.881678 6.78647 -20
    endloop
  endfacet
  facet normal 0.951057 -0.309014 0
    outer loop
      vertex 1.42658 8.46352 -24
      vertex 1.06784 7.35942 -20
      vertex 1.06784 7.35942 -24
    endloop
  endfacet
  facet normal -0.951057 -0.309014 -0
    outer loop
      vertex -1.06784 7.35942 -20
      vertex -1.42658 8.46352 -24
      vertex -1.06784 7.35942 -24
    endloop
  endfacet
  facet normal -0.951057 -0.309014 0
    outer loop
      vertex -1.42658 8.46352 -24
      vertex -1.06784 7.35942 -20
      vertex -1.42658 8.46352 -11
    endloop
  endfacet
  facet normal -0.951057 -0.309016 -0
    outer loop
      vertex -0.881678 6.78647 -11
      vertex -1.06784 7.35942 -20
      vertex -0.881678 6.78647 -20
    endloop
  endfacet
  facet normal -0.951057 -0.309015 8.70312e-08
    outer loop
      vertex -1.06784 7.35942 -20
      vertex -0.881678 6.78647 -11
      vertex -1.42658 8.46352 -11
    endloop
  endfacet
  facet normal -0.587789 0.809015 0
    outer loop
      vertex 0 9.5 -24
      vertex -1.42658 8.46352 -11
      vertex 0 9.5 -11
    endloop
  endfacet
  facet normal -0.587789 0.809015 0
    outer loop
      vertex -1.42658 8.46352 -11
      vertex 0 9.5 -24
      vertex -1.42658 8.46352 -24
    endloop
  endfacet
  facet normal 0 -1 0
    outer loop
      vertex -0.881678 6.78647 -20
      vertex 0.881678 6.78647 -11
      vertex -0.881678 6.78647 -11
    endloop
  endfacet
  facet normal 0 -1 -0
    outer loop
      vertex 0.881678 6.78647 -11
      vertex -0.881678 6.78647 -20
      vertex 0.881678 6.78647 -20
    endloop
  endfacet
  facet normal 0 0 1
    outer loop
      vertex 0 9.5 -11
      vertex 0.881678 6.78647 -11
      vertex 1.42658 8.46352 -11
    endloop
  endfacet
  facet normal 0 0 1
    outer loop
      vertex 0 9.5 -11
      vertex -0.881678 6.78647 -11
      vertex 0.881678 6.78647 -11
    endloop
  endfacet
  facet normal 0 -0 1
    outer loop
      vertex -0.881678 6.78647 -11
      vertex 0 9.5 -11
      vertex -1.42658 8.46352 -11
    endloop
  endfacet
  facet normal 0.587789 0.809015 -0
    outer loop
      vertex 1.42658 8.46352 -24
      vertex 0 9.5 -11
      vertex 1.42658 8.46352 -11
    endloop
  endfacet
  facet normal 0.587789 0.809015 0
    outer loop
      vertex 0 9.5 -11
      vertex 1.42658 8.46352 -24
      vertex 0 9.5 -24
    endloop
  endfacet
  facet normal 1 -0 0
    outer loop
      vertex 2.59808 6.97233 -24
      vertex 2.59808 9.5 -25
      vertex 2.59808 9.5 -24
    endloop
  endfacet
  facet normal 1 0 0
    outer loop
      vertex 2.59808 9.5 -25
      vertex 2.59808 6.97233 -24
      vertex 2.59808 6.97233 -25
    endloop
  endfacet
  facet normal 0.499999 0.866026 -0
    outer loop
      vertex 2.59808 9.5 -25
      vertex 0 11 -24
      vertex 2.59808 9.5 -24
    endloop
  endfacet
  facet normal 0.499999 0.866026 0
    outer loop
      vertex 0 11 -24
      vertex 2.59808 9.5 -25
      vertex 0 11 -25
    endloop
  endfacet
  facet normal -1 0 0
    outer loop
      vertex -2.59808 6.97233 -25
      vertex -2.59808 9.5 -24
      vertex -2.59808 9.5 -25
    endloop
  endfacet
  facet normal -1 -0 0
    outer loop
      vertex -2.59808 9.5 -24
      vertex -2.59808 6.97233 -25
      vertex -2.59808 6.97233 -24
    endloop
  endfacet
  facet normal -0.499999 0.866026 0
    outer loop
      vertex 0 11 -25
      vertex -2.59808 9.5 -24
      vertex 0 11 -24
    endloop
  endfacet
  facet normal -0.499999 0.866026 0
    outer loop
      vertex -2.59808 9.5 -24
      vertex 0 11 -25
      vertex -2.59808 9.5 -25
    endloop
  endfacet
  facet normal 0 0 1
    outer loop
      vertex 2.59808 9.5 -24
      vertex 1.94114 7.24444 -24
      vertex 2.59808 6.97233 -24
    endloop
  endfacet
  facet normal 0 0 1
    outer loop
      vertex 2.59808 9.5 -24
      vertex 1.42658 8.46352 -24
      vertex 1.94114 7.24444 -24
    endloop
  endfacet
  facet normal 0 0 1
    outer loop
      vertex 0 9.5 -24
      vertex 2.59808 9.5 -24
      vertex 0 11 -24
    endloop
  endfacet
  facet normal 0 0 1
    outer loop
      vertex 2.59808 9.5 -24
      vertex 0 9.5 -24
      vertex 1.42658 8.46352 -24
    endloop
  endfacet
  facet normal 0 0 1
    outer loop
      vertex -2.59808 9.5 -24
      vertex 0 9.5 -24
      vertex 0 11 -24
    endloop
  endfacet
  facet normal 0 0 1
    outer loop
      vertex 0 9.5 -24
      vertex -2.59808 9.5 -24
      vertex -1.42658 8.46352 -24
    endloop
  endfacet
  facet normal 0 0 1
    outer loop
      vertex -2.59808 9.5 -24
      vertex -1.94114 7.24444 -24
      vertex -1.42658 8.46352 -24
    endloop
  endfacet
  facet normal 0 0 1
    outer loop
      vertex -1.94114 7.24444 -24
      vertex -2.59808 9.5 -24
      vertex -2.59808 6.97233 -24
    endloop
  endfacet
  facet normal 0 0 1
    outer loop
      vertex 1.94114 7.24444 -24
      vertex 1.42658 8.46352 -24
      vertex 1.06784 7.35942 -24
    endloop
  endfacet
  facet normal 0 0 1
    outer loop
      vertex -1.06784 7.35942 -24
      vertex -1.42658 8.46352 -24
      vertex -1.94114 7.24444 -24
    endloop
  endfacet
  facet normal 0.951057 -0.309014 0
    outer loop
      vertex 1.42658 8.46352 47
      vertex 1.06784 7.35942 40
      vertex 1.42658 8.46352 34
    endloop
  endfacet
  facet normal 0.951057 -0.309015 1.11897e-07
    outer loop
      vertex 0.881678 6.78647 47
      vertex 1.06784 7.35942 40
      vertex 1.42658 8.46352 47
    endloop
  endfacet
  facet normal 0.951057 -0.309016 0
    outer loop
      vertex 1.06784 7.35942 40
      vertex 0.881678 6.78647 47
      vertex 0.881678 6.78647 40
    endloop
  endfacet
  facet normal 0.951057 -0.309014 0
    outer loop
      vertex 1.42658 8.46352 34
      vertex 1.06784 7.35942 40
      vertex 1.06784 7.35942 34
    endloop
  endfacet
  facet normal -0.951057 -0.309014 -0
    outer loop
      vertex -1.06784 7.35942 40
      vertex -1.42658 8.46352 34
      vertex -1.06784 7.35942 34
    endloop
  endfacet
  facet normal -0.951057 -0.309014 0
    outer loop
      vertex -1.42658 8.46352 34
      vertex -1.06784 7.35942 40
      vertex -1.42658 8.46352 47
    endloop
  endfacet
  facet normal -0.951057 -0.309016 -0
    outer loop
      vertex -0.881678 6.78647 47
      vertex -1.06784 7.35942 40
      vertex -0.881678 6.78647 40
    endloop
  endfacet
  facet normal -0.951057 -0.309015 1.11897e-07
    outer loop
      vertex -1.06784 7.35942 40
      vertex -0.881678 6.78647 47
      vertex -1.42658 8.46352 47
    endloop
  endfacet
  facet normal -0.587789 0.809015 0
    outer loop
      vertex 0 9.5 34
      vertex -1.42658 8.46352 47
      vertex 0 9.5 47
    endloop
  endfacet
  facet normal -0.587789 0.809015 0
    outer loop
      vertex -1.42658 8.46352 47
      vertex 0 9.5 34
      vertex -1.42658 8.46352 34
    endloop
  endfacet
  facet normal 0 -1 0
    outer loop
      vertex -0.881678 6.78647 40
      vertex 0.881678 6.78647 47
      vertex -0.881678 6.78647 47
    endloop
  endfacet
  facet normal 0 -1 -0
    outer loop
      vertex 0.881678 6.78647 47
      vertex -0.881678 6.78647 40
      vertex 0.881678 6.78647 40
    endloop
  endfacet
  facet normal 0 0 1
    outer loop
      vertex 0 9.5 47
      vertex 0.881678 6.78647 47
      vertex 1.42658 8.46352 47
    endloop
  endfacet
  facet normal 0 0 1
    outer loop
      vertex 0 9.5 47
      vertex -0.881678 6.78647 47
      vertex 0.881678 6.78647 47
    endloop
  endfacet
  facet normal 0 -0 1
    outer loop
      vertex -0.881678 6.78647 47
      vertex 0 9.5 47
      vertex -1.42658 8.46352 47
    endloop
  endfacet
  facet normal 0.587789 0.809015 -0
    outer loop
      vertex 1.42658 8.46352 34
      vertex 0 9.5 47
      vertex 1.42658 8.46352 47
    endloop
  endfacet
  facet normal 0.587789 0.809015 0
    outer loop
      vertex 0 9.5 47
      vertex 1.42658 8.46352 34
      vertex 0 9.5 34
    endloop
  endfacet
  facet normal 1 -0 0
    outer loop
      vertex 2.59808 6.97233 34
      vertex 2.59808 9.5 33
      vertex 2.59808 9.5 34
    endloop
  endfacet
  facet normal 1 0 0
    outer loop
      vertex 2.59808 9.5 33
      vertex 2.59808 6.97233 34
      vertex 2.59808 6.97233 33
    endloop
  endfacet
  facet normal 0.499999 0.866026 -0
    outer loop
      vertex 2.59808 9.5 33
      vertex 0 11 34
      vertex 2.59808 9.5 34
    endloop
  endfacet
  facet normal 0.499999 0.866026 0
    outer loop
      vertex 0 11 34
      vertex 2.59808 9.5 33
      vertex 0 11 33
    endloop
  endfacet
  facet normal -1 0 0
    outer loop
      vertex -2.59808 6.97233 33
      vertex -2.59808 9.5 34
      vertex -2.59808 9.5 33
    endloop
  endfacet
  facet normal -1 -0 0
    outer loop
      vertex -2.59808 9.5 34
      vertex -2.59808 6.97233 33
      vertex -2.59808 6.97233 34
    endloop
  endfacet
  facet normal -0.499999 0.866026 0
    outer loop
      vertex 0 11 33
      vertex -2.59808 9.5 34
      vertex 0 11 34
    endloop
  endfacet
  facet normal -0.499999 0.866026 0
    outer loop
      vertex -2.59808 9.5 34
      vertex 0 11 33
      vertex -2.59808 9.5 33
    endloop
  endfacet
  facet normal 0 0 1
    outer loop
      vertex 2.59808 9.5 34
      vertex 1.94114 7.24444 34
      vertex 2.59808 6.97233 34
    endloop
  endfacet
  facet normal 0 0 1
    outer loop
      vertex 2.59808 9.5 34
      vertex 1.42658 8.46352 34
      vertex 1.94114 7.24444 34
    endloop
  endfacet
  facet normal 0 0 1
    outer loop
      vertex 0 9.5 34
      vertex 2.59808 9.5 34
      vertex 0 11 34
    endloop
  endfacet
  facet normal 0 0 1
    outer loop
      vertex 2.59808 9.5 34
      vertex 0 9.5 34
      vertex 1.42658 8.46352 34
    endloop
  endfacet
  facet normal 0 0 1
    outer loop
      vertex -2.59808 9.5 34
      vertex 0 9.5 34
      vertex 0 11 34
    endloop
  endfacet
  facet normal 0 0 1
    outer loop
      vertex 0 9.5 34
      vertex -2.59808 9.5 34
      vertex -1.42658 8.46352 34
    endloop
  endfacet
  facet normal 0 0 1
    outer loop
      vertex -2.59808 9.5 34
      vertex -1.94114 7.24444 34
      vertex -1.42658 8.46352 34
    endloop
  endfacet
  facet normal 0 0 1
    outer loop
      vertex -1.94114 7.24444 34
      vertex -2.59808 9.5 34
      vertex -2.59808 6.97233 34
    endloop
  endfacet
  facet normal 0 0 1
    outer loop
      vertex 1.94114 7.24444 34
      vertex 1.42658 8.46352 34
      vertex 1.06784 7.35942 34
    endloop
  endfacet
  facet normal 0 0 1
    outer loop
      vertex -1.06784 7.35942 34
      vertex -1.42658 8.46352 34
      vertex -1.94114 7.24444 34
    endloop
  endfacet
  facet normal 0.309016 0.951057 0
    outer loop
      vertex -7.35942 1.06784 -20
      vertex -6.78647 0.881678 -11
      vertex -6.78647 0.881678 -20
    endloop
  endfacet
  facet normal 0.309015 0.951057 8.70312e-08
    outer loop
      vertex -6.78647 0.881678 -11
      vertex -7.35942 1.06784 -20
      vertex -8.46352 1.42658 -11
    endloop
  endfacet
  facet normal 0.309014 0.951057 0
    outer loop
      vertex -8.46352 1.42658 -24
      vertex -7.35942 1.06784 -20
      vertex -7.35942 1.06784 -24
    endloop
  endfacet
  facet normal 0.309014 0.951057 0
    outer loop
      vertex -7.35942 1.06784 -20
      vertex -8.46352 1.42658 -24
      vertex -8.46352 1.42658 -11
    endloop
  endfacet
  facet normal 0.309015 -0.951057 8.70312e-08
    outer loop
      vertex -8.46352 -1.42658 -11
      vertex -7.35942 -1.06784 -20
      vertex -6.78647 -0.881678 -11
    endloop
  endfacet
  facet normal 0.309014 -0.951057 0
    outer loop
      vertex -8.46352 -1.42658 -24
      vertex -7.35942 -1.06784 -20
      vertex -8.46352 -1.42658 -11
    endloop
  endfacet
  facet normal 0.309014 -0.951057 0
    outer loop
      vertex -7.35942 -1.06784 -20
      vertex -8.46352 -1.42658 -24
      vertex -7.35942 -1.06784 -24
    endloop
  endfacet
  facet normal 0.309016 -0.951057 0
    outer loop
      vertex -6.78647 -0.881678 -11
      vertex -7.35942 -1.06784 -20
      vertex -6.78647 -0.881678 -20
    endloop
  endfacet
  facet normal -0.809015 -0.587789 0
    outer loop
      vertex -8.46352 -1.42658 -24
      vertex -9.5 0 -11
      vertex -9.5 0 -24
    endloop
  endfacet
  facet normal -0.809015 -0.587789 0
    outer loop
      vertex -9.5 0 -11
      vertex -8.46352 -1.42658 -24
      vertex -8.46352 -1.42658 -11
    endloop
  endfacet
  facet normal 1 -0 0
    outer loop
      vertex -6.78647 -0.881678 -11
      vertex -6.78647 0.881678 -20
      vertex -6.78647 0.881678 -11
    endloop
  endfacet
  facet normal 1 0 0
    outer loop
      vertex -6.78647 0.881678 -20
      vertex -6.78647 -0.881678 -11
      vertex -6.78647 -0.881678 -20
    endloop
  endfacet
  facet normal 0 0 1
    outer loop
      vertex -8.46352 1.42658 -11
      vertex -6.78647 -0.881678 -11
      vertex -6.78647 0.881678 -11
    endloop
  endfacet
  facet normal 0 0 1
    outer loop
      vertex -8.46352 1.42658 -11
      vertex -8.46352 -1.42658 -11
      vertex -6.78647 -0.881678 -11
    endloop
  endfacet
  facet normal 0 -0 1
    outer loop
      vertex -8.46352 -1.42658 -11
      vertex -8.46352 1.42658 -11
      vertex -9.5 0 -11
    endloop
  endfacet
  facet normal -0.809015 0.587789 0
    outer loop
      vertex -9.5 0 -24
      vertex -8.46352 1.42658 -11
      vertex -8.46352 1.42658 -24
    endloop
  endfacet
  facet normal -0.809015 0.587789 0
    outer loop
      vertex -8.46352 1.42658 -11
      vertex -9.5 0 -24
      vertex -9.5 0 -11
    endloop
  endfacet
  facet normal 0 1 -0
    outer loop
      vertex -6.97233 2.59808 -25
      vertex -9.5 2.59808 -24
      vertex -6.97233 2.59808 -24
    endloop
  endfacet
  facet normal 0 1 0
    outer loop
      vertex -9.5 2.59808 -24
      vertex -6.97233 2.59808 -25
      vertex -9.5 2.59808 -25
    endloop
  endfacet
  facet normal -0.866026 0.499999 0
    outer loop
      vertex -11 0 -25
      vertex -9.5 2.59808 -24
      vertex -9.5 2.59808 -25
    endloop
  endfacet
  facet normal -0.866026 0.499999 0
    outer loop
      vertex -9.5 2.59808 -24
      vertex -11 0 -25
      vertex -11 0 -24
    endloop
  endfacet
  facet normal 0 -1 0
    outer loop
      vertex -9.5 -2.59808 -25
      vertex -6.97233 -2.59808 -24
      vertex -9.5 -2.59808 -24
    endloop
  endfacet
  facet normal 0 -1 -0
    outer loop
      vertex -6.97233 -2.59808 -24
      vertex -9.5 -2.59808 -25
      vertex -6.97233 -2.59808 -25
    endloop
  endfacet
  facet normal -0.866026 -0.499999 0
    outer loop
      vertex -9.5 -2.59808 -25
      vertex -11 0 -24
      vertex -11 0 -25
    endloop
  endfacet
  facet normal -0.866026 -0.499999 0
    outer loop
      vertex -11 0 -24
      vertex -9.5 -2.59808 -25
      vertex -9.5 -2.59808 -24
    endloop
  endfacet
  facet normal 0 0 1
    outer loop
      vertex -7.24444 1.94114 -24
      vertex -8.46352 1.42658 -24
      vertex -7.35942 1.06784 -24
    endloop
  endfacet
  facet normal -0 0 1
    outer loop
      vertex -9.5 2.59808 -24
      vertex -7.24444 1.94114 -24
      vertex -6.97233 2.59808 -24
    endloop
  endfacet
  facet normal 0 0 1
    outer loop
      vertex -7.24444 1.94114 -24
      vertex -9.5 2.59808 -24
      vertex -8.46352 1.42658 -24
    endloop
  endfacet
  facet normal 0 0 1
    outer loop
      vertex -9.5 2.59808 -24
      vertex -9.5 0 -24
      vertex -8.46352 1.42658 -24
    endloop
  endfacet
  facet normal 0 0 1
    outer loop
      vertex -11 0 -24
      vertex -9.5 0 -24
      vertex -9.5 2.59808 -24
    endloop
  endfacet
  facet normal 0 0 1
    outer loop
      vertex -9.5 0 -24
      vertex -11 0 -24
      vertex -9.5 -2.59808 -24
    endloop
  endfacet
  facet normal -0 0 1
    outer loop
      vertex -8.46352 -1.42658 -24
      vertex -7.24444 -1.94114 -24
      vertex -7.35942 -1.06784 -24
    endloop
  endfacet
  facet normal 0 0 1
    outer loop
      vertex -9.5 -2.59808 -24
      vertex -7.24444 -1.94114 -24
      vertex -8.46352 -1.42658 -24
    endloop
  endfacet
  facet normal 0 0 1
    outer loop
      vertex -7.24444 -1.94114 -24
      vertex -9.5 -2.59808 -24
      vertex -6.97233 -2.59808 -24
    endloop
  endfacet
  facet normal 0 0 1
    outer loop
      vertex -9.5 -2.59808 -24
      vertex -8.46352 -1.42658 -24
      vertex -9.5 0 -24
    endloop
  endfacet
  facet normal 0.309016 0.951057 0
    outer loop
      vertex -7.35942 1.06784 40
      vertex -6.78647 0.881678 47
      vertex -6.78647 0.881678 40
    endloop
  endfacet
  facet normal 0.309015 0.951057 1.11897e-07
    outer loop
      vertex -6.78647 0.881678 47
      vertex -7.35942 1.06784 40
      vertex -8.46352 1.42658 47
    endloop
  endfacet
  facet normal 0.309014 0.951057 0
    outer loop
      vertex -8.46352 1.42658 34
      vertex -7.35942 1.06784 40
      vertex -7.35942 1.06784 34
    endloop
  endfacet
  facet normal 0.309014 0.951057 0
    outer loop
      vertex -7.35942 1.06784 40
      vertex -8.46352 1.42658 34
      vertex -8.46352 1.42658 47
    endloop
  endfacet
  facet normal 0.309015 -0.951057 1.11897e-07
    outer loop
      vertex -8.46352 -1.42658 47
      vertex -7.35942 -1.06784 40
      vertex -6.78647 -0.881678 47
    endloop
  endfacet
  facet normal 0.309014 -0.951057 0
    outer loop
      vertex -8.46352 -1.42658 34
      vertex -7.35942 -1.06784 40
      vertex -8.46352 -1.42658 47
    endloop
  endfacet
  facet normal 0.309014 -0.951057 0
    outer loop
      vertex -7.35942 -1.06784 40
      vertex -8.46352 -1.42658 34
      vertex -7.35942 -1.06784 34
    endloop
  endfacet
  facet normal 0.309016 -0.951057 0
    outer loop
      vertex -6.78647 -0.881678 47
      vertex -7.35942 -1.06784 40
      vertex -6.78647 -0.881678 40
    endloop
  endfacet
  facet normal -0.809015 -0.587789 0
    outer loop
      vertex -8.46352 -1.42658 34
      vertex -9.5 0 47
      vertex -9.5 0 34
    endloop
  endfacet
  facet normal -0.809015 -0.587789 0
    outer loop
      vertex -9.5 0 47
      vertex -8.46352 -1.42658 34
      vertex -8.46352 -1.42658 47
    endloop
  endfacet
  facet normal 1 -0 0
    outer loop
      vertex -6.78647 -0.881678 47
      vertex -6.78647 0.881678 40
      vertex -6.78647 0.881678 47
    endloop
  endfacet
  facet normal 1 0 0
    outer loop
      vertex -6.78647 0.881678 40
      vertex -6.78647 -0.881678 47
      vertex -6.78647 -0.881678 40
    endloop
  endfacet
  facet normal 0 0 1
    outer loop
      vertex -8.46352 1.42658 47
      vertex -6.78647 -0.881678 47
      vertex -6.78647 0.881678 47
    endloop
  endfacet
  facet normal 0 0 1
    outer loop
      vertex -8.46352 1.42658 47
      vertex -8.46352 -1.42658 47
      vertex -6.78647 -0.881678 47
    endloop
  endfacet
  facet normal 0 -0 1
    outer loop
      vertex -8.46352 -1.42658 47
      vertex -8.46352 1.42658 47
      vertex -9.5 0 47
    endloop
  endfacet
  facet normal -0.809015 0.587789 0
    outer loop
      vertex -9.5 0 34
      vertex -8.46352 1.42658 47
      vertex -8.46352 1.42658 34
    endloop
  endfacet
  facet normal -0.809015 0.587789 0
    outer loop
      vertex -8.46352 1.42658 47
      vertex -9.5 0 34
      vertex -9.5 0 47
    endloop
  endfacet
  facet normal 0 1 -0
    outer loop
      vertex -6.97233 2.59808 33
      vertex -9.5 2.59808 34
      vertex -6.97233 2.59808 34
    endloop
  endfacet
  facet normal 0 1 0
    outer loop
      vertex -9.5 2.59808 34
      vertex -6.97233 2.59808 33
      vertex -9.5 2.59808 33
    endloop
  endfacet
  facet normal -0.866026 0.499999 0
    outer loop
      vertex -11 0 33
      vertex -9.5 2.59808 34
      vertex -9.5 2.59808 33
    endloop
  endfacet
  facet normal -0.866026 0.499999 0
    outer loop
      vertex -9.5 2.59808 34
      vertex -11 0 33
      vertex -11 0 34
    endloop
  endfacet
  facet normal 0 -1 0
    outer loop
      vertex -9.5 -2.59808 33
      vertex -6.97233 -2.59808 34
      vertex -9.5 -2.59808 34
    endloop
  endfacet
  facet normal 0 -1 -0
    outer loop
      vertex -6.97233 -2.59808 34
      vertex -9.5 -2.59808 33
      vertex -6.97233 -2.59808 33
    endloop
  endfacet
  facet normal -0.866026 -0.499999 0
    outer loop
      vertex -9.5 -2.59808 33
      vertex -11 0 34
      vertex -11 0 33
    endloop
  endfacet
  facet normal -0.866026 -0.499999 0
    outer loop
      vertex -11 0 34
      vertex -9.5 -2.59808 33
      vertex -9.5 -2.59808 34
    endloop
  endfacet
  facet normal 0 0 1
    outer loop
      vertex -7.24444 1.94114 34
      vertex -8.46352 1.42658 34
      vertex -7.35942 1.06784 34
    endloop
  endfacet
  facet normal -0 0 1
    outer loop
      vertex -9.5 2.59808 34
      vertex -7.24444 1.94114 34
      vertex -6.97233 2.59808 34
    endloop
  endfacet
  facet normal 0 0 1
    outer loop
      vertex -7.24444 1.94114 34
      vertex -9.5 2.59808 34
      vertex -8.46352 1.42658 34
    endloop
  endfacet
  facet normal 0 0 1
    outer loop
      vertex -9.5 2.59808 34
      vertex -9.5 0 34
      vertex -8.46352 1.42658 34
    endloop
  endfacet
  facet normal 0 0 1
    outer loop
      vertex -11 0 34
      vertex -9.5 0 34
      vertex -9.5 2.59808 34
    endloop
  endfacet
  facet normal 0 0 1
    outer loop
      vertex -9.5 0 34
      vertex -11 0 34
      vertex -9.5 -2.59808 34
    endloop
  endfacet
  facet normal -0 0 1
    outer loop
      vertex -8.46352 -1.42658 34
      vertex -7.24444 -1.94114 34
      vertex -7.35942 -1.06784 34
    endloop
  endfacet
  facet normal 0 0 1
    outer loop
      vertex -9.5 -2.59808 34
      vertex -7.24444 -1.94114 34
      vertex -8.46352 -1.42658 34
    endloop
  endfacet
  facet normal 0 0 1
    outer loop
      vertex -7.24444 -1.94114 34
      vertex -9.5 -2.59808 34
      vertex -6.97233 -2.59808 34
    endloop
  endfacet
  facet normal 0 0 1
    outer loop
      vertex -9.5 -2.59808 34
      vertex -8.46352 -1.42658 34
      vertex -9.5 0 34
    endloop
  endfacet
  facet normal -0.951057 0.309014 0
    outer loop
      vertex -1.06784 -7.35942 -24
      vertex -1.42658 -8.46352 -24
      vertex -1.06784 -7.35942 -20
    endloop
  endfacet
  facet normal -0.951057 0.309016 0
    outer loop
      vertex -1.06784 -7.35942 -20
      vertex -0.881678 -6.78647 -11
      vertex -0.881678 -6.78647 -20
    endloop
  endfacet
  facet normal -0.951057 0.309014 0
    outer loop
      vertex -1.42658 -8.46352 -11
      vertex -1.06784 -7.35942 -20
      vertex -1.42658 -8.46352 -24
    endloop
  endfacet
  facet normal -0.951057 0.309015 8.70312e-08
    outer loop
      vertex -1.06784 -7.35942 -20
      vertex -1.42658 -8.46352 -11
      vertex -0.881678 -6.78647 -11
    endloop
  endfacet
  facet normal 0.951057 0.309016 0
    outer loop
      vertex 0.881678 -6.78647 -11
      vertex 1.06784 -7.35942 -20
      vertex 0.881678 -6.78647 -20
    endloop
  endfacet
  facet normal 0.951057 0.309015 8.70312e-08
    outer loop
      vertex 1.42658 -8.46352 -11
      vertex 1.06784 -7.35942 -20
      vertex 0.881678 -6.78647 -11
    endloop
  endfacet
  facet normal 0.951057 0.309014 -0
    outer loop
      vertex 1.42658 -8.46352 -24
      vertex 1.06784 -7.35942 -20
      vertex 1.42658 -8.46352 -11
    endloop
  endfacet
  facet normal 0.951057 0.309014 0
    outer loop
      vertex 1.06784 -7.35942 -20
      vertex 1.42658 -8.46352 -24
      vertex 1.06784 -7.35942 -24
    endloop
  endfacet
  facet normal 0.587789 -0.809015 0
    outer loop
      vertex 0 -9.5 -24
      vertex 1.42658 -8.46352 -11
      vertex 0 -9.5 -11
    endloop
  endfacet
  facet normal 0.587789 -0.809015 0
    outer loop
      vertex 1.42658 -8.46352 -11
      vertex 0 -9.5 -24
      vertex 1.42658 -8.46352 -24
    endloop
  endfacet
  facet normal 0 1 -0
    outer loop
      vertex 0.881678 -6.78647 -20
      vertex -0.881678 -6.78647 -11
      vertex 0.881678 -6.78647 -11
    endloop
  endfacet
  facet normal 0 1 0
    outer loop
      vertex -0.881678 -6.78647 -11
      vertex 0.881678 -6.78647 -20
      vertex -0.881678 -6.78647 -20
    endloop
  endfacet
  facet normal 0 0 1
    outer loop
      vertex 0.881678 -6.78647 -11
      vertex 0 -9.5 -11
      vertex 1.42658 -8.46352 -11
    endloop
  endfacet
  facet normal -0 0 1
    outer loop
      vertex -0.881678 -6.78647 -11
      vertex 0 -9.5 -11
      vertex 0.881678 -6.78647 -11
    endloop
  endfacet
  facet normal 0 0 1
    outer loop
      vertex 0 -9.5 -11
      vertex -0.881678 -6.78647 -11
      vertex -1.42658 -8.46352 -11
    endloop
  endfacet
  facet normal -0.587789 -0.809015 0
    outer loop
      vertex -1.42658 -8.46352 -24
      vertex 0 -9.5 -11
      vertex -1.42658 -8.46352 -11
    endloop
  endfacet
  facet normal -0.587789 -0.809015 -0
    outer loop
      vertex 0 -9.5 -11
      vertex -1.42658 -8.46352 -24
      vertex 0 -9.5 -24
    endloop
  endfacet
  facet normal -1 0 0
    outer loop
      vertex -2.59808 -9.5 -25
      vertex -2.59808 -6.97233 -24
      vertex -2.59808 -6.97233 -25
    endloop
  endfacet
  facet normal -1 -0 0
    outer loop
      vertex -2.59808 -6.97233 -24
      vertex -2.59808 -9.5 -25
      vertex -2.59808 -9.5 -24
    endloop
  endfacet
  facet normal -0.499999 -0.866026 0
    outer loop
      vertex -2.59808 -9.5 -25
      vertex 0 -11 -24
      vertex -2.59808 -9.5 -24
    endloop
  endfacet
  facet normal -0.499999 -0.866026 -0
    outer loop
      vertex 0 -11 -24
      vertex -2.59808 -9.5 -25
      vertex 0 -11 -25
    endloop
  endfacet
  facet normal 1 -0 0
    outer loop
      vertex 2.59808 -9.5 -24
      vertex 2.59808 -6.97233 -25
      vertex 2.59808 -6.97233 -24
    endloop
  endfacet
  facet normal 1 0 0
    outer loop
      vertex 2.59808 -6.97233 -25
      vertex 2.59808 -9.5 -24
      vertex 2.59808 -9.5 -25
    endloop
  endfacet
  facet normal 0.499999 -0.866026 0
    outer loop
      vertex 0 -11 -25
      vertex 2.59808 -9.5 -24
      vertex 0 -11 -24
    endloop
  endfacet
  facet normal 0.499999 -0.866026 0
    outer loop
      vertex 2.59808 -9.5 -24
      vertex 0 -11 -25
      vertex 2.59808 -9.5 -25
    endloop
  endfacet
  facet normal 0 0 1
    outer loop
      vertex -1.06784 -7.35942 -24
      vertex -1.94114 -7.24444 -24
      vertex -1.42658 -8.46352 -24
    endloop
  endfacet
  facet normal 0 0 1
    outer loop
      vertex 1.94114 -7.24444 -24
      vertex 1.06784 -7.35942 -24
      vertex 1.42658 -8.46352 -24
    endloop
  endfacet
  facet normal -0 0 1
    outer loop
      vertex 1.94114 -7.24444 -24
      vertex 2.59808 -9.5 -24
      vertex 2.59808 -6.97233 -24
    endloop
  endfacet
  facet normal -0 0 1
    outer loop
      vertex 1.42658 -8.46352 -24
      vertex 2.59808 -9.5 -24
      vertex 1.94114 -7.24444 -24
    endloop
  endfacet
  facet normal 0 0 1
    outer loop
      vertex 0 -9.5 -24
      vertex 2.59808 -9.5 -24
      vertex 1.42658 -8.46352 -24
    endloop
  endfacet
  facet normal -0 0 1
    outer loop
      vertex 0 -9.5 -24
      vertex 0 -11 -24
      vertex 2.59808 -9.5 -24
    endloop
  endfacet
  facet normal 0 0 1
    outer loop
      vertex -2.59808 -9.5 -24
      vertex 0 -9.5 -24
      vertex -1.42658 -8.46352 -24
    endloop
  endfacet
  facet normal 0 0 1
    outer loop
      vertex -2.59808 -9.5 -24
      vertex -1.94114 -7.24444 -24
      vertex -2.59808 -6.97233 -24
    endloop
  endfacet
  facet normal 0 0 1
    outer loop
      vertex -1.94114 -7.24444 -24
      vertex -2.59808 -9.5 -24
      vertex -1.42658 -8.46352 -24
    endloop
  endfacet
  facet normal 0 0 1
    outer loop
      vertex 0 -9.5 -24
      vertex -2.59808 -9.5 -24
      vertex 0 -11 -24
    endloop
  endfacet
  facet normal -0.951057 0.309014 0
    outer loop
      vertex -1.06784 -7.35942 34
      vertex -1.42658 -8.46352 34
      vertex -1.06784 -7.35942 40
    endloop
  endfacet
  facet normal -0.951057 0.309016 0
    outer loop
      vertex -1.06784 -7.35942 40
      vertex -0.881678 -6.78647 47
      vertex -0.881678 -6.78647 40
    endloop
  endfacet
  facet normal -0.951057 0.309014 0
    outer loop
      vertex -1.42658 -8.46352 47
      vertex -1.06784 -7.35942 40
      vertex -1.42658 -8.46352 34
    endloop
  endfacet
  facet normal -0.951057 0.309015 1.11897e-07
    outer loop
      vertex -1.06784 -7.35942 40
      vertex -1.42658 -8.46352 47
      vertex -0.881678 -6.78647 47
    endloop
  endfacet
  facet normal 0.951057 0.309016 0
    outer loop
      vertex 0.881678 -6.78647 47
      vertex 1.06784 -7.35942 40
      vertex 0.881678 -6.78647 40
    endloop
  endfacet
  facet normal 0.951057 0.309015 1.11897e-07
    outer loop
      vertex 1.42658 -8.46352 47
      vertex 1.06784 -7.35942 40
      vertex 0.881678 -6.78647 47
    endloop
  endfacet
  facet normal 0.951057 0.309014 -0
    outer loop
      vertex 1.42658 -8.46352 34
      vertex 1.06784 -7.35942 40
      vertex 1.42658 -8.46352 47
    endloop
  endfacet
  facet normal 0.951057 0.309014 0
    outer loop
      vertex 1.06784 -7.35942 40
      vertex 1.42658 -8.46352 34
      vertex 1.06784 -7.35942 34
    endloop
  endfacet
  facet normal 0.587789 -0.809015 0
    outer loop
      vertex 0 -9.5 34
      vertex 1.42658 -8.46352 47
      vertex 0 -9.5 47
    endloop
  endfacet
  facet normal 0.587789 -0.809015 0
    outer loop
      vertex 1.42658 -8.46352 47
      vertex 0 -9.5 34
      vertex 1.42658 -8.46352 34
    endloop
  endfacet
  facet normal 0 1 -0
    outer loop
      vertex 0.881678 -6.78647 40
      vertex -0.881678 -6.78647 47
      vertex 0.881678 -6.78647 47
    endloop
  endfacet
  facet normal 0 1 0
    outer loop
      vertex -0.881678 -6.78647 47
      vertex 0.881678 -6.78647 40
      vertex -0.881678 -6.78647 40
    endloop
  endfacet
  facet normal 0 0 1
    outer loop
      vertex 0.881678 -6.78647 47
      vertex 0 -9.5 47
      vertex 1.42658 -8.46352 47
    endloop
  endfacet
  facet normal -0 0 1
    outer loop
      vertex -0.881678 -6.78647 47
      vertex 0 -9.5 47
      vertex 0.881678 -6.78647 47
    endloop
  endfacet
  facet normal 0 0 1
    outer loop
      vertex 0 -9.5 47
      vertex -0.881678 -6.78647 47
      vertex -1.42658 -8.46352 47
    endloop
  endfacet
  facet normal -0.587789 -0.809015 0
    outer loop
      vertex -1.42658 -8.46352 34
      vertex 0 -9.5 47
      vertex -1.42658 -8.46352 47
    endloop
  endfacet
  facet normal -0.587789 -0.809015 -0
    outer loop
      vertex 0 -9.5 47
      vertex -1.42658 -8.46352 34
      vertex 0 -9.5 34
    endloop
  endfacet
  facet normal -1 0 0
    outer loop
      vertex -2.59808 -9.5 33
      vertex -2.59808 -6.97233 34
      vertex -2.59808 -6.97233 33
    endloop
  endfacet
  facet normal -1 -0 0
    outer loop
      vertex -2.59808 -6.97233 34
      vertex -2.59808 -9.5 33
      vertex -2.59808 -9.5 34
    endloop
  endfacet
  facet normal -0.499999 -0.866026 0
    outer loop
      vertex -2.59808 -9.5 33
      vertex 0 -11 34
      vertex -2.59808 -9.5 34
    endloop
  endfacet
  facet normal -0.499999 -0.866026 -0
    outer loop
      vertex 0 -11 34
      vertex -2.59808 -9.5 33
      vertex 0 -11 33
    endloop
  endfacet
  facet normal 1 -0 0
    outer loop
      vertex 2.59808 -9.5 34
      vertex 2.59808 -6.97233 33
      vertex 2.59808 -6.97233 34
    endloop
  endfacet
  facet normal 1 0 0
    outer loop
      vertex 2.59808 -6.97233 33
      vertex 2.59808 -9.5 34
      vertex 2.59808 -9.5 33
    endloop
  endfacet
  facet normal 0.499999 -0.866026 0
    outer loop
      vertex 0 -11 33
      vertex 2.59808 -9.5 34
      vertex 0 -11 34
    endloop
  endfacet
  facet normal 0.499999 -0.866026 0
    outer loop
      vertex 2.59808 -9.5 34
      vertex 0 -11 33
      vertex 2.59808 -9.5 33
    endloop
  endfacet
  facet normal 0 0 1
    outer loop
      vertex -1.06784 -7.35942 34
      vertex -1.94114 -7.24444 34
      vertex -1.42658 -8.46352 34
    endloop
  endfacet
  facet normal 0 0 1
    outer loop
      vertex 1.94114 -7.24444 34
      vertex 1.06784 -7.35942 34
      vertex 1.42658 -8.46352 34
    endloop
  endfacet
  facet normal -0 0 1
    outer loop
      vertex 1.94114 -7.24444 34
      vertex 2.59808 -9.5 34
      vertex 2.59808 -6.97233 34
    endloop
  endfacet
  facet normal -0 0 1
    outer loop
      vertex 1.42658 -8.46352 34
      vertex 2.59808 -9.5 34
      vertex 1.94114 -7.24444 34
    endloop
  endfacet
  facet normal 0 0 1
    outer loop
      vertex 0 -9.5 34
      vertex 2.59808 -9.5 34
      vertex 1.42658 -8.46352 34
    endloop
  endfacet
  facet normal -0 0 1
    outer loop
      vertex 0 -9.5 34
      vertex 0 -11 34
      vertex 2.59808 -9.5 34
    endloop
  endfacet
  facet normal 0 0 1
    outer loop
      vertex -2.59808 -9.5 34
      vertex 0 -9.5 34
      vertex -1.42658 -8.46352 34
    endloop
  endfacet
  facet normal 0 0 1
    outer loop
      vertex -2.59808 -9.5 34
      vertex -1.94114 -7.24444 34
      vertex -2.59808 -6.97233 34
    endloop
  endfacet
  facet normal 0 0 1
    outer loop
      vertex -1.94114 -7.24444 34
      vertex -2.59808 -9.5 34
      vertex -1.42658 -8.46352 34
    endloop
  endfacet
  facet normal 0 0 1
    outer loop
      vertex 0 -9.5 34
      vertex -2.59808 -9.5 34
      vertex 0 -11 34
    endloop
  endfacet
  facet normal 0 0 1
    outer loop
      vertex 4.6194 1.91342 25
      vertex 4.6194 -1.91342 25
      vertex 5 0 25
    endloop
  endfacet
  facet normal 0 0 1
    outer loop
      vertex 3.53553 3.53553 25
      vertex 4.6194 -1.91342 25
      vertex 4.6194 1.91342 25
    endloop
  endfacet
  facet normal 0 0 1
    outer loop
      vertex 3.53553 3.53553 25
      vertex 3.53553 -3.53553 25
      vertex 4.6194 -1.91342 25
    endloop
  endfacet
  facet normal 0 0 1
    outer loop
      vertex 1.91342 4.6194 25
      vertex 3.53553 -3.53553 25
      vertex 3.53553 3.53553 25
    endloop
  endfacet
  facet normal 0 0 1
    outer loop
      vertex 1.91342 4.6194 25
      vertex 1.91342 -4.6194 25
      vertex 3.53553 -3.53553 25
    endloop
  endfacet
  facet normal 0 0 1
    outer loop
      vertex 0 5 25
      vertex 1.91342 -4.6194 25
      vertex 1.91342 4.6194 25
    endloop
  endfacet
  facet normal 0 0 1
    outer loop
      vertex 0 5 25
      vertex 0 -5 25
      vertex 1.91342 -4.6194 25
    endloop
  endfacet
  facet normal -0 0 1
    outer loop
      vertex -1.91342 4.6194 25
      vertex 0 -5 25
      vertex 0 5 25
    endloop
  endfacet
  facet normal 0 0 1
    outer loop
      vertex -1.91342 4.6194 25
      vertex -1.91342 -4.6194 25
      vertex 0 -5 25
    endloop
  endfacet
  facet normal -0 0 1
    outer loop
      vertex -3.53553 3.53553 25
      vertex -1.91342 -4.6194 25
      vertex -1.91342 4.6194 25
    endloop
  endfacet
  facet normal 0 0 1
    outer loop
      vertex -3.53553 3.53553 25
      vertex -3.53553 -3.53553 25
      vertex -1.91342 -4.6194 25
    endloop
  endfacet
  facet normal -0 0 1
    outer loop
      vertex -4.6194 1.91342 25
      vertex -3.53553 -3.53553 25
      vertex -3.53553 3.53553 25
    endloop
  endfacet
  facet normal 0 0 1
    outer loop
      vertex -4.6194 1.91342 25
      vertex -4.6194 -1.91342 25
      vertex -3.53553 -3.53553 25
    endloop
  endfacet
  facet normal 0 -0 1
    outer loop
      vertex -4.6194 -1.91342 25
      vertex -4.6194 1.91342 25
      vertex -5 0 25
    endloop
  endfacet
endsolid OpenSCAD_Model
