solid OpenSCAD_Model
  facet normal -0.743149 -0.669126 0
    outer loop
      vertex -13.3826 -14.8629 11
      vertex -16.1803 -11.7557 32.5
      vertex -16.1803 -11.7557 11
    endloop
  endfacet
  facet normal -0.743149 -0.669126 0
    outer loop
      vertex -16.1803 -11.7557 32.5
      vertex -13.3826 -14.8629 11
      vertex -13.3826 -14.8629 32.5
    endloop
  endfacet
  facet normal -0.743149 -0.669126 0
    outer loop
      vertex -13.3826 -14.8629 8.5
      vertex -16.1803 -11.7557 9
      vertex -16.1803 -11.7557 8.5
    endloop
  endfacet
  facet normal -0.743149 -0.669126 0
    outer loop
      vertex -16.1803 -11.7557 9
      vertex -13.3826 -14.8629 8.5
      vertex -13.3826 -14.8629 9
    endloop
  endfacet
  facet normal 0.951053 0.309029 0
    outer loop
      vertex 19.563 4.15823 32.5
      vertex 18.2709 8.13473 11
      vertex 18.2709 8.13473 32.5
    endloop
  endfacet
  facet normal 0.951053 0.309029 0
    outer loop
      vertex 18.2709 8.13473 11
      vertex 19.563 4.15823 32.5
      vertex 19.563 4.15823 11
    endloop
  endfacet
  facet normal 0.951053 0.309029 0
    outer loop
      vertex 19.563 4.15823 9
      vertex 18.2709 8.13473 8.5
      vertex 18.2709 8.13473 9
    endloop
  endfacet
  facet normal 0.951053 0.309029 0
    outer loop
      vertex 18.2709 8.13473 8.5
      vertex 19.563 4.15823 9
      vertex 19.563 4.15823 8.5
    endloop
  endfacet
  facet normal 0.994523 0.104517 0
    outer loop
      vertex 20 0 32.5
      vertex 19.563 4.15823 11
      vertex 19.563 4.15823 32.5
    endloop
  endfacet
  facet normal 0.994523 0.104517 0
    outer loop
      vertex 19.563 4.15823 11
      vertex 20 0 32.5
      vertex 20 0 11
    endloop
  endfacet
  facet normal 0.994524 0.104507 0
    outer loop
      vertex 19.563 4.15823 9
      vertex 19.7454 2.42245 8.5
      vertex 19.563 4.15823 8.5
    endloop
  endfacet
  facet normal 0.994522 0.104523 -5.72129e-05
    outer loop
      vertex 19.563 4.15823 9
      vertex 19.7874 2.02309 8.98078
      vertex 19.7454 2.42245 8.5
    endloop
  endfacet
  facet normal 0.994518 0.104487 0.00397383
    outer loop
      vertex 19.7874 2.02309 8.98078
      vertex 19.563 4.15823 9
      vertex 19.789 2.00713 9
    endloop
  endfacet
  facet normal 0.994543 0.104323 0
    outer loop
      vertex 19.83 1.61755 10
      vertex 19.8327 1.59181 9.5
      vertex 19.83 1.61755 9.469
    endloop
  endfacet
  facet normal 0.994523 0.104522 -1.03476e-05
    outer loop
      vertex 20 0 10
      vertex 19.8327 1.59181 9.5
      vertex 19.83 1.61755 10
    endloop
  endfacet
  facet normal 0.994522 0.104525 0
    outer loop
      vertex 19.8327 1.59181 9.5
      vertex 20 0 10
      vertex 20 0 9.5
    endloop
  endfacet
  facet normal 0.866022 0.500006 0
    outer loop
      vertex 18.2709 8.13473 32.5
      vertex 16.1803 11.7557 11
      vertex 16.1803 11.7557 32.5
    endloop
  endfacet
  facet normal 0.866022 0.500006 0
    outer loop
      vertex 16.1803 11.7557 11
      vertex 18.2709 8.13473 32.5
      vertex 18.2709 8.13473 11
    endloop
  endfacet
  facet normal 0.866022 0.500006 0
    outer loop
      vertex 18.2709 8.13473 9
      vertex 16.1803 11.7557 8.5
      vertex 16.1803 11.7557 9
    endloop
  endfacet
  facet normal 0.866022 0.500006 0
    outer loop
      vertex 16.1803 11.7557 8.5
      vertex 18.2709 8.13473 9
      vertex 18.2709 8.13473 8.5
    endloop
  endfacet
  facet normal 0.951053 -0.309029 0
    outer loop
      vertex 18.2709 -8.13473 32.5
      vertex 19.563 -4.15823 11
      vertex 19.563 -4.15823 32.5
    endloop
  endfacet
  facet normal 0.951053 -0.309029 0
    outer loop
      vertex 19.563 -4.15823 11
      vertex 18.2709 -8.13473 32.5
      vertex 18.2709 -8.13473 11
    endloop
  endfacet
  facet normal 0.951053 -0.309029 0
    outer loop
      vertex 18.2709 -8.13473 9
      vertex 19.563 -4.15823 8.5
      vertex 19.563 -4.15823 9
    endloop
  endfacet
  facet normal 0.951053 -0.309029 0
    outer loop
      vertex 19.563 -4.15823 8.5
      vertex 18.2709 -8.13473 9
      vertex 18.2709 -8.13473 8.5
    endloop
  endfacet
  facet normal 0.587785 -0.809017 0
    outer loop
      vertex 10 -17.3205 11
      vertex 13.3826 -14.8629 32.5
      vertex 10 -17.3205 32.5
    endloop
  endfacet
  facet normal 0.587785 -0.809017 0
    outer loop
      vertex 13.3826 -14.8629 32.5
      vertex 10 -17.3205 11
      vertex 13.3826 -14.8629 11
    endloop
  endfacet
  facet normal 0.587785 -0.809017 0
    outer loop
      vertex 10 -17.3205 8.5
      vertex 13.3826 -14.8629 9
      vertex 10 -17.3205 9
    endloop
  endfacet
  facet normal 0.587785 -0.809017 0
    outer loop
      vertex 13.3826 -14.8629 9
      vertex 10 -17.3205 8.5
      vertex 13.3826 -14.8629 8.5
    endloop
  endfacet
  facet normal 0.743149 -0.669126 0
    outer loop
      vertex 13.3826 -14.8629 32.5
      vertex 16.1803 -11.7557 11
      vertex 16.1803 -11.7557 32.5
    endloop
  endfacet
  facet normal 0.743149 -0.669126 0
    outer loop
      vertex 16.1803 -11.7557 11
      vertex 13.3826 -14.8629 32.5
      vertex 13.3826 -14.8629 11
    endloop
  endfacet
  facet normal 0.743149 -0.669126 0
    outer loop
      vertex 13.3826 -14.8629 9
      vertex 16.1803 -11.7557 8.5
      vertex 16.1803 -11.7557 9
    endloop
  endfacet
  facet normal 0.743149 -0.669126 0
    outer loop
      vertex 16.1803 -11.7557 8.5
      vertex 13.3826 -14.8629 9
      vertex 13.3826 -14.8629 8.5
    endloop
  endfacet
  facet normal 0.994523 -0.104517 0
    outer loop
      vertex 19.563 -4.15823 32.5
      vertex 20 0 11
      vertex 20 0 32.5
    endloop
  endfacet
  facet normal 0.994523 -0.104517 0
    outer loop
      vertex 20 0 11
      vertex 19.563 -4.15823 32.5
      vertex 19.563 -4.15823 11
    endloop
  endfacet
  facet normal 0.994518 -0.104487 0.00397383
    outer loop
      vertex 19.563 -4.15823 9
      vertex 19.7874 -2.02309 8.98078
      vertex 19.789 -2.00713 9
    endloop
  endfacet
  facet normal 0.994522 -0.104523 -5.72129e-05
    outer loop
      vertex 19.563 -4.15823 9
      vertex 19.7454 -2.42245 8.5
      vertex 19.7874 -2.02309 8.98078
    endloop
  endfacet
  facet normal 0.994524 -0.104507 0
    outer loop
      vertex 19.7454 -2.42245 8.5
      vertex 19.563 -4.15823 9
      vertex 19.563 -4.15823 8.5
    endloop
  endfacet
  facet normal 0.994522 -0.104525 0
    outer loop
      vertex 20 0 10
      vertex 19.8327 -1.59181 9.5
      vertex 20 0 9.5
    endloop
  endfacet
  facet normal 0.994523 -0.104522 -1.03476e-05
    outer loop
      vertex 19.83 -1.61755 10
      vertex 19.8327 -1.59181 9.5
      vertex 20 0 10
    endloop
  endfacet
  facet normal 0.994543 -0.104323 0
    outer loop
      vertex 19.8327 -1.59181 9.5
      vertex 19.83 -1.61755 10
      vertex 19.83 -1.61755 9.469
    endloop
  endfacet
  facet normal -0.406732 -0.913547 0
    outer loop
      vertex -10 -17.3205 11
      vertex -6.18034 -19.0211 32.5
      vertex -10 -17.3205 32.5
    endloop
  endfacet
  facet normal -0.406732 -0.913547 -0
    outer loop
      vertex -6.18034 -19.0211 32.5
      vertex -10 -17.3205 11
      vertex -6.18034 -19.0211 11
    endloop
  endfacet
  facet normal -0.406732 -0.913547 0
    outer loop
      vertex -10 -17.3205 8.5
      vertex -6.18034 -19.0211 9
      vertex -10 -17.3205 9
    endloop
  endfacet
  facet normal -0.406732 -0.913547 -0
    outer loop
      vertex -6.18034 -19.0211 9
      vertex -10 -17.3205 8.5
      vertex -6.18034 -19.0211 8.5
    endloop
  endfacet
  facet normal 0.406732 0.913547 -0
    outer loop
      vertex 10 17.3205 11
      vertex 6.18034 19.0211 32.5
      vertex 10 17.3205 32.5
    endloop
  endfacet
  facet normal 0.406732 0.913547 0
    outer loop
      vertex 6.18034 19.0211 32.5
      vertex 10 17.3205 11
      vertex 6.18034 19.0211 11
    endloop
  endfacet
  facet normal 0.406732 0.913547 -0
    outer loop
      vertex 10 17.3205 8.5
      vertex 6.18034 19.0211 9
      vertex 10 17.3205 9
    endloop
  endfacet
  facet normal 0.406732 0.913547 0
    outer loop
      vertex 6.18034 19.0211 9
      vertex 10 17.3205 8.5
      vertex 6.18034 19.0211 8.5
    endloop
  endfacet
  facet normal 0.743149 0.669126 0
    outer loop
      vertex 16.1803 11.7557 32.5
      vertex 13.3826 14.8629 11
      vertex 13.3826 14.8629 32.5
    endloop
  endfacet
  facet normal 0.743149 0.669126 0
    outer loop
      vertex 13.3826 14.8629 11
      vertex 16.1803 11.7557 32.5
      vertex 16.1803 11.7557 11
    endloop
  endfacet
  facet normal 0.743149 0.669126 0
    outer loop
      vertex 16.1803 11.7557 9
      vertex 13.3826 14.8629 8.5
      vertex 13.3826 14.8629 9
    endloop
  endfacet
  facet normal 0.743149 0.669126 0
    outer loop
      vertex 13.3826 14.8629 8.5
      vertex 16.1803 11.7557 9
      vertex 16.1803 11.7557 8.5
    endloop
  endfacet
  facet normal -0.587785 -0.809017 0
    outer loop
      vertex -13.3826 -14.8629 11
      vertex -10 -17.3205 32.5
      vertex -13.3826 -14.8629 32.5
    endloop
  endfacet
  facet normal -0.587785 -0.809017 -0
    outer loop
      vertex -10 -17.3205 32.5
      vertex -13.3826 -14.8629 11
      vertex -10 -17.3205 11
    endloop
  endfacet
  facet normal -0.587785 -0.809017 0
    outer loop
      vertex -13.3826 -14.8629 8.5
      vertex -10 -17.3205 9
      vertex -13.3826 -14.8629 9
    endloop
  endfacet
  facet normal -0.587785 -0.809017 -0
    outer loop
      vertex -10 -17.3205 9
      vertex -13.3826 -14.8629 8.5
      vertex -10 -17.3205 8.5
    endloop
  endfacet
  facet normal -0.743149 0.669126 0
    outer loop
      vertex -16.1803 11.7557 11
      vertex -13.3826 14.8629 32.5
      vertex -13.3826 14.8629 11
    endloop
  endfacet
  facet normal -0.743149 0.669126 0
    outer loop
      vertex -13.3826 14.8629 32.5
      vertex -16.1803 11.7557 11
      vertex -16.1803 11.7557 32.5
    endloop
  endfacet
  facet normal -0.743149 0.669126 0
    outer loop
      vertex -16.1803 11.7557 8.5
      vertex -13.3826 14.8629 9
      vertex -13.3826 14.8629 8.5
    endloop
  endfacet
  facet normal -0.743149 0.669126 0
    outer loop
      vertex -13.3826 14.8629 9
      vertex -16.1803 11.7557 8.5
      vertex -16.1803 11.7557 9
    endloop
  endfacet
  facet normal 0 1 -0
    outer loop
      vertex 2.09057 19.8904 11
      vertex -2.09057 19.8904 32.5
      vertex 2.09057 19.8904 32.5
    endloop
  endfacet
  facet normal 0 1 0
    outer loop
      vertex -2.09057 19.8904 32.5
      vertex 2.09057 19.8904 11
      vertex -2.09057 19.8904 11
    endloop
  endfacet
  facet normal 0 1 -0
    outer loop
      vertex -2.01345 19.8904 8.83504
      vertex -2.09057 19.8904 9
      vertex -1.89268 19.8904 9
    endloop
  endfacet
  facet normal 0 1 0
    outer loop
      vertex -2.09057 19.8904 9
      vertex -2.01345 19.8904 8.83504
      vertex -2.09057 19.8904 8.72969
    endloop
  endfacet
  facet normal 0 1 0
    outer loop
      vertex 2.09057 19.8904 9
      vertex 2.01345 19.8904 8.83504
      vertex 1.89268 19.8904 9
    endloop
  endfacet
  facet normal -0 1 0
    outer loop
      vertex 2.01345 19.8904 8.83504
      vertex 2.09057 19.8904 9
      vertex 2.09057 19.8904 8.72969
    endloop
  endfacet
  facet normal 0 1 -0
    outer loop
      vertex 1.47161 19.8904 9.5
      vertex -1.47161 19.8904 10
      vertex 1.47161 19.8904 10
    endloop
  endfacet
  facet normal 0 1 0
    outer loop
      vertex -1.47161 19.8904 10
      vertex 1.47161 19.8904 9.5
      vertex -1.47161 19.8904 9.5
    endloop
  endfacet
  facet normal 0.406732 -0.913547 0
    outer loop
      vertex 6.18034 -19.0211 11
      vertex 10 -17.3205 32.5
      vertex 6.18034 -19.0211 32.5
    endloop
  endfacet
  facet normal 0.406732 -0.913547 0
    outer loop
      vertex 10 -17.3205 32.5
      vertex 6.18034 -19.0211 11
      vertex 10 -17.3205 11
    endloop
  endfacet
  facet normal 0.406732 -0.913547 0
    outer loop
      vertex 6.18034 -19.0211 8.5
      vertex 10 -17.3205 9
      vertex 6.18034 -19.0211 9
    endloop
  endfacet
  facet normal 0.406732 -0.913547 0
    outer loop
      vertex 10 -17.3205 9
      vertex 6.18034 -19.0211 8.5
      vertex 10 -17.3205 8.5
    endloop
  endfacet
  facet normal 0.20791 -0.978148 0
    outer loop
      vertex 2.09057 -19.8904 11
      vertex 6.18034 -19.0211 32.5
      vertex 2.09057 -19.8904 32.5
    endloop
  endfacet
  facet normal 0.20791 -0.978148 0
    outer loop
      vertex 6.18034 -19.0211 32.5
      vertex 2.09057 -19.8904 11
      vertex 6.18034 -19.0211 11
    endloop
  endfacet
  facet normal 0.207802 -0.978171 0
    outer loop
      vertex 2.31181 -19.8434 8.5
      vertex 2.09057 -19.8904 9
      vertex 2.09057 -19.8904 8.72969
    endloop
  endfacet
  facet normal 0.20791 -0.978148 5.01022e-05
    outer loop
      vertex 2.09057 -19.8904 9
      vertex 2.31181 -19.8434 8.5
      vertex 6.18034 -19.0211 9
    endloop
  endfacet
  facet normal 0.207916 -0.978147 0
    outer loop
      vertex 6.18034 -19.0211 9
      vertex 2.31181 -19.8434 8.5
      vertex 6.18034 -19.0211 8.5
    endloop
  endfacet
  facet normal -0.951053 0.309029 0
    outer loop
      vertex -19.563 4.15823 11
      vertex -18.2709 8.13473 32.5
      vertex -18.2709 8.13473 11
    endloop
  endfacet
  facet normal -0.951053 0.309029 0
    outer loop
      vertex -18.2709 8.13473 32.5
      vertex -19.563 4.15823 11
      vertex -19.563 4.15823 32.5
    endloop
  endfacet
  facet normal -0.951053 0.309029 0
    outer loop
      vertex -19.563 4.15823 8.5
      vertex -18.2709 8.13473 9
      vertex -18.2709 8.13473 8.5
    endloop
  endfacet
  facet normal -0.951053 0.309029 0
    outer loop
      vertex -18.2709 8.13473 9
      vertex -19.563 4.15823 8.5
      vertex -19.563 4.15823 9
    endloop
  endfacet
  facet normal -0.951053 -0.309029 0
    outer loop
      vertex -18.2709 -8.13473 11
      vertex -19.563 -4.15823 32.5
      vertex -19.563 -4.15823 11
    endloop
  endfacet
  facet normal -0.951053 -0.309029 0
    outer loop
      vertex -19.563 -4.15823 32.5
      vertex -18.2709 -8.13473 11
      vertex -18.2709 -8.13473 32.5
    endloop
  endfacet
  facet normal -0.951053 -0.309029 0
    outer loop
      vertex -18.2709 -8.13473 8.5
      vertex -19.563 -4.15823 9
      vertex -19.563 -4.15823 8.5
    endloop
  endfacet
  facet normal -0.951053 -0.309029 0
    outer loop
      vertex -19.563 -4.15823 9
      vertex -18.2709 -8.13473 8.5
      vertex -18.2709 -8.13473 9
    endloop
  endfacet
  facet normal -0.406732 0.913547 0
    outer loop
      vertex -6.18034 19.0211 11
      vertex -10 17.3205 32.5
      vertex -6.18034 19.0211 32.5
    endloop
  endfacet
  facet normal -0.406732 0.913547 0
    outer loop
      vertex -10 17.3205 32.5
      vertex -6.18034 19.0211 11
      vertex -10 17.3205 11
    endloop
  endfacet
  facet normal -0.406732 0.913547 0
    outer loop
      vertex -6.18034 19.0211 8.5
      vertex -10 17.3205 9
      vertex -6.18034 19.0211 9
    endloop
  endfacet
  facet normal -0.406732 0.913547 0
    outer loop
      vertex -10 17.3205 9
      vertex -6.18034 19.0211 8.5
      vertex -10 17.3205 8.5
    endloop
  endfacet
  facet normal -0 0 1
    outer loop
      vertex -13.3826 14.8629 32.5
      vertex -10 2 32.5
      vertex -10 17.3205 32.5
    endloop
  endfacet
  facet normal -0 0 1
    outer loop
      vertex -16.1803 11.7557 32.5
      vertex -10 2 32.5
      vertex -13.3826 14.8629 32.5
    endloop
  endfacet
  facet normal -0 0 1
    outer loop
      vertex -18.2709 8.13473 32.5
      vertex -10 2 32.5
      vertex -16.1803 11.7557 32.5
    endloop
  endfacet
  facet normal -0 0 1
    outer loop
      vertex -19.563 4.15823 32.5
      vertex -10 2 32.5
      vertex -18.2709 8.13473 32.5
    endloop
  endfacet
  facet normal 0 0 1
    outer loop
      vertex -10 2 32.5
      vertex -19.563 4.15823 32.5
      vertex -19.7898 2 32.5
    endloop
  endfacet
  facet normal -0 0 1
    outer loop
      vertex -10 2 32.5
      vertex 20 0 32.5
      vertex 19.563 4.15823 32.5
    endloop
  endfacet
  facet normal 0 0 1
    outer loop
      vertex -10 2 32.5
      vertex 19.563 4.15823 32.5
      vertex 18.2709 8.13473 32.5
    endloop
  endfacet
  facet normal 0 0 1
    outer loop
      vertex -10 -2 32.5
      vertex 20 0 32.5
      vertex -10 2 32.5
    endloop
  endfacet
  facet normal 0 0 1
    outer loop
      vertex -10 2 32.5
      vertex 18.2709 8.13473 32.5
      vertex 16.1803 11.7557 32.5
    endloop
  endfacet
  facet normal 0 0 1
    outer loop
      vertex 20 0 32.5
      vertex -10 -2 32.5
      vertex 19.563 -4.15823 32.5
    endloop
  endfacet
  facet normal 0 0 1
    outer loop
      vertex -10 2 32.5
      vertex 16.1803 11.7557 32.5
      vertex 13.3826 14.8629 32.5
    endloop
  endfacet
  facet normal 0 0 1
    outer loop
      vertex 19.563 -4.15823 32.5
      vertex -10 -2 32.5
      vertex 18.2709 -8.13473 32.5
    endloop
  endfacet
  facet normal 0 0 1
    outer loop
      vertex -10 2 32.5
      vertex 13.3826 14.8629 32.5
      vertex 10 17.3205 32.5
    endloop
  endfacet
  facet normal 0 0 1
    outer loop
      vertex 18.2709 -8.13473 32.5
      vertex -10 -2 32.5
      vertex 16.1803 -11.7557 32.5
    endloop
  endfacet
  facet normal 0 0 1
    outer loop
      vertex -10 2 32.5
      vertex 10 17.3205 32.5
      vertex 6.18034 19.0211 32.5
    endloop
  endfacet
  facet normal 0 0 1
    outer loop
      vertex 16.1803 -11.7557 32.5
      vertex -10 -2 32.5
      vertex 13.3826 -14.8629 32.5
    endloop
  endfacet
  facet normal 0 0 1
    outer loop
      vertex -10 2 32.5
      vertex 6.18034 19.0211 32.5
      vertex 2.09057 19.8904 32.5
    endloop
  endfacet
  facet normal 0 0 1
    outer loop
      vertex 13.3826 -14.8629 32.5
      vertex -10 -2 32.5
      vertex 10 -17.3205 32.5
    endloop
  endfacet
  facet normal 0 0 1
    outer loop
      vertex -10 2 32.5
      vertex 2.09057 19.8904 32.5
      vertex -2.09057 19.8904 32.5
    endloop
  endfacet
  facet normal 0 0 1
    outer loop
      vertex 10 -17.3205 32.5
      vertex -10 -2 32.5
      vertex 6.18034 -19.0211 32.5
    endloop
  endfacet
  facet normal 0 0 1
    outer loop
      vertex -10 2 32.5
      vertex -2.09057 19.8904 32.5
      vertex -6.18034 19.0211 32.5
    endloop
  endfacet
  facet normal 0 0 1
    outer loop
      vertex 6.18034 -19.0211 32.5
      vertex -10 -2 32.5
      vertex 2.09057 -19.8904 32.5
    endloop
  endfacet
  facet normal 0 0 1
    outer loop
      vertex -10 2 32.5
      vertex -6.18034 19.0211 32.5
      vertex -10 17.3205 32.5
    endloop
  endfacet
  facet normal 0 0 1
    outer loop
      vertex 2.09057 -19.8904 32.5
      vertex -10 -2 32.5
      vertex -2.09057 -19.8904 32.5
    endloop
  endfacet
  facet normal 0 0 1
    outer loop
      vertex -2.09057 -19.8904 32.5
      vertex -10 -2 32.5
      vertex -6.18034 -19.0211 32.5
    endloop
  endfacet
  facet normal 0 0 1
    outer loop
      vertex -10 -2 32.5
      vertex -10 -17.3205 32.5
      vertex -6.18034 -19.0211 32.5
    endloop
  endfacet
  facet normal 0 0 1
    outer loop
      vertex -10 -2 32.5
      vertex -13.3826 -14.8629 32.5
      vertex -10 -17.3205 32.5
    endloop
  endfacet
  facet normal 0 0 1
    outer loop
      vertex -10 -2 32.5
      vertex -16.1803 -11.7557 32.5
      vertex -13.3826 -14.8629 32.5
    endloop
  endfacet
  facet normal 0 0 1
    outer loop
      vertex -10 -2 32.5
      vertex -18.2709 -8.13473 32.5
      vertex -16.1803 -11.7557 32.5
    endloop
  endfacet
  facet normal 0 0 1
    outer loop
      vertex -10 -2 32.5
      vertex -19.563 -4.15823 32.5
      vertex -18.2709 -8.13473 32.5
    endloop
  endfacet
  facet normal 0 -0 1
    outer loop
      vertex -19.563 -4.15823 32.5
      vertex -10 -2 32.5
      vertex -19.7898 -2 32.5
    endloop
  endfacet
  facet normal -0.20791 -0.978148 0
    outer loop
      vertex -6.18034 -19.0211 11
      vertex -2.09057 -19.8904 32.5
      vertex -6.18034 -19.0211 32.5
    endloop
  endfacet
  facet normal -0.20791 -0.978148 -0
    outer loop
      vertex -2.09057 -19.8904 32.5
      vertex -6.18034 -19.0211 11
      vertex -2.09057 -19.8904 11
    endloop
  endfacet
  facet normal -0.20791 -0.978148 5.01022e-05
    outer loop
      vertex -2.31181 -19.8434 8.5
      vertex -2.09057 -19.8904 9
      vertex -6.18034 -19.0211 9
    endloop
  endfacet
  facet normal -0.207916 -0.978147 0
    outer loop
      vertex -2.31181 -19.8434 8.5
      vertex -6.18034 -19.0211 9
      vertex -6.18034 -19.0211 8.5
    endloop
  endfacet
  facet normal -0.207802 -0.978171 -0
    outer loop
      vertex -2.09057 -19.8904 9
      vertex -2.31181 -19.8434 8.5
      vertex -2.09057 -19.8904 8.72969
    endloop
  endfacet
  facet normal 0.20791 0.978148 -0
    outer loop
      vertex 6.18034 19.0211 11
      vertex 2.09057 19.8904 32.5
      vertex 6.18034 19.0211 32.5
    endloop
  endfacet
  facet normal 0.20791 0.978148 0
    outer loop
      vertex 2.09057 19.8904 32.5
      vertex 6.18034 19.0211 11
      vertex 2.09057 19.8904 11
    endloop
  endfacet
  facet normal 0.20791 0.978148 5.01022e-05
    outer loop
      vertex 2.31181 19.8434 8.5
      vertex 2.09057 19.8904 9
      vertex 6.18034 19.0211 9
    endloop
  endfacet
  facet normal 0.207916 0.978147 0
    outer loop
      vertex 2.31181 19.8434 8.5
      vertex 6.18034 19.0211 9
      vertex 6.18034 19.0211 8.5
    endloop
  endfacet
  facet normal 0.207802 0.978171 0
    outer loop
      vertex 2.09057 19.8904 9
      vertex 2.31181 19.8434 8.5
      vertex 2.09057 19.8904 8.72969
    endloop
  endfacet
  facet normal -0.994524 -0.104511 0
    outer loop
      vertex -19.563 -4.15823 11
      vertex -19.7898 -2 32.5
      vertex -19.7898 -2 11
    endloop
  endfacet
  facet normal -0.994524 -0.104511 0
    outer loop
      vertex -19.7898 -2 32.5
      vertex -19.563 -4.15823 11
      vertex -19.563 -4.15823 32.5
    endloop
  endfacet
  facet normal -0.994524 -0.104507 -0
    outer loop
      vertex -19.563 -4.15823 9
      vertex -19.7454 -2.42245 8.5
      vertex -19.563 -4.15823 8.5
    endloop
  endfacet
  facet normal -0.994522 -0.104523 -5.72129e-05
    outer loop
      vertex -19.7454 -2.42245 8.5
      vertex -19.563 -4.15823 9
      vertex -19.7874 -2.02309 8.98078
    endloop
  endfacet
  facet normal -0.994518 -0.104487 0.00397383
    outer loop
      vertex -19.7874 -2.02309 8.98078
      vertex -19.563 -4.15823 9
      vertex -19.789 -2.00713 9
    endloop
  endfacet
  facet normal -0.866022 -0.500006 0
    outer loop
      vertex -16.1803 -11.7557 11
      vertex -18.2709 -8.13473 32.5
      vertex -18.2709 -8.13473 11
    endloop
  endfacet
  facet normal -0.866022 -0.500006 0
    outer loop
      vertex -18.2709 -8.13473 32.5
      vertex -16.1803 -11.7557 11
      vertex -16.1803 -11.7557 32.5
    endloop
  endfacet
  facet normal -0.866022 -0.500006 0
    outer loop
      vertex -16.1803 -11.7557 8.5
      vertex -18.2709 -8.13473 9
      vertex -18.2709 -8.13473 8.5
    endloop
  endfacet
  facet normal -0.866022 -0.500006 0
    outer loop
      vertex -18.2709 -8.13473 9
      vertex -16.1803 -11.7557 8.5
      vertex -16.1803 -11.7557 9
    endloop
  endfacet
  facet normal -0.866022 0.500006 0
    outer loop
      vertex -18.2709 8.13473 11
      vertex -16.1803 11.7557 32.5
      vertex -16.1803 11.7557 11
    endloop
  endfacet
  facet normal -0.866022 0.500006 0
    outer loop
      vertex -16.1803 11.7557 32.5
      vertex -18.2709 8.13473 11
      vertex -18.2709 8.13473 32.5
    endloop
  endfacet
  facet normal -0.866022 0.500006 0
    outer loop
      vertex -18.2709 8.13473 8.5
      vertex -16.1803 11.7557 9
      vertex -16.1803 11.7557 8.5
    endloop
  endfacet
  facet normal -0.866022 0.500006 0
    outer loop
      vertex -16.1803 11.7557 9
      vertex -18.2709 8.13473 8.5
      vertex -18.2709 8.13473 9
    endloop
  endfacet
  facet normal 0.866022 -0.500006 0
    outer loop
      vertex 16.1803 -11.7557 32.5
      vertex 18.2709 -8.13473 11
      vertex 18.2709 -8.13473 32.5
    endloop
  endfacet
  facet normal 0.866022 -0.500006 0
    outer loop
      vertex 18.2709 -8.13473 11
      vertex 16.1803 -11.7557 32.5
      vertex 16.1803 -11.7557 11
    endloop
  endfacet
  facet normal 0.866022 -0.500006 0
    outer loop
      vertex 16.1803 -11.7557 9
      vertex 18.2709 -8.13473 8.5
      vertex 18.2709 -8.13473 9
    endloop
  endfacet
  facet normal 0.866022 -0.500006 0
    outer loop
      vertex 18.2709 -8.13473 8.5
      vertex 16.1803 -11.7557 9
      vertex 16.1803 -11.7557 8.5
    endloop
  endfacet
  facet normal 0.587785 0.809017 -0
    outer loop
      vertex 13.3826 14.8629 11
      vertex 10 17.3205 32.5
      vertex 13.3826 14.8629 32.5
    endloop
  endfacet
  facet normal 0.587785 0.809017 0
    outer loop
      vertex 10 17.3205 32.5
      vertex 13.3826 14.8629 11
      vertex 10 17.3205 11
    endloop
  endfacet
  facet normal 0.587785 0.809017 -0
    outer loop
      vertex 13.3826 14.8629 8.5
      vertex 10 17.3205 9
      vertex 13.3826 14.8629 9
    endloop
  endfacet
  facet normal 0.587785 0.809017 0
    outer loop
      vertex 10 17.3205 9
      vertex 13.3826 14.8629 8.5
      vertex 10 17.3205 8.5
    endloop
  endfacet
  facet normal -0.587785 0.809017 0
    outer loop
      vertex -10 17.3205 11
      vertex -13.3826 14.8629 32.5
      vertex -10 17.3205 32.5
    endloop
  endfacet
  facet normal -0.587785 0.809017 0
    outer loop
      vertex -13.3826 14.8629 32.5
      vertex -10 17.3205 11
      vertex -13.3826 14.8629 11
    endloop
  endfacet
  facet normal -0.587785 0.809017 0
    outer loop
      vertex -10 17.3205 8.5
      vertex -13.3826 14.8629 9
      vertex -10 17.3205 9
    endloop
  endfacet
  facet normal -0.587785 0.809017 0
    outer loop
      vertex -13.3826 14.8629 9
      vertex -10 17.3205 8.5
      vertex -13.3826 14.8629 8.5
    endloop
  endfacet
  facet normal -0.20791 0.978148 0
    outer loop
      vertex -2.09057 19.8904 11
      vertex -6.18034 19.0211 32.5
      vertex -2.09057 19.8904 32.5
    endloop
  endfacet
  facet normal -0.20791 0.978148 0
    outer loop
      vertex -6.18034 19.0211 32.5
      vertex -2.09057 19.8904 11
      vertex -6.18034 19.0211 11
    endloop
  endfacet
  facet normal -0.207802 0.978171 0
    outer loop
      vertex -2.31181 19.8434 8.5
      vertex -2.09057 19.8904 9
      vertex -2.09057 19.8904 8.72969
    endloop
  endfacet
  facet normal -0.20791 0.978148 5.01022e-05
    outer loop
      vertex -2.09057 19.8904 9
      vertex -2.31181 19.8434 8.5
      vertex -6.18034 19.0211 9
    endloop
  endfacet
  facet normal -0.207916 0.978147 0
    outer loop
      vertex -6.18034 19.0211 9
      vertex -2.31181 19.8434 8.5
      vertex -6.18034 19.0211 8.5
    endloop
  endfacet
  facet normal 0 -1 0
    outer loop
      vertex -2.09057 -19.8904 11
      vertex 2.09057 -19.8904 32.5
      vertex -2.09057 -19.8904 32.5
    endloop
  endfacet
  facet normal 0 -1 -0
    outer loop
      vertex 2.09057 -19.8904 32.5
      vertex -2.09057 -19.8904 11
      vertex 2.09057 -19.8904 11
    endloop
  endfacet
  facet normal 0 -1 0
    outer loop
      vertex -2.09057 -19.8904 9
      vertex -2.01345 -19.8904 8.83504
      vertex -1.89268 -19.8904 9
    endloop
  endfacet
  facet normal -0 -1 0
    outer loop
      vertex -2.01345 -19.8904 8.83504
      vertex -2.09057 -19.8904 9
      vertex -2.09057 -19.8904 8.72969
    endloop
  endfacet
  facet normal 0 -1 0
    outer loop
      vertex 2.01345 -19.8904 8.83504
      vertex 2.09057 -19.8904 9
      vertex 1.89268 -19.8904 9
    endloop
  endfacet
  facet normal 0 -1 -0
    outer loop
      vertex 2.09057 -19.8904 9
      vertex 2.01345 -19.8904 8.83504
      vertex 2.09057 -19.8904 8.72969
    endloop
  endfacet
  facet normal 0 -1 0
    outer loop
      vertex -1.47161 -19.8904 9.5
      vertex 1.47161 -19.8904 10
      vertex -1.47161 -19.8904 10
    endloop
  endfacet
  facet normal 0 -1 -0
    outer loop
      vertex 1.47161 -19.8904 10
      vertex -1.47161 -19.8904 9.5
      vertex 1.47161 -19.8904 9.5
    endloop
  endfacet
  facet normal -0.994524 0.104511 0
    outer loop
      vertex -19.7898 2 11
      vertex -19.563 4.15823 32.5
      vertex -19.563 4.15823 11
    endloop
  endfacet
  facet normal -0.994524 0.104511 0
    outer loop
      vertex -19.563 4.15823 32.5
      vertex -19.7898 2 11
      vertex -19.7898 2 32.5
    endloop
  endfacet
  facet normal -0.994524 0.104507 0
    outer loop
      vertex -19.7454 2.42245 8.5
      vertex -19.563 4.15823 9
      vertex -19.563 4.15823 8.5
    endloop
  endfacet
  facet normal -0.994522 0.104523 -5.72129e-05
    outer loop
      vertex -19.7874 2.02309 8.98078
      vertex -19.563 4.15823 9
      vertex -19.7454 2.42245 8.5
    endloop
  endfacet
  facet normal -0.994518 0.104487 0.00397383
    outer loop
      vertex -19.563 4.15823 9
      vertex -19.7874 2.02309 8.98078
      vertex -19.789 2.00713 9
    endloop
  endfacet
  facet normal -0.92388 -0.382682 0
    outer loop
      vertex 7.24444 1.94114 8.5
      vertex 6.49519 3.75 10
      vertex 6.49519 3.75 8.5
    endloop
  endfacet
  facet normal -0.92388 -0.382682 0
    outer loop
      vertex 6.49519 3.75 10
      vertex 7.24444 1.94114 8.5
      vertex 7.24444 1.94114 10
    endloop
  endfacet
  facet normal -0.92388 -0.382682 0
    outer loop
      vertex 7.24444 1.94114 11
      vertex 6.49519 3.75 20
      vertex 6.49519 3.75 11
    endloop
  endfacet
  facet normal -0.92388 -0.382682 0
    outer loop
      vertex 6.49519 3.75 20
      vertex 7.24444 1.94114 11
      vertex 7.24444 1.94114 20
    endloop
  endfacet
  facet normal -0.991445 -0.130528 0
    outer loop
      vertex 7.5 0 8.5
      vertex 7.24444 1.94114 10
      vertex 7.24444 1.94114 8.5
    endloop
  endfacet
  facet normal -0.991445 -0.130528 0
    outer loop
      vertex 7.24444 1.94114 10
      vertex 7.5 0 8.5
      vertex 7.5 0 10
    endloop
  endfacet
  facet normal -0.991445 -0.130528 0
    outer loop
      vertex 7.5 0 11
      vertex 7.24444 1.94114 20
      vertex 7.24444 1.94114 11
    endloop
  endfacet
  facet normal -0.991445 -0.130528 0
    outer loop
      vertex 7.24444 1.94114 20
      vertex 7.5 0 11
      vertex 7.5 0 20
    endloop
  endfacet
  facet normal -0.793353 -0.608762 0
    outer loop
      vertex 6.49519 3.75 8.5
      vertex 5.3033 5.3033 10
      vertex 5.3033 5.3033 8.5
    endloop
  endfacet
  facet normal -0.793353 -0.608762 0
    outer loop
      vertex 5.3033 5.3033 10
      vertex 6.49519 3.75 8.5
      vertex 6.49519 3.75 10
    endloop
  endfacet
  facet normal -0.793353 -0.608762 0
    outer loop
      vertex 6.49519 3.75 11
      vertex 5.3033 5.3033 20
      vertex 5.3033 5.3033 11
    endloop
  endfacet
  facet normal -0.793353 -0.608762 0
    outer loop
      vertex 5.3033 5.3033 20
      vertex 6.49519 3.75 11
      vertex 6.49519 3.75 20
    endloop
  endfacet
  facet normal 0.793353 -0.608762 0
    outer loop
      vertex -6.49519 3.75 10
      vertex -5.3033 5.3033 8.5
      vertex -5.3033 5.3033 10
    endloop
  endfacet
  facet normal 0.793353 -0.608762 0
    outer loop
      vertex -5.3033 5.3033 8.5
      vertex -6.49519 3.75 10
      vertex -6.49519 3.75 8.5
    endloop
  endfacet
  facet normal 0.793353 -0.608762 0
    outer loop
      vertex -6.49519 3.75 20
      vertex -5.3033 5.3033 11
      vertex -5.3033 5.3033 20
    endloop
  endfacet
  facet normal 0.793353 -0.608762 0
    outer loop
      vertex -5.3033 5.3033 11
      vertex -6.49519 3.75 20
      vertex -6.49519 3.75 11
    endloop
  endfacet
  facet normal 0.608762 -0.793353 0
    outer loop
      vertex -5.3033 5.3033 8.5
      vertex -3.75 6.49519 10
      vertex -5.3033 5.3033 10
    endloop
  endfacet
  facet normal 0.608762 -0.793353 0
    outer loop
      vertex -3.75 6.49519 10
      vertex -5.3033 5.3033 8.5
      vertex -3.75 6.49519 8.5
    endloop
  endfacet
  facet normal 0.608762 -0.793353 0
    outer loop
      vertex -5.3033 5.3033 11
      vertex -3.75 6.49519 20
      vertex -5.3033 5.3033 20
    endloop
  endfacet
  facet normal 0.608762 -0.793353 0
    outer loop
      vertex -3.75 6.49519 20
      vertex -5.3033 5.3033 11
      vertex -3.75 6.49519 11
    endloop
  endfacet
  facet normal -0.382682 0.92388 0
    outer loop
      vertex 3.75 -6.49519 8.5
      vertex 1.94114 -7.24444 10
      vertex 3.75 -6.49519 10
    endloop
  endfacet
  facet normal -0.382682 0.92388 0
    outer loop
      vertex 1.94114 -7.24444 10
      vertex 3.75 -6.49519 8.5
      vertex 1.94114 -7.24444 8.5
    endloop
  endfacet
  facet normal -0.382682 0.92388 0
    outer loop
      vertex 3.75 -6.49519 11
      vertex 1.94114 -7.24444 20
      vertex 3.75 -6.49519 20
    endloop
  endfacet
  facet normal -0.382682 0.92388 0
    outer loop
      vertex 1.94114 -7.24444 20
      vertex 3.75 -6.49519 11
      vertex 1.94114 -7.24444 11
    endloop
  endfacet
  facet normal 0.92388 -0.382682 0
    outer loop
      vertex -7.24444 1.94114 10
      vertex -6.49519 3.75 8.5
      vertex -6.49519 3.75 10
    endloop
  endfacet
  facet normal 0.92388 -0.382682 0
    outer loop
      vertex -6.49519 3.75 8.5
      vertex -7.24444 1.94114 10
      vertex -7.24444 1.94114 8.5
    endloop
  endfacet
  facet normal 0.92388 -0.382682 0
    outer loop
      vertex -7.24444 1.94114 20
      vertex -6.49519 3.75 11
      vertex -6.49519 3.75 20
    endloop
  endfacet
  facet normal 0.92388 -0.382682 0
    outer loop
      vertex -6.49519 3.75 11
      vertex -7.24444 1.94114 20
      vertex -7.24444 1.94114 11
    endloop
  endfacet
  facet normal -0.608762 -0.793353 0
    outer loop
      vertex 3.75 6.49519 8.5
      vertex 5.3033 5.3033 10
      vertex 3.75 6.49519 10
    endloop
  endfacet
  facet normal -0.608762 -0.793353 -0
    outer loop
      vertex 5.3033 5.3033 10
      vertex 3.75 6.49519 8.5
      vertex 5.3033 5.3033 8.5
    endloop
  endfacet
  facet normal -0.608762 -0.793353 0
    outer loop
      vertex 3.75 6.49519 11
      vertex 5.3033 5.3033 20
      vertex 3.75 6.49519 20
    endloop
  endfacet
  facet normal -0.608762 -0.793353 -0
    outer loop
      vertex 5.3033 5.3033 20
      vertex 3.75 6.49519 11
      vertex 5.3033 5.3033 11
    endloop
  endfacet
  facet normal -0.130528 -0.991445 0
    outer loop
      vertex 0 7.5 8.5
      vertex 1.94114 7.24444 10
      vertex 0 7.5 10
    endloop
  endfacet
  facet normal -0.130528 -0.991445 -0
    outer loop
      vertex 1.94114 7.24444 10
      vertex 0 7.5 8.5
      vertex 1.94114 7.24444 8.5
    endloop
  endfacet
  facet normal -0.130528 -0.991445 0
    outer loop
      vertex 0 7.5 11
      vertex 1.94114 7.24444 20
      vertex 0 7.5 20
    endloop
  endfacet
  facet normal -0.130528 -0.991445 -0
    outer loop
      vertex 1.94114 7.24444 20
      vertex 0 7.5 11
      vertex 1.94114 7.24444 11
    endloop
  endfacet
  facet normal -0.130528 0.991445 0
    outer loop
      vertex 1.94114 -7.24444 8.5
      vertex 0 -7.5 10
      vertex 1.94114 -7.24444 10
    endloop
  endfacet
  facet normal -0.130528 0.991445 0
    outer loop
      vertex 0 -7.5 10
      vertex 1.94114 -7.24444 8.5
      vertex 0 -7.5 8.5
    endloop
  endfacet
  facet normal -0.130528 0.991445 0
    outer loop
      vertex 1.94114 -7.24444 11
      vertex 0 -7.5 20
      vertex 1.94114 -7.24444 20
    endloop
  endfacet
  facet normal -0.130528 0.991445 0
    outer loop
      vertex 0 -7.5 20
      vertex 1.94114 -7.24444 11
      vertex 0 -7.5 11
    endloop
  endfacet
  facet normal 0 0 -1
    outer loop
      vertex 7.24444 -1.94114 20
      vertex 7.24444 1.94114 20
      vertex 7.5 0 20
    endloop
  endfacet
  facet normal 0 0 -1
    outer loop
      vertex 6.49519 -3.75 20
      vertex 7.24444 1.94114 20
      vertex 7.24444 -1.94114 20
    endloop
  endfacet
  facet normal 0 0 -1
    outer loop
      vertex 6.49519 -3.75 20
      vertex 6.49519 3.75 20
      vertex 7.24444 1.94114 20
    endloop
  endfacet
  facet normal 0 0 -1
    outer loop
      vertex 5.3033 -5.3033 20
      vertex 6.49519 3.75 20
      vertex 6.49519 -3.75 20
    endloop
  endfacet
  facet normal 0 0 -1
    outer loop
      vertex 5.3033 -5.3033 20
      vertex 5.3033 5.3033 20
      vertex 6.49519 3.75 20
    endloop
  endfacet
  facet normal 0 0 -1
    outer loop
      vertex 3.75 -6.49519 20
      vertex 5.3033 5.3033 20
      vertex 5.3033 -5.3033 20
    endloop
  endfacet
  facet normal 0 0 -1
    outer loop
      vertex 3.75 -6.49519 20
      vertex 3.75 6.49519 20
      vertex 5.3033 5.3033 20
    endloop
  endfacet
  facet normal 0 0 -1
    outer loop
      vertex 1.94114 -7.24444 20
      vertex 3.75 6.49519 20
      vertex 3.75 -6.49519 20
    endloop
  endfacet
  facet normal 0 0 -1
    outer loop
      vertex 1.94114 -7.24444 20
      vertex 1.94114 7.24444 20
      vertex 3.75 6.49519 20
    endloop
  endfacet
  facet normal 0 0 -1
    outer loop
      vertex 0 -7.5 20
      vertex 1.94114 7.24444 20
      vertex 1.94114 -7.24444 20
    endloop
  endfacet
  facet normal 0 0 -1
    outer loop
      vertex 0 -7.5 20
      vertex 0 7.5 20
      vertex 1.94114 7.24444 20
    endloop
  endfacet
  facet normal 0 0 -1
    outer loop
      vertex -1.94114 -7.24444 20
      vertex 0 7.5 20
      vertex 0 -7.5 20
    endloop
  endfacet
  facet normal 0 0 -1
    outer loop
      vertex -1.94114 -7.24444 20
      vertex -1.94114 7.24444 20
      vertex 0 7.5 20
    endloop
  endfacet
  facet normal 0 0 -1
    outer loop
      vertex -3.75 -6.49519 20
      vertex -1.94114 7.24444 20
      vertex -1.94114 -7.24444 20
    endloop
  endfacet
  facet normal 0 0 -1
    outer loop
      vertex -3.75 -6.49519 20
      vertex -3.75 6.49519 20
      vertex -1.94114 7.24444 20
    endloop
  endfacet
  facet normal 0 0 -1
    outer loop
      vertex -5.3033 -5.3033 20
      vertex -3.75 6.49519 20
      vertex -3.75 -6.49519 20
    endloop
  endfacet
  facet normal 0 0 -1
    outer loop
      vertex -5.3033 -5.3033 20
      vertex -5.3033 5.3033 20
      vertex -3.75 6.49519 20
    endloop
  endfacet
  facet normal 0 0 -1
    outer loop
      vertex -6.49519 -3.75 20
      vertex -5.3033 5.3033 20
      vertex -5.3033 -5.3033 20
    endloop
  endfacet
  facet normal 0 0 -1
    outer loop
      vertex -6.49519 -3.75 20
      vertex -6.49519 3.75 20
      vertex -5.3033 5.3033 20
    endloop
  endfacet
  facet normal 0 0 -1
    outer loop
      vertex -7.24444 -1.94114 20
      vertex -6.49519 3.75 20
      vertex -6.49519 -3.75 20
    endloop
  endfacet
  facet normal 0 0 -1
    outer loop
      vertex -7.24444 -1.94114 20
      vertex -7.24444 1.94114 20
      vertex -6.49519 3.75 20
    endloop
  endfacet
  facet normal 0 -0 -1
    outer loop
      vertex -7.24444 1.94114 20
      vertex -7.24444 -1.94114 20
      vertex -7.5 0 20
    endloop
  endfacet
  facet normal -0.793353 0.608762 0
    outer loop
      vertex 5.3033 -5.3033 8.5
      vertex 6.49519 -3.75 10
      vertex 6.49519 -3.75 8.5
    endloop
  endfacet
  facet normal -0.793353 0.608762 0
    outer loop
      vertex 6.49519 -3.75 10
      vertex 5.3033 -5.3033 8.5
      vertex 5.3033 -5.3033 10
    endloop
  endfacet
  facet normal -0.793353 0.608762 0
    outer loop
      vertex 5.3033 -5.3033 11
      vertex 6.49519 -3.75 20
      vertex 6.49519 -3.75 11
    endloop
  endfacet
  facet normal -0.793353 0.608762 0
    outer loop
      vertex 6.49519 -3.75 20
      vertex 5.3033 -5.3033 11
      vertex 5.3033 -5.3033 20
    endloop
  endfacet
  facet normal -0.608762 0.793353 0
    outer loop
      vertex 5.3033 -5.3033 8.5
      vertex 3.75 -6.49519 10
      vertex 5.3033 -5.3033 10
    endloop
  endfacet
  facet normal -0.608762 0.793353 0
    outer loop
      vertex 3.75 -6.49519 10
      vertex 5.3033 -5.3033 8.5
      vertex 3.75 -6.49519 8.5
    endloop
  endfacet
  facet normal -0.608762 0.793353 0
    outer loop
      vertex 5.3033 -5.3033 11
      vertex 3.75 -6.49519 20
      vertex 5.3033 -5.3033 20
    endloop
  endfacet
  facet normal -0.608762 0.793353 0
    outer loop
      vertex 3.75 -6.49519 20
      vertex 5.3033 -5.3033 11
      vertex 3.75 -6.49519 11
    endloop
  endfacet
  facet normal 0.793353 0.608762 0
    outer loop
      vertex -5.3033 -5.3033 10
      vertex -6.49519 -3.75 8.5
      vertex -6.49519 -3.75 10
    endloop
  endfacet
  facet normal 0.793353 0.608762 0
    outer loop
      vertex -6.49519 -3.75 8.5
      vertex -5.3033 -5.3033 10
      vertex -5.3033 -5.3033 8.5
    endloop
  endfacet
  facet normal 0.793353 0.608762 0
    outer loop
      vertex -5.3033 -5.3033 20
      vertex -6.49519 -3.75 11
      vertex -6.49519 -3.75 20
    endloop
  endfacet
  facet normal 0.793353 0.608762 0
    outer loop
      vertex -6.49519 -3.75 11
      vertex -5.3033 -5.3033 20
      vertex -5.3033 -5.3033 11
    endloop
  endfacet
  facet normal -0.991445 0.130528 0
    outer loop
      vertex 7.24444 -1.94114 8.5
      vertex 7.5 0 10
      vertex 7.5 0 8.5
    endloop
  endfacet
  facet normal -0.991445 0.130528 0
    outer loop
      vertex 7.5 0 10
      vertex 7.24444 -1.94114 8.5
      vertex 7.24444 -1.94114 10
    endloop
  endfacet
  facet normal -0.991445 0.130528 0
    outer loop
      vertex 7.24444 -1.94114 11
      vertex 7.5 0 20
      vertex 7.5 0 11
    endloop
  endfacet
  facet normal -0.991445 0.130528 0
    outer loop
      vertex 7.5 0 20
      vertex 7.24444 -1.94114 11
      vertex 7.24444 -1.94114 20
    endloop
  endfacet
  facet normal 0.991445 -0.130528 0
    outer loop
      vertex -7.5 0 10
      vertex -7.24444 1.94114 8.5
      vertex -7.24444 1.94114 10
    endloop
  endfacet
  facet normal 0.991445 -0.130528 0
    outer loop
      vertex -7.24444 1.94114 8.5
      vertex -7.5 0 10
      vertex -7.5 0 8.5
    endloop
  endfacet
  facet normal 0.991445 -0.130528 0
    outer loop
      vertex -7.5 0 20
      vertex -7.24444 1.94114 11
      vertex -7.24444 1.94114 20
    endloop
  endfacet
  facet normal 0.991445 -0.130528 0
    outer loop
      vertex -7.24444 1.94114 11
      vertex -7.5 0 20
      vertex -7.5 0 11
    endloop
  endfacet
  facet normal 0.130528 -0.991445 0
    outer loop
      vertex -1.94114 7.24444 8.5
      vertex 0 7.5 10
      vertex -1.94114 7.24444 10
    endloop
  endfacet
  facet normal 0.130528 -0.991445 0
    outer loop
      vertex 0 7.5 10
      vertex -1.94114 7.24444 8.5
      vertex 0 7.5 8.5
    endloop
  endfacet
  facet normal 0.130528 -0.991445 0
    outer loop
      vertex -1.94114 7.24444 11
      vertex 0 7.5 20
      vertex -1.94114 7.24444 20
    endloop
  endfacet
  facet normal 0.130528 -0.991445 0
    outer loop
      vertex 0 7.5 20
      vertex -1.94114 7.24444 11
      vertex 0 7.5 11
    endloop
  endfacet
  facet normal -0.92388 0.382682 0
    outer loop
      vertex 6.49519 -3.75 8.5
      vertex 7.24444 -1.94114 10
      vertex 7.24444 -1.94114 8.5
    endloop
  endfacet
  facet normal -0.92388 0.382682 0
    outer loop
      vertex 7.24444 -1.94114 10
      vertex 6.49519 -3.75 8.5
      vertex 6.49519 -3.75 10
    endloop
  endfacet
  facet normal -0.92388 0.382682 0
    outer loop
      vertex 6.49519 -3.75 11
      vertex 7.24444 -1.94114 20
      vertex 7.24444 -1.94114 11
    endloop
  endfacet
  facet normal -0.92388 0.382682 0
    outer loop
      vertex 7.24444 -1.94114 20
      vertex 6.49519 -3.75 11
      vertex 6.49519 -3.75 20
    endloop
  endfacet
  facet normal 0.382682 -0.92388 0
    outer loop
      vertex -3.75 6.49519 8.5
      vertex -1.94114 7.24444 10
      vertex -3.75 6.49519 10
    endloop
  endfacet
  facet normal 0.382682 -0.92388 0
    outer loop
      vertex -1.94114 7.24444 10
      vertex -3.75 6.49519 8.5
      vertex -1.94114 7.24444 8.5
    endloop
  endfacet
  facet normal 0.382682 -0.92388 0
    outer loop
      vertex -3.75 6.49519 11
      vertex -1.94114 7.24444 20
      vertex -3.75 6.49519 20
    endloop
  endfacet
  facet normal 0.382682 -0.92388 0
    outer loop
      vertex -1.94114 7.24444 20
      vertex -3.75 6.49519 11
      vertex -1.94114 7.24444 11
    endloop
  endfacet
  facet normal -0.382682 -0.92388 0
    outer loop
      vertex 1.94114 7.24444 8.5
      vertex 3.75 6.49519 10
      vertex 1.94114 7.24444 10
    endloop
  endfacet
  facet normal -0.382682 -0.92388 -0
    outer loop
      vertex 3.75 6.49519 10
      vertex 1.94114 7.24444 8.5
      vertex 3.75 6.49519 8.5
    endloop
  endfacet
  facet normal -0.382682 -0.92388 0
    outer loop
      vertex 1.94114 7.24444 11
      vertex 3.75 6.49519 20
      vertex 1.94114 7.24444 20
    endloop
  endfacet
  facet normal -0.382682 -0.92388 -0
    outer loop
      vertex 3.75 6.49519 20
      vertex 1.94114 7.24444 11
      vertex 3.75 6.49519 11
    endloop
  endfacet
  facet normal 0.130528 0.991445 -0
    outer loop
      vertex 0 -7.5 8.5
      vertex -1.94114 -7.24444 10
      vertex 0 -7.5 10
    endloop
  endfacet
  facet normal 0.130528 0.991445 0
    outer loop
      vertex -1.94114 -7.24444 10
      vertex 0 -7.5 8.5
      vertex -1.94114 -7.24444 8.5
    endloop
  endfacet
  facet normal 0.130528 0.991445 -0
    outer loop
      vertex 0 -7.5 11
      vertex -1.94114 -7.24444 20
      vertex 0 -7.5 20
    endloop
  endfacet
  facet normal 0.130528 0.991445 0
    outer loop
      vertex -1.94114 -7.24444 20
      vertex 0 -7.5 11
      vertex -1.94114 -7.24444 11
    endloop
  endfacet
  facet normal 0.92388 0.382682 0
    outer loop
      vertex -6.49519 -3.75 10
      vertex -7.24444 -1.94114 8.5
      vertex -7.24444 -1.94114 10
    endloop
  endfacet
  facet normal 0.92388 0.382682 0
    outer loop
      vertex -7.24444 -1.94114 8.5
      vertex -6.49519 -3.75 10
      vertex -6.49519 -3.75 8.5
    endloop
  endfacet
  facet normal 0.92388 0.382682 0
    outer loop
      vertex -6.49519 -3.75 20
      vertex -7.24444 -1.94114 11
      vertex -7.24444 -1.94114 20
    endloop
  endfacet
  facet normal 0.92388 0.382682 0
    outer loop
      vertex -7.24444 -1.94114 11
      vertex -6.49519 -3.75 20
      vertex -6.49519 -3.75 11
    endloop
  endfacet
  facet normal 0.991445 0.130528 0
    outer loop
      vertex -7.24444 -1.94114 10
      vertex -7.5 0 8.5
      vertex -7.5 0 10
    endloop
  endfacet
  facet normal 0.991445 0.130528 0
    outer loop
      vertex -7.5 0 8.5
      vertex -7.24444 -1.94114 10
      vertex -7.24444 -1.94114 8.5
    endloop
  endfacet
  facet normal 0.991445 0.130528 0
    outer loop
      vertex -7.24444 -1.94114 20
      vertex -7.5 0 11
      vertex -7.5 0 20
    endloop
  endfacet
  facet normal 0.991445 0.130528 0
    outer loop
      vertex -7.5 0 11
      vertex -7.24444 -1.94114 20
      vertex -7.24444 -1.94114 11
    endloop
  endfacet
  facet normal 0.608762 0.793353 -0
    outer loop
      vertex -3.75 -6.49519 8.5
      vertex -5.3033 -5.3033 10
      vertex -3.75 -6.49519 10
    endloop
  endfacet
  facet normal 0.608762 0.793353 0
    outer loop
      vertex -5.3033 -5.3033 10
      vertex -3.75 -6.49519 8.5
      vertex -5.3033 -5.3033 8.5
    endloop
  endfacet
  facet normal 0.608762 0.793353 -0
    outer loop
      vertex -3.75 -6.49519 11
      vertex -5.3033 -5.3033 20
      vertex -3.75 -6.49519 20
    endloop
  endfacet
  facet normal 0.608762 0.793353 0
    outer loop
      vertex -5.3033 -5.3033 20
      vertex -3.75 -6.49519 11
      vertex -5.3033 -5.3033 11
    endloop
  endfacet
  facet normal 0.382682 0.92388 -0
    outer loop
      vertex -1.94114 -7.24444 8.5
      vertex -3.75 -6.49519 10
      vertex -1.94114 -7.24444 10
    endloop
  endfacet
  facet normal 0.382682 0.92388 0
    outer loop
      vertex -3.75 -6.49519 10
      vertex -1.94114 -7.24444 8.5
      vertex -3.75 -6.49519 8.5
    endloop
  endfacet
  facet normal 0.382682 0.92388 -0
    outer loop
      vertex -1.94114 -7.24444 11
      vertex -3.75 -6.49519 20
      vertex -1.94114 -7.24444 20
    endloop
  endfacet
  facet normal 0.382682 0.92388 0
    outer loop
      vertex -3.75 -6.49519 20
      vertex -1.94114 -7.24444 11
      vertex -3.75 -6.49519 11
    endloop
  endfacet
  facet normal -1 0 0
    outer loop
      vertex -10 -2 11
      vertex -10 2 32.5
      vertex -10 2 11
    endloop
  endfacet
  facet normal -1 -0 0
    outer loop
      vertex -10 2 32.5
      vertex -10 -2 11
      vertex -10 -2 32.5
    endloop
  endfacet
  facet normal -1 0 0
    outer loop
      vertex -10 -2 8.5
      vertex -10 2 9
      vertex -10 2 8.5
    endloop
  endfacet
  facet normal -1 -0 0
    outer loop
      vertex -10 2 9
      vertex -10 -2 8.5
      vertex -10 -2 9
    endloop
  endfacet
  facet normal 0 -1 0
    outer loop
      vertex -19.7898 2 11
      vertex -10 2 32.5
      vertex -19.7898 2 32.5
    endloop
  endfacet
  facet normal 0 -1 -0
    outer loop
      vertex -10 2 32.5
      vertex -19.7898 2 11
      vertex -10 2 11
    endloop
  endfacet
  facet normal 0 -1 0
    outer loop
      vertex -15.7699 2 8.5
      vertex -10 2 9
      vertex -16.1972 2 9
    endloop
  endfacet
  facet normal 0 -1 -0
    outer loop
      vertex -10 2 9
      vertex -15.7699 2 8.5
      vertex -10 2 8.5
    endloop
  endfacet
  facet normal 0 -1 0
    outer loop
      vertex -19.2071 2 9.5
      vertex -16.7929 2 10
      vertex -19.2071 2 10
    endloop
  endfacet
  facet normal 0 -1 -0
    outer loop
      vertex -16.7929 2 10
      vertex -19.2071 2 9.5
      vertex -16.7929 2 9.5
    endloop
  endfacet
  facet normal 0 1 -0
    outer loop
      vertex -10 -2 11
      vertex -19.7898 -2 32.5
      vertex -10 -2 32.5
    endloop
  endfacet
  facet normal 0 1 0
    outer loop
      vertex -19.7898 -2 32.5
      vertex -10 -2 11
      vertex -19.7898 -2 11
    endloop
  endfacet
  facet normal 0 1 0
    outer loop
      vertex -15.7699 -2 8.5
      vertex -10 -2 9
      vertex -10 -2 8.5
    endloop
  endfacet
  facet normal 0 1 0
    outer loop
      vertex -10 -2 9
      vertex -15.7699 -2 8.5
      vertex -16.1972 -2 9
    endloop
  endfacet
  facet normal 0 1 -0
    outer loop
      vertex -16.7929 -2 9.5
      vertex -19.2071 -2 10
      vertex -16.7929 -2 10
    endloop
  endfacet
  facet normal 0 1 0
    outer loop
      vertex -19.2071 -2 10
      vertex -16.7929 -2 9.5
      vertex -19.2071 -2 9.5
    endloop
  endfacet
  facet normal -0.924291 -0.381688 0
    outer loop
      vertex 19.8476 1.57493 9.5
      vertex 19.83 1.61755 10
      vertex 19.83 1.61755 9.469
    endloop
  endfacet
  facet normal -0.923871 -0.382705 -0
    outer loop
      vertex 20.5 0 10
      vertex 19.8476 1.57493 9.5
      vertex 20.5 0 9.5
    endloop
  endfacet
  facet normal -0.923882 -0.382678 9.88337e-05
    outer loop
      vertex 19.8476 1.57493 9.5
      vertex 20.5 0 10
      vertex 19.83 1.61755 10
    endloop
  endfacet
  facet normal -0 0 -1
    outer loop
      vertex 20.5 0 10
      vertex 19.83 -1.61755 10
      vertex 20 0 10
    endloop
  endfacet
  facet normal 0 0 -1
    outer loop
      vertex 20.5 0 10
      vertex 20 0 10
      vertex 19.83 1.61755 10
    endloop
  endfacet
  facet normal -0.923871 0.382705 0
    outer loop
      vertex 19.8476 -1.57493 9.5
      vertex 20.5 0 10
      vertex 20.5 0 9.5
    endloop
  endfacet
  facet normal -0.923882 0.382678 9.88337e-05
    outer loop
      vertex 19.8476 -1.57493 9.5
      vertex 19.83 -1.61755 10
      vertex 20.5 0 10
    endloop
  endfacet
  facet normal -0.924291 0.381688 0
    outer loop
      vertex 19.83 -1.61755 10
      vertex 19.8476 -1.57493 9.5
      vertex 19.83 -1.61755 9.469
    endloop
  endfacet
  facet normal 0.382704 -0.923871 0
    outer loop
      vertex -1.47161 19.8904 9.5
      vertex 0 20.5 10
      vertex -1.47161 19.8904 10
    endloop
  endfacet
  facet normal 0.382704 -0.923871 0
    outer loop
      vertex 0 20.5 10
      vertex -1.47161 19.8904 9.5
      vertex 0 20.5 9.5
    endloop
  endfacet
  facet normal 0 -0 -1
    outer loop
      vertex 0 20.5 10
      vertex 1.47161 19.8904 10
      vertex -1.47161 19.8904 10
    endloop
  endfacet
  facet normal -0.382704 -0.923871 0
    outer loop
      vertex 0 20.5 9.5
      vertex 1.47161 19.8904 10
      vertex 0 20.5 10
    endloop
  endfacet
  facet normal -0.382704 -0.923871 -0
    outer loop
      vertex 1.47161 19.8904 10
      vertex 0 20.5 9.5
      vertex 1.47161 19.8904 9.5
    endloop
  endfacet
  facet normal -0.382656 0.923891 5.42273e-05
    outer loop
      vertex -16.2322 -1.76777 10
      vertex -16.3718 -1.82556 9.5
      vertex -16.7929 -2 10
    endloop
  endfacet
  facet normal -0.38249 0.92396 0
    outer loop
      vertex -16.3718 -1.82556 9.5
      vertex -16.2322 -1.76777 10
      vertex -16.2322 -1.76777 9.43471
    endloop
  endfacet
  facet normal -0.382711 0.923868 0
    outer loop
      vertex -16.7929 -2 10
      vertex -16.3718 -1.82556 9.5
      vertex -16.7929 -2 9.5
    endloop
  endfacet
  facet normal 0.923871 0.382705 0
    outer loop
      vertex -20.5 0 10
      vertex -19.8476 -1.57493 9.5
      vertex -20.5 0 9.5
    endloop
  endfacet
  facet normal 0.923886 0.382668 0.000135258
    outer loop
      vertex -19.7678 -1.76777 10
      vertex -19.8476 -1.57493 9.5
      vertex -20.5 0 10
    endloop
  endfacet
  facet normal 0.92401 0.382369 0
    outer loop
      vertex -19.8476 -1.57493 9.5
      vertex -19.7678 -1.76777 10
      vertex -19.7678 -1.76777 9.35975
    endloop
  endfacet
  facet normal 0.382656 -0.923891 -4.65653e-06
    outer loop
      vertex -19.7678 1.76777 10
      vertex -19.6241 1.82729 9.5
      vertex -19.2071 2 10
    endloop
  endfacet
  facet normal 0.38267 -0.923885 0
    outer loop
      vertex -19.6241 1.82729 9.5
      vertex -19.7678 1.76777 10
      vertex -19.7678 1.76777 9.35975
    endloop
  endfacet
  facet normal 0.382651 -0.923893 0
    outer loop
      vertex -19.2071 2 10
      vertex -19.6241 1.82729 9.5
      vertex -19.2071 2 9.5
    endloop
  endfacet
  facet normal 0.92401 -0.382369 0
    outer loop
      vertex -19.7678 1.76777 10
      vertex -19.8476 1.57493 9.5
      vertex -19.7678 1.76777 9.35975
    endloop
  endfacet
  facet normal 0.923886 -0.382668 0.000135258
    outer loop
      vertex -20.5 0 10
      vertex -19.8476 1.57493 9.5
      vertex -19.7678 1.76777 10
    endloop
  endfacet
  facet normal 0.923871 -0.382705 0
    outer loop
      vertex -19.8476 1.57493 9.5
      vertex -20.5 0 10
      vertex -20.5 0 9.5
    endloop
  endfacet
  facet normal -0.923966 0.382475 0
    outer loop
      vertex -15.5726 -0.175384 9.5
      vertex -15.5 0 10
      vertex -15.5 0 9.35036
    endloop
  endfacet
  facet normal -0.923868 0.382712 8.24108e-05
    outer loop
      vertex -16.2322 -1.76777 10
      vertex -15.5726 -0.175384 9.5
      vertex -16.2099 -1.71383 9.5
    endloop
  endfacet
  facet normal -0.923886 0.382668 -7.95051e-05
    outer loop
      vertex -15.5726 -0.175384 9.5
      vertex -16.2322 -1.76777 10
      vertex -15.5 0 10
    endloop
  endfacet
  facet normal -0.924138 0.382059 0
    outer loop
      vertex -16.2322 -1.76777 10
      vertex -16.2099 -1.71383 9.5
      vertex -16.2322 -1.76777 9.43471
    endloop
  endfacet
  facet normal -0.382711 -0.923868 0
    outer loop
      vertex -16.3718 1.82556 9.5
      vertex -16.7929 2 10
      vertex -16.7929 2 9.5
    endloop
  endfacet
  facet normal -0.382656 -0.923891 5.42273e-05
    outer loop
      vertex -16.7929 2 10
      vertex -16.3718 1.82556 9.5
      vertex -16.2322 1.76777 10
    endloop
  endfacet
  facet normal -0.38249 -0.92396 -0
    outer loop
      vertex -16.2322 1.76777 10
      vertex -16.3718 1.82556 9.5
      vertex -16.2322 1.76777 9.43471
    endloop
  endfacet
  facet normal 0.382651 0.923893 0
    outer loop
      vertex -19.6241 -1.82729 9.5
      vertex -19.2071 -2 10
      vertex -19.2071 -2 9.5
    endloop
  endfacet
  facet normal 0.382656 0.923891 -4.65653e-06
    outer loop
      vertex -19.2071 -2 10
      vertex -19.6241 -1.82729 9.5
      vertex -19.7678 -1.76777 10
    endloop
  endfacet
  facet normal 0.38267 0.923885 0
    outer loop
      vertex -19.7678 -1.76777 10
      vertex -19.6241 -1.82729 9.5
      vertex -19.7678 -1.76777 9.35975
    endloop
  endfacet
  facet normal -0.924138 -0.382059 0
    outer loop
      vertex -16.2099 1.71383 9.5
      vertex -16.2322 1.76777 10
      vertex -16.2322 1.76777 9.43471
    endloop
  endfacet
  facet normal -0.923868 -0.382712 8.24108e-05
    outer loop
      vertex -15.5726 0.175384 9.5
      vertex -16.2322 1.76777 10
      vertex -16.2099 1.71383 9.5
    endloop
  endfacet
  facet normal -0.923886 -0.382668 -7.95051e-05
    outer loop
      vertex -15.5726 0.175384 9.5
      vertex -15.5 0 10
      vertex -16.2322 1.76777 10
    endloop
  endfacet
  facet normal -0.923966 -0.382475 -0
    outer loop
      vertex -15.5 0 10
      vertex -15.5726 0.175384 9.5
      vertex -15.5 0 9.35036
    endloop
  endfacet
  facet normal 0 0 -1
    outer loop
      vertex -16.7929 -2 10
      vertex -15.5 0 10
      vertex -16.2322 -1.76777 10
    endloop
  endfacet
  facet normal 0 0 -1
    outer loop
      vertex -16.7929 2 10
      vertex -15.5 0 10
      vertex -16.7929 -2 10
    endloop
  endfacet
  facet normal 0 0 -1
    outer loop
      vertex -15.5 0 10
      vertex -16.7929 2 10
      vertex -16.2322 1.76777 10
    endloop
  endfacet
  facet normal 0 0 -1
    outer loop
      vertex -19.2071 -2 10
      vertex -16.7929 2 10
      vertex -16.7929 -2 10
    endloop
  endfacet
  facet normal 0 0 -1
    outer loop
      vertex -19.2071 -2 10
      vertex -19.2071 2 10
      vertex -16.7929 2 10
    endloop
  endfacet
  facet normal 0 0 -1
    outer loop
      vertex -20.5 0 10
      vertex -19.2071 -2 10
      vertex -19.7678 -1.76777 10
    endloop
  endfacet
  facet normal 0 0 -1
    outer loop
      vertex -19.2071 -2 10
      vertex -20.5 0 10
      vertex -19.2071 2 10
    endloop
  endfacet
  facet normal 0 0 -1
    outer loop
      vertex -19.2071 2 10
      vertex -20.5 0 10
      vertex -19.7678 1.76777 10
    endloop
  endfacet
  facet normal -0.382704 0.923871 0
    outer loop
      vertex 1.47161 -19.8904 9.5
      vertex 0 -20.5 10
      vertex 1.47161 -19.8904 10
    endloop
  endfacet
  facet normal -0.382704 0.923871 0
    outer loop
      vertex 0 -20.5 10
      vertex 1.47161 -19.8904 9.5
      vertex 0 -20.5 9.5
    endloop
  endfacet
  facet normal 0.382704 0.923871 -0
    outer loop
      vertex 0 -20.5 9.5
      vertex -1.47161 -19.8904 10
      vertex 0 -20.5 10
    endloop
  endfacet
  facet normal 0.382704 0.923871 0
    outer loop
      vertex -1.47161 -19.8904 10
      vertex 0 -20.5 9.5
      vertex -1.47161 -19.8904 9.5
    endloop
  endfacet
  facet normal -0 0 -1
    outer loop
      vertex 1.47161 -19.8904 10
      vertex 0 -20.5 10
      vertex -1.47161 -19.8904 10
    endloop
  endfacet
  facet normal -0.40674 -0.913544 0
    outer loop
      vertex -12.5 -21.6506 9
      vertex -7.72542 -23.7764 11
      vertex -12.5 -21.6506 11
    endloop
  endfacet
  facet normal -0.40674 -0.913544 -0
    outer loop
      vertex -7.72542 -23.7764 11
      vertex -12.5 -21.6506 9
      vertex -7.72542 -23.7764 9
    endloop
  endfacet
  facet normal -0.951054 -0.309026 0
    outer loop
      vertex -22.8386 -10.1684 9
      vertex -24.4537 -5.19779 11
      vertex -24.4537 -5.19779 9
    endloop
  endfacet
  facet normal -0.951054 -0.309026 0
    outer loop
      vertex -24.4537 -5.19779 11
      vertex -22.8386 -10.1684 9
      vertex -22.8386 -10.1684 11
    endloop
  endfacet
  facet normal 0.951054 0.309026 0
    outer loop
      vertex 24.4537 5.19779 11
      vertex 22.8386 10.1684 9
      vertex 22.8386 10.1684 11
    endloop
  endfacet
  facet normal 0.951054 0.309026 0
    outer loop
      vertex 22.8386 10.1684 9
      vertex 24.4537 5.19779 11
      vertex 24.4537 5.19779 9
    endloop
  endfacet
  facet normal 0.994522 0.104527 0
    outer loop
      vertex 25 0 11
      vertex 24.4537 5.19779 9
      vertex 24.4537 5.19779 11
    endloop
  endfacet
  facet normal 0.994522 0.104527 0
    outer loop
      vertex 24.4537 5.19779 9
      vertex 25 0 11
      vertex 25 0 9
    endloop
  endfacet
  facet normal 0.866026 0.5 0
    outer loop
      vertex 22.8386 10.1684 11
      vertex 20.2254 14.6946 9
      vertex 20.2254 14.6946 11
    endloop
  endfacet
  facet normal 0.866026 0.5 0
    outer loop
      vertex 20.2254 14.6946 9
      vertex 22.8386 10.1684 11
      vertex 22.8386 10.1684 9
    endloop
  endfacet
  facet normal 0.58778 -0.809021 0
    outer loop
      vertex 12.5 -21.6506 9
      vertex 16.7283 -18.5786 11
      vertex 12.5 -21.6506 11
    endloop
  endfacet
  facet normal 0.58778 -0.809021 0
    outer loop
      vertex 16.7283 -18.5786 11
      vertex 12.5 -21.6506 9
      vertex 16.7283 -18.5786 9
    endloop
  endfacet
  facet normal 0.40674 0.913544 -0
    outer loop
      vertex 12.5 21.6506 9
      vertex 7.72542 23.7764 11
      vertex 12.5 21.6506 11
    endloop
  endfacet
  facet normal 0.40674 0.913544 0
    outer loop
      vertex 7.72542 23.7764 11
      vertex 12.5 21.6506 9
      vertex 7.72542 23.7764 9
    endloop
  endfacet
  facet normal 0.994522 -0.104527 0
    outer loop
      vertex 24.4537 -5.19779 11
      vertex 25 0 9
      vertex 25 0 11
    endloop
  endfacet
  facet normal 0.994522 -0.104527 0
    outer loop
      vertex 25 0 9
      vertex 24.4537 -5.19779 11
      vertex 24.4537 -5.19779 9
    endloop
  endfacet
  facet normal 0.743151 0.669123 0
    outer loop
      vertex 20.2254 14.6946 11
      vertex 16.7283 18.5786 9
      vertex 16.7283 18.5786 11
    endloop
  endfacet
  facet normal 0.743151 0.669123 0
    outer loop
      vertex 16.7283 18.5786 9
      vertex 20.2254 14.6946 11
      vertex 20.2254 14.6946 9
    endloop
  endfacet
  facet normal -0.866026 0.5 0
    outer loop
      vertex -22.8386 10.1684 9
      vertex -20.2254 14.6946 11
      vertex -20.2254 14.6946 9
    endloop
  endfacet
  facet normal -0.866026 0.5 0
    outer loop
      vertex -20.2254 14.6946 11
      vertex -22.8386 10.1684 9
      vertex -22.8386 10.1684 11
    endloop
  endfacet
  facet normal 0.743151 -0.669123 0
    outer loop
      vertex 16.7283 -18.5786 11
      vertex 20.2254 -14.6946 9
      vertex 20.2254 -14.6946 11
    endloop
  endfacet
  facet normal 0.743151 -0.669123 0
    outer loop
      vertex 20.2254 -14.6946 9
      vertex 16.7283 -18.5786 11
      vertex 16.7283 -18.5786 9
    endloop
  endfacet
  facet normal -0.743151 0.669123 0
    outer loop
      vertex -20.2254 14.6946 9
      vertex -16.7283 18.5786 11
      vertex -16.7283 18.5786 9
    endloop
  endfacet
  facet normal -0.743151 0.669123 0
    outer loop
      vertex -16.7283 18.5786 11
      vertex -20.2254 14.6946 9
      vertex -20.2254 14.6946 11
    endloop
  endfacet
  facet normal 0.866026 -0.5 0
    outer loop
      vertex 20.2254 -14.6946 11
      vertex 22.8386 -10.1684 9
      vertex 22.8386 -10.1684 11
    endloop
  endfacet
  facet normal 0.866026 -0.5 0
    outer loop
      vertex 22.8386 -10.1684 9
      vertex 20.2254 -14.6946 11
      vertex 20.2254 -14.6946 9
    endloop
  endfacet
  facet normal -0.58778 0.809021 0
    outer loop
      vertex -12.5 21.6506 9
      vertex -16.7283 18.5786 11
      vertex -12.5 21.6506 11
    endloop
  endfacet
  facet normal -0.58778 0.809021 0
    outer loop
      vertex -16.7283 18.5786 11
      vertex -12.5 21.6506 9
      vertex -16.7283 18.5786 9
    endloop
  endfacet
  facet normal 0 0 1
    outer loop
      vertex 20 0 11
      vertex 25 0 11
      vertex 24.4537 5.19779 11
    endloop
  endfacet
  facet normal 0 0 1
    outer loop
      vertex 19.563 4.15823 11
      vertex 24.4537 5.19779 11
      vertex 22.8386 10.1684 11
    endloop
  endfacet
  facet normal 0 0 1
    outer loop
      vertex 25 0 11
      vertex 20 0 11
      vertex 24.4537 -5.19779 11
    endloop
  endfacet
  facet normal 0 0 1
    outer loop
      vertex 18.2709 8.13473 11
      vertex 22.8386 10.1684 11
      vertex 20.2254 14.6946 11
    endloop
  endfacet
  facet normal -0 0 1
    outer loop
      vertex 19.563 -4.15823 11
      vertex 24.4537 -5.19779 11
      vertex 20 0 11
    endloop
  endfacet
  facet normal 0 0 1
    outer loop
      vertex 24.4537 -5.19779 11
      vertex 19.563 -4.15823 11
      vertex 22.8386 -10.1684 11
    endloop
  endfacet
  facet normal 0 0 1
    outer loop
      vertex 24.4537 5.19779 11
      vertex 19.563 4.15823 11
      vertex 20 0 11
    endloop
  endfacet
  facet normal 0 0 1
    outer loop
      vertex 22.8386 10.1684 11
      vertex 18.2709 8.13473 11
      vertex 19.563 4.15823 11
    endloop
  endfacet
  facet normal 0 0 1
    outer loop
      vertex 16.1803 11.7557 11
      vertex 20.2254 14.6946 11
      vertex 16.7283 18.5786 11
    endloop
  endfacet
  facet normal 0 0 1
    outer loop
      vertex 20.2254 14.6946 11
      vertex 16.1803 11.7557 11
      vertex 18.2709 8.13473 11
    endloop
  endfacet
  facet normal 0 0 1
    outer loop
      vertex 16.7283 18.5786 11
      vertex 13.3826 14.8629 11
      vertex 16.1803 11.7557 11
    endloop
  endfacet
  facet normal 0 0 1
    outer loop
      vertex 12.5 21.6506 11
      vertex 13.3826 14.8629 11
      vertex 16.7283 18.5786 11
    endloop
  endfacet
  facet normal 0 0 1
    outer loop
      vertex 12.5 21.6506 11
      vertex 10 17.3205 11
      vertex 13.3826 14.8629 11
    endloop
  endfacet
  facet normal 0 0 1
    outer loop
      vertex 7.72542 23.7764 11
      vertex 10 17.3205 11
      vertex 12.5 21.6506 11
    endloop
  endfacet
  facet normal 0 0 1
    outer loop
      vertex 7.72542 23.7764 11
      vertex 6.18034 19.0211 11
      vertex 10 17.3205 11
    endloop
  endfacet
  facet normal 0 0 1
    outer loop
      vertex 2.61321 24.863 11
      vertex 6.18034 19.0211 11
      vertex 7.72542 23.7764 11
    endloop
  endfacet
  facet normal 0 0 1
    outer loop
      vertex 2.61321 24.863 11
      vertex 2.09057 19.8904 11
      vertex 6.18034 19.0211 11
    endloop
  endfacet
  facet normal 0 0 1
    outer loop
      vertex 2.61321 24.863 11
      vertex -2.09057 19.8904 11
      vertex 2.09057 19.8904 11
    endloop
  endfacet
  facet normal -0 0 1
    outer loop
      vertex -2.61321 24.863 11
      vertex -2.09057 19.8904 11
      vertex 2.61321 24.863 11
    endloop
  endfacet
  facet normal 0 0 1
    outer loop
      vertex -2.61321 24.863 11
      vertex -6.18034 19.0211 11
      vertex -2.09057 19.8904 11
    endloop
  endfacet
  facet normal -0 0 1
    outer loop
      vertex -7.72542 23.7764 11
      vertex -6.18034 19.0211 11
      vertex -2.61321 24.863 11
    endloop
  endfacet
  facet normal 0 0 1
    outer loop
      vertex -7.72542 23.7764 11
      vertex -10 17.3205 11
      vertex -6.18034 19.0211 11
    endloop
  endfacet
  facet normal -0 0 1
    outer loop
      vertex -12.5 21.6506 11
      vertex -10 17.3205 11
      vertex -7.72542 23.7764 11
    endloop
  endfacet
  facet normal 0 0 1
    outer loop
      vertex -12.5 21.6506 11
      vertex -13.3826 14.8629 11
      vertex -10 17.3205 11
    endloop
  endfacet
  facet normal -0 0 1
    outer loop
      vertex -16.7283 18.5786 11
      vertex -13.3826 14.8629 11
      vertex -12.5 21.6506 11
    endloop
  endfacet
  facet normal 0 0 1
    outer loop
      vertex -13.3826 14.8629 11
      vertex -16.7283 18.5786 11
      vertex -16.1803 11.7557 11
    endloop
  endfacet
  facet normal -0 0 1
    outer loop
      vertex -20.2254 14.6946 11
      vertex -16.1803 11.7557 11
      vertex -16.7283 18.5786 11
    endloop
  endfacet
  facet normal 0 0 1
    outer loop
      vertex -16.1803 11.7557 11
      vertex -20.2254 14.6946 11
      vertex -18.2709 8.13473 11
    endloop
  endfacet
  facet normal -0 0 1
    outer loop
      vertex -24.4537 5.19779 11
      vertex -19.563 4.15823 11
      vertex -22.8386 10.1684 11
    endloop
  endfacet
  facet normal 0 0 1
    outer loop
      vertex -18.2709 8.13473 11
      vertex -22.8386 10.1684 11
      vertex -19.563 4.15823 11
    endloop
  endfacet
  facet normal -0 0 1
    outer loop
      vertex -22.8386 10.1684 11
      vertex -18.2709 8.13473 11
      vertex -20.2254 14.6946 11
    endloop
  endfacet
  facet normal -0 0 1
    outer loop
      vertex 18.2709 -8.13473 11
      vertex 22.8386 -10.1684 11
      vertex 19.563 -4.15823 11
    endloop
  endfacet
  facet normal 0 0 1
    outer loop
      vertex 22.8386 -10.1684 11
      vertex 18.2709 -8.13473 11
      vertex 20.2254 -14.6946 11
    endloop
  endfacet
  facet normal -0 0 1
    outer loop
      vertex 16.1803 -11.7557 11
      vertex 20.2254 -14.6946 11
      vertex 18.2709 -8.13473 11
    endloop
  endfacet
  facet normal 0 0 1
    outer loop
      vertex 20.2254 -14.6946 11
      vertex 16.1803 -11.7557 11
      vertex 16.7283 -18.5786 11
    endloop
  endfacet
  facet normal -0 0 1
    outer loop
      vertex 13.3826 -14.8629 11
      vertex 16.7283 -18.5786 11
      vertex 16.1803 -11.7557 11
    endloop
  endfacet
  facet normal 0 0 1
    outer loop
      vertex 13.3826 -14.8629 11
      vertex 12.5 -21.6506 11
      vertex 16.7283 -18.5786 11
    endloop
  endfacet
  facet normal -0 0 1
    outer loop
      vertex 10 -17.3205 11
      vertex 12.5 -21.6506 11
      vertex 13.3826 -14.8629 11
    endloop
  endfacet
  facet normal 0 0 1
    outer loop
      vertex 10 -17.3205 11
      vertex 7.72542 -23.7764 11
      vertex 12.5 -21.6506 11
    endloop
  endfacet
  facet normal -0 0 1
    outer loop
      vertex 6.18034 -19.0211 11
      vertex 7.72542 -23.7764 11
      vertex 10 -17.3205 11
    endloop
  endfacet
  facet normal 0 0 1
    outer loop
      vertex 6.18034 -19.0211 11
      vertex 2.61321 -24.863 11
      vertex 7.72542 -23.7764 11
    endloop
  endfacet
  facet normal -0 0 1
    outer loop
      vertex 2.09057 -19.8904 11
      vertex 2.61321 -24.863 11
      vertex 6.18034 -19.0211 11
    endloop
  endfacet
  facet normal -0 0 1
    outer loop
      vertex -2.09057 -19.8904 11
      vertex 2.61321 -24.863 11
      vertex 2.09057 -19.8904 11
    endloop
  endfacet
  facet normal 0 0 1
    outer loop
      vertex -2.09057 -19.8904 11
      vertex -2.61321 -24.863 11
      vertex 2.61321 -24.863 11
    endloop
  endfacet
  facet normal 0 0 1
    outer loop
      vertex -6.18034 -19.0211 11
      vertex -2.61321 -24.863 11
      vertex -2.09057 -19.8904 11
    endloop
  endfacet
  facet normal 0 0 1
    outer loop
      vertex -6.18034 -19.0211 11
      vertex -7.72542 -23.7764 11
      vertex -2.61321 -24.863 11
    endloop
  endfacet
  facet normal 0 0 1
    outer loop
      vertex -10 -17.3205 11
      vertex -7.72542 -23.7764 11
      vertex -6.18034 -19.0211 11
    endloop
  endfacet
  facet normal 0 0 1
    outer loop
      vertex -10 -17.3205 11
      vertex -12.5 -21.6506 11
      vertex -7.72542 -23.7764 11
    endloop
  endfacet
  facet normal 0 0 1
    outer loop
      vertex -13.3826 -14.8629 11
      vertex -12.5 -21.6506 11
      vertex -10 -17.3205 11
    endloop
  endfacet
  facet normal 0 0 1
    outer loop
      vertex -16.7283 -18.5786 11
      vertex -13.3826 -14.8629 11
      vertex -16.1803 -11.7557 11
    endloop
  endfacet
  facet normal 0 0 1
    outer loop
      vertex -13.3826 -14.8629 11
      vertex -16.7283 -18.5786 11
      vertex -12.5 -21.6506 11
    endloop
  endfacet
  facet normal 0 0 1
    outer loop
      vertex -20.2254 -14.6946 11
      vertex -16.1803 -11.7557 11
      vertex -18.2709 -8.13473 11
    endloop
  endfacet
  facet normal 0 0 1
    outer loop
      vertex -22.8386 -10.1684 11
      vertex -18.2709 -8.13473 11
      vertex -19.563 -4.15823 11
    endloop
  endfacet
  facet normal 0 0 1
    outer loop
      vertex -16.1803 -11.7557 11
      vertex -20.2254 -14.6946 11
      vertex -16.7283 -18.5786 11
    endloop
  endfacet
  facet normal 0 0 1
    outer loop
      vertex -24.4537 -5.19779 11
      vertex -19.563 -4.15823 11
      vertex -19.7898 -2 11
    endloop
  endfacet
  facet normal 0 0 1
    outer loop
      vertex -19.563 4.15823 11
      vertex -24.4537 5.19779 11
      vertex -19.7898 2 11
    endloop
  endfacet
  facet normal 0 0 1
    outer loop
      vertex -25 0 11
      vertex -19.7898 2 11
      vertex -24.4537 5.19779 11
    endloop
  endfacet
  facet normal 0 0 1
    outer loop
      vertex -18.2709 -8.13473 11
      vertex -22.8386 -10.1684 11
      vertex -20.2254 -14.6946 11
    endloop
  endfacet
  facet normal 0 0 1
    outer loop
      vertex -19.7898 2 11
      vertex -25 0 11
      vertex -19.7898 -2 11
    endloop
  endfacet
  facet normal 0 0 1
    outer loop
      vertex -19.563 -4.15823 11
      vertex -24.4537 -5.19779 11
      vertex -22.8386 -10.1684 11
    endloop
  endfacet
  facet normal 0 0 1
    outer loop
      vertex -19.7898 -2 11
      vertex -25 0 11
      vertex -24.4537 -5.19779 11
    endloop
  endfacet
  facet normal -0 0 1
    outer loop
      vertex -19.7898 2 11
      vertex -10 -2 11
      vertex -10 2 11
    endloop
  endfacet
  facet normal 0 0 1
    outer loop
      vertex -10 -2 11
      vertex -19.7898 2 11
      vertex -19.7898 -2 11
    endloop
  endfacet
  facet normal 0 0 1
    outer loop
      vertex 7.24444 1.94114 11
      vertex 7.24444 -1.94114 11
      vertex 7.5 0 11
    endloop
  endfacet
  facet normal 0 0 1
    outer loop
      vertex 6.49519 3.75 11
      vertex 7.24444 -1.94114 11
      vertex 7.24444 1.94114 11
    endloop
  endfacet
  facet normal 0 0 1
    outer loop
      vertex 6.49519 3.75 11
      vertex 6.49519 -3.75 11
      vertex 7.24444 -1.94114 11
    endloop
  endfacet
  facet normal 0 0 1
    outer loop
      vertex 5.3033 5.3033 11
      vertex 6.49519 -3.75 11
      vertex 6.49519 3.75 11
    endloop
  endfacet
  facet normal 0 0 1
    outer loop
      vertex 5.3033 5.3033 11
      vertex 5.3033 -5.3033 11
      vertex 6.49519 -3.75 11
    endloop
  endfacet
  facet normal 0 0 1
    outer loop
      vertex 3.75 6.49519 11
      vertex 5.3033 -5.3033 11
      vertex 5.3033 5.3033 11
    endloop
  endfacet
  facet normal 0 0 1
    outer loop
      vertex 3.75 6.49519 11
      vertex 3.75 -6.49519 11
      vertex 5.3033 -5.3033 11
    endloop
  endfacet
  facet normal 0 0 1
    outer loop
      vertex 1.94114 7.24444 11
      vertex 3.75 -6.49519 11
      vertex 3.75 6.49519 11
    endloop
  endfacet
  facet normal 0 0 1
    outer loop
      vertex 1.94114 7.24444 11
      vertex 1.94114 -7.24444 11
      vertex 3.75 -6.49519 11
    endloop
  endfacet
  facet normal 0 0 1
    outer loop
      vertex 0 7.5 11
      vertex 1.94114 -7.24444 11
      vertex 1.94114 7.24444 11
    endloop
  endfacet
  facet normal 0 0 1
    outer loop
      vertex 0 7.5 11
      vertex 0 -7.5 11
      vertex 1.94114 -7.24444 11
    endloop
  endfacet
  facet normal -0 0 1
    outer loop
      vertex -1.94114 7.24444 11
      vertex 0 -7.5 11
      vertex 0 7.5 11
    endloop
  endfacet
  facet normal 0 0 1
    outer loop
      vertex -1.94114 7.24444 11
      vertex -1.94114 -7.24444 11
      vertex 0 -7.5 11
    endloop
  endfacet
  facet normal -0 0 1
    outer loop
      vertex -3.75 6.49519 11
      vertex -1.94114 -7.24444 11
      vertex -1.94114 7.24444 11
    endloop
  endfacet
  facet normal 0 0 1
    outer loop
      vertex -3.75 6.49519 11
      vertex -3.75 -6.49519 11
      vertex -1.94114 -7.24444 11
    endloop
  endfacet
  facet normal -0 0 1
    outer loop
      vertex -5.3033 5.3033 11
      vertex -3.75 -6.49519 11
      vertex -3.75 6.49519 11
    endloop
  endfacet
  facet normal 0 0 1
    outer loop
      vertex -5.3033 5.3033 11
      vertex -5.3033 -5.3033 11
      vertex -3.75 -6.49519 11
    endloop
  endfacet
  facet normal -0 0 1
    outer loop
      vertex -6.49519 3.75 11
      vertex -5.3033 -5.3033 11
      vertex -5.3033 5.3033 11
    endloop
  endfacet
  facet normal 0 0 1
    outer loop
      vertex -6.49519 3.75 11
      vertex -6.49519 -3.75 11
      vertex -5.3033 -5.3033 11
    endloop
  endfacet
  facet normal -0 0 1
    outer loop
      vertex -7.24444 1.94114 11
      vertex -6.49519 -3.75 11
      vertex -6.49519 3.75 11
    endloop
  endfacet
  facet normal 0 0 1
    outer loop
      vertex -7.24444 1.94114 11
      vertex -7.24444 -1.94114 11
      vertex -6.49519 -3.75 11
    endloop
  endfacet
  facet normal 0 -0 1
    outer loop
      vertex -7.24444 -1.94114 11
      vertex -7.24444 1.94114 11
      vertex -7.5 0 11
    endloop
  endfacet
  facet normal 0.951054 -0.309026 0
    outer loop
      vertex 22.8386 -10.1684 11
      vertex 24.4537 -5.19779 9
      vertex 24.4537 -5.19779 11
    endloop
  endfacet
  facet normal 0.951054 -0.309026 0
    outer loop
      vertex 24.4537 -5.19779 9
      vertex 22.8386 -10.1684 11
      vertex 22.8386 -10.1684 9
    endloop
  endfacet
  facet normal 0 1 -0
    outer loop
      vertex 2.61321 24.863 9
      vertex -2.61321 24.863 11
      vertex 2.61321 24.863 11
    endloop
  endfacet
  facet normal 0 1 0
    outer loop
      vertex -2.61321 24.863 11
      vertex 2.61321 24.863 9
      vertex -2.61321 24.863 9
    endloop
  endfacet
  facet normal -0.58778 -0.809021 0
    outer loop
      vertex -16.7283 -18.5786 9
      vertex -12.5 -21.6506 11
      vertex -16.7283 -18.5786 11
    endloop
  endfacet
  facet normal -0.58778 -0.809021 -0
    outer loop
      vertex -12.5 -21.6506 11
      vertex -16.7283 -18.5786 9
      vertex -12.5 -21.6506 9
    endloop
  endfacet
  facet normal -0.866026 -0.5 0
    outer loop
      vertex -20.2254 -14.6946 9
      vertex -22.8386 -10.1684 11
      vertex -22.8386 -10.1684 9
    endloop
  endfacet
  facet normal -0.866026 -0.5 0
    outer loop
      vertex -22.8386 -10.1684 11
      vertex -20.2254 -14.6946 9
      vertex -20.2254 -14.6946 11
    endloop
  endfacet
  facet normal 0 0 -1
    outer loop
      vertex 20.435 -1.27799 9
      vertex 25 0 9
      vertex 24.4537 -5.19779 9
    endloop
  endfacet
  facet normal 0 0 -1
    outer loop
      vertex 19.563 -4.15823 9
      vertex 24.4537 -5.19779 9
      vertex 22.8386 -10.1684 9
    endloop
  endfacet
  facet normal -0 0 -1
    outer loop
      vertex 25 0 9
      vertex 20.6736 -0.309815 9
      vertex 20.75 0 9
    endloop
  endfacet
  facet normal 0 0 -1
    outer loop
      vertex 20.435 1.27799 9
      vertex 25 0 9
      vertex 20.6736 0.309815 9
    endloop
  endfacet
  facet normal 0 0 -1
    outer loop
      vertex 20.6736 0.309815 9
      vertex 25 0 9
      vertex 20.75 0 9
    endloop
  endfacet
  facet normal 0 0 -1
    outer loop
      vertex 25 0 9
      vertex 20.435 -1.27799 9
      vertex 20.6736 -0.309815 9
    endloop
  endfacet
  facet normal 0 0 -1
    outer loop
      vertex 18.2709 -8.13473 9
      vertex 22.8386 -10.1684 9
      vertex 20.2254 -14.6946 9
    endloop
  endfacet
  facet normal 0 0 -1
    outer loop
      vertex 24.4537 -5.19779 9
      vertex 19.563 -4.15823 9
      vertex 20.435 -1.27799 9
    endloop
  endfacet
  facet normal 0 0 -1
    outer loop
      vertex 20.435 -1.27799 9
      vertex 19.563 -4.15823 9
      vertex 19.789 -2.00713 9
    endloop
  endfacet
  facet normal 0 0 -1
    outer loop
      vertex 22.8386 -10.1684 9
      vertex 18.2709 -8.13473 9
      vertex 19.563 -4.15823 9
    endloop
  endfacet
  facet normal 0 0 -1
    outer loop
      vertex 16.1803 -11.7557 9
      vertex 20.2254 -14.6946 9
      vertex 16.7283 -18.5786 9
    endloop
  endfacet
  facet normal 0 0 -1
    outer loop
      vertex 20.2254 -14.6946 9
      vertex 16.1803 -11.7557 9
      vertex 18.2709 -8.13473 9
    endloop
  endfacet
  facet normal 0 0 -1
    outer loop
      vertex 16.7283 -18.5786 9
      vertex 13.3826 -14.8629 9
      vertex 16.1803 -11.7557 9
    endloop
  endfacet
  facet normal 0 0 -1
    outer loop
      vertex 12.5 -21.6506 9
      vertex 13.3826 -14.8629 9
      vertex 16.7283 -18.5786 9
    endloop
  endfacet
  facet normal 0 0 -1
    outer loop
      vertex 12.5 -21.6506 9
      vertex 10 -17.3205 9
      vertex 13.3826 -14.8629 9
    endloop
  endfacet
  facet normal 0 0 -1
    outer loop
      vertex 7.72542 -23.7764 9
      vertex 10 -17.3205 9
      vertex 12.5 -21.6506 9
    endloop
  endfacet
  facet normal 0 0 -1
    outer loop
      vertex 7.72542 -23.7764 9
      vertex 6.18034 -19.0211 9
      vertex 10 -17.3205 9
    endloop
  endfacet
  facet normal 0 0 -1
    outer loop
      vertex 2.61321 -24.863 9
      vertex 6.18034 -19.0211 9
      vertex 7.72542 -23.7764 9
    endloop
  endfacet
  facet normal 0 0 -1
    outer loop
      vertex 2.61321 -24.863 9
      vertex 2.09057 -19.8904 9
      vertex 6.18034 -19.0211 9
    endloop
  endfacet
  facet normal 0 0 -1
    outer loop
      vertex 1.27799 -20.435 9
      vertex 2.09057 -19.8904 9
      vertex 2.61321 -24.863 9
    endloop
  endfacet
  facet normal -0 0 -1
    outer loop
      vertex 2.09057 -19.8904 9
      vertex 1.27799 -20.435 9
      vertex 1.89268 -19.8904 9
    endloop
  endfacet
  facet normal 0 0 -1
    outer loop
      vertex 2.61321 -24.863 9
      vertex 0.309815 -20.6736 9
      vertex 1.27799 -20.435 9
    endloop
  endfacet
  facet normal 0 0 -1
    outer loop
      vertex 2.61321 -24.863 9
      vertex 0 -20.75 9
      vertex 0.309815 -20.6736 9
    endloop
  endfacet
  facet normal 0 0 -1
    outer loop
      vertex -2.61321 -24.863 9
      vertex 0 -20.75 9
      vertex 2.61321 -24.863 9
    endloop
  endfacet
  facet normal -0 0 -1
    outer loop
      vertex 0 -20.75 9
      vertex -2.61321 -24.863 9
      vertex -0.309815 -20.6736 9
    endloop
  endfacet
  facet normal -0 0 -1
    outer loop
      vertex -0.309815 -20.6736 9
      vertex -2.61321 -24.863 9
      vertex -1.27799 -20.435 9
    endloop
  endfacet
  facet normal 0 -0 -1
    outer loop
      vertex -2.09057 -19.8904 9
      vertex -1.27799 -20.435 9
      vertex -2.61321 -24.863 9
    endloop
  endfacet
  facet normal 0 0 -1
    outer loop
      vertex -1.27799 -20.435 9
      vertex -2.09057 -19.8904 9
      vertex -1.89268 -19.8904 9
    endloop
  endfacet
  facet normal 0 0 -1
    outer loop
      vertex -2.61321 -24.863 9
      vertex -6.18034 -19.0211 9
      vertex -2.09057 -19.8904 9
    endloop
  endfacet
  facet normal 0 0 -1
    outer loop
      vertex -7.72542 -23.7764 9
      vertex -6.18034 -19.0211 9
      vertex -2.61321 -24.863 9
    endloop
  endfacet
  facet normal 0 0 -1
    outer loop
      vertex -7.72542 -23.7764 9
      vertex -10 -17.3205 9
      vertex -6.18034 -19.0211 9
    endloop
  endfacet
  facet normal 0 0 -1
    outer loop
      vertex -12.5 -21.6506 9
      vertex -10 -17.3205 9
      vertex -7.72542 -23.7764 9
    endloop
  endfacet
  facet normal 0 0 -1
    outer loop
      vertex -12.5 -21.6506 9
      vertex -13.3826 -14.8629 9
      vertex -10 -17.3205 9
    endloop
  endfacet
  facet normal 0 0 -1
    outer loop
      vertex -16.7283 -18.5786 9
      vertex -13.3826 -14.8629 9
      vertex -12.5 -21.6506 9
    endloop
  endfacet
  facet normal -0 0 -1
    outer loop
      vertex -13.3826 -14.8629 9
      vertex -16.7283 -18.5786 9
      vertex -16.1803 -11.7557 9
    endloop
  endfacet
  facet normal 0 0 -1
    outer loop
      vertex -20.2254 -14.6946 9
      vertex -16.1803 -11.7557 9
      vertex -16.7283 -18.5786 9
    endloop
  endfacet
  facet normal -0 0 -1
    outer loop
      vertex -16.1803 -11.7557 9
      vertex -20.2254 -14.6946 9
      vertex -18.2709 -8.13473 9
    endloop
  endfacet
  facet normal 0 0 -1
    outer loop
      vertex -22.8386 -10.1684 9
      vertex -18.2709 -8.13473 9
      vertex -20.2254 -14.6946 9
    endloop
  endfacet
  facet normal -0 0 -1
    outer loop
      vertex -18.2709 -8.13473 9
      vertex -22.8386 -10.1684 9
      vertex -19.563 -4.15823 9
    endloop
  endfacet
  facet normal 0 0 -1
    outer loop
      vertex -24.4537 -5.19779 9
      vertex -19.563 -4.15823 9
      vertex -22.8386 -10.1684 9
    endloop
  endfacet
  facet normal 0 -0 -1
    outer loop
      vertex -20.435 -1.27799 9
      vertex -19.563 -4.15823 9
      vertex -24.4537 -5.19779 9
    endloop
  endfacet
  facet normal 0 0 -1
    outer loop
      vertex -19.563 -4.15823 9
      vertex -20.435 -1.27799 9
      vertex -19.789 -2.00713 9
    endloop
  endfacet
  facet normal 0 0 -1
    outer loop
      vertex -25 0 9
      vertex -20.435 -1.27799 9
      vertex -24.4537 -5.19779 9
    endloop
  endfacet
  facet normal 0 0 -1
    outer loop
      vertex 25 0 9
      vertex 20.435 1.27799 9
      vertex 24.4537 5.19779 9
    endloop
  endfacet
  facet normal 0 0 -1
    outer loop
      vertex 19.563 4.15823 9
      vertex 24.4537 5.19779 9
      vertex 20.435 1.27799 9
    endloop
  endfacet
  facet normal -0 0 -1
    outer loop
      vertex 24.4537 5.19779 9
      vertex 19.563 4.15823 9
      vertex 22.8386 10.1684 9
    endloop
  endfacet
  facet normal 0 0 -1
    outer loop
      vertex 19.563 4.15823 9
      vertex 20.435 1.27799 9
      vertex 19.789 2.00713 9
    endloop
  endfacet
  facet normal 0 0 -1
    outer loop
      vertex 18.2709 8.13473 9
      vertex 22.8386 10.1684 9
      vertex 19.563 4.15823 9
    endloop
  endfacet
  facet normal -0 0 -1
    outer loop
      vertex 22.8386 10.1684 9
      vertex 18.2709 8.13473 9
      vertex 20.2254 14.6946 9
    endloop
  endfacet
  facet normal 0 0 -1
    outer loop
      vertex 16.1803 11.7557 9
      vertex 20.2254 14.6946 9
      vertex 18.2709 8.13473 9
    endloop
  endfacet
  facet normal -0 0 -1
    outer loop
      vertex 20.2254 14.6946 9
      vertex 16.1803 11.7557 9
      vertex 16.7283 18.5786 9
    endloop
  endfacet
  facet normal 0 0 -1
    outer loop
      vertex 13.3826 14.8629 9
      vertex 16.7283 18.5786 9
      vertex 16.1803 11.7557 9
    endloop
  endfacet
  facet normal 0 0 -1
    outer loop
      vertex 13.3826 14.8629 9
      vertex 12.5 21.6506 9
      vertex 16.7283 18.5786 9
    endloop
  endfacet
  facet normal 0 0 -1
    outer loop
      vertex 10 17.3205 9
      vertex 12.5 21.6506 9
      vertex 13.3826 14.8629 9
    endloop
  endfacet
  facet normal 0 0 -1
    outer loop
      vertex 10 17.3205 9
      vertex 7.72542 23.7764 9
      vertex 12.5 21.6506 9
    endloop
  endfacet
  facet normal 0 0 -1
    outer loop
      vertex 6.18034 19.0211 9
      vertex 7.72542 23.7764 9
      vertex 10 17.3205 9
    endloop
  endfacet
  facet normal 0 0 -1
    outer loop
      vertex 6.18034 19.0211 9
      vertex 2.61321 24.863 9
      vertex 7.72542 23.7764 9
    endloop
  endfacet
  facet normal 0 0 -1
    outer loop
      vertex 2.09057 19.8904 9
      vertex 2.61321 24.863 9
      vertex 6.18034 19.0211 9
    endloop
  endfacet
  facet normal 0 0 -1
    outer loop
      vertex 1.27799 20.435 9
      vertex 2.09057 19.8904 9
      vertex 1.89268 19.8904 9
    endloop
  endfacet
  facet normal 0 0 -1
    outer loop
      vertex 2.09057 19.8904 9
      vertex 1.27799 20.435 9
      vertex 2.61321 24.863 9
    endloop
  endfacet
  facet normal 0 0 -1
    outer loop
      vertex 0.309815 20.6736 9
      vertex 2.61321 24.863 9
      vertex 1.27799 20.435 9
    endloop
  endfacet
  facet normal 0 0 -1
    outer loop
      vertex 0 20.75 9
      vertex 2.61321 24.863 9
      vertex 0.309815 20.6736 9
    endloop
  endfacet
  facet normal 0 0 -1
    outer loop
      vertex -2.61321 24.863 9
      vertex 0 20.75 9
      vertex -0.309815 20.6736 9
    endloop
  endfacet
  facet normal 0 0 -1
    outer loop
      vertex -2.61321 24.863 9
      vertex -0.309815 20.6736 9
      vertex -1.27799 20.435 9
    endloop
  endfacet
  facet normal 0 0 -1
    outer loop
      vertex -2.09057 19.8904 9
      vertex -1.27799 20.435 9
      vertex -1.89268 19.8904 9
    endloop
  endfacet
  facet normal -0 0 -1
    outer loop
      vertex -1.27799 20.435 9
      vertex -2.09057 19.8904 9
      vertex -2.61321 24.863 9
    endloop
  endfacet
  facet normal 0 0 -1
    outer loop
      vertex 0 20.75 9
      vertex -2.61321 24.863 9
      vertex 2.61321 24.863 9
    endloop
  endfacet
  facet normal 0 0 -1
    outer loop
      vertex -6.18034 19.0211 9
      vertex -2.61321 24.863 9
      vertex -2.09057 19.8904 9
    endloop
  endfacet
  facet normal 0 0 -1
    outer loop
      vertex -6.18034 19.0211 9
      vertex -7.72542 23.7764 9
      vertex -2.61321 24.863 9
    endloop
  endfacet
  facet normal 0 0 -1
    outer loop
      vertex -10 17.3205 9
      vertex -7.72542 23.7764 9
      vertex -6.18034 19.0211 9
    endloop
  endfacet
  facet normal 0 0 -1
    outer loop
      vertex -10 17.3205 9
      vertex -12.5 21.6506 9
      vertex -7.72542 23.7764 9
    endloop
  endfacet
  facet normal 0 0 -1
    outer loop
      vertex -13.3826 14.8629 9
      vertex -12.5 21.6506 9
      vertex -10 17.3205 9
    endloop
  endfacet
  facet normal 0 0 -1
    outer loop
      vertex -16.7283 18.5786 9
      vertex -13.3826 14.8629 9
      vertex -16.1803 11.7557 9
    endloop
  endfacet
  facet normal 0 0 -1
    outer loop
      vertex -13.3826 14.8629 9
      vertex -16.7283 18.5786 9
      vertex -12.5 21.6506 9
    endloop
  endfacet
  facet normal 0 0 -1
    outer loop
      vertex -20.2254 14.6946 9
      vertex -16.1803 11.7557 9
      vertex -18.2709 8.13473 9
    endloop
  endfacet
  facet normal 0 0 -1
    outer loop
      vertex -22.8386 10.1684 9
      vertex -18.2709 8.13473 9
      vertex -19.563 4.15823 9
    endloop
  endfacet
  facet normal 0 0 -1
    outer loop
      vertex -16.1803 11.7557 9
      vertex -20.2254 14.6946 9
      vertex -16.7283 18.5786 9
    endloop
  endfacet
  facet normal 0 0 -1
    outer loop
      vertex -20.435 1.27799 9
      vertex -19.563 4.15823 9
      vertex -19.789 2.00713 9
    endloop
  endfacet
  facet normal -0 0 -1
    outer loop
      vertex -19.563 4.15823 9
      vertex -20.435 1.27799 9
      vertex -24.4537 5.19779 9
    endloop
  endfacet
  facet normal 0 0 -1
    outer loop
      vertex -25 0 9
      vertex -20.435 1.27799 9
      vertex -20.6736 0.309815 9
    endloop
  endfacet
  facet normal 0 0 -1
    outer loop
      vertex -25 0 9
      vertex -20.6736 0.309815 9
      vertex -20.75 0 9
    endloop
  endfacet
  facet normal 0 0 -1
    outer loop
      vertex -20.435 -1.27799 9
      vertex -25 0 9
      vertex -20.6736 -0.309815 9
    endloop
  endfacet
  facet normal 0 0 -1
    outer loop
      vertex -18.2709 8.13473 9
      vertex -22.8386 10.1684 9
      vertex -20.2254 14.6946 9
    endloop
  endfacet
  facet normal 0 0 -1
    outer loop
      vertex -20.6736 -0.309815 9
      vertex -25 0 9
      vertex -20.75 0 9
    endloop
  endfacet
  facet normal 0 0 -1
    outer loop
      vertex -19.563 4.15823 9
      vertex -24.4537 5.19779 9
      vertex -22.8386 10.1684 9
    endloop
  endfacet
  facet normal -0 0 -1
    outer loop
      vertex -20.435 1.27799 9
      vertex -25 0 9
      vertex -24.4537 5.19779 9
    endloop
  endfacet
  facet normal 0 0 -1
    outer loop
      vertex -10 -2 9
      vertex -15.3299 -0.658117 9
      vertex -10 2 9
    endloop
  endfacet
  facet normal 0 0 -1
    outer loop
      vertex -10 -2 9
      vertex -15.7933 -1.54105 9
      vertex -15.3299 -0.658117 9
    endloop
  endfacet
  facet normal 0 0 -1
    outer loop
      vertex -10 -2 9
      vertex -15.9416 -1.82359 9
      vertex -15.7933 -1.54105 9
    endloop
  endfacet
  facet normal 0 -0 -1
    outer loop
      vertex -15.9416 -1.82359 9
      vertex -10 -2 9
      vertex -16.1972 -2 9
    endloop
  endfacet
  facet normal 0 0 -1
    outer loop
      vertex -15.3299 0.658117 9
      vertex -10 2 9
      vertex -15.3299 -0.658117 9
    endloop
  endfacet
  facet normal 0 0 -1
    outer loop
      vertex -15.7933 1.54105 9
      vertex -10 2 9
      vertex -15.3299 0.658117 9
    endloop
  endfacet
  facet normal 0 0 -1
    outer loop
      vertex -15.9416 1.82359 9
      vertex -10 2 9
      vertex -15.7933 1.54105 9
    endloop
  endfacet
  facet normal -0 0 -1
    outer loop
      vertex -10 2 9
      vertex -15.9416 1.82359 9
      vertex -16.1972 2 9
    endloop
  endfacet
  facet normal -0.40674 0.913544 0
    outer loop
      vertex -7.72542 23.7764 9
      vertex -12.5 21.6506 11
      vertex -7.72542 23.7764 11
    endloop
  endfacet
  facet normal -0.40674 0.913544 0
    outer loop
      vertex -12.5 21.6506 11
      vertex -7.72542 23.7764 9
      vertex -12.5 21.6506 9
    endloop
  endfacet
  facet normal -0.994522 -0.104527 0
    outer loop
      vertex -24.4537 -5.19779 9
      vertex -25 0 11
      vertex -25 0 9
    endloop
  endfacet
  facet normal -0.994522 -0.104527 0
    outer loop
      vertex -25 0 11
      vertex -24.4537 -5.19779 9
      vertex -24.4537 -5.19779 11
    endloop
  endfacet
  facet normal -0.743151 -0.669123 0
    outer loop
      vertex -16.7283 -18.5786 9
      vertex -20.2254 -14.6946 11
      vertex -20.2254 -14.6946 9
    endloop
  endfacet
  facet normal -0.743151 -0.669123 0
    outer loop
      vertex -20.2254 -14.6946 11
      vertex -16.7283 -18.5786 9
      vertex -16.7283 -18.5786 11
    endloop
  endfacet
  facet normal 0.207906 -0.978149 0
    outer loop
      vertex 2.61321 -24.863 9
      vertex 7.72542 -23.7764 11
      vertex 2.61321 -24.863 11
    endloop
  endfacet
  facet normal 0.207906 -0.978149 0
    outer loop
      vertex 7.72542 -23.7764 11
      vertex 2.61321 -24.863 9
      vertex 7.72542 -23.7764 9
    endloop
  endfacet
  facet normal -0.994522 0.104527 0
    outer loop
      vertex -25 0 9
      vertex -24.4537 5.19779 11
      vertex -24.4537 5.19779 9
    endloop
  endfacet
  facet normal -0.994522 0.104527 0
    outer loop
      vertex -24.4537 5.19779 11
      vertex -25 0 9
      vertex -25 0 11
    endloop
  endfacet
  facet normal 0.207906 0.978149 -0
    outer loop
      vertex 7.72542 23.7764 9
      vertex 2.61321 24.863 11
      vertex 7.72542 23.7764 11
    endloop
  endfacet
  facet normal 0.207906 0.978149 0
    outer loop
      vertex 2.61321 24.863 11
      vertex 7.72542 23.7764 9
      vertex 2.61321 24.863 9
    endloop
  endfacet
  facet normal 0.58778 0.809021 -0
    outer loop
      vertex 16.7283 18.5786 9
      vertex 12.5 21.6506 11
      vertex 16.7283 18.5786 11
    endloop
  endfacet
  facet normal 0.58778 0.809021 0
    outer loop
      vertex 12.5 21.6506 11
      vertex 16.7283 18.5786 9
      vertex 12.5 21.6506 9
    endloop
  endfacet
  facet normal -0.207906 0.978149 0
    outer loop
      vertex -2.61321 24.863 9
      vertex -7.72542 23.7764 11
      vertex -2.61321 24.863 11
    endloop
  endfacet
  facet normal -0.207906 0.978149 0
    outer loop
      vertex -7.72542 23.7764 11
      vertex -2.61321 24.863 9
      vertex -7.72542 23.7764 9
    endloop
  endfacet
  facet normal 0.40674 -0.913544 0
    outer loop
      vertex 7.72542 -23.7764 9
      vertex 12.5 -21.6506 11
      vertex 7.72542 -23.7764 11
    endloop
  endfacet
  facet normal 0.40674 -0.913544 0
    outer loop
      vertex 12.5 -21.6506 11
      vertex 7.72542 -23.7764 9
      vertex 12.5 -21.6506 9
    endloop
  endfacet
  facet normal 0 -1 0
    outer loop
      vertex -2.61321 -24.863 9
      vertex 2.61321 -24.863 11
      vertex -2.61321 -24.863 11
    endloop
  endfacet
  facet normal 0 -1 -0
    outer loop
      vertex 2.61321 -24.863 11
      vertex -2.61321 -24.863 9
      vertex 2.61321 -24.863 9
    endloop
  endfacet
  facet normal -0.207906 -0.978149 0
    outer loop
      vertex -7.72542 -23.7764 9
      vertex -2.61321 -24.863 11
      vertex -7.72542 -23.7764 11
    endloop
  endfacet
  facet normal -0.207906 -0.978149 -0
    outer loop
      vertex -2.61321 -24.863 11
      vertex -7.72542 -23.7764 9
      vertex -2.61321 -24.863 9
    endloop
  endfacet
  facet normal -0.951054 0.309026 0
    outer loop
      vertex -24.4537 5.19779 9
      vertex -22.8386 10.1684 11
      vertex -22.8386 10.1684 9
    endloop
  endfacet
  facet normal -0.951054 0.309026 0
    outer loop
      vertex -22.8386 10.1684 11
      vertex -24.4537 5.19779 9
      vertex -24.4537 5.19779 11
    endloop
  endfacet
  facet normal 0 0 -1
    outer loop
      vertex 7.24444 -1.94114 10
      vertex 7.24444 1.94114 10
      vertex 7.5 0 10
    endloop
  endfacet
  facet normal 0 0 -1
    outer loop
      vertex 6.49519 -3.75 10
      vertex 7.24444 1.94114 10
      vertex 7.24444 -1.94114 10
    endloop
  endfacet
  facet normal 0 0 -1
    outer loop
      vertex 6.49519 -3.75 10
      vertex 6.49519 3.75 10
      vertex 7.24444 1.94114 10
    endloop
  endfacet
  facet normal 0 0 -1
    outer loop
      vertex 5.3033 -5.3033 10
      vertex 6.49519 3.75 10
      vertex 6.49519 -3.75 10
    endloop
  endfacet
  facet normal 0 0 -1
    outer loop
      vertex 5.3033 -5.3033 10
      vertex 5.3033 5.3033 10
      vertex 6.49519 3.75 10
    endloop
  endfacet
  facet normal 0 0 -1
    outer loop
      vertex 3.75 -6.49519 10
      vertex 5.3033 5.3033 10
      vertex 5.3033 -5.3033 10
    endloop
  endfacet
  facet normal 0 0 -1
    outer loop
      vertex 3.75 -6.49519 10
      vertex 3.75 6.49519 10
      vertex 5.3033 5.3033 10
    endloop
  endfacet
  facet normal 0 0 -1
    outer loop
      vertex 1.94114 -7.24444 10
      vertex 3.75 6.49519 10
      vertex 3.75 -6.49519 10
    endloop
  endfacet
  facet normal 0 0 -1
    outer loop
      vertex 1.94114 -7.24444 10
      vertex 1.94114 7.24444 10
      vertex 3.75 6.49519 10
    endloop
  endfacet
  facet normal 0 0 -1
    outer loop
      vertex 0 -7.5 10
      vertex 1.94114 7.24444 10
      vertex 1.94114 -7.24444 10
    endloop
  endfacet
  facet normal 0 0 -1
    outer loop
      vertex 0 -7.5 10
      vertex 0 7.5 10
      vertex 1.94114 7.24444 10
    endloop
  endfacet
  facet normal 0 0 -1
    outer loop
      vertex -1.94114 -7.24444 10
      vertex 0 7.5 10
      vertex 0 -7.5 10
    endloop
  endfacet
  facet normal 0 0 -1
    outer loop
      vertex -1.94114 -7.24444 10
      vertex -1.94114 7.24444 10
      vertex 0 7.5 10
    endloop
  endfacet
  facet normal 0 0 -1
    outer loop
      vertex -3.75 -6.49519 10
      vertex -1.94114 7.24444 10
      vertex -1.94114 -7.24444 10
    endloop
  endfacet
  facet normal 0 0 -1
    outer loop
      vertex -3.75 -6.49519 10
      vertex -3.75 6.49519 10
      vertex -1.94114 7.24444 10
    endloop
  endfacet
  facet normal 0 0 -1
    outer loop
      vertex -5.3033 -5.3033 10
      vertex -3.75 6.49519 10
      vertex -3.75 -6.49519 10
    endloop
  endfacet
  facet normal 0 0 -1
    outer loop
      vertex -5.3033 -5.3033 10
      vertex -5.3033 5.3033 10
      vertex -3.75 6.49519 10
    endloop
  endfacet
  facet normal 0 0 -1
    outer loop
      vertex -6.49519 -3.75 10
      vertex -5.3033 5.3033 10
      vertex -5.3033 -5.3033 10
    endloop
  endfacet
  facet normal 0 0 -1
    outer loop
      vertex -6.49519 -3.75 10
      vertex -6.49519 3.75 10
      vertex -5.3033 5.3033 10
    endloop
  endfacet
  facet normal 0 0 -1
    outer loop
      vertex -7.24444 -1.94114 10
      vertex -6.49519 3.75 10
      vertex -6.49519 -3.75 10
    endloop
  endfacet
  facet normal 0 0 -1
    outer loop
      vertex -7.24444 -1.94114 10
      vertex -7.24444 1.94114 10
      vertex -6.49519 3.75 10
    endloop
  endfacet
  facet normal 0 -0 -1
    outer loop
      vertex -7.24444 1.94114 10
      vertex -7.24444 -1.94114 10
      vertex -7.5 0 10
    endloop
  endfacet
  facet normal 0.382676 0.923883 -0
    outer loop
      vertex 19.7678 1.76777 2.5
      vertex 18 2.5 3
      vertex 19.7678 1.76777 3
    endloop
  endfacet
  facet normal 0.382676 0.923883 0
    outer loop
      vertex 18 2.5 3
      vertex 19.7678 1.76777 2.5
      vertex 18 2.5 2.5
    endloop
  endfacet
  facet normal 0.382676 0.923883 -0
    outer loop
      vertex 19.7678 1.76777 5
      vertex 18 2.5 5.5
      vertex 19.7678 1.76777 5.5
    endloop
  endfacet
  facet normal 0.382676 0.923883 0
    outer loop
      vertex 18 2.5 5.5
      vertex 19.7678 1.76777 5
      vertex 18 2.5 5
    endloop
  endfacet
  facet normal -0.923882 -0.382678 0
    outer loop
      vertex 20.5 0 -0.5
      vertex 19.83 1.61755 0
      vertex 19.83 1.61755 -0.5
    endloop
  endfacet
  facet normal -0.923882 -0.382678 0
    outer loop
      vertex 19.83 1.61755 0
      vertex 20.5 0 -0.5
      vertex 20.5 0 0
    endloop
  endfacet
  facet normal 0.923886 0.382668 0
    outer loop
      vertex 20.5 0 3
      vertex 19.7678 1.76777 2.5
      vertex 19.7678 1.76777 3
    endloop
  endfacet
  facet normal 0.923886 0.382668 0
    outer loop
      vertex 19.7678 1.76777 2.5
      vertex 20.5 0 3
      vertex 20.5 0 2.5
    endloop
  endfacet
  facet normal 0.923886 0.382668 0
    outer loop
      vertex 20.5 0 5.5
      vertex 19.7678 1.76777 5
      vertex 19.7678 1.76777 5.5
    endloop
  endfacet
  facet normal 0.923886 0.382668 0
    outer loop
      vertex 19.7678 1.76777 5
      vertex 20.5 0 5.5
      vertex 20.5 0 5
    endloop
  endfacet
  facet normal 0.382676 -0.923883 0
    outer loop
      vertex 16.2322 1.76777 5.5
      vertex 18 2.5 6.5
      vertex 16.2322 1.76777 6.5
    endloop
  endfacet
  facet normal 0.382676 -0.923883 0
    outer loop
      vertex 18 2.5 6.5
      vertex 16.2322 1.76777 5.5
      vertex 18 2.5 5.5
    endloop
  endfacet
  facet normal -0.923882 0.382678 0
    outer loop
      vertex 19.83 -1.61755 -0.5
      vertex 20.5 0 0
      vertex 20.5 0 -0.5
    endloop
  endfacet
  facet normal -0.923882 0.382678 0
    outer loop
      vertex 20.5 0 0
      vertex 19.83 -1.61755 -0.5
      vertex 19.83 -1.61755 0
    endloop
  endfacet
  facet normal 0.923886 -0.382668 0
    outer loop
      vertex 19.7678 -1.76777 3
      vertex 20.5 0 2.5
      vertex 20.5 0 3
    endloop
  endfacet
  facet normal 0.923886 -0.382668 0
    outer loop
      vertex 20.5 0 2.5
      vertex 19.7678 -1.76777 3
      vertex 19.7678 -1.76777 2.5
    endloop
  endfacet
  facet normal 0.923886 -0.382668 0
    outer loop
      vertex 19.7678 -1.76777 5.5
      vertex 20.5 0 5
      vertex 20.5 0 5.5
    endloop
  endfacet
  facet normal 0.923886 -0.382668 0
    outer loop
      vertex 20.5 0 5
      vertex 19.7678 -1.76777 5.5
      vertex 19.7678 -1.76777 5
    endloop
  endfacet
  facet normal 0.923886 -0.382668 0
    outer loop
      vertex 15.5 0 6.5
      vertex 16.2322 1.76777 5.5
      vertex 16.2322 1.76777 6.5
    endloop
  endfacet
  facet normal 0.923886 -0.382668 0
    outer loop
      vertex 16.2322 1.76777 5.5
      vertex 15.5 0 6.5
      vertex 15.5 0 5.5
    endloop
  endfacet
  facet normal 0.382676 0.923883 -0
    outer loop
      vertex 18 -2.5 5.5
      vertex 16.2322 -1.76777 6.5
      vertex 18 -2.5 6.5
    endloop
  endfacet
  facet normal 0.382676 0.923883 0
    outer loop
      vertex 16.2322 -1.76777 6.5
      vertex 18 -2.5 5.5
      vertex 16.2322 -1.76777 5.5
    endloop
  endfacet
  facet normal 0.382676 -0.923883 0
    outer loop
      vertex 18 -2.5 2.5
      vertex 19.7678 -1.76777 3
      vertex 18 -2.5 3
    endloop
  endfacet
  facet normal 0.382676 -0.923883 0
    outer loop
      vertex 19.7678 -1.76777 3
      vertex 18 -2.5 2.5
      vertex 19.7678 -1.76777 2.5
    endloop
  endfacet
  facet normal 0.382676 -0.923883 0
    outer loop
      vertex 18 -2.5 5
      vertex 19.7678 -1.76777 5.5
      vertex 18 -2.5 5.5
    endloop
  endfacet
  facet normal 0.382676 -0.923883 0
    outer loop
      vertex 19.7678 -1.76777 5.5
      vertex 18 -2.5 5
      vertex 19.7678 -1.76777 5
    endloop
  endfacet
  facet normal 0.923886 0.382668 0
    outer loop
      vertex 16.2322 -1.76777 6.5
      vertex 15.5 0 5.5
      vertex 15.5 0 6.5
    endloop
  endfacet
  facet normal 0.923886 0.382668 0
    outer loop
      vertex 15.5 0 5.5
      vertex 16.2322 -1.76777 6.5
      vertex 16.2322 -1.76777 5.5
    endloop
  endfacet
  facet normal -0.923883 0.382676 0
    outer loop
      vertex -2.5 18 2.5
      vertex -1.76777 19.7678 3
      vertex -1.76777 19.7678 2.5
    endloop
  endfacet
  facet normal -0.923883 0.382676 0
    outer loop
      vertex -1.76777 19.7678 3
      vertex -2.5 18 2.5
      vertex -2.5 18 3
    endloop
  endfacet
  facet normal -0.923883 0.382676 0
    outer loop
      vertex -2.5 18 5
      vertex -1.76777 19.7678 5.5
      vertex -1.76777 19.7678 5
    endloop
  endfacet
  facet normal -0.923883 0.382676 0
    outer loop
      vertex -1.76777 19.7678 5.5
      vertex -2.5 18 5
      vertex -2.5 18 5.5
    endloop
  endfacet
  facet normal 0.382704 -0.923871 0
    outer loop
      vertex -1.47161 19.8904 -0.5
      vertex 0 20.5 0
      vertex -1.47161 19.8904 0
    endloop
  endfacet
  facet normal 0.382704 -0.923871 0
    outer loop
      vertex 0 20.5 0
      vertex -1.47161 19.8904 -0.5
      vertex 0 20.5 -0.5
    endloop
  endfacet
  facet normal -0.382668 0.923886 0
    outer loop
      vertex 0 20.5 2.5
      vertex -1.76777 19.7678 3
      vertex 0 20.5 3
    endloop
  endfacet
  facet normal -0.382668 0.923886 0
    outer loop
      vertex -1.76777 19.7678 3
      vertex 0 20.5 2.5
      vertex -1.76777 19.7678 2.5
    endloop
  endfacet
  facet normal -0.382668 0.923886 0
    outer loop
      vertex 0 20.5 5
      vertex -1.76777 19.7678 5.5
      vertex 0 20.5 5.5
    endloop
  endfacet
  facet normal -0.382668 0.923886 0
    outer loop
      vertex -1.76777 19.7678 5.5
      vertex 0 20.5 5
      vertex -1.76777 19.7678 5
    endloop
  endfacet
  facet normal 0.923883 0.382676 0
    outer loop
      vertex -1.76777 16.2322 6.5
      vertex -2.5 18 5.5
      vertex -2.5 18 6.5
    endloop
  endfacet
  facet normal 0.923883 0.382676 0
    outer loop
      vertex -2.5 18 5.5
      vertex -1.76777 16.2322 6.5
      vertex -1.76777 16.2322 5.5
    endloop
  endfacet
  facet normal 0.923883 0.382676 0
    outer loop
      vertex 2.5 18 3
      vertex 1.76777 19.7678 2.5
      vertex 1.76777 19.7678 3
    endloop
  endfacet
  facet normal 0.923883 0.382676 0
    outer loop
      vertex 1.76777 19.7678 2.5
      vertex 2.5 18 3
      vertex 2.5 18 2.5
    endloop
  endfacet
  facet normal 0.923883 0.382676 0
    outer loop
      vertex 2.5 18 5.5
      vertex 1.76777 19.7678 5
      vertex 1.76777 19.7678 5.5
    endloop
  endfacet
  facet normal 0.923883 0.382676 0
    outer loop
      vertex 1.76777 19.7678 5
      vertex 2.5 18 5.5
      vertex 2.5 18 5
    endloop
  endfacet
  facet normal 0.382668 0.923886 -0
    outer loop
      vertex 0 15.5 5.5
      vertex -1.76777 16.2322 6.5
      vertex 0 15.5 6.5
    endloop
  endfacet
  facet normal 0.382668 0.923886 0
    outer loop
      vertex -1.76777 16.2322 6.5
      vertex 0 15.5 5.5
      vertex -1.76777 16.2322 5.5
    endloop
  endfacet
  facet normal -0.923883 0.382676 0
    outer loop
      vertex 1.76777 16.2322 5.5
      vertex 2.5 18 6.5
      vertex 2.5 18 5.5
    endloop
  endfacet
  facet normal -0.923883 0.382676 0
    outer loop
      vertex 2.5 18 6.5
      vertex 1.76777 16.2322 5.5
      vertex 1.76777 16.2322 6.5
    endloop
  endfacet
  facet normal -0.382668 0.923886 0
    outer loop
      vertex 1.76777 16.2322 5.5
      vertex 0 15.5 6.5
      vertex 1.76777 16.2322 6.5
    endloop
  endfacet
  facet normal -0.382668 0.923886 0
    outer loop
      vertex 0 15.5 6.5
      vertex 1.76777 16.2322 5.5
      vertex 0 15.5 5.5
    endloop
  endfacet
  facet normal -0.382704 -0.923871 0
    outer loop
      vertex 0 20.5 -0.5
      vertex 1.47161 19.8904 0
      vertex 0 20.5 0
    endloop
  endfacet
  facet normal -0.382704 -0.923871 -0
    outer loop
      vertex 1.47161 19.8904 0
      vertex 0 20.5 -0.5
      vertex 1.47161 19.8904 -0.5
    endloop
  endfacet
  facet normal 0.382668 0.923886 -0
    outer loop
      vertex 1.76777 19.7678 2.5
      vertex 0 20.5 3
      vertex 1.76777 19.7678 3
    endloop
  endfacet
  facet normal 0.382668 0.923886 0
    outer loop
      vertex 0 20.5 3
      vertex 1.76777 19.7678 2.5
      vertex 0 20.5 2.5
    endloop
  endfacet
  facet normal 0.382668 0.923886 -0
    outer loop
      vertex 1.76777 19.7678 5
      vertex 0 20.5 5.5
      vertex 1.76777 19.7678 5.5
    endloop
  endfacet
  facet normal 0.382668 0.923886 0
    outer loop
      vertex 0 20.5 5.5
      vertex 1.76777 19.7678 5
      vertex 0 20.5 5
    endloop
  endfacet
  facet normal -0.382676 0.923883 0
    outer loop
      vertex -16.2322 -1.76777 5.5
      vertex -18 -2.5 6.5
      vertex -16.2322 -1.76777 6.5
    endloop
  endfacet
  facet normal -0.382676 0.923883 0
    outer loop
      vertex -18 -2.5 6.5
      vertex -16.2322 -1.76777 5.5
      vertex -18 -2.5 5.5
    endloop
  endfacet
  facet normal 0.923886 0.382668 0
    outer loop
      vertex -19.7678 -1.76777 0
      vertex -20.5 0 -0.5
      vertex -20.5 0 0
    endloop
  endfacet
  facet normal 0.923886 0.382668 0
    outer loop
      vertex -20.5 0 -0.5
      vertex -19.7678 -1.76777 0
      vertex -19.7678 -1.76777 -0.5
    endloop
  endfacet
  facet normal -0.923886 -0.382668 0
    outer loop
      vertex -19.7678 -1.76777 2.5
      vertex -20.5 0 3
      vertex -20.5 0 2.5
    endloop
  endfacet
  facet normal -0.923886 -0.382668 0
    outer loop
      vertex -20.5 0 3
      vertex -19.7678 -1.76777 2.5
      vertex -19.7678 -1.76777 3
    endloop
  endfacet
  facet normal -0.923886 -0.382668 0
    outer loop
      vertex -19.7678 -1.76777 5
      vertex -20.5 0 5.5
      vertex -20.5 0 5
    endloop
  endfacet
  facet normal -0.923886 -0.382668 0
    outer loop
      vertex -20.5 0 5.5
      vertex -19.7678 -1.76777 5
      vertex -19.7678 -1.76777 5.5
    endloop
  endfacet
  facet normal 0.382656 -0.923891 0
    outer loop
      vertex -19.7678 1.76777 -0.5
      vertex -19.2071 2 0
      vertex -19.7678 1.76777 0
    endloop
  endfacet
  facet normal 0.382656 -0.923891 0
    outer loop
      vertex -19.2071 2 0
      vertex -19.7678 1.76777 -0.5
      vertex -19.2071 2 -0.5
    endloop
  endfacet
  facet normal -0.382676 0.923883 0
    outer loop
      vertex -18 2.5 2.5
      vertex -19.7678 1.76777 3
      vertex -18 2.5 3
    endloop
  endfacet
  facet normal -0.382676 0.923883 0
    outer loop
      vertex -19.7678 1.76777 3
      vertex -18 2.5 2.5
      vertex -19.7678 1.76777 2.5
    endloop
  endfacet
  facet normal -0.382676 0.923883 0
    outer loop
      vertex -18 2.5 5
      vertex -19.7678 1.76777 5.5
      vertex -18 2.5 5.5
    endloop
  endfacet
  facet normal -0.382676 0.923883 0
    outer loop
      vertex -19.7678 1.76777 5.5
      vertex -18 2.5 5
      vertex -19.7678 1.76777 5
    endloop
  endfacet
  facet normal 0.923886 -0.382668 0
    outer loop
      vertex -20.5 0 0
      vertex -19.7678 1.76777 -0.5
      vertex -19.7678 1.76777 0
    endloop
  endfacet
  facet normal 0.923886 -0.382668 0
    outer loop
      vertex -19.7678 1.76777 -0.5
      vertex -20.5 0 0
      vertex -20.5 0 -0.5
    endloop
  endfacet
  facet normal -0.923886 0.382668 0
    outer loop
      vertex -20.5 0 2.5
      vertex -19.7678 1.76777 3
      vertex -19.7678 1.76777 2.5
    endloop
  endfacet
  facet normal -0.923886 0.382668 0
    outer loop
      vertex -19.7678 1.76777 3
      vertex -20.5 0 2.5
      vertex -20.5 0 3
    endloop
  endfacet
  facet normal -0.923886 0.382668 0
    outer loop
      vertex -20.5 0 5
      vertex -19.7678 1.76777 5.5
      vertex -19.7678 1.76777 5
    endloop
  endfacet
  facet normal -0.923886 0.382668 0
    outer loop
      vertex -19.7678 1.76777 5.5
      vertex -20.5 0 5
      vertex -20.5 0 5.5
    endloop
  endfacet
  facet normal -0.923886 0.382668 0
    outer loop
      vertex -16.2322 -1.76777 5.5
      vertex -15.5 0 6.5
      vertex -15.5 0 5.5
    endloop
  endfacet
  facet normal -0.923886 0.382668 0
    outer loop
      vertex -15.5 0 6.5
      vertex -16.2322 -1.76777 5.5
      vertex -16.2322 -1.76777 6.5
    endloop
  endfacet
  facet normal -0.382676 -0.923883 0
    outer loop
      vertex -18 2.5 5.5
      vertex -16.2322 1.76777 6.5
      vertex -18 2.5 6.5
    endloop
  endfacet
  facet normal -0.382676 -0.923883 -0
    outer loop
      vertex -16.2322 1.76777 6.5
      vertex -18 2.5 5.5
      vertex -16.2322 1.76777 5.5
    endloop
  endfacet
  facet normal 0.382656 0.923891 -0
    outer loop
      vertex -19.2071 -2 -0.5
      vertex -19.7678 -1.76777 0
      vertex -19.2071 -2 0
    endloop
  endfacet
  facet normal 0.382656 0.923891 0
    outer loop
      vertex -19.7678 -1.76777 0
      vertex -19.2071 -2 -0.5
      vertex -19.7678 -1.76777 -0.5
    endloop
  endfacet
  facet normal -0.382676 -0.923883 0
    outer loop
      vertex -19.7678 -1.76777 2.5
      vertex -18 -2.5 3
      vertex -19.7678 -1.76777 3
    endloop
  endfacet
  facet normal -0.382676 -0.923883 -0
    outer loop
      vertex -18 -2.5 3
      vertex -19.7678 -1.76777 2.5
      vertex -18 -2.5 2.5
    endloop
  endfacet
  facet normal -0.382676 -0.923883 0
    outer loop
      vertex -19.7678 -1.76777 5
      vertex -18 -2.5 5.5
      vertex -19.7678 -1.76777 5.5
    endloop
  endfacet
  facet normal -0.382676 -0.923883 -0
    outer loop
      vertex -18 -2.5 5.5
      vertex -19.7678 -1.76777 5
      vertex -18 -2.5 5
    endloop
  endfacet
  facet normal -0.923886 -0.382668 0
    outer loop
      vertex -15.5 0 5.5
      vertex -16.2322 1.76777 6.5
      vertex -16.2322 1.76777 5.5
    endloop
  endfacet
  facet normal -0.923886 -0.382668 0
    outer loop
      vertex -16.2322 1.76777 6.5
      vertex -15.5 0 5.5
      vertex -15.5 0 6.5
    endloop
  endfacet
  facet normal -0.923883 -0.382676 0
    outer loop
      vertex 2.5 -18 5.5
      vertex 1.76777 -16.2322 6.5
      vertex 1.76777 -16.2322 5.5
    endloop
  endfacet
  facet normal -0.923883 -0.382676 0
    outer loop
      vertex 1.76777 -16.2322 6.5
      vertex 2.5 -18 5.5
      vertex 2.5 -18 6.5
    endloop
  endfacet
  facet normal -0.382704 0.923871 0
    outer loop
      vertex 1.47161 -19.8904 -0.5
      vertex 0 -20.5 0
      vertex 1.47161 -19.8904 0
    endloop
  endfacet
  facet normal -0.382704 0.923871 0
    outer loop
      vertex 0 -20.5 0
      vertex 1.47161 -19.8904 -0.5
      vertex 0 -20.5 -0.5
    endloop
  endfacet
  facet normal 0.382668 -0.923886 0
    outer loop
      vertex 0 -20.5 2.5
      vertex 1.76777 -19.7678 3
      vertex 0 -20.5 3
    endloop
  endfacet
  facet normal 0.382668 -0.923886 0
    outer loop
      vertex 1.76777 -19.7678 3
      vertex 0 -20.5 2.5
      vertex 1.76777 -19.7678 2.5
    endloop
  endfacet
  facet normal 0.382668 -0.923886 0
    outer loop
      vertex 0 -20.5 5
      vertex 1.76777 -19.7678 5.5
      vertex 0 -20.5 5.5
    endloop
  endfacet
  facet normal 0.382668 -0.923886 0
    outer loop
      vertex 1.76777 -19.7678 5.5
      vertex 0 -20.5 5
      vertex 1.76777 -19.7678 5
    endloop
  endfacet
  facet normal 0.382704 0.923871 -0
    outer loop
      vertex 0 -20.5 -0.5
      vertex -1.47161 -19.8904 0
      vertex 0 -20.5 0
    endloop
  endfacet
  facet normal 0.382704 0.923871 0
    outer loop
      vertex -1.47161 -19.8904 0
      vertex 0 -20.5 -0.5
      vertex -1.47161 -19.8904 -0.5
    endloop
  endfacet
  facet normal -0.382668 -0.923886 0
    outer loop
      vertex -1.76777 -19.7678 2.5
      vertex 0 -20.5 3
      vertex -1.76777 -19.7678 3
    endloop
  endfacet
  facet normal -0.382668 -0.923886 -0
    outer loop
      vertex 0 -20.5 3
      vertex -1.76777 -19.7678 2.5
      vertex 0 -20.5 2.5
    endloop
  endfacet
  facet normal -0.382668 -0.923886 0
    outer loop
      vertex -1.76777 -19.7678 5
      vertex 0 -20.5 5.5
      vertex -1.76777 -19.7678 5.5
    endloop
  endfacet
  facet normal -0.382668 -0.923886 -0
    outer loop
      vertex 0 -20.5 5.5
      vertex -1.76777 -19.7678 5
      vertex 0 -20.5 5
    endloop
  endfacet
  facet normal -0.382668 -0.923886 0
    outer loop
      vertex 0 -15.5 5.5
      vertex 1.76777 -16.2322 6.5
      vertex 0 -15.5 6.5
    endloop
  endfacet
  facet normal -0.382668 -0.923886 -0
    outer loop
      vertex 1.76777 -16.2322 6.5
      vertex 0 -15.5 5.5
      vertex 1.76777 -16.2322 5.5
    endloop
  endfacet
  facet normal 0.923883 -0.382676 0
    outer loop
      vertex -2.5 -18 6.5
      vertex -1.76777 -16.2322 5.5
      vertex -1.76777 -16.2322 6.5
    endloop
  endfacet
  facet normal 0.923883 -0.382676 0
    outer loop
      vertex -1.76777 -16.2322 5.5
      vertex -2.5 -18 6.5
      vertex -2.5 -18 5.5
    endloop
  endfacet
  facet normal -0.923883 -0.382676 0
    outer loop
      vertex -1.76777 -19.7678 2.5
      vertex -2.5 -18 3
      vertex -2.5 -18 2.5
    endloop
  endfacet
  facet normal -0.923883 -0.382676 0
    outer loop
      vertex -2.5 -18 3
      vertex -1.76777 -19.7678 2.5
      vertex -1.76777 -19.7678 3
    endloop
  endfacet
  facet normal -0.923883 -0.382676 0
    outer loop
      vertex -1.76777 -19.7678 5
      vertex -2.5 -18 5.5
      vertex -2.5 -18 5
    endloop
  endfacet
  facet normal -0.923883 -0.382676 0
    outer loop
      vertex -2.5 -18 5.5
      vertex -1.76777 -19.7678 5
      vertex -1.76777 -19.7678 5.5
    endloop
  endfacet
  facet normal 0.923883 -0.382676 0
    outer loop
      vertex 1.76777 -19.7678 3
      vertex 2.5 -18 2.5
      vertex 2.5 -18 3
    endloop
  endfacet
  facet normal 0.923883 -0.382676 0
    outer loop
      vertex 2.5 -18 2.5
      vertex 1.76777 -19.7678 3
      vertex 1.76777 -19.7678 2.5
    endloop
  endfacet
  facet normal 0.923883 -0.382676 0
    outer loop
      vertex 1.76777 -19.7678 5.5
      vertex 2.5 -18 5
      vertex 2.5 -18 5.5
    endloop
  endfacet
  facet normal 0.923883 -0.382676 0
    outer loop
      vertex 2.5 -18 5
      vertex 1.76777 -19.7678 5.5
      vertex 1.76777 -19.7678 5
    endloop
  endfacet
  facet normal 0.382668 -0.923886 0
    outer loop
      vertex -1.76777 -16.2322 5.5
      vertex 0 -15.5 6.5
      vertex -1.76777 -16.2322 6.5
    endloop
  endfacet
  facet normal 0.382668 -0.923886 0
    outer loop
      vertex 0 -15.5 6.5
      vertex -1.76777 -16.2322 5.5
      vertex 0 -15.5 5.5
    endloop
  endfacet
  facet normal 0.147416 -0.69356 0.705155
    outer loop
      vertex 7.72542 -23.7764 6.5
      vertex 2.40415 -22.874 8.5
      vertex 2.61321 -24.863 6.5
    endloop
  endfacet
  facet normal -0.58778 0.809021 0
    outer loop
      vertex -12.5 21.6506 5.5
      vertex -16.7283 18.5786 6.5
      vertex -12.5 21.6506 6.5
    endloop
  endfacet
  facet normal -0.58778 0.809021 0
    outer loop
      vertex -16.7283 18.5786 6.5
      vertex -12.5 21.6506 5.5
      vertex -16.7283 18.5786 5.5
    endloop
  endfacet
  facet normal -0.614062 0.354529 0.70515
    outer loop
      vertex -20.2254 14.6946 6.5
      vertex -22.8386 10.1684 6.5
      vertex -18.6074 13.5191 8.5
    endloop
  endfacet
  facet normal 0.866026 -0.5 0
    outer loop
      vertex 20.2254 -14.6946 6.5
      vertex 22.8386 -10.1684 5.5
      vertex 22.8386 -10.1684 6.5
    endloop
  endfacet
  facet normal 0.866026 -0.5 0
    outer loop
      vertex 22.8386 -10.1684 5.5
      vertex 20.2254 -14.6946 6.5
      vertex 20.2254 -14.6946 5.5
    endloop
  endfacet
  facet normal -0.67434 -0.219114 0.705163
    outer loop
      vertex -22.4974 -4.78197 8.5
      vertex -22.8386 -10.1684 6.5
      vertex -21.0115 -9.35494 8.5
    endloop
  endfacet
  facet normal -0.743151 -0.669123 0
    outer loop
      vertex -16.7283 -18.5786 5.5
      vertex -20.2254 -14.6946 6.5
      vertex -20.2254 -14.6946 5.5
    endloop
  endfacet
  facet normal -0.743151 -0.669123 0
    outer loop
      vertex -20.2254 -14.6946 6.5
      vertex -16.7283 -18.5786 5.5
      vertex -16.7283 -18.5786 6.5
    endloop
  endfacet
  facet normal 0.288394 0.647749 0.70516
    outer loop
      vertex 7.72542 23.7764 6.5
      vertex 7.10739 21.8743 8.5
      vertex 11.5 19.9186 8.5
    endloop
  endfacet
  facet normal -0.674341 -0.219113 0.705162
    outer loop
      vertex -22.4974 -4.78197 8.5
      vertex -24.4537 -5.19779 6.5
      vertex -22.8386 -10.1684 6.5
    endloop
  endfacet
  facet normal 0.951054 -0.309026 0
    outer loop
      vertex 22.8386 -10.1684 6.5
      vertex 24.4537 -5.19779 5.5
      vertex 24.4537 -5.19779 6.5
    endloop
  endfacet
  facet normal 0.951054 -0.309026 0
    outer loop
      vertex 24.4537 -5.19779 5.5
      vertex 22.8386 -10.1684 6.5
      vertex 22.8386 -10.1684 5.5
    endloop
  endfacet
  facet normal -0.951054 0.309026 0
    outer loop
      vertex -24.4537 5.19779 5.5
      vertex -22.8386 10.1684 6.5
      vertex -22.8386 10.1684 5.5
    endloop
  endfacet
  facet normal -0.951054 0.309026 0
    outer loop
      vertex -22.8386 10.1684 6.5
      vertex -24.4537 5.19779 5.5
      vertex -24.4537 5.19779 6.5
    endloop
  endfacet
  facet normal -0.526928 0.47446 0.705149
    outer loop
      vertex -15.39 17.0923 8.5
      vertex -20.2254 14.6946 6.5
      vertex -18.6074 13.5191 8.5
    endloop
  endfacet
  facet normal 0 -0.709054 0.705154
    outer loop
      vertex -2.61321 -24.863 6.5
      vertex 2.40415 -22.874 8.5
      vertex -2.40415 -22.874 8.5
    endloop
  endfacet
  facet normal 0 -0.709054 0.705154
    outer loop
      vertex 2.40415 -22.874 8.5
      vertex -2.61321 -24.863 6.5
      vertex 2.61321 -24.863 6.5
    endloop
  endfacet
  facet normal 0.288394 -0.647749 0.70516
    outer loop
      vertex 11.5 -19.9186 8.5
      vertex 7.10739 -21.8743 8.5
      vertex 7.72542 -23.7764 6.5
    endloop
  endfacet
  facet normal 0.674341 -0.219113 0.705162
    outer loop
      vertex 24.4537 -5.19779 6.5
      vertex 22.4974 -4.78197 8.5
      vertex 22.8386 -10.1684 6.5
    endloop
  endfacet
  facet normal -0.705161 -0.0741141 0.705163
    outer loop
      vertex -22.4974 -4.78197 8.5
      vertex -25 0 6.5
      vertex -24.4537 -5.19779 6.5
    endloop
  endfacet
  facet normal -0.40674 0.913544 0
    outer loop
      vertex -7.72542 23.7764 5.5
      vertex -12.5 21.6506 6.5
      vertex -7.72542 23.7764 6.5
    endloop
  endfacet
  facet normal -0.40674 0.913544 0
    outer loop
      vertex -12.5 21.6506 6.5
      vertex -7.72542 23.7764 5.5
      vertex -12.5 21.6506 5.5
    endloop
  endfacet
  facet normal -0.526924 -0.474435 0.705168
    outer loop
      vertex -15.39 -17.0923 8.5
      vertex -20.2254 -14.6946 6.5
      vertex -16.7283 -18.5786 6.5
    endloop
  endfacet
  facet normal 0.614056 -0.354514 0.705163
    outer loop
      vertex 21.0115 -9.35494 8.5
      vertex 18.6074 -13.5191 8.5
      vertex 22.8386 -10.1684 6.5
    endloop
  endfacet
  facet normal 0.41676 -0.573629 0.705167
    outer loop
      vertex 15.39 -17.0923 8.5
      vertex 12.5 -21.6506 6.5
      vertex 16.7283 -18.5786 6.5
    endloop
  endfacet
  facet normal -0.614056 -0.354514 0.705163
    outer loop
      vertex -21.0115 -9.35494 8.5
      vertex -22.8386 -10.1684 6.5
      vertex -18.6074 -13.5191 8.5
    endloop
  endfacet
  facet normal -0.743151 0.669123 0
    outer loop
      vertex -20.2254 14.6946 5.5
      vertex -16.7283 18.5786 6.5
      vertex -16.7283 18.5786 5.5
    endloop
  endfacet
  facet normal -0.743151 0.669123 0
    outer loop
      vertex -16.7283 18.5786 6.5
      vertex -20.2254 14.6946 5.5
      vertex -20.2254 14.6946 6.5
    endloop
  endfacet
  facet normal -0.866026 0.5 0
    outer loop
      vertex -22.8386 10.1684 5.5
      vertex -20.2254 14.6946 6.5
      vertex -20.2254 14.6946 5.5
    endloop
  endfacet
  facet normal -0.866026 0.5 0
    outer loop
      vertex -20.2254 14.6946 6.5
      vertex -22.8386 10.1684 5.5
      vertex -22.8386 10.1684 6.5
    endloop
  endfacet
  facet normal -0.416776 -0.573633 0.705154
    outer loop
      vertex -11.5 -19.9186 8.5
      vertex -15.39 -17.0923 8.5
      vertex -12.5 -21.6506 6.5
    endloop
  endfacet
  facet normal -0.994522 -0.104527 0
    outer loop
      vertex -24.4537 -5.19779 5.5
      vertex -25 0 6.5
      vertex -25 0 5.5
    endloop
  endfacet
  facet normal -0.994522 -0.104527 0
    outer loop
      vertex -25 0 6.5
      vertex -24.4537 -5.19779 5.5
      vertex -24.4537 -5.19779 6.5
    endloop
  endfacet
  facet normal 0.526924 0.474435 0.705168
    outer loop
      vertex 16.7283 18.5786 6.5
      vertex 15.39 17.0923 8.5
      vertex 20.2254 14.6946 6.5
    endloop
  endfacet
  facet normal -0.705162 0.0741147 0.705162
    outer loop
      vertex -22.4974 4.78197 8.5
      vertex -25 0 6.5
      vertex -23 0 8.5
    endloop
  endfacet
  facet normal 0.147419 0.693554 0.70516
    outer loop
      vertex 7.72542 23.7764 6.5
      vertex 2.40415 22.874 8.5
      vertex 7.10739 21.8743 8.5
    endloop
  endfacet
  facet normal -0.705161 0.0741141 0.705163
    outer loop
      vertex -24.4537 5.19779 6.5
      vertex -25 0 6.5
      vertex -22.4974 4.78197 8.5
    endloop
  endfacet
  facet normal 0 1 -0
    outer loop
      vertex 2.61321 24.863 5.5
      vertex -2.61321 24.863 6.5
      vertex 2.61321 24.863 6.5
    endloop
  endfacet
  facet normal 0 1 0
    outer loop
      vertex -2.61321 24.863 6.5
      vertex 2.61321 24.863 5.5
      vertex -2.61321 24.863 5.5
    endloop
  endfacet
  facet normal 0.40674 -0.913544 0
    outer loop
      vertex 7.72542 -23.7764 5.5
      vertex 12.5 -21.6506 6.5
      vertex 7.72542 -23.7764 6.5
    endloop
  endfacet
  facet normal 0.40674 -0.913544 0
    outer loop
      vertex 12.5 -21.6506 6.5
      vertex 7.72542 -23.7764 5.5
      vertex 12.5 -21.6506 5.5
    endloop
  endfacet
  facet normal -0.416776 0.573633 0.705154
    outer loop
      vertex -12.5 21.6506 6.5
      vertex -15.39 17.0923 8.5
      vertex -11.5 19.9186 8.5
    endloop
  endfacet
  facet normal 0.288401 -0.647752 0.705154
    outer loop
      vertex 11.5 -19.9186 8.5
      vertex 7.72542 -23.7764 6.5
      vertex 12.5 -21.6506 6.5
    endloop
  endfacet
  facet normal -0.288401 -0.647752 0.705154
    outer loop
      vertex -11.5 -19.9186 8.5
      vertex -12.5 -21.6506 6.5
      vertex -7.72542 -23.7764 6.5
    endloop
  endfacet
  facet normal -0.147416 -0.69356 0.705155
    outer loop
      vertex -2.40415 -22.874 8.5
      vertex -7.72542 -23.7764 6.5
      vertex -2.61321 -24.863 6.5
    endloop
  endfacet
  facet normal 0.526928 0.47446 0.705149
    outer loop
      vertex 20.2254 14.6946 6.5
      vertex 15.39 17.0923 8.5
      vertex 18.6074 13.5191 8.5
    endloop
  endfacet
  facet normal 0.40674 0.913544 -0
    outer loop
      vertex 12.5 21.6506 5.5
      vertex 7.72542 23.7764 6.5
      vertex 12.5 21.6506 6.5
    endloop
  endfacet
  facet normal 0.40674 0.913544 0
    outer loop
      vertex 7.72542 23.7764 6.5
      vertex 12.5 21.6506 5.5
      vertex 7.72542 23.7764 5.5
    endloop
  endfacet
  facet normal 0.58778 -0.809021 0
    outer loop
      vertex 12.5 -21.6506 5.5
      vertex 16.7283 -18.5786 6.5
      vertex 12.5 -21.6506 6.5
    endloop
  endfacet
  facet normal 0.58778 -0.809021 0
    outer loop
      vertex 16.7283 -18.5786 6.5
      vertex 12.5 -21.6506 5.5
      vertex 16.7283 -18.5786 5.5
    endloop
  endfacet
  facet normal 0.743151 -0.669123 0
    outer loop
      vertex 16.7283 -18.5786 6.5
      vertex 20.2254 -14.6946 5.5
      vertex 20.2254 -14.6946 6.5
    endloop
  endfacet
  facet normal 0.743151 -0.669123 0
    outer loop
      vertex 20.2254 -14.6946 5.5
      vertex 16.7283 -18.5786 6.5
      vertex 16.7283 -18.5786 5.5
    endloop
  endfacet
  facet normal -0.40674 -0.913544 0
    outer loop
      vertex -12.5 -21.6506 5.5
      vertex -7.72542 -23.7764 6.5
      vertex -12.5 -21.6506 6.5
    endloop
  endfacet
  facet normal -0.40674 -0.913544 -0
    outer loop
      vertex -7.72542 -23.7764 6.5
      vertex -12.5 -21.6506 5.5
      vertex -7.72542 -23.7764 5.5
    endloop
  endfacet
  facet normal 0.67434 -0.219114 0.705163
    outer loop
      vertex 22.4974 -4.78197 8.5
      vertex 21.0115 -9.35494 8.5
      vertex 22.8386 -10.1684 6.5
    endloop
  endfacet
  facet normal -0.41676 -0.573629 0.705167
    outer loop
      vertex -15.39 -17.0923 8.5
      vertex -16.7283 -18.5786 6.5
      vertex -12.5 -21.6506 6.5
    endloop
  endfacet
  facet normal -0.147419 -0.693554 0.70516
    outer loop
      vertex -7.10739 -21.8743 8.5
      vertex -7.72542 -23.7764 6.5
      vertex -2.40415 -22.874 8.5
    endloop
  endfacet
  facet normal -0.67434 0.219114 0.705163
    outer loop
      vertex -21.0115 9.35494 8.5
      vertex -22.8386 10.1684 6.5
      vertex -22.4974 4.78197 8.5
    endloop
  endfacet
  facet normal -0.288394 -0.647749 0.70516
    outer loop
      vertex -7.10739 -21.8743 8.5
      vertex -11.5 -19.9186 8.5
      vertex -7.72542 -23.7764 6.5
    endloop
  endfacet
  facet normal 0 -1 0
    outer loop
      vertex -2.61321 -24.863 5.5
      vertex 2.61321 -24.863 6.5
      vertex -2.61321 -24.863 6.5
    endloop
  endfacet
  facet normal 0 -1 -0
    outer loop
      vertex 2.61321 -24.863 6.5
      vertex -2.61321 -24.863 5.5
      vertex 2.61321 -24.863 5.5
    endloop
  endfacet
  facet normal 0.147416 0.69356 0.705155
    outer loop
      vertex 2.61321 24.863 6.5
      vertex 2.40415 22.874 8.5
      vertex 7.72542 23.7764 6.5
    endloop
  endfacet
  facet normal 0.743151 0.669123 0
    outer loop
      vertex 20.2254 14.6946 6.5
      vertex 16.7283 18.5786 5.5
      vertex 16.7283 18.5786 6.5
    endloop
  endfacet
  facet normal 0.743151 0.669123 0
    outer loop
      vertex 16.7283 18.5786 5.5
      vertex 20.2254 14.6946 6.5
      vertex 20.2254 14.6946 5.5
    endloop
  endfacet
  facet normal 0.705161 0.0741141 0.705163
    outer loop
      vertex 24.4537 5.19779 6.5
      vertex 22.4974 4.78197 8.5
      vertex 25 0 6.5
    endloop
  endfacet
  facet normal 0.705162 -0.0741147 0.705162
    outer loop
      vertex 23 0 8.5
      vertex 22.4974 -4.78197 8.5
      vertex 25 0 6.5
    endloop
  endfacet
  facet normal -0.866026 -0.5 0
    outer loop
      vertex -20.2254 -14.6946 5.5
      vertex -22.8386 -10.1684 6.5
      vertex -22.8386 -10.1684 5.5
    endloop
  endfacet
  facet normal -0.866026 -0.5 0
    outer loop
      vertex -22.8386 -10.1684 6.5
      vertex -20.2254 -14.6946 5.5
      vertex -20.2254 -14.6946 6.5
    endloop
  endfacet
  facet normal 0.705162 0.0741147 0.705162
    outer loop
      vertex 25 0 6.5
      vertex 22.4974 4.78197 8.5
      vertex 23 0 8.5
    endloop
  endfacet
  facet normal 0.416776 0.573633 0.705154
    outer loop
      vertex 12.5 21.6506 6.5
      vertex 11.5 19.9186 8.5
      vertex 15.39 17.0923 8.5
    endloop
  endfacet
  facet normal 0.416776 -0.573633 0.705154
    outer loop
      vertex 15.39 -17.0923 8.5
      vertex 11.5 -19.9186 8.5
      vertex 12.5 -21.6506 6.5
    endloop
  endfacet
  facet normal 0.41676 0.573629 0.705167
    outer loop
      vertex 16.7283 18.5786 6.5
      vertex 12.5 21.6506 6.5
      vertex 15.39 17.0923 8.5
    endloop
  endfacet
  facet normal -0.288394 0.647749 0.70516
    outer loop
      vertex -7.72542 23.7764 6.5
      vertex -11.5 19.9186 8.5
      vertex -7.10739 21.8743 8.5
    endloop
  endfacet
  facet normal -0.526928 -0.47446 0.705149
    outer loop
      vertex -18.6074 -13.5191 8.5
      vertex -20.2254 -14.6946 6.5
      vertex -15.39 -17.0923 8.5
    endloop
  endfacet
  facet normal -0.207906 -0.978149 0
    outer loop
      vertex -7.72542 -23.7764 5.5
      vertex -2.61321 -24.863 6.5
      vertex -7.72542 -23.7764 6.5
    endloop
  endfacet
  facet normal -0.207906 -0.978149 -0
    outer loop
      vertex -2.61321 -24.863 6.5
      vertex -7.72542 -23.7764 5.5
      vertex -2.61321 -24.863 5.5
    endloop
  endfacet
  facet normal 0.58778 0.809021 -0
    outer loop
      vertex 16.7283 18.5786 5.5
      vertex 12.5 21.6506 6.5
      vertex 16.7283 18.5786 6.5
    endloop
  endfacet
  facet normal 0.58778 0.809021 0
    outer loop
      vertex 12.5 21.6506 6.5
      vertex 16.7283 18.5786 5.5
      vertex 12.5 21.6506 5.5
    endloop
  endfacet
  facet normal -0.58778 -0.809021 0
    outer loop
      vertex -16.7283 -18.5786 5.5
      vertex -12.5 -21.6506 6.5
      vertex -16.7283 -18.5786 6.5
    endloop
  endfacet
  facet normal -0.58778 -0.809021 -0
    outer loop
      vertex -12.5 -21.6506 6.5
      vertex -16.7283 -18.5786 5.5
      vertex -12.5 -21.6506 5.5
    endloop
  endfacet
  facet normal 0.705161 -0.0741141 0.705163
    outer loop
      vertex 25 0 6.5
      vertex 22.4974 -4.78197 8.5
      vertex 24.4537 -5.19779 6.5
    endloop
  endfacet
  facet normal -0.288401 0.647752 0.705154
    outer loop
      vertex -7.72542 23.7764 6.5
      vertex -12.5 21.6506 6.5
      vertex -11.5 19.9186 8.5
    endloop
  endfacet
  facet normal 0.147419 -0.693554 0.70516
    outer loop
      vertex 7.10739 -21.8743 8.5
      vertex 2.40415 -22.874 8.5
      vertex 7.72542 -23.7764 6.5
    endloop
  endfacet
  facet normal 0.951054 0.309026 0
    outer loop
      vertex 24.4537 5.19779 6.5
      vertex 22.8386 10.1684 5.5
      vertex 22.8386 10.1684 6.5
    endloop
  endfacet
  facet normal 0.951054 0.309026 0
    outer loop
      vertex 22.8386 10.1684 5.5
      vertex 24.4537 5.19779 6.5
      vertex 24.4537 5.19779 5.5
    endloop
  endfacet
  facet normal -0.147416 0.69356 0.705155
    outer loop
      vertex -2.61321 24.863 6.5
      vertex -7.72542 23.7764 6.5
      vertex -2.40415 22.874 8.5
    endloop
  endfacet
  facet normal -0.147419 0.693554 0.70516
    outer loop
      vertex -2.40415 22.874 8.5
      vertex -7.72542 23.7764 6.5
      vertex -7.10739 21.8743 8.5
    endloop
  endfacet
  facet normal -0.674341 0.219113 0.705162
    outer loop
      vertex -22.8386 10.1684 6.5
      vertex -24.4537 5.19779 6.5
      vertex -22.4974 4.78197 8.5
    endloop
  endfacet
  facet normal -0.614056 0.354514 0.705163
    outer loop
      vertex -18.6074 13.5191 8.5
      vertex -22.8386 10.1684 6.5
      vertex -21.0115 9.35494 8.5
    endloop
  endfacet
  facet normal 0 0 -1
    outer loop
      vertex -20.2254 14.6946 5.5
      vertex -5.3033 5.3033 5.5
      vertex -16.2322 1.76777 5.5
    endloop
  endfacet
  facet normal 0 0 -1
    outer loop
      vertex -5.3033 5.3033 5.5
      vertex -16.7283 18.5786 5.5
      vertex -12.5 21.6506 5.5
    endloop
  endfacet
  facet normal 0 0 -1
    outer loop
      vertex -20.2254 14.6946 5.5
      vertex -16.2322 1.76777 5.5
      vertex -18 2.5 5.5
    endloop
  endfacet
  facet normal 0 0 -1
    outer loop
      vertex -24.4537 5.19779 5.5
      vertex -18 2.5 5.5
      vertex -19.7678 1.76777 5.5
    endloop
  endfacet
  facet normal 0 0 -1
    outer loop
      vertex -5.3033 5.3033 5.5
      vertex -20.2254 14.6946 5.5
      vertex -16.7283 18.5786 5.5
    endloop
  endfacet
  facet normal 0 0 -1
    outer loop
      vertex -25 0 5.5
      vertex -19.7678 1.76777 5.5
      vertex -20.5 0 5.5
    endloop
  endfacet
  facet normal 0 0 -1
    outer loop
      vertex -25 0 5.5
      vertex -19.7678 -1.76777 5.5
      vertex -24.4537 -5.19779 5.5
    endloop
  endfacet
  facet normal 0 0 -1
    outer loop
      vertex -18 2.5 5.5
      vertex -22.8386 10.1684 5.5
      vertex -20.2254 14.6946 5.5
    endloop
  endfacet
  facet normal 0 0 -1
    outer loop
      vertex -19.7678 -1.76777 5.5
      vertex -25 0 5.5
      vertex -20.5 0 5.5
    endloop
  endfacet
  facet normal 0 0 -1
    outer loop
      vertex -18 2.5 5.5
      vertex -24.4537 5.19779 5.5
      vertex -22.8386 10.1684 5.5
    endloop
  endfacet
  facet normal -0 0 -1
    outer loop
      vertex -19.7678 1.76777 5.5
      vertex -25 0 5.5
      vertex -24.4537 5.19779 5.5
    endloop
  endfacet
  facet normal 0 0 -1
    outer loop
      vertex 7.72542 -23.7764 5.5
      vertex 1.76777 -19.7678 5.5
      vertex 2.5 -18 5.5
    endloop
  endfacet
  facet normal 0 0 -1
    outer loop
      vertex 2.61321 -24.863 5.5
      vertex 0 -20.5 5.5
      vertex 1.76777 -19.7678 5.5
    endloop
  endfacet
  facet normal 0 0 -1
    outer loop
      vertex -2.61321 -24.863 5.5
      vertex 0 -20.5 5.5
      vertex 2.61321 -24.863 5.5
    endloop
  endfacet
  facet normal 0 0 -1
    outer loop
      vertex -7.72542 -23.7764 5.5
      vertex -1.76777 -19.7678 5.5
      vertex -2.61321 -24.863 5.5
    endloop
  endfacet
  facet normal -0 0 -1
    outer loop
      vertex 0 -20.5 5.5
      vertex -2.61321 -24.863 5.5
      vertex -1.76777 -19.7678 5.5
    endloop
  endfacet
  facet normal -0 0 -1
    outer loop
      vertex 20.2254 14.6946 5.5
      vertex 5.3033 5.3033 5.5
      vertex 16.7283 18.5786 5.5
    endloop
  endfacet
  facet normal 0 0 -1
    outer loop
      vertex 1.76777 16.2322 5.5
      vertex 16.7283 18.5786 5.5
      vertex 5.3033 5.3033 5.5
    endloop
  endfacet
  facet normal -0 0 -1
    outer loop
      vertex 16.7283 18.5786 5.5
      vertex 1.76777 16.2322 5.5
      vertex 12.5 21.6506 5.5
    endloop
  endfacet
  facet normal 0 0 -1
    outer loop
      vertex 1.76777 16.2322 5.5
      vertex 5.3033 5.3033 5.5
      vertex 3.75 6.49519 5.5
    endloop
  endfacet
  facet normal -0 0 -1
    outer loop
      vertex 12.5 21.6506 5.5
      vertex 2.5 18 5.5
      vertex 7.72542 23.7764 5.5
    endloop
  endfacet
  facet normal 0 0 -1
    outer loop
      vertex 1.76777 19.7678 5.5
      vertex 7.72542 23.7764 5.5
      vertex 2.5 18 5.5
    endloop
  endfacet
  facet normal 0 0 -1
    outer loop
      vertex 1.76777 16.2322 5.5
      vertex 3.75 6.49519 5.5
      vertex 1.94114 7.24444 5.5
    endloop
  endfacet
  facet normal 0 0 -1
    outer loop
      vertex 12.5 21.6506 5.5
      vertex 1.76777 16.2322 5.5
      vertex 2.5 18 5.5
    endloop
  endfacet
  facet normal 0 0 -1
    outer loop
      vertex 0 15.5 5.5
      vertex 1.94114 7.24444 5.5
      vertex 0 7.5 5.5
    endloop
  endfacet
  facet normal 0 0 -1
    outer loop
      vertex 1.94114 7.24444 5.5
      vertex 0 15.5 5.5
      vertex 1.76777 16.2322 5.5
    endloop
  endfacet
  facet normal 0 0 -1
    outer loop
      vertex -1.94114 7.24444 5.5
      vertex 0 15.5 5.5
      vertex 0 7.5 5.5
    endloop
  endfacet
  facet normal -0 0 -1
    outer loop
      vertex 0 15.5 5.5
      vertex -1.94114 7.24444 5.5
      vertex -1.76777 16.2322 5.5
    endloop
  endfacet
  facet normal 0 0 -1
    outer loop
      vertex -3.75 6.49519 5.5
      vertex -1.76777 16.2322 5.5
      vertex -1.94114 7.24444 5.5
    endloop
  endfacet
  facet normal 0 0 -1
    outer loop
      vertex -5.3033 5.3033 5.5
      vertex -1.76777 16.2322 5.5
      vertex -3.75 6.49519 5.5
    endloop
  endfacet
  facet normal 0 0 -1
    outer loop
      vertex -1.76777 16.2322 5.5
      vertex -12.5 21.6506 5.5
      vertex -2.5 18 5.5
    endloop
  endfacet
  facet normal -0 0 -1
    outer loop
      vertex -1.76777 16.2322 5.5
      vertex -5.3033 5.3033 5.5
      vertex -12.5 21.6506 5.5
    endloop
  endfacet
  facet normal 0 0 -1
    outer loop
      vertex -16.2322 1.76777 5.5
      vertex -5.3033 5.3033 5.5
      vertex -6.49519 3.75 5.5
    endloop
  endfacet
  facet normal 0 0 -1
    outer loop
      vertex -16.2322 1.76777 5.5
      vertex -7.24444 1.94114 5.5
      vertex -15.5 0 5.5
    endloop
  endfacet
  facet normal 0 0 -1
    outer loop
      vertex -2.5 18 5.5
      vertex -7.72542 23.7764 5.5
      vertex -2.61321 24.863 5.5
    endloop
  endfacet
  facet normal 0 0 -1
    outer loop
      vertex -15.5 0 5.5
      vertex -7.24444 1.94114 5.5
      vertex -7.5 0 5.5
    endloop
  endfacet
  facet normal -0 0 -1
    outer loop
      vertex -5.3033 -5.3033 5.5
      vertex -20.2254 -14.6946 5.5
      vertex -6.49519 -3.75 5.5
    endloop
  endfacet
  facet normal 0 -0 -1
    outer loop
      vertex -16.2322 -1.76777 5.5
      vertex -6.49519 -3.75 5.5
      vertex -20.2254 -14.6946 5.5
    endloop
  endfacet
  facet normal -0 0 -1
    outer loop
      vertex -7.24444 1.94114 5.5
      vertex -16.2322 1.76777 5.5
      vertex -6.49519 3.75 5.5
    endloop
  endfacet
  facet normal 0 0 -1
    outer loop
      vertex -2.5 18 5.5
      vertex -12.5 21.6506 5.5
      vertex -7.72542 23.7764 5.5
    endloop
  endfacet
  facet normal 0 0 -1
    outer loop
      vertex -7.24444 -1.94114 5.5
      vertex -15.5 0 5.5
      vertex -7.5 0 5.5
    endloop
  endfacet
  facet normal 0 -0 -1
    outer loop
      vertex -15.5 0 5.5
      vertex -7.24444 -1.94114 5.5
      vertex -16.2322 -1.76777 5.5
    endloop
  endfacet
  facet normal 0 0 -1
    outer loop
      vertex -6.49519 -3.75 5.5
      vertex -16.2322 -1.76777 5.5
      vertex -7.24444 -1.94114 5.5
    endloop
  endfacet
  facet normal 0 0 -1
    outer loop
      vertex -16.2322 -1.76777 5.5
      vertex -20.2254 -14.6946 5.5
      vertex -18 -2.5 5.5
    endloop
  endfacet
  facet normal 0 0 -1
    outer loop
      vertex -22.8386 -10.1684 5.5
      vertex -18 -2.5 5.5
      vertex -20.2254 -14.6946 5.5
    endloop
  endfacet
  facet normal 0 0 -1
    outer loop
      vertex -24.4537 -5.19779 5.5
      vertex -18 -2.5 5.5
      vertex -22.8386 -10.1684 5.5
    endloop
  endfacet
  facet normal -0 0 -1
    outer loop
      vertex -18 -2.5 5.5
      vertex -24.4537 -5.19779 5.5
      vertex -19.7678 -1.76777 5.5
    endloop
  endfacet
  facet normal -0 0 -1
    outer loop
      vertex 7.72542 23.7764 5.5
      vertex 1.76777 19.7678 5.5
      vertex 2.61321 24.863 5.5
    endloop
  endfacet
  facet normal 0 0 -1
    outer loop
      vertex 0 20.5 5.5
      vertex 2.61321 24.863 5.5
      vertex 1.76777 19.7678 5.5
    endloop
  endfacet
  facet normal 0 0 -1
    outer loop
      vertex -2.61321 24.863 5.5
      vertex 0 20.5 5.5
      vertex -1.76777 19.7678 5.5
    endloop
  endfacet
  facet normal 0 0 -1
    outer loop
      vertex 0 20.5 5.5
      vertex -2.61321 24.863 5.5
      vertex 2.61321 24.863 5.5
    endloop
  endfacet
  facet normal 0 0 -1
    outer loop
      vertex -2.61321 24.863 5.5
      vertex -1.76777 19.7678 5.5
      vertex -2.5 18 5.5
    endloop
  endfacet
  facet normal 0 0 -1
    outer loop
      vertex 19.7678 -1.76777 5.5
      vertex 25 0 5.5
      vertex 24.4537 -5.19779 5.5
    endloop
  endfacet
  facet normal 0 0 -1
    outer loop
      vertex 18 -2.5 5.5
      vertex 24.4537 -5.19779 5.5
      vertex 22.8386 -10.1684 5.5
    endloop
  endfacet
  facet normal 0 0 -1
    outer loop
      vertex 19.7678 1.76777 5.5
      vertex 25 0 5.5
      vertex 20.5 0 5.5
    endloop
  endfacet
  facet normal 0 0 -1
    outer loop
      vertex 25 0 5.5
      vertex 19.7678 1.76777 5.5
      vertex 24.4537 5.19779 5.5
    endloop
  endfacet
  facet normal 0 0 -1
    outer loop
      vertex 18 -2.5 5.5
      vertex 22.8386 -10.1684 5.5
      vertex 20.2254 -14.6946 5.5
    endloop
  endfacet
  facet normal -0 0 -1
    outer loop
      vertex 25 0 5.5
      vertex 19.7678 -1.76777 5.5
      vertex 20.5 0 5.5
    endloop
  endfacet
  facet normal 0 0 -1
    outer loop
      vertex 24.4537 -5.19779 5.5
      vertex 18 -2.5 5.5
      vertex 19.7678 -1.76777 5.5
    endloop
  endfacet
  facet normal 0 0 -1
    outer loop
      vertex 5.3033 -5.3033 5.5
      vertex 20.2254 -14.6946 5.5
      vertex 16.7283 -18.5786 5.5
    endloop
  endfacet
  facet normal 0 0 -1
    outer loop
      vertex 20.2254 -14.6946 5.5
      vertex 16.2322 -1.76777 5.5
      vertex 18 -2.5 5.5
    endloop
  endfacet
  facet normal 0 0 -1
    outer loop
      vertex 20.2254 -14.6946 5.5
      vertex 5.3033 -5.3033 5.5
      vertex 16.2322 -1.76777 5.5
    endloop
  endfacet
  facet normal 0 0 -1
    outer loop
      vertex 1.76777 -16.2322 5.5
      vertex 16.7283 -18.5786 5.5
      vertex 12.5 -21.6506 5.5
    endloop
  endfacet
  facet normal 0 0 -1
    outer loop
      vertex 18 2.5 5.5
      vertex 24.4537 5.19779 5.5
      vertex 19.7678 1.76777 5.5
    endloop
  endfacet
  facet normal -0 0 -1
    outer loop
      vertex 24.4537 5.19779 5.5
      vertex 18 2.5 5.5
      vertex 22.8386 10.1684 5.5
    endloop
  endfacet
  facet normal -0 0 -1
    outer loop
      vertex 22.8386 10.1684 5.5
      vertex 18 2.5 5.5
      vertex 20.2254 14.6946 5.5
    endloop
  endfacet
  facet normal 0 0 -1
    outer loop
      vertex 16.2322 1.76777 5.5
      vertex 20.2254 14.6946 5.5
      vertex 18 2.5 5.5
    endloop
  endfacet
  facet normal 0 0 -1
    outer loop
      vertex 6.49519 3.75 5.5
      vertex 16.2322 1.76777 5.5
      vertex 7.24444 1.94114 5.5
    endloop
  endfacet
  facet normal 0 0 -1
    outer loop
      vertex 7.24444 1.94114 5.5
      vertex 15.5 0 5.5
      vertex 7.5 0 5.5
    endloop
  endfacet
  facet normal 0 -0 -1
    outer loop
      vertex 7.24444 -1.94114 5.5
      vertex 16.2322 -1.76777 5.5
      vertex 6.49519 -3.75 5.5
    endloop
  endfacet
  facet normal 0 0 -1
    outer loop
      vertex 15.5 0 5.5
      vertex 7.24444 1.94114 5.5
      vertex 16.2322 1.76777 5.5
    endloop
  endfacet
  facet normal 0 0 -1
    outer loop
      vertex 2.5 -18 5.5
      vertex 12.5 -21.6506 5.5
      vertex 7.72542 -23.7764 5.5
    endloop
  endfacet
  facet normal 0 0 -1
    outer loop
      vertex 16.2322 1.76777 5.5
      vertex 6.49519 3.75 5.5
      vertex 20.2254 14.6946 5.5
    endloop
  endfacet
  facet normal 0 0 -1
    outer loop
      vertex 5.3033 5.3033 5.5
      vertex 20.2254 14.6946 5.5
      vertex 6.49519 3.75 5.5
    endloop
  endfacet
  facet normal -0 0 -1
    outer loop
      vertex 15.5 0 5.5
      vertex 7.24444 -1.94114 5.5
      vertex 7.5 0 5.5
    endloop
  endfacet
  facet normal -0 0 -1
    outer loop
      vertex 16.2322 -1.76777 5.5
      vertex 7.24444 -1.94114 5.5
      vertex 15.5 0 5.5
    endloop
  endfacet
  facet normal 0 0 -1
    outer loop
      vertex 16.2322 -1.76777 5.5
      vertex 5.3033 -5.3033 5.5
      vertex 6.49519 -3.75 5.5
    endloop
  endfacet
  facet normal 0 0 -1
    outer loop
      vertex 1.76777 -16.2322 5.5
      vertex 12.5 -21.6506 5.5
      vertex 2.5 -18 5.5
    endloop
  endfacet
  facet normal 0 0 -1
    outer loop
      vertex 1.76777 -19.7678 5.5
      vertex 7.72542 -23.7764 5.5
      vertex 2.61321 -24.863 5.5
    endloop
  endfacet
  facet normal 0 0 -1
    outer loop
      vertex 16.7283 -18.5786 5.5
      vertex 1.76777 -16.2322 5.5
      vertex 5.3033 -5.3033 5.5
    endloop
  endfacet
  facet normal 0 0 -1
    outer loop
      vertex 5.3033 -5.3033 5.5
      vertex 1.76777 -16.2322 5.5
      vertex 3.75 -6.49519 5.5
    endloop
  endfacet
  facet normal 0 0 -1
    outer loop
      vertex 3.75 -6.49519 5.5
      vertex 1.76777 -16.2322 5.5
      vertex 1.94114 -7.24444 5.5
    endloop
  endfacet
  facet normal 0 0 -1
    outer loop
      vertex 0 -15.5 5.5
      vertex 1.94114 -7.24444 5.5
      vertex 1.76777 -16.2322 5.5
    endloop
  endfacet
  facet normal 0 0 -1
    outer loop
      vertex 0 -15.5 5.5
      vertex 0 -7.5 5.5
      vertex 1.94114 -7.24444 5.5
    endloop
  endfacet
  facet normal 0 0 -1
    outer loop
      vertex -1.94114 -7.24444 5.5
      vertex 0 -15.5 5.5
      vertex -1.76777 -16.2322 5.5
    endloop
  endfacet
  facet normal 0 0 -1
    outer loop
      vertex 0 -15.5 5.5
      vertex -1.94114 -7.24444 5.5
      vertex 0 -7.5 5.5
    endloop
  endfacet
  facet normal 0 0 -1
    outer loop
      vertex -12.5 -21.6506 5.5
      vertex -1.76777 -16.2322 5.5
      vertex -2.5 -18 5.5
    endloop
  endfacet
  facet normal 0 0 -1
    outer loop
      vertex -1.76777 -16.2322 5.5
      vertex -3.75 -6.49519 5.5
      vertex -1.94114 -7.24444 5.5
    endloop
  endfacet
  facet normal -0 0 -1
    outer loop
      vertex -1.76777 -19.7678 5.5
      vertex -7.72542 -23.7764 5.5
      vertex -2.5 -18 5.5
    endloop
  endfacet
  facet normal 0 0 -1
    outer loop
      vertex -12.5 -21.6506 5.5
      vertex -2.5 -18 5.5
      vertex -7.72542 -23.7764 5.5
    endloop
  endfacet
  facet normal 0 0 -1
    outer loop
      vertex -1.76777 -16.2322 5.5
      vertex -5.3033 -5.3033 5.5
      vertex -3.75 -6.49519 5.5
    endloop
  endfacet
  facet normal 0 0 -1
    outer loop
      vertex -16.7283 -18.5786 5.5
      vertex -1.76777 -16.2322 5.5
      vertex -12.5 -21.6506 5.5
    endloop
  endfacet
  facet normal 0 0 -1
    outer loop
      vertex -20.2254 -14.6946 5.5
      vertex -5.3033 -5.3033 5.5
      vertex -16.7283 -18.5786 5.5
    endloop
  endfacet
  facet normal -0 0 -1
    outer loop
      vertex -1.76777 -16.2322 5.5
      vertex -16.7283 -18.5786 5.5
      vertex -5.3033 -5.3033 5.5
    endloop
  endfacet
  facet normal -0.951054 -0.309026 0
    outer loop
      vertex -22.8386 -10.1684 5.5
      vertex -24.4537 -5.19779 6.5
      vertex -24.4537 -5.19779 5.5
    endloop
  endfacet
  facet normal -0.951054 -0.309026 0
    outer loop
      vertex -24.4537 -5.19779 6.5
      vertex -22.8386 -10.1684 5.5
      vertex -22.8386 -10.1684 6.5
    endloop
  endfacet
  facet normal 0.994522 -0.104527 0
    outer loop
      vertex 24.4537 -5.19779 6.5
      vertex 25 0 5.5
      vertex 25 0 6.5
    endloop
  endfacet
  facet normal 0.994522 -0.104527 0
    outer loop
      vertex 25 0 5.5
      vertex 24.4537 -5.19779 6.5
      vertex 24.4537 -5.19779 5.5
    endloop
  endfacet
  facet normal 0.288401 0.647752 0.705154
    outer loop
      vertex 12.5 21.6506 6.5
      vertex 7.72542 23.7764 6.5
      vertex 11.5 19.9186 8.5
    endloop
  endfacet
  facet normal -0.207906 0.978149 0
    outer loop
      vertex -2.61321 24.863 5.5
      vertex -7.72542 23.7764 6.5
      vertex -2.61321 24.863 6.5
    endloop
  endfacet
  facet normal -0.207906 0.978149 0
    outer loop
      vertex -7.72542 23.7764 6.5
      vertex -2.61321 24.863 5.5
      vertex -7.72542 23.7764 5.5
    endloop
  endfacet
  facet normal -0.41676 0.573629 0.705167
    outer loop
      vertex -12.5 21.6506 6.5
      vertex -16.7283 18.5786 6.5
      vertex -15.39 17.0923 8.5
    endloop
  endfacet
  facet normal -0.526924 0.474435 0.705168
    outer loop
      vertex -16.7283 18.5786 6.5
      vertex -20.2254 14.6946 6.5
      vertex -15.39 17.0923 8.5
    endloop
  endfacet
  facet normal 0.614056 0.354514 0.705163
    outer loop
      vertex 22.8386 10.1684 6.5
      vertex 18.6074 13.5191 8.5
      vertex 21.0115 9.35494 8.5
    endloop
  endfacet
  facet normal -0 0 1
    outer loop
      vertex 20.6564 1.39417 8.5
      vertex 23 0 8.5
      vertex 22.4974 4.78197 8.5
    endloop
  endfacet
  facet normal 0 0 1
    outer loop
      vertex 19.563 4.15823 8.5
      vertex 22.4974 4.78197 8.5
      vertex 21.0115 9.35494 8.5
    endloop
  endfacet
  facet normal 0 0 1
    outer loop
      vertex 20.8473 -0.619631 8.5
      vertex 23 0 8.5
      vertex 21 0 8.5
    endloop
  endfacet
  facet normal 0 0 1
    outer loop
      vertex 20.6564 -1.39417 8.5
      vertex 23 0 8.5
      vertex 20.8473 -0.619631 8.5
    endloop
  endfacet
  facet normal 0 0 1
    outer loop
      vertex 23 0 8.5
      vertex 20.8473 0.619631 8.5
      vertex 21 0 8.5
    endloop
  endfacet
  facet normal 0 0 1
    outer loop
      vertex 23 0 8.5
      vertex 20.6564 1.39417 8.5
      vertex 20.8473 0.619631 8.5
    endloop
  endfacet
  facet normal 0 -0 1
    outer loop
      vertex 19.7454 2.42245 8.5
      vertex 22.4974 4.78197 8.5
      vertex 19.563 4.15823 8.5
    endloop
  endfacet
  facet normal 0 0 1
    outer loop
      vertex 22.4974 4.78197 8.5
      vertex 20.1274 1.99127 8.5
      vertex 20.6564 1.39417 8.5
    endloop
  endfacet
  facet normal 0 0 1
    outer loop
      vertex 22.4974 4.78197 8.5
      vertex 19.7454 2.42245 8.5
      vertex 20.1274 1.99127 8.5
    endloop
  endfacet
  facet normal 0 0 1
    outer loop
      vertex 18.2709 8.13473 8.5
      vertex 21.0115 9.35494 8.5
      vertex 18.6074 13.5191 8.5
    endloop
  endfacet
  facet normal 0 0 1
    outer loop
      vertex 21.0115 9.35494 8.5
      vertex 18.2709 8.13473 8.5
      vertex 19.563 4.15823 8.5
    endloop
  endfacet
  facet normal 0 0 1
    outer loop
      vertex 18.6074 13.5191 8.5
      vertex 16.1803 11.7557 8.5
      vertex 18.2709 8.13473 8.5
    endloop
  endfacet
  facet normal 0 0 1
    outer loop
      vertex 15.39 17.0923 8.5
      vertex 16.1803 11.7557 8.5
      vertex 18.6074 13.5191 8.5
    endloop
  endfacet
  facet normal 0 0 1
    outer loop
      vertex 15.39 17.0923 8.5
      vertex 13.3826 14.8629 8.5
      vertex 16.1803 11.7557 8.5
    endloop
  endfacet
  facet normal 0 0 1
    outer loop
      vertex 11.5 19.9186 8.5
      vertex 13.3826 14.8629 8.5
      vertex 15.39 17.0923 8.5
    endloop
  endfacet
  facet normal 0 0 1
    outer loop
      vertex 11.5 19.9186 8.5
      vertex 10 17.3205 8.5
      vertex 13.3826 14.8629 8.5
    endloop
  endfacet
  facet normal 0 0 1
    outer loop
      vertex 7.10739 21.8743 8.5
      vertex 10 17.3205 8.5
      vertex 11.5 19.9186 8.5
    endloop
  endfacet
  facet normal 0 0 1
    outer loop
      vertex 7.10739 21.8743 8.5
      vertex 6.18034 19.0211 8.5
      vertex 10 17.3205 8.5
    endloop
  endfacet
  facet normal 0 0 1
    outer loop
      vertex 2.31181 19.8434 8.5
      vertex 7.10739 21.8743 8.5
      vertex 2.40415 22.874 8.5
    endloop
  endfacet
  facet normal 0 0 1
    outer loop
      vertex 7.10739 21.8743 8.5
      vertex 2.31181 19.8434 8.5
      vertex 6.18034 19.0211 8.5
    endloop
  endfacet
  facet normal 0 0 1
    outer loop
      vertex 2.40415 22.874 8.5
      vertex 1.99127 20.1274 8.5
      vertex 2.31181 19.8434 8.5
    endloop
  endfacet
  facet normal 0 0 1
    outer loop
      vertex 2.40415 22.874 8.5
      vertex 1.39417 20.6564 8.5
      vertex 1.99127 20.1274 8.5
    endloop
  endfacet
  facet normal 0 0 1
    outer loop
      vertex 2.40415 22.874 8.5
      vertex 0.619631 20.8473 8.5
      vertex 1.39417 20.6564 8.5
    endloop
  endfacet
  facet normal 0 0 1
    outer loop
      vertex 2.40415 22.874 8.5
      vertex 0 21 8.5
      vertex 0.619631 20.8473 8.5
    endloop
  endfacet
  facet normal -0 0 1
    outer loop
      vertex -2.40415 22.874 8.5
      vertex 0 21 8.5
      vertex 2.40415 22.874 8.5
    endloop
  endfacet
  facet normal 0 0 1
    outer loop
      vertex 0 21 8.5
      vertex -2.40415 22.874 8.5
      vertex -0.619631 20.8473 8.5
    endloop
  endfacet
  facet normal 0 0 1
    outer loop
      vertex -2.40415 22.874 8.5
      vertex -1.99127 20.1274 8.5
      vertex -1.39417 20.6564 8.5
    endloop
  endfacet
  facet normal 0 0 1
    outer loop
      vertex -0.619631 20.8473 8.5
      vertex -2.40415 22.874 8.5
      vertex -1.39417 20.6564 8.5
    endloop
  endfacet
  facet normal 0 0 1
    outer loop
      vertex -1.99127 20.1274 8.5
      vertex -2.40415 22.874 8.5
      vertex -2.31181 19.8434 8.5
    endloop
  endfacet
  facet normal -0 0 1
    outer loop
      vertex -7.10739 21.8743 8.5
      vertex -2.31181 19.8434 8.5
      vertex -2.40415 22.874 8.5
    endloop
  endfacet
  facet normal 0 0 1
    outer loop
      vertex -2.31181 19.8434 8.5
      vertex -7.10739 21.8743 8.5
      vertex -6.18034 19.0211 8.5
    endloop
  endfacet
  facet normal 0 0 1
    outer loop
      vertex -7.10739 21.8743 8.5
      vertex -10 17.3205 8.5
      vertex -6.18034 19.0211 8.5
    endloop
  endfacet
  facet normal -0 0 1
    outer loop
      vertex -11.5 19.9186 8.5
      vertex -10 17.3205 8.5
      vertex -7.10739 21.8743 8.5
    endloop
  endfacet
  facet normal 0 0 1
    outer loop
      vertex -11.5 19.9186 8.5
      vertex -13.3826 14.8629 8.5
      vertex -10 17.3205 8.5
    endloop
  endfacet
  facet normal -0 0 1
    outer loop
      vertex -15.39 17.0923 8.5
      vertex -13.3826 14.8629 8.5
      vertex -11.5 19.9186 8.5
    endloop
  endfacet
  facet normal 0 0 1
    outer loop
      vertex -15.39 17.0923 8.5
      vertex -16.1803 11.7557 8.5
      vertex -13.3826 14.8629 8.5
    endloop
  endfacet
  facet normal -0 0 1
    outer loop
      vertex -18.6074 13.5191 8.5
      vertex -16.1803 11.7557 8.5
      vertex -15.39 17.0923 8.5
    endloop
  endfacet
  facet normal 0 0 1
    outer loop
      vertex -16.1803 11.7557 8.5
      vertex -18.6074 13.5191 8.5
      vertex -18.2709 8.13473 8.5
    endloop
  endfacet
  facet normal -0 0 1
    outer loop
      vertex -21.0115 9.35494 8.5
      vertex -18.2709 8.13473 8.5
      vertex -18.6074 13.5191 8.5
    endloop
  endfacet
  facet normal 0 0 1
    outer loop
      vertex -18.2709 8.13473 8.5
      vertex -21.0115 9.35494 8.5
      vertex -19.563 4.15823 8.5
    endloop
  endfacet
  facet normal -0 0 1
    outer loop
      vertex -22.4974 4.78197 8.5
      vertex -19.563 4.15823 8.5
      vertex -21.0115 9.35494 8.5
    endloop
  endfacet
  facet normal 0 0 1
    outer loop
      vertex -19.563 4.15823 8.5
      vertex -22.4974 4.78197 8.5
      vertex -19.7454 2.42245 8.5
    endloop
  endfacet
  facet normal 0 0 1
    outer loop
      vertex -19.7454 2.42245 8.5
      vertex -22.4974 4.78197 8.5
      vertex -20.1274 1.99127 8.5
    endloop
  endfacet
  facet normal 0 0 1
    outer loop
      vertex -20.1274 1.99127 8.5
      vertex -22.4974 4.78197 8.5
      vertex -20.6564 1.39417 8.5
    endloop
  endfacet
  facet normal 0 0 1
    outer loop
      vertex -23 0 8.5
      vertex -20.6564 1.39417 8.5
      vertex -22.4974 4.78197 8.5
    endloop
  endfacet
  facet normal 0 0 1
    outer loop
      vertex 23 0 8.5
      vertex 20.6564 -1.39417 8.5
      vertex 22.4974 -4.78197 8.5
    endloop
  endfacet
  facet normal -0 0 1
    outer loop
      vertex 20.1274 -1.99127 8.5
      vertex 22.4974 -4.78197 8.5
      vertex 20.6564 -1.39417 8.5
    endloop
  endfacet
  facet normal -0 0 1
    outer loop
      vertex 19.7454 -2.42245 8.5
      vertex 22.4974 -4.78197 8.5
      vertex 20.1274 -1.99127 8.5
    endloop
  endfacet
  facet normal 0 0 1
    outer loop
      vertex 22.4974 -4.78197 8.5
      vertex 19.7454 -2.42245 8.5
      vertex 19.563 -4.15823 8.5
    endloop
  endfacet
  facet normal 0 0 1
    outer loop
      vertex 22.4974 -4.78197 8.5
      vertex 19.563 -4.15823 8.5
      vertex 21.0115 -9.35494 8.5
    endloop
  endfacet
  facet normal -0 0 1
    outer loop
      vertex 18.2709 -8.13473 8.5
      vertex 21.0115 -9.35494 8.5
      vertex 19.563 -4.15823 8.5
    endloop
  endfacet
  facet normal 0 0 1
    outer loop
      vertex 21.0115 -9.35494 8.5
      vertex 18.2709 -8.13473 8.5
      vertex 18.6074 -13.5191 8.5
    endloop
  endfacet
  facet normal -0 0 1
    outer loop
      vertex 16.1803 -11.7557 8.5
      vertex 18.6074 -13.5191 8.5
      vertex 18.2709 -8.13473 8.5
    endloop
  endfacet
  facet normal 0 0 1
    outer loop
      vertex 16.1803 -11.7557 8.5
      vertex 15.39 -17.0923 8.5
      vertex 18.6074 -13.5191 8.5
    endloop
  endfacet
  facet normal -0 0 1
    outer loop
      vertex 13.3826 -14.8629 8.5
      vertex 15.39 -17.0923 8.5
      vertex 16.1803 -11.7557 8.5
    endloop
  endfacet
  facet normal 0 0 1
    outer loop
      vertex 13.3826 -14.8629 8.5
      vertex 11.5 -19.9186 8.5
      vertex 15.39 -17.0923 8.5
    endloop
  endfacet
  facet normal -0 0 1
    outer loop
      vertex 10 -17.3205 8.5
      vertex 11.5 -19.9186 8.5
      vertex 13.3826 -14.8629 8.5
    endloop
  endfacet
  facet normal 0 0 1
    outer loop
      vertex 10 -17.3205 8.5
      vertex 7.10739 -21.8743 8.5
      vertex 11.5 -19.9186 8.5
    endloop
  endfacet
  facet normal -0 0 1
    outer loop
      vertex 6.18034 -19.0211 8.5
      vertex 7.10739 -21.8743 8.5
      vertex 10 -17.3205 8.5
    endloop
  endfacet
  facet normal -0 0 1
    outer loop
      vertex 2.31181 -19.8434 8.5
      vertex 7.10739 -21.8743 8.5
      vertex 6.18034 -19.0211 8.5
    endloop
  endfacet
  facet normal 0 0 1
    outer loop
      vertex 7.10739 -21.8743 8.5
      vertex 2.31181 -19.8434 8.5
      vertex 2.40415 -22.874 8.5
    endloop
  endfacet
  facet normal -0 0 1
    outer loop
      vertex 1.99127 -20.1274 8.5
      vertex 2.40415 -22.874 8.5
      vertex 2.31181 -19.8434 8.5
    endloop
  endfacet
  facet normal -0 0 1
    outer loop
      vertex 1.39417 -20.6564 8.5
      vertex 2.40415 -22.874 8.5
      vertex 1.99127 -20.1274 8.5
    endloop
  endfacet
  facet normal -0 0 1
    outer loop
      vertex 0.619631 -20.8473 8.5
      vertex 2.40415 -22.874 8.5
      vertex 1.39417 -20.6564 8.5
    endloop
  endfacet
  facet normal -0 0 1
    outer loop
      vertex 0 -21 8.5
      vertex 2.40415 -22.874 8.5
      vertex 0.619631 -20.8473 8.5
    endloop
  endfacet
  facet normal 0 0 1
    outer loop
      vertex -2.40415 -22.874 8.5
      vertex 0 -21 8.5
      vertex -0.619631 -20.8473 8.5
    endloop
  endfacet
  facet normal 0 0 1
    outer loop
      vertex -2.40415 -22.874 8.5
      vertex -0.619631 -20.8473 8.5
      vertex -1.39417 -20.6564 8.5
    endloop
  endfacet
  facet normal 0 0 1
    outer loop
      vertex -2.40415 -22.874 8.5
      vertex -1.99127 -20.1274 8.5
      vertex -2.31181 -19.8434 8.5
    endloop
  endfacet
  facet normal 0 0 1
    outer loop
      vertex 0 -21 8.5
      vertex -2.40415 -22.874 8.5
      vertex 2.40415 -22.874 8.5
    endloop
  endfacet
  facet normal 0 0 1
    outer loop
      vertex -1.99127 -20.1274 8.5
      vertex -2.40415 -22.874 8.5
      vertex -1.39417 -20.6564 8.5
    endloop
  endfacet
  facet normal 0 0 1
    outer loop
      vertex -7.10739 -21.8743 8.5
      vertex -2.31181 -19.8434 8.5
      vertex -6.18034 -19.0211 8.5
    endloop
  endfacet
  facet normal 0 0 1
    outer loop
      vertex -2.31181 -19.8434 8.5
      vertex -7.10739 -21.8743 8.5
      vertex -2.40415 -22.874 8.5
    endloop
  endfacet
  facet normal 0 0 1
    outer loop
      vertex -10 -17.3205 8.5
      vertex -7.10739 -21.8743 8.5
      vertex -6.18034 -19.0211 8.5
    endloop
  endfacet
  facet normal 0 0 1
    outer loop
      vertex -10 -17.3205 8.5
      vertex -11.5 -19.9186 8.5
      vertex -7.10739 -21.8743 8.5
    endloop
  endfacet
  facet normal 0 0 1
    outer loop
      vertex -13.3826 -14.8629 8.5
      vertex -11.5 -19.9186 8.5
      vertex -10 -17.3205 8.5
    endloop
  endfacet
  facet normal 0 0 1
    outer loop
      vertex -13.3826 -14.8629 8.5
      vertex -15.39 -17.0923 8.5
      vertex -11.5 -19.9186 8.5
    endloop
  endfacet
  facet normal 0 0 1
    outer loop
      vertex -16.1803 -11.7557 8.5
      vertex -15.39 -17.0923 8.5
      vertex -13.3826 -14.8629 8.5
    endloop
  endfacet
  facet normal 0 0 1
    outer loop
      vertex -18.6074 -13.5191 8.5
      vertex -16.1803 -11.7557 8.5
      vertex -18.2709 -8.13473 8.5
    endloop
  endfacet
  facet normal 0 0 1
    outer loop
      vertex -16.1803 -11.7557 8.5
      vertex -18.6074 -13.5191 8.5
      vertex -15.39 -17.0923 8.5
    endloop
  endfacet
  facet normal 0 0 1
    outer loop
      vertex -21.0115 -9.35494 8.5
      vertex -18.2709 -8.13473 8.5
      vertex -19.563 -4.15823 8.5
    endloop
  endfacet
  facet normal 0 0 1
    outer loop
      vertex -22.4974 -4.78197 8.5
      vertex -19.563 -4.15823 8.5
      vertex -19.7454 -2.42245 8.5
    endloop
  endfacet
  facet normal 0 0 1
    outer loop
      vertex -22.4974 -4.78197 8.5
      vertex -19.7454 -2.42245 8.5
      vertex -20.1274 -1.99127 8.5
    endloop
  endfacet
  facet normal 0 0 1
    outer loop
      vertex -22.4974 -4.78197 8.5
      vertex -20.1274 -1.99127 8.5
      vertex -20.6564 -1.39417 8.5
    endloop
  endfacet
  facet normal 0 0 1
    outer loop
      vertex -23 0 8.5
      vertex -20.6564 -1.39417 8.5
      vertex -20.8473 -0.619631 8.5
    endloop
  endfacet
  facet normal -0 0 1
    outer loop
      vertex -23 0 8.5
      vertex -20.8473 -0.619631 8.5
      vertex -21 0 8.5
    endloop
  endfacet
  facet normal 0 0 1
    outer loop
      vertex -18.2709 -8.13473 8.5
      vertex -21.0115 -9.35494 8.5
      vertex -18.6074 -13.5191 8.5
    endloop
  endfacet
  facet normal 0 0 1
    outer loop
      vertex -20.6564 1.39417 8.5
      vertex -23 0 8.5
      vertex -20.8473 0.619631 8.5
    endloop
  endfacet
  facet normal 0 0 1
    outer loop
      vertex -20.8473 0.619631 8.5
      vertex -23 0 8.5
      vertex -21 0 8.5
    endloop
  endfacet
  facet normal 0 0 1
    outer loop
      vertex -19.563 -4.15823 8.5
      vertex -22.4974 -4.78197 8.5
      vertex -21.0115 -9.35494 8.5
    endloop
  endfacet
  facet normal 0 0 1
    outer loop
      vertex -20.6564 -1.39417 8.5
      vertex -23 0 8.5
      vertex -22.4974 -4.78197 8.5
    endloop
  endfacet
  facet normal 0 0 1
    outer loop
      vertex -10 2 8.5
      vertex -15.0872 0.717946 8.5
      vertex -10 -2 8.5
    endloop
  endfacet
  facet normal 0 0 1
    outer loop
      vertex -10 2 8.5
      vertex -15.4579 1.42429 8.5
      vertex -15.0872 0.717946 8.5
    endloop
  endfacet
  facet normal 0 0 1
    outer loop
      vertex -10 2 8.5
      vertex -15.7545 1.98937 8.5
      vertex -15.4579 1.42429 8.5
    endloop
  endfacet
  facet normal 0 -0 1
    outer loop
      vertex -15.7545 1.98937 8.5
      vertex -10 2 8.5
      vertex -15.7699 2 8.5
    endloop
  endfacet
  facet normal -0 0 1
    outer loop
      vertex -15.0872 -0.717946 8.5
      vertex -10 -2 8.5
      vertex -15.0872 0.717946 8.5
    endloop
  endfacet
  facet normal -0 0 1
    outer loop
      vertex -15.4579 -1.42429 8.5
      vertex -10 -2 8.5
      vertex -15.0872 -0.717946 8.5
    endloop
  endfacet
  facet normal -0 0 1
    outer loop
      vertex -15.7545 -1.98937 8.5
      vertex -10 -2 8.5
      vertex -15.4579 -1.42429 8.5
    endloop
  endfacet
  facet normal 0 0 1
    outer loop
      vertex -10 -2 8.5
      vertex -15.7545 -1.98937 8.5
      vertex -15.7699 -2 8.5
    endloop
  endfacet
  facet normal 0 0 1
    outer loop
      vertex 7.24444 1.94114 8.5
      vertex 7.24444 -1.94114 8.5
      vertex 7.5 0 8.5
    endloop
  endfacet
  facet normal 0 0 1
    outer loop
      vertex 6.49519 3.75 8.5
      vertex 7.24444 -1.94114 8.5
      vertex 7.24444 1.94114 8.5
    endloop
  endfacet
  facet normal 0 0 1
    outer loop
      vertex 6.49519 3.75 8.5
      vertex 6.49519 -3.75 8.5
      vertex 7.24444 -1.94114 8.5
    endloop
  endfacet
  facet normal 0 0 1
    outer loop
      vertex 5.3033 5.3033 8.5
      vertex 6.49519 -3.75 8.5
      vertex 6.49519 3.75 8.5
    endloop
  endfacet
  facet normal 0 0 1
    outer loop
      vertex 5.3033 5.3033 8.5
      vertex 5.3033 -5.3033 8.5
      vertex 6.49519 -3.75 8.5
    endloop
  endfacet
  facet normal 0 0 1
    outer loop
      vertex 3.75 6.49519 8.5
      vertex 5.3033 -5.3033 8.5
      vertex 5.3033 5.3033 8.5
    endloop
  endfacet
  facet normal 0 0 1
    outer loop
      vertex 3.75 6.49519 8.5
      vertex 3.75 -6.49519 8.5
      vertex 5.3033 -5.3033 8.5
    endloop
  endfacet
  facet normal 0 0 1
    outer loop
      vertex 1.94114 7.24444 8.5
      vertex 3.75 -6.49519 8.5
      vertex 3.75 6.49519 8.5
    endloop
  endfacet
  facet normal 0 0 1
    outer loop
      vertex 1.94114 7.24444 8.5
      vertex 1.94114 -7.24444 8.5
      vertex 3.75 -6.49519 8.5
    endloop
  endfacet
  facet normal 0 0 1
    outer loop
      vertex 0 7.5 8.5
      vertex 1.94114 -7.24444 8.5
      vertex 1.94114 7.24444 8.5
    endloop
  endfacet
  facet normal 0 0 1
    outer loop
      vertex 0 7.5 8.5
      vertex 0 -7.5 8.5
      vertex 1.94114 -7.24444 8.5
    endloop
  endfacet
  facet normal -0 0 1
    outer loop
      vertex -1.94114 7.24444 8.5
      vertex 0 -7.5 8.5
      vertex 0 7.5 8.5
    endloop
  endfacet
  facet normal 0 0 1
    outer loop
      vertex -1.94114 7.24444 8.5
      vertex -1.94114 -7.24444 8.5
      vertex 0 -7.5 8.5
    endloop
  endfacet
  facet normal -0 0 1
    outer loop
      vertex -3.75 6.49519 8.5
      vertex -1.94114 -7.24444 8.5
      vertex -1.94114 7.24444 8.5
    endloop
  endfacet
  facet normal 0 0 1
    outer loop
      vertex -3.75 6.49519 8.5
      vertex -3.75 -6.49519 8.5
      vertex -1.94114 -7.24444 8.5
    endloop
  endfacet
  facet normal -0 0 1
    outer loop
      vertex -5.3033 5.3033 8.5
      vertex -3.75 -6.49519 8.5
      vertex -3.75 6.49519 8.5
    endloop
  endfacet
  facet normal 0 0 1
    outer loop
      vertex -5.3033 5.3033 8.5
      vertex -5.3033 -5.3033 8.5
      vertex -3.75 -6.49519 8.5
    endloop
  endfacet
  facet normal -0 0 1
    outer loop
      vertex -6.49519 3.75 8.5
      vertex -5.3033 -5.3033 8.5
      vertex -5.3033 5.3033 8.5
    endloop
  endfacet
  facet normal 0 0 1
    outer loop
      vertex -6.49519 3.75 8.5
      vertex -6.49519 -3.75 8.5
      vertex -5.3033 -5.3033 8.5
    endloop
  endfacet
  facet normal -0 0 1
    outer loop
      vertex -7.24444 1.94114 8.5
      vertex -6.49519 -3.75 8.5
      vertex -6.49519 3.75 8.5
    endloop
  endfacet
  facet normal 0 0 1
    outer loop
      vertex -7.24444 1.94114 8.5
      vertex -7.24444 -1.94114 8.5
      vertex -6.49519 -3.75 8.5
    endloop
  endfacet
  facet normal 0 -0 1
    outer loop
      vertex -7.24444 -1.94114 8.5
      vertex -7.24444 1.94114 8.5
      vertex -7.5 0 8.5
    endloop
  endfacet
  facet normal -0.705162 -0.0741147 0.705162
    outer loop
      vertex -23 0 8.5
      vertex -25 0 6.5
      vertex -22.4974 -4.78197 8.5
    endloop
  endfacet
  facet normal 0.994522 0.104527 0
    outer loop
      vertex 25 0 6.5
      vertex 24.4537 5.19779 5.5
      vertex 24.4537 5.19779 6.5
    endloop
  endfacet
  facet normal 0.994522 0.104527 0
    outer loop
      vertex 24.4537 5.19779 5.5
      vertex 25 0 6.5
      vertex 25 0 5.5
    endloop
  endfacet
  facet normal 0.614062 -0.354529 0.70515
    outer loop
      vertex 22.8386 -10.1684 6.5
      vertex 18.6074 -13.5191 8.5
      vertex 20.2254 -14.6946 6.5
    endloop
  endfacet
  facet normal 0.207906 -0.978149 0
    outer loop
      vertex 2.61321 -24.863 5.5
      vertex 7.72542 -23.7764 6.5
      vertex 2.61321 -24.863 6.5
    endloop
  endfacet
  facet normal 0.207906 -0.978149 0
    outer loop
      vertex 7.72542 -23.7764 6.5
      vertex 2.61321 -24.863 5.5
      vertex 7.72542 -23.7764 5.5
    endloop
  endfacet
  facet normal 0.526924 -0.474435 0.705168
    outer loop
      vertex 20.2254 -14.6946 6.5
      vertex 15.39 -17.0923 8.5
      vertex 16.7283 -18.5786 6.5
    endloop
  endfacet
  facet normal 0.526928 -0.47446 0.705149
    outer loop
      vertex 18.6074 -13.5191 8.5
      vertex 15.39 -17.0923 8.5
      vertex 20.2254 -14.6946 6.5
    endloop
  endfacet
  facet normal -0.994522 0.104527 0
    outer loop
      vertex -25 0 5.5
      vertex -24.4537 5.19779 6.5
      vertex -24.4537 5.19779 5.5
    endloop
  endfacet
  facet normal -0.994522 0.104527 0
    outer loop
      vertex -24.4537 5.19779 6.5
      vertex -25 0 5.5
      vertex -25 0 6.5
    endloop
  endfacet
  facet normal -0.614062 -0.354529 0.70515
    outer loop
      vertex -18.6074 -13.5191 8.5
      vertex -22.8386 -10.1684 6.5
      vertex -20.2254 -14.6946 6.5
    endloop
  endfacet
  facet normal 0 0.709054 0.705154
    outer loop
      vertex 2.61321 24.863 6.5
      vertex -2.40415 22.874 8.5
      vertex 2.40415 22.874 8.5
    endloop
  endfacet
  facet normal 0 0.709054 0.705154
    outer loop
      vertex -2.40415 22.874 8.5
      vertex 2.61321 24.863 6.5
      vertex -2.61321 24.863 6.5
    endloop
  endfacet
  facet normal 0.614062 0.354529 0.70515
    outer loop
      vertex 20.2254 14.6946 6.5
      vertex 18.6074 13.5191 8.5
      vertex 22.8386 10.1684 6.5
    endloop
  endfacet
  facet normal 0.207906 0.978149 -0
    outer loop
      vertex 7.72542 23.7764 5.5
      vertex 2.61321 24.863 6.5
      vertex 7.72542 23.7764 6.5
    endloop
  endfacet
  facet normal 0.207906 0.978149 0
    outer loop
      vertex 2.61321 24.863 6.5
      vertex 7.72542 23.7764 5.5
      vertex 2.61321 24.863 5.5
    endloop
  endfacet
  facet normal 0.67434 0.219114 0.705163
    outer loop
      vertex 22.8386 10.1684 6.5
      vertex 21.0115 9.35494 8.5
      vertex 22.4974 4.78197 8.5
    endloop
  endfacet
  facet normal 0.674341 0.219113 0.705162
    outer loop
      vertex 22.8386 10.1684 6.5
      vertex 22.4974 4.78197 8.5
      vertex 24.4537 5.19779 6.5
    endloop
  endfacet
  facet normal 0.866026 0.5 0
    outer loop
      vertex 22.8386 10.1684 6.5
      vertex 20.2254 14.6946 5.5
      vertex 20.2254 14.6946 6.5
    endloop
  endfacet
  facet normal 0.866026 0.5 0
    outer loop
      vertex 20.2254 14.6946 5.5
      vertex 22.8386 10.1684 6.5
      vertex 22.8386 10.1684 5.5
    endloop
  endfacet
  facet normal -0.92388 -0.382682 0
    outer loop
      vertex 7.24444 1.94114 5.5
      vertex 6.49519 3.75 7
      vertex 6.49519 3.75 5.5
    endloop
  endfacet
  facet normal -0.92388 -0.382682 0
    outer loop
      vertex 6.49519 3.75 7
      vertex 7.24444 1.94114 5.5
      vertex 7.24444 1.94114 7
    endloop
  endfacet
  facet normal -0.991445 -0.130528 0
    outer loop
      vertex 7.5 0 5.5
      vertex 7.24444 1.94114 7
      vertex 7.24444 1.94114 5.5
    endloop
  endfacet
  facet normal -0.991445 -0.130528 0
    outer loop
      vertex 7.24444 1.94114 7
      vertex 7.5 0 5.5
      vertex 7.5 0 7
    endloop
  endfacet
  facet normal -0.793353 -0.608762 0
    outer loop
      vertex 6.49519 3.75 5.5
      vertex 5.3033 5.3033 7
      vertex 5.3033 5.3033 5.5
    endloop
  endfacet
  facet normal -0.793353 -0.608762 0
    outer loop
      vertex 5.3033 5.3033 7
      vertex 6.49519 3.75 5.5
      vertex 6.49519 3.75 7
    endloop
  endfacet
  facet normal 0.793353 -0.608762 0
    outer loop
      vertex -6.49519 3.75 7
      vertex -5.3033 5.3033 5.5
      vertex -5.3033 5.3033 7
    endloop
  endfacet
  facet normal 0.793353 -0.608762 0
    outer loop
      vertex -5.3033 5.3033 5.5
      vertex -6.49519 3.75 7
      vertex -6.49519 3.75 5.5
    endloop
  endfacet
  facet normal 0.608762 -0.793353 0
    outer loop
      vertex -5.3033 5.3033 5.5
      vertex -3.75 6.49519 7
      vertex -5.3033 5.3033 7
    endloop
  endfacet
  facet normal 0.608762 -0.793353 0
    outer loop
      vertex -3.75 6.49519 7
      vertex -5.3033 5.3033 5.5
      vertex -3.75 6.49519 5.5
    endloop
  endfacet
  facet normal -0.382682 0.92388 0
    outer loop
      vertex 3.75 -6.49519 5.5
      vertex 1.94114 -7.24444 7
      vertex 3.75 -6.49519 7
    endloop
  endfacet
  facet normal -0.382682 0.92388 0
    outer loop
      vertex 1.94114 -7.24444 7
      vertex 3.75 -6.49519 5.5
      vertex 1.94114 -7.24444 5.5
    endloop
  endfacet
  facet normal 0.92388 -0.382682 0
    outer loop
      vertex -7.24444 1.94114 7
      vertex -6.49519 3.75 5.5
      vertex -6.49519 3.75 7
    endloop
  endfacet
  facet normal 0.92388 -0.382682 0
    outer loop
      vertex -6.49519 3.75 5.5
      vertex -7.24444 1.94114 7
      vertex -7.24444 1.94114 5.5
    endloop
  endfacet
  facet normal -0.608762 -0.793353 0
    outer loop
      vertex 3.75 6.49519 5.5
      vertex 5.3033 5.3033 7
      vertex 3.75 6.49519 7
    endloop
  endfacet
  facet normal -0.608762 -0.793353 -0
    outer loop
      vertex 5.3033 5.3033 7
      vertex 3.75 6.49519 5.5
      vertex 5.3033 5.3033 5.5
    endloop
  endfacet
  facet normal -0.130528 -0.991445 0
    outer loop
      vertex 0 7.5 5.5
      vertex 1.94114 7.24444 7
      vertex 0 7.5 7
    endloop
  endfacet
  facet normal -0.130528 -0.991445 -0
    outer loop
      vertex 1.94114 7.24444 7
      vertex 0 7.5 5.5
      vertex 1.94114 7.24444 5.5
    endloop
  endfacet
  facet normal 0.382682 0.92388 -0
    outer loop
      vertex -1.94114 -7.24444 5.5
      vertex -3.75 -6.49519 7
      vertex -1.94114 -7.24444 7
    endloop
  endfacet
  facet normal 0.382682 0.92388 0
    outer loop
      vertex -3.75 -6.49519 7
      vertex -1.94114 -7.24444 5.5
      vertex -3.75 -6.49519 5.5
    endloop
  endfacet
  facet normal -0.130528 0.991445 0
    outer loop
      vertex 1.94114 -7.24444 5.5
      vertex 0 -7.5 7
      vertex 1.94114 -7.24444 7
    endloop
  endfacet
  facet normal -0.130528 0.991445 0
    outer loop
      vertex 0 -7.5 7
      vertex 1.94114 -7.24444 5.5
      vertex 0 -7.5 5.5
    endloop
  endfacet
  facet normal 0 0 -1
    outer loop
      vertex 7.24444 -1.94114 7
      vertex 7.24444 1.94114 7
      vertex 7.5 0 7
    endloop
  endfacet
  facet normal 0 0 -1
    outer loop
      vertex 6.49519 -3.75 7
      vertex 7.24444 1.94114 7
      vertex 7.24444 -1.94114 7
    endloop
  endfacet
  facet normal 0 0 -1
    outer loop
      vertex 6.49519 -3.75 7
      vertex 6.49519 3.75 7
      vertex 7.24444 1.94114 7
    endloop
  endfacet
  facet normal 0 0 -1
    outer loop
      vertex 5.3033 -5.3033 7
      vertex 6.49519 3.75 7
      vertex 6.49519 -3.75 7
    endloop
  endfacet
  facet normal 0 0 -1
    outer loop
      vertex 5.3033 -5.3033 7
      vertex 5.3033 5.3033 7
      vertex 6.49519 3.75 7
    endloop
  endfacet
  facet normal 0 0 -1
    outer loop
      vertex 3.75 -6.49519 7
      vertex 5.3033 5.3033 7
      vertex 5.3033 -5.3033 7
    endloop
  endfacet
  facet normal 0 0 -1
    outer loop
      vertex 3.75 -6.49519 7
      vertex 3.75 6.49519 7
      vertex 5.3033 5.3033 7
    endloop
  endfacet
  facet normal 0 0 -1
    outer loop
      vertex 1.94114 -7.24444 7
      vertex 3.75 6.49519 7
      vertex 3.75 -6.49519 7
    endloop
  endfacet
  facet normal 0 0 -1
    outer loop
      vertex 1.94114 -7.24444 7
      vertex 1.94114 7.24444 7
      vertex 3.75 6.49519 7
    endloop
  endfacet
  facet normal 0 0 -1
    outer loop
      vertex 0 -7.5 7
      vertex 1.94114 7.24444 7
      vertex 1.94114 -7.24444 7
    endloop
  endfacet
  facet normal 0 0 -1
    outer loop
      vertex 0 -7.5 7
      vertex 0 7.5 7
      vertex 1.94114 7.24444 7
    endloop
  endfacet
  facet normal 0 0 -1
    outer loop
      vertex -1.94114 -7.24444 7
      vertex 0 7.5 7
      vertex 0 -7.5 7
    endloop
  endfacet
  facet normal 0 0 -1
    outer loop
      vertex -1.94114 -7.24444 7
      vertex -1.94114 7.24444 7
      vertex 0 7.5 7
    endloop
  endfacet
  facet normal 0 0 -1
    outer loop
      vertex -3.75 -6.49519 7
      vertex -1.94114 7.24444 7
      vertex -1.94114 -7.24444 7
    endloop
  endfacet
  facet normal 0 0 -1
    outer loop
      vertex -3.75 -6.49519 7
      vertex -3.75 6.49519 7
      vertex -1.94114 7.24444 7
    endloop
  endfacet
  facet normal 0 0 -1
    outer loop
      vertex -5.3033 -5.3033 7
      vertex -3.75 6.49519 7
      vertex -3.75 -6.49519 7
    endloop
  endfacet
  facet normal 0 0 -1
    outer loop
      vertex -5.3033 -5.3033 7
      vertex -5.3033 5.3033 7
      vertex -3.75 6.49519 7
    endloop
  endfacet
  facet normal 0 0 -1
    outer loop
      vertex -6.49519 -3.75 7
      vertex -5.3033 5.3033 7
      vertex -5.3033 -5.3033 7
    endloop
  endfacet
  facet normal 0 0 -1
    outer loop
      vertex -6.49519 -3.75 7
      vertex -6.49519 3.75 7
      vertex -5.3033 5.3033 7
    endloop
  endfacet
  facet normal 0 0 -1
    outer loop
      vertex -7.24444 -1.94114 7
      vertex -6.49519 3.75 7
      vertex -6.49519 -3.75 7
    endloop
  endfacet
  facet normal 0 0 -1
    outer loop
      vertex -7.24444 -1.94114 7
      vertex -7.24444 1.94114 7
      vertex -6.49519 3.75 7
    endloop
  endfacet
  facet normal 0 -0 -1
    outer loop
      vertex -7.24444 1.94114 7
      vertex -7.24444 -1.94114 7
      vertex -7.5 0 7
    endloop
  endfacet
  facet normal -0.793353 0.608762 0
    outer loop
      vertex 5.3033 -5.3033 5.5
      vertex 6.49519 -3.75 7
      vertex 6.49519 -3.75 5.5
    endloop
  endfacet
  facet normal -0.793353 0.608762 0
    outer loop
      vertex 6.49519 -3.75 7
      vertex 5.3033 -5.3033 5.5
      vertex 5.3033 -5.3033 7
    endloop
  endfacet
  facet normal -0.608762 0.793353 0
    outer loop
      vertex 5.3033 -5.3033 5.5
      vertex 3.75 -6.49519 7
      vertex 5.3033 -5.3033 7
    endloop
  endfacet
  facet normal -0.608762 0.793353 0
    outer loop
      vertex 3.75 -6.49519 7
      vertex 5.3033 -5.3033 5.5
      vertex 3.75 -6.49519 5.5
    endloop
  endfacet
  facet normal 0.793353 0.608762 0
    outer loop
      vertex -5.3033 -5.3033 7
      vertex -6.49519 -3.75 5.5
      vertex -6.49519 -3.75 7
    endloop
  endfacet
  facet normal 0.793353 0.608762 0
    outer loop
      vertex -6.49519 -3.75 5.5
      vertex -5.3033 -5.3033 7
      vertex -5.3033 -5.3033 5.5
    endloop
  endfacet
  facet normal -0.991445 0.130528 0
    outer loop
      vertex 7.24444 -1.94114 5.5
      vertex 7.5 0 7
      vertex 7.5 0 5.5
    endloop
  endfacet
  facet normal -0.991445 0.130528 0
    outer loop
      vertex 7.5 0 7
      vertex 7.24444 -1.94114 5.5
      vertex 7.24444 -1.94114 7
    endloop
  endfacet
  facet normal 0.991445 -0.130528 0
    outer loop
      vertex -7.5 0 7
      vertex -7.24444 1.94114 5.5
      vertex -7.24444 1.94114 7
    endloop
  endfacet
  facet normal 0.991445 -0.130528 0
    outer loop
      vertex -7.24444 1.94114 5.5
      vertex -7.5 0 7
      vertex -7.5 0 5.5
    endloop
  endfacet
  facet normal 0.130528 -0.991445 0
    outer loop
      vertex -1.94114 7.24444 5.5
      vertex 0 7.5 7
      vertex -1.94114 7.24444 7
    endloop
  endfacet
  facet normal 0.130528 -0.991445 0
    outer loop
      vertex 0 7.5 7
      vertex -1.94114 7.24444 5.5
      vertex 0 7.5 5.5
    endloop
  endfacet
  facet normal -0.92388 0.382682 0
    outer loop
      vertex 6.49519 -3.75 5.5
      vertex 7.24444 -1.94114 7
      vertex 7.24444 -1.94114 5.5
    endloop
  endfacet
  facet normal -0.92388 0.382682 0
    outer loop
      vertex 7.24444 -1.94114 7
      vertex 6.49519 -3.75 5.5
      vertex 6.49519 -3.75 7
    endloop
  endfacet
  facet normal 0.382682 -0.92388 0
    outer loop
      vertex -3.75 6.49519 5.5
      vertex -1.94114 7.24444 7
      vertex -3.75 6.49519 7
    endloop
  endfacet
  facet normal 0.382682 -0.92388 0
    outer loop
      vertex -1.94114 7.24444 7
      vertex -3.75 6.49519 5.5
      vertex -1.94114 7.24444 5.5
    endloop
  endfacet
  facet normal -0.382682 -0.92388 0
    outer loop
      vertex 1.94114 7.24444 5.5
      vertex 3.75 6.49519 7
      vertex 1.94114 7.24444 7
    endloop
  endfacet
  facet normal -0.382682 -0.92388 -0
    outer loop
      vertex 3.75 6.49519 7
      vertex 1.94114 7.24444 5.5
      vertex 3.75 6.49519 5.5
    endloop
  endfacet
  facet normal 0.130528 0.991445 -0
    outer loop
      vertex 0 -7.5 5.5
      vertex -1.94114 -7.24444 7
      vertex 0 -7.5 7
    endloop
  endfacet
  facet normal 0.130528 0.991445 0
    outer loop
      vertex -1.94114 -7.24444 7
      vertex 0 -7.5 5.5
      vertex -1.94114 -7.24444 5.5
    endloop
  endfacet
  facet normal 0.92388 0.382682 0
    outer loop
      vertex -6.49519 -3.75 7
      vertex -7.24444 -1.94114 5.5
      vertex -7.24444 -1.94114 7
    endloop
  endfacet
  facet normal 0.92388 0.382682 0
    outer loop
      vertex -7.24444 -1.94114 5.5
      vertex -6.49519 -3.75 7
      vertex -6.49519 -3.75 5.5
    endloop
  endfacet
  facet normal 0.991445 0.130528 0
    outer loop
      vertex -7.24444 -1.94114 7
      vertex -7.5 0 5.5
      vertex -7.5 0 7
    endloop
  endfacet
  facet normal 0.991445 0.130528 0
    outer loop
      vertex -7.5 0 5.5
      vertex -7.24444 -1.94114 7
      vertex -7.24444 -1.94114 5.5
    endloop
  endfacet
  facet normal 0.608762 0.793353 -0
    outer loop
      vertex -3.75 -6.49519 5.5
      vertex -5.3033 -5.3033 7
      vertex -3.75 -6.49519 7
    endloop
  endfacet
  facet normal 0.608762 0.793353 0
    outer loop
      vertex -5.3033 -5.3033 7
      vertex -3.75 -6.49519 5.5
      vertex -5.3033 -5.3033 5.5
    endloop
  endfacet
  facet normal 0.382676 -0.923883 0
    outer loop
      vertex 16.2322 1.76777 3
      vertex 18 2.5 4
      vertex 16.2322 1.76777 4
    endloop
  endfacet
  facet normal 0.382676 -0.923883 0
    outer loop
      vertex 18 2.5 4
      vertex 16.2322 1.76777 3
      vertex 18 2.5 3
    endloop
  endfacet
  facet normal 0.923886 -0.382668 0
    outer loop
      vertex 15.5 0 4
      vertex 16.2322 1.76777 3
      vertex 16.2322 1.76777 4
    endloop
  endfacet
  facet normal 0.923886 -0.382668 0
    outer loop
      vertex 16.2322 1.76777 3
      vertex 15.5 0 4
      vertex 15.5 0 3
    endloop
  endfacet
  facet normal 0.382676 0.923883 -0
    outer loop
      vertex 18 -2.5 3
      vertex 16.2322 -1.76777 4
      vertex 18 -2.5 4
    endloop
  endfacet
  facet normal 0.382676 0.923883 0
    outer loop
      vertex 16.2322 -1.76777 4
      vertex 18 -2.5 3
      vertex 16.2322 -1.76777 3
    endloop
  endfacet
  facet normal 0.923886 0.382668 0
    outer loop
      vertex 16.2322 -1.76777 4
      vertex 15.5 0 3
      vertex 15.5 0 4
    endloop
  endfacet
  facet normal 0.923886 0.382668 0
    outer loop
      vertex 15.5 0 3
      vertex 16.2322 -1.76777 4
      vertex 16.2322 -1.76777 3
    endloop
  endfacet
  facet normal 0.923883 0.382676 0
    outer loop
      vertex -1.76777 16.2322 4
      vertex -2.5 18 3
      vertex -2.5 18 4
    endloop
  endfacet
  facet normal 0.923883 0.382676 0
    outer loop
      vertex -2.5 18 3
      vertex -1.76777 16.2322 4
      vertex -1.76777 16.2322 3
    endloop
  endfacet
  facet normal 0.382668 0.923886 -0
    outer loop
      vertex 0 15.5 3
      vertex -1.76777 16.2322 4
      vertex 0 15.5 4
    endloop
  endfacet
  facet normal 0.382668 0.923886 0
    outer loop
      vertex -1.76777 16.2322 4
      vertex 0 15.5 3
      vertex -1.76777 16.2322 3
    endloop
  endfacet
  facet normal -0.923883 0.382676 0
    outer loop
      vertex 1.76777 16.2322 3
      vertex 2.5 18 4
      vertex 2.5 18 3
    endloop
  endfacet
  facet normal -0.923883 0.382676 0
    outer loop
      vertex 2.5 18 4
      vertex 1.76777 16.2322 3
      vertex 1.76777 16.2322 4
    endloop
  endfacet
  facet normal -0.382668 0.923886 0
    outer loop
      vertex 1.76777 16.2322 3
      vertex 0 15.5 4
      vertex 1.76777 16.2322 4
    endloop
  endfacet
  facet normal -0.382668 0.923886 0
    outer loop
      vertex 0 15.5 4
      vertex 1.76777 16.2322 3
      vertex 0 15.5 3
    endloop
  endfacet
  facet normal -0.382676 0.923883 0
    outer loop
      vertex -16.2322 -1.76777 3
      vertex -18 -2.5 4
      vertex -16.2322 -1.76777 4
    endloop
  endfacet
  facet normal -0.382676 0.923883 0
    outer loop
      vertex -18 -2.5 4
      vertex -16.2322 -1.76777 3
      vertex -18 -2.5 3
    endloop
  endfacet
  facet normal -0.923886 0.382668 0
    outer loop
      vertex -16.2322 -1.76777 3
      vertex -15.5 0 4
      vertex -15.5 0 3
    endloop
  endfacet
  facet normal -0.923886 0.382668 0
    outer loop
      vertex -15.5 0 4
      vertex -16.2322 -1.76777 3
      vertex -16.2322 -1.76777 4
    endloop
  endfacet
  facet normal -0.382676 -0.923883 0
    outer loop
      vertex -18 2.5 3
      vertex -16.2322 1.76777 4
      vertex -18 2.5 4
    endloop
  endfacet
  facet normal -0.382676 -0.923883 -0
    outer loop
      vertex -16.2322 1.76777 4
      vertex -18 2.5 3
      vertex -16.2322 1.76777 3
    endloop
  endfacet
  facet normal -0.923886 -0.382668 0
    outer loop
      vertex -15.5 0 3
      vertex -16.2322 1.76777 4
      vertex -16.2322 1.76777 3
    endloop
  endfacet
  facet normal -0.923886 -0.382668 0
    outer loop
      vertex -16.2322 1.76777 4
      vertex -15.5 0 3
      vertex -15.5 0 4
    endloop
  endfacet
  facet normal -0.923883 -0.382676 0
    outer loop
      vertex 2.5 -18 3
      vertex 1.76777 -16.2322 4
      vertex 1.76777 -16.2322 3
    endloop
  endfacet
  facet normal -0.923883 -0.382676 0
    outer loop
      vertex 1.76777 -16.2322 4
      vertex 2.5 -18 3
      vertex 2.5 -18 4
    endloop
  endfacet
  facet normal -0.382668 -0.923886 0
    outer loop
      vertex 0 -15.5 3
      vertex 1.76777 -16.2322 4
      vertex 0 -15.5 4
    endloop
  endfacet
  facet normal -0.382668 -0.923886 -0
    outer loop
      vertex 1.76777 -16.2322 4
      vertex 0 -15.5 3
      vertex 1.76777 -16.2322 3
    endloop
  endfacet
  facet normal 0.923883 -0.382676 0
    outer loop
      vertex -2.5 -18 4
      vertex -1.76777 -16.2322 3
      vertex -1.76777 -16.2322 4
    endloop
  endfacet
  facet normal 0.923883 -0.382676 0
    outer loop
      vertex -1.76777 -16.2322 3
      vertex -2.5 -18 4
      vertex -2.5 -18 3
    endloop
  endfacet
  facet normal 0.382668 -0.923886 0
    outer loop
      vertex -1.76777 -16.2322 3
      vertex 0 -15.5 4
      vertex -1.76777 -16.2322 4
    endloop
  endfacet
  facet normal 0.382668 -0.923886 0
    outer loop
      vertex 0 -15.5 4
      vertex -1.76777 -16.2322 3
      vertex 0 -15.5 3
    endloop
  endfacet
  facet normal -0.40674 -0.913544 0
    outer loop
      vertex -12.5 -21.6506 3
      vertex -7.72542 -23.7764 5
      vertex -12.5 -21.6506 5
    endloop
  endfacet
  facet normal -0.40674 -0.913544 -0
    outer loop
      vertex -7.72542 -23.7764 5
      vertex -12.5 -21.6506 3
      vertex -7.72542 -23.7764 3
    endloop
  endfacet
  facet normal -0.951054 -0.309026 0
    outer loop
      vertex -22.8386 -10.1684 3
      vertex -24.4537 -5.19779 5
      vertex -24.4537 -5.19779 3
    endloop
  endfacet
  facet normal -0.951054 -0.309026 0
    outer loop
      vertex -24.4537 -5.19779 5
      vertex -22.8386 -10.1684 3
      vertex -22.8386 -10.1684 5
    endloop
  endfacet
  facet normal 0.951054 0.309026 0
    outer loop
      vertex 24.4537 5.19779 5
      vertex 22.8386 10.1684 3
      vertex 22.8386 10.1684 5
    endloop
  endfacet
  facet normal 0.951054 0.309026 0
    outer loop
      vertex 22.8386 10.1684 3
      vertex 24.4537 5.19779 5
      vertex 24.4537 5.19779 3
    endloop
  endfacet
  facet normal 0.994522 0.104527 0
    outer loop
      vertex 25 0 5
      vertex 24.4537 5.19779 3
      vertex 24.4537 5.19779 5
    endloop
  endfacet
  facet normal 0.994522 0.104527 0
    outer loop
      vertex 24.4537 5.19779 3
      vertex 25 0 5
      vertex 25 0 3
    endloop
  endfacet
  facet normal 0.866026 0.5 0
    outer loop
      vertex 22.8386 10.1684 5
      vertex 20.2254 14.6946 3
      vertex 20.2254 14.6946 5
    endloop
  endfacet
  facet normal 0.866026 0.5 0
    outer loop
      vertex 20.2254 14.6946 3
      vertex 22.8386 10.1684 5
      vertex 22.8386 10.1684 3
    endloop
  endfacet
  facet normal 0.58778 -0.809021 0
    outer loop
      vertex 12.5 -21.6506 3
      vertex 16.7283 -18.5786 5
      vertex 12.5 -21.6506 5
    endloop
  endfacet
  facet normal 0.58778 -0.809021 0
    outer loop
      vertex 16.7283 -18.5786 5
      vertex 12.5 -21.6506 3
      vertex 16.7283 -18.5786 3
    endloop
  endfacet
  facet normal 0.40674 0.913544 -0
    outer loop
      vertex 12.5 21.6506 3
      vertex 7.72542 23.7764 5
      vertex 12.5 21.6506 5
    endloop
  endfacet
  facet normal 0.40674 0.913544 0
    outer loop
      vertex 7.72542 23.7764 5
      vertex 12.5 21.6506 3
      vertex 7.72542 23.7764 3
    endloop
  endfacet
  facet normal 0.994522 -0.104527 0
    outer loop
      vertex 24.4537 -5.19779 5
      vertex 25 0 3
      vertex 25 0 5
    endloop
  endfacet
  facet normal 0.994522 -0.104527 0
    outer loop
      vertex 25 0 3
      vertex 24.4537 -5.19779 5
      vertex 24.4537 -5.19779 3
    endloop
  endfacet
  facet normal 0.743151 0.669123 0
    outer loop
      vertex 20.2254 14.6946 5
      vertex 16.7283 18.5786 3
      vertex 16.7283 18.5786 5
    endloop
  endfacet
  facet normal 0.743151 0.669123 0
    outer loop
      vertex 16.7283 18.5786 3
      vertex 20.2254 14.6946 5
      vertex 20.2254 14.6946 3
    endloop
  endfacet
  facet normal -0.866026 0.5 0
    outer loop
      vertex -22.8386 10.1684 3
      vertex -20.2254 14.6946 5
      vertex -20.2254 14.6946 3
    endloop
  endfacet
  facet normal -0.866026 0.5 0
    outer loop
      vertex -20.2254 14.6946 5
      vertex -22.8386 10.1684 3
      vertex -22.8386 10.1684 5
    endloop
  endfacet
  facet normal 0.743151 -0.669123 0
    outer loop
      vertex 16.7283 -18.5786 5
      vertex 20.2254 -14.6946 3
      vertex 20.2254 -14.6946 5
    endloop
  endfacet
  facet normal 0.743151 -0.669123 0
    outer loop
      vertex 20.2254 -14.6946 3
      vertex 16.7283 -18.5786 5
      vertex 16.7283 -18.5786 3
    endloop
  endfacet
  facet normal -0.743151 0.669123 0
    outer loop
      vertex -20.2254 14.6946 3
      vertex -16.7283 18.5786 5
      vertex -16.7283 18.5786 3
    endloop
  endfacet
  facet normal -0.743151 0.669123 0
    outer loop
      vertex -16.7283 18.5786 5
      vertex -20.2254 14.6946 3
      vertex -20.2254 14.6946 5
    endloop
  endfacet
  facet normal 0.866026 -0.5 0
    outer loop
      vertex 20.2254 -14.6946 5
      vertex 22.8386 -10.1684 3
      vertex 22.8386 -10.1684 5
    endloop
  endfacet
  facet normal 0.866026 -0.5 0
    outer loop
      vertex 22.8386 -10.1684 3
      vertex 20.2254 -14.6946 5
      vertex 20.2254 -14.6946 3
    endloop
  endfacet
  facet normal -0.58778 0.809021 0
    outer loop
      vertex -12.5 21.6506 3
      vertex -16.7283 18.5786 5
      vertex -12.5 21.6506 5
    endloop
  endfacet
  facet normal -0.58778 0.809021 0
    outer loop
      vertex -16.7283 18.5786 5
      vertex -12.5 21.6506 3
      vertex -16.7283 18.5786 3
    endloop
  endfacet
  facet normal 0 0 1
    outer loop
      vertex -16.7283 -18.5786 5
      vertex -1.76777 -16.2322 5
      vertex -16.2322 -1.76777 5
    endloop
  endfacet
  facet normal 0 0 1
    outer loop
      vertex -1.76777 -16.2322 5
      vertex -16.7283 -18.5786 5
      vertex -12.5 -21.6506 5
    endloop
  endfacet
  facet normal 0 0 1
    outer loop
      vertex -20.2254 -14.6946 5
      vertex -16.2322 -1.76777 5
      vertex -18 -2.5 5
    endloop
  endfacet
  facet normal 0 0 1
    outer loop
      vertex -24.4537 -5.19779 5
      vertex -18 -2.5 5
      vertex -19.7678 -1.76777 5
    endloop
  endfacet
  facet normal 0 0 1
    outer loop
      vertex -16.2322 -1.76777 5
      vertex -20.2254 -14.6946 5
      vertex -16.7283 -18.5786 5
    endloop
  endfacet
  facet normal -0 0 1
    outer loop
      vertex -25 0 5
      vertex -19.7678 -1.76777 5
      vertex -20.5 0 5
    endloop
  endfacet
  facet normal 0 0 1
    outer loop
      vertex -25 0 5
      vertex -19.7678 1.76777 5
      vertex -24.4537 5.19779 5
    endloop
  endfacet
  facet normal 0 0 1
    outer loop
      vertex -18 -2.5 5
      vertex -22.8386 -10.1684 5
      vertex -20.2254 -14.6946 5
    endloop
  endfacet
  facet normal 0 0 1
    outer loop
      vertex -19.7678 1.76777 5
      vertex -25 0 5
      vertex -20.5 0 5
    endloop
  endfacet
  facet normal 0 0 1
    outer loop
      vertex -18 -2.5 5
      vertex -24.4537 -5.19779 5
      vertex -22.8386 -10.1684 5
    endloop
  endfacet
  facet normal 0 0 1
    outer loop
      vertex -19.7678 -1.76777 5
      vertex -25 0 5
      vertex -24.4537 -5.19779 5
    endloop
  endfacet
  facet normal -0 0 1
    outer loop
      vertex 0 15.5 5
      vertex 15.5 0 5
      vertex 1.76777 16.2322 5
    endloop
  endfacet
  facet normal 0 0 1
    outer loop
      vertex 15.5 0 5
      vertex 1.76777 -16.2322 5
      vertex 2.5 -18 5
    endloop
  endfacet
  facet normal 0 0 1
    outer loop
      vertex 0 -15.5 5
      vertex 15.5 0 5
      vertex 0 15.5 5
    endloop
  endfacet
  facet normal 0 0 1
    outer loop
      vertex 15.5 0 5
      vertex 0 -15.5 5
      vertex 1.76777 -16.2322 5
    endloop
  endfacet
  facet normal 0 0 1
    outer loop
      vertex -15.5 0 5
      vertex 0 15.5 5
      vertex -1.76777 16.2322 5
    endloop
  endfacet
  facet normal 0 0 1
    outer loop
      vertex 0 15.5 5
      vertex -15.5 0 5
      vertex 0 -15.5 5
    endloop
  endfacet
  facet normal 0 0 1
    outer loop
      vertex -15.5 0 5
      vertex -1.76777 16.2322 5
      vertex -2.5 18 5
    endloop
  endfacet
  facet normal 0 0 1
    outer loop
      vertex 0 -15.5 5
      vertex -15.5 0 5
      vertex -1.76777 -16.2322 5
    endloop
  endfacet
  facet normal -0 0 1
    outer loop
      vertex 1.76777 -19.7678 5
      vertex 7.72542 -23.7764 5
      vertex 2.5 -18 5
    endloop
  endfacet
  facet normal 0 0 1
    outer loop
      vertex 7.72542 -23.7764 5
      vertex 1.76777 -19.7678 5
      vertex 2.61321 -24.863 5
    endloop
  endfacet
  facet normal -0 0 1
    outer loop
      vertex 0 -20.5 5
      vertex 2.61321 -24.863 5
      vertex 1.76777 -19.7678 5
    endloop
  endfacet
  facet normal 0 0 1
    outer loop
      vertex -2.61321 -24.863 5
      vertex 0 -20.5 5
      vertex -1.76777 -19.7678 5
    endloop
  endfacet
  facet normal 0 0 1
    outer loop
      vertex 0 -20.5 5
      vertex -2.61321 -24.863 5
      vertex 2.61321 -24.863 5
    endloop
  endfacet
  facet normal 0 0 1
    outer loop
      vertex -7.72542 -23.7764 5
      vertex -1.76777 -19.7678 5
      vertex -2.5 -18 5
    endloop
  endfacet
  facet normal -0 0 1
    outer loop
      vertex -16.2322 -1.76777 5
      vertex -1.76777 -16.2322 5
      vertex -15.5 0 5
    endloop
  endfacet
  facet normal 0 0 1
    outer loop
      vertex -16.2322 1.76777 5
      vertex -2.61321 24.863 5
      vertex -7.72542 23.7764 5
    endloop
  endfacet
  facet normal 0 0 1
    outer loop
      vertex -1.76777 -16.2322 5
      vertex -12.5 -21.6506 5
      vertex -2.5 -18 5
    endloop
  endfacet
  facet normal 0 0 1
    outer loop
      vertex -16.2322 1.76777 5
      vertex -7.72542 23.7764 5
      vertex -12.5 21.6506 5
    endloop
  endfacet
  facet normal 0 0 1
    outer loop
      vertex -1.76777 -19.7678 5
      vertex -7.72542 -23.7764 5
      vertex -2.61321 -24.863 5
    endloop
  endfacet
  facet normal 0 0 1
    outer loop
      vertex -2.5 -18 5
      vertex -12.5 -21.6506 5
      vertex -7.72542 -23.7764 5
    endloop
  endfacet
  facet normal 0 0 1
    outer loop
      vertex -2.61321 24.863 5
      vertex -16.2322 1.76777 5
      vertex -15.5 0 5
    endloop
  endfacet
  facet normal -0 0 1
    outer loop
      vertex -16.7283 18.5786 5
      vertex -16.2322 1.76777 5
      vertex -12.5 21.6506 5
    endloop
  endfacet
  facet normal -0 0 1
    outer loop
      vertex -20.2254 14.6946 5
      vertex -16.2322 1.76777 5
      vertex -16.7283 18.5786 5
    endloop
  endfacet
  facet normal 0 0 1
    outer loop
      vertex -16.2322 1.76777 5
      vertex -20.2254 14.6946 5
      vertex -18 2.5 5
    endloop
  endfacet
  facet normal -0 0 1
    outer loop
      vertex -22.8386 10.1684 5
      vertex -18 2.5 5
      vertex -20.2254 14.6946 5
    endloop
  endfacet
  facet normal -0 0 1
    outer loop
      vertex -24.4537 5.19779 5
      vertex -18 2.5 5
      vertex -22.8386 10.1684 5
    endloop
  endfacet
  facet normal 0 0 1
    outer loop
      vertex -18 2.5 5
      vertex -24.4537 5.19779 5
      vertex -19.7678 1.76777 5
    endloop
  endfacet
  facet normal -0 0 1
    outer loop
      vertex 19.7678 1.76777 5
      vertex 25 0 5
      vertex 24.4537 5.19779 5
    endloop
  endfacet
  facet normal 0 0 1
    outer loop
      vertex 18 2.5 5
      vertex 24.4537 5.19779 5
      vertex 22.8386 10.1684 5
    endloop
  endfacet
  facet normal 0 0 1
    outer loop
      vertex 19.7678 -1.76777 5
      vertex 25 0 5
      vertex 20.5 0 5
    endloop
  endfacet
  facet normal 0 0 1
    outer loop
      vertex 25 0 5
      vertex 19.7678 -1.76777 5
      vertex 24.4537 -5.19779 5
    endloop
  endfacet
  facet normal 0 0 1
    outer loop
      vertex 18 2.5 5
      vertex 22.8386 10.1684 5
      vertex 20.2254 14.6946 5
    endloop
  endfacet
  facet normal 0 0 1
    outer loop
      vertex 25 0 5
      vertex 19.7678 1.76777 5
      vertex 20.5 0 5
    endloop
  endfacet
  facet normal 0 0 1
    outer loop
      vertex 24.4537 5.19779 5
      vertex 18 2.5 5
      vertex 19.7678 1.76777 5
    endloop
  endfacet
  facet normal 0 0 1
    outer loop
      vertex 16.2322 1.76777 5
      vertex 20.2254 14.6946 5
      vertex 16.7283 18.5786 5
    endloop
  endfacet
  facet normal 0 0 1
    outer loop
      vertex 20.2254 14.6946 5
      vertex 16.2322 1.76777 5
      vertex 18 2.5 5
    endloop
  endfacet
  facet normal 0 0 1
    outer loop
      vertex 12.5 21.6506 5
      vertex 1.76777 16.2322 5
      vertex 16.7283 18.5786 5
    endloop
  endfacet
  facet normal 0 0 1
    outer loop
      vertex 1.76777 16.2322 5
      vertex 12.5 21.6506 5
      vertex 2.5 18 5
    endloop
  endfacet
  facet normal -0 0 1
    outer loop
      vertex 18 -2.5 5
      vertex 24.4537 -5.19779 5
      vertex 19.7678 -1.76777 5
    endloop
  endfacet
  facet normal 0 0 1
    outer loop
      vertex 24.4537 -5.19779 5
      vertex 18 -2.5 5
      vertex 22.8386 -10.1684 5
    endloop
  endfacet
  facet normal 0 0 1
    outer loop
      vertex 22.8386 -10.1684 5
      vertex 18 -2.5 5
      vertex 20.2254 -14.6946 5
    endloop
  endfacet
  facet normal 0 0 1
    outer loop
      vertex 16.2322 -1.76777 5
      vertex 20.2254 -14.6946 5
      vertex 18 -2.5 5
    endloop
  endfacet
  facet normal 0 0 1
    outer loop
      vertex 20.2254 -14.6946 5
      vertex 16.2322 -1.76777 5
      vertex 16.7283 -18.5786 5
    endloop
  endfacet
  facet normal 0 0 1
    outer loop
      vertex 2.5 -18 5
      vertex 16.2322 -1.76777 5
      vertex 15.5 0 5
    endloop
  endfacet
  facet normal 0 0 1
    outer loop
      vertex 16.7283 18.5786 5
      vertex 1.76777 16.2322 5
      vertex 16.2322 1.76777 5
    endloop
  endfacet
  facet normal 0 0 1
    outer loop
      vertex 16.2322 1.76777 5
      vertex 1.76777 16.2322 5
      vertex 15.5 0 5
    endloop
  endfacet
  facet normal 0 0 1
    outer loop
      vertex 2.5 18 5
      vertex 12.5 21.6506 5
      vertex 7.72542 23.7764 5
    endloop
  endfacet
  facet normal -0 0 1
    outer loop
      vertex 2.5 -18 5
      vertex 16.7283 -18.5786 5
      vertex 16.2322 -1.76777 5
    endloop
  endfacet
  facet normal 0 0 1
    outer loop
      vertex 1.76777 19.7678 5
      vertex 7.72542 23.7764 5
      vertex 2.61321 24.863 5
    endloop
  endfacet
  facet normal 0 0 1
    outer loop
      vertex 16.7283 -18.5786 5
      vertex 2.5 -18 5
      vertex 12.5 -21.6506 5
    endloop
  endfacet
  facet normal 0 0 1
    outer loop
      vertex 12.5 -21.6506 5
      vertex 2.5 -18 5
      vertex 7.72542 -23.7764 5
    endloop
  endfacet
  facet normal 0 0 1
    outer loop
      vertex 7.72542 23.7764 5
      vertex 1.76777 19.7678 5
      vertex 2.5 18 5
    endloop
  endfacet
  facet normal 0 0 1
    outer loop
      vertex 2.61321 24.863 5
      vertex 0 20.5 5
      vertex 1.76777 19.7678 5
    endloop
  endfacet
  facet normal -0 0 1
    outer loop
      vertex -2.61321 24.863 5
      vertex 0 20.5 5
      vertex 2.61321 24.863 5
    endloop
  endfacet
  facet normal 0 0 1
    outer loop
      vertex -15.5 0 5
      vertex -2.5 18 5
      vertex -2.61321 24.863 5
    endloop
  endfacet
  facet normal 0 0 1
    outer loop
      vertex -1.76777 19.7678 5
      vertex -2.61321 24.863 5
      vertex -2.5 18 5
    endloop
  endfacet
  facet normal 0 0 1
    outer loop
      vertex 0 20.5 5
      vertex -2.61321 24.863 5
      vertex -1.76777 19.7678 5
    endloop
  endfacet
  facet normal 0.951054 -0.309026 0
    outer loop
      vertex 22.8386 -10.1684 5
      vertex 24.4537 -5.19779 3
      vertex 24.4537 -5.19779 5
    endloop
  endfacet
  facet normal 0.951054 -0.309026 0
    outer loop
      vertex 24.4537 -5.19779 3
      vertex 22.8386 -10.1684 5
      vertex 22.8386 -10.1684 3
    endloop
  endfacet
  facet normal 0 1 -0
    outer loop
      vertex 2.61321 24.863 3
      vertex -2.61321 24.863 5
      vertex 2.61321 24.863 5
    endloop
  endfacet
  facet normal 0 1 0
    outer loop
      vertex -2.61321 24.863 5
      vertex 2.61321 24.863 3
      vertex -2.61321 24.863 3
    endloop
  endfacet
  facet normal -0.58778 -0.809021 0
    outer loop
      vertex -16.7283 -18.5786 3
      vertex -12.5 -21.6506 5
      vertex -16.7283 -18.5786 5
    endloop
  endfacet
  facet normal -0.58778 -0.809021 -0
    outer loop
      vertex -12.5 -21.6506 5
      vertex -16.7283 -18.5786 3
      vertex -12.5 -21.6506 3
    endloop
  endfacet
  facet normal -0.866026 -0.5 0
    outer loop
      vertex -20.2254 -14.6946 3
      vertex -22.8386 -10.1684 5
      vertex -22.8386 -10.1684 3
    endloop
  endfacet
  facet normal -0.866026 -0.5 0
    outer loop
      vertex -22.8386 -10.1684 5
      vertex -20.2254 -14.6946 3
      vertex -20.2254 -14.6946 5
    endloop
  endfacet
  facet normal 0 0 -1
    outer loop
      vertex -20.2254 14.6946 3
      vertex -5.3033 5.3033 3
      vertex -16.2322 1.76777 3
    endloop
  endfacet
  facet normal 0 0 -1
    outer loop
      vertex -5.3033 5.3033 3
      vertex -16.7283 18.5786 3
      vertex -12.5 21.6506 3
    endloop
  endfacet
  facet normal 0 0 -1
    outer loop
      vertex -20.2254 14.6946 3
      vertex -16.2322 1.76777 3
      vertex -18 2.5 3
    endloop
  endfacet
  facet normal 0 0 -1
    outer loop
      vertex -24.4537 5.19779 3
      vertex -18 2.5 3
      vertex -19.7678 1.76777 3
    endloop
  endfacet
  facet normal 0 0 -1
    outer loop
      vertex -5.3033 5.3033 3
      vertex -20.2254 14.6946 3
      vertex -16.7283 18.5786 3
    endloop
  endfacet
  facet normal 0 0 -1
    outer loop
      vertex -25 0 3
      vertex -19.7678 1.76777 3
      vertex -20.5 0 3
    endloop
  endfacet
  facet normal 0 0 -1
    outer loop
      vertex -25 0 3
      vertex -19.7678 -1.76777 3
      vertex -24.4537 -5.19779 3
    endloop
  endfacet
  facet normal 0 0 -1
    outer loop
      vertex -18 2.5 3
      vertex -22.8386 10.1684 3
      vertex -20.2254 14.6946 3
    endloop
  endfacet
  facet normal 0 0 -1
    outer loop
      vertex -19.7678 -1.76777 3
      vertex -25 0 3
      vertex -20.5 0 3
    endloop
  endfacet
  facet normal 0 0 -1
    outer loop
      vertex -18 2.5 3
      vertex -24.4537 5.19779 3
      vertex -22.8386 10.1684 3
    endloop
  endfacet
  facet normal -0 0 -1
    outer loop
      vertex -19.7678 1.76777 3
      vertex -25 0 3
      vertex -24.4537 5.19779 3
    endloop
  endfacet
  facet normal 0 0 -1
    outer loop
      vertex 7.72542 -23.7764 3
      vertex 1.76777 -19.7678 3
      vertex 2.5 -18 3
    endloop
  endfacet
  facet normal 0 0 -1
    outer loop
      vertex 2.61321 -24.863 3
      vertex 0 -20.5 3
      vertex 1.76777 -19.7678 3
    endloop
  endfacet
  facet normal 0 0 -1
    outer loop
      vertex -2.61321 -24.863 3
      vertex 0 -20.5 3
      vertex 2.61321 -24.863 3
    endloop
  endfacet
  facet normal 0 0 -1
    outer loop
      vertex -7.72542 -23.7764 3
      vertex -1.76777 -19.7678 3
      vertex -2.61321 -24.863 3
    endloop
  endfacet
  facet normal -0 0 -1
    outer loop
      vertex 0 -20.5 3
      vertex -2.61321 -24.863 3
      vertex -1.76777 -19.7678 3
    endloop
  endfacet
  facet normal -0 0 -1
    outer loop
      vertex 20.2254 14.6946 3
      vertex 5.3033 5.3033 3
      vertex 16.7283 18.5786 3
    endloop
  endfacet
  facet normal 0 0 -1
    outer loop
      vertex 1.76777 16.2322 3
      vertex 16.7283 18.5786 3
      vertex 5.3033 5.3033 3
    endloop
  endfacet
  facet normal -0 0 -1
    outer loop
      vertex 16.7283 18.5786 3
      vertex 1.76777 16.2322 3
      vertex 12.5 21.6506 3
    endloop
  endfacet
  facet normal 0 0 -1
    outer loop
      vertex 1.76777 16.2322 3
      vertex 5.3033 5.3033 3
      vertex 3.75 6.49519 3
    endloop
  endfacet
  facet normal -0 0 -1
    outer loop
      vertex 12.5 21.6506 3
      vertex 2.5 18 3
      vertex 7.72542 23.7764 3
    endloop
  endfacet
  facet normal 0 0 -1
    outer loop
      vertex 1.76777 19.7678 3
      vertex 7.72542 23.7764 3
      vertex 2.5 18 3
    endloop
  endfacet
  facet normal 0 0 -1
    outer loop
      vertex 1.76777 16.2322 3
      vertex 3.75 6.49519 3
      vertex 1.94114 7.24444 3
    endloop
  endfacet
  facet normal 0 0 -1
    outer loop
      vertex 12.5 21.6506 3
      vertex 1.76777 16.2322 3
      vertex 2.5 18 3
    endloop
  endfacet
  facet normal 0 0 -1
    outer loop
      vertex 0 15.5 3
      vertex 1.94114 7.24444 3
      vertex 0 7.5 3
    endloop
  endfacet
  facet normal 0 0 -1
    outer loop
      vertex 1.94114 7.24444 3
      vertex 0 15.5 3
      vertex 1.76777 16.2322 3
    endloop
  endfacet
  facet normal 0 0 -1
    outer loop
      vertex -1.94114 7.24444 3
      vertex 0 15.5 3
      vertex 0 7.5 3
    endloop
  endfacet
  facet normal -0 0 -1
    outer loop
      vertex 0 15.5 3
      vertex -1.94114 7.24444 3
      vertex -1.76777 16.2322 3
    endloop
  endfacet
  facet normal 0 0 -1
    outer loop
      vertex -3.75 6.49519 3
      vertex -1.76777 16.2322 3
      vertex -1.94114 7.24444 3
    endloop
  endfacet
  facet normal 0 0 -1
    outer loop
      vertex -5.3033 5.3033 3
      vertex -1.76777 16.2322 3
      vertex -3.75 6.49519 3
    endloop
  endfacet
  facet normal 0 0 -1
    outer loop
      vertex -1.76777 16.2322 3
      vertex -12.5 21.6506 3
      vertex -2.5 18 3
    endloop
  endfacet
  facet normal -0 0 -1
    outer loop
      vertex -1.76777 16.2322 3
      vertex -5.3033 5.3033 3
      vertex -12.5 21.6506 3
    endloop
  endfacet
  facet normal 0 0 -1
    outer loop
      vertex -16.2322 1.76777 3
      vertex -5.3033 5.3033 3
      vertex -6.49519 3.75 3
    endloop
  endfacet
  facet normal 0 0 -1
    outer loop
      vertex -16.2322 1.76777 3
      vertex -7.24444 1.94114 3
      vertex -15.5 0 3
    endloop
  endfacet
  facet normal 0 0 -1
    outer loop
      vertex -2.5 18 3
      vertex -7.72542 23.7764 3
      vertex -2.61321 24.863 3
    endloop
  endfacet
  facet normal 0 0 -1
    outer loop
      vertex -15.5 0 3
      vertex -7.24444 1.94114 3
      vertex -7.5 0 3
    endloop
  endfacet
  facet normal -0 0 -1
    outer loop
      vertex -5.3033 -5.3033 3
      vertex -20.2254 -14.6946 3
      vertex -6.49519 -3.75 3
    endloop
  endfacet
  facet normal 0 -0 -1
    outer loop
      vertex -16.2322 -1.76777 3
      vertex -6.49519 -3.75 3
      vertex -20.2254 -14.6946 3
    endloop
  endfacet
  facet normal -0 0 -1
    outer loop
      vertex -7.24444 1.94114 3
      vertex -16.2322 1.76777 3
      vertex -6.49519 3.75 3
    endloop
  endfacet
  facet normal 0 0 -1
    outer loop
      vertex -2.5 18 3
      vertex -12.5 21.6506 3
      vertex -7.72542 23.7764 3
    endloop
  endfacet
  facet normal 0 0 -1
    outer loop
      vertex -7.24444 -1.94114 3
      vertex -15.5 0 3
      vertex -7.5 0 3
    endloop
  endfacet
  facet normal 0 -0 -1
    outer loop
      vertex -15.5 0 3
      vertex -7.24444 -1.94114 3
      vertex -16.2322 -1.76777 3
    endloop
  endfacet
  facet normal 0 0 -1
    outer loop
      vertex -6.49519 -3.75 3
      vertex -16.2322 -1.76777 3
      vertex -7.24444 -1.94114 3
    endloop
  endfacet
  facet normal 0 0 -1
    outer loop
      vertex -16.2322 -1.76777 3
      vertex -20.2254 -14.6946 3
      vertex -18 -2.5 3
    endloop
  endfacet
  facet normal 0 0 -1
    outer loop
      vertex -22.8386 -10.1684 3
      vertex -18 -2.5 3
      vertex -20.2254 -14.6946 3
    endloop
  endfacet
  facet normal 0 0 -1
    outer loop
      vertex -24.4537 -5.19779 3
      vertex -18 -2.5 3
      vertex -22.8386 -10.1684 3
    endloop
  endfacet
  facet normal -0 0 -1
    outer loop
      vertex -18 -2.5 3
      vertex -24.4537 -5.19779 3
      vertex -19.7678 -1.76777 3
    endloop
  endfacet
  facet normal -0 0 -1
    outer loop
      vertex 7.72542 23.7764 3
      vertex 1.76777 19.7678 3
      vertex 2.61321 24.863 3
    endloop
  endfacet
  facet normal 0 0 -1
    outer loop
      vertex 0 20.5 3
      vertex 2.61321 24.863 3
      vertex 1.76777 19.7678 3
    endloop
  endfacet
  facet normal 0 0 -1
    outer loop
      vertex -2.61321 24.863 3
      vertex 0 20.5 3
      vertex -1.76777 19.7678 3
    endloop
  endfacet
  facet normal 0 0 -1
    outer loop
      vertex 0 20.5 3
      vertex -2.61321 24.863 3
      vertex 2.61321 24.863 3
    endloop
  endfacet
  facet normal 0 0 -1
    outer loop
      vertex -2.61321 24.863 3
      vertex -1.76777 19.7678 3
      vertex -2.5 18 3
    endloop
  endfacet
  facet normal 0 0 -1
    outer loop
      vertex 19.7678 -1.76777 3
      vertex 25 0 3
      vertex 24.4537 -5.19779 3
    endloop
  endfacet
  facet normal 0 0 -1
    outer loop
      vertex 18 -2.5 3
      vertex 24.4537 -5.19779 3
      vertex 22.8386 -10.1684 3
    endloop
  endfacet
  facet normal 0 0 -1
    outer loop
      vertex 19.7678 1.76777 3
      vertex 25 0 3
      vertex 20.5 0 3
    endloop
  endfacet
  facet normal 0 0 -1
    outer loop
      vertex 25 0 3
      vertex 19.7678 1.76777 3
      vertex 24.4537 5.19779 3
    endloop
  endfacet
  facet normal 0 0 -1
    outer loop
      vertex 18 -2.5 3
      vertex 22.8386 -10.1684 3
      vertex 20.2254 -14.6946 3
    endloop
  endfacet
  facet normal -0 0 -1
    outer loop
      vertex 25 0 3
      vertex 19.7678 -1.76777 3
      vertex 20.5 0 3
    endloop
  endfacet
  facet normal 0 0 -1
    outer loop
      vertex 24.4537 -5.19779 3
      vertex 18 -2.5 3
      vertex 19.7678 -1.76777 3
    endloop
  endfacet
  facet normal 0 0 -1
    outer loop
      vertex 5.3033 -5.3033 3
      vertex 20.2254 -14.6946 3
      vertex 16.7283 -18.5786 3
    endloop
  endfacet
  facet normal 0 0 -1
    outer loop
      vertex 20.2254 -14.6946 3
      vertex 16.2322 -1.76777 3
      vertex 18 -2.5 3
    endloop
  endfacet
  facet normal 0 0 -1
    outer loop
      vertex 20.2254 -14.6946 3
      vertex 5.3033 -5.3033 3
      vertex 16.2322 -1.76777 3
    endloop
  endfacet
  facet normal 0 0 -1
    outer loop
      vertex 1.76777 -16.2322 3
      vertex 16.7283 -18.5786 3
      vertex 12.5 -21.6506 3
    endloop
  endfacet
  facet normal 0 0 -1
    outer loop
      vertex 18 2.5 3
      vertex 24.4537 5.19779 3
      vertex 19.7678 1.76777 3
    endloop
  endfacet
  facet normal -0 0 -1
    outer loop
      vertex 24.4537 5.19779 3
      vertex 18 2.5 3
      vertex 22.8386 10.1684 3
    endloop
  endfacet
  facet normal -0 0 -1
    outer loop
      vertex 22.8386 10.1684 3
      vertex 18 2.5 3
      vertex 20.2254 14.6946 3
    endloop
  endfacet
  facet normal 0 0 -1
    outer loop
      vertex 16.2322 1.76777 3
      vertex 20.2254 14.6946 3
      vertex 18 2.5 3
    endloop
  endfacet
  facet normal 0 0 -1
    outer loop
      vertex 6.49519 3.75 3
      vertex 16.2322 1.76777 3
      vertex 7.24444 1.94114 3
    endloop
  endfacet
  facet normal 0 0 -1
    outer loop
      vertex 7.24444 1.94114 3
      vertex 15.5 0 3
      vertex 7.5 0 3
    endloop
  endfacet
  facet normal 0 -0 -1
    outer loop
      vertex 7.24444 -1.94114 3
      vertex 16.2322 -1.76777 3
      vertex 6.49519 -3.75 3
    endloop
  endfacet
  facet normal 0 0 -1
    outer loop
      vertex 15.5 0 3
      vertex 7.24444 1.94114 3
      vertex 16.2322 1.76777 3
    endloop
  endfacet
  facet normal 0 0 -1
    outer loop
      vertex 2.5 -18 3
      vertex 12.5 -21.6506 3
      vertex 7.72542 -23.7764 3
    endloop
  endfacet
  facet normal 0 0 -1
    outer loop
      vertex 16.2322 1.76777 3
      vertex 6.49519 3.75 3
      vertex 20.2254 14.6946 3
    endloop
  endfacet
  facet normal 0 0 -1
    outer loop
      vertex 5.3033 5.3033 3
      vertex 20.2254 14.6946 3
      vertex 6.49519 3.75 3
    endloop
  endfacet
  facet normal -0 0 -1
    outer loop
      vertex 15.5 0 3
      vertex 7.24444 -1.94114 3
      vertex 7.5 0 3
    endloop
  endfacet
  facet normal -0 0 -1
    outer loop
      vertex 16.2322 -1.76777 3
      vertex 7.24444 -1.94114 3
      vertex 15.5 0 3
    endloop
  endfacet
  facet normal 0 0 -1
    outer loop
      vertex 16.2322 -1.76777 3
      vertex 5.3033 -5.3033 3
      vertex 6.49519 -3.75 3
    endloop
  endfacet
  facet normal 0 0 -1
    outer loop
      vertex 1.76777 -16.2322 3
      vertex 12.5 -21.6506 3
      vertex 2.5 -18 3
    endloop
  endfacet
  facet normal 0 0 -1
    outer loop
      vertex 1.76777 -19.7678 3
      vertex 7.72542 -23.7764 3
      vertex 2.61321 -24.863 3
    endloop
  endfacet
  facet normal 0 0 -1
    outer loop
      vertex 16.7283 -18.5786 3
      vertex 1.76777 -16.2322 3
      vertex 5.3033 -5.3033 3
    endloop
  endfacet
  facet normal 0 0 -1
    outer loop
      vertex 5.3033 -5.3033 3
      vertex 1.76777 -16.2322 3
      vertex 3.75 -6.49519 3
    endloop
  endfacet
  facet normal 0 0 -1
    outer loop
      vertex 3.75 -6.49519 3
      vertex 1.76777 -16.2322 3
      vertex 1.94114 -7.24444 3
    endloop
  endfacet
  facet normal 0 0 -1
    outer loop
      vertex 0 -15.5 3
      vertex 1.94114 -7.24444 3
      vertex 1.76777 -16.2322 3
    endloop
  endfacet
  facet normal 0 0 -1
    outer loop
      vertex 0 -15.5 3
      vertex 0 -7.5 3
      vertex 1.94114 -7.24444 3
    endloop
  endfacet
  facet normal 0 0 -1
    outer loop
      vertex -1.94114 -7.24444 3
      vertex 0 -15.5 3
      vertex -1.76777 -16.2322 3
    endloop
  endfacet
  facet normal 0 0 -1
    outer loop
      vertex 0 -15.5 3
      vertex -1.94114 -7.24444 3
      vertex 0 -7.5 3
    endloop
  endfacet
  facet normal 0 0 -1
    outer loop
      vertex -12.5 -21.6506 3
      vertex -1.76777 -16.2322 3
      vertex -2.5 -18 3
    endloop
  endfacet
  facet normal 0 0 -1
    outer loop
      vertex -1.76777 -16.2322 3
      vertex -3.75 -6.49519 3
      vertex -1.94114 -7.24444 3
    endloop
  endfacet
  facet normal -0 0 -1
    outer loop
      vertex -1.76777 -19.7678 3
      vertex -7.72542 -23.7764 3
      vertex -2.5 -18 3
    endloop
  endfacet
  facet normal 0 0 -1
    outer loop
      vertex -12.5 -21.6506 3
      vertex -2.5 -18 3
      vertex -7.72542 -23.7764 3
    endloop
  endfacet
  facet normal 0 0 -1
    outer loop
      vertex -1.76777 -16.2322 3
      vertex -5.3033 -5.3033 3
      vertex -3.75 -6.49519 3
    endloop
  endfacet
  facet normal 0 0 -1
    outer loop
      vertex -16.7283 -18.5786 3
      vertex -1.76777 -16.2322 3
      vertex -12.5 -21.6506 3
    endloop
  endfacet
  facet normal 0 0 -1
    outer loop
      vertex -20.2254 -14.6946 3
      vertex -5.3033 -5.3033 3
      vertex -16.7283 -18.5786 3
    endloop
  endfacet
  facet normal -0 0 -1
    outer loop
      vertex -1.76777 -16.2322 3
      vertex -16.7283 -18.5786 3
      vertex -5.3033 -5.3033 3
    endloop
  endfacet
  facet normal -0.40674 0.913544 0
    outer loop
      vertex -7.72542 23.7764 3
      vertex -12.5 21.6506 5
      vertex -7.72542 23.7764 5
    endloop
  endfacet
  facet normal -0.40674 0.913544 0
    outer loop
      vertex -12.5 21.6506 5
      vertex -7.72542 23.7764 3
      vertex -12.5 21.6506 3
    endloop
  endfacet
  facet normal -0.994522 -0.104527 0
    outer loop
      vertex -24.4537 -5.19779 3
      vertex -25 0 5
      vertex -25 0 3
    endloop
  endfacet
  facet normal -0.994522 -0.104527 0
    outer loop
      vertex -25 0 5
      vertex -24.4537 -5.19779 3
      vertex -24.4537 -5.19779 5
    endloop
  endfacet
  facet normal -0.743151 -0.669123 0
    outer loop
      vertex -16.7283 -18.5786 3
      vertex -20.2254 -14.6946 5
      vertex -20.2254 -14.6946 3
    endloop
  endfacet
  facet normal -0.743151 -0.669123 0
    outer loop
      vertex -20.2254 -14.6946 5
      vertex -16.7283 -18.5786 3
      vertex -16.7283 -18.5786 5
    endloop
  endfacet
  facet normal 0.207906 -0.978149 0
    outer loop
      vertex 2.61321 -24.863 3
      vertex 7.72542 -23.7764 5
      vertex 2.61321 -24.863 5
    endloop
  endfacet
  facet normal 0.207906 -0.978149 0
    outer loop
      vertex 7.72542 -23.7764 5
      vertex 2.61321 -24.863 3
      vertex 7.72542 -23.7764 3
    endloop
  endfacet
  facet normal -0.994522 0.104527 0
    outer loop
      vertex -25 0 3
      vertex -24.4537 5.19779 5
      vertex -24.4537 5.19779 3
    endloop
  endfacet
  facet normal -0.994522 0.104527 0
    outer loop
      vertex -24.4537 5.19779 5
      vertex -25 0 3
      vertex -25 0 5
    endloop
  endfacet
  facet normal 0.207906 0.978149 -0
    outer loop
      vertex 7.72542 23.7764 3
      vertex 2.61321 24.863 5
      vertex 7.72542 23.7764 5
    endloop
  endfacet
  facet normal 0.207906 0.978149 0
    outer loop
      vertex 2.61321 24.863 5
      vertex 7.72542 23.7764 3
      vertex 2.61321 24.863 3
    endloop
  endfacet
  facet normal 0.58778 0.809021 -0
    outer loop
      vertex 16.7283 18.5786 3
      vertex 12.5 21.6506 5
      vertex 16.7283 18.5786 5
    endloop
  endfacet
  facet normal 0.58778 0.809021 0
    outer loop
      vertex 12.5 21.6506 5
      vertex 16.7283 18.5786 3
      vertex 12.5 21.6506 3
    endloop
  endfacet
  facet normal -0.207906 0.978149 0
    outer loop
      vertex -2.61321 24.863 3
      vertex -7.72542 23.7764 5
      vertex -2.61321 24.863 5
    endloop
  endfacet
  facet normal -0.207906 0.978149 0
    outer loop
      vertex -7.72542 23.7764 5
      vertex -2.61321 24.863 3
      vertex -7.72542 23.7764 3
    endloop
  endfacet
  facet normal 0.40674 -0.913544 0
    outer loop
      vertex 7.72542 -23.7764 3
      vertex 12.5 -21.6506 5
      vertex 7.72542 -23.7764 5
    endloop
  endfacet
  facet normal 0.40674 -0.913544 0
    outer loop
      vertex 12.5 -21.6506 5
      vertex 7.72542 -23.7764 3
      vertex 12.5 -21.6506 3
    endloop
  endfacet
  facet normal 0 -1 0
    outer loop
      vertex -2.61321 -24.863 3
      vertex 2.61321 -24.863 5
      vertex -2.61321 -24.863 5
    endloop
  endfacet
  facet normal 0 -1 -0
    outer loop
      vertex 2.61321 -24.863 5
      vertex -2.61321 -24.863 3
      vertex 2.61321 -24.863 3
    endloop
  endfacet
  facet normal -0.207906 -0.978149 0
    outer loop
      vertex -7.72542 -23.7764 3
      vertex -2.61321 -24.863 5
      vertex -7.72542 -23.7764 5
    endloop
  endfacet
  facet normal -0.207906 -0.978149 -0
    outer loop
      vertex -2.61321 -24.863 5
      vertex -7.72542 -23.7764 3
      vertex -2.61321 -24.863 3
    endloop
  endfacet
  facet normal -0.951054 0.309026 0
    outer loop
      vertex -24.4537 5.19779 3
      vertex -22.8386 10.1684 5
      vertex -22.8386 10.1684 3
    endloop
  endfacet
  facet normal -0.951054 0.309026 0
    outer loop
      vertex -22.8386 10.1684 5
      vertex -24.4537 5.19779 3
      vertex -24.4537 5.19779 5
    endloop
  endfacet
  facet normal -0.92388 -0.382682 0
    outer loop
      vertex 7.24444 1.94114 3
      vertex 6.49519 3.75 4
      vertex 6.49519 3.75 3
    endloop
  endfacet
  facet normal -0.92388 -0.382682 0
    outer loop
      vertex 6.49519 3.75 4
      vertex 7.24444 1.94114 3
      vertex 7.24444 1.94114 4
    endloop
  endfacet
  facet normal -0.991445 -0.130528 0
    outer loop
      vertex 7.5 0 3
      vertex 7.24444 1.94114 4
      vertex 7.24444 1.94114 3
    endloop
  endfacet
  facet normal -0.991445 -0.130528 0
    outer loop
      vertex 7.24444 1.94114 4
      vertex 7.5 0 3
      vertex 7.5 0 4
    endloop
  endfacet
  facet normal -0.793353 -0.608762 0
    outer loop
      vertex 6.49519 3.75 3
      vertex 5.3033 5.3033 4
      vertex 5.3033 5.3033 3
    endloop
  endfacet
  facet normal -0.793353 -0.608762 0
    outer loop
      vertex 5.3033 5.3033 4
      vertex 6.49519 3.75 3
      vertex 6.49519 3.75 4
    endloop
  endfacet
  facet normal 0.793353 -0.608762 0
    outer loop
      vertex -6.49519 3.75 4
      vertex -5.3033 5.3033 3
      vertex -5.3033 5.3033 4
    endloop
  endfacet
  facet normal 0.793353 -0.608762 0
    outer loop
      vertex -5.3033 5.3033 3
      vertex -6.49519 3.75 4
      vertex -6.49519 3.75 3
    endloop
  endfacet
  facet normal 0.608762 -0.793353 0
    outer loop
      vertex -5.3033 5.3033 3
      vertex -3.75 6.49519 4
      vertex -5.3033 5.3033 4
    endloop
  endfacet
  facet normal 0.608762 -0.793353 0
    outer loop
      vertex -3.75 6.49519 4
      vertex -5.3033 5.3033 3
      vertex -3.75 6.49519 3
    endloop
  endfacet
  facet normal -0.382682 0.92388 0
    outer loop
      vertex 3.75 -6.49519 3
      vertex 1.94114 -7.24444 4
      vertex 3.75 -6.49519 4
    endloop
  endfacet
  facet normal -0.382682 0.92388 0
    outer loop
      vertex 1.94114 -7.24444 4
      vertex 3.75 -6.49519 3
      vertex 1.94114 -7.24444 3
    endloop
  endfacet
  facet normal 0.92388 -0.382682 0
    outer loop
      vertex -7.24444 1.94114 4
      vertex -6.49519 3.75 3
      vertex -6.49519 3.75 4
    endloop
  endfacet
  facet normal 0.92388 -0.382682 0
    outer loop
      vertex -6.49519 3.75 3
      vertex -7.24444 1.94114 4
      vertex -7.24444 1.94114 3
    endloop
  endfacet
  facet normal -0.608762 -0.793353 0
    outer loop
      vertex 3.75 6.49519 3
      vertex 5.3033 5.3033 4
      vertex 3.75 6.49519 4
    endloop
  endfacet
  facet normal -0.608762 -0.793353 -0
    outer loop
      vertex 5.3033 5.3033 4
      vertex 3.75 6.49519 3
      vertex 5.3033 5.3033 3
    endloop
  endfacet
  facet normal -0.130528 -0.991445 0
    outer loop
      vertex 0 7.5 3
      vertex 1.94114 7.24444 4
      vertex 0 7.5 4
    endloop
  endfacet
  facet normal -0.130528 -0.991445 -0
    outer loop
      vertex 1.94114 7.24444 4
      vertex 0 7.5 3
      vertex 1.94114 7.24444 3
    endloop
  endfacet
  facet normal -0.130528 0.991445 0
    outer loop
      vertex 1.94114 -7.24444 3
      vertex 0 -7.5 4
      vertex 1.94114 -7.24444 4
    endloop
  endfacet
  facet normal -0.130528 0.991445 0
    outer loop
      vertex 0 -7.5 4
      vertex 1.94114 -7.24444 3
      vertex 0 -7.5 3
    endloop
  endfacet
  facet normal 0 0 -1
    outer loop
      vertex 7.24444 -1.94114 4
      vertex 7.24444 1.94114 4
      vertex 7.5 0 4
    endloop
  endfacet
  facet normal 0 0 -1
    outer loop
      vertex 6.49519 -3.75 4
      vertex 7.24444 1.94114 4
      vertex 7.24444 -1.94114 4
    endloop
  endfacet
  facet normal 0 0 -1
    outer loop
      vertex 6.49519 -3.75 4
      vertex 6.49519 3.75 4
      vertex 7.24444 1.94114 4
    endloop
  endfacet
  facet normal 0 0 -1
    outer loop
      vertex 5.3033 -5.3033 4
      vertex 6.49519 3.75 4
      vertex 6.49519 -3.75 4
    endloop
  endfacet
  facet normal 0 0 -1
    outer loop
      vertex 5.3033 -5.3033 4
      vertex 5.3033 5.3033 4
      vertex 6.49519 3.75 4
    endloop
  endfacet
  facet normal 0 0 -1
    outer loop
      vertex 3.75 -6.49519 4
      vertex 5.3033 5.3033 4
      vertex 5.3033 -5.3033 4
    endloop
  endfacet
  facet normal 0 0 -1
    outer loop
      vertex 3.75 -6.49519 4
      vertex 3.75 6.49519 4
      vertex 5.3033 5.3033 4
    endloop
  endfacet
  facet normal 0 0 -1
    outer loop
      vertex 1.94114 -7.24444 4
      vertex 3.75 6.49519 4
      vertex 3.75 -6.49519 4
    endloop
  endfacet
  facet normal 0 0 -1
    outer loop
      vertex 1.94114 -7.24444 4
      vertex 1.94114 7.24444 4
      vertex 3.75 6.49519 4
    endloop
  endfacet
  facet normal 0 0 -1
    outer loop
      vertex 0 -7.5 4
      vertex 1.94114 7.24444 4
      vertex 1.94114 -7.24444 4
    endloop
  endfacet
  facet normal 0 0 -1
    outer loop
      vertex 0 -7.5 4
      vertex 0 7.5 4
      vertex 1.94114 7.24444 4
    endloop
  endfacet
  facet normal 0 0 -1
    outer loop
      vertex -1.94114 -7.24444 4
      vertex 0 7.5 4
      vertex 0 -7.5 4
    endloop
  endfacet
  facet normal 0 0 -1
    outer loop
      vertex -1.94114 -7.24444 4
      vertex -1.94114 7.24444 4
      vertex 0 7.5 4
    endloop
  endfacet
  facet normal 0 0 -1
    outer loop
      vertex -3.75 -6.49519 4
      vertex -1.94114 7.24444 4
      vertex -1.94114 -7.24444 4
    endloop
  endfacet
  facet normal 0 0 -1
    outer loop
      vertex -3.75 -6.49519 4
      vertex -3.75 6.49519 4
      vertex -1.94114 7.24444 4
    endloop
  endfacet
  facet normal 0 0 -1
    outer loop
      vertex -5.3033 -5.3033 4
      vertex -3.75 6.49519 4
      vertex -3.75 -6.49519 4
    endloop
  endfacet
  facet normal 0 0 -1
    outer loop
      vertex -5.3033 -5.3033 4
      vertex -5.3033 5.3033 4
      vertex -3.75 6.49519 4
    endloop
  endfacet
  facet normal 0 0 -1
    outer loop
      vertex -6.49519 -3.75 4
      vertex -5.3033 5.3033 4
      vertex -5.3033 -5.3033 4
    endloop
  endfacet
  facet normal 0 0 -1
    outer loop
      vertex -6.49519 -3.75 4
      vertex -6.49519 3.75 4
      vertex -5.3033 5.3033 4
    endloop
  endfacet
  facet normal 0 0 -1
    outer loop
      vertex -7.24444 -1.94114 4
      vertex -6.49519 3.75 4
      vertex -6.49519 -3.75 4
    endloop
  endfacet
  facet normal 0 0 -1
    outer loop
      vertex -7.24444 -1.94114 4
      vertex -7.24444 1.94114 4
      vertex -6.49519 3.75 4
    endloop
  endfacet
  facet normal 0 -0 -1
    outer loop
      vertex -7.24444 1.94114 4
      vertex -7.24444 -1.94114 4
      vertex -7.5 0 4
    endloop
  endfacet
  facet normal -0.793353 0.608762 0
    outer loop
      vertex 5.3033 -5.3033 3
      vertex 6.49519 -3.75 4
      vertex 6.49519 -3.75 3
    endloop
  endfacet
  facet normal -0.793353 0.608762 0
    outer loop
      vertex 6.49519 -3.75 4
      vertex 5.3033 -5.3033 3
      vertex 5.3033 -5.3033 4
    endloop
  endfacet
  facet normal -0.608762 0.793353 0
    outer loop
      vertex 5.3033 -5.3033 3
      vertex 3.75 -6.49519 4
      vertex 5.3033 -5.3033 4
    endloop
  endfacet
  facet normal -0.608762 0.793353 0
    outer loop
      vertex 3.75 -6.49519 4
      vertex 5.3033 -5.3033 3
      vertex 3.75 -6.49519 3
    endloop
  endfacet
  facet normal 0.793353 0.608762 0
    outer loop
      vertex -5.3033 -5.3033 4
      vertex -6.49519 -3.75 3
      vertex -6.49519 -3.75 4
    endloop
  endfacet
  facet normal 0.793353 0.608762 0
    outer loop
      vertex -6.49519 -3.75 3
      vertex -5.3033 -5.3033 4
      vertex -5.3033 -5.3033 3
    endloop
  endfacet
  facet normal -0.991445 0.130528 0
    outer loop
      vertex 7.24444 -1.94114 3
      vertex 7.5 0 4
      vertex 7.5 0 3
    endloop
  endfacet
  facet normal -0.991445 0.130528 0
    outer loop
      vertex 7.5 0 4
      vertex 7.24444 -1.94114 3
      vertex 7.24444 -1.94114 4
    endloop
  endfacet
  facet normal 0.991445 -0.130528 0
    outer loop
      vertex -7.5 0 4
      vertex -7.24444 1.94114 3
      vertex -7.24444 1.94114 4
    endloop
  endfacet
  facet normal 0.991445 -0.130528 0
    outer loop
      vertex -7.24444 1.94114 3
      vertex -7.5 0 4
      vertex -7.5 0 3
    endloop
  endfacet
  facet normal 0.130528 -0.991445 0
    outer loop
      vertex -1.94114 7.24444 3
      vertex 0 7.5 4
      vertex -1.94114 7.24444 4
    endloop
  endfacet
  facet normal 0.130528 -0.991445 0
    outer loop
      vertex 0 7.5 4
      vertex -1.94114 7.24444 3
      vertex 0 7.5 3
    endloop
  endfacet
  facet normal -0.92388 0.382682 0
    outer loop
      vertex 6.49519 -3.75 3
      vertex 7.24444 -1.94114 4
      vertex 7.24444 -1.94114 3
    endloop
  endfacet
  facet normal -0.92388 0.382682 0
    outer loop
      vertex 7.24444 -1.94114 4
      vertex 6.49519 -3.75 3
      vertex 6.49519 -3.75 4
    endloop
  endfacet
  facet normal 0.382682 -0.92388 0
    outer loop
      vertex -3.75 6.49519 3
      vertex -1.94114 7.24444 4
      vertex -3.75 6.49519 4
    endloop
  endfacet
  facet normal 0.382682 -0.92388 0
    outer loop
      vertex -1.94114 7.24444 4
      vertex -3.75 6.49519 3
      vertex -1.94114 7.24444 3
    endloop
  endfacet
  facet normal -0.382682 -0.92388 0
    outer loop
      vertex 1.94114 7.24444 3
      vertex 3.75 6.49519 4
      vertex 1.94114 7.24444 4
    endloop
  endfacet
  facet normal -0.382682 -0.92388 -0
    outer loop
      vertex 3.75 6.49519 4
      vertex 1.94114 7.24444 3
      vertex 3.75 6.49519 3
    endloop
  endfacet
  facet normal 0.130528 0.991445 -0
    outer loop
      vertex 0 -7.5 3
      vertex -1.94114 -7.24444 4
      vertex 0 -7.5 4
    endloop
  endfacet
  facet normal 0.130528 0.991445 0
    outer loop
      vertex -1.94114 -7.24444 4
      vertex 0 -7.5 3
      vertex -1.94114 -7.24444 3
    endloop
  endfacet
  facet normal 0.92388 0.382682 0
    outer loop
      vertex -6.49519 -3.75 4
      vertex -7.24444 -1.94114 3
      vertex -7.24444 -1.94114 4
    endloop
  endfacet
  facet normal 0.92388 0.382682 0
    outer loop
      vertex -7.24444 -1.94114 3
      vertex -6.49519 -3.75 4
      vertex -6.49519 -3.75 3
    endloop
  endfacet
  facet normal 0.991445 0.130528 0
    outer loop
      vertex -7.24444 -1.94114 4
      vertex -7.5 0 3
      vertex -7.5 0 4
    endloop
  endfacet
  facet normal 0.991445 0.130528 0
    outer loop
      vertex -7.5 0 3
      vertex -7.24444 -1.94114 4
      vertex -7.24444 -1.94114 3
    endloop
  endfacet
  facet normal 0.608762 0.793353 -0
    outer loop
      vertex -3.75 -6.49519 3
      vertex -5.3033 -5.3033 4
      vertex -3.75 -6.49519 4
    endloop
  endfacet
  facet normal 0.608762 0.793353 0
    outer loop
      vertex -5.3033 -5.3033 4
      vertex -3.75 -6.49519 3
      vertex -5.3033 -5.3033 3
    endloop
  endfacet
  facet normal 0.382682 0.92388 -0
    outer loop
      vertex -1.94114 -7.24444 3
      vertex -3.75 -6.49519 4
      vertex -1.94114 -7.24444 4
    endloop
  endfacet
  facet normal 0.382682 0.92388 0
    outer loop
      vertex -3.75 -6.49519 4
      vertex -1.94114 -7.24444 3
      vertex -3.75 -6.49519 3
    endloop
  endfacet
  facet normal -0.382656 0.923891 0
    outer loop
      vertex -16.2322 -1.76777 -0.5
      vertex -16.7929 -2 1
      vertex -16.2322 -1.76777 1
    endloop
  endfacet
  facet normal -0.382656 0.923891 0
    outer loop
      vertex -16.7929 -2 1
      vertex -16.2322 -1.76777 -0.5
      vertex -16.7929 -2 -0.5
    endloop
  endfacet
  facet normal -0.923886 0.382668 0
    outer loop
      vertex -16.2322 -1.76777 -0.5
      vertex -15.5 0 0
      vertex -15.5 0 -0.5
    endloop
  endfacet
  facet normal -0.923886 0.382668 0
    outer loop
      vertex -16.2322 -1.76777 1
      vertex -15.5 0 0
      vertex -16.2322 -1.76777 -0.5
    endloop
  endfacet
  facet normal -0.923886 0.382668 0
    outer loop
      vertex -15.5 0 0
      vertex -16.2322 -1.76777 1
      vertex -15.5 0 1
    endloop
  endfacet
  facet normal -0.382656 -0.923891 0
    outer loop
      vertex -16.7929 2 -0.5
      vertex -16.2322 1.76777 1
      vertex -16.7929 2 1
    endloop
  endfacet
  facet normal -0.382656 -0.923891 -0
    outer loop
      vertex -16.2322 1.76777 1
      vertex -16.7929 2 -0.5
      vertex -16.2322 1.76777 -0.5
    endloop
  endfacet
  facet normal -0.923886 -0.382668 -0
    outer loop
      vertex -15.5 0 0
      vertex -16.2322 1.76777 -0.5
      vertex -15.5 0 -0.5
    endloop
  endfacet
  facet normal -0.923886 -0.382668 0
    outer loop
      vertex -16.2322 1.76777 -0.5
      vertex -15.5 0 0
      vertex -16.2322 1.76777 1
    endloop
  endfacet
  facet normal -0.923886 -0.382668 0
    outer loop
      vertex -16.2322 1.76777 1
      vertex -15.5 0 0
      vertex -15.5 0 1
    endloop
  endfacet
  facet normal 0.147416 -0.69356 0.705155
    outer loop
      vertex 7.72542 -23.7764 0.5
      vertex 2.40415 -22.874 2.5
      vertex 2.61321 -24.863 0.5
    endloop
  endfacet
  facet normal -0.58778 0.809021 0
    outer loop
      vertex -12.5 21.6506 -0.5
      vertex -16.7283 18.5786 0.5
      vertex -12.5 21.6506 0.5
    endloop
  endfacet
  facet normal -0.58778 0.809021 0
    outer loop
      vertex -16.7283 18.5786 0.5
      vertex -12.5 21.6506 -0.5
      vertex -16.7283 18.5786 -0.5
    endloop
  endfacet
  facet normal -0.614062 0.354529 0.70515
    outer loop
      vertex -20.2254 14.6946 0.5
      vertex -22.8386 10.1684 0.5
      vertex -18.6074 13.5191 2.5
    endloop
  endfacet
  facet normal 0.866026 -0.5 0
    outer loop
      vertex 20.2254 -14.6946 0.5
      vertex 22.8386 -10.1684 -0.5
      vertex 22.8386 -10.1684 0.5
    endloop
  endfacet
  facet normal 0.866026 -0.5 0
    outer loop
      vertex 22.8386 -10.1684 -0.5
      vertex 20.2254 -14.6946 0.5
      vertex 20.2254 -14.6946 -0.5
    endloop
  endfacet
  facet normal -0.67434 -0.219114 0.705163
    outer loop
      vertex -22.4974 -4.78197 2.5
      vertex -22.8386 -10.1684 0.5
      vertex -21.0115 -9.35494 2.5
    endloop
  endfacet
  facet normal -0.743151 -0.669123 0
    outer loop
      vertex -16.7283 -18.5786 -0.5
      vertex -20.2254 -14.6946 0.5
      vertex -20.2254 -14.6946 -0.5
    endloop
  endfacet
  facet normal -0.743151 -0.669123 0
    outer loop
      vertex -20.2254 -14.6946 0.5
      vertex -16.7283 -18.5786 -0.5
      vertex -16.7283 -18.5786 0.5
    endloop
  endfacet
  facet normal 0.288394 0.647749 0.70516
    outer loop
      vertex 7.72542 23.7764 0.5
      vertex 7.10739 21.8743 2.5
      vertex 11.5 19.9186 2.5
    endloop
  endfacet
  facet normal -0.674341 -0.219113 0.705162
    outer loop
      vertex -22.4974 -4.78197 2.5
      vertex -24.4537 -5.19779 0.5
      vertex -22.8386 -10.1684 0.5
    endloop
  endfacet
  facet normal 0.951054 -0.309026 0
    outer loop
      vertex 22.8386 -10.1684 0.5
      vertex 24.4537 -5.19779 -0.5
      vertex 24.4537 -5.19779 0.5
    endloop
  endfacet
  facet normal 0.951054 -0.309026 0
    outer loop
      vertex 24.4537 -5.19779 -0.5
      vertex 22.8386 -10.1684 0.5
      vertex 22.8386 -10.1684 -0.5
    endloop
  endfacet
  facet normal -0.951054 0.309026 0
    outer loop
      vertex -24.4537 5.19779 -0.5
      vertex -22.8386 10.1684 0.5
      vertex -22.8386 10.1684 -0.5
    endloop
  endfacet
  facet normal -0.951054 0.309026 0
    outer loop
      vertex -22.8386 10.1684 0.5
      vertex -24.4537 5.19779 -0.5
      vertex -24.4537 5.19779 0.5
    endloop
  endfacet
  facet normal -0.526928 0.47446 0.705149
    outer loop
      vertex -15.39 17.0923 2.5
      vertex -20.2254 14.6946 0.5
      vertex -18.6074 13.5191 2.5
    endloop
  endfacet
  facet normal 0 -0.709054 0.705154
    outer loop
      vertex -2.61321 -24.863 0.5
      vertex 2.40415 -22.874 2.5
      vertex -2.40415 -22.874 2.5
    endloop
  endfacet
  facet normal 0 -0.709054 0.705154
    outer loop
      vertex 2.40415 -22.874 2.5
      vertex -2.61321 -24.863 0.5
      vertex 2.61321 -24.863 0.5
    endloop
  endfacet
  facet normal 0.288394 -0.647749 0.70516
    outer loop
      vertex 11.5 -19.9186 2.5
      vertex 7.10739 -21.8743 2.5
      vertex 7.72542 -23.7764 0.5
    endloop
  endfacet
  facet normal 0.674341 -0.219113 0.705162
    outer loop
      vertex 24.4537 -5.19779 0.5
      vertex 22.4974 -4.78197 2.5
      vertex 22.8386 -10.1684 0.5
    endloop
  endfacet
  facet normal -0.705161 -0.0741141 0.705163
    outer loop
      vertex -22.4974 -4.78197 2.5
      vertex -25 0 0.5
      vertex -24.4537 -5.19779 0.5
    endloop
  endfacet
  facet normal -0.40674 0.913544 0
    outer loop
      vertex -7.72542 23.7764 -0.5
      vertex -12.5 21.6506 0.5
      vertex -7.72542 23.7764 0.5
    endloop
  endfacet
  facet normal -0.40674 0.913544 0
    outer loop
      vertex -12.5 21.6506 0.5
      vertex -7.72542 23.7764 -0.5
      vertex -12.5 21.6506 -0.5
    endloop
  endfacet
  facet normal -0.526924 -0.474435 0.705168
    outer loop
      vertex -15.39 -17.0923 2.5
      vertex -20.2254 -14.6946 0.5
      vertex -16.7283 -18.5786 0.5
    endloop
  endfacet
  facet normal 0.614056 -0.354514 0.705163
    outer loop
      vertex 21.0115 -9.35494 2.5
      vertex 18.6074 -13.5191 2.5
      vertex 22.8386 -10.1684 0.5
    endloop
  endfacet
  facet normal 0.41676 -0.573629 0.705167
    outer loop
      vertex 15.39 -17.0923 2.5
      vertex 12.5 -21.6506 0.5
      vertex 16.7283 -18.5786 0.5
    endloop
  endfacet
  facet normal -0.614056 -0.354514 0.705163
    outer loop
      vertex -21.0115 -9.35494 2.5
      vertex -22.8386 -10.1684 0.5
      vertex -18.6074 -13.5191 2.5
    endloop
  endfacet
  facet normal -0.743151 0.669123 0
    outer loop
      vertex -20.2254 14.6946 -0.5
      vertex -16.7283 18.5786 0.5
      vertex -16.7283 18.5786 -0.5
    endloop
  endfacet
  facet normal -0.743151 0.669123 0
    outer loop
      vertex -16.7283 18.5786 0.5
      vertex -20.2254 14.6946 -0.5
      vertex -20.2254 14.6946 0.5
    endloop
  endfacet
  facet normal -0.866026 0.5 0
    outer loop
      vertex -22.8386 10.1684 -0.5
      vertex -20.2254 14.6946 0.5
      vertex -20.2254 14.6946 -0.5
    endloop
  endfacet
  facet normal -0.866026 0.5 0
    outer loop
      vertex -20.2254 14.6946 0.5
      vertex -22.8386 10.1684 -0.5
      vertex -22.8386 10.1684 0.5
    endloop
  endfacet
  facet normal -0.416776 -0.573633 0.705154
    outer loop
      vertex -11.5 -19.9186 2.5
      vertex -15.39 -17.0923 2.5
      vertex -12.5 -21.6506 0.5
    endloop
  endfacet
  facet normal -0.994522 -0.104527 0
    outer loop
      vertex -24.4537 -5.19779 -0.5
      vertex -25 0 0.5
      vertex -25 0 -0.5
    endloop
  endfacet
  facet normal -0.994522 -0.104527 0
    outer loop
      vertex -25 0 0.5
      vertex -24.4537 -5.19779 -0.5
      vertex -24.4537 -5.19779 0.5
    endloop
  endfacet
  facet normal 0.526924 0.474435 0.705168
    outer loop
      vertex 16.7283 18.5786 0.5
      vertex 15.39 17.0923 2.5
      vertex 20.2254 14.6946 0.5
    endloop
  endfacet
  facet normal -0.705162 0.0741147 0.705162
    outer loop
      vertex -22.4974 4.78197 2.5
      vertex -25 0 0.5
      vertex -23 0 2.5
    endloop
  endfacet
  facet normal 0.147419 0.693554 0.70516
    outer loop
      vertex 7.72542 23.7764 0.5
      vertex 2.40415 22.874 2.5
      vertex 7.10739 21.8743 2.5
    endloop
  endfacet
  facet normal -0.705161 0.0741141 0.705163
    outer loop
      vertex -24.4537 5.19779 0.5
      vertex -25 0 0.5
      vertex -22.4974 4.78197 2.5
    endloop
  endfacet
  facet normal 0 1 -0
    outer loop
      vertex 2.61321 24.863 -0.5
      vertex -2.61321 24.863 0.5
      vertex 2.61321 24.863 0.5
    endloop
  endfacet
  facet normal 0 1 0
    outer loop
      vertex -2.61321 24.863 0.5
      vertex 2.61321 24.863 -0.5
      vertex -2.61321 24.863 -0.5
    endloop
  endfacet
  facet normal 0.40674 -0.913544 0
    outer loop
      vertex 7.72542 -23.7764 -0.5
      vertex 12.5 -21.6506 0.5
      vertex 7.72542 -23.7764 0.5
    endloop
  endfacet
  facet normal 0.40674 -0.913544 0
    outer loop
      vertex 12.5 -21.6506 0.5
      vertex 7.72542 -23.7764 -0.5
      vertex 12.5 -21.6506 -0.5
    endloop
  endfacet
  facet normal -0.416776 0.573633 0.705154
    outer loop
      vertex -12.5 21.6506 0.5
      vertex -15.39 17.0923 2.5
      vertex -11.5 19.9186 2.5
    endloop
  endfacet
  facet normal 0.288401 -0.647752 0.705154
    outer loop
      vertex 11.5 -19.9186 2.5
      vertex 7.72542 -23.7764 0.5
      vertex 12.5 -21.6506 0.5
    endloop
  endfacet
  facet normal -0.288401 -0.647752 0.705154
    outer loop
      vertex -11.5 -19.9186 2.5
      vertex -12.5 -21.6506 0.5
      vertex -7.72542 -23.7764 0.5
    endloop
  endfacet
  facet normal -0.147416 -0.69356 0.705155
    outer loop
      vertex -2.40415 -22.874 2.5
      vertex -7.72542 -23.7764 0.5
      vertex -2.61321 -24.863 0.5
    endloop
  endfacet
  facet normal 0.526928 0.47446 0.705149
    outer loop
      vertex 20.2254 14.6946 0.5
      vertex 15.39 17.0923 2.5
      vertex 18.6074 13.5191 2.5
    endloop
  endfacet
  facet normal 0.40674 0.913544 -0
    outer loop
      vertex 12.5 21.6506 -0.5
      vertex 7.72542 23.7764 0.5
      vertex 12.5 21.6506 0.5
    endloop
  endfacet
  facet normal 0.40674 0.913544 0
    outer loop
      vertex 7.72542 23.7764 0.5
      vertex 12.5 21.6506 -0.5
      vertex 7.72542 23.7764 -0.5
    endloop
  endfacet
  facet normal 0.58778 -0.809021 0
    outer loop
      vertex 12.5 -21.6506 -0.5
      vertex 16.7283 -18.5786 0.5
      vertex 12.5 -21.6506 0.5
    endloop
  endfacet
  facet normal 0.58778 -0.809021 0
    outer loop
      vertex 16.7283 -18.5786 0.5
      vertex 12.5 -21.6506 -0.5
      vertex 16.7283 -18.5786 -0.5
    endloop
  endfacet
  facet normal 0.743151 -0.669123 0
    outer loop
      vertex 16.7283 -18.5786 0.5
      vertex 20.2254 -14.6946 -0.5
      vertex 20.2254 -14.6946 0.5
    endloop
  endfacet
  facet normal 0.743151 -0.669123 0
    outer loop
      vertex 20.2254 -14.6946 -0.5
      vertex 16.7283 -18.5786 0.5
      vertex 16.7283 -18.5786 -0.5
    endloop
  endfacet
  facet normal -0.40674 -0.913544 0
    outer loop
      vertex -12.5 -21.6506 -0.5
      vertex -7.72542 -23.7764 0.5
      vertex -12.5 -21.6506 0.5
    endloop
  endfacet
  facet normal -0.40674 -0.913544 -0
    outer loop
      vertex -7.72542 -23.7764 0.5
      vertex -12.5 -21.6506 -0.5
      vertex -7.72542 -23.7764 -0.5
    endloop
  endfacet
  facet normal 0.67434 -0.219114 0.705163
    outer loop
      vertex 22.4974 -4.78197 2.5
      vertex 21.0115 -9.35494 2.5
      vertex 22.8386 -10.1684 0.5
    endloop
  endfacet
  facet normal -0.41676 -0.573629 0.705167
    outer loop
      vertex -15.39 -17.0923 2.5
      vertex -16.7283 -18.5786 0.5
      vertex -12.5 -21.6506 0.5
    endloop
  endfacet
  facet normal -0.147419 -0.693554 0.70516
    outer loop
      vertex -7.10739 -21.8743 2.5
      vertex -7.72542 -23.7764 0.5
      vertex -2.40415 -22.874 2.5
    endloop
  endfacet
  facet normal -0.67434 0.219114 0.705163
    outer loop
      vertex -21.0115 9.35494 2.5
      vertex -22.8386 10.1684 0.5
      vertex -22.4974 4.78197 2.5
    endloop
  endfacet
  facet normal -0.288394 -0.647749 0.70516
    outer loop
      vertex -7.10739 -21.8743 2.5
      vertex -11.5 -19.9186 2.5
      vertex -7.72542 -23.7764 0.5
    endloop
  endfacet
  facet normal 0 -1 0
    outer loop
      vertex -2.61321 -24.863 -0.5
      vertex 2.61321 -24.863 0.5
      vertex -2.61321 -24.863 0.5
    endloop
  endfacet
  facet normal 0 -1 -0
    outer loop
      vertex 2.61321 -24.863 0.5
      vertex -2.61321 -24.863 -0.5
      vertex 2.61321 -24.863 -0.5
    endloop
  endfacet
  facet normal 0.147416 0.69356 0.705155
    outer loop
      vertex 2.61321 24.863 0.5
      vertex 2.40415 22.874 2.5
      vertex 7.72542 23.7764 0.5
    endloop
  endfacet
  facet normal 0.743151 0.669123 0
    outer loop
      vertex 20.2254 14.6946 0.5
      vertex 16.7283 18.5786 -0.5
      vertex 16.7283 18.5786 0.5
    endloop
  endfacet
  facet normal 0.743151 0.669123 0
    outer loop
      vertex 16.7283 18.5786 -0.5
      vertex 20.2254 14.6946 0.5
      vertex 20.2254 14.6946 -0.5
    endloop
  endfacet
  facet normal 0.705161 0.0741141 0.705163
    outer loop
      vertex 24.4537 5.19779 0.5
      vertex 22.4974 4.78197 2.5
      vertex 25 0 0.5
    endloop
  endfacet
  facet normal 0.705162 -0.0741147 0.705162
    outer loop
      vertex 23 0 2.5
      vertex 22.4974 -4.78197 2.5
      vertex 25 0 0.5
    endloop
  endfacet
  facet normal -0.866026 -0.5 0
    outer loop
      vertex -20.2254 -14.6946 -0.5
      vertex -22.8386 -10.1684 0.5
      vertex -22.8386 -10.1684 -0.5
    endloop
  endfacet
  facet normal -0.866026 -0.5 0
    outer loop
      vertex -22.8386 -10.1684 0.5
      vertex -20.2254 -14.6946 -0.5
      vertex -20.2254 -14.6946 0.5
    endloop
  endfacet
  facet normal 0.705162 0.0741147 0.705162
    outer loop
      vertex 25 0 0.5
      vertex 22.4974 4.78197 2.5
      vertex 23 0 2.5
    endloop
  endfacet
  facet normal 0.416776 0.573633 0.705154
    outer loop
      vertex 12.5 21.6506 0.5
      vertex 11.5 19.9186 2.5
      vertex 15.39 17.0923 2.5
    endloop
  endfacet
  facet normal 0.416776 -0.573633 0.705154
    outer loop
      vertex 15.39 -17.0923 2.5
      vertex 11.5 -19.9186 2.5
      vertex 12.5 -21.6506 0.5
    endloop
  endfacet
  facet normal 0.41676 0.573629 0.705167
    outer loop
      vertex 16.7283 18.5786 0.5
      vertex 12.5 21.6506 0.5
      vertex 15.39 17.0923 2.5
    endloop
  endfacet
  facet normal -0.288394 0.647749 0.70516
    outer loop
      vertex -7.72542 23.7764 0.5
      vertex -11.5 19.9186 2.5
      vertex -7.10739 21.8743 2.5
    endloop
  endfacet
  facet normal -0.526928 -0.47446 0.705149
    outer loop
      vertex -18.6074 -13.5191 2.5
      vertex -20.2254 -14.6946 0.5
      vertex -15.39 -17.0923 2.5
    endloop
  endfacet
  facet normal -0.207906 -0.978149 0
    outer loop
      vertex -7.72542 -23.7764 -0.5
      vertex -2.61321 -24.863 0.5
      vertex -7.72542 -23.7764 0.5
    endloop
  endfacet
  facet normal -0.207906 -0.978149 -0
    outer loop
      vertex -2.61321 -24.863 0.5
      vertex -7.72542 -23.7764 -0.5
      vertex -2.61321 -24.863 -0.5
    endloop
  endfacet
  facet normal 0.58778 0.809021 -0
    outer loop
      vertex 16.7283 18.5786 -0.5
      vertex 12.5 21.6506 0.5
      vertex 16.7283 18.5786 0.5
    endloop
  endfacet
  facet normal 0.58778 0.809021 0
    outer loop
      vertex 12.5 21.6506 0.5
      vertex 16.7283 18.5786 -0.5
      vertex 12.5 21.6506 -0.5
    endloop
  endfacet
  facet normal -0.58778 -0.809021 0
    outer loop
      vertex -16.7283 -18.5786 -0.5
      vertex -12.5 -21.6506 0.5
      vertex -16.7283 -18.5786 0.5
    endloop
  endfacet
  facet normal -0.58778 -0.809021 -0
    outer loop
      vertex -12.5 -21.6506 0.5
      vertex -16.7283 -18.5786 -0.5
      vertex -12.5 -21.6506 -0.5
    endloop
  endfacet
  facet normal 0.705161 -0.0741141 0.705163
    outer loop
      vertex 25 0 0.5
      vertex 22.4974 -4.78197 2.5
      vertex 24.4537 -5.19779 0.5
    endloop
  endfacet
  facet normal -0.288401 0.647752 0.705154
    outer loop
      vertex -7.72542 23.7764 0.5
      vertex -12.5 21.6506 0.5
      vertex -11.5 19.9186 2.5
    endloop
  endfacet
  facet normal 0.147419 -0.693554 0.70516
    outer loop
      vertex 7.10739 -21.8743 2.5
      vertex 2.40415 -22.874 2.5
      vertex 7.72542 -23.7764 0.5
    endloop
  endfacet
  facet normal 0.951054 0.309026 0
    outer loop
      vertex 24.4537 5.19779 0.5
      vertex 22.8386 10.1684 -0.5
      vertex 22.8386 10.1684 0.5
    endloop
  endfacet
  facet normal 0.951054 0.309026 0
    outer loop
      vertex 22.8386 10.1684 -0.5
      vertex 24.4537 5.19779 0.5
      vertex 24.4537 5.19779 -0.5
    endloop
  endfacet
  facet normal -0.147416 0.69356 0.705155
    outer loop
      vertex -2.61321 24.863 0.5
      vertex -7.72542 23.7764 0.5
      vertex -2.40415 22.874 2.5
    endloop
  endfacet
  facet normal -0.147419 0.693554 0.70516
    outer loop
      vertex -2.40415 22.874 2.5
      vertex -7.72542 23.7764 0.5
      vertex -7.10739 21.8743 2.5
    endloop
  endfacet
  facet normal -0.674341 0.219113 0.705162
    outer loop
      vertex -22.8386 10.1684 0.5
      vertex -24.4537 5.19779 0.5
      vertex -22.4974 4.78197 2.5
    endloop
  endfacet
  facet normal -0.614056 0.354514 0.705163
    outer loop
      vertex -18.6074 13.5191 2.5
      vertex -22.8386 10.1684 0.5
      vertex -21.0115 9.35494 2.5
    endloop
  endfacet
  facet normal 0 0 -1
    outer loop
      vertex 19.83 -1.61755 -0.5
      vertex 25 0 -0.5
      vertex 24.4537 -5.19779 -0.5
    endloop
  endfacet
  facet normal 0 0 -1
    outer loop
      vertex 19.563 -4.15823 -0.5
      vertex 24.4537 -5.19779 -0.5
      vertex 22.8386 -10.1684 -0.5
    endloop
  endfacet
  facet normal 0 0 -1
    outer loop
      vertex 19.83 1.61755 -0.5
      vertex 25 0 -0.5
      vertex 20.5 0 -0.5
    endloop
  endfacet
  facet normal 0 0 -1
    outer loop
      vertex 25 0 -0.5
      vertex 19.83 1.61755 -0.5
      vertex 24.4537 5.19779 -0.5
    endloop
  endfacet
  facet normal 0 0 -1
    outer loop
      vertex 18.2709 -8.13473 -0.5
      vertex 22.8386 -10.1684 -0.5
      vertex 20.2254 -14.6946 -0.5
    endloop
  endfacet
  facet normal 0 -0 -1
    outer loop
      vertex 19.83 -1.61755 -0.5
      vertex 24.4537 -5.19779 -0.5
      vertex 19.563 -4.15823 -0.5
    endloop
  endfacet
  facet normal -0 0 -1
    outer loop
      vertex 25 0 -0.5
      vertex 19.83 -1.61755 -0.5
      vertex 20.5 0 -0.5
    endloop
  endfacet
  facet normal 0 0 -1
    outer loop
      vertex 22.8386 -10.1684 -0.5
      vertex 18.2709 -8.13473 -0.5
      vertex 19.563 -4.15823 -0.5
    endloop
  endfacet
  facet normal 0 0 -1
    outer loop
      vertex 16.1803 -11.7557 -0.5
      vertex 20.2254 -14.6946 -0.5
      vertex 16.7283 -18.5786 -0.5
    endloop
  endfacet
  facet normal 0 0 -1
    outer loop
      vertex 20.2254 -14.6946 -0.5
      vertex 16.1803 -11.7557 -0.5
      vertex 18.2709 -8.13473 -0.5
    endloop
  endfacet
  facet normal 0 0 -1
    outer loop
      vertex 16.7283 -18.5786 -0.5
      vertex 13.3826 -14.8629 -0.5
      vertex 16.1803 -11.7557 -0.5
    endloop
  endfacet
  facet normal 0 0 -1
    outer loop
      vertex 12.5 -21.6506 -0.5
      vertex 13.3826 -14.8629 -0.5
      vertex 16.7283 -18.5786 -0.5
    endloop
  endfacet
  facet normal 0 0 -1
    outer loop
      vertex 12.5 -21.6506 -0.5
      vertex 10 -17.3205 -0.5
      vertex 13.3826 -14.8629 -0.5
    endloop
  endfacet
  facet normal 0 0 -1
    outer loop
      vertex 7.72542 -23.7764 -0.5
      vertex 10 -17.3205 -0.5
      vertex 12.5 -21.6506 -0.5
    endloop
  endfacet
  facet normal 0 0 -1
    outer loop
      vertex 7.72542 -23.7764 -0.5
      vertex 6.18034 -19.0211 -0.5
      vertex 10 -17.3205 -0.5
    endloop
  endfacet
  facet normal 0 0 -1
    outer loop
      vertex 2.61321 -24.863 -0.5
      vertex 6.18034 -19.0211 -0.5
      vertex 7.72542 -23.7764 -0.5
    endloop
  endfacet
  facet normal 0 0 -1
    outer loop
      vertex 2.61321 -24.863 -0.5
      vertex 2.09057 -19.8904 -0.5
      vertex 6.18034 -19.0211 -0.5
    endloop
  endfacet
  facet normal 0 0 -1
    outer loop
      vertex 2.61321 -24.863 -0.5
      vertex 1.47161 -19.8904 -0.5
      vertex 2.09057 -19.8904 -0.5
    endloop
  endfacet
  facet normal 0 0 -1
    outer loop
      vertex 2.61321 -24.863 -0.5
      vertex 0 -20.5 -0.5
      vertex 1.47161 -19.8904 -0.5
    endloop
  endfacet
  facet normal 0 0 -1
    outer loop
      vertex -2.61321 -24.863 -0.5
      vertex 0 -20.5 -0.5
      vertex 2.61321 -24.863 -0.5
    endloop
  endfacet
  facet normal -0 0 -1
    outer loop
      vertex 0 -20.5 -0.5
      vertex -2.61321 -24.863 -0.5
      vertex -1.47161 -19.8904 -0.5
    endloop
  endfacet
  facet normal -0 0 -1
    outer loop
      vertex -1.47161 -19.8904 -0.5
      vertex -2.61321 -24.863 -0.5
      vertex -2.09057 -19.8904 -0.5
    endloop
  endfacet
  facet normal 0 0 -1
    outer loop
      vertex -2.61321 -24.863 -0.5
      vertex -6.18034 -19.0211 -0.5
      vertex -2.09057 -19.8904 -0.5
    endloop
  endfacet
  facet normal 0 0 -1
    outer loop
      vertex -7.72542 -23.7764 -0.5
      vertex -6.18034 -19.0211 -0.5
      vertex -2.61321 -24.863 -0.5
    endloop
  endfacet
  facet normal 0 0 -1
    outer loop
      vertex -7.72542 -23.7764 -0.5
      vertex -10 -17.3205 -0.5
      vertex -6.18034 -19.0211 -0.5
    endloop
  endfacet
  facet normal 0 0 -1
    outer loop
      vertex -12.5 -21.6506 -0.5
      vertex -10 -17.3205 -0.5
      vertex -7.72542 -23.7764 -0.5
    endloop
  endfacet
  facet normal 0 0 -1
    outer loop
      vertex -12.5 -21.6506 -0.5
      vertex -13.3826 -14.8629 -0.5
      vertex -10 -17.3205 -0.5
    endloop
  endfacet
  facet normal 0 0 -1
    outer loop
      vertex -16.7283 -18.5786 -0.5
      vertex -13.3826 -14.8629 -0.5
      vertex -12.5 -21.6506 -0.5
    endloop
  endfacet
  facet normal -0 0 -1
    outer loop
      vertex -13.3826 -14.8629 -0.5
      vertex -16.7283 -18.5786 -0.5
      vertex -16.1803 -11.7557 -0.5
    endloop
  endfacet
  facet normal 0 0 -1
    outer loop
      vertex -20.2254 -14.6946 -0.5
      vertex -16.1803 -11.7557 -0.5
      vertex -16.7283 -18.5786 -0.5
    endloop
  endfacet
  facet normal -0 0 -1
    outer loop
      vertex -16.1803 -11.7557 -0.5
      vertex -20.2254 -14.6946 -0.5
      vertex -18.2709 -8.13473 -0.5
    endloop
  endfacet
  facet normal -0 0 -1
    outer loop
      vertex -18.2709 -8.13473 -0.5
      vertex -22.8386 -10.1684 -0.5
      vertex -19.563 -4.15823 -0.5
    endloop
  endfacet
  facet normal 0 0 -1
    outer loop
      vertex -22.8386 -10.1684 -0.5
      vertex -18.2709 -8.13473 -0.5
      vertex -20.2254 -14.6946 -0.5
    endloop
  endfacet
  facet normal -0 0 -1
    outer loop
      vertex 24.4537 5.19779 -0.5
      vertex 19.563 4.15823 -0.5
      vertex 22.8386 10.1684 -0.5
    endloop
  endfacet
  facet normal 0 0 -1
    outer loop
      vertex 24.4537 5.19779 -0.5
      vertex 19.83 1.61755 -0.5
      vertex 19.563 4.15823 -0.5
    endloop
  endfacet
  facet normal 0 0 -1
    outer loop
      vertex 18.2709 8.13473 -0.5
      vertex 22.8386 10.1684 -0.5
      vertex 19.563 4.15823 -0.5
    endloop
  endfacet
  facet normal -0 0 -1
    outer loop
      vertex 22.8386 10.1684 -0.5
      vertex 18.2709 8.13473 -0.5
      vertex 20.2254 14.6946 -0.5
    endloop
  endfacet
  facet normal 0 0 -1
    outer loop
      vertex 16.1803 11.7557 -0.5
      vertex 20.2254 14.6946 -0.5
      vertex 18.2709 8.13473 -0.5
    endloop
  endfacet
  facet normal -0 0 -1
    outer loop
      vertex 20.2254 14.6946 -0.5
      vertex 16.1803 11.7557 -0.5
      vertex 16.7283 18.5786 -0.5
    endloop
  endfacet
  facet normal 0 0 -1
    outer loop
      vertex 13.3826 14.8629 -0.5
      vertex 16.7283 18.5786 -0.5
      vertex 16.1803 11.7557 -0.5
    endloop
  endfacet
  facet normal 0 0 -1
    outer loop
      vertex 13.3826 14.8629 -0.5
      vertex 12.5 21.6506 -0.5
      vertex 16.7283 18.5786 -0.5
    endloop
  endfacet
  facet normal 0 0 -1
    outer loop
      vertex 10 17.3205 -0.5
      vertex 12.5 21.6506 -0.5
      vertex 13.3826 14.8629 -0.5
    endloop
  endfacet
  facet normal 0 0 -1
    outer loop
      vertex 10 17.3205 -0.5
      vertex 7.72542 23.7764 -0.5
      vertex 12.5 21.6506 -0.5
    endloop
  endfacet
  facet normal 0 0 -1
    outer loop
      vertex 6.18034 19.0211 -0.5
      vertex 7.72542 23.7764 -0.5
      vertex 10 17.3205 -0.5
    endloop
  endfacet
  facet normal 0 0 -1
    outer loop
      vertex 6.18034 19.0211 -0.5
      vertex 2.61321 24.863 -0.5
      vertex 7.72542 23.7764 -0.5
    endloop
  endfacet
  facet normal 0 0 -1
    outer loop
      vertex 2.09057 19.8904 -0.5
      vertex 2.61321 24.863 -0.5
      vertex 6.18034 19.0211 -0.5
    endloop
  endfacet
  facet normal 0 0 -1
    outer loop
      vertex 1.47161 19.8904 -0.5
      vertex 2.61321 24.863 -0.5
      vertex 2.09057 19.8904 -0.5
    endloop
  endfacet
  facet normal 0 0 -1
    outer loop
      vertex 0 20.5 -0.5
      vertex 2.61321 24.863 -0.5
      vertex 1.47161 19.8904 -0.5
    endloop
  endfacet
  facet normal 0 0 -1
    outer loop
      vertex -2.61321 24.863 -0.5
      vertex 0 20.5 -0.5
      vertex -1.47161 19.8904 -0.5
    endloop
  endfacet
  facet normal 0 0 -1
    outer loop
      vertex -2.61321 24.863 -0.5
      vertex -1.47161 19.8904 -0.5
      vertex -2.09057 19.8904 -0.5
    endloop
  endfacet
  facet normal 0 0 -1
    outer loop
      vertex 0 20.5 -0.5
      vertex -2.61321 24.863 -0.5
      vertex 2.61321 24.863 -0.5
    endloop
  endfacet
  facet normal 0 0 -1
    outer loop
      vertex -6.18034 19.0211 -0.5
      vertex -2.61321 24.863 -0.5
      vertex -2.09057 19.8904 -0.5
    endloop
  endfacet
  facet normal 0 0 -1
    outer loop
      vertex -6.18034 19.0211 -0.5
      vertex -7.72542 23.7764 -0.5
      vertex -2.61321 24.863 -0.5
    endloop
  endfacet
  facet normal 0 0 -1
    outer loop
      vertex -10 17.3205 -0.5
      vertex -7.72542 23.7764 -0.5
      vertex -6.18034 19.0211 -0.5
    endloop
  endfacet
  facet normal 0 0 -1
    outer loop
      vertex -10 17.3205 -0.5
      vertex -12.5 21.6506 -0.5
      vertex -7.72542 23.7764 -0.5
    endloop
  endfacet
  facet normal 0 0 -1
    outer loop
      vertex -13.3826 14.8629 -0.5
      vertex -12.5 21.6506 -0.5
      vertex -10 17.3205 -0.5
    endloop
  endfacet
  facet normal 0 0 -1
    outer loop
      vertex -16.7283 18.5786 -0.5
      vertex -13.3826 14.8629 -0.5
      vertex -16.1803 11.7557 -0.5
    endloop
  endfacet
  facet normal 0 0 -1
    outer loop
      vertex -13.3826 14.8629 -0.5
      vertex -16.7283 18.5786 -0.5
      vertex -12.5 21.6506 -0.5
    endloop
  endfacet
  facet normal 0 0 -1
    outer loop
      vertex -20.2254 14.6946 -0.5
      vertex -16.1803 11.7557 -0.5
      vertex -18.2709 8.13473 -0.5
    endloop
  endfacet
  facet normal 0 0 -1
    outer loop
      vertex -22.8386 10.1684 -0.5
      vertex -18.2709 8.13473 -0.5
      vertex -19.563 4.15823 -0.5
    endloop
  endfacet
  facet normal 0 0 -1
    outer loop
      vertex -16.1803 11.7557 -0.5
      vertex -20.2254 14.6946 -0.5
      vertex -16.7283 18.5786 -0.5
    endloop
  endfacet
  facet normal 0 0 -1
    outer loop
      vertex -24.4537 5.19779 -0.5
      vertex -19.563 4.15823 -0.5
      vertex -19.7898 2 -0.5
    endloop
  endfacet
  facet normal 0 0 -1
    outer loop
      vertex -19.7898 -2 -0.5
      vertex -19.7678 -1.76777 -0.5
      vertex -19.2071 -2 -0.5
    endloop
  endfacet
  facet normal 0 0 -1
    outer loop
      vertex -19.7898 -2 -0.5
      vertex -20.5 0 -0.5
      vertex -19.7678 -1.76777 -0.5
    endloop
  endfacet
  facet normal 0 0 -1
    outer loop
      vertex -24.4537 -5.19779 -0.5
      vertex -19.563 -4.15823 -0.5
      vertex -22.8386 -10.1684 -0.5
    endloop
  endfacet
  facet normal -0 0 -1
    outer loop
      vertex -19.563 -4.15823 -0.5
      vertex -24.4537 -5.19779 -0.5
      vertex -19.7898 -2 -0.5
    endloop
  endfacet
  facet normal 0 0 -1
    outer loop
      vertex -19.7678 1.76777 -0.5
      vertex -19.7898 2 -0.5
      vertex -19.2071 2 -0.5
    endloop
  endfacet
  facet normal 0 0 -1
    outer loop
      vertex -20.5 0 -0.5
      vertex -19.7898 2 -0.5
      vertex -19.7678 1.76777 -0.5
    endloop
  endfacet
  facet normal 0 0 -1
    outer loop
      vertex -25 0 -0.5
      vertex -19.7898 2 -0.5
      vertex -20.5 0 -0.5
    endloop
  endfacet
  facet normal 0 0 -1
    outer loop
      vertex -25 0 -0.5
      vertex -19.7898 -2 -0.5
      vertex -24.4537 -5.19779 -0.5
    endloop
  endfacet
  facet normal 0 0 -1
    outer loop
      vertex -18.2709 8.13473 -0.5
      vertex -22.8386 10.1684 -0.5
      vertex -20.2254 14.6946 -0.5
    endloop
  endfacet
  facet normal 0 0 -1
    outer loop
      vertex -19.7898 -2 -0.5
      vertex -25 0 -0.5
      vertex -20.5 0 -0.5
    endloop
  endfacet
  facet normal 0 0 -1
    outer loop
      vertex -19.563 4.15823 -0.5
      vertex -24.4537 5.19779 -0.5
      vertex -22.8386 10.1684 -0.5
    endloop
  endfacet
  facet normal -0 0 -1
    outer loop
      vertex -19.7898 2 -0.5
      vertex -25 0 -0.5
      vertex -24.4537 5.19779 -0.5
    endloop
  endfacet
  facet normal 0 0 -1
    outer loop
      vertex -10 -2 -0.5
      vertex -15.5 0 -0.5
      vertex -10 2 -0.5
    endloop
  endfacet
  facet normal 0 0 -1
    outer loop
      vertex -10 -2 -0.5
      vertex -16.2322 -1.76777 -0.5
      vertex -15.5 0 -0.5
    endloop
  endfacet
  facet normal 0 -0 -1
    outer loop
      vertex -16.2322 -1.76777 -0.5
      vertex -10 -2 -0.5
      vertex -16.7929 -2 -0.5
    endloop
  endfacet
  facet normal 0 0 -1
    outer loop
      vertex -16.2322 1.76777 -0.5
      vertex -10 2 -0.5
      vertex -15.5 0 -0.5
    endloop
  endfacet
  facet normal -0 0 -1
    outer loop
      vertex -10 2 -0.5
      vertex -16.2322 1.76777 -0.5
      vertex -16.7929 2 -0.5
    endloop
  endfacet
  facet normal -0.951054 -0.309026 0
    outer loop
      vertex -22.8386 -10.1684 -0.5
      vertex -24.4537 -5.19779 0.5
      vertex -24.4537 -5.19779 -0.5
    endloop
  endfacet
  facet normal -0.951054 -0.309026 0
    outer loop
      vertex -24.4537 -5.19779 0.5
      vertex -22.8386 -10.1684 -0.5
      vertex -22.8386 -10.1684 0.5
    endloop
  endfacet
  facet normal 0.994522 -0.104527 0
    outer loop
      vertex 24.4537 -5.19779 0.5
      vertex 25 0 -0.5
      vertex 25 0 0.5
    endloop
  endfacet
  facet normal 0.994522 -0.104527 0
    outer loop
      vertex 25 0 -0.5
      vertex 24.4537 -5.19779 0.5
      vertex 24.4537 -5.19779 -0.5
    endloop
  endfacet
  facet normal 0.288401 0.647752 0.705154
    outer loop
      vertex 12.5 21.6506 0.5
      vertex 7.72542 23.7764 0.5
      vertex 11.5 19.9186 2.5
    endloop
  endfacet
  facet normal -0.207906 0.978149 0
    outer loop
      vertex -2.61321 24.863 -0.5
      vertex -7.72542 23.7764 0.5
      vertex -2.61321 24.863 0.5
    endloop
  endfacet
  facet normal -0.207906 0.978149 0
    outer loop
      vertex -7.72542 23.7764 0.5
      vertex -2.61321 24.863 -0.5
      vertex -7.72542 23.7764 -0.5
    endloop
  endfacet
  facet normal -0.41676 0.573629 0.705167
    outer loop
      vertex -12.5 21.6506 0.5
      vertex -16.7283 18.5786 0.5
      vertex -15.39 17.0923 2.5
    endloop
  endfacet
  facet normal -0.526924 0.474435 0.705168
    outer loop
      vertex -16.7283 18.5786 0.5
      vertex -20.2254 14.6946 0.5
      vertex -15.39 17.0923 2.5
    endloop
  endfacet
  facet normal 0.614056 0.354514 0.705163
    outer loop
      vertex 22.8386 10.1684 0.5
      vertex 18.6074 13.5191 2.5
      vertex 21.0115 9.35494 2.5
    endloop
  endfacet
  facet normal 0 0 1
    outer loop
      vertex -1.76777 -16.2322 2.5
      vertex -16.2322 -1.76777 2.5
      vertex -15.39 -17.0923 2.5
    endloop
  endfacet
  facet normal 0 0 1
    outer loop
      vertex -21.0115 -9.35494 2.5
      vertex -16.2322 -1.76777 2.5
      vertex -18 -2.5 2.5
    endloop
  endfacet
  facet normal 0 0 1
    outer loop
      vertex -16.2322 -1.76777 2.5
      vertex -18.6074 -13.5191 2.5
      vertex -15.39 -17.0923 2.5
    endloop
  endfacet
  facet normal 0 0 1
    outer loop
      vertex -22.4974 -4.78197 2.5
      vertex -18 -2.5 2.5
      vertex -19.7678 -1.76777 2.5
    endloop
  endfacet
  facet normal -0 0 1
    outer loop
      vertex -23 0 2.5
      vertex -19.7678 -1.76777 2.5
      vertex -20.5 0 2.5
    endloop
  endfacet
  facet normal 0 0 1
    outer loop
      vertex -16.2322 -1.76777 2.5
      vertex -21.0115 -9.35494 2.5
      vertex -18.6074 -13.5191 2.5
    endloop
  endfacet
  facet normal 0 0 1
    outer loop
      vertex -23 0 2.5
      vertex -19.7678 1.76777 2.5
      vertex -22.4974 4.78197 2.5
    endloop
  endfacet
  facet normal 0 0 1
    outer loop
      vertex -19.7678 1.76777 2.5
      vertex -23 0 2.5
      vertex -20.5 0 2.5
    endloop
  endfacet
  facet normal 0 0 1
    outer loop
      vertex -18 -2.5 2.5
      vertex -22.4974 -4.78197 2.5
      vertex -21.0115 -9.35494 2.5
    endloop
  endfacet
  facet normal 0 0 1
    outer loop
      vertex -19.7678 -1.76777 2.5
      vertex -23 0 2.5
      vertex -22.4974 -4.78197 2.5
    endloop
  endfacet
  facet normal -0 0 1
    outer loop
      vertex 0 15.5 2.5
      vertex 15.5 0 2.5
      vertex 1.76777 16.2322 2.5
    endloop
  endfacet
  facet normal 0 0 1
    outer loop
      vertex 15.5 0 2.5
      vertex 1.76777 -16.2322 2.5
      vertex 2.5 -18 2.5
    endloop
  endfacet
  facet normal 0 0 1
    outer loop
      vertex 0 -15.5 2.5
      vertex 15.5 0 2.5
      vertex 0 15.5 2.5
    endloop
  endfacet
  facet normal 0 0 1
    outer loop
      vertex 15.5 0 2.5
      vertex 0 -15.5 2.5
      vertex 1.76777 -16.2322 2.5
    endloop
  endfacet
  facet normal 0 0 1
    outer loop
      vertex -15.5 0 2.5
      vertex 0 15.5 2.5
      vertex -1.76777 16.2322 2.5
    endloop
  endfacet
  facet normal 0 0 1
    outer loop
      vertex 0 15.5 2.5
      vertex -15.5 0 2.5
      vertex 0 -15.5 2.5
    endloop
  endfacet
  facet normal -0 0 1
    outer loop
      vertex -11.5 19.9186 2.5
      vertex -2.5 18 2.5
      vertex -7.10739 21.8743 2.5
    endloop
  endfacet
  facet normal 0 0 1
    outer loop
      vertex 0 -15.5 2.5
      vertex -15.5 0 2.5
      vertex -1.76777 -16.2322 2.5
    endloop
  endfacet
  facet normal 0 0 1
    outer loop
      vertex 11.5 -19.9186 2.5
      vertex 2.5 -18 2.5
      vertex 7.10739 -21.8743 2.5
    endloop
  endfacet
  facet normal -0 0 1
    outer loop
      vertex 1.76777 -19.7678 2.5
      vertex 7.10739 -21.8743 2.5
      vertex 2.5 -18 2.5
    endloop
  endfacet
  facet normal 0 0 1
    outer loop
      vertex 7.10739 -21.8743 2.5
      vertex 1.76777 -19.7678 2.5
      vertex 2.40415 -22.874 2.5
    endloop
  endfacet
  facet normal -0 0 1
    outer loop
      vertex 0 -20.5 2.5
      vertex 2.40415 -22.874 2.5
      vertex 1.76777 -19.7678 2.5
    endloop
  endfacet
  facet normal 0 0 1
    outer loop
      vertex -2.40415 -22.874 2.5
      vertex 0 -20.5 2.5
      vertex -1.76777 -19.7678 2.5
    endloop
  endfacet
  facet normal 0 0 1
    outer loop
      vertex 0 -20.5 2.5
      vertex -2.40415 -22.874 2.5
      vertex 2.40415 -22.874 2.5
    endloop
  endfacet
  facet normal 0 0 1
    outer loop
      vertex -7.10739 -21.8743 2.5
      vertex -1.76777 -19.7678 2.5
      vertex -2.5 -18 2.5
    endloop
  endfacet
  facet normal -0 0 1
    outer loop
      vertex -16.2322 -1.76777 2.5
      vertex -1.76777 -16.2322 2.5
      vertex -15.5 0 2.5
    endloop
  endfacet
  facet normal 0 -0 1
    outer loop
      vertex -11.5 -19.9186 2.5
      vertex -1.76777 -16.2322 2.5
      vertex -15.39 -17.0923 2.5
    endloop
  endfacet
  facet normal -0 0 1
    outer loop
      vertex -15.39 17.0923 2.5
      vertex -1.76777 16.2322 2.5
      vertex -11.5 19.9186 2.5
    endloop
  endfacet
  facet normal 0 0 1
    outer loop
      vertex -1.76777 -19.7678 2.5
      vertex -7.10739 -21.8743 2.5
      vertex -2.40415 -22.874 2.5
    endloop
  endfacet
  facet normal 0 0 1
    outer loop
      vertex -1.76777 16.2322 2.5
      vertex -15.39 17.0923 2.5
      vertex -16.2322 1.76777 2.5
    endloop
  endfacet
  facet normal 0 0 1
    outer loop
      vertex -2.5 -18 2.5
      vertex -11.5 -19.9186 2.5
      vertex -7.10739 -21.8743 2.5
    endloop
  endfacet
  facet normal 0 0 1
    outer loop
      vertex -1.76777 -16.2322 2.5
      vertex -11.5 -19.9186 2.5
      vertex -2.5 -18 2.5
    endloop
  endfacet
  facet normal 0 0 1
    outer loop
      vertex -1.76777 16.2322 2.5
      vertex -16.2322 1.76777 2.5
      vertex -15.5 0 2.5
    endloop
  endfacet
  facet normal -0 0 1
    outer loop
      vertex -18.6074 13.5191 2.5
      vertex -16.2322 1.76777 2.5
      vertex -15.39 17.0923 2.5
    endloop
  endfacet
  facet normal -0 0 1
    outer loop
      vertex -21.0115 9.35494 2.5
      vertex -16.2322 1.76777 2.5
      vertex -18.6074 13.5191 2.5
    endloop
  endfacet
  facet normal 0 0 1
    outer loop
      vertex -16.2322 1.76777 2.5
      vertex -21.0115 9.35494 2.5
      vertex -18 2.5 2.5
    endloop
  endfacet
  facet normal -0 0 1
    outer loop
      vertex -22.4974 4.78197 2.5
      vertex -18 2.5 2.5
      vertex -21.0115 9.35494 2.5
    endloop
  endfacet
  facet normal 0 0 1
    outer loop
      vertex -18 2.5 2.5
      vertex -22.4974 4.78197 2.5
      vertex -19.7678 1.76777 2.5
    endloop
  endfacet
  facet normal -0 0 1
    outer loop
      vertex 19.7678 1.76777 2.5
      vertex 23 0 2.5
      vertex 22.4974 4.78197 2.5
    endloop
  endfacet
  facet normal 0 0 1
    outer loop
      vertex 18 2.5 2.5
      vertex 22.4974 4.78197 2.5
      vertex 21.0115 9.35494 2.5
    endloop
  endfacet
  facet normal 0 0 1
    outer loop
      vertex 19.7678 -1.76777 2.5
      vertex 23 0 2.5
      vertex 20.5 0 2.5
    endloop
  endfacet
  facet normal 0 0 1
    outer loop
      vertex 23 0 2.5
      vertex 19.7678 -1.76777 2.5
      vertex 22.4974 -4.78197 2.5
    endloop
  endfacet
  facet normal 0 0 1
    outer loop
      vertex 23 0 2.5
      vertex 19.7678 1.76777 2.5
      vertex 20.5 0 2.5
    endloop
  endfacet
  facet normal 0 0 1
    outer loop
      vertex 16.2322 1.76777 2.5
      vertex 21.0115 9.35494 2.5
      vertex 18.6074 13.5191 2.5
    endloop
  endfacet
  facet normal 0 0 1
    outer loop
      vertex 22.4974 4.78197 2.5
      vertex 18 2.5 2.5
      vertex 19.7678 1.76777 2.5
    endloop
  endfacet
  facet normal 0 0 1
    outer loop
      vertex 21.0115 9.35494 2.5
      vertex 16.2322 1.76777 2.5
      vertex 18 2.5 2.5
    endloop
  endfacet
  facet normal 0 0 1
    outer loop
      vertex 15.39 17.0923 2.5
      vertex 16.2322 1.76777 2.5
      vertex 18.6074 13.5191 2.5
    endloop
  endfacet
  facet normal 0 0 1
    outer loop
      vertex 11.5 19.9186 2.5
      vertex 1.76777 16.2322 2.5
      vertex 15.39 17.0923 2.5
    endloop
  endfacet
  facet normal -0 0 1
    outer loop
      vertex 18 -2.5 2.5
      vertex 22.4974 -4.78197 2.5
      vertex 19.7678 -1.76777 2.5
    endloop
  endfacet
  facet normal 0 0 1
    outer loop
      vertex 22.4974 -4.78197 2.5
      vertex 18 -2.5 2.5
      vertex 21.0115 -9.35494 2.5
    endloop
  endfacet
  facet normal 0 0 1
    outer loop
      vertex 16.2322 -1.76777 2.5
      vertex 21.0115 -9.35494 2.5
      vertex 18 -2.5 2.5
    endloop
  endfacet
  facet normal 0 0 1
    outer loop
      vertex 21.0115 -9.35494 2.5
      vertex 16.2322 -1.76777 2.5
      vertex 18.6074 -13.5191 2.5
    endloop
  endfacet
  facet normal 0 0 1
    outer loop
      vertex 2.5 -18 2.5
      vertex 16.2322 -1.76777 2.5
      vertex 15.5 0 2.5
    endloop
  endfacet
  facet normal 0 0 1
    outer loop
      vertex 16.2322 -1.76777 2.5
      vertex 15.39 -17.0923 2.5
      vertex 18.6074 -13.5191 2.5
    endloop
  endfacet
  facet normal 0 0 1
    outer loop
      vertex 15.39 17.0923 2.5
      vertex 1.76777 16.2322 2.5
      vertex 16.2322 1.76777 2.5
    endloop
  endfacet
  facet normal 0 0 1
    outer loop
      vertex 1.76777 16.2322 2.5
      vertex 11.5 19.9186 2.5
      vertex 2.5 18 2.5
    endloop
  endfacet
  facet normal 0 0 1
    outer loop
      vertex 16.2322 1.76777 2.5
      vertex 1.76777 16.2322 2.5
      vertex 15.5 0 2.5
    endloop
  endfacet
  facet normal 0 0 1
    outer loop
      vertex 2.5 18 2.5
      vertex 11.5 19.9186 2.5
      vertex 7.10739 21.8743 2.5
    endloop
  endfacet
  facet normal 0 0 1
    outer loop
      vertex 2.5 -18 2.5
      vertex 15.39 -17.0923 2.5
      vertex 16.2322 -1.76777 2.5
    endloop
  endfacet
  facet normal 0 0 1
    outer loop
      vertex 15.39 -17.0923 2.5
      vertex 2.5 -18 2.5
      vertex 11.5 -19.9186 2.5
    endloop
  endfacet
  facet normal 0 0 1
    outer loop
      vertex 1.76777 19.7678 2.5
      vertex 7.10739 21.8743 2.5
      vertex 2.40415 22.874 2.5
    endloop
  endfacet
  facet normal 0 0 1
    outer loop
      vertex 7.10739 21.8743 2.5
      vertex 1.76777 19.7678 2.5
      vertex 2.5 18 2.5
    endloop
  endfacet
  facet normal 0 0 1
    outer loop
      vertex 2.40415 22.874 2.5
      vertex 0 20.5 2.5
      vertex 1.76777 19.7678 2.5
    endloop
  endfacet
  facet normal -0 0 1
    outer loop
      vertex -2.40415 22.874 2.5
      vertex 0 20.5 2.5
      vertex 2.40415 22.874 2.5
    endloop
  endfacet
  facet normal 0 0 1
    outer loop
      vertex 0 20.5 2.5
      vertex -2.40415 22.874 2.5
      vertex -1.76777 19.7678 2.5
    endloop
  endfacet
  facet normal -0 0 1
    outer loop
      vertex -7.10739 21.8743 2.5
      vertex -1.76777 19.7678 2.5
      vertex -2.40415 22.874 2.5
    endloop
  endfacet
  facet normal 0 0 1
    outer loop
      vertex -2.5 18 2.5
      vertex -11.5 19.9186 2.5
      vertex -1.76777 16.2322 2.5
    endloop
  endfacet
  facet normal 0 0 1
    outer loop
      vertex -1.76777 19.7678 2.5
      vertex -7.10739 21.8743 2.5
      vertex -2.5 18 2.5
    endloop
  endfacet
  facet normal -0.705162 -0.0741147 0.705162
    outer loop
      vertex -23 0 2.5
      vertex -25 0 0.5
      vertex -22.4974 -4.78197 2.5
    endloop
  endfacet
  facet normal 0.994522 0.104527 0
    outer loop
      vertex 25 0 0.5
      vertex 24.4537 5.19779 -0.5
      vertex 24.4537 5.19779 0.5
    endloop
  endfacet
  facet normal 0.994522 0.104527 0
    outer loop
      vertex 24.4537 5.19779 -0.5
      vertex 25 0 0.5
      vertex 25 0 -0.5
    endloop
  endfacet
  facet normal 0.614062 -0.354529 0.70515
    outer loop
      vertex 22.8386 -10.1684 0.5
      vertex 18.6074 -13.5191 2.5
      vertex 20.2254 -14.6946 0.5
    endloop
  endfacet
  facet normal 0.207906 -0.978149 0
    outer loop
      vertex 2.61321 -24.863 -0.5
      vertex 7.72542 -23.7764 0.5
      vertex 2.61321 -24.863 0.5
    endloop
  endfacet
  facet normal 0.207906 -0.978149 0
    outer loop
      vertex 7.72542 -23.7764 0.5
      vertex 2.61321 -24.863 -0.5
      vertex 7.72542 -23.7764 -0.5
    endloop
  endfacet
  facet normal 0.526924 -0.474435 0.705168
    outer loop
      vertex 20.2254 -14.6946 0.5
      vertex 15.39 -17.0923 2.5
      vertex 16.7283 -18.5786 0.5
    endloop
  endfacet
  facet normal 0.526928 -0.47446 0.705149
    outer loop
      vertex 18.6074 -13.5191 2.5
      vertex 15.39 -17.0923 2.5
      vertex 20.2254 -14.6946 0.5
    endloop
  endfacet
  facet normal -0.994522 0.104527 0
    outer loop
      vertex -25 0 -0.5
      vertex -24.4537 5.19779 0.5
      vertex -24.4537 5.19779 -0.5
    endloop
  endfacet
  facet normal -0.994522 0.104527 0
    outer loop
      vertex -24.4537 5.19779 0.5
      vertex -25 0 -0.5
      vertex -25 0 0.5
    endloop
  endfacet
  facet normal -0.614062 -0.354529 0.70515
    outer loop
      vertex -18.6074 -13.5191 2.5
      vertex -22.8386 -10.1684 0.5
      vertex -20.2254 -14.6946 0.5
    endloop
  endfacet
  facet normal 0 0.709054 0.705154
    outer loop
      vertex 2.61321 24.863 0.5
      vertex -2.40415 22.874 2.5
      vertex 2.40415 22.874 2.5
    endloop
  endfacet
  facet normal 0 0.709054 0.705154
    outer loop
      vertex -2.40415 22.874 2.5
      vertex 2.61321 24.863 0.5
      vertex -2.61321 24.863 0.5
    endloop
  endfacet
  facet normal 0.614062 0.354529 0.70515
    outer loop
      vertex 20.2254 14.6946 0.5
      vertex 18.6074 13.5191 2.5
      vertex 22.8386 10.1684 0.5
    endloop
  endfacet
  facet normal 0.207906 0.978149 -0
    outer loop
      vertex 7.72542 23.7764 -0.5
      vertex 2.61321 24.863 0.5
      vertex 7.72542 23.7764 0.5
    endloop
  endfacet
  facet normal 0.207906 0.978149 0
    outer loop
      vertex 2.61321 24.863 0.5
      vertex 7.72542 23.7764 -0.5
      vertex 2.61321 24.863 -0.5
    endloop
  endfacet
  facet normal 0.67434 0.219114 0.705163
    outer loop
      vertex 22.8386 10.1684 0.5
      vertex 21.0115 9.35494 2.5
      vertex 22.4974 4.78197 2.5
    endloop
  endfacet
  facet normal 0.674341 0.219113 0.705162
    outer loop
      vertex 22.8386 10.1684 0.5
      vertex 22.4974 4.78197 2.5
      vertex 24.4537 5.19779 0.5
    endloop
  endfacet
  facet normal 0.866026 0.5 0
    outer loop
      vertex 22.8386 10.1684 0.5
      vertex 20.2254 14.6946 -0.5
      vertex 20.2254 14.6946 0.5
    endloop
  endfacet
  facet normal 0.866026 0.5 0
    outer loop
      vertex 20.2254 14.6946 -0.5
      vertex 22.8386 10.1684 0.5
      vertex 22.8386 10.1684 -0.5
    endloop
  endfacet
  facet normal -0.743149 -0.669126 0
    outer loop
      vertex -13.3826 -14.8629 -22.5
      vertex -16.1803 -11.7557 -0.5
      vertex -16.1803 -11.7557 -22.5
    endloop
  endfacet
  facet normal -0.743149 -0.669126 0
    outer loop
      vertex -16.1803 -11.7557 -0.5
      vertex -13.3826 -14.8629 -22.5
      vertex -13.3826 -14.8629 -0.5
    endloop
  endfacet
  facet normal 0.951053 0.309029 0
    outer loop
      vertex 19.563 4.15823 -0.5
      vertex 18.2709 8.13473 -22.5
      vertex 18.2709 8.13473 -0.5
    endloop
  endfacet
  facet normal 0.951053 0.309029 0
    outer loop
      vertex 18.2709 8.13473 -22.5
      vertex 19.563 4.15823 -0.5
      vertex 19.563 4.15823 -22.5
    endloop
  endfacet
  facet normal 0.994523 0.104522 0
    outer loop
      vertex 19.83 1.61755 0
      vertex 20 0 0
      vertex 19.83 1.61755 -0.5
    endloop
  endfacet
  facet normal 0.994536 0.104395 -0
    outer loop
      vertex 19.6283 3.53614 -4
      vertex 19.563 4.15823 -0.5
      vertex 19.6283 3.53614 -1
    endloop
  endfacet
  facet normal 0.994523 0.104514 -0.00015002
    outer loop
      vertex 19.83 1.61755 -0.5
      vertex 19.6283 3.53614 -1
      vertex 19.563 4.15823 -0.5
    endloop
  endfacet
  facet normal 0.994521 0.104539 -5.59874e-05
    outer loop
      vertex 19.83 1.61755 -0.5
      vertex 20 0 -1
      vertex 19.6283 3.53614 -1
    endloop
  endfacet
  facet normal 0.994523 0.104522 -0
    outer loop
      vertex 20 0 -1
      vertex 19.83 1.61755 -0.5
      vertex 20 0 0
    endloop
  endfacet
  facet normal 0.994536 0.104395 0
    outer loop
      vertex 19.563 4.15823 -0.5
      vertex 19.6283 3.53614 -4
      vertex 19.563 4.15823 -22.5
    endloop
  endfacet
  facet normal 0.994521 0.104539 -0
    outer loop
      vertex 20 0 -22.5
      vertex 19.6283 3.53614 -4
      vertex 20 0 -4
    endloop
  endfacet
  facet normal 0.994523 0.104517 4.14877e-06
    outer loop
      vertex 19.6283 3.53614 -4
      vertex 20 0 -22.5
      vertex 19.563 4.15823 -22.5
    endloop
  endfacet
  facet normal 0.866022 0.500006 0
    outer loop
      vertex 18.2709 8.13473 -0.5
      vertex 16.1803 11.7557 -22.5
      vertex 16.1803 11.7557 -0.5
    endloop
  endfacet
  facet normal 0.866022 0.500006 0
    outer loop
      vertex 16.1803 11.7557 -22.5
      vertex 18.2709 8.13473 -0.5
      vertex 18.2709 8.13473 -22.5
    endloop
  endfacet
  facet normal 0.951053 -0.309029 0
    outer loop
      vertex 18.2709 -8.13473 -0.5
      vertex 19.563 -4.15823 -22.5
      vertex 19.563 -4.15823 -0.5
    endloop
  endfacet
  facet normal 0.951053 -0.309029 0
    outer loop
      vertex 19.563 -4.15823 -22.5
      vertex 18.2709 -8.13473 -0.5
      vertex 18.2709 -8.13473 -22.5
    endloop
  endfacet
  facet normal 0.587785 -0.809017 0
    outer loop
      vertex 10 -17.3205 -22.5
      vertex 13.3826 -14.8629 -0.5
      vertex 10 -17.3205 -0.5
    endloop
  endfacet
  facet normal 0.587785 -0.809017 0
    outer loop
      vertex 13.3826 -14.8629 -0.5
      vertex 10 -17.3205 -22.5
      vertex 13.3826 -14.8629 -22.5
    endloop
  endfacet
  facet normal 0.743149 -0.669126 0
    outer loop
      vertex 13.3826 -14.8629 -0.5
      vertex 16.1803 -11.7557 -22.5
      vertex 16.1803 -11.7557 -0.5
    endloop
  endfacet
  facet normal 0.743149 -0.669126 0
    outer loop
      vertex 16.1803 -11.7557 -22.5
      vertex 13.3826 -14.8629 -0.5
      vertex 13.3826 -14.8629 -22.5
    endloop
  endfacet
  facet normal 0.994523 -0.104522 0
    outer loop
      vertex 19.83 -1.61755 -0.5
      vertex 20 0 0
      vertex 19.83 -1.61755 0
    endloop
  endfacet
  facet normal 0.994523 -0.104522 0
    outer loop
      vertex 20 0 0
      vertex 19.83 -1.61755 -0.5
      vertex 20 0 -1
    endloop
  endfacet
  facet normal 0.994521 -0.104539 -5.59874e-05
    outer loop
      vertex 19.83 -1.61755 -0.5
      vertex 19.6283 -3.53614 -1
      vertex 20 0 -1
    endloop
  endfacet
  facet normal 0.994536 -0.104395 0
    outer loop
      vertex 19.6283 -3.53614 -1
      vertex 19.563 -4.15823 -0.5
      vertex 19.6283 -3.53614 -4
    endloop
  endfacet
  facet normal 0.994523 -0.104514 -0.00015002
    outer loop
      vertex 19.563 -4.15823 -0.5
      vertex 19.6283 -3.53614 -1
      vertex 19.83 -1.61755 -0.5
    endloop
  endfacet
  facet normal 0.994521 -0.104539 0
    outer loop
      vertex 19.6283 -3.53614 -4
      vertex 20 0 -22.5
      vertex 20 0 -4
    endloop
  endfacet
  facet normal 0.994523 -0.104517 4.14877e-06
    outer loop
      vertex 19.6283 -3.53614 -4
      vertex 19.563 -4.15823 -22.5
      vertex 20 0 -22.5
    endloop
  endfacet
  facet normal 0.994536 -0.104395 0
    outer loop
      vertex 19.563 -4.15823 -22.5
      vertex 19.6283 -3.53614 -4
      vertex 19.563 -4.15823 -0.5
    endloop
  endfacet
  facet normal -0.406732 -0.913547 0
    outer loop
      vertex -10 -17.3205 -22.5
      vertex -6.18034 -19.0211 -0.5
      vertex -10 -17.3205 -0.5
    endloop
  endfacet
  facet normal -0.406732 -0.913547 -0
    outer loop
      vertex -6.18034 -19.0211 -0.5
      vertex -10 -17.3205 -22.5
      vertex -6.18034 -19.0211 -22.5
    endloop
  endfacet
  facet normal 0.406732 0.913547 -0
    outer loop
      vertex 10 17.3205 -22.5
      vertex 6.18034 19.0211 -0.5
      vertex 10 17.3205 -0.5
    endloop
  endfacet
  facet normal 0.406732 0.913547 0
    outer loop
      vertex 6.18034 19.0211 -0.5
      vertex 10 17.3205 -22.5
      vertex 6.18034 19.0211 -22.5
    endloop
  endfacet
  facet normal 0.743149 0.669126 0
    outer loop
      vertex 16.1803 11.7557 -0.5
      vertex 13.3826 14.8629 -22.5
      vertex 13.3826 14.8629 -0.5
    endloop
  endfacet
  facet normal 0.743149 0.669126 0
    outer loop
      vertex 13.3826 14.8629 -22.5
      vertex 16.1803 11.7557 -0.5
      vertex 16.1803 11.7557 -22.5
    endloop
  endfacet
  facet normal -0.587785 -0.809017 0
    outer loop
      vertex -13.3826 -14.8629 -22.5
      vertex -10 -17.3205 -0.5
      vertex -13.3826 -14.8629 -0.5
    endloop
  endfacet
  facet normal -0.587785 -0.809017 -0
    outer loop
      vertex -10 -17.3205 -0.5
      vertex -13.3826 -14.8629 -22.5
      vertex -10 -17.3205 -22.5
    endloop
  endfacet
  facet normal -0.743149 0.669126 0
    outer loop
      vertex -16.1803 11.7557 -22.5
      vertex -13.3826 14.8629 -0.5
      vertex -13.3826 14.8629 -22.5
    endloop
  endfacet
  facet normal -0.743149 0.669126 0
    outer loop
      vertex -13.3826 14.8629 -0.5
      vertex -16.1803 11.7557 -22.5
      vertex -16.1803 11.7557 -0.5
    endloop
  endfacet
  facet normal 0 1 -0
    outer loop
      vertex 2.09057 19.8904 -22.5
      vertex -2.09057 19.8904 -4
      vertex 2.09057 19.8904 -4
    endloop
  endfacet
  facet normal 0 1 0
    outer loop
      vertex -2.09057 19.8904 -4
      vertex 2.09057 19.8904 -22.5
      vertex -2.09057 19.8904 -22.5
    endloop
  endfacet
  facet normal 0 1 -0
    outer loop
      vertex 2.09057 19.8904 -1
      vertex 1.47161 19.8904 -0.5
      vertex 2.09057 19.8904 -0.5
    endloop
  endfacet
  facet normal 0 1 0
    outer loop
      vertex 1.47161 19.8904 -0.5
      vertex 2.09057 19.8904 -1
      vertex -1.47161 19.8904 -0.5
    endloop
  endfacet
  facet normal 0 1 0
    outer loop
      vertex -2.09057 19.8904 -1
      vertex -1.47161 19.8904 -0.5
      vertex 2.09057 19.8904 -1
    endloop
  endfacet
  facet normal 0 1 0
    outer loop
      vertex -1.47161 19.8904 -0.5
      vertex -2.09057 19.8904 -1
      vertex -2.09057 19.8904 -0.5
    endloop
  endfacet
  facet normal 0 1 -0
    outer loop
      vertex 1.47161 19.8904 -0.5
      vertex -1.47161 19.8904 0
      vertex 1.47161 19.8904 0
    endloop
  endfacet
  facet normal 0 1 0
    outer loop
      vertex -1.47161 19.8904 0
      vertex 1.47161 19.8904 -0.5
      vertex -1.47161 19.8904 -0.5
    endloop
  endfacet
  facet normal 0.406732 -0.913547 0
    outer loop
      vertex 6.18034 -19.0211 -22.5
      vertex 10 -17.3205 -0.5
      vertex 6.18034 -19.0211 -0.5
    endloop
  endfacet
  facet normal 0.406732 -0.913547 0
    outer loop
      vertex 10 -17.3205 -0.5
      vertex 6.18034 -19.0211 -22.5
      vertex 10 -17.3205 -22.5
    endloop
  endfacet
  facet normal 0.207896 -0.978151 0
    outer loop
      vertex 2.09057 -19.8904 -4
      vertex 2.09057 -19.8904 -22.5
      vertex 3.55477 -19.5792 -4
    endloop
  endfacet
  facet normal 0.207896 -0.978151 0
    outer loop
      vertex 3.55477 -19.5792 -1
      vertex 2.09057 -19.8904 -0.5
      vertex 2.09057 -19.8904 -1
    endloop
  endfacet
  facet normal 0.20791 -0.978148 4.43114e-05
    outer loop
      vertex 2.09057 -19.8904 -0.5
      vertex 3.55477 -19.5792 -1
      vertex 6.18034 -19.0211 -0.5
    endloop
  endfacet
  facet normal 0.207918 -0.978146 0
    outer loop
      vertex 3.55477 -19.5792 -4
      vertex 6.18034 -19.0211 -0.5
      vertex 3.55477 -19.5792 -1
    endloop
  endfacet
  facet normal 0.20791 -0.978148 -1.19761e-06
    outer loop
      vertex 6.18034 -19.0211 -22.5
      vertex 3.55477 -19.5792 -4
      vertex 2.09057 -19.8904 -22.5
    endloop
  endfacet
  facet normal 0.207918 -0.978146 0
    outer loop
      vertex 3.55477 -19.5792 -4
      vertex 6.18034 -19.0211 -22.5
      vertex 6.18034 -19.0211 -0.5
    endloop
  endfacet
  facet normal -0.951053 0.309029 0
    outer loop
      vertex -19.563 4.15823 -22.5
      vertex -18.2709 8.13473 -0.5
      vertex -18.2709 8.13473 -22.5
    endloop
  endfacet
  facet normal -0.951053 0.309029 0
    outer loop
      vertex -18.2709 8.13473 -0.5
      vertex -19.563 4.15823 -22.5
      vertex -19.563 4.15823 -0.5
    endloop
  endfacet
  facet normal 0 0 -1
    outer loop
      vertex -16.1803 -11.7557 -22.5
      vertex -5.3033 -5.3033 -22.5
      vertex -13.3826 -14.8629 -22.5
    endloop
  endfacet
  facet normal -0 0 -1
    outer loop
      vertex -5.3033 -5.3033 -22.5
      vertex -16.1803 -11.7557 -22.5
      vertex -10 -2 -22.5
    endloop
  endfacet
  facet normal 0 0 -1
    outer loop
      vertex -18.2709 -8.13473 -22.5
      vertex -10 -2 -22.5
      vertex -16.1803 -11.7557 -22.5
    endloop
  endfacet
  facet normal 0 0 -1
    outer loop
      vertex -19.563 -4.15823 -22.5
      vertex -10 -2 -22.5
      vertex -18.2709 -8.13473 -22.5
    endloop
  endfacet
  facet normal -0 0 -1
    outer loop
      vertex -10 -2 -22.5
      vertex -19.563 -4.15823 -22.5
      vertex -19.7898 -2 -22.5
    endloop
  endfacet
  facet normal 0 0 -1
    outer loop
      vertex 7.5 0 -22.5
      vertex 20 0 -22.5
      vertex 19.563 -4.15823 -22.5
    endloop
  endfacet
  facet normal 0 0 -1
    outer loop
      vertex 7.24444 -1.94114 -22.5
      vertex 19.563 -4.15823 -22.5
      vertex 18.2709 -8.13473 -22.5
    endloop
  endfacet
  facet normal 0 0 -1
    outer loop
      vertex 20 0 -22.5
      vertex 7.5 0 -22.5
      vertex 19.563 4.15823 -22.5
    endloop
  endfacet
  facet normal 0 0 -1
    outer loop
      vertex 6.49519 -3.75 -22.5
      vertex 18.2709 -8.13473 -22.5
      vertex 16.1803 -11.7557 -22.5
    endloop
  endfacet
  facet normal 0 0 -1
    outer loop
      vertex 7.24444 1.94114 -22.5
      vertex 19.563 4.15823 -22.5
      vertex 7.5 0 -22.5
    endloop
  endfacet
  facet normal 0 0 -1
    outer loop
      vertex 5.3033 -5.3033 -22.5
      vertex 16.1803 -11.7557 -22.5
      vertex 13.3826 -14.8629 -22.5
    endloop
  endfacet
  facet normal -0 0 -1
    outer loop
      vertex 19.563 4.15823 -22.5
      vertex 7.24444 1.94114 -22.5
      vertex 18.2709 8.13473 -22.5
    endloop
  endfacet
  facet normal 0 0 -1
    outer loop
      vertex 3.75 -6.49519 -22.5
      vertex 13.3826 -14.8629 -22.5
      vertex 10 -17.3205 -22.5
    endloop
  endfacet
  facet normal 0 0 -1
    outer loop
      vertex 6.49519 3.75 -22.5
      vertex 18.2709 8.13473 -22.5
      vertex 7.24444 1.94114 -22.5
    endloop
  endfacet
  facet normal -0 0 -1
    outer loop
      vertex 18.2709 8.13473 -22.5
      vertex 6.49519 3.75 -22.5
      vertex 16.1803 11.7557 -22.5
    endloop
  endfacet
  facet normal 0 0 -1
    outer loop
      vertex 19.563 -4.15823 -22.5
      vertex 7.24444 -1.94114 -22.5
      vertex 7.5 0 -22.5
    endloop
  endfacet
  facet normal 0 0 -1
    outer loop
      vertex 18.2709 -8.13473 -22.5
      vertex 6.49519 -3.75 -22.5
      vertex 7.24444 -1.94114 -22.5
    endloop
  endfacet
  facet normal 0 0 -1
    outer loop
      vertex 3.75 -6.49519 -22.5
      vertex 10 -17.3205 -22.5
      vertex 6.18034 -19.0211 -22.5
    endloop
  endfacet
  facet normal 0 0 -1
    outer loop
      vertex 16.1803 -11.7557 -22.5
      vertex 5.3033 -5.3033 -22.5
      vertex 6.49519 -3.75 -22.5
    endloop
  endfacet
  facet normal 0 0 -1
    outer loop
      vertex 13.3826 -14.8629 -22.5
      vertex 3.75 -6.49519 -22.5
      vertex 5.3033 -5.3033 -22.5
    endloop
  endfacet
  facet normal 0 0 -1
    outer loop
      vertex 1.94114 -7.24444 -22.5
      vertex 6.18034 -19.0211 -22.5
      vertex 2.09057 -19.8904 -22.5
    endloop
  endfacet
  facet normal 0 0 -1
    outer loop
      vertex 6.18034 -19.0211 -22.5
      vertex 1.94114 -7.24444 -22.5
      vertex 3.75 -6.49519 -22.5
    endloop
  endfacet
  facet normal 0 0 -1
    outer loop
      vertex 2.09057 -19.8904 -22.5
      vertex 0 -7.5 -22.5
      vertex 1.94114 -7.24444 -22.5
    endloop
  endfacet
  facet normal 0 0 -1
    outer loop
      vertex -2.09057 -19.8904 -22.5
      vertex 0 -7.5 -22.5
      vertex 2.09057 -19.8904 -22.5
    endloop
  endfacet
  facet normal -0 0 -1
    outer loop
      vertex 0 -7.5 -22.5
      vertex -2.09057 -19.8904 -22.5
      vertex -1.94114 -7.24444 -22.5
    endloop
  endfacet
  facet normal 0 0 -1
    outer loop
      vertex -6.18034 -19.0211 -22.5
      vertex -1.94114 -7.24444 -22.5
      vertex -2.09057 -19.8904 -22.5
    endloop
  endfacet
  facet normal -0 0 -1
    outer loop
      vertex -1.94114 -7.24444 -22.5
      vertex -6.18034 -19.0211 -22.5
      vertex -3.75 -6.49519 -22.5
    endloop
  endfacet
  facet normal 0 0 -1
    outer loop
      vertex -10 -17.3205 -22.5
      vertex -3.75 -6.49519 -22.5
      vertex -6.18034 -19.0211 -22.5
    endloop
  endfacet
  facet normal 0 0 -1
    outer loop
      vertex -13.3826 -14.8629 -22.5
      vertex -3.75 -6.49519 -22.5
      vertex -10 -17.3205 -22.5
    endloop
  endfacet
  facet normal -0 0 -1
    outer loop
      vertex -3.75 -6.49519 -22.5
      vertex -13.3826 -14.8629 -22.5
      vertex -5.3033 -5.3033 -22.5
    endloop
  endfacet
  facet normal 0 0 -1
    outer loop
      vertex -5.3033 -5.3033 -22.5
      vertex -10 -2 -22.5
      vertex -6.49519 -3.75 -22.5
    endloop
  endfacet
  facet normal 0 0 -1
    outer loop
      vertex -6.49519 -3.75 -22.5
      vertex -10 -2 -22.5
      vertex -7.24444 -1.94114 -22.5
    endloop
  endfacet
  facet normal 0 0 -1
    outer loop
      vertex 5.3033 5.3033 -22.5
      vertex 16.1803 11.7557 -22.5
      vertex 6.49519 3.75 -22.5
    endloop
  endfacet
  facet normal -0 0 -1
    outer loop
      vertex 16.1803 11.7557 -22.5
      vertex 5.3033 5.3033 -22.5
      vertex 13.3826 14.8629 -22.5
    endloop
  endfacet
  facet normal 0 0 -1
    outer loop
      vertex 3.75 6.49519 -22.5
      vertex 13.3826 14.8629 -22.5
      vertex 5.3033 5.3033 -22.5
    endloop
  endfacet
  facet normal -0 0 -1
    outer loop
      vertex 13.3826 14.8629 -22.5
      vertex 3.75 6.49519 -22.5
      vertex 10 17.3205 -22.5
    endloop
  endfacet
  facet normal -0 0 -1
    outer loop
      vertex 10 17.3205 -22.5
      vertex 3.75 6.49519 -22.5
      vertex 6.18034 19.0211 -22.5
    endloop
  endfacet
  facet normal 0 0 -1
    outer loop
      vertex 1.94114 7.24444 -22.5
      vertex 6.18034 19.0211 -22.5
      vertex 3.75 6.49519 -22.5
    endloop
  endfacet
  facet normal -0 0 -1
    outer loop
      vertex 6.18034 19.0211 -22.5
      vertex 1.94114 7.24444 -22.5
      vertex 2.09057 19.8904 -22.5
    endloop
  endfacet
  facet normal 0 0 -1
    outer loop
      vertex 0 7.5 -22.5
      vertex 2.09057 19.8904 -22.5
      vertex 1.94114 7.24444 -22.5
    endloop
  endfacet
  facet normal 0 0 -1
    outer loop
      vertex -2.09057 19.8904 -22.5
      vertex 0 7.5 -22.5
      vertex -1.94114 7.24444 -22.5
    endloop
  endfacet
  facet normal 0 0 -1
    outer loop
      vertex 0 7.5 -22.5
      vertex -2.09057 19.8904 -22.5
      vertex 2.09057 19.8904 -22.5
    endloop
  endfacet
  facet normal 0 0 -1
    outer loop
      vertex -6.18034 19.0211 -22.5
      vertex -1.94114 7.24444 -22.5
      vertex -3.75 6.49519 -22.5
    endloop
  endfacet
  facet normal 0 0 -1
    outer loop
      vertex -13.3826 14.8629 -22.5
      vertex -3.75 6.49519 -22.5
      vertex -5.3033 5.3033 -22.5
    endloop
  endfacet
  facet normal 0 0 -1
    outer loop
      vertex -1.94114 7.24444 -22.5
      vertex -6.18034 19.0211 -22.5
      vertex -2.09057 19.8904 -22.5
    endloop
  endfacet
  facet normal 0 0 -1
    outer loop
      vertex -16.1803 11.7557 -22.5
      vertex -5.3033 5.3033 -22.5
      vertex -6.49519 3.75 -22.5
    endloop
  endfacet
  facet normal 0 0 -1
    outer loop
      vertex -10 2 -22.5
      vertex -6.49519 3.75 -22.5
      vertex -7.24444 1.94114 -22.5
    endloop
  endfacet
  facet normal 0 0 -1
    outer loop
      vertex -10 2 -22.5
      vertex -7.24444 1.94114 -22.5
      vertex -7.5 0 -22.5
    endloop
  endfacet
  facet normal -0 0 -1
    outer loop
      vertex -7.24444 -1.94114 -22.5
      vertex -10 -2 -22.5
      vertex -7.5 0 -22.5
    endloop
  endfacet
  facet normal 0 0 -1
    outer loop
      vertex -10 2 -22.5
      vertex -7.5 0 -22.5
      vertex -10 -2 -22.5
    endloop
  endfacet
  facet normal 0 0 -1
    outer loop
      vertex -16.1803 11.7557 -22.5
      vertex -6.49519 3.75 -22.5
      vertex -10 2 -22.5
    endloop
  endfacet
  facet normal 0 0 -1
    outer loop
      vertex -3.75 6.49519 -22.5
      vertex -10 17.3205 -22.5
      vertex -6.18034 19.0211 -22.5
    endloop
  endfacet
  facet normal 0 0 -1
    outer loop
      vertex -3.75 6.49519 -22.5
      vertex -13.3826 14.8629 -22.5
      vertex -10 17.3205 -22.5
    endloop
  endfacet
  facet normal 0 0 -1
    outer loop
      vertex -5.3033 5.3033 -22.5
      vertex -16.1803 11.7557 -22.5
      vertex -13.3826 14.8629 -22.5
    endloop
  endfacet
  facet normal 0 0 -1
    outer loop
      vertex -10 2 -22.5
      vertex -18.2709 8.13473 -22.5
      vertex -16.1803 11.7557 -22.5
    endloop
  endfacet
  facet normal 0 0 -1
    outer loop
      vertex -10 2 -22.5
      vertex -19.563 4.15823 -22.5
      vertex -18.2709 8.13473 -22.5
    endloop
  endfacet
  facet normal 0 -0 -1
    outer loop
      vertex -19.563 4.15823 -22.5
      vertex -10 2 -22.5
      vertex -19.7898 2 -22.5
    endloop
  endfacet
  facet normal -0.951053 -0.309029 0
    outer loop
      vertex -18.2709 -8.13473 -22.5
      vertex -19.563 -4.15823 -0.5
      vertex -19.563 -4.15823 -22.5
    endloop
  endfacet
  facet normal -0.951053 -0.309029 0
    outer loop
      vertex -19.563 -4.15823 -0.5
      vertex -18.2709 -8.13473 -22.5
      vertex -18.2709 -8.13473 -0.5
    endloop
  endfacet
  facet normal -0.406732 0.913547 0
    outer loop
      vertex -6.18034 19.0211 -22.5
      vertex -10 17.3205 -0.5
      vertex -6.18034 19.0211 -0.5
    endloop
  endfacet
  facet normal -0.406732 0.913547 0
    outer loop
      vertex -10 17.3205 -0.5
      vertex -6.18034 19.0211 -22.5
      vertex -10 17.3205 -22.5
    endloop
  endfacet
  facet normal -0.20791 -0.978148 4.43114e-05
    outer loop
      vertex -6.18034 -19.0211 -0.5
      vertex -3.55477 -19.5792 -1
      vertex -2.09057 -19.8904 -0.5
    endloop
  endfacet
  facet normal -0.207918 -0.978146 0
    outer loop
      vertex -6.18034 -19.0211 -0.5
      vertex -3.55477 -19.5792 -4
      vertex -3.55477 -19.5792 -1
    endloop
  endfacet
  facet normal -0.207918 -0.978146 0
    outer loop
      vertex -6.18034 -19.0211 -22.5
      vertex -3.55477 -19.5792 -4
      vertex -6.18034 -19.0211 -0.5
    endloop
  endfacet
  facet normal -0.20791 -0.978148 -1.19761e-06
    outer loop
      vertex -2.09057 -19.8904 -22.5
      vertex -3.55477 -19.5792 -4
      vertex -6.18034 -19.0211 -22.5
    endloop
  endfacet
  facet normal -0.207896 -0.978151 0
    outer loop
      vertex -3.55477 -19.5792 -4
      vertex -2.09057 -19.8904 -22.5
      vertex -2.09057 -19.8904 -4
    endloop
  endfacet
  facet normal -0.207896 -0.978151 -0
    outer loop
      vertex -2.09057 -19.8904 -0.5
      vertex -3.55477 -19.5792 -1
      vertex -2.09057 -19.8904 -1
    endloop
  endfacet
  facet normal 0.20791 0.978148 4.43114e-05
    outer loop
      vertex 6.18034 19.0211 -0.5
      vertex 3.55477 19.5792 -1
      vertex 2.09057 19.8904 -0.5
    endloop
  endfacet
  facet normal 0.207918 0.978146 0
    outer loop
      vertex 6.18034 19.0211 -0.5
      vertex 3.55477 19.5792 -4
      vertex 3.55477 19.5792 -1
    endloop
  endfacet
  facet normal 0.207918 0.978146 -0
    outer loop
      vertex 6.18034 19.0211 -22.5
      vertex 3.55477 19.5792 -4
      vertex 6.18034 19.0211 -0.5
    endloop
  endfacet
  facet normal 0.20791 0.978148 -1.19761e-06
    outer loop
      vertex 2.09057 19.8904 -22.5
      vertex 3.55477 19.5792 -4
      vertex 6.18034 19.0211 -22.5
    endloop
  endfacet
  facet normal 0.207896 0.978151 0
    outer loop
      vertex 3.55477 19.5792 -4
      vertex 2.09057 19.8904 -22.5
      vertex 2.09057 19.8904 -4
    endloop
  endfacet
  facet normal 0.207896 0.978151 0
    outer loop
      vertex 2.09057 19.8904 -0.5
      vertex 3.55477 19.5792 -1
      vertex 2.09057 19.8904 -1
    endloop
  endfacet
  facet normal -0.994519 -0.104557 0
    outer loop
      vertex -19.7898 -2 -22.5
      vertex -19.6283 -3.53614 -4
      vertex -19.7898 -2 -4
    endloop
  endfacet
  facet normal -0.994536 -0.104395 -0
    outer loop
      vertex -19.563 -4.15823 -0.5
      vertex -19.6283 -3.53614 -4
      vertex -19.563 -4.15823 -22.5
    endloop
  endfacet
  facet normal -0.994524 -0.104511 3.92539e-06
    outer loop
      vertex -19.563 -4.15823 -22.5
      vertex -19.6283 -3.53614 -4
      vertex -19.7898 -2 -22.5
    endloop
  endfacet
  facet normal -0.994519 -0.104557 0
    outer loop
      vertex -19.6283 -3.53614 -1
      vertex -19.7898 -2 -0.5
      vertex -19.7898 -2 -1
    endloop
  endfacet
  facet normal -0.994524 -0.104511 -0.000145239
    outer loop
      vertex -19.6283 -3.53614 -1
      vertex -19.563 -4.15823 -0.5
      vertex -19.7898 -2 -0.5
    endloop
  endfacet
  facet normal -0.994536 -0.104395 0
    outer loop
      vertex -19.6283 -3.53614 -4
      vertex -19.563 -4.15823 -0.5
      vertex -19.6283 -3.53614 -1
    endloop
  endfacet
  facet normal -0.866022 -0.500006 0
    outer loop
      vertex -16.1803 -11.7557 -22.5
      vertex -18.2709 -8.13473 -0.5
      vertex -18.2709 -8.13473 -22.5
    endloop
  endfacet
  facet normal -0.866022 -0.500006 0
    outer loop
      vertex -18.2709 -8.13473 -0.5
      vertex -16.1803 -11.7557 -22.5
      vertex -16.1803 -11.7557 -0.5
    endloop
  endfacet
  facet normal -0.866022 0.500006 0
    outer loop
      vertex -18.2709 8.13473 -22.5
      vertex -16.1803 11.7557 -0.5
      vertex -16.1803 11.7557 -22.5
    endloop
  endfacet
  facet normal -0.866022 0.500006 0
    outer loop
      vertex -16.1803 11.7557 -0.5
      vertex -18.2709 8.13473 -22.5
      vertex -18.2709 8.13473 -0.5
    endloop
  endfacet
  facet normal 0.866022 -0.500006 0
    outer loop
      vertex 16.1803 -11.7557 -0.5
      vertex 18.2709 -8.13473 -22.5
      vertex 18.2709 -8.13473 -0.5
    endloop
  endfacet
  facet normal 0.866022 -0.500006 0
    outer loop
      vertex 18.2709 -8.13473 -22.5
      vertex 16.1803 -11.7557 -0.5
      vertex 16.1803 -11.7557 -22.5
    endloop
  endfacet
  facet normal 0.587785 0.809017 -0
    outer loop
      vertex 13.3826 14.8629 -22.5
      vertex 10 17.3205 -0.5
      vertex 13.3826 14.8629 -0.5
    endloop
  endfacet
  facet normal 0.587785 0.809017 0
    outer loop
      vertex 10 17.3205 -0.5
      vertex 13.3826 14.8629 -22.5
      vertex 10 17.3205 -22.5
    endloop
  endfacet
  facet normal -0.587785 0.809017 0
    outer loop
      vertex -10 17.3205 -22.5
      vertex -13.3826 14.8629 -0.5
      vertex -10 17.3205 -0.5
    endloop
  endfacet
  facet normal -0.587785 0.809017 0
    outer loop
      vertex -13.3826 14.8629 -0.5
      vertex -10 17.3205 -22.5
      vertex -13.3826 14.8629 -22.5
    endloop
  endfacet
  facet normal -0.207896 0.978151 0
    outer loop
      vertex -2.09057 19.8904 -4
      vertex -2.09057 19.8904 -22.5
      vertex -3.55477 19.5792 -4
    endloop
  endfacet
  facet normal -0.207896 0.978151 0
    outer loop
      vertex -3.55477 19.5792 -1
      vertex -2.09057 19.8904 -0.5
      vertex -2.09057 19.8904 -1
    endloop
  endfacet
  facet normal -0.20791 0.978148 4.43114e-05
    outer loop
      vertex -2.09057 19.8904 -0.5
      vertex -3.55477 19.5792 -1
      vertex -6.18034 19.0211 -0.5
    endloop
  endfacet
  facet normal -0.207918 0.978146 0
    outer loop
      vertex -3.55477 19.5792 -4
      vertex -6.18034 19.0211 -0.5
      vertex -3.55477 19.5792 -1
    endloop
  endfacet
  facet normal -0.20791 0.978148 -1.19761e-06
    outer loop
      vertex -6.18034 19.0211 -22.5
      vertex -3.55477 19.5792 -4
      vertex -2.09057 19.8904 -22.5
    endloop
  endfacet
  facet normal -0.207918 0.978146 0
    outer loop
      vertex -3.55477 19.5792 -4
      vertex -6.18034 19.0211 -22.5
      vertex -6.18034 19.0211 -0.5
    endloop
  endfacet
  facet normal 0 -1 0
    outer loop
      vertex -2.09057 -19.8904 -22.5
      vertex 2.09057 -19.8904 -4
      vertex -2.09057 -19.8904 -4
    endloop
  endfacet
  facet normal 0 -1 -0
    outer loop
      vertex 2.09057 -19.8904 -4
      vertex -2.09057 -19.8904 -22.5
      vertex 2.09057 -19.8904 -22.5
    endloop
  endfacet
  facet normal 0 -1 0
    outer loop
      vertex -2.09057 -19.8904 -1
      vertex -1.47161 -19.8904 -0.5
      vertex -2.09057 -19.8904 -0.5
    endloop
  endfacet
  facet normal 0 -1 -0
    outer loop
      vertex -1.47161 -19.8904 -0.5
      vertex -2.09057 -19.8904 -1
      vertex 1.47161 -19.8904 -0.5
    endloop
  endfacet
  facet normal 0 -1 0
    outer loop
      vertex 2.09057 -19.8904 -1
      vertex 1.47161 -19.8904 -0.5
      vertex -2.09057 -19.8904 -1
    endloop
  endfacet
  facet normal 0 -1 0
    outer loop
      vertex 1.47161 -19.8904 -0.5
      vertex 2.09057 -19.8904 -1
      vertex 2.09057 -19.8904 -0.5
    endloop
  endfacet
  facet normal 0 -1 0
    outer loop
      vertex -1.47161 -19.8904 -0.5
      vertex 1.47161 -19.8904 0
      vertex -1.47161 -19.8904 0
    endloop
  endfacet
  facet normal 0 -1 -0
    outer loop
      vertex 1.47161 -19.8904 0
      vertex -1.47161 -19.8904 -0.5
      vertex 1.47161 -19.8904 -0.5
    endloop
  endfacet
  facet normal -0.994536 0.104395 0
    outer loop
      vertex -19.563 4.15823 -22.5
      vertex -19.6283 3.53614 -4
      vertex -19.563 4.15823 -0.5
    endloop
  endfacet
  facet normal -0.994524 0.104511 3.92539e-06
    outer loop
      vertex -19.7898 2 -22.5
      vertex -19.6283 3.53614 -4
      vertex -19.563 4.15823 -22.5
    endloop
  endfacet
  facet normal -0.994519 0.104557 0
    outer loop
      vertex -19.6283 3.53614 -4
      vertex -19.7898 2 -22.5
      vertex -19.7898 2 -4
    endloop
  endfacet
  facet normal -0.994536 0.104395 0
    outer loop
      vertex -19.6283 3.53614 -1
      vertex -19.563 4.15823 -0.5
      vertex -19.6283 3.53614 -4
    endloop
  endfacet
  facet normal -0.994519 0.104557 0
    outer loop
      vertex -19.7898 2 -0.5
      vertex -19.6283 3.53614 -1
      vertex -19.7898 2 -1
    endloop
  endfacet
  facet normal -0.994524 0.104511 -0.000145239
    outer loop
      vertex -19.6283 3.53614 -1
      vertex -19.7898 2 -0.5
      vertex -19.563 4.15823 -0.5
    endloop
  endfacet
  facet normal -0.92388 -0.382682 0
    outer loop
      vertex 7.24444 1.94114 -22.5
      vertex 6.49519 3.75 -10
      vertex 6.49519 3.75 -22.5
    endloop
  endfacet
  facet normal -0.92388 -0.382682 0
    outer loop
      vertex 6.49519 3.75 -10
      vertex 7.24444 1.94114 -22.5
      vertex 7.24444 1.94114 -10
    endloop
  endfacet
  facet normal -0.991445 -0.130528 0
    outer loop
      vertex 7.5 0 -22.5
      vertex 7.24444 1.94114 -10
      vertex 7.24444 1.94114 -22.5
    endloop
  endfacet
  facet normal -0.991445 -0.130528 0
    outer loop
      vertex 7.24444 1.94114 -10
      vertex 7.5 0 -22.5
      vertex 7.5 0 -10
    endloop
  endfacet
  facet normal -0.793353 -0.608762 0
    outer loop
      vertex 6.49519 3.75 -22.5
      vertex 5.3033 5.3033 -10
      vertex 5.3033 5.3033 -22.5
    endloop
  endfacet
  facet normal -0.793353 -0.608762 0
    outer loop
      vertex 5.3033 5.3033 -10
      vertex 6.49519 3.75 -22.5
      vertex 6.49519 3.75 -10
    endloop
  endfacet
  facet normal 0.793353 -0.608762 0
    outer loop
      vertex -6.49519 3.75 -10
      vertex -5.3033 5.3033 -22.5
      vertex -5.3033 5.3033 -10
    endloop
  endfacet
  facet normal 0.793353 -0.608762 0
    outer loop
      vertex -5.3033 5.3033 -22.5
      vertex -6.49519 3.75 -10
      vertex -6.49519 3.75 -22.5
    endloop
  endfacet
  facet normal 0.608762 -0.793353 0
    outer loop
      vertex -5.3033 5.3033 -22.5
      vertex -3.75 6.49519 -10
      vertex -5.3033 5.3033 -10
    endloop
  endfacet
  facet normal 0.608762 -0.793353 0
    outer loop
      vertex -3.75 6.49519 -10
      vertex -5.3033 5.3033 -22.5
      vertex -3.75 6.49519 -22.5
    endloop
  endfacet
  facet normal -0.382682 0.92388 0
    outer loop
      vertex 3.75 -6.49519 -22.5
      vertex 1.94114 -7.24444 -10
      vertex 3.75 -6.49519 -10
    endloop
  endfacet
  facet normal -0.382682 0.92388 0
    outer loop
      vertex 1.94114 -7.24444 -10
      vertex 3.75 -6.49519 -22.5
      vertex 1.94114 -7.24444 -22.5
    endloop
  endfacet
  facet normal 0.92388 -0.382682 0
    outer loop
      vertex -7.24444 1.94114 -10
      vertex -6.49519 3.75 -22.5
      vertex -6.49519 3.75 -10
    endloop
  endfacet
  facet normal 0.92388 -0.382682 0
    outer loop
      vertex -6.49519 3.75 -22.5
      vertex -7.24444 1.94114 -10
      vertex -7.24444 1.94114 -22.5
    endloop
  endfacet
  facet normal -0.608762 -0.793353 0
    outer loop
      vertex 3.75 6.49519 -22.5
      vertex 5.3033 5.3033 -10
      vertex 3.75 6.49519 -10
    endloop
  endfacet
  facet normal -0.608762 -0.793353 -0
    outer loop
      vertex 5.3033 5.3033 -10
      vertex 3.75 6.49519 -22.5
      vertex 5.3033 5.3033 -22.5
    endloop
  endfacet
  facet normal -0.130528 -0.991445 0
    outer loop
      vertex 0 7.5 -22.5
      vertex 1.94114 7.24444 -10
      vertex 0 7.5 -10
    endloop
  endfacet
  facet normal -0.130528 -0.991445 -0
    outer loop
      vertex 1.94114 7.24444 -10
      vertex 0 7.5 -22.5
      vertex 1.94114 7.24444 -22.5
    endloop
  endfacet
  facet normal -0.130528 0.991445 0
    outer loop
      vertex 1.94114 -7.24444 -22.5
      vertex 0 -7.5 -10
      vertex 1.94114 -7.24444 -10
    endloop
  endfacet
  facet normal -0.130528 0.991445 0
    outer loop
      vertex 0 -7.5 -10
      vertex 1.94114 -7.24444 -22.5
      vertex 0 -7.5 -22.5
    endloop
  endfacet
  facet normal 0 0 -1
    outer loop
      vertex 7.24444 -1.94114 -10
      vertex 7.24444 1.94114 -10
      vertex 7.5 0 -10
    endloop
  endfacet
  facet normal 0 0 -1
    outer loop
      vertex 6.49519 -3.75 -10
      vertex 7.24444 1.94114 -10
      vertex 7.24444 -1.94114 -10
    endloop
  endfacet
  facet normal 0 0 -1
    outer loop
      vertex 6.49519 -3.75 -10
      vertex 6.49519 3.75 -10
      vertex 7.24444 1.94114 -10
    endloop
  endfacet
  facet normal 0 0 -1
    outer loop
      vertex 5.3033 -5.3033 -10
      vertex 6.49519 3.75 -10
      vertex 6.49519 -3.75 -10
    endloop
  endfacet
  facet normal 0 0 -1
    outer loop
      vertex 5.3033 -5.3033 -10
      vertex 5.3033 5.3033 -10
      vertex 6.49519 3.75 -10
    endloop
  endfacet
  facet normal 0 0 -1
    outer loop
      vertex 3.75 -6.49519 -10
      vertex 5.3033 5.3033 -10
      vertex 5.3033 -5.3033 -10
    endloop
  endfacet
  facet normal 0 0 -1
    outer loop
      vertex 3.75 -6.49519 -10
      vertex 3.75 6.49519 -10
      vertex 5.3033 5.3033 -10
    endloop
  endfacet
  facet normal 0 0 -1
    outer loop
      vertex 1.94114 -7.24444 -10
      vertex 3.75 6.49519 -10
      vertex 3.75 -6.49519 -10
    endloop
  endfacet
  facet normal 0 0 -1
    outer loop
      vertex 1.94114 -7.24444 -10
      vertex 1.94114 7.24444 -10
      vertex 3.75 6.49519 -10
    endloop
  endfacet
  facet normal 0 0 -1
    outer loop
      vertex 0 -7.5 -10
      vertex 1.94114 7.24444 -10
      vertex 1.94114 -7.24444 -10
    endloop
  endfacet
  facet normal 0 0 -1
    outer loop
      vertex 0 -7.5 -10
      vertex 0 7.5 -10
      vertex 1.94114 7.24444 -10
    endloop
  endfacet
  facet normal 0 0 -1
    outer loop
      vertex -1.94114 -7.24444 -10
      vertex 0 7.5 -10
      vertex 0 -7.5 -10
    endloop
  endfacet
  facet normal 0 0 -1
    outer loop
      vertex -1.94114 -7.24444 -10
      vertex -1.94114 7.24444 -10
      vertex 0 7.5 -10
    endloop
  endfacet
  facet normal 0 0 -1
    outer loop
      vertex -3.75 -6.49519 -10
      vertex -1.94114 7.24444 -10
      vertex -1.94114 -7.24444 -10
    endloop
  endfacet
  facet normal 0 0 -1
    outer loop
      vertex -3.75 -6.49519 -10
      vertex -3.75 6.49519 -10
      vertex -1.94114 7.24444 -10
    endloop
  endfacet
  facet normal 0 0 -1
    outer loop
      vertex -5.3033 -5.3033 -10
      vertex -3.75 6.49519 -10
      vertex -3.75 -6.49519 -10
    endloop
  endfacet
  facet normal 0 0 -1
    outer loop
      vertex -5.3033 -5.3033 -10
      vertex -5.3033 5.3033 -10
      vertex -3.75 6.49519 -10
    endloop
  endfacet
  facet normal 0 0 -1
    outer loop
      vertex -6.49519 -3.75 -10
      vertex -5.3033 5.3033 -10
      vertex -5.3033 -5.3033 -10
    endloop
  endfacet
  facet normal 0 0 -1
    outer loop
      vertex -6.49519 -3.75 -10
      vertex -6.49519 3.75 -10
      vertex -5.3033 5.3033 -10
    endloop
  endfacet
  facet normal 0 0 -1
    outer loop
      vertex -7.24444 -1.94114 -10
      vertex -6.49519 3.75 -10
      vertex -6.49519 -3.75 -10
    endloop
  endfacet
  facet normal 0 0 -1
    outer loop
      vertex -7.24444 -1.94114 -10
      vertex -7.24444 1.94114 -10
      vertex -6.49519 3.75 -10
    endloop
  endfacet
  facet normal 0 -0 -1
    outer loop
      vertex -7.24444 1.94114 -10
      vertex -7.24444 -1.94114 -10
      vertex -7.5 0 -10
    endloop
  endfacet
  facet normal -0.793353 0.608762 0
    outer loop
      vertex 5.3033 -5.3033 -22.5
      vertex 6.49519 -3.75 -10
      vertex 6.49519 -3.75 -22.5
    endloop
  endfacet
  facet normal -0.793353 0.608762 0
    outer loop
      vertex 6.49519 -3.75 -10
      vertex 5.3033 -5.3033 -22.5
      vertex 5.3033 -5.3033 -10
    endloop
  endfacet
  facet normal -0.608762 0.793353 0
    outer loop
      vertex 5.3033 -5.3033 -22.5
      vertex 3.75 -6.49519 -10
      vertex 5.3033 -5.3033 -10
    endloop
  endfacet
  facet normal -0.608762 0.793353 0
    outer loop
      vertex 3.75 -6.49519 -10
      vertex 5.3033 -5.3033 -22.5
      vertex 3.75 -6.49519 -22.5
    endloop
  endfacet
  facet normal 0.793353 0.608762 0
    outer loop
      vertex -5.3033 -5.3033 -10
      vertex -6.49519 -3.75 -22.5
      vertex -6.49519 -3.75 -10
    endloop
  endfacet
  facet normal 0.793353 0.608762 0
    outer loop
      vertex -6.49519 -3.75 -22.5
      vertex -5.3033 -5.3033 -10
      vertex -5.3033 -5.3033 -22.5
    endloop
  endfacet
  facet normal -0.991445 0.130528 0
    outer loop
      vertex 7.24444 -1.94114 -22.5
      vertex 7.5 0 -10
      vertex 7.5 0 -22.5
    endloop
  endfacet
  facet normal -0.991445 0.130528 0
    outer loop
      vertex 7.5 0 -10
      vertex 7.24444 -1.94114 -22.5
      vertex 7.24444 -1.94114 -10
    endloop
  endfacet
  facet normal 0.991445 -0.130528 0
    outer loop
      vertex -7.5 0 -10
      vertex -7.24444 1.94114 -22.5
      vertex -7.24444 1.94114 -10
    endloop
  endfacet
  facet normal 0.991445 -0.130528 0
    outer loop
      vertex -7.24444 1.94114 -22.5
      vertex -7.5 0 -10
      vertex -7.5 0 -22.5
    endloop
  endfacet
  facet normal 0.130528 -0.991445 0
    outer loop
      vertex -1.94114 7.24444 -22.5
      vertex 0 7.5 -10
      vertex -1.94114 7.24444 -10
    endloop
  endfacet
  facet normal 0.130528 -0.991445 0
    outer loop
      vertex 0 7.5 -10
      vertex -1.94114 7.24444 -22.5
      vertex 0 7.5 -22.5
    endloop
  endfacet
  facet normal -0.92388 0.382682 0
    outer loop
      vertex 6.49519 -3.75 -22.5
      vertex 7.24444 -1.94114 -10
      vertex 7.24444 -1.94114 -22.5
    endloop
  endfacet
  facet normal -0.92388 0.382682 0
    outer loop
      vertex 7.24444 -1.94114 -10
      vertex 6.49519 -3.75 -22.5
      vertex 6.49519 -3.75 -10
    endloop
  endfacet
  facet normal 0.382682 -0.92388 0
    outer loop
      vertex -3.75 6.49519 -22.5
      vertex -1.94114 7.24444 -10
      vertex -3.75 6.49519 -10
    endloop
  endfacet
  facet normal 0.382682 -0.92388 0
    outer loop
      vertex -1.94114 7.24444 -10
      vertex -3.75 6.49519 -22.5
      vertex -1.94114 7.24444 -22.5
    endloop
  endfacet
  facet normal -0.382682 -0.92388 0
    outer loop
      vertex 1.94114 7.24444 -22.5
      vertex 3.75 6.49519 -10
      vertex 1.94114 7.24444 -10
    endloop
  endfacet
  facet normal -0.382682 -0.92388 -0
    outer loop
      vertex 3.75 6.49519 -10
      vertex 1.94114 7.24444 -22.5
      vertex 3.75 6.49519 -22.5
    endloop
  endfacet
  facet normal 0.130528 0.991445 -0
    outer loop
      vertex 0 -7.5 -22.5
      vertex -1.94114 -7.24444 -10
      vertex 0 -7.5 -10
    endloop
  endfacet
  facet normal 0.130528 0.991445 0
    outer loop
      vertex -1.94114 -7.24444 -10
      vertex 0 -7.5 -22.5
      vertex -1.94114 -7.24444 -22.5
    endloop
  endfacet
  facet normal 0.92388 0.382682 0
    outer loop
      vertex -6.49519 -3.75 -10
      vertex -7.24444 -1.94114 -22.5
      vertex -7.24444 -1.94114 -10
    endloop
  endfacet
  facet normal 0.92388 0.382682 0
    outer loop
      vertex -7.24444 -1.94114 -22.5
      vertex -6.49519 -3.75 -10
      vertex -6.49519 -3.75 -22.5
    endloop
  endfacet
  facet normal 0.991445 0.130528 0
    outer loop
      vertex -7.24444 -1.94114 -10
      vertex -7.5 0 -22.5
      vertex -7.5 0 -10
    endloop
  endfacet
  facet normal 0.991445 0.130528 0
    outer loop
      vertex -7.5 0 -22.5
      vertex -7.24444 -1.94114 -10
      vertex -7.24444 -1.94114 -22.5
    endloop
  endfacet
  facet normal 0.608762 0.793353 -0
    outer loop
      vertex -3.75 -6.49519 -22.5
      vertex -5.3033 -5.3033 -10
      vertex -3.75 -6.49519 -10
    endloop
  endfacet
  facet normal 0.608762 0.793353 0
    outer loop
      vertex -5.3033 -5.3033 -10
      vertex -3.75 -6.49519 -22.5
      vertex -5.3033 -5.3033 -22.5
    endloop
  endfacet
  facet normal 0.382682 0.92388 -0
    outer loop
      vertex -1.94114 -7.24444 -22.5
      vertex -3.75 -6.49519 -10
      vertex -1.94114 -7.24444 -10
    endloop
  endfacet
  facet normal 0.382682 0.92388 0
    outer loop
      vertex -3.75 -6.49519 -10
      vertex -1.94114 -7.24444 -22.5
      vertex -3.75 -6.49519 -22.5
    endloop
  endfacet
  facet normal -1 0 0
    outer loop
      vertex -10 -2 -22.5
      vertex -10 2 -0.5
      vertex -10 2 -22.5
    endloop
  endfacet
  facet normal -1 -0 0
    outer loop
      vertex -10 2 -0.5
      vertex -10 -2 -22.5
      vertex -10 -2 -0.5
    endloop
  endfacet
  facet normal 0 -1 0
    outer loop
      vertex -19.7898 2 -4
      vertex -19.7898 2 -22.5
      vertex -14.6635 2 -4
    endloop
  endfacet
  facet normal 0 -1 0
    outer loop
      vertex -19.7898 2 -1
      vertex -19.2071 2 -0.5
      vertex -19.7898 2 -0.5
    endloop
  endfacet
  facet normal 0 -1 -0
    outer loop
      vertex -19.2071 2 -0.5
      vertex -19.7898 2 -1
      vertex -16.7929 2 -0.5
    endloop
  endfacet
  facet normal 0 -1 -0
    outer loop
      vertex -16.7929 2 -0.5
      vertex -19.7898 2 -1
      vertex -14.6635 2 -1
    endloop
  endfacet
  facet normal 0 -1 0
    outer loop
      vertex -16.7929 2 -0.5
      vertex -14.6635 2 -1
      vertex -10 2 -0.5
    endloop
  endfacet
  facet normal 0 -1 0
    outer loop
      vertex -14.6635 2 -4
      vertex -10 2 -0.5
      vertex -14.6635 2 -1
    endloop
  endfacet
  facet normal 0 -1 0
    outer loop
      vertex -10 2 -22.5
      vertex -14.6635 2 -4
      vertex -19.7898 2 -22.5
    endloop
  endfacet
  facet normal 0 -1 0
    outer loop
      vertex -14.6635 2 -4
      vertex -10 2 -22.5
      vertex -10 2 -0.5
    endloop
  endfacet
  facet normal 0 -1 0
    outer loop
      vertex -19.2071 2 -0.5
      vertex -16.7929 2 0
      vertex -19.2071 2 0
    endloop
  endfacet
  facet normal 0 -1 -0
    outer loop
      vertex -16.7929 2 0
      vertex -19.2071 2 -0.5
      vertex -16.7929 2 -0.5
    endloop
  endfacet
  facet normal 0 -0 0
    outer loop
      vertex -16.7929 2 0
      vertex -16.7929 2 -0.5
      vertex -16.7929 2 1
    endloop
  endfacet
  facet normal 0 1 -0
    outer loop
      vertex -14.6635 -2 -1
      vertex -16.7929 -2 -0.5
      vertex -10 -2 -0.5
    endloop
  endfacet
  facet normal 0 1 0
    outer loop
      vertex -19.7898 -2 -1
      vertex -16.7929 -2 -0.5
      vertex -14.6635 -2 -1
    endloop
  endfacet
  facet normal 0 1 0
    outer loop
      vertex -16.7929 -2 -0.5
      vertex -19.7898 -2 -1
      vertex -19.2071 -2 -0.5
    endloop
  endfacet
  facet normal 0 1 0
    outer loop
      vertex -10 -2 -0.5
      vertex -14.6635 -2 -4
      vertex -14.6635 -2 -1
    endloop
  endfacet
  facet normal 0 1 -0
    outer loop
      vertex -10 -2 -22.5
      vertex -14.6635 -2 -4
      vertex -10 -2 -0.5
    endloop
  endfacet
  facet normal 0 1 0
    outer loop
      vertex -19.7898 -2 -22.5
      vertex -14.6635 -2 -4
      vertex -10 -2 -22.5
    endloop
  endfacet
  facet normal 0 1 0
    outer loop
      vertex -14.6635 -2 -4
      vertex -19.7898 -2 -22.5
      vertex -19.7898 -2 -4
    endloop
  endfacet
  facet normal 0 1 -0
    outer loop
      vertex -16.7929 -2 -0.5
      vertex -19.2071 -2 0
      vertex -16.7929 -2 0
    endloop
  endfacet
  facet normal 0 1 0
    outer loop
      vertex -19.2071 -2 0
      vertex -16.7929 -2 -0.5
      vertex -19.2071 -2 -0.5
    endloop
  endfacet
  facet normal 0 1 0
    outer loop
      vertex -19.2071 -2 -0.5
      vertex -19.7898 -2 -1
      vertex -19.7898 -2 -0.5
    endloop
  endfacet
  facet normal 0 0 0
    outer loop
      vertex -16.7929 -2 -0.5
      vertex -16.7929 -2 0
      vertex -16.7929 -2 1
    endloop
  endfacet
  facet normal -0.923886 -0.382668 0
    outer loop
      vertex 16.2322 -1.76777 2.5
      vertex 15.5 0 3
      vertex 15.5 0 2.5
    endloop
  endfacet
  facet normal -0.923886 -0.382668 -0
    outer loop
      vertex 16.2322 -1.76777 4
      vertex 15.5 0 3
      vertex 16.2322 -1.76777 2.5
    endloop
  endfacet
  facet normal -0.923886 -0.382668 0
    outer loop
      vertex 15.5 0 3
      vertex 16.2322 -1.76777 4
      vertex 15.5 0 4
    endloop
  endfacet
  facet normal -0.923886 -0.382668 0
    outer loop
      vertex 16.2322 -1.76777 5
      vertex 15.5 0 5.5
      vertex 15.5 0 5
    endloop
  endfacet
  facet normal -0.923886 -0.382668 -0
    outer loop
      vertex 16.2322 -1.76777 6.5
      vertex 15.5 0 5.5
      vertex 16.2322 -1.76777 5
    endloop
  endfacet
  facet normal -0.923886 -0.382668 0
    outer loop
      vertex 15.5 0 5.5
      vertex 16.2322 -1.76777 6.5
      vertex 15.5 0 6.5
    endloop
  endfacet
  facet normal -0.382676 -0.923883 0
    outer loop
      vertex 16.2322 -1.76777 4
      vertex 18 -2.5 3
      vertex 18 -2.5 4
    endloop
  endfacet
  facet normal -0.382676 -0.923883 0
    outer loop
      vertex 16.2322 -1.76777 2.5
      vertex 18 -2.5 3
      vertex 16.2322 -1.76777 4
    endloop
  endfacet
  facet normal -0.382676 -0.923883 -0
    outer loop
      vertex 18 -2.5 3
      vertex 16.2322 -1.76777 2.5
      vertex 18 -2.5 2.5
    endloop
  endfacet
  facet normal -0.382676 -0.923883 0
    outer loop
      vertex 16.2322 -1.76777 6.5
      vertex 18 -2.5 5.5
      vertex 18 -2.5 6.5
    endloop
  endfacet
  facet normal -0.382676 -0.923883 0
    outer loop
      vertex 16.2322 -1.76777 5
      vertex 18 -2.5 5.5
      vertex 16.2322 -1.76777 6.5
    endloop
  endfacet
  facet normal -0.382676 -0.923883 -0
    outer loop
      vertex 18 -2.5 5.5
      vertex 16.2322 -1.76777 5
      vertex 18 -2.5 5
    endloop
  endfacet
  facet normal -0.382676 0.923883 0
    outer loop
      vertex 18 2.5 3
      vertex 16.2322 1.76777 4
      vertex 18 2.5 4
    endloop
  endfacet
  facet normal -0.382676 0.923883 0
    outer loop
      vertex 16.2322 1.76777 2.5
      vertex 18 2.5 3
      vertex 18 2.5 2.5
    endloop
  endfacet
  facet normal -0.382676 0.923883 0
    outer loop
      vertex 18 2.5 3
      vertex 16.2322 1.76777 2.5
      vertex 16.2322 1.76777 4
    endloop
  endfacet
  facet normal -0.382676 0.923883 0
    outer loop
      vertex 18 2.5 5.5
      vertex 16.2322 1.76777 6.5
      vertex 18 2.5 6.5
    endloop
  endfacet
  facet normal -0.382676 0.923883 0
    outer loop
      vertex 16.2322 1.76777 5
      vertex 18 2.5 5.5
      vertex 18 2.5 5
    endloop
  endfacet
  facet normal -0.382676 0.923883 0
    outer loop
      vertex 18 2.5 5.5
      vertex 16.2322 1.76777 5
      vertex 16.2322 1.76777 6.5
    endloop
  endfacet
  facet normal -0.923886 0.382668 0
    outer loop
      vertex 15.5 0 3
      vertex 16.2322 1.76777 2.5
      vertex 15.5 0 2.5
    endloop
  endfacet
  facet normal -0.923886 0.382668 0
    outer loop
      vertex 16.2322 1.76777 2.5
      vertex 15.5 0 3
      vertex 16.2322 1.76777 4
    endloop
  endfacet
  facet normal -0.923886 0.382668 0
    outer loop
      vertex 16.2322 1.76777 4
      vertex 15.5 0 3
      vertex 15.5 0 4
    endloop
  endfacet
  facet normal -0.923886 0.382668 0
    outer loop
      vertex 15.5 0 5.5
      vertex 16.2322 1.76777 5
      vertex 15.5 0 5
    endloop
  endfacet
  facet normal -0.923886 0.382668 0
    outer loop
      vertex 16.2322 1.76777 5
      vertex 15.5 0 5.5
      vertex 16.2322 1.76777 6.5
    endloop
  endfacet
  facet normal -0.923886 0.382668 0
    outer loop
      vertex 16.2322 1.76777 6.5
      vertex 15.5 0 5.5
      vertex 15.5 0 6.5
    endloop
  endfacet
  facet normal -0 0 -1
    outer loop
      vertex 20.5 0 0
      vertex 19.83 -1.61755 0
      vertex 20 0 0
    endloop
  endfacet
  facet normal 0 0 -1
    outer loop
      vertex 20.5 0 0
      vertex 20 0 0
      vertex 19.83 1.61755 0
    endloop
  endfacet
  facet normal 0.873434 0.215388 0.436717
    outer loop
      vertex 21 0 8.5
      vertex 20.6736 0.309815 9
      vertex 20.75 0 9
    endloop
  endfacet
  facet normal 0.873427 0.215245 0.436801
    outer loop
      vertex 20.6736 0.309815 9
      vertex 21 0 8.5
      vertex 20.8473 0.619631 8.5
    endloop
  endfacet
  facet normal 0.873434 -0.215388 0.436717
    outer loop
      vertex 20.6736 -0.309815 9
      vertex 21 0 8.5
      vertex 20.75 0 9
    endloop
  endfacet
  facet normal 0.873427 -0.215245 0.436801
    outer loop
      vertex 21 0 8.5
      vertex 20.6736 -0.309815 9
      vertex 20.8473 -0.619631 8.5
    endloop
  endfacet
  facet normal 0.673358 0.596555 0.436705
    outer loop
      vertex 20.1274 1.99127 8.5
      vertex 19.7454 2.42245 8.5
      vertex 19.7874 2.02309 8.98078
    endloop
  endfacet
  facet normal 0.673358 -0.596555 0.436705
    outer loop
      vertex 19.7874 -2.02309 8.98078
      vertex 19.7454 -2.42245 8.5
      vertex 20.1274 -1.99127 8.5
    endloop
  endfacet
  facet normal 0.674774 0.595624 0.435789
    outer loop
      vertex 19.8476 1.57493 9.5
      vertex 19.83 1.61755 9.469
      vertex 19.8327 1.59181 9.5
    endloop
  endfacet
  facet normal 0.67447 0.594625 0.43762
    outer loop
      vertex 19.789 2.00713 9
      vertex 20.1274 1.99127 8.5
      vertex 19.7874 2.02309 8.98078
    endloop
  endfacet
  facet normal 0.673326 0.596532 0.436785
    outer loop
      vertex 19.789 2.00713 9
      vertex 20.6564 1.39417 8.5
      vertex 20.1274 1.99127 8.5
    endloop
  endfacet
  facet normal 0.673325 0.59655 0.436763
    outer loop
      vertex 20.6564 1.39417 8.5
      vertex 19.789 2.00713 9
      vertex 20.435 1.27799 9
    endloop
  endfacet
  facet normal 0 0 1
    outer loop
      vertex 19.8476 1.57493 9.5
      vertex 20 0 9.5
      vertex 20.5 0 9.5
    endloop
  endfacet
  facet normal 0 0 1
    outer loop
      vertex 20 0 9.5
      vertex 19.8476 1.57493 9.5
      vertex 19.8327 1.59181 9.5
    endloop
  endfacet
  facet normal -0 0 1
    outer loop
      vertex 20 0 9.5
      vertex 19.8476 -1.57493 9.5
      vertex 20.5 0 9.5
    endloop
  endfacet
  facet normal 0 -0 1
    outer loop
      vertex 19.8476 -1.57493 9.5
      vertex 20 0 9.5
      vertex 19.8327 -1.59181 9.5
    endloop
  endfacet
  facet normal 0.873425 -0.215249 0.436803
    outer loop
      vertex 20.435 -1.27799 9
      vertex 20.8473 -0.619631 8.5
      vertex 20.6736 -0.309815 9
    endloop
  endfacet
  facet normal 0.873432 -0.215274 0.436777
    outer loop
      vertex 20.8473 -0.619631 8.5
      vertex 20.435 -1.27799 9
      vertex 20.6564 -1.39417 8.5
    endloop
  endfacet
  facet normal 0.873432 0.215274 0.436777
    outer loop
      vertex 20.435 1.27799 9
      vertex 20.8473 0.619631 8.5
      vertex 20.6564 1.39417 8.5
    endloop
  endfacet
  facet normal 0.873425 0.215249 0.436803
    outer loop
      vertex 20.8473 0.619631 8.5
      vertex 20.435 1.27799 9
      vertex 20.6736 0.309815 9
    endloop
  endfacet
  facet normal 0.674774 -0.595624 0.435789
    outer loop
      vertex 19.8327 -1.59181 9.5
      vertex 19.83 -1.61755 9.469
      vertex 19.8476 -1.57493 9.5
    endloop
  endfacet
  facet normal 0.673325 -0.59655 0.436763
    outer loop
      vertex 19.789 -2.00713 9
      vertex 20.6564 -1.39417 8.5
      vertex 20.435 -1.27799 9
    endloop
  endfacet
  facet normal 0.673326 -0.596532 0.436785
    outer loop
      vertex 20.6564 -1.39417 8.5
      vertex 19.789 -2.00713 9
      vertex 20.1274 -1.99127 8.5
    endloop
  endfacet
  facet normal 0.67447 -0.594625 0.43762
    outer loop
      vertex 20.1274 -1.99127 8.5
      vertex 19.789 -2.00713 9
      vertex 19.7874 -2.02309 8.98078
    endloop
  endfacet
  facet normal 0.382668 -0.923886 0
    outer loop
      vertex 0 15.5 3
      vertex 1.76777 16.2322 4
      vertex 0 15.5 4
    endloop
  endfacet
  facet normal 0.382668 -0.923886 0
    outer loop
      vertex 1.76777 16.2322 2.5
      vertex 0 15.5 3
      vertex 0 15.5 2.5
    endloop
  endfacet
  facet normal 0.382668 -0.923886 0
    outer loop
      vertex 0 15.5 3
      vertex 1.76777 16.2322 2.5
      vertex 1.76777 16.2322 4
    endloop
  endfacet
  facet normal 0.382668 -0.923886 0
    outer loop
      vertex 0 15.5 5.5
      vertex 1.76777 16.2322 6.5
      vertex 0 15.5 6.5
    endloop
  endfacet
  facet normal 0.382668 -0.923886 0
    outer loop
      vertex 1.76777 16.2322 5
      vertex 0 15.5 5.5
      vertex 0 15.5 5
    endloop
  endfacet
  facet normal 0.382668 -0.923886 0
    outer loop
      vertex 0 15.5 5.5
      vertex 1.76777 16.2322 5
      vertex 1.76777 16.2322 6.5
    endloop
  endfacet
  facet normal 0.923883 -0.382676 0
    outer loop
      vertex 1.76777 16.2322 4
      vertex 2.5 18 3
      vertex 2.5 18 4
    endloop
  endfacet
  facet normal 0.923883 -0.382676 0
    outer loop
      vertex 1.76777 16.2322 2.5
      vertex 2.5 18 3
      vertex 1.76777 16.2322 4
    endloop
  endfacet
  facet normal 0.923883 -0.382676 0
    outer loop
      vertex 2.5 18 3
      vertex 1.76777 16.2322 2.5
      vertex 2.5 18 2.5
    endloop
  endfacet
  facet normal 0.923883 -0.382676 0
    outer loop
      vertex 1.76777 16.2322 6.5
      vertex 2.5 18 5.5
      vertex 2.5 18 6.5
    endloop
  endfacet
  facet normal 0.923883 -0.382676 0
    outer loop
      vertex 1.76777 16.2322 5
      vertex 2.5 18 5.5
      vertex 1.76777 16.2322 6.5
    endloop
  endfacet
  facet normal 0.923883 -0.382676 0
    outer loop
      vertex 2.5 18 5.5
      vertex 1.76777 16.2322 5
      vertex 2.5 18 5
    endloop
  endfacet
  facet normal -0.923883 -0.382676 0
    outer loop
      vertex -1.76777 16.2322 2.5
      vertex -2.5 18 3
      vertex -2.5 18 2.5
    endloop
  endfacet
  facet normal -0.923883 -0.382676 -0
    outer loop
      vertex -1.76777 16.2322 4
      vertex -2.5 18 3
      vertex -1.76777 16.2322 2.5
    endloop
  endfacet
  facet normal -0.923883 -0.382676 0
    outer loop
      vertex -2.5 18 3
      vertex -1.76777 16.2322 4
      vertex -2.5 18 4
    endloop
  endfacet
  facet normal -0.923883 -0.382676 0
    outer loop
      vertex -1.76777 16.2322 5
      vertex -2.5 18 5.5
      vertex -2.5 18 5
    endloop
  endfacet
  facet normal -0.923883 -0.382676 -0
    outer loop
      vertex -1.76777 16.2322 6.5
      vertex -2.5 18 5.5
      vertex -1.76777 16.2322 5
    endloop
  endfacet
  facet normal -0.923883 -0.382676 0
    outer loop
      vertex -2.5 18 5.5
      vertex -1.76777 16.2322 6.5
      vertex -2.5 18 6.5
    endloop
  endfacet
  facet normal -0.382668 -0.923886 0
    outer loop
      vertex -1.76777 16.2322 4
      vertex 0 15.5 3
      vertex 0 15.5 4
    endloop
  endfacet
  facet normal -0.382668 -0.923886 0
    outer loop
      vertex -1.76777 16.2322 2.5
      vertex 0 15.5 3
      vertex -1.76777 16.2322 4
    endloop
  endfacet
  facet normal -0.382668 -0.923886 -0
    outer loop
      vertex 0 15.5 3
      vertex -1.76777 16.2322 2.5
      vertex 0 15.5 2.5
    endloop
  endfacet
  facet normal -0.382668 -0.923886 0
    outer loop
      vertex -1.76777 16.2322 6.5
      vertex 0 15.5 5.5
      vertex 0 15.5 6.5
    endloop
  endfacet
  facet normal -0.382668 -0.923886 0
    outer loop
      vertex -1.76777 16.2322 5
      vertex 0 15.5 5.5
      vertex -1.76777 16.2322 6.5
    endloop
  endfacet
  facet normal -0.382668 -0.923886 -0
    outer loop
      vertex 0 15.5 5.5
      vertex -1.76777 16.2322 5
      vertex 0 15.5 5
    endloop
  endfacet
  facet normal 0 0 -1
    outer loop
      vertex 1.47161 19.8904 0
      vertex -1.47161 19.8904 0
      vertex 0 20.5 0
    endloop
  endfacet
  facet normal -0.215388 0.873434 0.436717
    outer loop
      vertex 0 21 8.5
      vertex -0.309815 20.6736 9
      vertex 0 20.75 9
    endloop
  endfacet
  facet normal -0.215245 0.873427 0.436801
    outer loop
      vertex -0.309815 20.6736 9
      vertex 0 21 8.5
      vertex -0.619631 20.8473 8.5
    endloop
  endfacet
  facet normal 0.215245 0.873427 0.436801
    outer loop
      vertex 0 21 8.5
      vertex 0.309815 20.6736 9
      vertex 0.619631 20.8473 8.5
    endloop
  endfacet
  facet normal 0.215388 0.873434 0.436717
    outer loop
      vertex 0.309815 20.6736 9
      vertex 0 21 8.5
      vertex 0 20.75 9
    endloop
  endfacet
  facet normal -0.596628 0.673262 0.436753
    outer loop
      vertex -1.99127 20.1274 8.5
      vertex -2.09057 19.8904 8.72969
      vertex -2.01345 19.8904 8.83504
    endloop
  endfacet
  facet normal -0.596541 0.673293 0.436823
    outer loop
      vertex -2.09057 19.8904 8.72969
      vertex -1.99127 20.1274 8.5
      vertex -2.31181 19.8434 8.5
    endloop
  endfacet
  facet normal 0.596628 0.673262 0.436753
    outer loop
      vertex 2.09057 19.8904 8.72969
      vertex 1.99127 20.1274 8.5
      vertex 2.01345 19.8904 8.83504
    endloop
  endfacet
  facet normal 0.596541 0.673293 0.436823
    outer loop
      vertex 1.99127 20.1274 8.5
      vertex 2.09057 19.8904 8.72969
      vertex 2.31181 19.8434 8.5
    endloop
  endfacet
  facet normal -0.596549 0.673325 0.436763
    outer loop
      vertex -1.39417 20.6564 8.5
      vertex -1.89268 19.8904 9
      vertex -1.27799 20.435 9
    endloop
  endfacet
  facet normal -0.596559 0.673324 0.436751
    outer loop
      vertex -1.89268 19.8904 9
      vertex -1.39417 20.6564 8.5
      vertex -2.01345 19.8904 8.83504
    endloop
  endfacet
  facet normal -0.596527 0.67332 0.436801
    outer loop
      vertex -2.01345 19.8904 8.83504
      vertex -1.39417 20.6564 8.5
      vertex -1.99127 20.1274 8.5
    endloop
  endfacet
  facet normal 0 0 1
    outer loop
      vertex 0 20.5 9.5
      vertex -1.47161 19.8904 9.5
      vertex 1.47161 19.8904 9.5
    endloop
  endfacet
  facet normal 0.215274 0.873432 0.436777
    outer loop
      vertex 0.619631 20.8473 8.5
      vertex 1.27799 20.435 9
      vertex 1.39417 20.6564 8.5
    endloop
  endfacet
  facet normal 0.215249 0.873425 0.436803
    outer loop
      vertex 1.27799 20.435 9
      vertex 0.619631 20.8473 8.5
      vertex 0.309815 20.6736 9
    endloop
  endfacet
  facet normal -0.215249 0.873425 0.436803
    outer loop
      vertex -0.619631 20.8473 8.5
      vertex -1.27799 20.435 9
      vertex -0.309815 20.6736 9
    endloop
  endfacet
  facet normal -0.215274 0.873432 0.436777
    outer loop
      vertex -1.27799 20.435 9
      vertex -0.619631 20.8473 8.5
      vertex -1.39417 20.6564 8.5
    endloop
  endfacet
  facet normal 0.596559 0.673324 0.436751
    outer loop
      vertex 1.39417 20.6564 8.5
      vertex 1.89268 19.8904 9
      vertex 2.01345 19.8904 8.83504
    endloop
  endfacet
  facet normal 0.596527 0.67332 0.436801
    outer loop
      vertex 1.39417 20.6564 8.5
      vertex 2.01345 19.8904 8.83504
      vertex 1.99127 20.1274 8.5
    endloop
  endfacet
  facet normal 0.596549 0.673325 0.436763
    outer loop
      vertex 1.89268 19.8904 9
      vertex 1.39417 20.6564 8.5
      vertex 1.27799 20.435 9
    endloop
  endfacet
  facet normal 0.923886 0.382668 0
    outer loop
      vertex -15.5 0 1
      vertex -16.2322 1.76777 0
      vertex -16.2322 1.76777 1
    endloop
  endfacet
  facet normal 0.923886 0.382668 0
    outer loop
      vertex -16.2322 1.76777 0
      vertex -15.5 0 1
      vertex -15.5 0 0
    endloop
  endfacet
  facet normal 0.923886 0.382668 -0
    outer loop
      vertex -15.5 0 3
      vertex -16.2322 1.76777 4
      vertex -15.5 0 4
    endloop
  endfacet
  facet normal 0.923886 0.382668 0
    outer loop
      vertex -16.2322 1.76777 4
      vertex -15.5 0 3
      vertex -16.2322 1.76777 2.5
    endloop
  endfacet
  facet normal 0.923886 0.382668 0
    outer loop
      vertex -16.2322 1.76777 2.5
      vertex -15.5 0 3
      vertex -15.5 0 2.5
    endloop
  endfacet
  facet normal 0.923886 0.382668 -0
    outer loop
      vertex -15.5 0 5.5
      vertex -16.2322 1.76777 6.5
      vertex -15.5 0 6.5
    endloop
  endfacet
  facet normal 0.923886 0.382668 0
    outer loop
      vertex -16.2322 1.76777 6.5
      vertex -15.5 0 5.5
      vertex -16.2322 1.76777 5
    endloop
  endfacet
  facet normal 0.923886 0.382668 0
    outer loop
      vertex -16.2322 1.76777 5
      vertex -15.5 0 5.5
      vertex -15.5 0 5
    endloop
  endfacet
  facet normal 0.382676 0.923883 0
    outer loop
      vertex -16.2322 1.76777 4
      vertex -18 2.5 3
      vertex -18 2.5 4
    endloop
  endfacet
  facet normal 0.382676 0.923883 -0
    outer loop
      vertex -16.2322 1.76777 2.5
      vertex -18 2.5 3
      vertex -16.2322 1.76777 4
    endloop
  endfacet
  facet normal 0.382676 0.923883 0
    outer loop
      vertex -18 2.5 3
      vertex -16.2322 1.76777 2.5
      vertex -18 2.5 2.5
    endloop
  endfacet
  facet normal 0.382656 0.923891 -0
    outer loop
      vertex -16.2322 1.76777 0
      vertex -16.7929 2 1
      vertex -16.2322 1.76777 1
    endloop
  endfacet
  facet normal 0.382656 0.923891 0
    outer loop
      vertex -16.7929 2 1
      vertex -16.2322 1.76777 0
      vertex -16.7929 2 0
    endloop
  endfacet
  facet normal 0.382676 0.923883 0
    outer loop
      vertex -16.2322 1.76777 6.5
      vertex -18 2.5 5.5
      vertex -18 2.5 6.5
    endloop
  endfacet
  facet normal 0.382676 0.923883 -0
    outer loop
      vertex -16.2322 1.76777 5
      vertex -18 2.5 5.5
      vertex -16.2322 1.76777 6.5
    endloop
  endfacet
  facet normal 0.382676 0.923883 0
    outer loop
      vertex -18 2.5 5.5
      vertex -16.2322 1.76777 5
      vertex -18 2.5 5
    endloop
  endfacet
  facet normal 0.382676 -0.923883 0
    outer loop
      vertex -18 -2.5 3
      vertex -16.2322 -1.76777 4
      vertex -18 -2.5 4
    endloop
  endfacet
  facet normal 0.382676 -0.923883 0
    outer loop
      vertex -16.2322 -1.76777 2.5
      vertex -18 -2.5 3
      vertex -18 -2.5 2.5
    endloop
  endfacet
  facet normal 0.382676 -0.923883 0
    outer loop
      vertex -18 -2.5 3
      vertex -16.2322 -1.76777 2.5
      vertex -16.2322 -1.76777 4
    endloop
  endfacet
  facet normal 0.382656 -0.923891 0
    outer loop
      vertex -16.7929 -2 0
      vertex -16.2322 -1.76777 1
      vertex -16.7929 -2 1
    endloop
  endfacet
  facet normal 0.382656 -0.923891 0
    outer loop
      vertex -16.2322 -1.76777 1
      vertex -16.7929 -2 0
      vertex -16.2322 -1.76777 0
    endloop
  endfacet
  facet normal 0.382676 -0.923883 0
    outer loop
      vertex -18 -2.5 5.5
      vertex -16.2322 -1.76777 6.5
      vertex -18 -2.5 6.5
    endloop
  endfacet
  facet normal 0.382676 -0.923883 0
    outer loop
      vertex -16.2322 -1.76777 5
      vertex -18 -2.5 5.5
      vertex -18 -2.5 5
    endloop
  endfacet
  facet normal 0.382676 -0.923883 0
    outer loop
      vertex -18 -2.5 5.5
      vertex -16.2322 -1.76777 5
      vertex -16.2322 -1.76777 6.5
    endloop
  endfacet
  facet normal 0.923886 -0.382668 0
    outer loop
      vertex -16.2322 -1.76777 1
      vertex -15.5 0 0
      vertex -15.5 0 1
    endloop
  endfacet
  facet normal 0.923886 -0.382668 0
    outer loop
      vertex -15.5 0 0
      vertex -16.2322 -1.76777 1
      vertex -16.2322 -1.76777 0
    endloop
  endfacet
  facet normal 0.923886 -0.382668 0
    outer loop
      vertex -16.2322 -1.76777 4
      vertex -15.5 0 3
      vertex -15.5 0 4
    endloop
  endfacet
  facet normal 0.923886 -0.382668 0
    outer loop
      vertex -16.2322 -1.76777 2.5
      vertex -15.5 0 3
      vertex -16.2322 -1.76777 4
    endloop
  endfacet
  facet normal 0.923886 -0.382668 0
    outer loop
      vertex -15.5 0 3
      vertex -16.2322 -1.76777 2.5
      vertex -15.5 0 2.5
    endloop
  endfacet
  facet normal 0.923886 -0.382668 0
    outer loop
      vertex -16.2322 -1.76777 6.5
      vertex -15.5 0 5.5
      vertex -15.5 0 6.5
    endloop
  endfacet
  facet normal 0.923886 -0.382668 0
    outer loop
      vertex -16.2322 -1.76777 5
      vertex -15.5 0 5.5
      vertex -16.2322 -1.76777 6.5
    endloop
  endfacet
  facet normal 0.923886 -0.382668 0
    outer loop
      vertex -15.5 0 5.5
      vertex -16.2322 -1.76777 5
      vertex -15.5 0 5
    endloop
  endfacet
  facet normal 0 0 -1
    outer loop
      vertex -16.7929 -2 0
      vertex -15.5 0 0
      vertex -16.2322 -1.76777 0
    endloop
  endfacet
  facet normal 0 0 -1
    outer loop
      vertex -16.7929 2 0
      vertex -15.5 0 0
      vertex -16.7929 -2 0
    endloop
  endfacet
  facet normal 0 0 -1
    outer loop
      vertex -15.5 0 0
      vertex -16.7929 2 0
      vertex -16.2322 1.76777 0
    endloop
  endfacet
  facet normal 0 0 -1
    outer loop
      vertex -19.2071 -2 0
      vertex -16.7929 2 0
      vertex -16.7929 -2 0
    endloop
  endfacet
  facet normal 0 0 -1
    outer loop
      vertex -19.2071 -2 0
      vertex -19.2071 2 0
      vertex -16.7929 2 0
    endloop
  endfacet
  facet normal 0 0 -1
    outer loop
      vertex -20.5 0 0
      vertex -19.2071 -2 0
      vertex -19.7678 -1.76777 0
    endloop
  endfacet
  facet normal 0 0 -1
    outer loop
      vertex -19.2071 -2 0
      vertex -20.5 0 0
      vertex -19.2071 2 0
    endloop
  endfacet
  facet normal 0 0 -1
    outer loop
      vertex -19.2071 2 0
      vertex -20.5 0 0
      vertex -19.7678 1.76777 0
    endloop
  endfacet
  facet normal -0.873434 -0.215388 0.436717
    outer loop
      vertex -21 0 8.5
      vertex -20.6736 -0.309815 9
      vertex -20.75 0 9
    endloop
  endfacet
  facet normal -0.873427 -0.215245 0.436801
    outer loop
      vertex -20.6736 -0.309815 9
      vertex -21 0 8.5
      vertex -20.8473 -0.619631 8.5
    endloop
  endfacet
  facet normal -0.873427 0.215245 0.436801
    outer loop
      vertex -21 0 8.5
      vertex -20.6736 0.309815 9
      vertex -20.8473 0.619631 8.5
    endloop
  endfacet
  facet normal -0.873434 0.215388 0.436717
    outer loop
      vertex -20.6736 0.309815 9
      vertex -21 0 8.5
      vertex -20.75 0 9
    endloop
  endfacet
  facet normal 0.511 -0.740386 0.4367
    outer loop
      vertex -15.7699 -2 8.5
      vertex -15.9416 -1.82359 9
      vertex -16.1972 -2 9
    endloop
  endfacet
  facet normal 0.511039 -0.740357 0.436704
    outer loop
      vertex -15.9416 -1.82359 9
      vertex -15.7699 -2 8.5
      vertex -15.7545 -1.98937 8.5
    endloop
  endfacet
  facet normal -0.673358 -0.596555 0.436705
    outer loop
      vertex -19.7874 -2.02309 8.98078
      vertex -20.1274 -1.99127 8.5
      vertex -19.7454 -2.42245 8.5
    endloop
  endfacet
  facet normal 0.796578 -0.418056 0.436683
    outer loop
      vertex -15.3299 -0.658117 9
      vertex -15.4579 -1.42429 8.5
      vertex -15.0872 -0.717946 8.5
    endloop
  endfacet
  facet normal 0.79656 -0.418068 0.436705
    outer loop
      vertex -15.4579 -1.42429 8.5
      vertex -15.3299 -0.658117 9
      vertex -15.7933 -1.54105 9
    endloop
  endfacet
  facet normal 0.899619 -0 0.436675
    outer loop
      vertex -15.3299 -0.658117 9
      vertex -15.0872 0.717946 8.5
      vertex -15.3299 0.658117 9
    endloop
  endfacet
  facet normal 0.899619 0 0.436675
    outer loop
      vertex -15.0872 0.717946 8.5
      vertex -15.3299 -0.658117 9
      vertex -15.0872 -0.717946 8.5
    endloop
  endfacet
  facet normal 0.899703 0 0.436504
    outer loop
      vertex -15.5726 0.175384 9.5
      vertex -15.5726 -0.175384 9.5
      vertex -15.5 0 9.35036
    endloop
  endfacet
  facet normal 0.796552 0.418095 0.436693
    outer loop
      vertex -15.4579 1.42429 8.5
      vertex -15.9416 1.82359 9
      vertex -15.7933 1.54105 9
    endloop
  endfacet
  facet normal 0.796552 0.418095 0.436693
    outer loop
      vertex -15.9416 1.82359 9
      vertex -15.4579 1.42429 8.5
      vertex -15.7545 1.98937 8.5
    endloop
  endfacet
  facet normal 0.510863 -0.740255 0.437083
    outer loop
      vertex -16.2099 -1.71383 9.5
      vertex -16.3718 -1.82556 9.5
      vertex -16.2322 -1.76777 9.43471
    endloop
  endfacet
  facet normal -0.673358 0.596555 0.436705
    outer loop
      vertex -19.7454 2.42245 8.5
      vertex -20.1274 1.99127 8.5
      vertex -19.7874 2.02309 8.98078
    endloop
  endfacet
  facet normal 0.796552 -0.418095 0.436693
    outer loop
      vertex -15.9416 -1.82359 9
      vertex -15.4579 -1.42429 8.5
      vertex -15.7933 -1.54105 9
    endloop
  endfacet
  facet normal 0.796552 -0.418095 0.436693
    outer loop
      vertex -15.4579 -1.42429 8.5
      vertex -15.9416 -1.82359 9
      vertex -15.7545 -1.98937 8.5
    endloop
  endfacet
  facet normal 0.511039 0.740357 0.436704
    outer loop
      vertex -15.7699 2 8.5
      vertex -15.9416 1.82359 9
      vertex -15.7545 1.98937 8.5
    endloop
  endfacet
  facet normal 0.511 0.740386 0.4367
    outer loop
      vertex -15.9416 1.82359 9
      vertex -15.7699 2 8.5
      vertex -16.1972 2 9
    endloop
  endfacet
  facet normal -0.673326 -0.596532 0.436785
    outer loop
      vertex -19.789 -2.00713 9
      vertex -20.6564 -1.39417 8.5
      vertex -20.1274 -1.99127 8.5
    endloop
  endfacet
  facet normal -0.673325 -0.59655 0.436763
    outer loop
      vertex -20.6564 -1.39417 8.5
      vertex -19.789 -2.00713 9
      vertex -20.435 -1.27799 9
    endloop
  endfacet
  facet normal -0.67447 -0.594625 0.43762
    outer loop
      vertex -19.789 -2.00713 9
      vertex -20.1274 -1.99127 8.5
      vertex -19.7874 -2.02309 8.98078
    endloop
  endfacet
  facet normal -0.6734 -0.59639 0.436866
    outer loop
      vertex -19.6241 -1.82729 9.5
      vertex -19.8476 -1.57493 9.5
      vertex -19.7678 -1.76777 9.35975
    endloop
  endfacet
  facet normal 0 0 1
    outer loop
      vertex -16.7929 2 9.5
      vertex -15.5726 0.175384 9.5
      vertex -16.2099 1.71383 9.5
    endloop
  endfacet
  facet normal 0 0 1
    outer loop
      vertex -15.5726 0.175384 9.5
      vertex -16.7929 2 9.5
      vertex -15.5726 -0.175384 9.5
    endloop
  endfacet
  facet normal 0 0 1
    outer loop
      vertex -16.7929 2 9.5
      vertex -16.2099 1.71383 9.5
      vertex -16.3718 1.82556 9.5
    endloop
  endfacet
  facet normal 0 0 1
    outer loop
      vertex -16.7929 -2 9.5
      vertex -15.5726 -0.175384 9.5
      vertex -16.7929 2 9.5
    endloop
  endfacet
  facet normal 0 0 1
    outer loop
      vertex -15.5726 -0.175384 9.5
      vertex -16.7929 -2 9.5
      vertex -16.2099 -1.71383 9.5
    endloop
  endfacet
  facet normal 0 0 1
    outer loop
      vertex -16.2099 -1.71383 9.5
      vertex -16.7929 -2 9.5
      vertex -16.3718 -1.82556 9.5
    endloop
  endfacet
  facet normal -0 0 1
    outer loop
      vertex -19.2071 2 9.5
      vertex -16.7929 -2 9.5
      vertex -16.7929 2 9.5
    endloop
  endfacet
  facet normal 0 0 1
    outer loop
      vertex -19.2071 2 9.5
      vertex -19.2071 -2 9.5
      vertex -16.7929 -2 9.5
    endloop
  endfacet
  facet normal 0 0 1
    outer loop
      vertex -19.8476 1.57493 9.5
      vertex -19.2071 2 9.5
      vertex -19.6241 1.82729 9.5
    endloop
  endfacet
  facet normal 0 0 1
    outer loop
      vertex -20.5 0 9.5
      vertex -19.2071 2 9.5
      vertex -19.8476 1.57493 9.5
    endloop
  endfacet
  facet normal 0 0 1
    outer loop
      vertex -19.2071 2 9.5
      vertex -20.5 0 9.5
      vertex -19.2071 -2 9.5
    endloop
  endfacet
  facet normal 0 0 1
    outer loop
      vertex -19.2071 -2 9.5
      vertex -19.8476 -1.57493 9.5
      vertex -19.6241 -1.82729 9.5
    endloop
  endfacet
  facet normal 0 0 1
    outer loop
      vertex -19.2071 -2 9.5
      vertex -20.5 0 9.5
      vertex -19.8476 -1.57493 9.5
    endloop
  endfacet
  facet normal 0.79656 0.418068 0.436705
    outer loop
      vertex -15.3299 0.658117 9
      vertex -15.4579 1.42429 8.5
      vertex -15.7933 1.54105 9
    endloop
  endfacet
  facet normal 0.796578 0.418056 0.436683
    outer loop
      vertex -15.4579 1.42429 8.5
      vertex -15.3299 0.658117 9
      vertex -15.0872 0.717946 8.5
    endloop
  endfacet
  facet normal -0.873432 0.215274 0.436777
    outer loop
      vertex -20.8473 0.619631 8.5
      vertex -20.435 1.27799 9
      vertex -20.6564 1.39417 8.5
    endloop
  endfacet
  facet normal -0.873425 0.215249 0.436803
    outer loop
      vertex -20.435 1.27799 9
      vertex -20.8473 0.619631 8.5
      vertex -20.6736 0.309815 9
    endloop
  endfacet
  facet normal 0.510863 0.740255 0.437083
    outer loop
      vertex -16.2322 1.76777 9.43471
      vertex -16.3718 1.82556 9.5
      vertex -16.2099 1.71383 9.5
    endloop
  endfacet
  facet normal -0.873425 -0.215249 0.436803
    outer loop
      vertex -20.8473 -0.619631 8.5
      vertex -20.435 -1.27799 9
      vertex -20.6736 -0.309815 9
    endloop
  endfacet
  facet normal -0.873432 -0.215274 0.436777
    outer loop
      vertex -20.435 -1.27799 9
      vertex -20.8473 -0.619631 8.5
      vertex -20.6564 -1.39417 8.5
    endloop
  endfacet
  facet normal -0.67447 0.594625 0.43762
    outer loop
      vertex -20.1274 1.99127 8.5
      vertex -19.789 2.00713 9
      vertex -19.7874 2.02309 8.98078
    endloop
  endfacet
  facet normal -0.673326 0.596532 0.436785
    outer loop
      vertex -20.6564 1.39417 8.5
      vertex -19.789 2.00713 9
      vertex -20.1274 1.99127 8.5
    endloop
  endfacet
  facet normal -0.673325 0.59655 0.436763
    outer loop
      vertex -19.789 2.00713 9
      vertex -20.6564 1.39417 8.5
      vertex -20.435 1.27799 9
    endloop
  endfacet
  facet normal -0.6734 0.59639 0.436866
    outer loop
      vertex -19.7678 1.76777 9.35975
      vertex -19.8476 1.57493 9.5
      vertex -19.6241 1.82729 9.5
    endloop
  endfacet
  facet normal -0.382668 0.923886 0
    outer loop
      vertex 0 -15.5 3
      vertex -1.76777 -16.2322 4
      vertex 0 -15.5 4
    endloop
  endfacet
  facet normal -0.382668 0.923886 0
    outer loop
      vertex -1.76777 -16.2322 2.5
      vertex 0 -15.5 3
      vertex 0 -15.5 2.5
    endloop
  endfacet
  facet normal -0.382668 0.923886 0
    outer loop
      vertex 0 -15.5 3
      vertex -1.76777 -16.2322 2.5
      vertex -1.76777 -16.2322 4
    endloop
  endfacet
  facet normal -0.382668 0.923886 0
    outer loop
      vertex 0 -15.5 5.5
      vertex -1.76777 -16.2322 6.5
      vertex 0 -15.5 6.5
    endloop
  endfacet
  facet normal -0.382668 0.923886 0
    outer loop
      vertex -1.76777 -16.2322 5
      vertex 0 -15.5 5.5
      vertex 0 -15.5 5
    endloop
  endfacet
  facet normal -0.382668 0.923886 0
    outer loop
      vertex 0 -15.5 5.5
      vertex -1.76777 -16.2322 5
      vertex -1.76777 -16.2322 6.5
    endloop
  endfacet
  facet normal -0.923883 0.382676 0
    outer loop
      vertex -2.5 -18 3
      vertex -1.76777 -16.2322 2.5
      vertex -2.5 -18 2.5
    endloop
  endfacet
  facet normal -0.923883 0.382676 0
    outer loop
      vertex -1.76777 -16.2322 2.5
      vertex -2.5 -18 3
      vertex -1.76777 -16.2322 4
    endloop
  endfacet
  facet normal -0.923883 0.382676 0
    outer loop
      vertex -1.76777 -16.2322 4
      vertex -2.5 -18 3
      vertex -2.5 -18 4
    endloop
  endfacet
  facet normal -0.923883 0.382676 0
    outer loop
      vertex -2.5 -18 5.5
      vertex -1.76777 -16.2322 5
      vertex -2.5 -18 5
    endloop
  endfacet
  facet normal -0.923883 0.382676 0
    outer loop
      vertex -1.76777 -16.2322 5
      vertex -2.5 -18 5.5
      vertex -1.76777 -16.2322 6.5
    endloop
  endfacet
  facet normal -0.923883 0.382676 0
    outer loop
      vertex -1.76777 -16.2322 6.5
      vertex -2.5 -18 5.5
      vertex -2.5 -18 6.5
    endloop
  endfacet
  facet normal 0.923883 0.382676 -0
    outer loop
      vertex 2.5 -18 3
      vertex 1.76777 -16.2322 4
      vertex 2.5 -18 4
    endloop
  endfacet
  facet normal 0.923883 0.382676 0
    outer loop
      vertex 1.76777 -16.2322 4
      vertex 2.5 -18 3
      vertex 1.76777 -16.2322 2.5
    endloop
  endfacet
  facet normal 0.923883 0.382676 0
    outer loop
      vertex 1.76777 -16.2322 2.5
      vertex 2.5 -18 3
      vertex 2.5 -18 2.5
    endloop
  endfacet
  facet normal 0.923883 0.382676 -0
    outer loop
      vertex 2.5 -18 5.5
      vertex 1.76777 -16.2322 6.5
      vertex 2.5 -18 6.5
    endloop
  endfacet
  facet normal 0.923883 0.382676 0
    outer loop
      vertex 1.76777 -16.2322 6.5
      vertex 2.5 -18 5.5
      vertex 1.76777 -16.2322 5
    endloop
  endfacet
  facet normal 0.923883 0.382676 0
    outer loop
      vertex 1.76777 -16.2322 5
      vertex 2.5 -18 5.5
      vertex 2.5 -18 5
    endloop
  endfacet
  facet normal 0.382668 0.923886 0
    outer loop
      vertex 1.76777 -16.2322 4
      vertex 0 -15.5 3
      vertex 0 -15.5 4
    endloop
  endfacet
  facet normal 0.382668 0.923886 -0
    outer loop
      vertex 1.76777 -16.2322 2.5
      vertex 0 -15.5 3
      vertex 1.76777 -16.2322 4
    endloop
  endfacet
  facet normal 0.382668 0.923886 0
    outer loop
      vertex 0 -15.5 3
      vertex 1.76777 -16.2322 2.5
      vertex 0 -15.5 2.5
    endloop
  endfacet
  facet normal 0.382668 0.923886 0
    outer loop
      vertex 1.76777 -16.2322 6.5
      vertex 0 -15.5 5.5
      vertex 0 -15.5 6.5
    endloop
  endfacet
  facet normal 0.382668 0.923886 -0
    outer loop
      vertex 1.76777 -16.2322 5
      vertex 0 -15.5 5.5
      vertex 1.76777 -16.2322 6.5
    endloop
  endfacet
  facet normal 0.382668 0.923886 0
    outer loop
      vertex 0 -15.5 5.5
      vertex 1.76777 -16.2322 5
      vertex 0 -15.5 5
    endloop
  endfacet
  facet normal 0 0 -1
    outer loop
      vertex 0 -20.5 0
      vertex -1.47161 -19.8904 0
      vertex 1.47161 -19.8904 0
    endloop
  endfacet
  facet normal 0.215388 -0.873434 0.436717
    outer loop
      vertex 0 -21 8.5
      vertex 0.309815 -20.6736 9
      vertex 0 -20.75 9
    endloop
  endfacet
  facet normal 0.215245 -0.873427 0.436801
    outer loop
      vertex 0.309815 -20.6736 9
      vertex 0 -21 8.5
      vertex 0.619631 -20.8473 8.5
    endloop
  endfacet
  facet normal -0.215245 -0.873427 0.436801
    outer loop
      vertex 0 -21 8.5
      vertex -0.309815 -20.6736 9
      vertex -0.619631 -20.8473 8.5
    endloop
  endfacet
  facet normal -0.215388 -0.873434 0.436717
    outer loop
      vertex -0.309815 -20.6736 9
      vertex 0 -21 8.5
      vertex 0 -20.75 9
    endloop
  endfacet
  facet normal 0.596628 -0.673262 0.436753
    outer loop
      vertex 1.99127 -20.1274 8.5
      vertex 2.09057 -19.8904 8.72969
      vertex 2.01345 -19.8904 8.83504
    endloop
  endfacet
  facet normal 0.596541 -0.673293 0.436823
    outer loop
      vertex 2.09057 -19.8904 8.72969
      vertex 1.99127 -20.1274 8.5
      vertex 2.31181 -19.8434 8.5
    endloop
  endfacet
  facet normal -0.596628 -0.673262 0.436753
    outer loop
      vertex -2.09057 -19.8904 8.72969
      vertex -1.99127 -20.1274 8.5
      vertex -2.01345 -19.8904 8.83504
    endloop
  endfacet
  facet normal -0.596541 -0.673293 0.436823
    outer loop
      vertex -1.99127 -20.1274 8.5
      vertex -2.09057 -19.8904 8.72969
      vertex -2.31181 -19.8434 8.5
    endloop
  endfacet
  facet normal 0.596549 -0.673325 0.436763
    outer loop
      vertex 1.39417 -20.6564 8.5
      vertex 1.89268 -19.8904 9
      vertex 1.27799 -20.435 9
    endloop
  endfacet
  facet normal 0.596559 -0.673324 0.436751
    outer loop
      vertex 1.89268 -19.8904 9
      vertex 1.39417 -20.6564 8.5
      vertex 2.01345 -19.8904 8.83504
    endloop
  endfacet
  facet normal 0.596527 -0.67332 0.436801
    outer loop
      vertex 2.01345 -19.8904 8.83504
      vertex 1.39417 -20.6564 8.5
      vertex 1.99127 -20.1274 8.5
    endloop
  endfacet
  facet normal 0 0 1
    outer loop
      vertex 1.47161 -19.8904 9.5
      vertex -1.47161 -19.8904 9.5
      vertex 0 -20.5 9.5
    endloop
  endfacet
  facet normal -0.215274 -0.873432 0.436777
    outer loop
      vertex -0.619631 -20.8473 8.5
      vertex -1.27799 -20.435 9
      vertex -1.39417 -20.6564 8.5
    endloop
  endfacet
  facet normal -0.215249 -0.873425 0.436803
    outer loop
      vertex -1.27799 -20.435 9
      vertex -0.619631 -20.8473 8.5
      vertex -0.309815 -20.6736 9
    endloop
  endfacet
  facet normal 0.215249 -0.873425 0.436803
    outer loop
      vertex 0.619631 -20.8473 8.5
      vertex 1.27799 -20.435 9
      vertex 0.309815 -20.6736 9
    endloop
  endfacet
  facet normal 0.215274 -0.873432 0.436777
    outer loop
      vertex 1.27799 -20.435 9
      vertex 0.619631 -20.8473 8.5
      vertex 1.39417 -20.6564 8.5
    endloop
  endfacet
  facet normal -0.596559 -0.673324 0.436751
    outer loop
      vertex -1.39417 -20.6564 8.5
      vertex -1.89268 -19.8904 9
      vertex -2.01345 -19.8904 8.83504
    endloop
  endfacet
  facet normal -0.596527 -0.67332 0.436801
    outer loop
      vertex -1.39417 -20.6564 8.5
      vertex -2.01345 -19.8904 8.83504
      vertex -1.99127 -20.1274 8.5
    endloop
  endfacet
  facet normal -0.596549 -0.673325 0.436763
    outer loop
      vertex -1.89268 -19.8904 9
      vertex -1.39417 -20.6564 8.5
      vertex -1.27799 -20.435 9
    endloop
  endfacet
  facet normal 0.748527 0.663104 0
    outer loop
      vertex 21.5418 1.85889 -1
      vertex 20.2723 3.29193 -4
      vertex 20.2723 3.29193 -1
    endloop
  endfacet
  facet normal 0.748527 0.663104 0
    outer loop
      vertex 20.2723 3.29193 -4
      vertex 21.5418 1.85889 -1
      vertex 21.5418 1.85889 -4
    endloop
  endfacet
  facet normal 0.970939 0.239328 0
    outer loop
      vertex 22 0 -1
      vertex 21.5418 1.85889 -4
      vertex 21.5418 1.85889 -1
    endloop
  endfacet
  facet normal 0.970939 0.239328 0
    outer loop
      vertex 21.5418 1.85889 -4
      vertex 22 0 -1
      vertex 22 0 -4
    endloop
  endfacet
  facet normal 0.354571 0.935029 -0
    outer loop
      vertex 20.2723 3.29193 -4
      vertex 19.6283 3.53614 -1
      vertex 20.2723 3.29193 -1
    endloop
  endfacet
  facet normal 0.354571 0.935029 0
    outer loop
      vertex 19.6283 3.53614 -1
      vertex 20.2723 3.29193 -4
      vertex 19.6283 3.53614 -4
    endloop
  endfacet
  facet normal 0.970939 -0.239328 0
    outer loop
      vertex 21.5418 -1.85889 -1
      vertex 22 0 -4
      vertex 22 0 -1
    endloop
  endfacet
  facet normal 0.970939 -0.239328 0
    outer loop
      vertex 22 0 -4
      vertex 21.5418 -1.85889 -1
      vertex 21.5418 -1.85889 -4
    endloop
  endfacet
  facet normal 0 0 1
    outer loop
      vertex 20 0 -1
      vertex 22 0 -1
      vertex 21.5418 1.85889 -1
    endloop
  endfacet
  facet normal 0 0 1
    outer loop
      vertex 20 0 -1
      vertex 21.5418 1.85889 -1
      vertex 20.2723 3.29193 -1
    endloop
  endfacet
  facet normal 0 0 1
    outer loop
      vertex 22 0 -1
      vertex 20 0 -1
      vertex 21.5418 -1.85889 -1
    endloop
  endfacet
  facet normal 0 0 1
    outer loop
      vertex 21.5418 -1.85889 -1
      vertex 20 0 -1
      vertex 20.2723 -3.29193 -1
    endloop
  endfacet
  facet normal 0 -0 1
    outer loop
      vertex 20 0 -1
      vertex 20.2723 3.29193 -1
      vertex 19.6283 3.53614 -1
    endloop
  endfacet
  facet normal 0 0 1
    outer loop
      vertex 20.2723 -3.29193 -1
      vertex 20 0 -1
      vertex 19.6283 -3.53614 -1
    endloop
  endfacet
  facet normal 0.748527 -0.663104 0
    outer loop
      vertex 20.2723 -3.29193 -1
      vertex 21.5418 -1.85889 -4
      vertex 21.5418 -1.85889 -1
    endloop
  endfacet
  facet normal 0.748527 -0.663104 0
    outer loop
      vertex 21.5418 -1.85889 -4
      vertex 20.2723 -3.29193 -1
      vertex 20.2723 -3.29193 -4
    endloop
  endfacet
  facet normal 0.354571 -0.935029 0
    outer loop
      vertex 19.6283 -3.53614 -4
      vertex 20.2723 -3.29193 -1
      vertex 19.6283 -3.53614 -1
    endloop
  endfacet
  facet normal 0.354571 -0.935029 0
    outer loop
      vertex 20.2723 -3.29193 -1
      vertex 19.6283 -3.53614 -4
      vertex 20.2723 -3.29193 -4
    endloop
  endfacet
  facet normal 0 0 -1
    outer loop
      vertex 20 0 -4
      vertex 22 0 -4
      vertex 21.5418 -1.85889 -4
    endloop
  endfacet
  facet normal 0 0 -1
    outer loop
      vertex 20 0 -4
      vertex 21.5418 -1.85889 -4
      vertex 20.2723 -3.29193 -4
    endloop
  endfacet
  facet normal 0 0 -1
    outer loop
      vertex 22 0 -4
      vertex 20 0 -4
      vertex 21.5418 1.85889 -4
    endloop
  endfacet
  facet normal -0 0 -1
    outer loop
      vertex 21.5418 1.85889 -4
      vertex 20 0 -4
      vertex 20.2723 3.29193 -4
    endloop
  endfacet
  facet normal 0 -0 -1
    outer loop
      vertex 20 0 -4
      vertex 20.2723 -3.29193 -4
      vertex 19.6283 -3.53614 -4
    endloop
  endfacet
  facet normal -0 0 -1
    outer loop
      vertex 20.2723 3.29193 -4
      vertex 20 0 -4
      vertex 19.6283 3.53614 -4
    endloop
  endfacet
  facet normal -0.663104 0.748527 0
    outer loop
      vertex -1.85889 21.5418 -4
      vertex -3.29193 20.2723 -1
      vertex -1.85889 21.5418 -1
    endloop
  endfacet
  facet normal -0.663104 0.748527 0
    outer loop
      vertex -3.29193 20.2723 -1
      vertex -1.85889 21.5418 -4
      vertex -3.29193 20.2723 -4
    endloop
  endfacet
  facet normal -0.239328 0.970939 0
    outer loop
      vertex 0 22 -4
      vertex -1.85889 21.5418 -1
      vertex 0 22 -1
    endloop
  endfacet
  facet normal -0.239328 0.970939 0
    outer loop
      vertex -1.85889 21.5418 -1
      vertex 0 22 -4
      vertex -1.85889 21.5418 -4
    endloop
  endfacet
  facet normal 0 0 1
    outer loop
      vertex 3.29193 20.2723 -1
      vertex 2.09057 19.8904 -1
      vertex 3.55477 19.5792 -1
    endloop
  endfacet
  facet normal 0 0 1
    outer loop
      vertex 1.85889 21.5418 -1
      vertex 2.09057 19.8904 -1
      vertex 3.29193 20.2723 -1
    endloop
  endfacet
  facet normal 0 0 1
    outer loop
      vertex 0 22 -1
      vertex 2.09057 19.8904 -1
      vertex 1.85889 21.5418 -1
    endloop
  endfacet
  facet normal 0 0 1
    outer loop
      vertex -2.09057 19.8904 -1
      vertex 0 22 -1
      vertex -1.85889 21.5418 -1
    endloop
  endfacet
  facet normal 0 0 1
    outer loop
      vertex 0 22 -1
      vertex -2.09057 19.8904 -1
      vertex 2.09057 19.8904 -1
    endloop
  endfacet
  facet normal -0 0 1
    outer loop
      vertex -3.29193 20.2723 -1
      vertex -2.09057 19.8904 -1
      vertex -1.85889 21.5418 -1
    endloop
  endfacet
  facet normal 0 0 1
    outer loop
      vertex -2.09057 19.8904 -1
      vertex -3.29193 20.2723 -1
      vertex -3.55477 19.5792 -1
    endloop
  endfacet
  facet normal -0.935024 0.354583 0
    outer loop
      vertex -3.55477 19.5792 -4
      vertex -3.29193 20.2723 -1
      vertex -3.29193 20.2723 -4
    endloop
  endfacet
  facet normal -0.935024 0.354583 0
    outer loop
      vertex -3.29193 20.2723 -1
      vertex -3.55477 19.5792 -4
      vertex -3.55477 19.5792 -1
    endloop
  endfacet
  facet normal 0 0 -1
    outer loop
      vertex 2.09057 19.8904 -4
      vertex 3.29193 20.2723 -4
      vertex 3.55477 19.5792 -4
    endloop
  endfacet
  facet normal 0 0 -1
    outer loop
      vertex 2.09057 19.8904 -4
      vertex 1.85889 21.5418 -4
      vertex 3.29193 20.2723 -4
    endloop
  endfacet
  facet normal 0 0 -1
    outer loop
      vertex 2.09057 19.8904 -4
      vertex 0 22 -4
      vertex 1.85889 21.5418 -4
    endloop
  endfacet
  facet normal 0 0 -1
    outer loop
      vertex -2.09057 19.8904 -4
      vertex 0 22 -4
      vertex 2.09057 19.8904 -4
    endloop
  endfacet
  facet normal 0 0 -1
    outer loop
      vertex 0 22 -4
      vertex -2.09057 19.8904 -4
      vertex -1.85889 21.5418 -4
    endloop
  endfacet
  facet normal 0 0 -1
    outer loop
      vertex -2.09057 19.8904 -4
      vertex -3.29193 20.2723 -4
      vertex -1.85889 21.5418 -4
    endloop
  endfacet
  facet normal 0 -0 -1
    outer loop
      vertex -3.29193 20.2723 -4
      vertex -2.09057 19.8904 -4
      vertex -3.55477 19.5792 -4
    endloop
  endfacet
  facet normal 0.663104 0.748527 -0
    outer loop
      vertex 3.29193 20.2723 -4
      vertex 1.85889 21.5418 -1
      vertex 3.29193 20.2723 -1
    endloop
  endfacet
  facet normal 0.663104 0.748527 0
    outer loop
      vertex 1.85889 21.5418 -1
      vertex 3.29193 20.2723 -4
      vertex 1.85889 21.5418 -4
    endloop
  endfacet
  facet normal 0.935024 0.354583 0
    outer loop
      vertex 3.55477 19.5792 -1
      vertex 3.29193 20.2723 -4
      vertex 3.29193 20.2723 -1
    endloop
  endfacet
  facet normal 0.935024 0.354583 0
    outer loop
      vertex 3.29193 20.2723 -4
      vertex 3.55477 19.5792 -1
      vertex 3.55477 19.5792 -4
    endloop
  endfacet
  facet normal 0.239328 0.970939 -0
    outer loop
      vertex 1.85889 21.5418 -4
      vertex 0 22 -1
      vertex 1.85889 21.5418 -1
    endloop
  endfacet
  facet normal 0.239328 0.970939 0
    outer loop
      vertex 0 22 -1
      vertex 1.85889 21.5418 -4
      vertex 0 22 -4
    endloop
  endfacet
  facet normal 0 0 -1
    outer loop
      vertex -21.5418 -1.85889 -4
      vertex -19.7898 -2 -4
      vertex -20.2723 -3.29193 -4
    endloop
  endfacet
  facet normal 0 0 -1
    outer loop
      vertex -20.2723 -3.29193 -4
      vertex -19.7898 -2 -4
      vertex -19.6283 -3.53614 -4
    endloop
  endfacet
  facet normal 0 0 -1
    outer loop
      vertex -14.6635 -2 -4
      vertex -14.1162 0.957262 -4
      vertex -14.1162 -0.957262 -4
    endloop
  endfacet
  facet normal 0 0 -1
    outer loop
      vertex -14.6635 -2 -4
      vertex -14.6635 2 -4
      vertex -14.1162 0.957262 -4
    endloop
  endfacet
  facet normal 0 0 -1
    outer loop
      vertex -19.7898 -2 -4
      vertex -14.6635 2 -4
      vertex -14.6635 -2 -4
    endloop
  endfacet
  facet normal -0 0 -1
    outer loop
      vertex -14.6635 2 -4
      vertex -19.7898 -2 -4
      vertex -19.7898 2 -4
    endloop
  endfacet
  facet normal 0 0 -1
    outer loop
      vertex -19.7898 2 -4
      vertex -20.2723 3.29193 -4
      vertex -19.6283 3.53614 -4
    endloop
  endfacet
  facet normal 0 0 -1
    outer loop
      vertex -22 0 -4
      vertex -19.7898 -2 -4
      vertex -21.5418 -1.85889 -4
    endloop
  endfacet
  facet normal 0 0 -1
    outer loop
      vertex -19.7898 -2 -4
      vertex -22 0 -4
      vertex -19.7898 2 -4
    endloop
  endfacet
  facet normal -0 0 -1
    outer loop
      vertex -19.7898 2 -4
      vertex -21.5418 1.85889 -4
      vertex -20.2723 3.29193 -4
    endloop
  endfacet
  facet normal 0 0 -1
    outer loop
      vertex -19.7898 2 -4
      vertex -22 0 -4
      vertex -21.5418 1.85889 -4
    endloop
  endfacet
  facet normal 1 -0 0
    outer loop
      vertex -14.1162 -0.957262 -1
      vertex -14.1162 0.957262 -4
      vertex -14.1162 0.957262 -1
    endloop
  endfacet
  facet normal 1 0 0
    outer loop
      vertex -14.1162 0.957262 -4
      vertex -14.1162 -0.957262 -1
      vertex -14.1162 -0.957262 -4
    endloop
  endfacet
  facet normal -0.970939 -0.239328 0
    outer loop
      vertex -21.5418 -1.85889 -4
      vertex -22 0 -1
      vertex -22 0 -4
    endloop
  endfacet
  facet normal -0.970939 -0.239328 0
    outer loop
      vertex -22 0 -1
      vertex -21.5418 -1.85889 -4
      vertex -21.5418 -1.85889 -1
    endloop
  endfacet
  facet normal -0.748527 -0.663104 0
    outer loop
      vertex -20.2723 -3.29193 -4
      vertex -21.5418 -1.85889 -1
      vertex -21.5418 -1.85889 -4
    endloop
  endfacet
  facet normal -0.748527 -0.663104 0
    outer loop
      vertex -21.5418 -1.85889 -1
      vertex -20.2723 -3.29193 -4
      vertex -20.2723 -3.29193 -1
    endloop
  endfacet
  facet normal -0.748527 0.663104 0
    outer loop
      vertex -21.5418 1.85889 -4
      vertex -20.2723 3.29193 -1
      vertex -20.2723 3.29193 -4
    endloop
  endfacet
  facet normal -0.748527 0.663104 0
    outer loop
      vertex -20.2723 3.29193 -1
      vertex -21.5418 1.85889 -4
      vertex -21.5418 1.85889 -1
    endloop
  endfacet
  facet normal 0.885446 -0.464742 0
    outer loop
      vertex -14.6635 -2 -1
      vertex -14.1162 -0.957262 -4
      vertex -14.1162 -0.957262 -1
    endloop
  endfacet
  facet normal 0.885446 -0.464742 0
    outer loop
      vertex -14.1162 -0.957262 -4
      vertex -14.6635 -2 -1
      vertex -14.6635 -2 -4
    endloop
  endfacet
  facet normal -0.354571 0.935029 0
    outer loop
      vertex -19.6283 3.53614 -4
      vertex -20.2723 3.29193 -1
      vertex -19.6283 3.53614 -1
    endloop
  endfacet
  facet normal -0.354571 0.935029 0
    outer loop
      vertex -20.2723 3.29193 -1
      vertex -19.6283 3.53614 -4
      vertex -20.2723 3.29193 -4
    endloop
  endfacet
  facet normal -0.970939 0.239328 0
    outer loop
      vertex -22 0 -4
      vertex -21.5418 1.85889 -1
      vertex -21.5418 1.85889 -4
    endloop
  endfacet
  facet normal -0.970939 0.239328 0
    outer loop
      vertex -21.5418 1.85889 -1
      vertex -22 0 -4
      vertex -22 0 -1
    endloop
  endfacet
  facet normal -0.354571 -0.935029 0
    outer loop
      vertex -20.2723 -3.29193 -4
      vertex -19.6283 -3.53614 -1
      vertex -20.2723 -3.29193 -1
    endloop
  endfacet
  facet normal -0.354571 -0.935029 -0
    outer loop
      vertex -19.6283 -3.53614 -1
      vertex -20.2723 -3.29193 -4
      vertex -19.6283 -3.53614 -4
    endloop
  endfacet
  facet normal 0.885446 0.464742 0
    outer loop
      vertex -14.1162 0.957262 -1
      vertex -14.6635 2 -4
      vertex -14.6635 2 -1
    endloop
  endfacet
  facet normal 0.885446 0.464742 0
    outer loop
      vertex -14.6635 2 -4
      vertex -14.1162 0.957262 -1
      vertex -14.1162 0.957262 -4
    endloop
  endfacet
  facet normal 0 0 1
    outer loop
      vertex -21.5418 1.85889 -1
      vertex -19.7898 2 -1
      vertex -20.2723 3.29193 -1
    endloop
  endfacet
  facet normal -0 0 1
    outer loop
      vertex -20.2723 3.29193 -1
      vertex -19.7898 2 -1
      vertex -19.6283 3.53614 -1
    endloop
  endfacet
  facet normal 0 0 1
    outer loop
      vertex -14.6635 2 -1
      vertex -14.1162 -0.957262 -1
      vertex -14.1162 0.957262 -1
    endloop
  endfacet
  facet normal 0 0 1
    outer loop
      vertex -14.6635 2 -1
      vertex -14.6635 -2 -1
      vertex -14.1162 -0.957262 -1
    endloop
  endfacet
  facet normal -0 0 1
    outer loop
      vertex -19.7898 2 -1
      vertex -14.6635 -2 -1
      vertex -14.6635 2 -1
    endloop
  endfacet
  facet normal 0 0 1
    outer loop
      vertex -14.6635 -2 -1
      vertex -19.7898 2 -1
      vertex -19.7898 -2 -1
    endloop
  endfacet
  facet normal 0 0 1
    outer loop
      vertex -19.7898 -2 -1
      vertex -20.2723 -3.29193 -1
      vertex -19.6283 -3.53614 -1
    endloop
  endfacet
  facet normal 0 0 1
    outer loop
      vertex -22 0 -1
      vertex -19.7898 2 -1
      vertex -21.5418 1.85889 -1
    endloop
  endfacet
  facet normal 0 0 1
    outer loop
      vertex -19.7898 2 -1
      vertex -22 0 -1
      vertex -19.7898 -2 -1
    endloop
  endfacet
  facet normal 0 0 1
    outer loop
      vertex -19.7898 -2 -1
      vertex -21.5418 -1.85889 -1
      vertex -20.2723 -3.29193 -1
    endloop
  endfacet
  facet normal 0 0 1
    outer loop
      vertex -19.7898 -2 -1
      vertex -22 0 -1
      vertex -21.5418 -1.85889 -1
    endloop
  endfacet
  facet normal 0.239328 -0.970939 0
    outer loop
      vertex 0 -22 -4
      vertex 1.85889 -21.5418 -1
      vertex 0 -22 -1
    endloop
  endfacet
  facet normal 0.239328 -0.970939 0
    outer loop
      vertex 1.85889 -21.5418 -1
      vertex 0 -22 -4
      vertex 1.85889 -21.5418 -4
    endloop
  endfacet
  facet normal -0.239328 -0.970939 0
    outer loop
      vertex -1.85889 -21.5418 -4
      vertex 0 -22 -1
      vertex -1.85889 -21.5418 -1
    endloop
  endfacet
  facet normal -0.239328 -0.970939 -0
    outer loop
      vertex 0 -22 -1
      vertex -1.85889 -21.5418 -4
      vertex 0 -22 -4
    endloop
  endfacet
  facet normal 0.663104 -0.748527 0
    outer loop
      vertex 1.85889 -21.5418 -4
      vertex 3.29193 -20.2723 -1
      vertex 1.85889 -21.5418 -1
    endloop
  endfacet
  facet normal 0.663104 -0.748527 0
    outer loop
      vertex 3.29193 -20.2723 -1
      vertex 1.85889 -21.5418 -4
      vertex 3.29193 -20.2723 -4
    endloop
  endfacet
  facet normal -0.663104 -0.748527 0
    outer loop
      vertex -3.29193 -20.2723 -4
      vertex -1.85889 -21.5418 -1
      vertex -3.29193 -20.2723 -1
    endloop
  endfacet
  facet normal -0.663104 -0.748527 -0
    outer loop
      vertex -1.85889 -21.5418 -1
      vertex -3.29193 -20.2723 -4
      vertex -1.85889 -21.5418 -4
    endloop
  endfacet
  facet normal -0.935024 -0.354583 0
    outer loop
      vertex -3.29193 -20.2723 -4
      vertex -3.55477 -19.5792 -1
      vertex -3.55477 -19.5792 -4
    endloop
  endfacet
  facet normal -0.935024 -0.354583 0
    outer loop
      vertex -3.55477 -19.5792 -1
      vertex -3.29193 -20.2723 -4
      vertex -3.29193 -20.2723 -1
    endloop
  endfacet
  facet normal 0.935024 -0.354583 0
    outer loop
      vertex 3.29193 -20.2723 -1
      vertex 3.55477 -19.5792 -4
      vertex 3.55477 -19.5792 -1
    endloop
  endfacet
  facet normal 0.935024 -0.354583 0
    outer loop
      vertex 3.55477 -19.5792 -4
      vertex 3.29193 -20.2723 -1
      vertex 3.29193 -20.2723 -4
    endloop
  endfacet
  facet normal 0 0 -1
    outer loop
      vertex 3.29193 -20.2723 -4
      vertex 2.09057 -19.8904 -4
      vertex 3.55477 -19.5792 -4
    endloop
  endfacet
  facet normal 0 0 -1
    outer loop
      vertex 1.85889 -21.5418 -4
      vertex 2.09057 -19.8904 -4
      vertex 3.29193 -20.2723 -4
    endloop
  endfacet
  facet normal 0 0 -1
    outer loop
      vertex 0 -22 -4
      vertex 2.09057 -19.8904 -4
      vertex 1.85889 -21.5418 -4
    endloop
  endfacet
  facet normal 0 0 -1
    outer loop
      vertex -2.09057 -19.8904 -4
      vertex 0 -22 -4
      vertex -1.85889 -21.5418 -4
    endloop
  endfacet
  facet normal 0 0 -1
    outer loop
      vertex 0 -22 -4
      vertex -2.09057 -19.8904 -4
      vertex 2.09057 -19.8904 -4
    endloop
  endfacet
  facet normal 0 0 -1
    outer loop
      vertex -3.29193 -20.2723 -4
      vertex -2.09057 -19.8904 -4
      vertex -1.85889 -21.5418 -4
    endloop
  endfacet
  facet normal -0 0 -1
    outer loop
      vertex -2.09057 -19.8904 -4
      vertex -3.29193 -20.2723 -4
      vertex -3.55477 -19.5792 -4
    endloop
  endfacet
  facet normal -0 0 1
    outer loop
      vertex 2.09057 -19.8904 -1
      vertex 3.29193 -20.2723 -1
      vertex 3.55477 -19.5792 -1
    endloop
  endfacet
  facet normal 0 0 1
    outer loop
      vertex 2.09057 -19.8904 -1
      vertex 1.85889 -21.5418 -1
      vertex 3.29193 -20.2723 -1
    endloop
  endfacet
  facet normal 0 0 1
    outer loop
      vertex 2.09057 -19.8904 -1
      vertex 0 -22 -1
      vertex 1.85889 -21.5418 -1
    endloop
  endfacet
  facet normal -0 0 1
    outer loop
      vertex -2.09057 -19.8904 -1
      vertex 0 -22 -1
      vertex 2.09057 -19.8904 -1
    endloop
  endfacet
  facet normal 0 0 1
    outer loop
      vertex 0 -22 -1
      vertex -2.09057 -19.8904 -1
      vertex -1.85889 -21.5418 -1
    endloop
  endfacet
  facet normal 0 0 1
    outer loop
      vertex -2.09057 -19.8904 -1
      vertex -3.29193 -20.2723 -1
      vertex -1.85889 -21.5418 -1
    endloop
  endfacet
  facet normal 0 -0 1
    outer loop
      vertex -3.29193 -20.2723 -1
      vertex -2.09057 -19.8904 -1
      vertex -3.55477 -19.5792 -1
    endloop
  endfacet
endsolid OpenSCAD_Model
