solid OpenSCAD_Model
  facet normal -0.382676 0.923883 0
    outer loop
      vertex 25 2.5 36.5
      vertex 23.2322 1.76777 37.5
      vertex 25 2.5 37.5
    endloop
  endfacet
  facet normal -0.382676 0.923883 0
    outer loop
      vertex 23.2322 1.76777 37.5
      vertex 25 2.5 36.5
      vertex 23.2322 1.76777 36.5
    endloop
  endfacet
  facet normal -0.382687 0.923878 0
    outer loop
      vertex 25 2.5 42.5
      vertex 24.7482 2.3957 50
      vertex 25 2.5 50
    endloop
  endfacet
  facet normal -0.382687 0.923878 0
    outer loop
      vertex 24.7482 2.3957 50
      vertex 25 2.5 42.5
      vertex 24.7482 2.3957 42.5
    endloop
  endfacet
  facet normal 0.382676 -0.923883 0
    outer loop
      vertex 23.2322 1.76777 29.5
      vertex 25 2.5 30
      vertex 23.2322 1.76777 30
    endloop
  endfacet
  facet normal 0.382676 -0.923883 0
    outer loop
      vertex 25 2.5 30
      vertex 23.2322 1.76777 29.5
      vertex 25 2.5 29.5
    endloop
  endfacet
  facet normal 0.382674 -0.923883 0
    outer loop
      vertex 23.2322 1.76777 50
      vertex 24.7482 2.3957 70
      vertex 23.2322 1.76777 70
    endloop
  endfacet
  facet normal 0.382674 -0.923883 0
    outer loop
      vertex 24.7482 2.3957 70
      vertex 23.2322 1.76777 50
      vertex 24.7482 2.3957 50
    endloop
  endfacet
  facet normal -0.923886 0.382668 0
    outer loop
      vertex 22.5 0 36.5
      vertex 23.2322 1.76777 37.5
      vertex 23.2322 1.76777 36.5
    endloop
  endfacet
  facet normal -0.923886 0.382668 0
    outer loop
      vertex 23.2322 1.76777 37.5
      vertex 22.5 0 36.5
      vertex 22.5 0 37.5
    endloop
  endfacet
  facet normal 0.923886 -0.382668 0
    outer loop
      vertex 22.5 0 30
      vertex 23.2322 1.76777 29.5
      vertex 23.2322 1.76777 30
    endloop
  endfacet
  facet normal 0.923886 -0.382668 0
    outer loop
      vertex 23.2322 1.76777 29.5
      vertex 22.5 0 30
      vertex 22.5 0 29.5
    endloop
  endfacet
  facet normal 0.923886 -0.382668 0
    outer loop
      vertex 22.5 0 70
      vertex 23.2322 1.76777 50
      vertex 23.2322 1.76777 70
    endloop
  endfacet
  facet normal 0.923886 -0.382668 0
    outer loop
      vertex 23.2322 1.76777 50
      vertex 22.5 0 70
      vertex 22.5 0 50
    endloop
  endfacet
  facet normal -0.382676 -0.923883 0
    outer loop
      vertex 23.2322 -1.76777 36.5
      vertex 25 -2.5 37.5
      vertex 23.2322 -1.76777 37.5
    endloop
  endfacet
  facet normal -0.382676 -0.923883 -0
    outer loop
      vertex 25 -2.5 37.5
      vertex 23.2322 -1.76777 36.5
      vertex 25 -2.5 36.5
    endloop
  endfacet
  facet normal -0.382687 -0.923878 0
    outer loop
      vertex 24.7482 -2.3957 42.5
      vertex 25 -2.5 50
      vertex 24.7482 -2.3957 50
    endloop
  endfacet
  facet normal -0.382687 -0.923878 -0
    outer loop
      vertex 25 -2.5 50
      vertex 24.7482 -2.3957 42.5
      vertex 25 -2.5 42.5
    endloop
  endfacet
  facet normal 0.382676 0.923883 -0
    outer loop
      vertex 25 -2.5 29.5
      vertex 23.2322 -1.76777 30
      vertex 25 -2.5 30
    endloop
  endfacet
  facet normal 0.382676 0.923883 0
    outer loop
      vertex 23.2322 -1.76777 30
      vertex 25 -2.5 29.5
      vertex 23.2322 -1.76777 29.5
    endloop
  endfacet
  facet normal 0.382674 0.923883 -0
    outer loop
      vertex 24.7482 -2.3957 50
      vertex 23.2322 -1.76777 70
      vertex 24.7482 -2.3957 70
    endloop
  endfacet
  facet normal 0.382674 0.923883 0
    outer loop
      vertex 23.2322 -1.76777 70
      vertex 24.7482 -2.3957 50
      vertex 23.2322 -1.76777 50
    endloop
  endfacet
  facet normal -0.923886 -0.382668 0
    outer loop
      vertex 23.2322 -1.76777 36.5
      vertex 22.5 0 37.5
      vertex 22.5 0 36.5
    endloop
  endfacet
  facet normal -0.923886 -0.382668 0
    outer loop
      vertex 22.5 0 37.5
      vertex 23.2322 -1.76777 36.5
      vertex 23.2322 -1.76777 37.5
    endloop
  endfacet
  facet normal 0.923886 0.382668 0
    outer loop
      vertex 23.2322 -1.76777 30
      vertex 22.5 0 29.5
      vertex 22.5 0 30
    endloop
  endfacet
  facet normal 0.923886 0.382668 0
    outer loop
      vertex 22.5 0 29.5
      vertex 23.2322 -1.76777 30
      vertex 23.2322 -1.76777 29.5
    endloop
  endfacet
  facet normal 0.923886 0.382668 0
    outer loop
      vertex 23.2322 -1.76777 70
      vertex 22.5 0 50
      vertex 22.5 0 70
    endloop
  endfacet
  facet normal 0.923886 0.382668 0
    outer loop
      vertex 22.5 0 50
      vertex 23.2322 -1.76777 70
      vertex 23.2322 -1.76777 50
    endloop
  endfacet
  facet normal 0.923881 -0.382681 0
    outer loop
      vertex 14.2678 19.8829 37.5
      vertex 15 21.6506 36.5
      vertex 15 21.6506 37.5
    endloop
  endfacet
  facet normal 0.923881 -0.382681 0
    outer loop
      vertex 15 21.6506 36.5
      vertex 14.2678 19.8829 37.5
      vertex 14.2678 19.8829 36.5
    endloop
  endfacet
  facet normal 0.923876 -0.382693 0
    outer loop
      vertex 14.4217 20.2545 50
      vertex 15 21.6506 42.5
      vertex 15 21.6506 50
    endloop
  endfacet
  facet normal 0.923876 -0.382693 0
    outer loop
      vertex 15 21.6506 42.5
      vertex 14.4217 20.2545 50
      vertex 14.4217 20.2545 42.5
    endloop
  endfacet
  facet normal -0.923881 0.382681 0
    outer loop
      vertex 14.2678 19.8829 29.5
      vertex 15 21.6506 30
      vertex 15 21.6506 29.5
    endloop
  endfacet
  facet normal -0.923881 0.382681 0
    outer loop
      vertex 15 21.6506 30
      vertex 14.2678 19.8829 29.5
      vertex 14.2678 19.8829 30
    endloop
  endfacet
  facet normal -0.923899 0.382637 0
    outer loop
      vertex 14.2678 19.8829 50
      vertex 14.4217 20.2545 70
      vertex 14.4217 20.2545 50
    endloop
  endfacet
  facet normal -0.923899 0.382637 0
    outer loop
      vertex 14.4217 20.2545 70
      vertex 14.2678 19.8829 50
      vertex 14.2678 19.8829 70
    endloop
  endfacet
  facet normal -0.923888 0.382663 0
    outer loop
      vertex 10 21.6506 36.5
      vertex 10.7322 23.4184 37.5
      vertex 10.7322 23.4184 36.5
    endloop
  endfacet
  facet normal -0.923888 0.382663 0
    outer loop
      vertex 10.7322 23.4184 37.5
      vertex 10 21.6506 36.5
      vertex 10 21.6506 37.5
    endloop
  endfacet
  facet normal -0.923907 0.382618 0
    outer loop
      vertex 10.3893 22.5904 42.5
      vertex 10.7322 23.4184 50
      vertex 10.7322 23.4184 42.5
    endloop
  endfacet
  facet normal -0.923907 0.382618 0
    outer loop
      vertex 10.7322 23.4184 50
      vertex 10.3893 22.5904 42.5
      vertex 10.3893 22.5904 50
    endloop
  endfacet
  facet normal 0.923888 -0.382663 0
    outer loop
      vertex 10 21.6506 30
      vertex 10.7322 23.4184 29.5
      vertex 10.7322 23.4184 30
    endloop
  endfacet
  facet normal 0.923888 -0.382663 0
    outer loop
      vertex 10.7322 23.4184 29.5
      vertex 10 21.6506 30
      vertex 10 21.6506 29.5
    endloop
  endfacet
  facet normal 0.923872 -0.382702 0
    outer loop
      vertex 10 21.6506 70
      vertex 10.3893 22.5904 50
      vertex 10.3893 22.5904 70
    endloop
  endfacet
  facet normal 0.923872 -0.382702 0
    outer loop
      vertex 10.3893 22.5904 50
      vertex 10 21.6506 70
      vertex 10 21.6506 50
    endloop
  endfacet
  facet normal -0.382707 -0.92387 0
    outer loop
      vertex 10.7322 19.8829 36.5
      vertex 12.5 19.1506 37.5
      vertex 10.7322 19.8829 37.5
    endloop
  endfacet
  facet normal -0.382707 -0.92387 -0
    outer loop
      vertex 12.5 19.1506 37.5
      vertex 10.7322 19.8829 36.5
      vertex 12.5 19.1506 36.5
    endloop
  endfacet
  facet normal 0.382707 0.92387 -0
    outer loop
      vertex 12.5 19.1506 29.5
      vertex 10.7322 19.8829 30
      vertex 12.5 19.1506 30
    endloop
  endfacet
  facet normal 0.382707 0.92387 0
    outer loop
      vertex 10.7322 19.8829 30
      vertex 12.5 19.1506 29.5
      vertex 10.7322 19.8829 29.5
    endloop
  endfacet
  facet normal 0.382707 0.92387 -0
    outer loop
      vertex 12.5 19.1506 50
      vertex 10.7322 19.8829 70
      vertex 12.5 19.1506 70
    endloop
  endfacet
  facet normal 0.382707 0.92387 0
    outer loop
      vertex 10.7322 19.8829 70
      vertex 12.5 19.1506 50
      vertex 10.7322 19.8829 50
    endloop
  endfacet
  facet normal 0.382707 -0.92387 0
    outer loop
      vertex 12.5 19.1506 36.5
      vertex 14.2678 19.8829 37.5
      vertex 12.5 19.1506 37.5
    endloop
  endfacet
  facet normal 0.382707 -0.92387 0
    outer loop
      vertex 14.2678 19.8829 37.5
      vertex 12.5 19.1506 36.5
      vertex 14.2678 19.8829 36.5
    endloop
  endfacet
  facet normal -0.382707 0.92387 0
    outer loop
      vertex 14.2678 19.8829 29.5
      vertex 12.5 19.1506 30
      vertex 14.2678 19.8829 30
    endloop
  endfacet
  facet normal -0.382707 0.92387 0
    outer loop
      vertex 12.5 19.1506 30
      vertex 14.2678 19.8829 29.5
      vertex 12.5 19.1506 29.5
    endloop
  endfacet
  facet normal -0.382707 0.92387 0
    outer loop
      vertex 14.2678 19.8829 50
      vertex 12.5 19.1506 70
      vertex 14.2678 19.8829 70
    endloop
  endfacet
  facet normal -0.382707 0.92387 0
    outer loop
      vertex 12.5 19.1506 70
      vertex 14.2678 19.8829 50
      vertex 12.5 19.1506 50
    endloop
  endfacet
  facet normal -0.923881 -0.382681 0
    outer loop
      vertex 10.7322 19.8829 36.5
      vertex 10 21.6506 37.5
      vertex 10 21.6506 36.5
    endloop
  endfacet
  facet normal -0.923881 -0.382681 0
    outer loop
      vertex 10 21.6506 37.5
      vertex 10.7322 19.8829 36.5
      vertex 10.7322 19.8829 37.5
    endloop
  endfacet
  facet normal 0.923881 0.382681 0
    outer loop
      vertex 10.7322 19.8829 30
      vertex 10 21.6506 29.5
      vertex 10 21.6506 30
    endloop
  endfacet
  facet normal 0.923881 0.382681 0
    outer loop
      vertex 10 21.6506 29.5
      vertex 10.7322 19.8829 30
      vertex 10.7322 19.8829 29.5
    endloop
  endfacet
  facet normal 0.923881 0.382681 0
    outer loop
      vertex 10.7322 19.8829 70
      vertex 10 21.6506 50
      vertex 10 21.6506 70
    endloop
  endfacet
  facet normal 0.923881 0.382681 0
    outer loop
      vertex 10 21.6506 50
      vertex 10.7322 19.8829 70
      vertex 10.7322 19.8829 50
    endloop
  endfacet
  facet normal -0.923881 -0.382681 0
    outer loop
      vertex -14.2678 19.8829 36.5
      vertex -15 21.6506 37.5
      vertex -15 21.6506 36.5
    endloop
  endfacet
  facet normal -0.923881 -0.382681 0
    outer loop
      vertex -15 21.6506 37.5
      vertex -14.2678 19.8829 36.5
      vertex -14.2678 19.8829 37.5
    endloop
  endfacet
  facet normal -0.923876 -0.382693 0
    outer loop
      vertex -14.4217 20.2545 42.5
      vertex -15 21.6506 50
      vertex -15 21.6506 42.5
    endloop
  endfacet
  facet normal -0.923876 -0.382693 0
    outer loop
      vertex -15 21.6506 50
      vertex -14.4217 20.2545 42.5
      vertex -14.4217 20.2545 50
    endloop
  endfacet
  facet normal 0.923881 0.382681 0
    outer loop
      vertex -14.2678 19.8829 30
      vertex -15 21.6506 29.5
      vertex -15 21.6506 30
    endloop
  endfacet
  facet normal 0.923881 0.382681 0
    outer loop
      vertex -15 21.6506 29.5
      vertex -14.2678 19.8829 30
      vertex -14.2678 19.8829 29.5
    endloop
  endfacet
  facet normal 0.923899 0.382637 0
    outer loop
      vertex -14.2678 19.8829 70
      vertex -14.4217 20.2545 50
      vertex -14.4217 20.2545 70
    endloop
  endfacet
  facet normal 0.923899 0.382637 0
    outer loop
      vertex -14.4217 20.2545 50
      vertex -14.2678 19.8829 70
      vertex -14.2678 19.8829 50
    endloop
  endfacet
  facet normal 0.923888 0.382663 0
    outer loop
      vertex -10 21.6506 37.5
      vertex -10.7322 23.4184 36.5
      vertex -10.7322 23.4184 37.5
    endloop
  endfacet
  facet normal 0.923888 0.382663 0
    outer loop
      vertex -10.7322 23.4184 36.5
      vertex -10 21.6506 37.5
      vertex -10 21.6506 36.5
    endloop
  endfacet
  facet normal 0.923907 0.382618 0
    outer loop
      vertex -10.3893 22.5904 50
      vertex -10.7322 23.4184 42.5
      vertex -10.7322 23.4184 50
    endloop
  endfacet
  facet normal 0.923907 0.382618 0
    outer loop
      vertex -10.7322 23.4184 42.5
      vertex -10.3893 22.5904 50
      vertex -10.3893 22.5904 42.5
    endloop
  endfacet
  facet normal -0.923888 -0.382663 0
    outer loop
      vertex -10 21.6506 29.5
      vertex -10.7322 23.4184 30
      vertex -10.7322 23.4184 29.5
    endloop
  endfacet
  facet normal -0.923888 -0.382663 0
    outer loop
      vertex -10.7322 23.4184 30
      vertex -10 21.6506 29.5
      vertex -10 21.6506 30
    endloop
  endfacet
  facet normal -0.923872 -0.382702 0
    outer loop
      vertex -10 21.6506 50
      vertex -10.3893 22.5904 70
      vertex -10.3893 22.5904 50
    endloop
  endfacet
  facet normal -0.923872 -0.382702 0
    outer loop
      vertex -10.3893 22.5904 70
      vertex -10 21.6506 50
      vertex -10 21.6506 70
    endloop
  endfacet
  facet normal 0.382707 -0.92387 0
    outer loop
      vertex -12.5 19.1506 36.5
      vertex -10.7322 19.8829 37.5
      vertex -12.5 19.1506 37.5
    endloop
  endfacet
  facet normal 0.382707 -0.92387 0
    outer loop
      vertex -10.7322 19.8829 37.5
      vertex -12.5 19.1506 36.5
      vertex -10.7322 19.8829 36.5
    endloop
  endfacet
  facet normal -0.382707 0.92387 0
    outer loop
      vertex -10.7322 19.8829 29.5
      vertex -12.5 19.1506 30
      vertex -10.7322 19.8829 30
    endloop
  endfacet
  facet normal -0.382707 0.92387 0
    outer loop
      vertex -12.5 19.1506 30
      vertex -10.7322 19.8829 29.5
      vertex -12.5 19.1506 29.5
    endloop
  endfacet
  facet normal -0.382707 0.92387 0
    outer loop
      vertex -10.7322 19.8829 50
      vertex -12.5 19.1506 70
      vertex -10.7322 19.8829 70
    endloop
  endfacet
  facet normal -0.382707 0.92387 0
    outer loop
      vertex -12.5 19.1506 70
      vertex -10.7322 19.8829 50
      vertex -12.5 19.1506 50
    endloop
  endfacet
  facet normal -0.382707 -0.92387 0
    outer loop
      vertex -14.2678 19.8829 36.5
      vertex -12.5 19.1506 37.5
      vertex -14.2678 19.8829 37.5
    endloop
  endfacet
  facet normal -0.382707 -0.92387 -0
    outer loop
      vertex -12.5 19.1506 37.5
      vertex -14.2678 19.8829 36.5
      vertex -12.5 19.1506 36.5
    endloop
  endfacet
  facet normal 0.382707 0.92387 -0
    outer loop
      vertex -12.5 19.1506 29.5
      vertex -14.2678 19.8829 30
      vertex -12.5 19.1506 30
    endloop
  endfacet
  facet normal 0.382707 0.92387 0
    outer loop
      vertex -14.2678 19.8829 30
      vertex -12.5 19.1506 29.5
      vertex -14.2678 19.8829 29.5
    endloop
  endfacet
  facet normal 0.382707 0.92387 -0
    outer loop
      vertex -12.5 19.1506 50
      vertex -14.2678 19.8829 70
      vertex -12.5 19.1506 70
    endloop
  endfacet
  facet normal 0.382707 0.92387 0
    outer loop
      vertex -14.2678 19.8829 70
      vertex -12.5 19.1506 50
      vertex -14.2678 19.8829 50
    endloop
  endfacet
  facet normal 0.923881 -0.382681 0
    outer loop
      vertex -10.7322 19.8829 37.5
      vertex -10 21.6506 36.5
      vertex -10 21.6506 37.5
    endloop
  endfacet
  facet normal 0.923881 -0.382681 0
    outer loop
      vertex -10 21.6506 36.5
      vertex -10.7322 19.8829 37.5
      vertex -10.7322 19.8829 36.5
    endloop
  endfacet
  facet normal -0.923881 0.382681 0
    outer loop
      vertex -10.7322 19.8829 29.5
      vertex -10 21.6506 30
      vertex -10 21.6506 29.5
    endloop
  endfacet
  facet normal -0.923881 0.382681 0
    outer loop
      vertex -10 21.6506 30
      vertex -10.7322 19.8829 29.5
      vertex -10.7322 19.8829 30
    endloop
  endfacet
  facet normal -0.923881 0.382681 0
    outer loop
      vertex -10.7322 19.8829 50
      vertex -10 21.6506 70
      vertex -10 21.6506 50
    endloop
  endfacet
  facet normal -0.923881 0.382681 0
    outer loop
      vertex -10 21.6506 70
      vertex -10.7322 19.8829 50
      vertex -10.7322 19.8829 70
    endloop
  endfacet
  facet normal 0.382676 0.923883 -0
    outer loop
      vertex -23.2322 1.76777 36.5
      vertex -25 2.5 37.5
      vertex -23.2322 1.76777 37.5
    endloop
  endfacet
  facet normal 0.382676 0.923883 0
    outer loop
      vertex -25 2.5 37.5
      vertex -23.2322 1.76777 36.5
      vertex -25 2.5 36.5
    endloop
  endfacet
  facet normal 0.382687 0.923878 -0
    outer loop
      vertex -24.7482 2.3957 42.5
      vertex -25 2.5 50
      vertex -24.7482 2.3957 50
    endloop
  endfacet
  facet normal 0.382687 0.923878 0
    outer loop
      vertex -25 2.5 50
      vertex -24.7482 2.3957 42.5
      vertex -25 2.5 42.5
    endloop
  endfacet
  facet normal -0.382676 -0.923883 0
    outer loop
      vertex -25 2.5 29.5
      vertex -23.2322 1.76777 30
      vertex -25 2.5 30
    endloop
  endfacet
  facet normal -0.382676 -0.923883 -0
    outer loop
      vertex -23.2322 1.76777 30
      vertex -25 2.5 29.5
      vertex -23.2322 1.76777 29.5
    endloop
  endfacet
  facet normal -0.382674 -0.923883 0
    outer loop
      vertex -24.7482 2.3957 50
      vertex -23.2322 1.76777 70
      vertex -24.7482 2.3957 70
    endloop
  endfacet
  facet normal -0.382674 -0.923883 -0
    outer loop
      vertex -23.2322 1.76777 70
      vertex -24.7482 2.3957 50
      vertex -23.2322 1.76777 50
    endloop
  endfacet
  facet normal 0.923886 0.382668 0
    outer loop
      vertex -22.5 0 37.5
      vertex -23.2322 1.76777 36.5
      vertex -23.2322 1.76777 37.5
    endloop
  endfacet
  facet normal 0.923886 0.382668 0
    outer loop
      vertex -23.2322 1.76777 36.5
      vertex -22.5 0 37.5
      vertex -22.5 0 36.5
    endloop
  endfacet
  facet normal -0.923886 -0.382668 0
    outer loop
      vertex -22.5 0 29.5
      vertex -23.2322 1.76777 30
      vertex -23.2322 1.76777 29.5
    endloop
  endfacet
  facet normal -0.923886 -0.382668 0
    outer loop
      vertex -23.2322 1.76777 30
      vertex -22.5 0 29.5
      vertex -22.5 0 30
    endloop
  endfacet
  facet normal -0.923886 -0.382668 0
    outer loop
      vertex -22.5 0 50
      vertex -23.2322 1.76777 70
      vertex -23.2322 1.76777 50
    endloop
  endfacet
  facet normal -0.923886 -0.382668 0
    outer loop
      vertex -23.2322 1.76777 70
      vertex -22.5 0 50
      vertex -22.5 0 70
    endloop
  endfacet
  facet normal 0.382676 -0.923883 0
    outer loop
      vertex -25 -2.5 36.5
      vertex -23.2322 -1.76777 37.5
      vertex -25 -2.5 37.5
    endloop
  endfacet
  facet normal 0.382676 -0.923883 0
    outer loop
      vertex -23.2322 -1.76777 37.5
      vertex -25 -2.5 36.5
      vertex -23.2322 -1.76777 36.5
    endloop
  endfacet
  facet normal 0.382687 -0.923878 0
    outer loop
      vertex -25 -2.5 42.5
      vertex -24.7482 -2.3957 50
      vertex -25 -2.5 50
    endloop
  endfacet
  facet normal 0.382687 -0.923878 0
    outer loop
      vertex -24.7482 -2.3957 50
      vertex -25 -2.5 42.5
      vertex -24.7482 -2.3957 42.5
    endloop
  endfacet
  facet normal -0.382676 0.923883 0
    outer loop
      vertex -23.2322 -1.76777 29.5
      vertex -25 -2.5 30
      vertex -23.2322 -1.76777 30
    endloop
  endfacet
  facet normal -0.382676 0.923883 0
    outer loop
      vertex -25 -2.5 30
      vertex -23.2322 -1.76777 29.5
      vertex -25 -2.5 29.5
    endloop
  endfacet
  facet normal -0.382674 0.923883 0
    outer loop
      vertex -23.2322 -1.76777 50
      vertex -24.7482 -2.3957 70
      vertex -23.2322 -1.76777 70
    endloop
  endfacet
  facet normal -0.382674 0.923883 0
    outer loop
      vertex -24.7482 -2.3957 70
      vertex -23.2322 -1.76777 50
      vertex -24.7482 -2.3957 50
    endloop
  endfacet
  facet normal 0.923886 -0.382668 0
    outer loop
      vertex -23.2322 -1.76777 37.5
      vertex -22.5 0 36.5
      vertex -22.5 0 37.5
    endloop
  endfacet
  facet normal 0.923886 -0.382668 0
    outer loop
      vertex -22.5 0 36.5
      vertex -23.2322 -1.76777 37.5
      vertex -23.2322 -1.76777 36.5
    endloop
  endfacet
  facet normal -0.923886 0.382668 0
    outer loop
      vertex -23.2322 -1.76777 29.5
      vertex -22.5 0 30
      vertex -22.5 0 29.5
    endloop
  endfacet
  facet normal -0.923886 0.382668 0
    outer loop
      vertex -22.5 0 30
      vertex -23.2322 -1.76777 29.5
      vertex -23.2322 -1.76777 30
    endloop
  endfacet
  facet normal -0.923886 0.382668 0
    outer loop
      vertex -23.2322 -1.76777 50
      vertex -22.5 0 70
      vertex -22.5 0 50
    endloop
  endfacet
  facet normal -0.923886 0.382668 0
    outer loop
      vertex -22.5 0 70
      vertex -23.2322 -1.76777 50
      vertex -23.2322 -1.76777 70
    endloop
  endfacet
  facet normal 0.382707 0.92387 -0
    outer loop
      vertex -10.7322 -19.8829 36.5
      vertex -12.5 -19.1506 37.5
      vertex -10.7322 -19.8829 37.5
    endloop
  endfacet
  facet normal 0.382707 0.92387 0
    outer loop
      vertex -12.5 -19.1506 37.5
      vertex -10.7322 -19.8829 36.5
      vertex -12.5 -19.1506 36.5
    endloop
  endfacet
  facet normal -0.382707 -0.92387 0
    outer loop
      vertex -12.5 -19.1506 29.5
      vertex -10.7322 -19.8829 30
      vertex -12.5 -19.1506 30
    endloop
  endfacet
  facet normal -0.382707 -0.92387 -0
    outer loop
      vertex -10.7322 -19.8829 30
      vertex -12.5 -19.1506 29.5
      vertex -10.7322 -19.8829 29.5
    endloop
  endfacet
  facet normal -0.382707 -0.92387 0
    outer loop
      vertex -12.5 -19.1506 50
      vertex -10.7322 -19.8829 70
      vertex -12.5 -19.1506 70
    endloop
  endfacet
  facet normal -0.382707 -0.92387 -0
    outer loop
      vertex -10.7322 -19.8829 70
      vertex -12.5 -19.1506 50
      vertex -10.7322 -19.8829 50
    endloop
  endfacet
  facet normal 0.923881 0.382681 0
    outer loop
      vertex -10 -21.6506 37.5
      vertex -10.7322 -19.8829 36.5
      vertex -10.7322 -19.8829 37.5
    endloop
  endfacet
  facet normal 0.923881 0.382681 0
    outer loop
      vertex -10.7322 -19.8829 36.5
      vertex -10 -21.6506 37.5
      vertex -10 -21.6506 36.5
    endloop
  endfacet
  facet normal -0.923881 -0.382681 0
    outer loop
      vertex -10 -21.6506 29.5
      vertex -10.7322 -19.8829 30
      vertex -10.7322 -19.8829 29.5
    endloop
  endfacet
  facet normal -0.923881 -0.382681 0
    outer loop
      vertex -10.7322 -19.8829 30
      vertex -10 -21.6506 29.5
      vertex -10 -21.6506 30
    endloop
  endfacet
  facet normal -0.923881 -0.382681 0
    outer loop
      vertex -10 -21.6506 50
      vertex -10.7322 -19.8829 70
      vertex -10.7322 -19.8829 50
    endloop
  endfacet
  facet normal -0.923881 -0.382681 0
    outer loop
      vertex -10.7322 -19.8829 70
      vertex -10 -21.6506 50
      vertex -10 -21.6506 70
    endloop
  endfacet
  facet normal 0.923888 -0.382663 0
    outer loop
      vertex -10.7322 -23.4184 37.5
      vertex -10 -21.6506 36.5
      vertex -10 -21.6506 37.5
    endloop
  endfacet
  facet normal 0.923888 -0.382663 0
    outer loop
      vertex -10 -21.6506 36.5
      vertex -10.7322 -23.4184 37.5
      vertex -10.7322 -23.4184 36.5
    endloop
  endfacet
  facet normal 0.923907 -0.382618 0
    outer loop
      vertex -10.7322 -23.4184 50
      vertex -10.3893 -22.5904 42.5
      vertex -10.3893 -22.5904 50
    endloop
  endfacet
  facet normal 0.923907 -0.382618 0
    outer loop
      vertex -10.3893 -22.5904 42.5
      vertex -10.7322 -23.4184 50
      vertex -10.7322 -23.4184 42.5
    endloop
  endfacet
  facet normal -0.923888 0.382663 0
    outer loop
      vertex -10.7322 -23.4184 29.5
      vertex -10 -21.6506 30
      vertex -10 -21.6506 29.5
    endloop
  endfacet
  facet normal -0.923888 0.382663 0
    outer loop
      vertex -10 -21.6506 30
      vertex -10.7322 -23.4184 29.5
      vertex -10.7322 -23.4184 30
    endloop
  endfacet
  facet normal -0.923872 0.382702 0
    outer loop
      vertex -10.3893 -22.5904 50
      vertex -10 -21.6506 70
      vertex -10 -21.6506 50
    endloop
  endfacet
  facet normal -0.923872 0.382702 0
    outer loop
      vertex -10 -21.6506 70
      vertex -10.3893 -22.5904 50
      vertex -10.3893 -22.5904 70
    endloop
  endfacet
  facet normal -0.923881 0.382681 0
    outer loop
      vertex -15 -21.6506 36.5
      vertex -14.2678 -19.8829 37.5
      vertex -14.2678 -19.8829 36.5
    endloop
  endfacet
  facet normal -0.923881 0.382681 0
    outer loop
      vertex -14.2678 -19.8829 37.5
      vertex -15 -21.6506 36.5
      vertex -15 -21.6506 37.5
    endloop
  endfacet
  facet normal -0.923876 0.382693 0
    outer loop
      vertex -15 -21.6506 42.5
      vertex -14.4217 -20.2545 50
      vertex -14.4217 -20.2545 42.5
    endloop
  endfacet
  facet normal -0.923876 0.382693 0
    outer loop
      vertex -14.4217 -20.2545 50
      vertex -15 -21.6506 42.5
      vertex -15 -21.6506 50
    endloop
  endfacet
  facet normal 0.923881 -0.382681 0
    outer loop
      vertex -15 -21.6506 30
      vertex -14.2678 -19.8829 29.5
      vertex -14.2678 -19.8829 30
    endloop
  endfacet
  facet normal 0.923881 -0.382681 0
    outer loop
      vertex -14.2678 -19.8829 29.5
      vertex -15 -21.6506 30
      vertex -15 -21.6506 29.5
    endloop
  endfacet
  facet normal 0.923899 -0.382637 0
    outer loop
      vertex -14.4217 -20.2545 70
      vertex -14.2678 -19.8829 50
      vertex -14.2678 -19.8829 70
    endloop
  endfacet
  facet normal 0.923899 -0.382637 0
    outer loop
      vertex -14.2678 -19.8829 50
      vertex -14.4217 -20.2545 70
      vertex -14.4217 -20.2545 50
    endloop
  endfacet
  facet normal -0.382707 0.92387 0
    outer loop
      vertex -12.5 -19.1506 36.5
      vertex -14.2678 -19.8829 37.5
      vertex -12.5 -19.1506 37.5
    endloop
  endfacet
  facet normal -0.382707 0.92387 0
    outer loop
      vertex -14.2678 -19.8829 37.5
      vertex -12.5 -19.1506 36.5
      vertex -14.2678 -19.8829 36.5
    endloop
  endfacet
  facet normal 0.382707 -0.92387 0
    outer loop
      vertex -14.2678 -19.8829 29.5
      vertex -12.5 -19.1506 30
      vertex -14.2678 -19.8829 30
    endloop
  endfacet
  facet normal 0.382707 -0.92387 0
    outer loop
      vertex -12.5 -19.1506 30
      vertex -14.2678 -19.8829 29.5
      vertex -12.5 -19.1506 29.5
    endloop
  endfacet
  facet normal 0.382707 -0.92387 0
    outer loop
      vertex -14.2678 -19.8829 50
      vertex -12.5 -19.1506 70
      vertex -14.2678 -19.8829 70
    endloop
  endfacet
  facet normal 0.382707 -0.92387 0
    outer loop
      vertex -12.5 -19.1506 70
      vertex -14.2678 -19.8829 50
      vertex -12.5 -19.1506 50
    endloop
  endfacet
  facet normal 0.382707 0.92387 -0
    outer loop
      vertex 14.2678 -19.8829 36.5
      vertex 12.5 -19.1506 37.5
      vertex 14.2678 -19.8829 37.5
    endloop
  endfacet
  facet normal 0.382707 0.92387 0
    outer loop
      vertex 12.5 -19.1506 37.5
      vertex 14.2678 -19.8829 36.5
      vertex 12.5 -19.1506 36.5
    endloop
  endfacet
  facet normal -0.382707 -0.92387 0
    outer loop
      vertex 12.5 -19.1506 29.5
      vertex 14.2678 -19.8829 30
      vertex 12.5 -19.1506 30
    endloop
  endfacet
  facet normal -0.382707 -0.92387 -0
    outer loop
      vertex 14.2678 -19.8829 30
      vertex 12.5 -19.1506 29.5
      vertex 14.2678 -19.8829 29.5
    endloop
  endfacet
  facet normal -0.382707 -0.92387 0
    outer loop
      vertex 12.5 -19.1506 50
      vertex 14.2678 -19.8829 70
      vertex 12.5 -19.1506 70
    endloop
  endfacet
  facet normal -0.382707 -0.92387 -0
    outer loop
      vertex 14.2678 -19.8829 70
      vertex 12.5 -19.1506 50
      vertex 14.2678 -19.8829 50
    endloop
  endfacet
  facet normal 0.923881 0.382681 0
    outer loop
      vertex 15 -21.6506 37.5
      vertex 14.2678 -19.8829 36.5
      vertex 14.2678 -19.8829 37.5
    endloop
  endfacet
  facet normal 0.923881 0.382681 0
    outer loop
      vertex 14.2678 -19.8829 36.5
      vertex 15 -21.6506 37.5
      vertex 15 -21.6506 36.5
    endloop
  endfacet
  facet normal 0.923876 0.382693 0
    outer loop
      vertex 15 -21.6506 50
      vertex 14.4217 -20.2545 42.5
      vertex 14.4217 -20.2545 50
    endloop
  endfacet
  facet normal 0.923876 0.382693 0
    outer loop
      vertex 14.4217 -20.2545 42.5
      vertex 15 -21.6506 50
      vertex 15 -21.6506 42.5
    endloop
  endfacet
  facet normal -0.923881 -0.382681 0
    outer loop
      vertex 15 -21.6506 29.5
      vertex 14.2678 -19.8829 30
      vertex 14.2678 -19.8829 29.5
    endloop
  endfacet
  facet normal -0.923881 -0.382681 0
    outer loop
      vertex 14.2678 -19.8829 30
      vertex 15 -21.6506 29.5
      vertex 15 -21.6506 30
    endloop
  endfacet
  facet normal -0.923899 -0.382637 0
    outer loop
      vertex 14.4217 -20.2545 50
      vertex 14.2678 -19.8829 70
      vertex 14.2678 -19.8829 50
    endloop
  endfacet
  facet normal -0.923899 -0.382637 0
    outer loop
      vertex 14.2678 -19.8829 70
      vertex 14.4217 -20.2545 50
      vertex 14.4217 -20.2545 70
    endloop
  endfacet
  facet normal -0.382707 0.92387 0
    outer loop
      vertex 12.5 -19.1506 36.5
      vertex 10.7322 -19.8829 37.5
      vertex 12.5 -19.1506 37.5
    endloop
  endfacet
  facet normal -0.382707 0.92387 0
    outer loop
      vertex 10.7322 -19.8829 37.5
      vertex 12.5 -19.1506 36.5
      vertex 10.7322 -19.8829 36.5
    endloop
  endfacet
  facet normal 0.382707 -0.92387 0
    outer loop
      vertex 10.7322 -19.8829 29.5
      vertex 12.5 -19.1506 30
      vertex 10.7322 -19.8829 30
    endloop
  endfacet
  facet normal 0.382707 -0.92387 0
    outer loop
      vertex 12.5 -19.1506 30
      vertex 10.7322 -19.8829 29.5
      vertex 12.5 -19.1506 29.5
    endloop
  endfacet
  facet normal 0.382707 -0.92387 0
    outer loop
      vertex 10.7322 -19.8829 50
      vertex 12.5 -19.1506 70
      vertex 10.7322 -19.8829 70
    endloop
  endfacet
  facet normal 0.382707 -0.92387 0
    outer loop
      vertex 12.5 -19.1506 70
      vertex 10.7322 -19.8829 50
      vertex 12.5 -19.1506 50
    endloop
  endfacet
  facet normal -0.923881 0.382681 0
    outer loop
      vertex 10 -21.6506 36.5
      vertex 10.7322 -19.8829 37.5
      vertex 10.7322 -19.8829 36.5
    endloop
  endfacet
  facet normal -0.923881 0.382681 0
    outer loop
      vertex 10.7322 -19.8829 37.5
      vertex 10 -21.6506 36.5
      vertex 10 -21.6506 37.5
    endloop
  endfacet
  facet normal 0.923881 -0.382681 0
    outer loop
      vertex 10 -21.6506 30
      vertex 10.7322 -19.8829 29.5
      vertex 10.7322 -19.8829 30
    endloop
  endfacet
  facet normal 0.923881 -0.382681 0
    outer loop
      vertex 10.7322 -19.8829 29.5
      vertex 10 -21.6506 30
      vertex 10 -21.6506 29.5
    endloop
  endfacet
  facet normal 0.923881 -0.382681 0
    outer loop
      vertex 10 -21.6506 70
      vertex 10.7322 -19.8829 50
      vertex 10.7322 -19.8829 70
    endloop
  endfacet
  facet normal 0.923881 -0.382681 0
    outer loop
      vertex 10.7322 -19.8829 50
      vertex 10 -21.6506 70
      vertex 10 -21.6506 50
    endloop
  endfacet
  facet normal -0.923888 -0.382663 0
    outer loop
      vertex 10.7322 -23.4184 36.5
      vertex 10 -21.6506 37.5
      vertex 10 -21.6506 36.5
    endloop
  endfacet
  facet normal -0.923888 -0.382663 0
    outer loop
      vertex 10 -21.6506 37.5
      vertex 10.7322 -23.4184 36.5
      vertex 10.7322 -23.4184 37.5
    endloop
  endfacet
  facet normal -0.923907 -0.382618 0
    outer loop
      vertex 10.7322 -23.4184 42.5
      vertex 10.3893 -22.5904 50
      vertex 10.3893 -22.5904 42.5
    endloop
  endfacet
  facet normal -0.923907 -0.382618 0
    outer loop
      vertex 10.3893 -22.5904 50
      vertex 10.7322 -23.4184 42.5
      vertex 10.7322 -23.4184 50
    endloop
  endfacet
  facet normal 0.923888 0.382663 0
    outer loop
      vertex 10.7322 -23.4184 30
      vertex 10 -21.6506 29.5
      vertex 10 -21.6506 30
    endloop
  endfacet
  facet normal 0.923888 0.382663 0
    outer loop
      vertex 10 -21.6506 29.5
      vertex 10.7322 -23.4184 30
      vertex 10.7322 -23.4184 29.5
    endloop
  endfacet
  facet normal 0.923872 0.382702 0
    outer loop
      vertex 10.3893 -22.5904 70
      vertex 10 -21.6506 50
      vertex 10 -21.6506 70
    endloop
  endfacet
  facet normal 0.923872 0.382702 0
    outer loop
      vertex 10 -21.6506 50
      vertex 10.3893 -22.5904 70
      vertex 10.3893 -22.5904 50
    endloop
  endfacet
  facet normal -0.406726 -0.91355 0
    outer loop
      vertex -10.3893 -22.5904 50
      vertex -7.72542 -23.7764 70
      vertex -10.3893 -22.5904 70
    endloop
  endfacet
  facet normal -0.406726 -0.91355 0
    outer loop
      vertex -7.72542 -23.7764 42.5
      vertex -10.3893 -22.5904 50
      vertex -10.3893 -22.5904 42.5
    endloop
  endfacet
  facet normal -0.406726 -0.91355 0
    outer loop
      vertex -10.3893 -22.5904 50
      vertex -7.72542 -23.7764 42.5
      vertex -7.72542 -23.7764 70
    endloop
  endfacet
  facet normal -0.951054 -0.309026 0
    outer loop
      vertex -22.8386 -10.1684 42.5
      vertex -24.4537 -5.19779 70
      vertex -24.4537 -5.19779 42.5
    endloop
  endfacet
  facet normal -0.951054 -0.309026 0
    outer loop
      vertex -24.4537 -5.19779 70
      vertex -22.8386 -10.1684 42.5
      vertex -22.8386 -10.1684 70
    endloop
  endfacet
  facet normal 0.951054 0.309026 0
    outer loop
      vertex 24.4537 5.19779 70
      vertex 22.8386 10.1684 42.5
      vertex 22.8386 10.1684 70
    endloop
  endfacet
  facet normal 0.951054 0.309026 0
    outer loop
      vertex 22.8386 10.1684 42.5
      vertex 24.4537 5.19779 70
      vertex 24.4537 5.19779 42.5
    endloop
  endfacet
  facet normal 0.994522 0.104524 -0
    outer loop
      vertex 24.7482 2.3957 50
      vertex 24.4537 5.19779 70
      vertex 24.7482 2.3957 70
    endloop
  endfacet
  facet normal 0.994522 0.104524 0
    outer loop
      vertex 24.4537 5.19779 70
      vertex 24.7482 2.3957 50
      vertex 24.4537 5.19779 42.5
    endloop
  endfacet
  facet normal 0.994522 0.104524 0
    outer loop
      vertex 24.4537 5.19779 42.5
      vertex 24.7482 2.3957 50
      vertex 24.7482 2.3957 42.5
    endloop
  endfacet
  facet normal 0.866026 0.5 0
    outer loop
      vertex 22.8386 10.1684 70
      vertex 20.2254 14.6946 42.5
      vertex 20.2254 14.6946 70
    endloop
  endfacet
  facet normal 0.866026 0.5 0
    outer loop
      vertex 20.2254 14.6946 42.5
      vertex 22.8386 10.1684 70
      vertex 22.8386 10.1684 42.5
    endloop
  endfacet
  facet normal 0.587798 -0.809007 0
    outer loop
      vertex 14.4217 -20.2545 50
      vertex 16.7283 -18.5786 70
      vertex 14.4217 -20.2545 70
    endloop
  endfacet
  facet normal 0.587798 -0.809007 0
    outer loop
      vertex 16.7283 -18.5786 42.5
      vertex 14.4217 -20.2545 50
      vertex 14.4217 -20.2545 42.5
    endloop
  endfacet
  facet normal 0.587798 -0.809007 0
    outer loop
      vertex 14.4217 -20.2545 50
      vertex 16.7283 -18.5786 42.5
      vertex 16.7283 -18.5786 70
    endloop
  endfacet
  facet normal 0.406726 0.91355 -0
    outer loop
      vertex 10.3893 22.5904 50
      vertex 7.72542 23.7764 70
      vertex 10.3893 22.5904 70
    endloop
  endfacet
  facet normal 0.406726 0.91355 0
    outer loop
      vertex 7.72542 23.7764 42.5
      vertex 10.3893 22.5904 50
      vertex 10.3893 22.5904 42.5
    endloop
  endfacet
  facet normal 0.406726 0.91355 0
    outer loop
      vertex 10.3893 22.5904 50
      vertex 7.72542 23.7764 42.5
      vertex 7.72542 23.7764 70
    endloop
  endfacet
  facet normal 0.994522 -0.104524 0
    outer loop
      vertex 24.4537 -5.19779 70
      vertex 24.7482 -2.3957 50
      vertex 24.7482 -2.3957 70
    endloop
  endfacet
  facet normal 0.994522 -0.104524 0
    outer loop
      vertex 24.4537 -5.19779 42.5
      vertex 24.7482 -2.3957 50
      vertex 24.4537 -5.19779 70
    endloop
  endfacet
  facet normal 0.994522 -0.104524 0
    outer loop
      vertex 24.7482 -2.3957 50
      vertex 24.4537 -5.19779 42.5
      vertex 24.7482 -2.3957 42.5
    endloop
  endfacet
  facet normal 0.743151 0.669123 0
    outer loop
      vertex 20.2254 14.6946 70
      vertex 16.7283 18.5786 42.5
      vertex 16.7283 18.5786 70
    endloop
  endfacet
  facet normal 0.743151 0.669123 0
    outer loop
      vertex 16.7283 18.5786 42.5
      vertex 20.2254 14.6946 70
      vertex 20.2254 14.6946 42.5
    endloop
  endfacet
  facet normal -0.866026 0.5 0
    outer loop
      vertex -22.8386 10.1684 42.5
      vertex -20.2254 14.6946 70
      vertex -20.2254 14.6946 42.5
    endloop
  endfacet
  facet normal -0.866026 0.5 0
    outer loop
      vertex -20.2254 14.6946 70
      vertex -22.8386 10.1684 42.5
      vertex -22.8386 10.1684 70
    endloop
  endfacet
  facet normal 0.743151 -0.669123 0
    outer loop
      vertex 16.7283 -18.5786 70
      vertex 20.2254 -14.6946 42.5
      vertex 20.2254 -14.6946 70
    endloop
  endfacet
  facet normal 0.743151 -0.669123 0
    outer loop
      vertex 20.2254 -14.6946 42.5
      vertex 16.7283 -18.5786 70
      vertex 16.7283 -18.5786 42.5
    endloop
  endfacet
  facet normal -0.743151 0.669123 0
    outer loop
      vertex -20.2254 14.6946 42.5
      vertex -16.7283 18.5786 70
      vertex -16.7283 18.5786 42.5
    endloop
  endfacet
  facet normal -0.743151 0.669123 0
    outer loop
      vertex -16.7283 18.5786 70
      vertex -20.2254 14.6946 42.5
      vertex -20.2254 14.6946 70
    endloop
  endfacet
  facet normal 0.866026 -0.5 0
    outer loop
      vertex 20.2254 -14.6946 70
      vertex 22.8386 -10.1684 42.5
      vertex 22.8386 -10.1684 70
    endloop
  endfacet
  facet normal 0.866026 -0.5 0
    outer loop
      vertex 22.8386 -10.1684 42.5
      vertex 20.2254 -14.6946 70
      vertex 20.2254 -14.6946 42.5
    endloop
  endfacet
  facet normal -0.587798 0.809007 0
    outer loop
      vertex -14.4217 20.2545 50
      vertex -16.7283 18.5786 70
      vertex -14.4217 20.2545 70
    endloop
  endfacet
  facet normal -0.587798 0.809007 0
    outer loop
      vertex -16.7283 18.5786 42.5
      vertex -14.4217 20.2545 50
      vertex -14.4217 20.2545 42.5
    endloop
  endfacet
  facet normal -0.587798 0.809007 0
    outer loop
      vertex -14.4217 20.2545 50
      vertex -16.7283 18.5786 42.5
      vertex -16.7283 18.5786 70
    endloop
  endfacet
  facet normal 0 0 1
    outer loop
      vertex 22.5 0 70
      vertex 9.78148 2.07912 70
      vertex 10 0 70
    endloop
  endfacet
  facet normal 0 0 1
    outer loop
      vertex 10.7322 19.8829 70
      vertex 9.13545 4.06737 70
      vertex 9.78148 2.07912 70
    endloop
  endfacet
  facet normal 0 0 1
    outer loop
      vertex 10.7322 19.8829 70
      vertex 8.09017 5.87785 70
      vertex 9.13545 4.06737 70
    endloop
  endfacet
  facet normal 0 0 1
    outer loop
      vertex 7.72542 23.7764 70
      vertex 10 21.6506 70
      vertex 10.3893 22.5904 70
    endloop
  endfacet
  facet normal 0 0 1
    outer loop
      vertex 2.61321 24.863 70
      vertex 10.7322 19.8829 70
      vertex 7.72542 23.7764 70
    endloop
  endfacet
  facet normal 0 0 1
    outer loop
      vertex 10.7322 19.8829 70
      vertex 6.69131 7.43145 70
      vertex 8.09017 5.87785 70
    endloop
  endfacet
  facet normal 0 0 1
    outer loop
      vertex 10.7322 19.8829 70
      vertex 5 8.66025 70
      vertex 6.69131 7.43145 70
    endloop
  endfacet
  facet normal 0 0 1
    outer loop
      vertex 10.7322 19.8829 70
      vertex 3.09017 9.51056 70
      vertex 5 8.66025 70
    endloop
  endfacet
  facet normal 0 0 1
    outer loop
      vertex 1.04528 9.94522 70
      vertex 10.7322 19.8829 70
      vertex 2.61321 24.863 70
    endloop
  endfacet
  facet normal 0 0 1
    outer loop
      vertex 10.7322 19.8829 70
      vertex 1.04528 9.94522 70
      vertex 3.09017 9.51056 70
    endloop
  endfacet
  facet normal 0 0 1
    outer loop
      vertex 2.61321 24.863 70
      vertex -1.04528 9.94522 70
      vertex 1.04528 9.94522 70
    endloop
  endfacet
  facet normal -0 0 1
    outer loop
      vertex -2.61321 24.863 70
      vertex -1.04528 9.94522 70
      vertex 2.61321 24.863 70
    endloop
  endfacet
  facet normal -0 0 1
    outer loop
      vertex -10.7322 19.8829 70
      vertex -1.04528 9.94522 70
      vertex -2.61321 24.863 70
    endloop
  endfacet
  facet normal 0 0 1
    outer loop
      vertex -1.04528 9.94522 70
      vertex -10.7322 19.8829 70
      vertex -3.09017 9.51056 70
    endloop
  endfacet
  facet normal 0 0 1
    outer loop
      vertex -3.09017 9.51056 70
      vertex -10.7322 19.8829 70
      vertex -5 8.66025 70
    endloop
  endfacet
  facet normal 0 0 1
    outer loop
      vertex -10.7322 19.8829 70
      vertex -2.61321 24.863 70
      vertex -7.72542 23.7764 70
    endloop
  endfacet
  facet normal -0 0 1
    outer loop
      vertex -12.5 19.1506 70
      vertex -5 8.66025 70
      vertex -10.7322 19.8829 70
    endloop
  endfacet
  facet normal 0 0 1
    outer loop
      vertex -5 8.66025 70
      vertex -12.5 19.1506 70
      vertex -6.69131 7.43145 70
    endloop
  endfacet
  facet normal 0 0 1
    outer loop
      vertex -6.69131 7.43145 70
      vertex -12.5 19.1506 70
      vertex -8.09017 5.87785 70
    endloop
  endfacet
  facet normal 0 0 1
    outer loop
      vertex -10.7322 19.8829 70
      vertex -7.72542 23.7764 70
      vertex -10 21.6506 70
    endloop
  endfacet
  facet normal 0 -0 1
    outer loop
      vertex -10 21.6506 70
      vertex -7.72542 23.7764 70
      vertex -10.3893 22.5904 70
    endloop
  endfacet
  facet normal 0 0 1
    outer loop
      vertex 24.4537 5.19779 70
      vertex 23.2322 1.76777 70
      vertex 24.7482 2.3957 70
    endloop
  endfacet
  facet normal 0 0 1
    outer loop
      vertex 22.8386 10.1684 70
      vertex 23.2322 1.76777 70
      vertex 24.4537 5.19779 70
    endloop
  endfacet
  facet normal -0 0 1
    outer loop
      vertex 9.78148 2.07912 70
      vertex 23.2322 1.76777 70
      vertex 22.8386 10.1684 70
    endloop
  endfacet
  facet normal 0 0 1
    outer loop
      vertex 9.78148 2.07912 70
      vertex 22.8386 10.1684 70
      vertex 20.2254 14.6946 70
    endloop
  endfacet
  facet normal 0 0 1
    outer loop
      vertex 23.2322 -1.76777 70
      vertex 24.4537 -5.19779 70
      vertex 24.7482 -2.3957 70
    endloop
  endfacet
  facet normal 0 0 1
    outer loop
      vertex 23.2322 -1.76777 70
      vertex 22.8386 -10.1684 70
      vertex 24.4537 -5.19779 70
    endloop
  endfacet
  facet normal 0 0 1
    outer loop
      vertex 9.78148 -2.07912 70
      vertex 23.2322 -1.76777 70
      vertex 22.5 0 70
    endloop
  endfacet
  facet normal 0 0 1
    outer loop
      vertex 9.78148 2.07912 70
      vertex 22.5 0 70
      vertex 23.2322 1.76777 70
    endloop
  endfacet
  facet normal 0 0 1
    outer loop
      vertex 9.78148 -2.07912 70
      vertex 22.5 0 70
      vertex 10 0 70
    endloop
  endfacet
  facet normal 0 0 1
    outer loop
      vertex 12.5 19.1506 70
      vertex 20.2254 14.6946 70
      vertex 16.7283 18.5786 70
    endloop
  endfacet
  facet normal 0 0 1
    outer loop
      vertex 9.13545 -4.06737 70
      vertex 23.2322 -1.76777 70
      vertex 9.78148 -2.07912 70
    endloop
  endfacet
  facet normal -0 0 1
    outer loop
      vertex 14.2678 19.8829 70
      vertex 16.7283 18.5786 70
      vertex 14.4217 20.2545 70
    endloop
  endfacet
  facet normal -0 0 1
    outer loop
      vertex 12.5 19.1506 70
      vertex 16.7283 18.5786 70
      vertex 14.2678 19.8829 70
    endloop
  endfacet
  facet normal 0 0 1
    outer loop
      vertex 23.2322 -1.76777 70
      vertex 9.13545 -4.06737 70
      vertex 22.8386 -10.1684 70
    endloop
  endfacet
  facet normal 0 0 1
    outer loop
      vertex 16.7283 -18.5786 70
      vertex 14.2678 -19.8829 70
      vertex 14.4217 -20.2545 70
    endloop
  endfacet
  facet normal 0 0 1
    outer loop
      vertex 9.78148 2.07912 70
      vertex 20.2254 14.6946 70
      vertex 12.5 19.1506 70
    endloop
  endfacet
  facet normal 0 0 1
    outer loop
      vertex 22.8386 -10.1684 70
      vertex 9.13545 -4.06737 70
      vertex 20.2254 -14.6946 70
    endloop
  endfacet
  facet normal 0 0 1
    outer loop
      vertex 9.78148 2.07912 70
      vertex 12.5 19.1506 70
      vertex 10.7322 19.8829 70
    endloop
  endfacet
  facet normal -0 0 1
    outer loop
      vertex 8.09017 -5.87785 70
      vertex 20.2254 -14.6946 70
      vertex 9.13545 -4.06737 70
    endloop
  endfacet
  facet normal 0 0 1
    outer loop
      vertex 7.72542 23.7764 70
      vertex 10.7322 19.8829 70
      vertex 10 21.6506 70
    endloop
  endfacet
  facet normal 0 -0 1
    outer loop
      vertex 12.5 -19.1506 70
      vertex 20.2254 -14.6946 70
      vertex 8.09017 -5.87785 70
    endloop
  endfacet
  facet normal 0 0 1
    outer loop
      vertex 20.2254 -14.6946 70
      vertex 12.5 -19.1506 70
      vertex 16.7283 -18.5786 70
    endloop
  endfacet
  facet normal 0 0 1
    outer loop
      vertex 16.7283 -18.5786 70
      vertex 12.5 -19.1506 70
      vertex 14.2678 -19.8829 70
    endloop
  endfacet
  facet normal -0 0 1
    outer loop
      vertex 6.69131 -7.43145 70
      vertex 12.5 -19.1506 70
      vertex 8.09017 -5.87785 70
    endloop
  endfacet
  facet normal -0 0 1
    outer loop
      vertex 5 -8.66025 70
      vertex 12.5 -19.1506 70
      vertex 6.69131 -7.43145 70
    endloop
  endfacet
  facet normal 0 0 1
    outer loop
      vertex 10 -21.6506 70
      vertex 7.72542 -23.7764 70
      vertex 10.3893 -22.5904 70
    endloop
  endfacet
  facet normal 0 0 1
    outer loop
      vertex 12.5 -19.1506 70
      vertex 5 -8.66025 70
      vertex 10.7322 -19.8829 70
    endloop
  endfacet
  facet normal -0 0 1
    outer loop
      vertex 3.09017 -9.51056 70
      vertex 10.7322 -19.8829 70
      vertex 5 -8.66025 70
    endloop
  endfacet
  facet normal -0 0 1
    outer loop
      vertex 1.04528 -9.94522 70
      vertex 10.7322 -19.8829 70
      vertex 3.09017 -9.51056 70
    endloop
  endfacet
  facet normal 0 0 1
    outer loop
      vertex 10.7322 -19.8829 70
      vertex 7.72542 -23.7764 70
      vertex 10 -21.6506 70
    endloop
  endfacet
  facet normal 0 0 1
    outer loop
      vertex 10.7322 -19.8829 70
      vertex 2.61321 -24.863 70
      vertex 7.72542 -23.7764 70
    endloop
  endfacet
  facet normal 0 0 1
    outer loop
      vertex 10.7322 -19.8829 70
      vertex 1.04528 -9.94522 70
      vertex 2.61321 -24.863 70
    endloop
  endfacet
  facet normal -0 0 1
    outer loop
      vertex -1.04528 -9.94522 70
      vertex 2.61321 -24.863 70
      vertex 1.04528 -9.94522 70
    endloop
  endfacet
  facet normal 0 0 1
    outer loop
      vertex -1.04528 -9.94522 70
      vertex -2.61321 -24.863 70
      vertex 2.61321 -24.863 70
    endloop
  endfacet
  facet normal 0 0 1
    outer loop
      vertex -10.7322 -19.8829 70
      vertex -1.04528 -9.94522 70
      vertex -3.09017 -9.51056 70
    endloop
  endfacet
  facet normal 0 0 1
    outer loop
      vertex -10.7322 -19.8829 70
      vertex -3.09017 -9.51056 70
      vertex -5 -8.66025 70
    endloop
  endfacet
  facet normal 0 0 1
    outer loop
      vertex -12.5 -19.1506 70
      vertex -5 -8.66025 70
      vertex -6.69131 -7.43145 70
    endloop
  endfacet
  facet normal 0 0 1
    outer loop
      vertex -1.04528 -9.94522 70
      vertex -10.7322 -19.8829 70
      vertex -2.61321 -24.863 70
    endloop
  endfacet
  facet normal 0 0 1
    outer loop
      vertex -12.5 -19.1506 70
      vertex -6.69131 -7.43145 70
      vertex -8.09017 -5.87785 70
    endloop
  endfacet
  facet normal 0 0 1
    outer loop
      vertex -20.2254 -14.6946 70
      vertex -8.09017 -5.87785 70
      vertex -9.13545 -4.06737 70
    endloop
  endfacet
  facet normal 0 0 1
    outer loop
      vertex -23.2322 -1.76777 70
      vertex -9.13545 -4.06737 70
      vertex -9.78148 -2.07912 70
    endloop
  endfacet
  facet normal -0 0 1
    outer loop
      vertex -22.5 0 70
      vertex -9.78148 -2.07912 70
      vertex -10 0 70
    endloop
  endfacet
  facet normal 0 0 1
    outer loop
      vertex -2.61321 -24.863 70
      vertex -10.7322 -19.8829 70
      vertex -7.72542 -23.7764 70
    endloop
  endfacet
  facet normal 0 0 1
    outer loop
      vertex -7.72542 -23.7764 70
      vertex -10 -21.6506 70
      vertex -10.3893 -22.5904 70
    endloop
  endfacet
  facet normal 0 0 1
    outer loop
      vertex -9.13545 -4.06737 70
      vertex -22.8386 -10.1684 70
      vertex -20.2254 -14.6946 70
    endloop
  endfacet
  facet normal 0 0 1
    outer loop
      vertex -9.13545 -4.06737 70
      vertex -23.2322 -1.76777 70
      vertex -22.8386 -10.1684 70
    endloop
  endfacet
  facet normal 0 0 1
    outer loop
      vertex -23.2322 -1.76777 70
      vertex -24.4537 -5.19779 70
      vertex -22.8386 -10.1684 70
    endloop
  endfacet
  facet normal 0 -0 1
    outer loop
      vertex -24.4537 -5.19779 70
      vertex -23.2322 -1.76777 70
      vertex -24.7482 -2.3957 70
    endloop
  endfacet
  facet normal -0 0 1
    outer loop
      vertex -20.2254 14.6946 70
      vertex -8.09017 5.87785 70
      vertex -12.5 19.1506 70
    endloop
  endfacet
  facet normal 0 0 1
    outer loop
      vertex -8.09017 5.87785 70
      vertex -20.2254 14.6946 70
      vertex -9.13545 4.06737 70
    endloop
  endfacet
  facet normal -0 0 1
    outer loop
      vertex -22.8386 10.1684 70
      vertex -9.13545 4.06737 70
      vertex -20.2254 14.6946 70
    endloop
  endfacet
  facet normal 0 0 1
    outer loop
      vertex -7.72542 -23.7764 70
      vertex -10.7322 -19.8829 70
      vertex -10 -21.6506 70
    endloop
  endfacet
  facet normal 0 0 1
    outer loop
      vertex -23.2322 1.76777 70
      vertex -9.13545 4.06737 70
      vertex -22.8386 10.1684 70
    endloop
  endfacet
  facet normal 0 0 1
    outer loop
      vertex -9.78148 -2.07912 70
      vertex -22.5 0 70
      vertex -23.2322 -1.76777 70
    endloop
  endfacet
  facet normal 0 0 1
    outer loop
      vertex -16.7283 18.5786 70
      vertex -12.5 19.1506 70
      vertex -14.2678 19.8829 70
    endloop
  endfacet
  facet normal 0 0 1
    outer loop
      vertex -5 -8.66025 70
      vertex -12.5 -19.1506 70
      vertex -10.7322 -19.8829 70
    endloop
  endfacet
  facet normal 0 0 1
    outer loop
      vertex -16.7283 18.5786 70
      vertex -14.2678 19.8829 70
      vertex -14.4217 20.2545 70
    endloop
  endfacet
  facet normal 0 0 1
    outer loop
      vertex -8.09017 -5.87785 70
      vertex -20.2254 -14.6946 70
      vertex -12.5 -19.1506 70
    endloop
  endfacet
  facet normal 0 0 1
    outer loop
      vertex -12.5 19.1506 70
      vertex -16.7283 18.5786 70
      vertex -20.2254 14.6946 70
    endloop
  endfacet
  facet normal -0 -0 1
    outer loop
      vertex -16.7283 -18.5786 70
      vertex -12.5 -19.1506 70
      vertex -20.2254 -14.6946 70
    endloop
  endfacet
  facet normal 0 0 1
    outer loop
      vertex -9.13545 4.06737 70
      vertex -23.2322 1.76777 70
      vertex -9.78148 2.07912 70
    endloop
  endfacet
  facet normal 0 0 1
    outer loop
      vertex -14.2678 -19.8829 70
      vertex -16.7283 -18.5786 70
      vertex -14.4217 -20.2545 70
    endloop
  endfacet
  facet normal 0 0 1
    outer loop
      vertex -12.5 -19.1506 70
      vertex -16.7283 -18.5786 70
      vertex -14.2678 -19.8829 70
    endloop
  endfacet
  facet normal 0 -0 1
    outer loop
      vertex -22.5 0 70
      vertex -9.78148 2.07912 70
      vertex -23.2322 1.76777 70
    endloop
  endfacet
  facet normal 0 0 1
    outer loop
      vertex -9.78148 2.07912 70
      vertex -22.5 0 70
      vertex -10 0 70
    endloop
  endfacet
  facet normal -0 0 1
    outer loop
      vertex -24.4537 5.19779 70
      vertex -23.2322 1.76777 70
      vertex -22.8386 10.1684 70
    endloop
  endfacet
  facet normal 0 0 1
    outer loop
      vertex -23.2322 1.76777 70
      vertex -24.4537 5.19779 70
      vertex -24.7482 2.3957 70
    endloop
  endfacet
  facet normal 0.951054 -0.309026 0
    outer loop
      vertex 22.8386 -10.1684 70
      vertex 24.4537 -5.19779 42.5
      vertex 24.4537 -5.19779 70
    endloop
  endfacet
  facet normal 0.951054 -0.309026 0
    outer loop
      vertex 24.4537 -5.19779 42.5
      vertex 22.8386 -10.1684 70
      vertex 22.8386 -10.1684 42.5
    endloop
  endfacet
  facet normal 0 1 -0
    outer loop
      vertex 2.61321 24.863 42.5
      vertex -2.61321 24.863 70
      vertex 2.61321 24.863 70
    endloop
  endfacet
  facet normal 0 1 0
    outer loop
      vertex -2.61321 24.863 70
      vertex 2.61321 24.863 42.5
      vertex -2.61321 24.863 42.5
    endloop
  endfacet
  facet normal -0.587798 -0.809007 0
    outer loop
      vertex -16.7283 -18.5786 70
      vertex -14.4217 -20.2545 50
      vertex -14.4217 -20.2545 70
    endloop
  endfacet
  facet normal -0.587798 -0.809007 0
    outer loop
      vertex -16.7283 -18.5786 42.5
      vertex -14.4217 -20.2545 50
      vertex -16.7283 -18.5786 70
    endloop
  endfacet
  facet normal -0.587798 -0.809007 -0
    outer loop
      vertex -14.4217 -20.2545 50
      vertex -16.7283 -18.5786 42.5
      vertex -14.4217 -20.2545 42.5
    endloop
  endfacet
  facet normal -0.406726 0.91355 0
    outer loop
      vertex -7.72542 23.7764 70
      vertex -10.3893 22.5904 50
      vertex -10.3893 22.5904 70
    endloop
  endfacet
  facet normal -0.406726 0.91355 0
    outer loop
      vertex -7.72542 23.7764 42.5
      vertex -10.3893 22.5904 50
      vertex -7.72542 23.7764 70
    endloop
  endfacet
  facet normal -0.406726 0.91355 0
    outer loop
      vertex -10.3893 22.5904 50
      vertex -7.72542 23.7764 42.5
      vertex -10.3893 22.5904 42.5
    endloop
  endfacet
  facet normal -0.994522 -0.104524 0
    outer loop
      vertex -24.4537 -5.19779 42.5
      vertex -24.7482 -2.3957 50
      vertex -24.7482 -2.3957 42.5
    endloop
  endfacet
  facet normal -0.994522 -0.104524 -0
    outer loop
      vertex -24.4537 -5.19779 70
      vertex -24.7482 -2.3957 50
      vertex -24.4537 -5.19779 42.5
    endloop
  endfacet
  facet normal -0.994522 -0.104524 0
    outer loop
      vertex -24.7482 -2.3957 50
      vertex -24.4537 -5.19779 70
      vertex -24.7482 -2.3957 70
    endloop
  endfacet
  facet normal -0.743151 -0.669123 0
    outer loop
      vertex -16.7283 -18.5786 42.5
      vertex -20.2254 -14.6946 70
      vertex -20.2254 -14.6946 42.5
    endloop
  endfacet
  facet normal -0.743151 -0.669123 0
    outer loop
      vertex -20.2254 -14.6946 70
      vertex -16.7283 -18.5786 42.5
      vertex -16.7283 -18.5786 70
    endloop
  endfacet
  facet normal -0.866026 -0.5 0
    outer loop
      vertex -20.2254 -14.6946 42.5
      vertex -22.8386 -10.1684 70
      vertex -22.8386 -10.1684 42.5
    endloop
  endfacet
  facet normal -0.866026 -0.5 0
    outer loop
      vertex -22.8386 -10.1684 70
      vertex -20.2254 -14.6946 42.5
      vertex -20.2254 -14.6946 70
    endloop
  endfacet
  facet normal 0.207906 -0.978149 0
    outer loop
      vertex 2.61321 -24.863 42.5
      vertex 7.72542 -23.7764 70
      vertex 2.61321 -24.863 70
    endloop
  endfacet
  facet normal 0.207906 -0.978149 0
    outer loop
      vertex 7.72542 -23.7764 70
      vertex 2.61321 -24.863 42.5
      vertex 7.72542 -23.7764 42.5
    endloop
  endfacet
  facet normal -0.994522 0.104524 0
    outer loop
      vertex -24.7482 2.3957 50
      vertex -24.4537 5.19779 42.5
      vertex -24.7482 2.3957 42.5
    endloop
  endfacet
  facet normal -0.994522 0.104524 0
    outer loop
      vertex -24.4537 5.19779 42.5
      vertex -24.7482 2.3957 50
      vertex -24.4537 5.19779 70
    endloop
  endfacet
  facet normal -0.994522 0.104524 0
    outer loop
      vertex -24.4537 5.19779 70
      vertex -24.7482 2.3957 50
      vertex -24.7482 2.3957 70
    endloop
  endfacet
  facet normal 0.207906 0.978149 -0
    outer loop
      vertex 7.72542 23.7764 42.5
      vertex 2.61321 24.863 70
      vertex 7.72542 23.7764 70
    endloop
  endfacet
  facet normal 0.207906 0.978149 0
    outer loop
      vertex 2.61321 24.863 70
      vertex 7.72542 23.7764 42.5
      vertex 2.61321 24.863 42.5
    endloop
  endfacet
  facet normal 0.587798 0.809007 0
    outer loop
      vertex 16.7283 18.5786 70
      vertex 14.4217 20.2545 50
      vertex 14.4217 20.2545 70
    endloop
  endfacet
  facet normal 0.587798 0.809007 -0
    outer loop
      vertex 16.7283 18.5786 42.5
      vertex 14.4217 20.2545 50
      vertex 16.7283 18.5786 70
    endloop
  endfacet
  facet normal 0.587798 0.809007 0
    outer loop
      vertex 14.4217 20.2545 50
      vertex 16.7283 18.5786 42.5
      vertex 14.4217 20.2545 42.5
    endloop
  endfacet
  facet normal -0.207906 0.978149 0
    outer loop
      vertex -2.61321 24.863 42.5
      vertex -7.72542 23.7764 70
      vertex -2.61321 24.863 70
    endloop
  endfacet
  facet normal -0.207906 0.978149 0
    outer loop
      vertex -7.72542 23.7764 70
      vertex -2.61321 24.863 42.5
      vertex -7.72542 23.7764 42.5
    endloop
  endfacet
  facet normal 0.406726 -0.91355 0
    outer loop
      vertex 7.72542 -23.7764 70
      vertex 10.3893 -22.5904 50
      vertex 10.3893 -22.5904 70
    endloop
  endfacet
  facet normal 0.406726 -0.91355 0
    outer loop
      vertex 7.72542 -23.7764 42.5
      vertex 10.3893 -22.5904 50
      vertex 7.72542 -23.7764 70
    endloop
  endfacet
  facet normal 0.406726 -0.91355 0
    outer loop
      vertex 10.3893 -22.5904 50
      vertex 7.72542 -23.7764 42.5
      vertex 10.3893 -22.5904 42.5
    endloop
  endfacet
  facet normal 0 -1 0
    outer loop
      vertex -2.61321 -24.863 42.5
      vertex 2.61321 -24.863 70
      vertex -2.61321 -24.863 70
    endloop
  endfacet
  facet normal 0 -1 -0
    outer loop
      vertex 2.61321 -24.863 70
      vertex -2.61321 -24.863 42.5
      vertex 2.61321 -24.863 42.5
    endloop
  endfacet
  facet normal -0.207906 -0.978149 0
    outer loop
      vertex -7.72542 -23.7764 42.5
      vertex -2.61321 -24.863 70
      vertex -7.72542 -23.7764 70
    endloop
  endfacet
  facet normal -0.207906 -0.978149 -0
    outer loop
      vertex -2.61321 -24.863 70
      vertex -7.72542 -23.7764 42.5
      vertex -2.61321 -24.863 42.5
    endloop
  endfacet
  facet normal -0.951054 0.309026 0
    outer loop
      vertex -24.4537 5.19779 42.5
      vertex -22.8386 10.1684 70
      vertex -22.8386 10.1684 42.5
    endloop
  endfacet
  facet normal -0.951054 0.309026 0
    outer loop
      vertex -22.8386 10.1684 70
      vertex -24.4537 5.19779 42.5
      vertex -24.4537 5.19779 70
    endloop
  endfacet
  facet normal 0.743147 0.669129 0
    outer loop
      vertex -6.69131 -7.43145 -40
      vertex -8.09017 -5.87785 -70
      vertex -8.09017 -5.87785 -40
    endloop
  endfacet
  facet normal 0.743147 0.669129 0
    outer loop
      vertex -8.09017 -5.87785 -70
      vertex -6.69131 -7.43145 -40
      vertex -6.69131 -7.43145 -70
    endloop
  endfacet
  facet normal 0.743147 0.669129 0
    outer loop
      vertex -6.69131 -7.43145 70
      vertex -8.09017 -5.87785 40
      vertex -8.09017 -5.87785 70
    endloop
  endfacet
  facet normal 0.743147 0.669129 0
    outer loop
      vertex -8.09017 -5.87785 40
      vertex -6.69131 -7.43145 70
      vertex -6.69131 -7.43145 40
    endloop
  endfacet
  facet normal -0.743147 -0.669129 0
    outer loop
      vertex -6.69131 -7.43145 -37.5
      vertex -8.09017 -5.87785 -36.5
      vertex -8.09017 -5.87785 -37.5
    endloop
  endfacet
  facet normal -0.743147 -0.669129 0
    outer loop
      vertex -8.09017 -5.87785 -36.5
      vertex -6.69131 -7.43145 -37.5
      vertex -6.69131 -7.43145 -36.5
    endloop
  endfacet
  facet normal -0.743147 -0.669129 0
    outer loop
      vertex -6.69131 -7.43145 -29.5
      vertex -8.09017 -5.87785 29.5
      vertex -8.09017 -5.87785 -29.5
    endloop
  endfacet
  facet normal -0.743147 -0.669129 0
    outer loop
      vertex -8.09017 -5.87785 29.5
      vertex -6.69131 -7.43145 -29.5
      vertex -6.69131 -7.43145 29.5
    endloop
  endfacet
  facet normal -0.743147 -0.669129 0
    outer loop
      vertex -6.69131 -7.43145 36.5
      vertex -8.09017 -5.87785 37.5
      vertex -8.09017 -5.87785 36.5
    endloop
  endfacet
  facet normal -0.743147 -0.669129 0
    outer loop
      vertex -8.09017 -5.87785 37.5
      vertex -6.69131 -7.43145 36.5
      vertex -6.69131 -7.43145 37.5
    endloop
  endfacet
  facet normal -0.951055 -0.309021 0
    outer loop
      vertex 9.78148 2.07912 40
      vertex 9.13545 4.06737 70
      vertex 9.13545 4.06737 40
    endloop
  endfacet
  facet normal -0.951055 -0.309021 0
    outer loop
      vertex 9.13545 4.06737 70
      vertex 9.78148 2.07912 40
      vertex 9.78148 2.07912 70
    endloop
  endfacet
  facet normal 0.951055 0.309021 0
    outer loop
      vertex 9.78148 2.07912 -36.5
      vertex 9.13545 4.06737 -37.5
      vertex 9.13545 4.06737 -36.5
    endloop
  endfacet
  facet normal 0.951055 0.309021 0
    outer loop
      vertex 9.13545 4.06737 -37.5
      vertex 9.78148 2.07912 -36.5
      vertex 9.78148 2.07912 -37.5
    endloop
  endfacet
  facet normal 0.951055 0.309021 0
    outer loop
      vertex 9.78148 2.07912 29.5
      vertex 9.13545 4.06737 -29.5
      vertex 9.13545 4.06737 29.5
    endloop
  endfacet
  facet normal 0.951055 0.309021 0
    outer loop
      vertex 9.13545 4.06737 -29.5
      vertex 9.78148 2.07912 29.5
      vertex 9.78148 2.07912 -29.5
    endloop
  endfacet
  facet normal 0.951055 0.309021 0
    outer loop
      vertex 9.78148 2.07912 37.5
      vertex 9.13545 4.06737 36.5
      vertex 9.13545 4.06737 37.5
    endloop
  endfacet
  facet normal 0.951055 0.309021 0
    outer loop
      vertex 9.13545 4.06737 36.5
      vertex 9.78148 2.07912 37.5
      vertex 9.78148 2.07912 36.5
    endloop
  endfacet
  facet normal -0.951055 -0.309021 0
    outer loop
      vertex 9.78148 2.07912 -70
      vertex 9.13545 4.06737 -40
      vertex 9.13545 4.06737 -70
    endloop
  endfacet
  facet normal -0.951055 -0.309021 0
    outer loop
      vertex 9.13545 4.06737 -40
      vertex 9.78148 2.07912 -70
      vertex 9.78148 2.07912 -40
    endloop
  endfacet
  facet normal -0.994522 -0.104526 0
    outer loop
      vertex 10 0 40
      vertex 9.78148 2.07912 70
      vertex 9.78148 2.07912 40
    endloop
  endfacet
  facet normal -0.994522 -0.104526 0
    outer loop
      vertex 9.78148 2.07912 70
      vertex 10 0 40
      vertex 10 0 70
    endloop
  endfacet
  facet normal 0.994522 0.104526 0
    outer loop
      vertex 10 0 -36.5
      vertex 9.78148 2.07912 -37.5
      vertex 9.78148 2.07912 -36.5
    endloop
  endfacet
  facet normal 0.994522 0.104526 0
    outer loop
      vertex 9.78148 2.07912 -37.5
      vertex 10 0 -36.5
      vertex 10 0 -37.5
    endloop
  endfacet
  facet normal 0.994522 0.104526 0
    outer loop
      vertex 10 0 29.5
      vertex 9.78148 2.07912 -29.5
      vertex 9.78148 2.07912 29.5
    endloop
  endfacet
  facet normal 0.994522 0.104526 0
    outer loop
      vertex 9.78148 2.07912 -29.5
      vertex 10 0 29.5
      vertex 10 0 -29.5
    endloop
  endfacet
  facet normal 0.994522 0.104526 0
    outer loop
      vertex 10 0 37.5
      vertex 9.78148 2.07912 36.5
      vertex 9.78148 2.07912 37.5
    endloop
  endfacet
  facet normal 0.994522 0.104526 0
    outer loop
      vertex 9.78148 2.07912 36.5
      vertex 10 0 37.5
      vertex 10 0 36.5
    endloop
  endfacet
  facet normal -0.994522 -0.104526 0
    outer loop
      vertex 10 0 -70
      vertex 9.78148 2.07912 -40
      vertex 9.78148 2.07912 -70
    endloop
  endfacet
  facet normal -0.994522 -0.104526 0
    outer loop
      vertex 9.78148 2.07912 -40
      vertex 10 0 -70
      vertex 10 0 -40
    endloop
  endfacet
  facet normal -0.866026 -0.5 0
    outer loop
      vertex 9.13545 4.06737 40
      vertex 8.09017 5.87785 70
      vertex 8.09017 5.87785 40
    endloop
  endfacet
  facet normal -0.866026 -0.5 0
    outer loop
      vertex 8.09017 5.87785 70
      vertex 9.13545 4.06737 40
      vertex 9.13545 4.06737 70
    endloop
  endfacet
  facet normal 0.866026 0.5 0
    outer loop
      vertex 9.13545 4.06737 -36.5
      vertex 8.09017 5.87785 -37.5
      vertex 8.09017 5.87785 -36.5
    endloop
  endfacet
  facet normal 0.866026 0.5 0
    outer loop
      vertex 8.09017 5.87785 -37.5
      vertex 9.13545 4.06737 -36.5
      vertex 9.13545 4.06737 -37.5
    endloop
  endfacet
  facet normal 0.866026 0.5 0
    outer loop
      vertex 9.13545 4.06737 29.5
      vertex 8.09017 5.87785 -29.5
      vertex 8.09017 5.87785 29.5
    endloop
  endfacet
  facet normal 0.866026 0.5 0
    outer loop
      vertex 8.09017 5.87785 -29.5
      vertex 9.13545 4.06737 29.5
      vertex 9.13545 4.06737 -29.5
    endloop
  endfacet
  facet normal 0.866026 0.5 0
    outer loop
      vertex 9.13545 4.06737 37.5
      vertex 8.09017 5.87785 36.5
      vertex 8.09017 5.87785 37.5
    endloop
  endfacet
  facet normal 0.866026 0.5 0
    outer loop
      vertex 8.09017 5.87785 36.5
      vertex 9.13545 4.06737 37.5
      vertex 9.13545 4.06737 36.5
    endloop
  endfacet
  facet normal -0.866026 -0.5 0
    outer loop
      vertex 9.13545 4.06737 -70
      vertex 8.09017 5.87785 -40
      vertex 8.09017 5.87785 -70
    endloop
  endfacet
  facet normal -0.866026 -0.5 0
    outer loop
      vertex 8.09017 5.87785 -40
      vertex 9.13545 4.06737 -70
      vertex 9.13545 4.06737 -40
    endloop
  endfacet
  facet normal -0.951055 0.309021 0
    outer loop
      vertex 9.13545 -4.06737 -70
      vertex 9.78148 -2.07912 -40
      vertex 9.78148 -2.07912 -70
    endloop
  endfacet
  facet normal -0.951055 0.309021 0
    outer loop
      vertex 9.78148 -2.07912 -40
      vertex 9.13545 -4.06737 -70
      vertex 9.13545 -4.06737 -40
    endloop
  endfacet
  facet normal -0.951055 0.309021 0
    outer loop
      vertex 9.13545 -4.06737 40
      vertex 9.78148 -2.07912 70
      vertex 9.78148 -2.07912 40
    endloop
  endfacet
  facet normal -0.951055 0.309021 0
    outer loop
      vertex 9.78148 -2.07912 70
      vertex 9.13545 -4.06737 40
      vertex 9.13545 -4.06737 70
    endloop
  endfacet
  facet normal 0.951055 -0.309021 0
    outer loop
      vertex 9.13545 -4.06737 -36.5
      vertex 9.78148 -2.07912 -37.5
      vertex 9.78148 -2.07912 -36.5
    endloop
  endfacet
  facet normal 0.951055 -0.309021 0
    outer loop
      vertex 9.78148 -2.07912 -37.5
      vertex 9.13545 -4.06737 -36.5
      vertex 9.13545 -4.06737 -37.5
    endloop
  endfacet
  facet normal 0.951055 -0.309021 0
    outer loop
      vertex 9.13545 -4.06737 29.5
      vertex 9.78148 -2.07912 -29.5
      vertex 9.78148 -2.07912 29.5
    endloop
  endfacet
  facet normal 0.951055 -0.309021 0
    outer loop
      vertex 9.78148 -2.07912 -29.5
      vertex 9.13545 -4.06737 29.5
      vertex 9.13545 -4.06737 -29.5
    endloop
  endfacet
  facet normal 0.951055 -0.309021 0
    outer loop
      vertex 9.13545 -4.06737 37.5
      vertex 9.78148 -2.07912 36.5
      vertex 9.78148 -2.07912 37.5
    endloop
  endfacet
  facet normal 0.951055 -0.309021 0
    outer loop
      vertex 9.78148 -2.07912 36.5
      vertex 9.13545 -4.06737 37.5
      vertex 9.13545 -4.06737 36.5
    endloop
  endfacet
  facet normal 0.587783 -0.809019 0
    outer loop
      vertex -6.69131 7.43145 40
      vertex -5 8.66025 70
      vertex -6.69131 7.43145 70
    endloop
  endfacet
  facet normal 0.587783 -0.809019 0
    outer loop
      vertex -5 8.66025 70
      vertex -6.69131 7.43145 40
      vertex -5 8.66025 40
    endloop
  endfacet
  facet normal -0.587783 0.809019 0
    outer loop
      vertex -5 8.66025 -37.5
      vertex -6.69131 7.43145 -36.5
      vertex -5 8.66025 -36.5
    endloop
  endfacet
  facet normal -0.587783 0.809019 0
    outer loop
      vertex -6.69131 7.43145 -36.5
      vertex -5 8.66025 -37.5
      vertex -6.69131 7.43145 -37.5
    endloop
  endfacet
  facet normal -0.587783 0.809019 0
    outer loop
      vertex -5 8.66025 -29.5
      vertex -6.69131 7.43145 29.5
      vertex -5 8.66025 29.5
    endloop
  endfacet
  facet normal -0.587783 0.809019 0
    outer loop
      vertex -6.69131 7.43145 29.5
      vertex -5 8.66025 -29.5
      vertex -6.69131 7.43145 -29.5
    endloop
  endfacet
  facet normal -0.587783 0.809019 0
    outer loop
      vertex -5 8.66025 36.5
      vertex -6.69131 7.43145 37.5
      vertex -5 8.66025 37.5
    endloop
  endfacet
  facet normal -0.587783 0.809019 0
    outer loop
      vertex -6.69131 7.43145 37.5
      vertex -5 8.66025 36.5
      vertex -6.69131 7.43145 36.5
    endloop
  endfacet
  facet normal 0.587783 -0.809019 0
    outer loop
      vertex -6.69131 7.43145 -70
      vertex -5 8.66025 -40
      vertex -6.69131 7.43145 -40
    endloop
  endfacet
  facet normal 0.587783 -0.809019 0
    outer loop
      vertex -5 8.66025 -40
      vertex -6.69131 7.43145 -70
      vertex -5 8.66025 -70
    endloop
  endfacet
  facet normal -0.587783 0.809019 0
    outer loop
      vertex 6.69131 -7.43145 -70
      vertex 5 -8.66025 -40
      vertex 6.69131 -7.43145 -40
    endloop
  endfacet
  facet normal -0.587783 0.809019 0
    outer loop
      vertex 5 -8.66025 -40
      vertex 6.69131 -7.43145 -70
      vertex 5 -8.66025 -70
    endloop
  endfacet
  facet normal -0.587783 0.809019 0
    outer loop
      vertex 6.69131 -7.43145 40
      vertex 5 -8.66025 70
      vertex 6.69131 -7.43145 70
    endloop
  endfacet
  facet normal -0.587783 0.809019 0
    outer loop
      vertex 5 -8.66025 70
      vertex 6.69131 -7.43145 40
      vertex 5 -8.66025 40
    endloop
  endfacet
  facet normal 0.587783 -0.809019 0
    outer loop
      vertex 5 -8.66025 -37.5
      vertex 6.69131 -7.43145 -36.5
      vertex 5 -8.66025 -36.5
    endloop
  endfacet
  facet normal 0.587783 -0.809019 0
    outer loop
      vertex 6.69131 -7.43145 -36.5
      vertex 5 -8.66025 -37.5
      vertex 6.69131 -7.43145 -37.5
    endloop
  endfacet
  facet normal 0.587783 -0.809019 0
    outer loop
      vertex 5 -8.66025 -29.5
      vertex 6.69131 -7.43145 29.5
      vertex 5 -8.66025 29.5
    endloop
  endfacet
  facet normal 0.587783 -0.809019 0
    outer loop
      vertex 6.69131 -7.43145 29.5
      vertex 5 -8.66025 -29.5
      vertex 6.69131 -7.43145 -29.5
    endloop
  endfacet
  facet normal 0.587783 -0.809019 0
    outer loop
      vertex 5 -8.66025 36.5
      vertex 6.69131 -7.43145 37.5
      vertex 5 -8.66025 37.5
    endloop
  endfacet
  facet normal 0.587783 -0.809019 0
    outer loop
      vertex 6.69131 -7.43145 37.5
      vertex 5 -8.66025 36.5
      vertex 6.69131 -7.43145 36.5
    endloop
  endfacet
  facet normal -0.743147 0.669129 0
    outer loop
      vertex 6.69131 -7.43145 -70
      vertex 8.09017 -5.87785 -40
      vertex 8.09017 -5.87785 -70
    endloop
  endfacet
  facet normal -0.743147 0.669129 0
    outer loop
      vertex 8.09017 -5.87785 -40
      vertex 6.69131 -7.43145 -70
      vertex 6.69131 -7.43145 -40
    endloop
  endfacet
  facet normal -0.743147 0.669129 0
    outer loop
      vertex 6.69131 -7.43145 40
      vertex 8.09017 -5.87785 70
      vertex 8.09017 -5.87785 40
    endloop
  endfacet
  facet normal -0.743147 0.669129 0
    outer loop
      vertex 8.09017 -5.87785 70
      vertex 6.69131 -7.43145 40
      vertex 6.69131 -7.43145 70
    endloop
  endfacet
  facet normal 0.743147 -0.669129 0
    outer loop
      vertex 6.69131 -7.43145 -36.5
      vertex 8.09017 -5.87785 -37.5
      vertex 8.09017 -5.87785 -36.5
    endloop
  endfacet
  facet normal 0.743147 -0.669129 0
    outer loop
      vertex 8.09017 -5.87785 -37.5
      vertex 6.69131 -7.43145 -36.5
      vertex 6.69131 -7.43145 -37.5
    endloop
  endfacet
  facet normal 0.743147 -0.669129 0
    outer loop
      vertex 6.69131 -7.43145 29.5
      vertex 8.09017 -5.87785 -29.5
      vertex 8.09017 -5.87785 29.5
    endloop
  endfacet
  facet normal 0.743147 -0.669129 0
    outer loop
      vertex 8.09017 -5.87785 -29.5
      vertex 6.69131 -7.43145 29.5
      vertex 6.69131 -7.43145 -29.5
    endloop
  endfacet
  facet normal 0.743147 -0.669129 0
    outer loop
      vertex 6.69131 -7.43145 37.5
      vertex 8.09017 -5.87785 36.5
      vertex 8.09017 -5.87785 37.5
    endloop
  endfacet
  facet normal 0.743147 -0.669129 0
    outer loop
      vertex 8.09017 -5.87785 36.5
      vertex 6.69131 -7.43145 37.5
      vertex 6.69131 -7.43145 36.5
    endloop
  endfacet
  facet normal -0.994522 0.104526 0
    outer loop
      vertex 9.78148 -2.07912 -70
      vertex 10 0 -40
      vertex 10 0 -70
    endloop
  endfacet
  facet normal -0.994522 0.104526 0
    outer loop
      vertex 10 0 -40
      vertex 9.78148 -2.07912 -70
      vertex 9.78148 -2.07912 -40
    endloop
  endfacet
  facet normal -0.994522 0.104526 0
    outer loop
      vertex 9.78148 -2.07912 40
      vertex 10 0 70
      vertex 10 0 40
    endloop
  endfacet
  facet normal -0.994522 0.104526 0
    outer loop
      vertex 10 0 70
      vertex 9.78148 -2.07912 40
      vertex 9.78148 -2.07912 70
    endloop
  endfacet
  facet normal 0.994522 -0.104526 0
    outer loop
      vertex 9.78148 -2.07912 -36.5
      vertex 10 0 -37.5
      vertex 10 0 -36.5
    endloop
  endfacet
  facet normal 0.994522 -0.104526 0
    outer loop
      vertex 10 0 -37.5
      vertex 9.78148 -2.07912 -36.5
      vertex 9.78148 -2.07912 -37.5
    endloop
  endfacet
  facet normal 0.994522 -0.104526 0
    outer loop
      vertex 9.78148 -2.07912 29.5
      vertex 10 0 -29.5
      vertex 10 0 29.5
    endloop
  endfacet
  facet normal 0.994522 -0.104526 0
    outer loop
      vertex 10 0 -29.5
      vertex 9.78148 -2.07912 29.5
      vertex 9.78148 -2.07912 -29.5
    endloop
  endfacet
  facet normal 0.994522 -0.104526 0
    outer loop
      vertex 9.78148 -2.07912 37.5
      vertex 10 0 36.5
      vertex 10 0 37.5
    endloop
  endfacet
  facet normal 0.994522 -0.104526 0
    outer loop
      vertex 10 0 36.5
      vertex 9.78148 -2.07912 37.5
      vertex 9.78148 -2.07912 36.5
    endloop
  endfacet
  facet normal 0.406736 0.913546 -0
    outer loop
      vertex -3.09017 -9.51056 -70
      vertex -5 -8.66025 -40
      vertex -3.09017 -9.51056 -40
    endloop
  endfacet
  facet normal 0.406736 0.913546 0
    outer loop
      vertex -5 -8.66025 -40
      vertex -3.09017 -9.51056 -70
      vertex -5 -8.66025 -70
    endloop
  endfacet
  facet normal 0.406736 0.913546 -0
    outer loop
      vertex -3.09017 -9.51056 40
      vertex -5 -8.66025 70
      vertex -3.09017 -9.51056 70
    endloop
  endfacet
  facet normal 0.406736 0.913546 0
    outer loop
      vertex -5 -8.66025 70
      vertex -3.09017 -9.51056 40
      vertex -5 -8.66025 40
    endloop
  endfacet
  facet normal -0.406736 -0.913546 0
    outer loop
      vertex -5 -8.66025 -37.5
      vertex -3.09017 -9.51056 -36.5
      vertex -5 -8.66025 -36.5
    endloop
  endfacet
  facet normal -0.406736 -0.913546 -0
    outer loop
      vertex -3.09017 -9.51056 -36.5
      vertex -5 -8.66025 -37.5
      vertex -3.09017 -9.51056 -37.5
    endloop
  endfacet
  facet normal -0.406736 -0.913546 0
    outer loop
      vertex -5 -8.66025 -29.5
      vertex -3.09017 -9.51056 29.5
      vertex -5 -8.66025 29.5
    endloop
  endfacet
  facet normal -0.406736 -0.913546 -0
    outer loop
      vertex -3.09017 -9.51056 29.5
      vertex -5 -8.66025 -29.5
      vertex -3.09017 -9.51056 -29.5
    endloop
  endfacet
  facet normal -0.406736 -0.913546 0
    outer loop
      vertex -5 -8.66025 36.5
      vertex -3.09017 -9.51056 37.5
      vertex -5 -8.66025 37.5
    endloop
  endfacet
  facet normal -0.406736 -0.913546 -0
    outer loop
      vertex -3.09017 -9.51056 37.5
      vertex -5 -8.66025 36.5
      vertex -3.09017 -9.51056 36.5
    endloop
  endfacet
  facet normal -0.406736 -0.913546 0
    outer loop
      vertex 3.09017 9.51056 40
      vertex 5 8.66025 70
      vertex 3.09017 9.51056 70
    endloop
  endfacet
  facet normal -0.406736 -0.913546 -0
    outer loop
      vertex 5 8.66025 70
      vertex 3.09017 9.51056 40
      vertex 5 8.66025 40
    endloop
  endfacet
  facet normal 0.406736 0.913546 -0
    outer loop
      vertex 5 8.66025 -37.5
      vertex 3.09017 9.51056 -36.5
      vertex 5 8.66025 -36.5
    endloop
  endfacet
  facet normal 0.406736 0.913546 0
    outer loop
      vertex 3.09017 9.51056 -36.5
      vertex 5 8.66025 -37.5
      vertex 3.09017 9.51056 -37.5
    endloop
  endfacet
  facet normal 0.406736 0.913546 -0
    outer loop
      vertex 5 8.66025 -29.5
      vertex 3.09017 9.51056 29.5
      vertex 5 8.66025 29.5
    endloop
  endfacet
  facet normal 0.406736 0.913546 0
    outer loop
      vertex 3.09017 9.51056 29.5
      vertex 5 8.66025 -29.5
      vertex 3.09017 9.51056 -29.5
    endloop
  endfacet
  facet normal 0.406736 0.913546 -0
    outer loop
      vertex 5 8.66025 36.5
      vertex 3.09017 9.51056 37.5
      vertex 5 8.66025 37.5
    endloop
  endfacet
  facet normal 0.406736 0.913546 0
    outer loop
      vertex 3.09017 9.51056 37.5
      vertex 5 8.66025 36.5
      vertex 3.09017 9.51056 36.5
    endloop
  endfacet
  facet normal -0.406736 -0.913546 0
    outer loop
      vertex 3.09017 9.51056 -70
      vertex 5 8.66025 -40
      vertex 3.09017 9.51056 -40
    endloop
  endfacet
  facet normal -0.406736 -0.913546 -0
    outer loop
      vertex 5 8.66025 -40
      vertex 3.09017 9.51056 -70
      vertex 5 8.66025 -70
    endloop
  endfacet
  facet normal -0.743147 -0.669129 0
    outer loop
      vertex 8.09017 5.87785 40
      vertex 6.69131 7.43145 70
      vertex 6.69131 7.43145 40
    endloop
  endfacet
  facet normal -0.743147 -0.669129 0
    outer loop
      vertex 6.69131 7.43145 70
      vertex 8.09017 5.87785 40
      vertex 8.09017 5.87785 70
    endloop
  endfacet
  facet normal 0.743147 0.669129 0
    outer loop
      vertex 8.09017 5.87785 -36.5
      vertex 6.69131 7.43145 -37.5
      vertex 6.69131 7.43145 -36.5
    endloop
  endfacet
  facet normal 0.743147 0.669129 0
    outer loop
      vertex 6.69131 7.43145 -37.5
      vertex 8.09017 5.87785 -36.5
      vertex 8.09017 5.87785 -37.5
    endloop
  endfacet
  facet normal 0.743147 0.669129 0
    outer loop
      vertex 8.09017 5.87785 29.5
      vertex 6.69131 7.43145 -29.5
      vertex 6.69131 7.43145 29.5
    endloop
  endfacet
  facet normal 0.743147 0.669129 0
    outer loop
      vertex 6.69131 7.43145 -29.5
      vertex 8.09017 5.87785 29.5
      vertex 8.09017 5.87785 -29.5
    endloop
  endfacet
  facet normal 0.743147 0.669129 0
    outer loop
      vertex 8.09017 5.87785 37.5
      vertex 6.69131 7.43145 36.5
      vertex 6.69131 7.43145 37.5
    endloop
  endfacet
  facet normal 0.743147 0.669129 0
    outer loop
      vertex 6.69131 7.43145 36.5
      vertex 8.09017 5.87785 37.5
      vertex 8.09017 5.87785 36.5
    endloop
  endfacet
  facet normal -0.743147 -0.669129 0
    outer loop
      vertex 8.09017 5.87785 -70
      vertex 6.69131 7.43145 -40
      vertex 6.69131 7.43145 -70
    endloop
  endfacet
  facet normal -0.743147 -0.669129 0
    outer loop
      vertex 6.69131 7.43145 -40
      vertex 8.09017 5.87785 -70
      vertex 8.09017 5.87785 -40
    endloop
  endfacet
  facet normal 0.587783 0.809019 -0
    outer loop
      vertex -5 -8.66025 -70
      vertex -6.69131 -7.43145 -40
      vertex -5 -8.66025 -40
    endloop
  endfacet
  facet normal 0.587783 0.809019 0
    outer loop
      vertex -6.69131 -7.43145 -40
      vertex -5 -8.66025 -70
      vertex -6.69131 -7.43145 -70
    endloop
  endfacet
  facet normal 0.587783 0.809019 -0
    outer loop
      vertex -5 -8.66025 40
      vertex -6.69131 -7.43145 70
      vertex -5 -8.66025 70
    endloop
  endfacet
  facet normal 0.587783 0.809019 0
    outer loop
      vertex -6.69131 -7.43145 70
      vertex -5 -8.66025 40
      vertex -6.69131 -7.43145 40
    endloop
  endfacet
  facet normal -0.587783 -0.809019 0
    outer loop
      vertex -6.69131 -7.43145 -37.5
      vertex -5 -8.66025 -36.5
      vertex -6.69131 -7.43145 -36.5
    endloop
  endfacet
  facet normal -0.587783 -0.809019 -0
    outer loop
      vertex -5 -8.66025 -36.5
      vertex -6.69131 -7.43145 -37.5
      vertex -5 -8.66025 -37.5
    endloop
  endfacet
  facet normal -0.587783 -0.809019 0
    outer loop
      vertex -6.69131 -7.43145 -29.5
      vertex -5 -8.66025 29.5
      vertex -6.69131 -7.43145 29.5
    endloop
  endfacet
  facet normal -0.587783 -0.809019 -0
    outer loop
      vertex -5 -8.66025 29.5
      vertex -6.69131 -7.43145 -29.5
      vertex -5 -8.66025 -29.5
    endloop
  endfacet
  facet normal -0.587783 -0.809019 0
    outer loop
      vertex -6.69131 -7.43145 36.5
      vertex -5 -8.66025 37.5
      vertex -6.69131 -7.43145 37.5
    endloop
  endfacet
  facet normal -0.587783 -0.809019 -0
    outer loop
      vertex -5 -8.66025 37.5
      vertex -6.69131 -7.43145 36.5
      vertex -5 -8.66025 36.5
    endloop
  endfacet
  facet normal 0.743147 -0.669129 0
    outer loop
      vertex -8.09017 5.87785 70
      vertex -6.69131 7.43145 40
      vertex -6.69131 7.43145 70
    endloop
  endfacet
  facet normal 0.743147 -0.669129 0
    outer loop
      vertex -6.69131 7.43145 40
      vertex -8.09017 5.87785 70
      vertex -8.09017 5.87785 40
    endloop
  endfacet
  facet normal -0.743147 0.669129 0
    outer loop
      vertex -8.09017 5.87785 -37.5
      vertex -6.69131 7.43145 -36.5
      vertex -6.69131 7.43145 -37.5
    endloop
  endfacet
  facet normal -0.743147 0.669129 0
    outer loop
      vertex -6.69131 7.43145 -36.5
      vertex -8.09017 5.87785 -37.5
      vertex -8.09017 5.87785 -36.5
    endloop
  endfacet
  facet normal -0.743147 0.669129 0
    outer loop
      vertex -8.09017 5.87785 -29.5
      vertex -6.69131 7.43145 29.5
      vertex -6.69131 7.43145 -29.5
    endloop
  endfacet
  facet normal -0.743147 0.669129 0
    outer loop
      vertex -6.69131 7.43145 29.5
      vertex -8.09017 5.87785 -29.5
      vertex -8.09017 5.87785 29.5
    endloop
  endfacet
  facet normal -0.743147 0.669129 0
    outer loop
      vertex -8.09017 5.87785 36.5
      vertex -6.69131 7.43145 37.5
      vertex -6.69131 7.43145 36.5
    endloop
  endfacet
  facet normal -0.743147 0.669129 0
    outer loop
      vertex -6.69131 7.43145 37.5
      vertex -8.09017 5.87785 36.5
      vertex -8.09017 5.87785 37.5
    endloop
  endfacet
  facet normal 0.743147 -0.669129 0
    outer loop
      vertex -8.09017 5.87785 -40
      vertex -6.69131 7.43145 -70
      vertex -6.69131 7.43145 -40
    endloop
  endfacet
  facet normal 0.743147 -0.669129 0
    outer loop
      vertex -6.69131 7.43145 -70
      vertex -8.09017 5.87785 -40
      vertex -8.09017 5.87785 -70
    endloop
  endfacet
  facet normal 0 -1 0
    outer loop
      vertex -1.04528 9.94522 40
      vertex 1.04528 9.94522 70
      vertex -1.04528 9.94522 70
    endloop
  endfacet
  facet normal 0 -1 -0
    outer loop
      vertex 1.04528 9.94522 70
      vertex -1.04528 9.94522 40
      vertex 1.04528 9.94522 40
    endloop
  endfacet
  facet normal 0 1 -0
    outer loop
      vertex 1.04528 9.94522 -37.5
      vertex -1.04528 9.94522 -36.5
      vertex 1.04528 9.94522 -36.5
    endloop
  endfacet
  facet normal 0 1 0
    outer loop
      vertex -1.04528 9.94522 -36.5
      vertex 1.04528 9.94522 -37.5
      vertex -1.04528 9.94522 -37.5
    endloop
  endfacet
  facet normal 0 1 -0
    outer loop
      vertex 1.04528 9.94522 -29.5
      vertex -1.04528 9.94522 29.5
      vertex 1.04528 9.94522 29.5
    endloop
  endfacet
  facet normal 0 1 0
    outer loop
      vertex -1.04528 9.94522 29.5
      vertex 1.04528 9.94522 -29.5
      vertex -1.04528 9.94522 -29.5
    endloop
  endfacet
  facet normal 0 1 -0
    outer loop
      vertex 1.04528 9.94522 36.5
      vertex -1.04528 9.94522 37.5
      vertex 1.04528 9.94522 37.5
    endloop
  endfacet
  facet normal 0 1 0
    outer loop
      vertex -1.04528 9.94522 37.5
      vertex 1.04528 9.94522 36.5
      vertex -1.04528 9.94522 36.5
    endloop
  endfacet
  facet normal 0 -1 0
    outer loop
      vertex -1.04528 9.94522 -70
      vertex 1.04528 9.94522 -40
      vertex -1.04528 9.94522 -40
    endloop
  endfacet
  facet normal 0 -1 -0
    outer loop
      vertex 1.04528 9.94522 -40
      vertex -1.04528 9.94522 -70
      vertex 1.04528 9.94522 -70
    endloop
  endfacet
  facet normal -0.406736 0.913546 0
    outer loop
      vertex 5 -8.66025 -70
      vertex 3.09017 -9.51056 -40
      vertex 5 -8.66025 -40
    endloop
  endfacet
  facet normal -0.406736 0.913546 0
    outer loop
      vertex 3.09017 -9.51056 -40
      vertex 5 -8.66025 -70
      vertex 3.09017 -9.51056 -70
    endloop
  endfacet
  facet normal -0.406736 0.913546 0
    outer loop
      vertex 5 -8.66025 40
      vertex 3.09017 -9.51056 70
      vertex 5 -8.66025 70
    endloop
  endfacet
  facet normal -0.406736 0.913546 0
    outer loop
      vertex 3.09017 -9.51056 70
      vertex 5 -8.66025 40
      vertex 3.09017 -9.51056 40
    endloop
  endfacet
  facet normal 0.406736 -0.913546 0
    outer loop
      vertex 3.09017 -9.51056 -37.5
      vertex 5 -8.66025 -36.5
      vertex 3.09017 -9.51056 -36.5
    endloop
  endfacet
  facet normal 0.406736 -0.913546 0
    outer loop
      vertex 5 -8.66025 -36.5
      vertex 3.09017 -9.51056 -37.5
      vertex 5 -8.66025 -37.5
    endloop
  endfacet
  facet normal 0.406736 -0.913546 0
    outer loop
      vertex 3.09017 -9.51056 -29.5
      vertex 5 -8.66025 29.5
      vertex 3.09017 -9.51056 29.5
    endloop
  endfacet
  facet normal 0.406736 -0.913546 0
    outer loop
      vertex 5 -8.66025 29.5
      vertex 3.09017 -9.51056 -29.5
      vertex 5 -8.66025 -29.5
    endloop
  endfacet
  facet normal 0.406736 -0.913546 0
    outer loop
      vertex 3.09017 -9.51056 36.5
      vertex 5 -8.66025 37.5
      vertex 3.09017 -9.51056 37.5
    endloop
  endfacet
  facet normal 0.406736 -0.913546 0
    outer loop
      vertex 5 -8.66025 37.5
      vertex 3.09017 -9.51056 36.5
      vertex 5 -8.66025 36.5
    endloop
  endfacet
  facet normal -0.207914 0.978147 0
    outer loop
      vertex 3.09017 -9.51056 -70
      vertex 1.04528 -9.94522 -40
      vertex 3.09017 -9.51056 -40
    endloop
  endfacet
  facet normal -0.207914 0.978147 0
    outer loop
      vertex 1.04528 -9.94522 -40
      vertex 3.09017 -9.51056 -70
      vertex 1.04528 -9.94522 -70
    endloop
  endfacet
  facet normal -0.207914 0.978147 0
    outer loop
      vertex 3.09017 -9.51056 40
      vertex 1.04528 -9.94522 70
      vertex 3.09017 -9.51056 70
    endloop
  endfacet
  facet normal -0.207914 0.978147 0
    outer loop
      vertex 1.04528 -9.94522 70
      vertex 3.09017 -9.51056 40
      vertex 1.04528 -9.94522 40
    endloop
  endfacet
  facet normal 0.207914 -0.978147 0
    outer loop
      vertex 1.04528 -9.94522 -37.5
      vertex 3.09017 -9.51056 -36.5
      vertex 1.04528 -9.94522 -36.5
    endloop
  endfacet
  facet normal 0.207914 -0.978147 0
    outer loop
      vertex 3.09017 -9.51056 -36.5
      vertex 1.04528 -9.94522 -37.5
      vertex 3.09017 -9.51056 -37.5
    endloop
  endfacet
  facet normal 0.207914 -0.978147 0
    outer loop
      vertex 1.04528 -9.94522 -29.5
      vertex 3.09017 -9.51056 29.5
      vertex 1.04528 -9.94522 29.5
    endloop
  endfacet
  facet normal 0.207914 -0.978147 0
    outer loop
      vertex 3.09017 -9.51056 29.5
      vertex 1.04528 -9.94522 -29.5
      vertex 3.09017 -9.51056 -29.5
    endloop
  endfacet
  facet normal 0.207914 -0.978147 0
    outer loop
      vertex 1.04528 -9.94522 36.5
      vertex 3.09017 -9.51056 37.5
      vertex 1.04528 -9.94522 37.5
    endloop
  endfacet
  facet normal 0.207914 -0.978147 0
    outer loop
      vertex 3.09017 -9.51056 37.5
      vertex 1.04528 -9.94522 36.5
      vertex 3.09017 -9.51056 36.5
    endloop
  endfacet
  facet normal 0.951055 -0.309021 0
    outer loop
      vertex -9.78148 2.07912 70
      vertex -9.13545 4.06737 40
      vertex -9.13545 4.06737 70
    endloop
  endfacet
  facet normal 0.951055 -0.309021 0
    outer loop
      vertex -9.13545 4.06737 40
      vertex -9.78148 2.07912 70
      vertex -9.78148 2.07912 40
    endloop
  endfacet
  facet normal -0.951055 0.309021 0
    outer loop
      vertex -9.78148 2.07912 -37.5
      vertex -9.13545 4.06737 -36.5
      vertex -9.13545 4.06737 -37.5
    endloop
  endfacet
  facet normal -0.951055 0.309021 0
    outer loop
      vertex -9.13545 4.06737 -36.5
      vertex -9.78148 2.07912 -37.5
      vertex -9.78148 2.07912 -36.5
    endloop
  endfacet
  facet normal -0.951055 0.309021 0
    outer loop
      vertex -9.78148 2.07912 -29.5
      vertex -9.13545 4.06737 29.5
      vertex -9.13545 4.06737 -29.5
    endloop
  endfacet
  facet normal -0.951055 0.309021 0
    outer loop
      vertex -9.13545 4.06737 29.5
      vertex -9.78148 2.07912 -29.5
      vertex -9.78148 2.07912 29.5
    endloop
  endfacet
  facet normal -0.951055 0.309021 0
    outer loop
      vertex -9.78148 2.07912 36.5
      vertex -9.13545 4.06737 37.5
      vertex -9.13545 4.06737 36.5
    endloop
  endfacet
  facet normal -0.951055 0.309021 0
    outer loop
      vertex -9.13545 4.06737 37.5
      vertex -9.78148 2.07912 36.5
      vertex -9.78148 2.07912 37.5
    endloop
  endfacet
  facet normal 0.951055 -0.309021 0
    outer loop
      vertex -9.78148 2.07912 -40
      vertex -9.13545 4.06737 -70
      vertex -9.13545 4.06737 -40
    endloop
  endfacet
  facet normal 0.951055 -0.309021 0
    outer loop
      vertex -9.13545 4.06737 -70
      vertex -9.78148 2.07912 -40
      vertex -9.78148 2.07912 -70
    endloop
  endfacet
  facet normal 0.951055 0.309021 0
    outer loop
      vertex -9.13545 -4.06737 -40
      vertex -9.78148 -2.07912 -70
      vertex -9.78148 -2.07912 -40
    endloop
  endfacet
  facet normal 0.951055 0.309021 0
    outer loop
      vertex -9.78148 -2.07912 -70
      vertex -9.13545 -4.06737 -40
      vertex -9.13545 -4.06737 -70
    endloop
  endfacet
  facet normal 0.951055 0.309021 0
    outer loop
      vertex -9.13545 -4.06737 70
      vertex -9.78148 -2.07912 40
      vertex -9.78148 -2.07912 70
    endloop
  endfacet
  facet normal 0.951055 0.309021 0
    outer loop
      vertex -9.78148 -2.07912 40
      vertex -9.13545 -4.06737 70
      vertex -9.13545 -4.06737 40
    endloop
  endfacet
  facet normal -0.951055 -0.309021 0
    outer loop
      vertex -9.13545 -4.06737 -37.5
      vertex -9.78148 -2.07912 -36.5
      vertex -9.78148 -2.07912 -37.5
    endloop
  endfacet
  facet normal -0.951055 -0.309021 0
    outer loop
      vertex -9.78148 -2.07912 -36.5
      vertex -9.13545 -4.06737 -37.5
      vertex -9.13545 -4.06737 -36.5
    endloop
  endfacet
  facet normal -0.951055 -0.309021 0
    outer loop
      vertex -9.13545 -4.06737 -29.5
      vertex -9.78148 -2.07912 29.5
      vertex -9.78148 -2.07912 -29.5
    endloop
  endfacet
  facet normal -0.951055 -0.309021 0
    outer loop
      vertex -9.78148 -2.07912 29.5
      vertex -9.13545 -4.06737 -29.5
      vertex -9.13545 -4.06737 29.5
    endloop
  endfacet
  facet normal -0.951055 -0.309021 0
    outer loop
      vertex -9.13545 -4.06737 36.5
      vertex -9.78148 -2.07912 37.5
      vertex -9.78148 -2.07912 36.5
    endloop
  endfacet
  facet normal -0.951055 -0.309021 0
    outer loop
      vertex -9.78148 -2.07912 37.5
      vertex -9.13545 -4.06737 36.5
      vertex -9.13545 -4.06737 37.5
    endloop
  endfacet
  facet normal 0.406736 -0.913546 0
    outer loop
      vertex -5 8.66025 40
      vertex -3.09017 9.51056 70
      vertex -5 8.66025 70
    endloop
  endfacet
  facet normal 0.406736 -0.913546 0
    outer loop
      vertex -3.09017 9.51056 70
      vertex -5 8.66025 40
      vertex -3.09017 9.51056 40
    endloop
  endfacet
  facet normal -0.406736 0.913546 0
    outer loop
      vertex -3.09017 9.51056 -37.5
      vertex -5 8.66025 -36.5
      vertex -3.09017 9.51056 -36.5
    endloop
  endfacet
  facet normal -0.406736 0.913546 0
    outer loop
      vertex -5 8.66025 -36.5
      vertex -3.09017 9.51056 -37.5
      vertex -5 8.66025 -37.5
    endloop
  endfacet
  facet normal -0.406736 0.913546 0
    outer loop
      vertex -3.09017 9.51056 -29.5
      vertex -5 8.66025 29.5
      vertex -3.09017 9.51056 29.5
    endloop
  endfacet
  facet normal -0.406736 0.913546 0
    outer loop
      vertex -5 8.66025 29.5
      vertex -3.09017 9.51056 -29.5
      vertex -5 8.66025 -29.5
    endloop
  endfacet
  facet normal -0.406736 0.913546 0
    outer loop
      vertex -3.09017 9.51056 36.5
      vertex -5 8.66025 37.5
      vertex -3.09017 9.51056 37.5
    endloop
  endfacet
  facet normal -0.406736 0.913546 0
    outer loop
      vertex -5 8.66025 37.5
      vertex -3.09017 9.51056 36.5
      vertex -5 8.66025 36.5
    endloop
  endfacet
  facet normal 0.406736 -0.913546 0
    outer loop
      vertex -5 8.66025 -70
      vertex -3.09017 9.51056 -40
      vertex -5 8.66025 -40
    endloop
  endfacet
  facet normal 0.406736 -0.913546 0
    outer loop
      vertex -3.09017 9.51056 -40
      vertex -5 8.66025 -70
      vertex -3.09017 9.51056 -70
    endloop
  endfacet
  facet normal 0.207914 0.978147 -0
    outer loop
      vertex -1.04528 -9.94522 -70
      vertex -3.09017 -9.51056 -40
      vertex -1.04528 -9.94522 -40
    endloop
  endfacet
  facet normal 0.207914 0.978147 0
    outer loop
      vertex -3.09017 -9.51056 -40
      vertex -1.04528 -9.94522 -70
      vertex -3.09017 -9.51056 -70
    endloop
  endfacet
  facet normal 0.207914 0.978147 -0
    outer loop
      vertex -1.04528 -9.94522 40
      vertex -3.09017 -9.51056 70
      vertex -1.04528 -9.94522 70
    endloop
  endfacet
  facet normal 0.207914 0.978147 0
    outer loop
      vertex -3.09017 -9.51056 70
      vertex -1.04528 -9.94522 40
      vertex -3.09017 -9.51056 40
    endloop
  endfacet
  facet normal -0.207914 -0.978147 0
    outer loop
      vertex -3.09017 -9.51056 -37.5
      vertex -1.04528 -9.94522 -36.5
      vertex -3.09017 -9.51056 -36.5
    endloop
  endfacet
  facet normal -0.207914 -0.978147 -0
    outer loop
      vertex -1.04528 -9.94522 -36.5
      vertex -3.09017 -9.51056 -37.5
      vertex -1.04528 -9.94522 -37.5
    endloop
  endfacet
  facet normal -0.207914 -0.978147 0
    outer loop
      vertex -3.09017 -9.51056 -29.5
      vertex -1.04528 -9.94522 29.5
      vertex -3.09017 -9.51056 29.5
    endloop
  endfacet
  facet normal -0.207914 -0.978147 -0
    outer loop
      vertex -1.04528 -9.94522 29.5
      vertex -3.09017 -9.51056 -29.5
      vertex -1.04528 -9.94522 -29.5
    endloop
  endfacet
  facet normal -0.207914 -0.978147 0
    outer loop
      vertex -3.09017 -9.51056 36.5
      vertex -1.04528 -9.94522 37.5
      vertex -3.09017 -9.51056 37.5
    endloop
  endfacet
  facet normal -0.207914 -0.978147 -0
    outer loop
      vertex -1.04528 -9.94522 37.5
      vertex -3.09017 -9.51056 36.5
      vertex -1.04528 -9.94522 36.5
    endloop
  endfacet
  facet normal -0.207914 -0.978147 0
    outer loop
      vertex 1.04528 9.94522 40
      vertex 3.09017 9.51056 70
      vertex 1.04528 9.94522 70
    endloop
  endfacet
  facet normal -0.207914 -0.978147 -0
    outer loop
      vertex 3.09017 9.51056 70
      vertex 1.04528 9.94522 40
      vertex 3.09017 9.51056 40
    endloop
  endfacet
  facet normal 0.207914 0.978147 -0
    outer loop
      vertex 3.09017 9.51056 -37.5
      vertex 1.04528 9.94522 -36.5
      vertex 3.09017 9.51056 -36.5
    endloop
  endfacet
  facet normal 0.207914 0.978147 0
    outer loop
      vertex 1.04528 9.94522 -36.5
      vertex 3.09017 9.51056 -37.5
      vertex 1.04528 9.94522 -37.5
    endloop
  endfacet
  facet normal 0.207914 0.978147 -0
    outer loop
      vertex 3.09017 9.51056 -29.5
      vertex 1.04528 9.94522 29.5
      vertex 3.09017 9.51056 29.5
    endloop
  endfacet
  facet normal 0.207914 0.978147 0
    outer loop
      vertex 1.04528 9.94522 29.5
      vertex 3.09017 9.51056 -29.5
      vertex 1.04528 9.94522 -29.5
    endloop
  endfacet
  facet normal 0.207914 0.978147 -0
    outer loop
      vertex 3.09017 9.51056 36.5
      vertex 1.04528 9.94522 37.5
      vertex 3.09017 9.51056 37.5
    endloop
  endfacet
  facet normal 0.207914 0.978147 0
    outer loop
      vertex 1.04528 9.94522 37.5
      vertex 3.09017 9.51056 36.5
      vertex 1.04528 9.94522 36.5
    endloop
  endfacet
  facet normal -0.207914 -0.978147 0
    outer loop
      vertex 1.04528 9.94522 -70
      vertex 3.09017 9.51056 -40
      vertex 1.04528 9.94522 -40
    endloop
  endfacet
  facet normal -0.207914 -0.978147 -0
    outer loop
      vertex 3.09017 9.51056 -40
      vertex 1.04528 9.94522 -70
      vertex 3.09017 9.51056 -70
    endloop
  endfacet
  facet normal 0.994522 0.104526 0
    outer loop
      vertex -9.78148 -2.07912 -40
      vertex -10 0 -70
      vertex -10 0 -40
    endloop
  endfacet
  facet normal 0.994522 0.104526 0
    outer loop
      vertex -10 0 -70
      vertex -9.78148 -2.07912 -40
      vertex -9.78148 -2.07912 -70
    endloop
  endfacet
  facet normal 0.994522 0.104526 0
    outer loop
      vertex -9.78148 -2.07912 70
      vertex -10 0 40
      vertex -10 0 70
    endloop
  endfacet
  facet normal 0.994522 0.104526 0
    outer loop
      vertex -10 0 40
      vertex -9.78148 -2.07912 70
      vertex -9.78148 -2.07912 40
    endloop
  endfacet
  facet normal -0.994522 -0.104526 0
    outer loop
      vertex -9.78148 -2.07912 -37.5
      vertex -10 0 -36.5
      vertex -10 0 -37.5
    endloop
  endfacet
  facet normal -0.994522 -0.104526 0
    outer loop
      vertex -10 0 -36.5
      vertex -9.78148 -2.07912 -37.5
      vertex -9.78148 -2.07912 -36.5
    endloop
  endfacet
  facet normal -0.994522 -0.104526 0
    outer loop
      vertex -9.78148 -2.07912 -29.5
      vertex -10 0 29.5
      vertex -10 0 -29.5
    endloop
  endfacet
  facet normal -0.994522 -0.104526 0
    outer loop
      vertex -10 0 29.5
      vertex -9.78148 -2.07912 -29.5
      vertex -9.78148 -2.07912 29.5
    endloop
  endfacet
  facet normal -0.994522 -0.104526 0
    outer loop
      vertex -9.78148 -2.07912 36.5
      vertex -10 0 37.5
      vertex -10 0 36.5
    endloop
  endfacet
  facet normal -0.994522 -0.104526 0
    outer loop
      vertex -10 0 37.5
      vertex -9.78148 -2.07912 36.5
      vertex -9.78148 -2.07912 37.5
    endloop
  endfacet
  facet normal 0.994522 -0.104526 0
    outer loop
      vertex -10 0 70
      vertex -9.78148 2.07912 40
      vertex -9.78148 2.07912 70
    endloop
  endfacet
  facet normal 0.994522 -0.104526 0
    outer loop
      vertex -9.78148 2.07912 40
      vertex -10 0 70
      vertex -10 0 40
    endloop
  endfacet
  facet normal -0.994522 0.104526 0
    outer loop
      vertex -10 0 -37.5
      vertex -9.78148 2.07912 -36.5
      vertex -9.78148 2.07912 -37.5
    endloop
  endfacet
  facet normal -0.994522 0.104526 0
    outer loop
      vertex -9.78148 2.07912 -36.5
      vertex -10 0 -37.5
      vertex -10 0 -36.5
    endloop
  endfacet
  facet normal -0.994522 0.104526 0
    outer loop
      vertex -10 0 -29.5
      vertex -9.78148 2.07912 29.5
      vertex -9.78148 2.07912 -29.5
    endloop
  endfacet
  facet normal -0.994522 0.104526 0
    outer loop
      vertex -9.78148 2.07912 29.5
      vertex -10 0 -29.5
      vertex -10 0 29.5
    endloop
  endfacet
  facet normal -0.994522 0.104526 0
    outer loop
      vertex -10 0 36.5
      vertex -9.78148 2.07912 37.5
      vertex -9.78148 2.07912 36.5
    endloop
  endfacet
  facet normal -0.994522 0.104526 0
    outer loop
      vertex -9.78148 2.07912 37.5
      vertex -10 0 36.5
      vertex -10 0 37.5
    endloop
  endfacet
  facet normal 0.994522 -0.104526 0
    outer loop
      vertex -10 0 -40
      vertex -9.78148 2.07912 -70
      vertex -9.78148 2.07912 -40
    endloop
  endfacet
  facet normal 0.994522 -0.104526 0
    outer loop
      vertex -9.78148 2.07912 -70
      vertex -10 0 -40
      vertex -10 0 -70
    endloop
  endfacet
  facet normal 0.866026 0.5 0
    outer loop
      vertex -8.09017 -5.87785 -40
      vertex -9.13545 -4.06737 -70
      vertex -9.13545 -4.06737 -40
    endloop
  endfacet
  facet normal 0.866026 0.5 0
    outer loop
      vertex -9.13545 -4.06737 -70
      vertex -8.09017 -5.87785 -40
      vertex -8.09017 -5.87785 -70
    endloop
  endfacet
  facet normal 0.866026 0.5 0
    outer loop
      vertex -8.09017 -5.87785 70
      vertex -9.13545 -4.06737 40
      vertex -9.13545 -4.06737 70
    endloop
  endfacet
  facet normal 0.866026 0.5 0
    outer loop
      vertex -9.13545 -4.06737 40
      vertex -8.09017 -5.87785 70
      vertex -8.09017 -5.87785 40
    endloop
  endfacet
  facet normal -0.866026 -0.5 0
    outer loop
      vertex -8.09017 -5.87785 -37.5
      vertex -9.13545 -4.06737 -36.5
      vertex -9.13545 -4.06737 -37.5
    endloop
  endfacet
  facet normal -0.866026 -0.5 0
    outer loop
      vertex -9.13545 -4.06737 -36.5
      vertex -8.09017 -5.87785 -37.5
      vertex -8.09017 -5.87785 -36.5
    endloop
  endfacet
  facet normal -0.866026 -0.5 0
    outer loop
      vertex -8.09017 -5.87785 -29.5
      vertex -9.13545 -4.06737 29.5
      vertex -9.13545 -4.06737 -29.5
    endloop
  endfacet
  facet normal -0.866026 -0.5 0
    outer loop
      vertex -9.13545 -4.06737 29.5
      vertex -8.09017 -5.87785 -29.5
      vertex -8.09017 -5.87785 29.5
    endloop
  endfacet
  facet normal -0.866026 -0.5 0
    outer loop
      vertex -8.09017 -5.87785 36.5
      vertex -9.13545 -4.06737 37.5
      vertex -9.13545 -4.06737 36.5
    endloop
  endfacet
  facet normal -0.866026 -0.5 0
    outer loop
      vertex -9.13545 -4.06737 37.5
      vertex -8.09017 -5.87785 36.5
      vertex -8.09017 -5.87785 37.5
    endloop
  endfacet
  facet normal 0.866026 -0.5 0
    outer loop
      vertex -9.13545 4.06737 70
      vertex -8.09017 5.87785 40
      vertex -8.09017 5.87785 70
    endloop
  endfacet
  facet normal 0.866026 -0.5 0
    outer loop
      vertex -8.09017 5.87785 40
      vertex -9.13545 4.06737 70
      vertex -9.13545 4.06737 40
    endloop
  endfacet
  facet normal -0.866026 0.5 0
    outer loop
      vertex -9.13545 4.06737 -37.5
      vertex -8.09017 5.87785 -36.5
      vertex -8.09017 5.87785 -37.5
    endloop
  endfacet
  facet normal -0.866026 0.5 0
    outer loop
      vertex -8.09017 5.87785 -36.5
      vertex -9.13545 4.06737 -37.5
      vertex -9.13545 4.06737 -36.5
    endloop
  endfacet
  facet normal -0.866026 0.5 0
    outer loop
      vertex -9.13545 4.06737 -29.5
      vertex -8.09017 5.87785 29.5
      vertex -8.09017 5.87785 -29.5
    endloop
  endfacet
  facet normal -0.866026 0.5 0
    outer loop
      vertex -8.09017 5.87785 29.5
      vertex -9.13545 4.06737 -29.5
      vertex -9.13545 4.06737 29.5
    endloop
  endfacet
  facet normal -0.866026 0.5 0
    outer loop
      vertex -9.13545 4.06737 36.5
      vertex -8.09017 5.87785 37.5
      vertex -8.09017 5.87785 36.5
    endloop
  endfacet
  facet normal -0.866026 0.5 0
    outer loop
      vertex -8.09017 5.87785 37.5
      vertex -9.13545 4.06737 36.5
      vertex -9.13545 4.06737 37.5
    endloop
  endfacet
  facet normal 0.866026 -0.5 0
    outer loop
      vertex -9.13545 4.06737 -40
      vertex -8.09017 5.87785 -70
      vertex -8.09017 5.87785 -40
    endloop
  endfacet
  facet normal 0.866026 -0.5 0
    outer loop
      vertex -8.09017 5.87785 -70
      vertex -9.13545 4.06737 -40
      vertex -9.13545 4.06737 -70
    endloop
  endfacet
  facet normal -0.866026 0.5 0
    outer loop
      vertex 8.09017 -5.87785 -70
      vertex 9.13545 -4.06737 -40
      vertex 9.13545 -4.06737 -70
    endloop
  endfacet
  facet normal -0.866026 0.5 0
    outer loop
      vertex 9.13545 -4.06737 -40
      vertex 8.09017 -5.87785 -70
      vertex 8.09017 -5.87785 -40
    endloop
  endfacet
  facet normal -0.866026 0.5 0
    outer loop
      vertex 8.09017 -5.87785 40
      vertex 9.13545 -4.06737 70
      vertex 9.13545 -4.06737 40
    endloop
  endfacet
  facet normal -0.866026 0.5 0
    outer loop
      vertex 9.13545 -4.06737 70
      vertex 8.09017 -5.87785 40
      vertex 8.09017 -5.87785 70
    endloop
  endfacet
  facet normal 0.866026 -0.5 0
    outer loop
      vertex 8.09017 -5.87785 -36.5
      vertex 9.13545 -4.06737 -37.5
      vertex 9.13545 -4.06737 -36.5
    endloop
  endfacet
  facet normal 0.866026 -0.5 0
    outer loop
      vertex 9.13545 -4.06737 -37.5
      vertex 8.09017 -5.87785 -36.5
      vertex 8.09017 -5.87785 -37.5
    endloop
  endfacet
  facet normal 0.866026 -0.5 0
    outer loop
      vertex 8.09017 -5.87785 29.5
      vertex 9.13545 -4.06737 -29.5
      vertex 9.13545 -4.06737 29.5
    endloop
  endfacet
  facet normal 0.866026 -0.5 0
    outer loop
      vertex 9.13545 -4.06737 -29.5
      vertex 8.09017 -5.87785 29.5
      vertex 8.09017 -5.87785 -29.5
    endloop
  endfacet
  facet normal 0.866026 -0.5 0
    outer loop
      vertex 8.09017 -5.87785 37.5
      vertex 9.13545 -4.06737 36.5
      vertex 9.13545 -4.06737 37.5
    endloop
  endfacet
  facet normal 0.866026 -0.5 0
    outer loop
      vertex 9.13545 -4.06737 36.5
      vertex 8.09017 -5.87785 37.5
      vertex 8.09017 -5.87785 36.5
    endloop
  endfacet
  facet normal -0.587783 -0.809019 0
    outer loop
      vertex 5 8.66025 40
      vertex 6.69131 7.43145 70
      vertex 5 8.66025 70
    endloop
  endfacet
  facet normal -0.587783 -0.809019 -0
    outer loop
      vertex 6.69131 7.43145 70
      vertex 5 8.66025 40
      vertex 6.69131 7.43145 40
    endloop
  endfacet
  facet normal 0.587783 0.809019 -0
    outer loop
      vertex 6.69131 7.43145 -37.5
      vertex 5 8.66025 -36.5
      vertex 6.69131 7.43145 -36.5
    endloop
  endfacet
  facet normal 0.587783 0.809019 0
    outer loop
      vertex 5 8.66025 -36.5
      vertex 6.69131 7.43145 -37.5
      vertex 5 8.66025 -37.5
    endloop
  endfacet
  facet normal 0.587783 0.809019 -0
    outer loop
      vertex 6.69131 7.43145 -29.5
      vertex 5 8.66025 29.5
      vertex 6.69131 7.43145 29.5
    endloop
  endfacet
  facet normal 0.587783 0.809019 0
    outer loop
      vertex 5 8.66025 29.5
      vertex 6.69131 7.43145 -29.5
      vertex 5 8.66025 -29.5
    endloop
  endfacet
  facet normal 0.587783 0.809019 -0
    outer loop
      vertex 6.69131 7.43145 36.5
      vertex 5 8.66025 37.5
      vertex 6.69131 7.43145 37.5
    endloop
  endfacet
  facet normal 0.587783 0.809019 0
    outer loop
      vertex 5 8.66025 37.5
      vertex 6.69131 7.43145 36.5
      vertex 5 8.66025 36.5
    endloop
  endfacet
  facet normal -0.587783 -0.809019 0
    outer loop
      vertex 5 8.66025 -70
      vertex 6.69131 7.43145 -40
      vertex 5 8.66025 -40
    endloop
  endfacet
  facet normal -0.587783 -0.809019 -0
    outer loop
      vertex 6.69131 7.43145 -40
      vertex 5 8.66025 -70
      vertex 6.69131 7.43145 -70
    endloop
  endfacet
  facet normal 0.207914 -0.978147 0
    outer loop
      vertex -3.09017 9.51056 40
      vertex -1.04528 9.94522 70
      vertex -3.09017 9.51056 70
    endloop
  endfacet
  facet normal 0.207914 -0.978147 0
    outer loop
      vertex -1.04528 9.94522 70
      vertex -3.09017 9.51056 40
      vertex -1.04528 9.94522 40
    endloop
  endfacet
  facet normal -0.207914 0.978147 0
    outer loop
      vertex -1.04528 9.94522 -37.5
      vertex -3.09017 9.51056 -36.5
      vertex -1.04528 9.94522 -36.5
    endloop
  endfacet
  facet normal -0.207914 0.978147 0
    outer loop
      vertex -3.09017 9.51056 -36.5
      vertex -1.04528 9.94522 -37.5
      vertex -3.09017 9.51056 -37.5
    endloop
  endfacet
  facet normal -0.207914 0.978147 0
    outer loop
      vertex -1.04528 9.94522 -29.5
      vertex -3.09017 9.51056 29.5
      vertex -1.04528 9.94522 29.5
    endloop
  endfacet
  facet normal -0.207914 0.978147 0
    outer loop
      vertex -3.09017 9.51056 29.5
      vertex -1.04528 9.94522 -29.5
      vertex -3.09017 9.51056 -29.5
    endloop
  endfacet
  facet normal -0.207914 0.978147 0
    outer loop
      vertex -1.04528 9.94522 36.5
      vertex -3.09017 9.51056 37.5
      vertex -1.04528 9.94522 37.5
    endloop
  endfacet
  facet normal -0.207914 0.978147 0
    outer loop
      vertex -3.09017 9.51056 37.5
      vertex -1.04528 9.94522 36.5
      vertex -3.09017 9.51056 36.5
    endloop
  endfacet
  facet normal 0.207914 -0.978147 0
    outer loop
      vertex -3.09017 9.51056 -70
      vertex -1.04528 9.94522 -40
      vertex -3.09017 9.51056 -40
    endloop
  endfacet
  facet normal 0.207914 -0.978147 0
    outer loop
      vertex -1.04528 9.94522 -40
      vertex -3.09017 9.51056 -70
      vertex -1.04528 9.94522 -70
    endloop
  endfacet
  facet normal 0 1 -0
    outer loop
      vertex 1.04528 -9.94522 -70
      vertex -1.04528 -9.94522 -40
      vertex 1.04528 -9.94522 -40
    endloop
  endfacet
  facet normal 0 1 0
    outer loop
      vertex -1.04528 -9.94522 -40
      vertex 1.04528 -9.94522 -70
      vertex -1.04528 -9.94522 -70
    endloop
  endfacet
  facet normal 0 1 -0
    outer loop
      vertex 1.04528 -9.94522 40
      vertex -1.04528 -9.94522 70
      vertex 1.04528 -9.94522 70
    endloop
  endfacet
  facet normal 0 1 0
    outer loop
      vertex -1.04528 -9.94522 70
      vertex 1.04528 -9.94522 40
      vertex -1.04528 -9.94522 40
    endloop
  endfacet
  facet normal 0 -1 0
    outer loop
      vertex -1.04528 -9.94522 -37.5
      vertex 1.04528 -9.94522 -36.5
      vertex -1.04528 -9.94522 -36.5
    endloop
  endfacet
  facet normal 0 -1 -0
    outer loop
      vertex 1.04528 -9.94522 -36.5
      vertex -1.04528 -9.94522 -37.5
      vertex 1.04528 -9.94522 -37.5
    endloop
  endfacet
  facet normal 0 -1 0
    outer loop
      vertex -1.04528 -9.94522 -29.5
      vertex 1.04528 -9.94522 29.5
      vertex -1.04528 -9.94522 29.5
    endloop
  endfacet
  facet normal 0 -1 -0
    outer loop
      vertex 1.04528 -9.94522 29.5
      vertex -1.04528 -9.94522 -29.5
      vertex 1.04528 -9.94522 -29.5
    endloop
  endfacet
  facet normal 0 -1 0
    outer loop
      vertex -1.04528 -9.94522 36.5
      vertex 1.04528 -9.94522 37.5
      vertex -1.04528 -9.94522 37.5
    endloop
  endfacet
  facet normal 0 -1 -0
    outer loop
      vertex 1.04528 -9.94522 37.5
      vertex -1.04528 -9.94522 36.5
      vertex 1.04528 -9.94522 36.5
    endloop
  endfacet
  facet normal 0.382676 0.923883 -0
    outer loop
      vertex 26.7678 1.76777 36.5
      vertex 25 2.5 37.5
      vertex 26.7678 1.76777 37.5
    endloop
  endfacet
  facet normal 0.382676 0.923883 0
    outer loop
      vertex 25 2.5 37.5
      vertex 26.7678 1.76777 36.5
      vertex 25 2.5 36.5
    endloop
  endfacet
  facet normal 0.382676 0.923883 -0
    outer loop
      vertex 26.7678 1.76777 42.5
      vertex 25 2.5 50
      vertex 26.7678 1.76777 50
    endloop
  endfacet
  facet normal 0.382676 0.923883 0
    outer loop
      vertex 25 2.5 50
      vertex 26.7678 1.76777 42.5
      vertex 25 2.5 42.5
    endloop
  endfacet
  facet normal -0.382676 -0.923883 0
    outer loop
      vertex 25 2.5 29.5
      vertex 26.7678 1.76777 30
      vertex 25 2.5 30
    endloop
  endfacet
  facet normal -0.382676 -0.923883 -0
    outer loop
      vertex 26.7678 1.76777 30
      vertex 25 2.5 29.5
      vertex 26.7678 1.76777 29.5
    endloop
  endfacet
  facet normal 0.923886 0.382668 0
    outer loop
      vertex 27.5 0 37.5
      vertex 26.7678 1.76777 36.5
      vertex 26.7678 1.76777 37.5
    endloop
  endfacet
  facet normal 0.923886 0.382668 0
    outer loop
      vertex 26.7678 1.76777 36.5
      vertex 27.5 0 37.5
      vertex 27.5 0 36.5
    endloop
  endfacet
  facet normal 0.923886 0.382668 0
    outer loop
      vertex 27.5 0 50
      vertex 26.7678 1.76777 42.5
      vertex 26.7678 1.76777 50
    endloop
  endfacet
  facet normal 0.923886 0.382668 0
    outer loop
      vertex 26.7678 1.76777 42.5
      vertex 27.5 0 50
      vertex 27.5 0 42.5
    endloop
  endfacet
  facet normal -0.923886 -0.382668 0
    outer loop
      vertex 27.5 0 29.5
      vertex 26.7678 1.76777 30
      vertex 26.7678 1.76777 29.5
    endloop
  endfacet
  facet normal -0.923886 -0.382668 0
    outer loop
      vertex 26.7678 1.76777 30
      vertex 27.5 0 29.5
      vertex 27.5 0 30
    endloop
  endfacet
  facet normal 0.923886 -0.382668 0
    outer loop
      vertex 26.7678 -1.76777 37.5
      vertex 27.5 0 36.5
      vertex 27.5 0 37.5
    endloop
  endfacet
  facet normal 0.923886 -0.382668 0
    outer loop
      vertex 27.5 0 36.5
      vertex 26.7678 -1.76777 37.5
      vertex 26.7678 -1.76777 36.5
    endloop
  endfacet
  facet normal 0.923886 -0.382668 0
    outer loop
      vertex 26.7678 -1.76777 50
      vertex 27.5 0 42.5
      vertex 27.5 0 50
    endloop
  endfacet
  facet normal 0.923886 -0.382668 0
    outer loop
      vertex 27.5 0 42.5
      vertex 26.7678 -1.76777 50
      vertex 26.7678 -1.76777 42.5
    endloop
  endfacet
  facet normal -0.923886 0.382668 0
    outer loop
      vertex 26.7678 -1.76777 29.5
      vertex 27.5 0 30
      vertex 27.5 0 29.5
    endloop
  endfacet
  facet normal -0.923886 0.382668 0
    outer loop
      vertex 27.5 0 30
      vertex 26.7678 -1.76777 29.5
      vertex 26.7678 -1.76777 30
    endloop
  endfacet
  facet normal 0.382676 -0.923883 0
    outer loop
      vertex 25 -2.5 36.5
      vertex 26.7678 -1.76777 37.5
      vertex 25 -2.5 37.5
    endloop
  endfacet
  facet normal 0.382676 -0.923883 0
    outer loop
      vertex 26.7678 -1.76777 37.5
      vertex 25 -2.5 36.5
      vertex 26.7678 -1.76777 36.5
    endloop
  endfacet
  facet normal 0.382676 -0.923883 0
    outer loop
      vertex 25 -2.5 42.5
      vertex 26.7678 -1.76777 50
      vertex 25 -2.5 50
    endloop
  endfacet
  facet normal 0.382676 -0.923883 0
    outer loop
      vertex 26.7678 -1.76777 50
      vertex 25 -2.5 42.5
      vertex 26.7678 -1.76777 42.5
    endloop
  endfacet
  facet normal -0.382676 0.923883 0
    outer loop
      vertex 26.7678 -1.76777 29.5
      vertex 25 -2.5 30
      vertex 26.7678 -1.76777 30
    endloop
  endfacet
  facet normal -0.382676 0.923883 0
    outer loop
      vertex 25 -2.5 30
      vertex 26.7678 -1.76777 29.5
      vertex 25 -2.5 29.5
    endloop
  endfacet
  facet normal 0.382663 0.923888 -0
    outer loop
      vertex 14.2678 23.4184 36.5
      vertex 12.5 24.1506 37.5
      vertex 14.2678 23.4184 37.5
    endloop
  endfacet
  facet normal 0.382663 0.923888 0
    outer loop
      vertex 12.5 24.1506 37.5
      vertex 14.2678 23.4184 36.5
      vertex 12.5 24.1506 36.5
    endloop
  endfacet
  facet normal 0.382663 0.923888 -0
    outer loop
      vertex 14.2678 23.4184 42.5
      vertex 12.5 24.1506 50
      vertex 14.2678 23.4184 50
    endloop
  endfacet
  facet normal 0.382663 0.923888 0
    outer loop
      vertex 12.5 24.1506 50
      vertex 14.2678 23.4184 42.5
      vertex 12.5 24.1506 42.5
    endloop
  endfacet
  facet normal -0.382663 -0.923888 0
    outer loop
      vertex 12.5 24.1506 29.5
      vertex 14.2678 23.4184 30
      vertex 12.5 24.1506 30
    endloop
  endfacet
  facet normal -0.382663 -0.923888 -0
    outer loop
      vertex 14.2678 23.4184 30
      vertex 12.5 24.1506 29.5
      vertex 14.2678 23.4184 29.5
    endloop
  endfacet
  facet normal 0.923888 0.382663 0
    outer loop
      vertex 15 21.6506 37.5
      vertex 14.2678 23.4184 36.5
      vertex 14.2678 23.4184 37.5
    endloop
  endfacet
  facet normal 0.923888 0.382663 0
    outer loop
      vertex 14.2678 23.4184 36.5
      vertex 15 21.6506 37.5
      vertex 15 21.6506 36.5
    endloop
  endfacet
  facet normal 0.923888 0.382663 0
    outer loop
      vertex 15 21.6506 50
      vertex 14.2678 23.4184 42.5
      vertex 14.2678 23.4184 50
    endloop
  endfacet
  facet normal 0.923888 0.382663 0
    outer loop
      vertex 14.2678 23.4184 42.5
      vertex 15 21.6506 50
      vertex 15 21.6506 42.5
    endloop
  endfacet
  facet normal -0.923888 -0.382663 0
    outer loop
      vertex 15 21.6506 29.5
      vertex 14.2678 23.4184 30
      vertex 14.2678 23.4184 29.5
    endloop
  endfacet
  facet normal -0.923888 -0.382663 0
    outer loop
      vertex 14.2678 23.4184 30
      vertex 15 21.6506 29.5
      vertex 15 21.6506 30
    endloop
  endfacet
  facet normal -0.382663 0.923888 0
    outer loop
      vertex 12.5 24.1506 36.5
      vertex 10.7322 23.4184 37.5
      vertex 12.5 24.1506 37.5
    endloop
  endfacet
  facet normal -0.382663 0.923888 0
    outer loop
      vertex 10.7322 23.4184 37.5
      vertex 12.5 24.1506 36.5
      vertex 10.7322 23.4184 36.5
    endloop
  endfacet
  facet normal -0.382663 0.923888 0
    outer loop
      vertex 12.5 24.1506 42.5
      vertex 10.7322 23.4184 50
      vertex 12.5 24.1506 50
    endloop
  endfacet
  facet normal -0.382663 0.923888 0
    outer loop
      vertex 10.7322 23.4184 50
      vertex 12.5 24.1506 42.5
      vertex 10.7322 23.4184 42.5
    endloop
  endfacet
  facet normal 0.382663 -0.923888 0
    outer loop
      vertex 10.7322 23.4184 29.5
      vertex 12.5 24.1506 30
      vertex 10.7322 23.4184 30
    endloop
  endfacet
  facet normal 0.382663 -0.923888 0
    outer loop
      vertex 12.5 24.1506 30
      vertex 10.7322 23.4184 29.5
      vertex 12.5 24.1506 29.5
    endloop
  endfacet
  facet normal 0.382663 0.923888 -0
    outer loop
      vertex -10.7322 23.4184 36.5
      vertex -12.5 24.1506 37.5
      vertex -10.7322 23.4184 37.5
    endloop
  endfacet
  facet normal 0.382663 0.923888 0
    outer loop
      vertex -12.5 24.1506 37.5
      vertex -10.7322 23.4184 36.5
      vertex -12.5 24.1506 36.5
    endloop
  endfacet
  facet normal 0.382663 0.923888 -0
    outer loop
      vertex -10.7322 23.4184 42.5
      vertex -12.5 24.1506 50
      vertex -10.7322 23.4184 50
    endloop
  endfacet
  facet normal 0.382663 0.923888 0
    outer loop
      vertex -12.5 24.1506 50
      vertex -10.7322 23.4184 42.5
      vertex -12.5 24.1506 42.5
    endloop
  endfacet
  facet normal -0.382663 -0.923888 0
    outer loop
      vertex -12.5 24.1506 29.5
      vertex -10.7322 23.4184 30
      vertex -12.5 24.1506 30
    endloop
  endfacet
  facet normal -0.382663 -0.923888 -0
    outer loop
      vertex -10.7322 23.4184 30
      vertex -12.5 24.1506 29.5
      vertex -10.7322 23.4184 29.5
    endloop
  endfacet
  facet normal -0.923888 0.382663 0
    outer loop
      vertex -15 21.6506 36.5
      vertex -14.2678 23.4184 37.5
      vertex -14.2678 23.4184 36.5
    endloop
  endfacet
  facet normal -0.923888 0.382663 0
    outer loop
      vertex -14.2678 23.4184 37.5
      vertex -15 21.6506 36.5
      vertex -15 21.6506 37.5
    endloop
  endfacet
  facet normal -0.923888 0.382663 0
    outer loop
      vertex -15 21.6506 42.5
      vertex -14.2678 23.4184 50
      vertex -14.2678 23.4184 42.5
    endloop
  endfacet
  facet normal -0.923888 0.382663 0
    outer loop
      vertex -14.2678 23.4184 50
      vertex -15 21.6506 42.5
      vertex -15 21.6506 50
    endloop
  endfacet
  facet normal 0.923888 -0.382663 0
    outer loop
      vertex -15 21.6506 30
      vertex -14.2678 23.4184 29.5
      vertex -14.2678 23.4184 30
    endloop
  endfacet
  facet normal 0.923888 -0.382663 0
    outer loop
      vertex -14.2678 23.4184 29.5
      vertex -15 21.6506 30
      vertex -15 21.6506 29.5
    endloop
  endfacet
  facet normal -0.382663 0.923888 0
    outer loop
      vertex -12.5 24.1506 36.5
      vertex -14.2678 23.4184 37.5
      vertex -12.5 24.1506 37.5
    endloop
  endfacet
  facet normal -0.382663 0.923888 0
    outer loop
      vertex -14.2678 23.4184 37.5
      vertex -12.5 24.1506 36.5
      vertex -14.2678 23.4184 36.5
    endloop
  endfacet
  facet normal -0.382663 0.923888 0
    outer loop
      vertex -12.5 24.1506 42.5
      vertex -14.2678 23.4184 50
      vertex -12.5 24.1506 50
    endloop
  endfacet
  facet normal -0.382663 0.923888 0
    outer loop
      vertex -14.2678 23.4184 50
      vertex -12.5 24.1506 42.5
      vertex -14.2678 23.4184 42.5
    endloop
  endfacet
  facet normal 0.382663 -0.923888 0
    outer loop
      vertex -14.2678 23.4184 29.5
      vertex -12.5 24.1506 30
      vertex -14.2678 23.4184 30
    endloop
  endfacet
  facet normal 0.382663 -0.923888 0
    outer loop
      vertex -12.5 24.1506 30
      vertex -14.2678 23.4184 29.5
      vertex -12.5 24.1506 29.5
    endloop
  endfacet
  facet normal -0.923886 -0.382668 0
    outer loop
      vertex -26.7678 -1.76777 36.5
      vertex -27.5 0 37.5
      vertex -27.5 0 36.5
    endloop
  endfacet
  facet normal -0.923886 -0.382668 0
    outer loop
      vertex -27.5 0 37.5
      vertex -26.7678 -1.76777 36.5
      vertex -26.7678 -1.76777 37.5
    endloop
  endfacet
  facet normal -0.923886 -0.382668 0
    outer loop
      vertex -26.7678 -1.76777 42.5
      vertex -27.5 0 50
      vertex -27.5 0 42.5
    endloop
  endfacet
  facet normal -0.923886 -0.382668 0
    outer loop
      vertex -27.5 0 50
      vertex -26.7678 -1.76777 42.5
      vertex -26.7678 -1.76777 50
    endloop
  endfacet
  facet normal 0.923886 0.382668 0
    outer loop
      vertex -26.7678 -1.76777 30
      vertex -27.5 0 29.5
      vertex -27.5 0 30
    endloop
  endfacet
  facet normal 0.923886 0.382668 0
    outer loop
      vertex -27.5 0 29.5
      vertex -26.7678 -1.76777 30
      vertex -26.7678 -1.76777 29.5
    endloop
  endfacet
  facet normal -0.382676 -0.923883 0
    outer loop
      vertex -26.7678 -1.76777 36.5
      vertex -25 -2.5 37.5
      vertex -26.7678 -1.76777 37.5
    endloop
  endfacet
  facet normal -0.382676 -0.923883 -0
    outer loop
      vertex -25 -2.5 37.5
      vertex -26.7678 -1.76777 36.5
      vertex -25 -2.5 36.5
    endloop
  endfacet
  facet normal -0.382676 -0.923883 0
    outer loop
      vertex -26.7678 -1.76777 42.5
      vertex -25 -2.5 50
      vertex -26.7678 -1.76777 50
    endloop
  endfacet
  facet normal -0.382676 -0.923883 -0
    outer loop
      vertex -25 -2.5 50
      vertex -26.7678 -1.76777 42.5
      vertex -25 -2.5 42.5
    endloop
  endfacet
  facet normal 0.382676 0.923883 -0
    outer loop
      vertex -25 -2.5 29.5
      vertex -26.7678 -1.76777 30
      vertex -25 -2.5 30
    endloop
  endfacet
  facet normal 0.382676 0.923883 0
    outer loop
      vertex -26.7678 -1.76777 30
      vertex -25 -2.5 29.5
      vertex -26.7678 -1.76777 29.5
    endloop
  endfacet
  facet normal -0.923886 0.382668 0
    outer loop
      vertex -27.5 0 36.5
      vertex -26.7678 1.76777 37.5
      vertex -26.7678 1.76777 36.5
    endloop
  endfacet
  facet normal -0.923886 0.382668 0
    outer loop
      vertex -26.7678 1.76777 37.5
      vertex -27.5 0 36.5
      vertex -27.5 0 37.5
    endloop
  endfacet
  facet normal -0.923886 0.382668 0
    outer loop
      vertex -27.5 0 42.5
      vertex -26.7678 1.76777 50
      vertex -26.7678 1.76777 42.5
    endloop
  endfacet
  facet normal -0.923886 0.382668 0
    outer loop
      vertex -26.7678 1.76777 50
      vertex -27.5 0 42.5
      vertex -27.5 0 50
    endloop
  endfacet
  facet normal 0.923886 -0.382668 0
    outer loop
      vertex -27.5 0 30
      vertex -26.7678 1.76777 29.5
      vertex -26.7678 1.76777 30
    endloop
  endfacet
  facet normal 0.923886 -0.382668 0
    outer loop
      vertex -26.7678 1.76777 29.5
      vertex -27.5 0 30
      vertex -27.5 0 29.5
    endloop
  endfacet
  facet normal -0.382676 0.923883 0
    outer loop
      vertex -25 2.5 36.5
      vertex -26.7678 1.76777 37.5
      vertex -25 2.5 37.5
    endloop
  endfacet
  facet normal -0.382676 0.923883 0
    outer loop
      vertex -26.7678 1.76777 37.5
      vertex -25 2.5 36.5
      vertex -26.7678 1.76777 36.5
    endloop
  endfacet
  facet normal -0.382676 0.923883 0
    outer loop
      vertex -25 2.5 42.5
      vertex -26.7678 1.76777 50
      vertex -25 2.5 50
    endloop
  endfacet
  facet normal -0.382676 0.923883 0
    outer loop
      vertex -26.7678 1.76777 50
      vertex -25 2.5 42.5
      vertex -26.7678 1.76777 42.5
    endloop
  endfacet
  facet normal 0.382676 -0.923883 0
    outer loop
      vertex -26.7678 1.76777 29.5
      vertex -25 2.5 30
      vertex -26.7678 1.76777 30
    endloop
  endfacet
  facet normal 0.382676 -0.923883 0
    outer loop
      vertex -25 2.5 30
      vertex -26.7678 1.76777 29.5
      vertex -25 2.5 29.5
    endloop
  endfacet
  facet normal -0.923888 -0.382663 0
    outer loop
      vertex -14.2678 -23.4184 36.5
      vertex -15 -21.6506 37.5
      vertex -15 -21.6506 36.5
    endloop
  endfacet
  facet normal -0.923888 -0.382663 0
    outer loop
      vertex -15 -21.6506 37.5
      vertex -14.2678 -23.4184 36.5
      vertex -14.2678 -23.4184 37.5
    endloop
  endfacet
  facet normal -0.923888 -0.382663 0
    outer loop
      vertex -14.2678 -23.4184 42.5
      vertex -15 -21.6506 50
      vertex -15 -21.6506 42.5
    endloop
  endfacet
  facet normal -0.923888 -0.382663 0
    outer loop
      vertex -15 -21.6506 50
      vertex -14.2678 -23.4184 42.5
      vertex -14.2678 -23.4184 50
    endloop
  endfacet
  facet normal 0.923888 0.382663 0
    outer loop
      vertex -14.2678 -23.4184 30
      vertex -15 -21.6506 29.5
      vertex -15 -21.6506 30
    endloop
  endfacet
  facet normal 0.923888 0.382663 0
    outer loop
      vertex -15 -21.6506 29.5
      vertex -14.2678 -23.4184 30
      vertex -14.2678 -23.4184 29.5
    endloop
  endfacet
  facet normal 0.382663 -0.923888 0
    outer loop
      vertex -12.5 -24.1506 36.5
      vertex -10.7322 -23.4184 37.5
      vertex -12.5 -24.1506 37.5
    endloop
  endfacet
  facet normal 0.382663 -0.923888 0
    outer loop
      vertex -10.7322 -23.4184 37.5
      vertex -12.5 -24.1506 36.5
      vertex -10.7322 -23.4184 36.5
    endloop
  endfacet
  facet normal 0.382663 -0.923888 0
    outer loop
      vertex -12.5 -24.1506 42.5
      vertex -10.7322 -23.4184 50
      vertex -12.5 -24.1506 50
    endloop
  endfacet
  facet normal 0.382663 -0.923888 0
    outer loop
      vertex -10.7322 -23.4184 50
      vertex -12.5 -24.1506 42.5
      vertex -10.7322 -23.4184 42.5
    endloop
  endfacet
  facet normal -0.382663 0.923888 0
    outer loop
      vertex -10.7322 -23.4184 29.5
      vertex -12.5 -24.1506 30
      vertex -10.7322 -23.4184 30
    endloop
  endfacet
  facet normal -0.382663 0.923888 0
    outer loop
      vertex -12.5 -24.1506 30
      vertex -10.7322 -23.4184 29.5
      vertex -12.5 -24.1506 29.5
    endloop
  endfacet
  facet normal -0.382663 -0.923888 0
    outer loop
      vertex -14.2678 -23.4184 36.5
      vertex -12.5 -24.1506 37.5
      vertex -14.2678 -23.4184 37.5
    endloop
  endfacet
  facet normal -0.382663 -0.923888 -0
    outer loop
      vertex -12.5 -24.1506 37.5
      vertex -14.2678 -23.4184 36.5
      vertex -12.5 -24.1506 36.5
    endloop
  endfacet
  facet normal -0.382663 -0.923888 0
    outer loop
      vertex -14.2678 -23.4184 42.5
      vertex -12.5 -24.1506 50
      vertex -14.2678 -23.4184 50
    endloop
  endfacet
  facet normal -0.382663 -0.923888 -0
    outer loop
      vertex -12.5 -24.1506 50
      vertex -14.2678 -23.4184 42.5
      vertex -12.5 -24.1506 42.5
    endloop
  endfacet
  facet normal 0.382663 0.923888 -0
    outer loop
      vertex -12.5 -24.1506 29.5
      vertex -14.2678 -23.4184 30
      vertex -12.5 -24.1506 30
    endloop
  endfacet
  facet normal 0.382663 0.923888 0
    outer loop
      vertex -14.2678 -23.4184 30
      vertex -12.5 -24.1506 29.5
      vertex -14.2678 -23.4184 29.5
    endloop
  endfacet
  facet normal 0.923888 -0.382663 0
    outer loop
      vertex 14.2678 -23.4184 37.5
      vertex 15 -21.6506 36.5
      vertex 15 -21.6506 37.5
    endloop
  endfacet
  facet normal 0.923888 -0.382663 0
    outer loop
      vertex 15 -21.6506 36.5
      vertex 14.2678 -23.4184 37.5
      vertex 14.2678 -23.4184 36.5
    endloop
  endfacet
  facet normal 0.923888 -0.382663 0
    outer loop
      vertex 14.2678 -23.4184 50
      vertex 15 -21.6506 42.5
      vertex 15 -21.6506 50
    endloop
  endfacet
  facet normal 0.923888 -0.382663 0
    outer loop
      vertex 15 -21.6506 42.5
      vertex 14.2678 -23.4184 50
      vertex 14.2678 -23.4184 42.5
    endloop
  endfacet
  facet normal -0.923888 0.382663 0
    outer loop
      vertex 14.2678 -23.4184 29.5
      vertex 15 -21.6506 30
      vertex 15 -21.6506 29.5
    endloop
  endfacet
  facet normal -0.923888 0.382663 0
    outer loop
      vertex 15 -21.6506 30
      vertex 14.2678 -23.4184 29.5
      vertex 14.2678 -23.4184 30
    endloop
  endfacet
  facet normal -0.382663 -0.923888 0
    outer loop
      vertex 10.7322 -23.4184 36.5
      vertex 12.5 -24.1506 37.5
      vertex 10.7322 -23.4184 37.5
    endloop
  endfacet
  facet normal -0.382663 -0.923888 -0
    outer loop
      vertex 12.5 -24.1506 37.5
      vertex 10.7322 -23.4184 36.5
      vertex 12.5 -24.1506 36.5
    endloop
  endfacet
  facet normal -0.382663 -0.923888 0
    outer loop
      vertex 10.7322 -23.4184 42.5
      vertex 12.5 -24.1506 50
      vertex 10.7322 -23.4184 50
    endloop
  endfacet
  facet normal -0.382663 -0.923888 -0
    outer loop
      vertex 12.5 -24.1506 50
      vertex 10.7322 -23.4184 42.5
      vertex 12.5 -24.1506 42.5
    endloop
  endfacet
  facet normal 0.382663 0.923888 -0
    outer loop
      vertex 12.5 -24.1506 29.5
      vertex 10.7322 -23.4184 30
      vertex 12.5 -24.1506 30
    endloop
  endfacet
  facet normal 0.382663 0.923888 0
    outer loop
      vertex 10.7322 -23.4184 30
      vertex 12.5 -24.1506 29.5
      vertex 10.7322 -23.4184 29.5
    endloop
  endfacet
  facet normal 0.382663 -0.923888 0
    outer loop
      vertex 12.5 -24.1506 36.5
      vertex 14.2678 -23.4184 37.5
      vertex 12.5 -24.1506 37.5
    endloop
  endfacet
  facet normal 0.382663 -0.923888 0
    outer loop
      vertex 14.2678 -23.4184 37.5
      vertex 12.5 -24.1506 36.5
      vertex 14.2678 -23.4184 36.5
    endloop
  endfacet
  facet normal 0.382663 -0.923888 0
    outer loop
      vertex 12.5 -24.1506 42.5
      vertex 14.2678 -23.4184 50
      vertex 12.5 -24.1506 50
    endloop
  endfacet
  facet normal 0.382663 -0.923888 0
    outer loop
      vertex 14.2678 -23.4184 50
      vertex 12.5 -24.1506 42.5
      vertex 14.2678 -23.4184 42.5
    endloop
  endfacet
  facet normal -0.382663 0.923888 0
    outer loop
      vertex 14.2678 -23.4184 29.5
      vertex 12.5 -24.1506 30
      vertex 14.2678 -23.4184 30
    endloop
  endfacet
  facet normal -0.382663 0.923888 0
    outer loop
      vertex 12.5 -24.1506 30
      vertex 14.2678 -23.4184 29.5
      vertex 12.5 -24.1506 29.5
    endloop
  endfacet
  facet normal -0.743138 -0.669138 0
    outer loop
      vertex -20.0739 -22.2943 37.5
      vertex -24.2705 -17.6336 42.5
      vertex -24.2705 -17.6336 37.5
    endloop
  endfacet
  facet normal -0.743138 -0.669138 0
    outer loop
      vertex -24.2705 -17.6336 42.5
      vertex -20.0739 -22.2943 37.5
      vertex -20.0739 -22.2943 42.5
    endloop
  endfacet
  facet normal 0.95106 0.309008 0
    outer loop
      vertex 29.3444 6.23735 42.5
      vertex 27.4064 12.2021 37.5
      vertex 27.4064 12.2021 42.5
    endloop
  endfacet
  facet normal 0.95106 0.309008 0
    outer loop
      vertex 27.4064 12.2021 37.5
      vertex 29.3444 6.23735 42.5
      vertex 29.3444 6.23735 37.5
    endloop
  endfacet
  facet normal 0.994521 0.104533 0
    outer loop
      vertex 30 0 42.5
      vertex 29.3444 6.23735 37.5
      vertex 29.3444 6.23735 42.5
    endloop
  endfacet
  facet normal 0.994521 0.104533 0
    outer loop
      vertex 29.3444 6.23735 37.5
      vertex 30 0 42.5
      vertex 30 0 37.5
    endloop
  endfacet
  facet normal 0.866024 0.500003 0
    outer loop
      vertex 27.4064 12.2021 42.5
      vertex 24.2705 17.6336 37.5
      vertex 24.2705 17.6336 42.5
    endloop
  endfacet
  facet normal 0.866024 0.500003 0
    outer loop
      vertex 24.2705 17.6336 37.5
      vertex 27.4064 12.2021 42.5
      vertex 27.4064 12.2021 37.5
    endloop
  endfacet
  facet normal 0.95106 -0.309008 0
    outer loop
      vertex 27.4064 -12.2021 42.5
      vertex 29.3444 -6.23735 37.5
      vertex 29.3444 -6.23735 42.5
    endloop
  endfacet
  facet normal 0.95106 -0.309008 0
    outer loop
      vertex 29.3444 -6.23735 37.5
      vertex 27.4064 -12.2021 42.5
      vertex 27.4064 -12.2021 37.5
    endloop
  endfacet
  facet normal 0.587795 -0.80901 0
    outer loop
      vertex 15 -25.9808 37.5
      vertex 20.0739 -22.2943 42.5
      vertex 15 -25.9808 42.5
    endloop
  endfacet
  facet normal 0.587795 -0.80901 0
    outer loop
      vertex 20.0739 -22.2943 42.5
      vertex 15 -25.9808 37.5
      vertex 20.0739 -22.2943 37.5
    endloop
  endfacet
  facet normal 0.743138 -0.669138 0
    outer loop
      vertex 20.0739 -22.2943 42.5
      vertex 24.2705 -17.6336 37.5
      vertex 24.2705 -17.6336 42.5
    endloop
  endfacet
  facet normal 0.743138 -0.669138 0
    outer loop
      vertex 24.2705 -17.6336 37.5
      vertex 20.0739 -22.2943 42.5
      vertex 20.0739 -22.2943 37.5
    endloop
  endfacet
  facet normal 0.994521 -0.104533 0
    outer loop
      vertex 29.3444 -6.23735 42.5
      vertex 30 0 37.5
      vertex 30 0 42.5
    endloop
  endfacet
  facet normal 0.994521 -0.104533 0
    outer loop
      vertex 30 0 37.5
      vertex 29.3444 -6.23735 42.5
      vertex 29.3444 -6.23735 37.5
    endloop
  endfacet
  facet normal -0.406732 -0.913547 0
    outer loop
      vertex -15 -25.9808 37.5
      vertex -9.27051 -28.5317 42.5
      vertex -15 -25.9808 42.5
    endloop
  endfacet
  facet normal -0.406732 -0.913547 -0
    outer loop
      vertex -9.27051 -28.5317 42.5
      vertex -15 -25.9808 37.5
      vertex -9.27051 -28.5317 37.5
    endloop
  endfacet
  facet normal 0.406732 0.913547 -0
    outer loop
      vertex 15 25.9808 37.5
      vertex 9.27051 28.5317 42.5
      vertex 15 25.9808 42.5
    endloop
  endfacet
  facet normal 0.406732 0.913547 0
    outer loop
      vertex 9.27051 28.5317 42.5
      vertex 15 25.9808 37.5
      vertex 9.27051 28.5317 37.5
    endloop
  endfacet
  facet normal 0.743138 0.669138 0
    outer loop
      vertex 24.2705 17.6336 42.5
      vertex 20.0739 22.2943 37.5
      vertex 20.0739 22.2943 42.5
    endloop
  endfacet
  facet normal 0.743138 0.669138 0
    outer loop
      vertex 20.0739 22.2943 37.5
      vertex 24.2705 17.6336 42.5
      vertex 24.2705 17.6336 37.5
    endloop
  endfacet
  facet normal -0.587795 -0.80901 0
    outer loop
      vertex -20.0739 -22.2943 37.5
      vertex -15 -25.9808 42.5
      vertex -20.0739 -22.2943 42.5
    endloop
  endfacet
  facet normal -0.587795 -0.80901 -0
    outer loop
      vertex -15 -25.9808 42.5
      vertex -20.0739 -22.2943 37.5
      vertex -15 -25.9808 37.5
    endloop
  endfacet
  facet normal -0.743138 0.669138 0
    outer loop
      vertex -24.2705 17.6336 37.5
      vertex -20.0739 22.2943 42.5
      vertex -20.0739 22.2943 37.5
    endloop
  endfacet
  facet normal -0.743138 0.669138 0
    outer loop
      vertex -20.0739 22.2943 42.5
      vertex -24.2705 17.6336 37.5
      vertex -24.2705 17.6336 42.5
    endloop
  endfacet
  facet normal 0 1 -0
    outer loop
      vertex 3.13585 29.8357 37.5
      vertex -3.13585 29.8357 42.5
      vertex 3.13585 29.8357 42.5
    endloop
  endfacet
  facet normal 0 1 0
    outer loop
      vertex -3.13585 29.8357 42.5
      vertex 3.13585 29.8357 37.5
      vertex -3.13585 29.8357 37.5
    endloop
  endfacet
  facet normal 0.406732 -0.913547 0
    outer loop
      vertex 9.27051 -28.5317 37.5
      vertex 15 -25.9808 42.5
      vertex 9.27051 -28.5317 42.5
    endloop
  endfacet
  facet normal 0.406732 -0.913547 0
    outer loop
      vertex 15 -25.9808 42.5
      vertex 9.27051 -28.5317 37.5
      vertex 15 -25.9808 37.5
    endloop
  endfacet
  facet normal 0.207917 -0.978146 0
    outer loop
      vertex 3.13585 -29.8357 37.5
      vertex 9.27051 -28.5317 42.5
      vertex 3.13585 -29.8357 42.5
    endloop
  endfacet
  facet normal 0.207917 -0.978146 0
    outer loop
      vertex 9.27051 -28.5317 42.5
      vertex 3.13585 -29.8357 37.5
      vertex 9.27051 -28.5317 37.5
    endloop
  endfacet
  facet normal -0.95106 0.309008 0
    outer loop
      vertex -29.3444 6.23735 37.5
      vertex -27.4064 12.2021 42.5
      vertex -27.4064 12.2021 37.5
    endloop
  endfacet
  facet normal -0.95106 0.309008 0
    outer loop
      vertex -27.4064 12.2021 42.5
      vertex -29.3444 6.23735 37.5
      vertex -29.3444 6.23735 42.5
    endloop
  endfacet
  facet normal 0 0 -1
    outer loop
      vertex -24.2705 17.6336 37.5
      vertex -14.2678 19.8829 37.5
      vertex -23.2322 1.76777 37.5
    endloop
  endfacet
  facet normal -0 0 -1
    outer loop
      vertex -14.2678 19.8829 37.5
      vertex -24.2705 17.6336 37.5
      vertex -20.0739 22.2943 37.5
    endloop
  endfacet
  facet normal 0 0 -1
    outer loop
      vertex -27.4064 12.2021 37.5
      vertex -23.2322 1.76777 37.5
      vertex -25 2.5 37.5
    endloop
  endfacet
  facet normal 0 0 -1
    outer loop
      vertex -29.3444 6.23735 37.5
      vertex -25 2.5 37.5
      vertex -26.7678 1.76777 37.5
    endloop
  endfacet
  facet normal 0 0 -1
    outer loop
      vertex -23.2322 1.76777 37.5
      vertex -27.4064 12.2021 37.5
      vertex -24.2705 17.6336 37.5
    endloop
  endfacet
  facet normal 0 0 -1
    outer loop
      vertex -30 0 37.5
      vertex -26.7678 1.76777 37.5
      vertex -27.5 0 37.5
    endloop
  endfacet
  facet normal 0 0 -1
    outer loop
      vertex -26.7678 -1.76777 37.5
      vertex -30 0 37.5
      vertex -27.5 0 37.5
    endloop
  endfacet
  facet normal 0 0 -1
    outer loop
      vertex -25 2.5 37.5
      vertex -29.3444 6.23735 37.5
      vertex -27.4064 12.2021 37.5
    endloop
  endfacet
  facet normal -0 0 -1
    outer loop
      vertex -26.7678 1.76777 37.5
      vertex -30 0 37.5
      vertex -29.3444 6.23735 37.5
    endloop
  endfacet
  facet normal 0 0 -1
    outer loop
      vertex -14.2678 -19.8829 37.5
      vertex -8.09017 -5.87785 37.5
      vertex -12.5 -19.1506 37.5
    endloop
  endfacet
  facet normal 0 0 -1
    outer loop
      vertex -8.09017 -5.87785 37.5
      vertex -23.2322 -1.76777 37.5
      vertex -9.13545 -4.06737 37.5
    endloop
  endfacet
  facet normal 0 0 -1
    outer loop
      vertex -9.13545 -4.06737 37.5
      vertex -23.2322 -1.76777 37.5
      vertex -9.78148 -2.07912 37.5
    endloop
  endfacet
  facet normal 0 0 -1
    outer loop
      vertex -10 0 37.5
      vertex -10.7322 19.8829 37.5
      vertex -10 21.6506 37.5
    endloop
  endfacet
  facet normal 0 -0 -1
    outer loop
      vertex -22.5 0 37.5
      vertex -9.78148 -2.07912 37.5
      vertex -23.2322 -1.76777 37.5
    endloop
  endfacet
  facet normal 0 0 -1
    outer loop
      vertex -23.2322 1.76777 37.5
      vertex -10 0 37.5
      vertex -22.5 0 37.5
    endloop
  endfacet
  facet normal -0 0 -1
    outer loop
      vertex -8.09017 -5.87785 37.5
      vertex -14.2678 -19.8829 37.5
      vertex -23.2322 -1.76777 37.5
    endloop
  endfacet
  facet normal 0 0 -1
    outer loop
      vertex -10 0 37.5
      vertex -12.5 19.1506 37.5
      vertex -10.7322 19.8829 37.5
    endloop
  endfacet
  facet normal 0 0 -1
    outer loop
      vertex -20.0739 -22.2943 37.5
      vertex -14.2678 -19.8829 37.5
      vertex -15 -21.6506 37.5
    endloop
  endfacet
  facet normal 0 0 -1
    outer loop
      vertex -10 0 37.5
      vertex -23.2322 1.76777 37.5
      vertex -12.5 19.1506 37.5
    endloop
  endfacet
  facet normal 0 -0 -1
    outer loop
      vertex 9.78148 -2.07912 37.5
      vertex 23.2322 -1.76777 37.5
      vertex 9.13545 -4.06737 37.5
    endloop
  endfacet
  facet normal 0 0 -1
    outer loop
      vertex 22.5 0 37.5
      vertex 14.2678 19.8829 37.5
      vertex 15 21.6506 37.5
    endloop
  endfacet
  facet normal 0 0 -1
    outer loop
      vertex 8.09017 -5.87785 37.5
      vertex 14.2678 -19.8829 37.5
      vertex 12.5 -19.1506 37.5
    endloop
  endfacet
  facet normal 0 0 -1
    outer loop
      vertex 9.78148 2.07912 37.5
      vertex 22.5 0 37.5
      vertex 10 0 37.5
    endloop
  endfacet
  facet normal 0 0 -1
    outer loop
      vertex 5 -8.66025 37.5
      vertex 12.5 -19.1506 37.5
      vertex 10.7322 -19.8829 37.5
    endloop
  endfacet
  facet normal 0 0 -1
    outer loop
      vertex 9.13545 4.06737 37.5
      vertex 22.5 0 37.5
      vertex 9.78148 2.07912 37.5
    endloop
  endfacet
  facet normal 0 0 -1
    outer loop
      vertex 1.04528 -9.94522 37.5
      vertex 10.7322 -19.8829 37.5
      vertex 10 -21.6506 37.5
    endloop
  endfacet
  facet normal 0 0 -1
    outer loop
      vertex 22.5 0 37.5
      vertex 9.13545 4.06737 37.5
      vertex 14.2678 19.8829 37.5
    endloop
  endfacet
  facet normal 0 0 -1
    outer loop
      vertex 8.09017 5.87785 37.5
      vertex 14.2678 19.8829 37.5
      vertex 9.13545 4.06737 37.5
    endloop
  endfacet
  facet normal 0 0 -1
    outer loop
      vertex 14.2678 19.8829 37.5
      vertex 8.09017 5.87785 37.5
      vertex 12.5 19.1506 37.5
    endloop
  endfacet
  facet normal -0 0 -1
    outer loop
      vertex 20.0739 -22.2943 37.5
      vertex 14.2678 -23.4184 37.5
      vertex 15 -21.6506 37.5
    endloop
  endfacet
  facet normal 0 0 -1
    outer loop
      vertex 15 -25.9808 37.5
      vertex 12.5 -24.1506 37.5
      vertex 14.2678 -23.4184 37.5
    endloop
  endfacet
  facet normal 0 0 -1
    outer loop
      vertex 9.27051 -28.5317 37.5
      vertex 12.5 -24.1506 37.5
      vertex 15 -25.9808 37.5
    endloop
  endfacet
  facet normal -0 0 -1
    outer loop
      vertex 22.5 0 37.5
      vertex 9.78148 -2.07912 37.5
      vertex 10 0 37.5
    endloop
  endfacet
  facet normal -0 0 -1
    outer loop
      vertex 12.5 -24.1506 37.5
      vertex 9.27051 -28.5317 37.5
      vertex 10.7322 -23.4184 37.5
    endloop
  endfacet
  facet normal 0 0 -1
    outer loop
      vertex 9.27051 -28.5317 37.5
      vertex 10 -21.6506 37.5
      vertex 10.7322 -23.4184 37.5
    endloop
  endfacet
  facet normal 0 0 -1
    outer loop
      vertex 3.13585 -29.8357 37.5
      vertex 10 -21.6506 37.5
      vertex 9.27051 -28.5317 37.5
    endloop
  endfacet
  facet normal -0 0 -1
    outer loop
      vertex 23.2322 -1.76777 37.5
      vertex 9.78148 -2.07912 37.5
      vertex 22.5 0 37.5
    endloop
  endfacet
  facet normal 0 0 -1
    outer loop
      vertex 14.2678 -19.8829 37.5
      vertex 8.09017 -5.87785 37.5
      vertex 9.13545 -4.06737 37.5
    endloop
  endfacet
  facet normal 0 0 -1
    outer loop
      vertex 12.5 -19.1506 37.5
      vertex 6.69131 -7.43145 37.5
      vertex 8.09017 -5.87785 37.5
    endloop
  endfacet
  facet normal 0 0 -1
    outer loop
      vertex 12.5 -19.1506 37.5
      vertex 5 -8.66025 37.5
      vertex 6.69131 -7.43145 37.5
    endloop
  endfacet
  facet normal 0 0 -1
    outer loop
      vertex -10 -21.6506 37.5
      vertex 10 -21.6506 37.5
      vertex 3.13585 -29.8357 37.5
    endloop
  endfacet
  facet normal 0 0 -1
    outer loop
      vertex 10.7322 -19.8829 37.5
      vertex 3.09017 -9.51056 37.5
      vertex 5 -8.66025 37.5
    endloop
  endfacet
  facet normal 0 0 -1
    outer loop
      vertex 10.7322 -19.8829 37.5
      vertex 1.04528 -9.94522 37.5
      vertex 3.09017 -9.51056 37.5
    endloop
  endfacet
  facet normal 0 0 -1
    outer loop
      vertex 10 -21.6506 37.5
      vertex -1.04528 -9.94522 37.5
      vertex 1.04528 -9.94522 37.5
    endloop
  endfacet
  facet normal 0 0 -1
    outer loop
      vertex 10 -21.6506 37.5
      vertex -10 -21.6506 37.5
      vertex -1.04528 -9.94522 37.5
    endloop
  endfacet
  facet normal 0 0 -1
    outer loop
      vertex -10 -21.6506 37.5
      vertex 3.13585 -29.8357 37.5
      vertex -3.13585 -29.8357 37.5
    endloop
  endfacet
  facet normal 0 0 -1
    outer loop
      vertex -10.7322 -19.8829 37.5
      vertex -1.04528 -9.94522 37.5
      vertex -10 -21.6506 37.5
    endloop
  endfacet
  facet normal -0 0 -1
    outer loop
      vertex -1.04528 -9.94522 37.5
      vertex -10.7322 -19.8829 37.5
      vertex -3.09017 -9.51056 37.5
    endloop
  endfacet
  facet normal -0 0 -1
    outer loop
      vertex -3.09017 -9.51056 37.5
      vertex -10.7322 -19.8829 37.5
      vertex -5 -8.66025 37.5
    endloop
  endfacet
  facet normal 0 0 -1
    outer loop
      vertex -12.5 -19.1506 37.5
      vertex -5 -8.66025 37.5
      vertex -10.7322 -19.8829 37.5
    endloop
  endfacet
  facet normal 0 0 -1
    outer loop
      vertex -10 -21.6506 37.5
      vertex -3.13585 -29.8357 37.5
      vertex -9.27051 -28.5317 37.5
    endloop
  endfacet
  facet normal -0 0 -1
    outer loop
      vertex -5 -8.66025 37.5
      vertex -12.5 -19.1506 37.5
      vertex -6.69131 -7.43145 37.5
    endloop
  endfacet
  facet normal -0 0 -1
    outer loop
      vertex -6.69131 -7.43145 37.5
      vertex -12.5 -19.1506 37.5
      vertex -8.09017 -5.87785 37.5
    endloop
  endfacet
  facet normal 0 0 -1
    outer loop
      vertex -9.27051 -28.5317 37.5
      vertex -10.7322 -23.4184 37.5
      vertex -10 -21.6506 37.5
    endloop
  endfacet
  facet normal 0 0 -1
    outer loop
      vertex -9.27051 -28.5317 37.5
      vertex -12.5 -24.1506 37.5
      vertex -10.7322 -23.4184 37.5
    endloop
  endfacet
  facet normal 0 0 -1
    outer loop
      vertex -15 -25.9808 37.5
      vertex -12.5 -24.1506 37.5
      vertex -9.27051 -28.5317 37.5
    endloop
  endfacet
  facet normal -0 0 -1
    outer loop
      vertex -12.5 -24.1506 37.5
      vertex -15 -25.9808 37.5
      vertex -14.2678 -23.4184 37.5
    endloop
  endfacet
  facet normal 0 0 -1
    outer loop
      vertex -20.0739 -22.2943 37.5
      vertex -14.2678 -23.4184 37.5
      vertex -15 -25.9808 37.5
    endloop
  endfacet
  facet normal 0 0 -1
    outer loop
      vertex -14.2678 -23.4184 37.5
      vertex -20.0739 -22.2943 37.5
      vertex -15 -21.6506 37.5
    endloop
  endfacet
  facet normal -0 0 -1
    outer loop
      vertex -12.5 19.1506 37.5
      vertex -23.2322 1.76777 37.5
      vertex -14.2678 19.8829 37.5
    endloop
  endfacet
  facet normal -0 0 -1
    outer loop
      vertex -14.2678 -19.8829 37.5
      vertex -20.0739 -22.2943 37.5
      vertex -24.2705 -17.6336 37.5
    endloop
  endfacet
  facet normal 0 0 -1
    outer loop
      vertex -14.2678 19.8829 37.5
      vertex -20.0739 22.2943 37.5
      vertex -15 21.6506 37.5
    endloop
  endfacet
  facet normal 0 0 -1
    outer loop
      vertex -15 21.6506 37.5
      vertex -20.0739 22.2943 37.5
      vertex -15 25.9808 37.5
    endloop
  endfacet
  facet normal 0 0 -1
    outer loop
      vertex -9.78148 -2.07912 37.5
      vertex -22.5 0 37.5
      vertex -10 0 37.5
    endloop
  endfacet
  facet normal 0 0 -1
    outer loop
      vertex -14.2678 -19.8829 37.5
      vertex -24.2705 -17.6336 37.5
      vertex -23.2322 -1.76777 37.5
    endloop
  endfacet
  facet normal 0 0 -1
    outer loop
      vertex -27.4064 -12.2021 37.5
      vertex -23.2322 -1.76777 37.5
      vertex -24.2705 -17.6336 37.5
    endloop
  endfacet
  facet normal 0 0 -1
    outer loop
      vertex -23.2322 -1.76777 37.5
      vertex -27.4064 -12.2021 37.5
      vertex -25 -2.5 37.5
    endloop
  endfacet
  facet normal 0 0 -1
    outer loop
      vertex -29.3444 -6.23735 37.5
      vertex -25 -2.5 37.5
      vertex -27.4064 -12.2021 37.5
    endloop
  endfacet
  facet normal -0 0 -1
    outer loop
      vertex -25 -2.5 37.5
      vertex -29.3444 -6.23735 37.5
      vertex -26.7678 -1.76777 37.5
    endloop
  endfacet
  facet normal 0 0 -1
    outer loop
      vertex -30 0 37.5
      vertex -26.7678 -1.76777 37.5
      vertex -29.3444 -6.23735 37.5
    endloop
  endfacet
  facet normal 0 0 -1
    outer loop
      vertex 26.7678 -1.76777 37.5
      vertex 30 0 37.5
      vertex 29.3444 -6.23735 37.5
    endloop
  endfacet
  facet normal 0 0 -1
    outer loop
      vertex 26.7678 1.76777 37.5
      vertex 30 0 37.5
      vertex 27.5 0 37.5
    endloop
  endfacet
  facet normal 0 0 -1
    outer loop
      vertex 25 -2.5 37.5
      vertex 29.3444 -6.23735 37.5
      vertex 27.4064 -12.2021 37.5
    endloop
  endfacet
  facet normal -0 0 -1
    outer loop
      vertex 30 0 37.5
      vertex 26.7678 -1.76777 37.5
      vertex 27.5 0 37.5
    endloop
  endfacet
  facet normal 0 0 -1
    outer loop
      vertex 29.3444 -6.23735 37.5
      vertex 25 -2.5 37.5
      vertex 26.7678 -1.76777 37.5
    endloop
  endfacet
  facet normal 0 0 -1
    outer loop
      vertex 23.2322 -1.76777 37.5
      vertex 27.4064 -12.2021 37.5
      vertex 24.2705 -17.6336 37.5
    endloop
  endfacet
  facet normal 0 0 -1
    outer loop
      vertex 27.4064 -12.2021 37.5
      vertex 23.2322 -1.76777 37.5
      vertex 25 -2.5 37.5
    endloop
  endfacet
  facet normal 0 0 -1
    outer loop
      vertex 20.0739 -22.2943 37.5
      vertex 14.2678 -19.8829 37.5
      vertex 24.2705 -17.6336 37.5
    endloop
  endfacet
  facet normal 0 0 -1
    outer loop
      vertex 14.2678 -19.8829 37.5
      vertex 20.0739 -22.2943 37.5
      vertex 15 -21.6506 37.5
    endloop
  endfacet
  facet normal 0 0 -1
    outer loop
      vertex 30 0 37.5
      vertex 26.7678 1.76777 37.5
      vertex 29.3444 6.23735 37.5
    endloop
  endfacet
  facet normal 0 0 -1
    outer loop
      vertex 25 2.5 37.5
      vertex 29.3444 6.23735 37.5
      vertex 26.7678 1.76777 37.5
    endloop
  endfacet
  facet normal -0 0 -1
    outer loop
      vertex 29.3444 6.23735 37.5
      vertex 25 2.5 37.5
      vertex 27.4064 12.2021 37.5
    endloop
  endfacet
  facet normal 0 0 -1
    outer loop
      vertex 23.2322 1.76777 37.5
      vertex 27.4064 12.2021 37.5
      vertex 25 2.5 37.5
    endloop
  endfacet
  facet normal -0 0 -1
    outer loop
      vertex 27.4064 12.2021 37.5
      vertex 23.2322 1.76777 37.5
      vertex 24.2705 17.6336 37.5
    endloop
  endfacet
  facet normal 0 0 -1
    outer loop
      vertex 15 21.6506 37.5
      vertex 23.2322 1.76777 37.5
      vertex 22.5 0 37.5
    endloop
  endfacet
  facet normal -0 0 -1
    outer loop
      vertex 24.2705 -17.6336 37.5
      vertex 14.2678 -19.8829 37.5
      vertex 23.2322 -1.76777 37.5
    endloop
  endfacet
  facet normal 0 0 -1
    outer loop
      vertex 9.13545 -4.06737 37.5
      vertex 23.2322 -1.76777 37.5
      vertex 14.2678 -19.8829 37.5
    endloop
  endfacet
  facet normal 0 0 -1
    outer loop
      vertex 14.2678 -23.4184 37.5
      vertex 20.0739 -22.2943 37.5
      vertex 15 -25.9808 37.5
    endloop
  endfacet
  facet normal 0 0 -1
    outer loop
      vertex 23.2322 1.76777 37.5
      vertex 15 21.6506 37.5
      vertex 24.2705 17.6336 37.5
    endloop
  endfacet
  facet normal 0 0 -1
    outer loop
      vertex 24.2705 17.6336 37.5
      vertex 15 21.6506 37.5
      vertex 20.0739 22.2943 37.5
    endloop
  endfacet
  facet normal 0 0 -1
    outer loop
      vertex 14.2678 23.4184 37.5
      vertex 20.0739 22.2943 37.5
      vertex 15 21.6506 37.5
    endloop
  endfacet
  facet normal 0 0 -1
    outer loop
      vertex 20.0739 22.2943 37.5
      vertex 14.2678 23.4184 37.5
      vertex 15 25.9808 37.5
    endloop
  endfacet
  facet normal 0 0 -1
    outer loop
      vertex 12.5 24.1506 37.5
      vertex 15 25.9808 37.5
      vertex 14.2678 23.4184 37.5
    endloop
  endfacet
  facet normal 0 0 -1
    outer loop
      vertex 9.27051 28.5317 37.5
      vertex 12.5 24.1506 37.5
      vertex 10.7322 23.4184 37.5
    endloop
  endfacet
  facet normal 0 0 -1
    outer loop
      vertex 12.5 24.1506 37.5
      vertex 9.27051 28.5317 37.5
      vertex 15 25.9808 37.5
    endloop
  endfacet
  facet normal 0 0 -1
    outer loop
      vertex 10 21.6506 37.5
      vertex 9.27051 28.5317 37.5
      vertex 10.7322 23.4184 37.5
    endloop
  endfacet
  facet normal 0 0 -1
    outer loop
      vertex 6.69131 7.43145 37.5
      vertex 12.5 19.1506 37.5
      vertex 8.09017 5.87785 37.5
    endloop
  endfacet
  facet normal 0 0 -1
    outer loop
      vertex 5 8.66025 37.5
      vertex 12.5 19.1506 37.5
      vertex 6.69131 7.43145 37.5
    endloop
  endfacet
  facet normal -0 0 -1
    outer loop
      vertex 12.5 19.1506 37.5
      vertex 5 8.66025 37.5
      vertex 10.7322 19.8829 37.5
    endloop
  endfacet
  facet normal 0 0 -1
    outer loop
      vertex 3.09017 9.51056 37.5
      vertex 10.7322 19.8829 37.5
      vertex 5 8.66025 37.5
    endloop
  endfacet
  facet normal 0 0 -1
    outer loop
      vertex 1.04528 9.94522 37.5
      vertex 10.7322 19.8829 37.5
      vertex 3.09017 9.51056 37.5
    endloop
  endfacet
  facet normal -0 0 -1
    outer loop
      vertex 10.7322 19.8829 37.5
      vertex 1.04528 9.94522 37.5
      vertex 10 21.6506 37.5
    endloop
  endfacet
  facet normal 0 0 -1
    outer loop
      vertex 10 21.6506 37.5
      vertex 3.13585 29.8357 37.5
      vertex 9.27051 28.5317 37.5
    endloop
  endfacet
  facet normal 0 0 -1
    outer loop
      vertex -1.04528 9.94522 37.5
      vertex 10 21.6506 37.5
      vertex 1.04528 9.94522 37.5
    endloop
  endfacet
  facet normal 0 0 -1
    outer loop
      vertex -10 21.6506 37.5
      vertex 10 21.6506 37.5
      vertex -1.04528 9.94522 37.5
    endloop
  endfacet
  facet normal 0 0 -1
    outer loop
      vertex -10 21.6506 37.5
      vertex -1.04528 9.94522 37.5
      vertex -3.09017 9.51056 37.5
    endloop
  endfacet
  facet normal 0 0 -1
    outer loop
      vertex 10 21.6506 37.5
      vertex -10 21.6506 37.5
      vertex 3.13585 29.8357 37.5
    endloop
  endfacet
  facet normal 0 0 -1
    outer loop
      vertex -10 21.6506 37.5
      vertex -3.09017 9.51056 37.5
      vertex -5 8.66025 37.5
    endloop
  endfacet
  facet normal 0 0 -1
    outer loop
      vertex -10 21.6506 37.5
      vertex -5 8.66025 37.5
      vertex -6.69131 7.43145 37.5
    endloop
  endfacet
  facet normal 0 0 -1
    outer loop
      vertex -10 21.6506 37.5
      vertex -6.69131 7.43145 37.5
      vertex -8.09017 5.87785 37.5
    endloop
  endfacet
  facet normal 0 0 -1
    outer loop
      vertex -10 21.6506 37.5
      vertex -8.09017 5.87785 37.5
      vertex -9.13545 4.06737 37.5
    endloop
  endfacet
  facet normal -0 0 -1
    outer loop
      vertex 3.13585 29.8357 37.5
      vertex -10 21.6506 37.5
      vertex -3.13585 29.8357 37.5
    endloop
  endfacet
  facet normal 0 0 -1
    outer loop
      vertex -10 21.6506 37.5
      vertex -9.13545 4.06737 37.5
      vertex -9.78148 2.07912 37.5
    endloop
  endfacet
  facet normal 0 0 -1
    outer loop
      vertex -10 21.6506 37.5
      vertex -9.78148 2.07912 37.5
      vertex -10 0 37.5
    endloop
  endfacet
  facet normal 0 0 -1
    outer loop
      vertex -3.13585 29.8357 37.5
      vertex -10 21.6506 37.5
      vertex -9.27051 28.5317 37.5
    endloop
  endfacet
  facet normal 0 0 -1
    outer loop
      vertex -10.7322 23.4184 37.5
      vertex -9.27051 28.5317 37.5
      vertex -10 21.6506 37.5
    endloop
  endfacet
  facet normal 0 0 -1
    outer loop
      vertex -12.5 24.1506 37.5
      vertex -9.27051 28.5317 37.5
      vertex -10.7322 23.4184 37.5
    endloop
  endfacet
  facet normal 0 0 -1
    outer loop
      vertex -15 25.9808 37.5
      vertex -12.5 24.1506 37.5
      vertex -14.2678 23.4184 37.5
    endloop
  endfacet
  facet normal 0 0 -1
    outer loop
      vertex -12.5 24.1506 37.5
      vertex -15 25.9808 37.5
      vertex -9.27051 28.5317 37.5
    endloop
  endfacet
  facet normal 0 0 -1
    outer loop
      vertex -15 25.9808 37.5
      vertex -14.2678 23.4184 37.5
      vertex -15 21.6506 37.5
    endloop
  endfacet
  facet normal -0.95106 -0.309008 0
    outer loop
      vertex -27.4064 -12.2021 37.5
      vertex -29.3444 -6.23735 42.5
      vertex -29.3444 -6.23735 37.5
    endloop
  endfacet
  facet normal -0.95106 -0.309008 0
    outer loop
      vertex -29.3444 -6.23735 42.5
      vertex -27.4064 -12.2021 37.5
      vertex -27.4064 -12.2021 42.5
    endloop
  endfacet
  facet normal -0.406732 0.913547 0
    outer loop
      vertex -9.27051 28.5317 37.5
      vertex -15 25.9808 42.5
      vertex -9.27051 28.5317 42.5
    endloop
  endfacet
  facet normal -0.406732 0.913547 0
    outer loop
      vertex -15 25.9808 42.5
      vertex -9.27051 28.5317 37.5
      vertex -15 25.9808 37.5
    endloop
  endfacet
  facet normal 0 0 1
    outer loop
      vertex -16.7283 -18.5786 42.5
      vertex -15 -21.6506 42.5
      vertex -14.4217 -20.2545 42.5
    endloop
  endfacet
  facet normal 0 0 1
    outer loop
      vertex -20.0739 -22.2943 42.5
      vertex -15 -21.6506 42.5
      vertex -16.7283 -18.5786 42.5
    endloop
  endfacet
  facet normal 0 0 1
    outer loop
      vertex -15 -21.6506 42.5
      vertex -20.0739 -22.2943 42.5
      vertex -15 -25.9808 42.5
    endloop
  endfacet
  facet normal 0 0 1
    outer loop
      vertex -20.2254 -14.6946 42.5
      vertex -20.0739 -22.2943 42.5
      vertex -16.7283 -18.5786 42.5
    endloop
  endfacet
  facet normal 0 0 1
    outer loop
      vertex -24.2705 -17.6336 42.5
      vertex -20.2254 -14.6946 42.5
      vertex -22.8386 -10.1684 42.5
    endloop
  endfacet
  facet normal 0 0 1
    outer loop
      vertex -20.2254 -14.6946 42.5
      vertex -24.2705 -17.6336 42.5
      vertex -20.0739 -22.2943 42.5
    endloop
  endfacet
  facet normal 0 0 1
    outer loop
      vertex -27.4064 -12.2021 42.5
      vertex -22.8386 -10.1684 42.5
      vertex -24.4537 -5.19779 42.5
    endloop
  endfacet
  facet normal -0 0 1
    outer loop
      vertex -25 -2.5 42.5
      vertex -24.4537 -5.19779 42.5
      vertex -24.7482 -2.3957 42.5
    endloop
  endfacet
  facet normal 0 0 1
    outer loop
      vertex -26.7678 -1.76777 42.5
      vertex -24.4537 -5.19779 42.5
      vertex -25 -2.5 42.5
    endloop
  endfacet
  facet normal 0 0 1
    outer loop
      vertex -24.4537 -5.19779 42.5
      vertex -26.7678 -1.76777 42.5
      vertex -29.3444 -6.23735 42.5
    endloop
  endfacet
  facet normal 0 0 1
    outer loop
      vertex -22.8386 -10.1684 42.5
      vertex -27.4064 -12.2021 42.5
      vertex -24.2705 -17.6336 42.5
    endloop
  endfacet
  facet normal -0 0 1
    outer loop
      vertex -30 0 42.5
      vertex -26.7678 -1.76777 42.5
      vertex -27.5 0 42.5
    endloop
  endfacet
  facet normal 0 0 1
    outer loop
      vertex -26.7678 1.76777 42.5
      vertex -30 0 42.5
      vertex -27.5 0 42.5
    endloop
  endfacet
  facet normal 0 0 1
    outer loop
      vertex -24.4537 -5.19779 42.5
      vertex -29.3444 -6.23735 42.5
      vertex -27.4064 -12.2021 42.5
    endloop
  endfacet
  facet normal 0 0 1
    outer loop
      vertex -26.7678 -1.76777 42.5
      vertex -30 0 42.5
      vertex -29.3444 -6.23735 42.5
    endloop
  endfacet
  facet normal 0 0 1
    outer loop
      vertex 16.7283 -18.5786 42.5
      vertex 14.4217 -20.2545 42.5
      vertex 15 -21.6506 42.5
    endloop
  endfacet
  facet normal 0 0 1
    outer loop
      vertex 20.0739 22.2943 42.5
      vertex 14.2678 23.4184 42.5
      vertex 15 21.6506 42.5
    endloop
  endfacet
  facet normal 0 0 1
    outer loop
      vertex 15 25.9808 42.5
      vertex 12.5 24.1506 42.5
      vertex 14.2678 23.4184 42.5
    endloop
  endfacet
  facet normal 0 0 1
    outer loop
      vertex 9.27051 28.5317 42.5
      vertex 12.5 24.1506 42.5
      vertex 15 25.9808 42.5
    endloop
  endfacet
  facet normal 0 0 1
    outer loop
      vertex 12.5 24.1506 42.5
      vertex 9.27051 28.5317 42.5
      vertex 10.7322 23.4184 42.5
    endloop
  endfacet
  facet normal -0 0 1
    outer loop
      vertex 7.72542 23.7764 42.5
      vertex 10.7322 23.4184 42.5
      vertex 9.27051 28.5317 42.5
    endloop
  endfacet
  facet normal 0 0 1
    outer loop
      vertex 10.7322 23.4184 42.5
      vertex 7.72542 23.7764 42.5
      vertex 10.3893 22.5904 42.5
    endloop
  endfacet
  facet normal 0 0 1
    outer loop
      vertex 3.13585 29.8357 42.5
      vertex 7.72542 23.7764 42.5
      vertex 9.27051 28.5317 42.5
    endloop
  endfacet
  facet normal 0 0 1
    outer loop
      vertex 3.13585 29.8357 42.5
      vertex 2.61321 24.863 42.5
      vertex 7.72542 23.7764 42.5
    endloop
  endfacet
  facet normal 0 0 1
    outer loop
      vertex 3.13585 29.8357 42.5
      vertex -2.61321 24.863 42.5
      vertex 2.61321 24.863 42.5
    endloop
  endfacet
  facet normal -0 0 1
    outer loop
      vertex -3.13585 29.8357 42.5
      vertex -2.61321 24.863 42.5
      vertex 3.13585 29.8357 42.5
    endloop
  endfacet
  facet normal 0 0 1
    outer loop
      vertex -3.13585 29.8357 42.5
      vertex -7.72542 23.7764 42.5
      vertex -2.61321 24.863 42.5
    endloop
  endfacet
  facet normal -0 0 1
    outer loop
      vertex -9.27051 28.5317 42.5
      vertex -7.72542 23.7764 42.5
      vertex -3.13585 29.8357 42.5
    endloop
  endfacet
  facet normal 0 0 1
    outer loop
      vertex -10.7322 23.4184 42.5
      vertex -7.72542 23.7764 42.5
      vertex -9.27051 28.5317 42.5
    endloop
  endfacet
  facet normal 0 0 1
    outer loop
      vertex -7.72542 23.7764 42.5
      vertex -10.7322 23.4184 42.5
      vertex -10.3893 22.5904 42.5
    endloop
  endfacet
  facet normal 0 0 1
    outer loop
      vertex -9.27051 28.5317 42.5
      vertex -12.5 24.1506 42.5
      vertex -10.7322 23.4184 42.5
    endloop
  endfacet
  facet normal -0 0 1
    outer loop
      vertex -15 25.9808 42.5
      vertex -12.5 24.1506 42.5
      vertex -9.27051 28.5317 42.5
    endloop
  endfacet
  facet normal 0 0 1
    outer loop
      vertex -12.5 24.1506 42.5
      vertex -15 25.9808 42.5
      vertex -14.2678 23.4184 42.5
    endloop
  endfacet
  facet normal 0 0 1
    outer loop
      vertex -20.0739 22.2943 42.5
      vertex -14.2678 23.4184 42.5
      vertex -15 25.9808 42.5
    endloop
  endfacet
  facet normal 0 0 1
    outer loop
      vertex -14.2678 23.4184 42.5
      vertex -20.0739 22.2943 42.5
      vertex -15 21.6506 42.5
    endloop
  endfacet
  facet normal 0 0 1
    outer loop
      vertex -15 21.6506 42.5
      vertex -20.0739 22.2943 42.5
      vertex -16.7283 18.5786 42.5
    endloop
  endfacet
  facet normal 0 0 1
    outer loop
      vertex -20.0739 22.2943 42.5
      vertex -20.2254 14.6946 42.5
      vertex -16.7283 18.5786 42.5
    endloop
  endfacet
  facet normal -0 0 1
    outer loop
      vertex -24.2705 17.6336 42.5
      vertex -20.2254 14.6946 42.5
      vertex -20.0739 22.2943 42.5
    endloop
  endfacet
  facet normal 0 0 1
    outer loop
      vertex -20.2254 14.6946 42.5
      vertex -24.2705 17.6336 42.5
      vertex -22.8386 10.1684 42.5
    endloop
  endfacet
  facet normal -0 0 1
    outer loop
      vertex -27.4064 12.2021 42.5
      vertex -22.8386 10.1684 42.5
      vertex -24.2705 17.6336 42.5
    endloop
  endfacet
  facet normal 0 0 1
    outer loop
      vertex -22.8386 10.1684 42.5
      vertex -27.4064 12.2021 42.5
      vertex -24.4537 5.19779 42.5
    endloop
  endfacet
  facet normal -0 0 1
    outer loop
      vertex -29.3444 6.23735 42.5
      vertex -24.4537 5.19779 42.5
      vertex -27.4064 12.2021 42.5
    endloop
  endfacet
  facet normal 0 0 1
    outer loop
      vertex -24.4537 5.19779 42.5
      vertex -25 2.5 42.5
      vertex -24.7482 2.3957 42.5
    endloop
  endfacet
  facet normal 0 -0 1
    outer loop
      vertex -26.7678 1.76777 42.5
      vertex -24.4537 5.19779 42.5
      vertex -29.3444 6.23735 42.5
    endloop
  endfacet
  facet normal 0 0 1
    outer loop
      vertex -24.4537 5.19779 42.5
      vertex -26.7678 1.76777 42.5
      vertex -25 2.5 42.5
    endloop
  endfacet
  facet normal 0 0 1
    outer loop
      vertex -30 0 42.5
      vertex -26.7678 1.76777 42.5
      vertex -29.3444 6.23735 42.5
    endloop
  endfacet
  facet normal -0 0 1
    outer loop
      vertex 26.7678 1.76777 42.5
      vertex 30 0 42.5
      vertex 29.3444 6.23735 42.5
    endloop
  endfacet
  facet normal 0 0 1
    outer loop
      vertex 26.7678 -1.76777 42.5
      vertex 30 0 42.5
      vertex 27.5 0 42.5
    endloop
  endfacet
  facet normal 0 0 1
    outer loop
      vertex 24.4537 5.19779 42.5
      vertex 29.3444 6.23735 42.5
      vertex 27.4064 12.2021 42.5
    endloop
  endfacet
  facet normal 0 0 1
    outer loop
      vertex 30 0 42.5
      vertex 26.7678 1.76777 42.5
      vertex 27.5 0 42.5
    endloop
  endfacet
  facet normal 0 0 1
    outer loop
      vertex 29.3444 6.23735 42.5
      vertex 24.4537 5.19779 42.5
      vertex 26.7678 1.76777 42.5
    endloop
  endfacet
  facet normal 0 0 1
    outer loop
      vertex 26.7678 1.76777 42.5
      vertex 24.4537 5.19779 42.5
      vertex 25 2.5 42.5
    endloop
  endfacet
  facet normal 0 0 1
    outer loop
      vertex 25 2.5 42.5
      vertex 24.4537 5.19779 42.5
      vertex 24.7482 2.3957 42.5
    endloop
  endfacet
  facet normal 0 0 1
    outer loop
      vertex 22.8386 10.1684 42.5
      vertex 27.4064 12.2021 42.5
      vertex 24.2705 17.6336 42.5
    endloop
  endfacet
  facet normal 0 0 1
    outer loop
      vertex 27.4064 12.2021 42.5
      vertex 22.8386 10.1684 42.5
      vertex 24.4537 5.19779 42.5
    endloop
  endfacet
  facet normal 0 0 1
    outer loop
      vertex 24.2705 17.6336 42.5
      vertex 20.2254 14.6946 42.5
      vertex 22.8386 10.1684 42.5
    endloop
  endfacet
  facet normal 0 0 1
    outer loop
      vertex 20.0739 22.2943 42.5
      vertex 20.2254 14.6946 42.5
      vertex 24.2705 17.6336 42.5
    endloop
  endfacet
  facet normal 0 0 1
    outer loop
      vertex 20.0739 22.2943 42.5
      vertex 16.7283 18.5786 42.5
      vertex 20.2254 14.6946 42.5
    endloop
  endfacet
  facet normal -0 0 1
    outer loop
      vertex 14.2678 23.4184 42.5
      vertex 20.0739 22.2943 42.5
      vertex 15 25.9808 42.5
    endloop
  endfacet
  facet normal 0 0 1
    outer loop
      vertex 20.0739 22.2943 42.5
      vertex 15 21.6506 42.5
      vertex 16.7283 18.5786 42.5
    endloop
  endfacet
  facet normal 0 0 1
    outer loop
      vertex 16.7283 18.5786 42.5
      vertex 15 21.6506 42.5
      vertex 14.4217 20.2545 42.5
    endloop
  endfacet
  facet normal 0 0 1
    outer loop
      vertex 30 0 42.5
      vertex 26.7678 -1.76777 42.5
      vertex 29.3444 -6.23735 42.5
    endloop
  endfacet
  facet normal -0 0 1
    outer loop
      vertex 24.4537 -5.19779 42.5
      vertex 29.3444 -6.23735 42.5
      vertex 26.7678 -1.76777 42.5
    endloop
  endfacet
  facet normal 0 0 1
    outer loop
      vertex 24.4537 -5.19779 42.5
      vertex 26.7678 -1.76777 42.5
      vertex 25 -2.5 42.5
    endloop
  endfacet
  facet normal 0 0 1
    outer loop
      vertex 24.4537 -5.19779 42.5
      vertex 25 -2.5 42.5
      vertex 24.7482 -2.3957 42.5
    endloop
  endfacet
  facet normal 0 0 1
    outer loop
      vertex 29.3444 -6.23735 42.5
      vertex 24.4537 -5.19779 42.5
      vertex 27.4064 -12.2021 42.5
    endloop
  endfacet
  facet normal -0 0 1
    outer loop
      vertex 22.8386 -10.1684 42.5
      vertex 27.4064 -12.2021 42.5
      vertex 24.4537 -5.19779 42.5
    endloop
  endfacet
  facet normal 0 0 1
    outer loop
      vertex 27.4064 -12.2021 42.5
      vertex 22.8386 -10.1684 42.5
      vertex 24.2705 -17.6336 42.5
    endloop
  endfacet
  facet normal -0 0 1
    outer loop
      vertex 20.2254 -14.6946 42.5
      vertex 24.2705 -17.6336 42.5
      vertex 22.8386 -10.1684 42.5
    endloop
  endfacet
  facet normal 0 0 1
    outer loop
      vertex 20.2254 -14.6946 42.5
      vertex 20.0739 -22.2943 42.5
      vertex 24.2705 -17.6336 42.5
    endloop
  endfacet
  facet normal -0 0 1
    outer loop
      vertex 16.7283 -18.5786 42.5
      vertex 20.0739 -22.2943 42.5
      vertex 20.2254 -14.6946 42.5
    endloop
  endfacet
  facet normal -0 0 1
    outer loop
      vertex 15 -21.6506 42.5
      vertex 20.0739 -22.2943 42.5
      vertex 16.7283 -18.5786 42.5
    endloop
  endfacet
  facet normal 0 0 1
    outer loop
      vertex 14.2678 -23.4184 42.5
      vertex 20.0739 -22.2943 42.5
      vertex 15 -21.6506 42.5
    endloop
  endfacet
  facet normal 0 0 1
    outer loop
      vertex 20.0739 -22.2943 42.5
      vertex 14.2678 -23.4184 42.5
      vertex 15 -25.9808 42.5
    endloop
  endfacet
  facet normal -0 0 1
    outer loop
      vertex 12.5 -24.1506 42.5
      vertex 15 -25.9808 42.5
      vertex 14.2678 -23.4184 42.5
    endloop
  endfacet
  facet normal 0 0 1
    outer loop
      vertex 9.27051 -28.5317 42.5
      vertex 12.5 -24.1506 42.5
      vertex 10.7322 -23.4184 42.5
    endloop
  endfacet
  facet normal 0 0 1
    outer loop
      vertex 12.5 -24.1506 42.5
      vertex 9.27051 -28.5317 42.5
      vertex 15 -25.9808 42.5
    endloop
  endfacet
  facet normal 0 0 1
    outer loop
      vertex 7.72542 -23.7764 42.5
      vertex 10.7322 -23.4184 42.5
      vertex 10.3893 -22.5904 42.5
    endloop
  endfacet
  facet normal 0 0 1
    outer loop
      vertex 10.7322 -23.4184 42.5
      vertex 7.72542 -23.7764 42.5
      vertex 9.27051 -28.5317 42.5
    endloop
  endfacet
  facet normal 0 0 1
    outer loop
      vertex 7.72542 -23.7764 42.5
      vertex 3.13585 -29.8357 42.5
      vertex 9.27051 -28.5317 42.5
    endloop
  endfacet
  facet normal -0 0 1
    outer loop
      vertex 2.61321 -24.863 42.5
      vertex 3.13585 -29.8357 42.5
      vertex 7.72542 -23.7764 42.5
    endloop
  endfacet
  facet normal -0 0 1
    outer loop
      vertex -2.61321 -24.863 42.5
      vertex 3.13585 -29.8357 42.5
      vertex 2.61321 -24.863 42.5
    endloop
  endfacet
  facet normal 0 0 1
    outer loop
      vertex -2.61321 -24.863 42.5
      vertex -3.13585 -29.8357 42.5
      vertex 3.13585 -29.8357 42.5
    endloop
  endfacet
  facet normal 0 0 1
    outer loop
      vertex -7.72542 -23.7764 42.5
      vertex -3.13585 -29.8357 42.5
      vertex -2.61321 -24.863 42.5
    endloop
  endfacet
  facet normal 0 0 1
    outer loop
      vertex -7.72542 -23.7764 42.5
      vertex -9.27051 -28.5317 42.5
      vertex -3.13585 -29.8357 42.5
    endloop
  endfacet
  facet normal -0 0 1
    outer loop
      vertex -10.7322 -23.4184 42.5
      vertex -7.72542 -23.7764 42.5
      vertex -10.3893 -22.5904 42.5
    endloop
  endfacet
  facet normal 0 0 1
    outer loop
      vertex -7.72542 -23.7764 42.5
      vertex -10.7322 -23.4184 42.5
      vertex -9.27051 -28.5317 42.5
    endloop
  endfacet
  facet normal -0 0 1
    outer loop
      vertex -12.5 -24.1506 42.5
      vertex -9.27051 -28.5317 42.5
      vertex -10.7322 -23.4184 42.5
    endloop
  endfacet
  facet normal 0 0 1
    outer loop
      vertex -15 -25.9808 42.5
      vertex -12.5 -24.1506 42.5
      vertex -14.2678 -23.4184 42.5
    endloop
  endfacet
  facet normal 0 0 1
    outer loop
      vertex -12.5 -24.1506 42.5
      vertex -15 -25.9808 42.5
      vertex -9.27051 -28.5317 42.5
    endloop
  endfacet
  facet normal 0 0 1
    outer loop
      vertex -15 -25.9808 42.5
      vertex -14.2678 -23.4184 42.5
      vertex -15 -21.6506 42.5
    endloop
  endfacet
  facet normal 0 0 1
    outer loop
      vertex -14.4217 20.2545 42.5
      vertex -15 21.6506 42.5
      vertex -16.7283 18.5786 42.5
    endloop
  endfacet
  facet normal -0.207917 -0.978146 0
    outer loop
      vertex -9.27051 -28.5317 37.5
      vertex -3.13585 -29.8357 42.5
      vertex -9.27051 -28.5317 42.5
    endloop
  endfacet
  facet normal -0.207917 -0.978146 -0
    outer loop
      vertex -3.13585 -29.8357 42.5
      vertex -9.27051 -28.5317 37.5
      vertex -3.13585 -29.8357 37.5
    endloop
  endfacet
  facet normal 0.207917 0.978146 -0
    outer loop
      vertex 9.27051 28.5317 37.5
      vertex 3.13585 29.8357 42.5
      vertex 9.27051 28.5317 42.5
    endloop
  endfacet
  facet normal 0.207917 0.978146 0
    outer loop
      vertex 3.13585 29.8357 42.5
      vertex 9.27051 28.5317 37.5
      vertex 3.13585 29.8357 37.5
    endloop
  endfacet
  facet normal -0.994521 -0.104533 0
    outer loop
      vertex -29.3444 -6.23735 37.5
      vertex -30 0 42.5
      vertex -30 0 37.5
    endloop
  endfacet
  facet normal -0.994521 -0.104533 0
    outer loop
      vertex -30 0 42.5
      vertex -29.3444 -6.23735 37.5
      vertex -29.3444 -6.23735 42.5
    endloop
  endfacet
  facet normal -0.866024 -0.500003 0
    outer loop
      vertex -24.2705 -17.6336 37.5
      vertex -27.4064 -12.2021 42.5
      vertex -27.4064 -12.2021 37.5
    endloop
  endfacet
  facet normal -0.866024 -0.500003 0
    outer loop
      vertex -27.4064 -12.2021 42.5
      vertex -24.2705 -17.6336 37.5
      vertex -24.2705 -17.6336 42.5
    endloop
  endfacet
  facet normal -0.866024 0.500003 0
    outer loop
      vertex -27.4064 12.2021 37.5
      vertex -24.2705 17.6336 42.5
      vertex -24.2705 17.6336 37.5
    endloop
  endfacet
  facet normal -0.866024 0.500003 0
    outer loop
      vertex -24.2705 17.6336 42.5
      vertex -27.4064 12.2021 37.5
      vertex -27.4064 12.2021 42.5
    endloop
  endfacet
  facet normal 0.866024 -0.500003 0
    outer loop
      vertex 24.2705 -17.6336 42.5
      vertex 27.4064 -12.2021 37.5
      vertex 27.4064 -12.2021 42.5
    endloop
  endfacet
  facet normal 0.866024 -0.500003 0
    outer loop
      vertex 27.4064 -12.2021 37.5
      vertex 24.2705 -17.6336 42.5
      vertex 24.2705 -17.6336 37.5
    endloop
  endfacet
  facet normal 0.587795 0.80901 -0
    outer loop
      vertex 20.0739 22.2943 37.5
      vertex 15 25.9808 42.5
      vertex 20.0739 22.2943 42.5
    endloop
  endfacet
  facet normal 0.587795 0.80901 0
    outer loop
      vertex 15 25.9808 42.5
      vertex 20.0739 22.2943 37.5
      vertex 15 25.9808 37.5
    endloop
  endfacet
  facet normal -0.587795 0.80901 0
    outer loop
      vertex -15 25.9808 37.5
      vertex -20.0739 22.2943 42.5
      vertex -15 25.9808 42.5
    endloop
  endfacet
  facet normal -0.587795 0.80901 0
    outer loop
      vertex -20.0739 22.2943 42.5
      vertex -15 25.9808 37.5
      vertex -20.0739 22.2943 37.5
    endloop
  endfacet
  facet normal -0.207917 0.978146 0
    outer loop
      vertex -3.13585 29.8357 37.5
      vertex -9.27051 28.5317 42.5
      vertex -3.13585 29.8357 42.5
    endloop
  endfacet
  facet normal -0.207917 0.978146 0
    outer loop
      vertex -9.27051 28.5317 42.5
      vertex -3.13585 29.8357 37.5
      vertex -9.27051 28.5317 37.5
    endloop
  endfacet
  facet normal 0 -1 0
    outer loop
      vertex -3.13585 -29.8357 37.5
      vertex 3.13585 -29.8357 42.5
      vertex -3.13585 -29.8357 42.5
    endloop
  endfacet
  facet normal 0 -1 -0
    outer loop
      vertex 3.13585 -29.8357 42.5
      vertex -3.13585 -29.8357 37.5
      vertex 3.13585 -29.8357 37.5
    endloop
  endfacet
  facet normal -0.994521 0.104533 0
    outer loop
      vertex -30 0 37.5
      vertex -29.3444 6.23735 42.5
      vertex -29.3444 6.23735 37.5
    endloop
  endfacet
  facet normal -0.994521 0.104533 0
    outer loop
      vertex -29.3444 6.23735 42.5
      vertex -30 0 37.5
      vertex -30 0 42.5
    endloop
  endfacet
  facet normal -0.207912 -0.978148 0
    outer loop
      vertex -8.49797 -26.1541 34.5
      vertex -2.87453 -27.3494 36.5
      vertex -8.49797 -26.1541 36.5
    endloop
  endfacet
  facet normal -0.207912 -0.978148 -0
    outer loop
      vertex -2.87453 -27.3494 36.5
      vertex -8.49797 -26.1541 34.5
      vertex -2.87453 -27.3494 34.5
    endloop
  endfacet
  facet normal 0.951055 0.309021 0
    outer loop
      vertex 26.8991 5.71757 36.5
      vertex 25.1225 11.1853 34.5
      vertex 25.1225 11.1853 36.5
    endloop
  endfacet
  facet normal 0.951055 0.309021 0
    outer loop
      vertex 25.1225 11.1853 34.5
      vertex 26.8991 5.71757 36.5
      vertex 26.8991 5.71757 34.5
    endloop
  endfacet
  facet normal 0.994523 0.104521 0
    outer loop
      vertex 27.5 0 36.5
      vertex 26.8991 5.71757 34.5
      vertex 26.8991 5.71757 36.5
    endloop
  endfacet
  facet normal 0.994523 0.104521 0
    outer loop
      vertex 26.8991 5.71757 34.5
      vertex 27.5 0 36.5
      vertex 27.5 0 34.5
    endloop
  endfacet
  facet normal 0.866026 0.499998 0
    outer loop
      vertex 25.1225 11.1853 36.5
      vertex 22.248 16.1641 34.5
      vertex 22.248 16.1641 36.5
    endloop
  endfacet
  facet normal 0.866026 0.499998 0
    outer loop
      vertex 22.248 16.1641 34.5
      vertex 25.1225 11.1853 36.5
      vertex 25.1225 11.1853 34.5
    endloop
  endfacet
  facet normal 0.994523 -0.104521 0
    outer loop
      vertex 26.8991 -5.71757 36.5
      vertex 27.5 0 34.5
      vertex 27.5 0 36.5
    endloop
  endfacet
  facet normal 0.994523 -0.104521 0
    outer loop
      vertex 27.5 0 34.5
      vertex 26.8991 -5.71757 36.5
      vertex 26.8991 -5.71757 34.5
    endloop
  endfacet
  facet normal 0.743144 0.669132 0
    outer loop
      vertex 22.248 16.1641 36.5
      vertex 18.4011 20.4365 34.5
      vertex 18.4011 20.4365 36.5
    endloop
  endfacet
  facet normal 0.743144 0.669132 0
    outer loop
      vertex 18.4011 20.4365 34.5
      vertex 22.248 16.1641 36.5
      vertex 22.248 16.1641 34.5
    endloop
  endfacet
  facet normal -0.951055 -0.309021 0
    outer loop
      vertex -25.1225 -11.1853 34.5
      vertex -26.8991 -5.71757 36.5
      vertex -26.8991 -5.71757 34.5
    endloop
  endfacet
  facet normal -0.951055 -0.309021 0
    outer loop
      vertex -26.8991 -5.71757 36.5
      vertex -25.1225 -11.1853 34.5
      vertex -25.1225 -11.1853 36.5
    endloop
  endfacet
  facet normal -0.743144 0.669132 0
    outer loop
      vertex -22.248 16.1641 34.5
      vertex -18.4011 20.4365 36.5
      vertex -18.4011 20.4365 34.5
    endloop
  endfacet
  facet normal -0.743144 0.669132 0
    outer loop
      vertex -18.4011 20.4365 36.5
      vertex -22.248 16.1641 34.5
      vertex -22.248 16.1641 36.5
    endloop
  endfacet
  facet normal -0.951055 0.309021 0
    outer loop
      vertex -26.8991 5.71757 34.5
      vertex -25.1225 11.1853 36.5
      vertex -25.1225 11.1853 34.5
    endloop
  endfacet
  facet normal -0.951055 0.309021 0
    outer loop
      vertex -25.1225 11.1853 36.5
      vertex -26.8991 5.71757 34.5
      vertex -26.8991 5.71757 36.5
    endloop
  endfacet
  facet normal 0.587783 -0.809019 0
    outer loop
      vertex 13.75 -23.8157 34.5
      vertex 18.4011 -20.4365 36.5
      vertex 13.75 -23.8157 36.5
    endloop
  endfacet
  facet normal 0.587783 -0.809019 0
    outer loop
      vertex 18.4011 -20.4365 36.5
      vertex 13.75 -23.8157 34.5
      vertex 18.4011 -20.4365 34.5
    endloop
  endfacet
  facet normal -0.587783 -0.809019 0
    outer loop
      vertex -18.4011 -20.4365 34.5
      vertex -13.75 -23.8157 36.5
      vertex -18.4011 -20.4365 36.5
    endloop
  endfacet
  facet normal -0.587783 -0.809019 -0
    outer loop
      vertex -13.75 -23.8157 36.5
      vertex -18.4011 -20.4365 34.5
      vertex -13.75 -23.8157 34.5
    endloop
  endfacet
  facet normal -0.587783 0.809019 0
    outer loop
      vertex -13.75 23.8157 34.5
      vertex -18.4011 20.4365 36.5
      vertex -13.75 23.8157 36.5
    endloop
  endfacet
  facet normal -0.587783 0.809019 0
    outer loop
      vertex -18.4011 20.4365 36.5
      vertex -13.75 23.8157 34.5
      vertex -18.4011 20.4365 34.5
    endloop
  endfacet
  facet normal -0.866026 0.499998 0
    outer loop
      vertex -25.1225 11.1853 34.5
      vertex -22.248 16.1641 36.5
      vertex -22.248 16.1641 34.5
    endloop
  endfacet
  facet normal -0.866026 0.499998 0
    outer loop
      vertex -22.248 16.1641 36.5
      vertex -25.1225 11.1853 34.5
      vertex -25.1225 11.1853 36.5
    endloop
  endfacet
  facet normal -0.406743 0.913543 0
    outer loop
      vertex -8.49797 26.1541 34.5
      vertex -13.75 23.8157 36.5
      vertex -8.49797 26.1541 36.5
    endloop
  endfacet
  facet normal -0.406743 0.913543 0
    outer loop
      vertex -13.75 23.8157 36.5
      vertex -8.49797 26.1541 34.5
      vertex -13.75 23.8157 34.5
    endloop
  endfacet
  facet normal -0.406743 -0.913543 0
    outer loop
      vertex -13.75 -23.8157 34.5
      vertex -8.49797 -26.1541 36.5
      vertex -13.75 -23.8157 36.5
    endloop
  endfacet
  facet normal -0.406743 -0.913543 -0
    outer loop
      vertex -8.49797 -26.1541 36.5
      vertex -13.75 -23.8157 34.5
      vertex -8.49797 -26.1541 34.5
    endloop
  endfacet
  facet normal -0.207912 0.978148 0
    outer loop
      vertex -2.87453 27.3494 34.5
      vertex -8.49797 26.1541 36.5
      vertex -2.87453 27.3494 36.5
    endloop
  endfacet
  facet normal -0.207912 0.978148 0
    outer loop
      vertex -8.49797 26.1541 36.5
      vertex -2.87453 27.3494 34.5
      vertex -8.49797 26.1541 34.5
    endloop
  endfacet
  facet normal 0.866026 -0.499998 0
    outer loop
      vertex 22.248 -16.1641 36.5
      vertex 25.1225 -11.1853 34.5
      vertex 25.1225 -11.1853 36.5
    endloop
  endfacet
  facet normal 0.866026 -0.499998 0
    outer loop
      vertex 25.1225 -11.1853 34.5
      vertex 22.248 -16.1641 36.5
      vertex 22.248 -16.1641 34.5
    endloop
  endfacet
  facet normal 0.743144 -0.669132 0
    outer loop
      vertex 18.4011 -20.4365 36.5
      vertex 22.248 -16.1641 34.5
      vertex 22.248 -16.1641 36.5
    endloop
  endfacet
  facet normal 0.743144 -0.669132 0
    outer loop
      vertex 22.248 -16.1641 34.5
      vertex 18.4011 -20.4365 36.5
      vertex 18.4011 -20.4365 34.5
    endloop
  endfacet
  facet normal 0 0 1
    outer loop
      vertex -25.1225 -11.1853 36.5
      vertex -10 0 36.5
      vertex -23.2322 -1.76777 36.5
    endloop
  endfacet
  facet normal 0 0 1
    outer loop
      vertex -26.8991 -5.71757 36.5
      vertex -23.2322 -1.76777 36.5
      vertex -25 -2.5 36.5
    endloop
  endfacet
  facet normal 0 0 1
    outer loop
      vertex -10 0 36.5
      vertex -25.1225 -11.1853 36.5
      vertex -22.248 -16.1641 36.5
    endloop
  endfacet
  facet normal 0 0 1
    outer loop
      vertex -26.8991 -5.71757 36.5
      vertex -25 -2.5 36.5
      vertex -26.7678 -1.76777 36.5
    endloop
  endfacet
  facet normal 0 0 1
    outer loop
      vertex -23.2322 -1.76777 36.5
      vertex -26.8991 -5.71757 36.5
      vertex -25.1225 -11.1853 36.5
    endloop
  endfacet
  facet normal 0 -0 1
    outer loop
      vertex -26.8991 -5.71757 36.5
      vertex -26.7678 -1.76777 36.5
      vertex -27.5 0 36.5
    endloop
  endfacet
  facet normal 0 0 1
    outer loop
      vertex 26.8991 5.71757 36.5
      vertex 26.7678 1.76777 36.5
      vertex 27.5 0 36.5
    endloop
  endfacet
  facet normal 0 0 1
    outer loop
      vertex 23.2322 1.76777 36.5
      vertex 26.8991 5.71757 36.5
      vertex 25.1225 11.1853 36.5
    endloop
  endfacet
  facet normal 0 0 1
    outer loop
      vertex 26.8991 5.71757 36.5
      vertex 25 2.5 36.5
      vertex 26.7678 1.76777 36.5
    endloop
  endfacet
  facet normal 0 0 1
    outer loop
      vertex 26.8991 5.71757 36.5
      vertex 23.2322 1.76777 36.5
      vertex 25 2.5 36.5
    endloop
  endfacet
  facet normal -0 0 1
    outer loop
      vertex 9.78148 2.07912 36.5
      vertex 23.2322 1.76777 36.5
      vertex 25.1225 11.1853 36.5
    endloop
  endfacet
  facet normal 0 0 1
    outer loop
      vertex 9.78148 2.07912 36.5
      vertex 25.1225 11.1853 36.5
      vertex 22.248 16.1641 36.5
    endloop
  endfacet
  facet normal -0 0 1
    outer loop
      vertex 26.7678 -1.76777 36.5
      vertex 26.8991 -5.71757 36.5
      vertex 27.5 0 36.5
    endloop
  endfacet
  facet normal -0 0 1
    outer loop
      vertex 25 -2.5 36.5
      vertex 26.8991 -5.71757 36.5
      vertex 26.7678 -1.76777 36.5
    endloop
  endfacet
  facet normal 0 0 1
    outer loop
      vertex 23.2322 -1.76777 36.5
      vertex 26.8991 -5.71757 36.5
      vertex 25 -2.5 36.5
    endloop
  endfacet
  facet normal 0 0 1
    outer loop
      vertex 26.8991 -5.71757 36.5
      vertex 23.2322 -1.76777 36.5
      vertex 25.1225 -11.1853 36.5
    endloop
  endfacet
  facet normal 0 0 1
    outer loop
      vertex 9.78148 -2.07912 36.5
      vertex 23.2322 -1.76777 36.5
      vertex 22.5 0 36.5
    endloop
  endfacet
  facet normal 0 0 1
    outer loop
      vertex 23.2322 -1.76777 36.5
      vertex 9.13545 -4.06737 36.5
      vertex 25.1225 -11.1853 36.5
    endloop
  endfacet
  facet normal 0 0 1
    outer loop
      vertex 23.2322 1.76777 36.5
      vertex 9.78148 2.07912 36.5
      vertex 22.5 0 36.5
    endloop
  endfacet
  facet normal -0 0 1
    outer loop
      vertex 14.2678 19.8829 36.5
      vertex 22.248 16.1641 36.5
      vertex 18.4011 20.4365 36.5
    endloop
  endfacet
  facet normal 0 0 1
    outer loop
      vertex 9.78148 -2.07912 36.5
      vertex 22.5 0 36.5
      vertex 10 0 36.5
    endloop
  endfacet
  facet normal 0 0 1
    outer loop
      vertex 14.2678 19.8829 36.5
      vertex 18.4011 20.4365 36.5
      vertex 15 21.6506 36.5
    endloop
  endfacet
  facet normal 0 0 1
    outer loop
      vertex 18.4011 20.4365 36.5
      vertex 14.2678 23.4184 36.5
      vertex 15 21.6506 36.5
    endloop
  endfacet
  facet normal 0 0 1
    outer loop
      vertex 13.75 23.8157 36.5
      vertex 14.2678 23.4184 36.5
      vertex 18.4011 20.4365 36.5
    endloop
  endfacet
  facet normal 0 0 1
    outer loop
      vertex 13.75 23.8157 36.5
      vertex 12.5 24.1506 36.5
      vertex 14.2678 23.4184 36.5
    endloop
  endfacet
  facet normal 0 0 1
    outer loop
      vertex 22.5 0 36.5
      vertex 9.78148 2.07912 36.5
      vertex 10 0 36.5
    endloop
  endfacet
  facet normal 0 0 1
    outer loop
      vertex 10.7322 19.8829 36.5
      vertex 9.13545 4.06737 36.5
      vertex 9.78148 2.07912 36.5
    endloop
  endfacet
  facet normal 0 0 1
    outer loop
      vertex 8.49797 26.1541 36.5
      vertex 12.5 24.1506 36.5
      vertex 13.75 23.8157 36.5
    endloop
  endfacet
  facet normal 0 0 1
    outer loop
      vertex 8.49797 26.1541 36.5
      vertex 10.7322 23.4184 36.5
      vertex 12.5 24.1506 36.5
    endloop
  endfacet
  facet normal 0 0 1
    outer loop
      vertex 8.49797 26.1541 36.5
      vertex 10 21.6506 36.5
      vertex 10.7322 23.4184 36.5
    endloop
  endfacet
  facet normal 0 0 1
    outer loop
      vertex 2.87453 27.3494 36.5
      vertex 10 21.6506 36.5
      vertex 8.49797 26.1541 36.5
    endloop
  endfacet
  facet normal 0 0 1
    outer loop
      vertex 10.7322 19.8829 36.5
      vertex 8.09017 5.87785 36.5
      vertex 9.13545 4.06737 36.5
    endloop
  endfacet
  facet normal 0 0 1
    outer loop
      vertex 10.7322 19.8829 36.5
      vertex 6.69131 7.43145 36.5
      vertex 8.09017 5.87785 36.5
    endloop
  endfacet
  facet normal 0 0 1
    outer loop
      vertex 10.7322 19.8829 36.5
      vertex 5 8.66025 36.5
      vertex 6.69131 7.43145 36.5
    endloop
  endfacet
  facet normal 0 0 1
    outer loop
      vertex 10.7322 19.8829 36.5
      vertex 3.09017 9.51056 36.5
      vertex 5 8.66025 36.5
    endloop
  endfacet
  facet normal 0 0 1
    outer loop
      vertex 1.04528 9.94522 36.5
      vertex 10 21.6506 36.5
      vertex 2.87453 27.3494 36.5
    endloop
  endfacet
  facet normal 0 0 1
    outer loop
      vertex 10.7322 19.8829 36.5
      vertex 1.04528 9.94522 36.5
      vertex 3.09017 9.51056 36.5
    endloop
  endfacet
  facet normal 0 0 1
    outer loop
      vertex 2.87453 27.3494 36.5
      vertex -1.04528 9.94522 36.5
      vertex 1.04528 9.94522 36.5
    endloop
  endfacet
  facet normal -0 0 1
    outer loop
      vertex -2.87453 27.3494 36.5
      vertex -1.04528 9.94522 36.5
      vertex 2.87453 27.3494 36.5
    endloop
  endfacet
  facet normal -0 0 1
    outer loop
      vertex -10 21.6506 36.5
      vertex -1.04528 9.94522 36.5
      vertex -2.87453 27.3494 36.5
    endloop
  endfacet
  facet normal -0 0 1
    outer loop
      vertex -10.7322 19.8829 36.5
      vertex -1.04528 9.94522 36.5
      vertex -10 21.6506 36.5
    endloop
  endfacet
  facet normal 0 0 1
    outer loop
      vertex -1.04528 9.94522 36.5
      vertex -10.7322 19.8829 36.5
      vertex -3.09017 9.51056 36.5
    endloop
  endfacet
  facet normal -0 0 1
    outer loop
      vertex -12.5 19.1506 36.5
      vertex -5 8.66025 36.5
      vertex -10.7322 19.8829 36.5
    endloop
  endfacet
  facet normal 0 0 1
    outer loop
      vertex -10 21.6506 36.5
      vertex -2.87453 27.3494 36.5
      vertex -8.49797 26.1541 36.5
    endloop
  endfacet
  facet normal 0 0 1
    outer loop
      vertex -3.09017 9.51056 36.5
      vertex -10.7322 19.8829 36.5
      vertex -5 8.66025 36.5
    endloop
  endfacet
  facet normal 0 0 1
    outer loop
      vertex -5 8.66025 36.5
      vertex -12.5 19.1506 36.5
      vertex -6.69131 7.43145 36.5
    endloop
  endfacet
  facet normal 0 0 1
    outer loop
      vertex -6.69131 7.43145 36.5
      vertex -12.5 19.1506 36.5
      vertex -8.09017 5.87785 36.5
    endloop
  endfacet
  facet normal 0 0 1
    outer loop
      vertex -8.49797 26.1541 36.5
      vertex -10.7322 23.4184 36.5
      vertex -10 21.6506 36.5
    endloop
  endfacet
  facet normal 0 0 1
    outer loop
      vertex -8.49797 26.1541 36.5
      vertex -12.5 24.1506 36.5
      vertex -10.7322 23.4184 36.5
    endloop
  endfacet
  facet normal 0 0 1
    outer loop
      vertex -13.75 23.8157 36.5
      vertex -12.5 24.1506 36.5
      vertex -8.49797 26.1541 36.5
    endloop
  endfacet
  facet normal -0 0 1
    outer loop
      vertex -13.75 23.8157 36.5
      vertex -14.2678 23.4184 36.5
      vertex -12.5 24.1506 36.5
    endloop
  endfacet
  facet normal 0 0 1
    outer loop
      vertex -10 0 36.5
      vertex -22.248 -16.1641 36.5
      vertex -12.5 -19.1506 36.5
    endloop
  endfacet
  facet normal 0 0 1
    outer loop
      vertex -14.2678 23.4184 36.5
      vertex -18.4011 20.4365 36.5
      vertex -15 21.6506 36.5
    endloop
  endfacet
  facet normal 0 0 1
    outer loop
      vertex -18.4011 20.4365 36.5
      vertex -14.2678 23.4184 36.5
      vertex -13.75 23.8157 36.5
    endloop
  endfacet
  facet normal -0 0 1
    outer loop
      vertex -22.248 16.1641 36.5
      vertex -8.09017 5.87785 36.5
      vertex -12.5 19.1506 36.5
    endloop
  endfacet
  facet normal 0 0 1
    outer loop
      vertex -22.248 16.1641 36.5
      vertex -12.5 19.1506 36.5
      vertex -14.2678 19.8829 36.5
    endloop
  endfacet
  facet normal 0 0 1
    outer loop
      vertex -22.248 16.1641 36.5
      vertex -14.2678 19.8829 36.5
      vertex -18.4011 20.4365 36.5
    endloop
  endfacet
  facet normal 0 0 1
    outer loop
      vertex -10 0 36.5
      vertex -10.7322 -19.8829 36.5
      vertex -10 -21.6506 36.5
    endloop
  endfacet
  facet normal 0 0 1
    outer loop
      vertex -8.09017 5.87785 36.5
      vertex -22.248 16.1641 36.5
      vertex -9.13545 4.06737 36.5
    endloop
  endfacet
  facet normal 0 0 1
    outer loop
      vertex -10 0 36.5
      vertex -12.5 -19.1506 36.5
      vertex -10.7322 -19.8829 36.5
    endloop
  endfacet
  facet normal 0 0 1
    outer loop
      vertex -9.13545 4.06737 36.5
      vertex -22.5 0 36.5
      vertex -9.78148 2.07912 36.5
    endloop
  endfacet
  facet normal 0 0 1
    outer loop
      vertex -23.2322 -1.76777 36.5
      vertex -10 0 36.5
      vertex -22.5 0 36.5
    endloop
  endfacet
  facet normal -0 0 1
    outer loop
      vertex -18.4011 20.4365 36.5
      vertex -14.2678 19.8829 36.5
      vertex -15 21.6506 36.5
    endloop
  endfacet
  facet normal 0 0 1
    outer loop
      vertex -9.78148 2.07912 36.5
      vertex -22.5 0 36.5
      vertex -10 0 36.5
    endloop
  endfacet
  facet normal 0 0 1
    outer loop
      vertex 23.2322 -1.76777 36.5
      vertex 9.78148 -2.07912 36.5
      vertex 9.13545 -4.06737 36.5
    endloop
  endfacet
  facet normal 0 0 1
    outer loop
      vertex 18.4011 -20.4365 36.5
      vertex 14.2678 -19.8829 36.5
      vertex 15 -21.6506 36.5
    endloop
  endfacet
  facet normal 0 0 1
    outer loop
      vertex 22.248 16.1641 36.5
      vertex 12.5 19.1506 36.5
      vertex 9.78148 2.07912 36.5
    endloop
  endfacet
  facet normal 0 0 1
    outer loop
      vertex 25.1225 -11.1853 36.5
      vertex 9.13545 -4.06737 36.5
      vertex 22.248 -16.1641 36.5
    endloop
  endfacet
  facet normal 0 0 1
    outer loop
      vertex 9.78148 2.07912 36.5
      vertex 12.5 19.1506 36.5
      vertex 10.7322 19.8829 36.5
    endloop
  endfacet
  facet normal -0 0 1
    outer loop
      vertex 8.09017 -5.87785 36.5
      vertex 22.248 -16.1641 36.5
      vertex 9.13545 -4.06737 36.5
    endloop
  endfacet
  facet normal 0 0 1
    outer loop
      vertex 1.04528 9.94522 36.5
      vertex 10.7322 19.8829 36.5
      vertex 10 21.6506 36.5
    endloop
  endfacet
  facet normal 0 0 1
    outer loop
      vertex 22.248 -16.1641 36.5
      vertex 14.2678 -19.8829 36.5
      vertex 18.4011 -20.4365 36.5
    endloop
  endfacet
  facet normal 0 -0 1
    outer loop
      vertex 12.5 -19.1506 36.5
      vertex 22.248 -16.1641 36.5
      vertex 8.09017 -5.87785 36.5
    endloop
  endfacet
  facet normal 0 0 1
    outer loop
      vertex 22.248 -16.1641 36.5
      vertex 12.5 -19.1506 36.5
      vertex 14.2678 -19.8829 36.5
    endloop
  endfacet
  facet normal -0 0 1
    outer loop
      vertex 12.5 19.1506 36.5
      vertex 22.248 16.1641 36.5
      vertex 14.2678 19.8829 36.5
    endloop
  endfacet
  facet normal 0 0 1
    outer loop
      vertex 14.2678 -23.4184 36.5
      vertex 18.4011 -20.4365 36.5
      vertex 15 -21.6506 36.5
    endloop
  endfacet
  facet normal -0 0 1
    outer loop
      vertex 14.2678 -23.4184 36.5
      vertex 13.75 -23.8157 36.5
      vertex 18.4011 -20.4365 36.5
    endloop
  endfacet
  facet normal 0 0 1
    outer loop
      vertex 12.5 -24.1506 36.5
      vertex 13.75 -23.8157 36.5
      vertex 14.2678 -23.4184 36.5
    endloop
  endfacet
  facet normal -0 0 1
    outer loop
      vertex 6.69131 -7.43145 36.5
      vertex 12.5 -19.1506 36.5
      vertex 8.09017 -5.87785 36.5
    endloop
  endfacet
  facet normal -0 0 1
    outer loop
      vertex 12.5 -24.1506 36.5
      vertex 8.49797 -26.1541 36.5
      vertex 13.75 -23.8157 36.5
    endloop
  endfacet
  facet normal 0 0 1
    outer loop
      vertex 10.7322 -23.4184 36.5
      vertex 8.49797 -26.1541 36.5
      vertex 12.5 -24.1506 36.5
    endloop
  endfacet
  facet normal 0 0 1
    outer loop
      vertex 10 -21.6506 36.5
      vertex 8.49797 -26.1541 36.5
      vertex 10.7322 -23.4184 36.5
    endloop
  endfacet
  facet normal -0 0 1
    outer loop
      vertex 5 -8.66025 36.5
      vertex 12.5 -19.1506 36.5
      vertex 6.69131 -7.43145 36.5
    endloop
  endfacet
  facet normal 0 0 1
    outer loop
      vertex 12.5 -19.1506 36.5
      vertex 5 -8.66025 36.5
      vertex 10.7322 -19.8829 36.5
    endloop
  endfacet
  facet normal -0 0 1
    outer loop
      vertex 3.09017 -9.51056 36.5
      vertex 10.7322 -19.8829 36.5
      vertex 5 -8.66025 36.5
    endloop
  endfacet
  facet normal -0 0 1
    outer loop
      vertex 1.04528 -9.94522 36.5
      vertex 10.7322 -19.8829 36.5
      vertex 3.09017 -9.51056 36.5
    endloop
  endfacet
  facet normal 0 0 1
    outer loop
      vertex 10.7322 -19.8829 36.5
      vertex 1.04528 -9.94522 36.5
      vertex 10 -21.6506 36.5
    endloop
  endfacet
  facet normal 0 0 1
    outer loop
      vertex 10 -21.6506 36.5
      vertex 2.87453 -27.3494 36.5
      vertex 8.49797 -26.1541 36.5
    endloop
  endfacet
  facet normal 0 0 1
    outer loop
      vertex 10 -21.6506 36.5
      vertex 1.04528 -9.94522 36.5
      vertex 2.87453 -27.3494 36.5
    endloop
  endfacet
  facet normal -0 0 1
    outer loop
      vertex -1.04528 -9.94522 36.5
      vertex 2.87453 -27.3494 36.5
      vertex 1.04528 -9.94522 36.5
    endloop
  endfacet
  facet normal 0 0 1
    outer loop
      vertex -1.04528 -9.94522 36.5
      vertex -2.87453 -27.3494 36.5
      vertex 2.87453 -27.3494 36.5
    endloop
  endfacet
  facet normal 0 0 1
    outer loop
      vertex -10 -21.6506 36.5
      vertex -1.04528 -9.94522 36.5
      vertex -3.09017 -9.51056 36.5
    endloop
  endfacet
  facet normal 0 0 1
    outer loop
      vertex -10 -21.6506 36.5
      vertex -3.09017 -9.51056 36.5
      vertex -5 -8.66025 36.5
    endloop
  endfacet
  facet normal 0 0 1
    outer loop
      vertex -10 -21.6506 36.5
      vertex -5 -8.66025 36.5
      vertex -6.69131 -7.43145 36.5
    endloop
  endfacet
  facet normal 0 0 1
    outer loop
      vertex -10 -21.6506 36.5
      vertex -6.69131 -7.43145 36.5
      vertex -8.09017 -5.87785 36.5
    endloop
  endfacet
  facet normal 0 0 1
    outer loop
      vertex -1.04528 -9.94522 36.5
      vertex -10 -21.6506 36.5
      vertex -2.87453 -27.3494 36.5
    endloop
  endfacet
  facet normal 0 0 1
    outer loop
      vertex -10 -21.6506 36.5
      vertex -8.09017 -5.87785 36.5
      vertex -9.13545 -4.06737 36.5
    endloop
  endfacet
  facet normal 0 0 1
    outer loop
      vertex -10 -21.6506 36.5
      vertex -9.13545 -4.06737 36.5
      vertex -9.78148 -2.07912 36.5
    endloop
  endfacet
  facet normal 0 0 1
    outer loop
      vertex -10 -21.6506 36.5
      vertex -9.78148 -2.07912 36.5
      vertex -10 0 36.5
    endloop
  endfacet
  facet normal 0 0 1
    outer loop
      vertex -2.87453 -27.3494 36.5
      vertex -10 -21.6506 36.5
      vertex -8.49797 -26.1541 36.5
    endloop
  endfacet
  facet normal -0 0 1
    outer loop
      vertex -10.7322 -23.4184 36.5
      vertex -8.49797 -26.1541 36.5
      vertex -10 -21.6506 36.5
    endloop
  endfacet
  facet normal -0 0 1
    outer loop
      vertex -12.5 -24.1506 36.5
      vertex -8.49797 -26.1541 36.5
      vertex -10.7322 -23.4184 36.5
    endloop
  endfacet
  facet normal 0 0 1
    outer loop
      vertex -12.5 -24.1506 36.5
      vertex -13.75 -23.8157 36.5
      vertex -8.49797 -26.1541 36.5
    endloop
  endfacet
  facet normal 0 0 1
    outer loop
      vertex -14.2678 -23.4184 36.5
      vertex -13.75 -23.8157 36.5
      vertex -12.5 -24.1506 36.5
    endloop
  endfacet
  facet normal 0 0 1
    outer loop
      vertex -14.2678 -23.4184 36.5
      vertex -18.4011 -20.4365 36.5
      vertex -13.75 -23.8157 36.5
    endloop
  endfacet
  facet normal 0 0 1
    outer loop
      vertex -15 -21.6506 36.5
      vertex -18.4011 -20.4365 36.5
      vertex -14.2678 -23.4184 36.5
    endloop
  endfacet
  facet normal 0 0 1
    outer loop
      vertex -12.5 -19.1506 36.5
      vertex -22.248 -16.1641 36.5
      vertex -14.2678 -19.8829 36.5
    endloop
  endfacet
  facet normal -0 0 1
    outer loop
      vertex -25.1225 11.1853 36.5
      vertex -9.13545 4.06737 36.5
      vertex -22.248 16.1641 36.5
    endloop
  endfacet
  facet normal 0 -0 1
    outer loop
      vertex -18.4011 -20.4365 36.5
      vertex -14.2678 -19.8829 36.5
      vertex -22.248 -16.1641 36.5
    endloop
  endfacet
  facet normal 0 0 1
    outer loop
      vertex -14.2678 -19.8829 36.5
      vertex -18.4011 -20.4365 36.5
      vertex -15 -21.6506 36.5
    endloop
  endfacet
  facet normal 0 0 1
    outer loop
      vertex -9.13545 4.06737 36.5
      vertex -23.2322 1.76777 36.5
      vertex -22.5 0 36.5
    endloop
  endfacet
  facet normal 0 0 1
    outer loop
      vertex -9.13545 4.06737 36.5
      vertex -25.1225 11.1853 36.5
      vertex -23.2322 1.76777 36.5
    endloop
  endfacet
  facet normal -0 0 1
    outer loop
      vertex -26.8991 5.71757 36.5
      vertex -23.2322 1.76777 36.5
      vertex -25.1225 11.1853 36.5
    endloop
  endfacet
  facet normal 0 0 1
    outer loop
      vertex -23.2322 1.76777 36.5
      vertex -26.8991 5.71757 36.5
      vertex -25 2.5 36.5
    endloop
  endfacet
  facet normal 0 0 1
    outer loop
      vertex -25 2.5 36.5
      vertex -26.8991 5.71757 36.5
      vertex -26.7678 1.76777 36.5
    endloop
  endfacet
  facet normal 0 0 1
    outer loop
      vertex -26.7678 1.76777 36.5
      vertex -26.8991 5.71757 36.5
      vertex -27.5 0 36.5
    endloop
  endfacet
  facet normal 0.207912 -0.978148 0
    outer loop
      vertex 2.87453 -27.3494 34.5
      vertex 8.49797 -26.1541 36.5
      vertex 2.87453 -27.3494 36.5
    endloop
  endfacet
  facet normal 0.207912 -0.978148 0
    outer loop
      vertex 8.49797 -26.1541 36.5
      vertex 2.87453 -27.3494 34.5
      vertex 8.49797 -26.1541 34.5
    endloop
  endfacet
  facet normal 0 1 -0
    outer loop
      vertex 2.87453 27.3494 34.5
      vertex -2.87453 27.3494 36.5
      vertex 2.87453 27.3494 36.5
    endloop
  endfacet
  facet normal 0 1 0
    outer loop
      vertex -2.87453 27.3494 36.5
      vertex 2.87453 27.3494 34.5
      vertex -2.87453 27.3494 34.5
    endloop
  endfacet
  facet normal 0.951055 -0.309021 0
    outer loop
      vertex 25.1225 -11.1853 36.5
      vertex 26.8991 -5.71757 34.5
      vertex 26.8991 -5.71757 36.5
    endloop
  endfacet
  facet normal 0.951055 -0.309021 0
    outer loop
      vertex 26.8991 -5.71757 34.5
      vertex 25.1225 -11.1853 36.5
      vertex 25.1225 -11.1853 34.5
    endloop
  endfacet
  facet normal 0.587783 0.809019 -0
    outer loop
      vertex 18.4011 20.4365 34.5
      vertex 13.75 23.8157 36.5
      vertex 18.4011 20.4365 36.5
    endloop
  endfacet
  facet normal 0.587783 0.809019 0
    outer loop
      vertex 13.75 23.8157 36.5
      vertex 18.4011 20.4365 34.5
      vertex 13.75 23.8157 34.5
    endloop
  endfacet
  facet normal -0.994523 0.104521 0
    outer loop
      vertex -27.5 0 34.5
      vertex -26.8991 5.71757 36.5
      vertex -26.8991 5.71757 34.5
    endloop
  endfacet
  facet normal -0.994523 0.104521 0
    outer loop
      vertex -26.8991 5.71757 36.5
      vertex -27.5 0 34.5
      vertex -27.5 0 36.5
    endloop
  endfacet
  facet normal -0.866026 -0.499998 0
    outer loop
      vertex -22.248 -16.1641 34.5
      vertex -25.1225 -11.1853 36.5
      vertex -25.1225 -11.1853 34.5
    endloop
  endfacet
  facet normal -0.866026 -0.499998 0
    outer loop
      vertex -25.1225 -11.1853 36.5
      vertex -22.248 -16.1641 34.5
      vertex -22.248 -16.1641 36.5
    endloop
  endfacet
  facet normal 0.406743 0.913543 -0
    outer loop
      vertex 13.75 23.8157 34.5
      vertex 8.49797 26.1541 36.5
      vertex 13.75 23.8157 36.5
    endloop
  endfacet
  facet normal 0.406743 0.913543 0
    outer loop
      vertex 8.49797 26.1541 36.5
      vertex 13.75 23.8157 34.5
      vertex 8.49797 26.1541 34.5
    endloop
  endfacet
  facet normal 0 -1 0
    outer loop
      vertex -2.87453 -27.3494 34.5
      vertex 2.87453 -27.3494 36.5
      vertex -2.87453 -27.3494 36.5
    endloop
  endfacet
  facet normal 0 -1 -0
    outer loop
      vertex 2.87453 -27.3494 36.5
      vertex -2.87453 -27.3494 34.5
      vertex 2.87453 -27.3494 34.5
    endloop
  endfacet
  facet normal -0.994523 -0.104521 0
    outer loop
      vertex -26.8991 -5.71757 34.5
      vertex -27.5 0 36.5
      vertex -27.5 0 34.5
    endloop
  endfacet
  facet normal -0.994523 -0.104521 0
    outer loop
      vertex -27.5 0 36.5
      vertex -26.8991 -5.71757 34.5
      vertex -26.8991 -5.71757 36.5
    endloop
  endfacet
  facet normal 0.406743 -0.913543 0
    outer loop
      vertex 8.49797 -26.1541 34.5
      vertex 13.75 -23.8157 36.5
      vertex 8.49797 -26.1541 36.5
    endloop
  endfacet
  facet normal 0.406743 -0.913543 0
    outer loop
      vertex 13.75 -23.8157 36.5
      vertex 8.49797 -26.1541 34.5
      vertex 13.75 -23.8157 34.5
    endloop
  endfacet
  facet normal -0.743144 -0.669132 0
    outer loop
      vertex -18.4011 -20.4365 34.5
      vertex -22.248 -16.1641 36.5
      vertex -22.248 -16.1641 34.5
    endloop
  endfacet
  facet normal -0.743144 -0.669132 0
    outer loop
      vertex -22.248 -16.1641 36.5
      vertex -18.4011 -20.4365 34.5
      vertex -18.4011 -20.4365 36.5
    endloop
  endfacet
  facet normal 0.207912 0.978148 -0
    outer loop
      vertex 8.49797 26.1541 34.5
      vertex 2.87453 27.3494 36.5
      vertex 8.49797 26.1541 36.5
    endloop
  endfacet
  facet normal 0.207912 0.978148 0
    outer loop
      vertex 2.87453 27.3494 36.5
      vertex 8.49797 26.1541 34.5
      vertex 2.87453 27.3494 34.5
    endloop
  endfacet
  facet normal -0.743138 -0.669138 0
    outer loop
      vertex -20.0739 -22.2943 29.5
      vertex -24.2705 -17.6336 34.5
      vertex -24.2705 -17.6336 29.5
    endloop
  endfacet
  facet normal -0.743138 -0.669138 0
    outer loop
      vertex -24.2705 -17.6336 34.5
      vertex -20.0739 -22.2943 29.5
      vertex -20.0739 -22.2943 34.5
    endloop
  endfacet
  facet normal 0.95106 0.309008 0
    outer loop
      vertex 29.3444 6.23735 34.5
      vertex 27.4064 12.2021 29.5
      vertex 27.4064 12.2021 34.5
    endloop
  endfacet
  facet normal 0.95106 0.309008 0
    outer loop
      vertex 27.4064 12.2021 29.5
      vertex 29.3444 6.23735 34.5
      vertex 29.3444 6.23735 29.5
    endloop
  endfacet
  facet normal 0.994521 0.104533 0
    outer loop
      vertex 30 0 34.5
      vertex 29.3444 6.23735 29.5
      vertex 29.3444 6.23735 34.5
    endloop
  endfacet
  facet normal 0.994521 0.104533 0
    outer loop
      vertex 29.3444 6.23735 29.5
      vertex 30 0 34.5
      vertex 30 0 29.5
    endloop
  endfacet
  facet normal 0.866024 0.500003 0
    outer loop
      vertex 27.4064 12.2021 34.5
      vertex 24.2705 17.6336 29.5
      vertex 24.2705 17.6336 34.5
    endloop
  endfacet
  facet normal 0.866024 0.500003 0
    outer loop
      vertex 24.2705 17.6336 29.5
      vertex 27.4064 12.2021 34.5
      vertex 27.4064 12.2021 29.5
    endloop
  endfacet
  facet normal 0.95106 -0.309008 0
    outer loop
      vertex 27.4064 -12.2021 34.5
      vertex 29.3444 -6.23735 29.5
      vertex 29.3444 -6.23735 34.5
    endloop
  endfacet
  facet normal 0.95106 -0.309008 0
    outer loop
      vertex 29.3444 -6.23735 29.5
      vertex 27.4064 -12.2021 34.5
      vertex 27.4064 -12.2021 29.5
    endloop
  endfacet
  facet normal 0.587795 -0.80901 0
    outer loop
      vertex 15 -25.9808 29.5
      vertex 20.0739 -22.2943 34.5
      vertex 15 -25.9808 34.5
    endloop
  endfacet
  facet normal 0.587795 -0.80901 0
    outer loop
      vertex 20.0739 -22.2943 34.5
      vertex 15 -25.9808 29.5
      vertex 20.0739 -22.2943 29.5
    endloop
  endfacet
  facet normal 0.743138 -0.669138 0
    outer loop
      vertex 20.0739 -22.2943 34.5
      vertex 24.2705 -17.6336 29.5
      vertex 24.2705 -17.6336 34.5
    endloop
  endfacet
  facet normal 0.743138 -0.669138 0
    outer loop
      vertex 24.2705 -17.6336 29.5
      vertex 20.0739 -22.2943 34.5
      vertex 20.0739 -22.2943 29.5
    endloop
  endfacet
  facet normal 0.994521 -0.104533 0
    outer loop
      vertex 29.3444 -6.23735 34.5
      vertex 30 0 29.5
      vertex 30 0 34.5
    endloop
  endfacet
  facet normal 0.994521 -0.104533 0
    outer loop
      vertex 30 0 29.5
      vertex 29.3444 -6.23735 34.5
      vertex 29.3444 -6.23735 29.5
    endloop
  endfacet
  facet normal -0.406732 -0.913547 0
    outer loop
      vertex -15 -25.9808 29.5
      vertex -9.27051 -28.5317 34.5
      vertex -15 -25.9808 34.5
    endloop
  endfacet
  facet normal -0.406732 -0.913547 -0
    outer loop
      vertex -9.27051 -28.5317 34.5
      vertex -15 -25.9808 29.5
      vertex -9.27051 -28.5317 29.5
    endloop
  endfacet
  facet normal 0.406732 0.913547 -0
    outer loop
      vertex 15 25.9808 29.5
      vertex 9.27051 28.5317 34.5
      vertex 15 25.9808 34.5
    endloop
  endfacet
  facet normal 0.406732 0.913547 0
    outer loop
      vertex 9.27051 28.5317 34.5
      vertex 15 25.9808 29.5
      vertex 9.27051 28.5317 29.5
    endloop
  endfacet
  facet normal 0.743138 0.669138 0
    outer loop
      vertex 24.2705 17.6336 34.5
      vertex 20.0739 22.2943 29.5
      vertex 20.0739 22.2943 34.5
    endloop
  endfacet
  facet normal 0.743138 0.669138 0
    outer loop
      vertex 20.0739 22.2943 29.5
      vertex 24.2705 17.6336 34.5
      vertex 24.2705 17.6336 29.5
    endloop
  endfacet
  facet normal -0.587795 -0.80901 0
    outer loop
      vertex -20.0739 -22.2943 29.5
      vertex -15 -25.9808 34.5
      vertex -20.0739 -22.2943 34.5
    endloop
  endfacet
  facet normal -0.587795 -0.80901 -0
    outer loop
      vertex -15 -25.9808 34.5
      vertex -20.0739 -22.2943 29.5
      vertex -15 -25.9808 29.5
    endloop
  endfacet
  facet normal -0.743138 0.669138 0
    outer loop
      vertex -24.2705 17.6336 29.5
      vertex -20.0739 22.2943 34.5
      vertex -20.0739 22.2943 29.5
    endloop
  endfacet
  facet normal -0.743138 0.669138 0
    outer loop
      vertex -20.0739 22.2943 34.5
      vertex -24.2705 17.6336 29.5
      vertex -24.2705 17.6336 34.5
    endloop
  endfacet
  facet normal 0 1 -0
    outer loop
      vertex 3.13585 29.8357 29.5
      vertex -3.13585 29.8357 34.5
      vertex 3.13585 29.8357 34.5
    endloop
  endfacet
  facet normal 0 1 0
    outer loop
      vertex -3.13585 29.8357 34.5
      vertex 3.13585 29.8357 29.5
      vertex -3.13585 29.8357 29.5
    endloop
  endfacet
  facet normal 0.406732 -0.913547 0
    outer loop
      vertex 9.27051 -28.5317 29.5
      vertex 15 -25.9808 34.5
      vertex 9.27051 -28.5317 34.5
    endloop
  endfacet
  facet normal 0.406732 -0.913547 0
    outer loop
      vertex 15 -25.9808 34.5
      vertex 9.27051 -28.5317 29.5
      vertex 15 -25.9808 29.5
    endloop
  endfacet
  facet normal 0.207917 -0.978146 0
    outer loop
      vertex 3.13585 -29.8357 29.5
      vertex 9.27051 -28.5317 34.5
      vertex 3.13585 -29.8357 34.5
    endloop
  endfacet
  facet normal 0.207917 -0.978146 0
    outer loop
      vertex 9.27051 -28.5317 34.5
      vertex 3.13585 -29.8357 29.5
      vertex 9.27051 -28.5317 29.5
    endloop
  endfacet
  facet normal -0.95106 0.309008 0
    outer loop
      vertex -29.3444 6.23735 29.5
      vertex -27.4064 12.2021 34.5
      vertex -27.4064 12.2021 29.5
    endloop
  endfacet
  facet normal -0.95106 0.309008 0
    outer loop
      vertex -27.4064 12.2021 34.5
      vertex -29.3444 6.23735 29.5
      vertex -29.3444 6.23735 34.5
    endloop
  endfacet
  facet normal 0 0 -1
    outer loop
      vertex -24.2705 17.6336 29.5
      vertex -14.2678 19.8829 29.5
      vertex -23.2322 1.76777 29.5
    endloop
  endfacet
  facet normal -0 0 -1
    outer loop
      vertex -14.2678 19.8829 29.5
      vertex -24.2705 17.6336 29.5
      vertex -20.0739 22.2943 29.5
    endloop
  endfacet
  facet normal 0 0 -1
    outer loop
      vertex -27.4064 12.2021 29.5
      vertex -23.2322 1.76777 29.5
      vertex -25 2.5 29.5
    endloop
  endfacet
  facet normal 0 0 -1
    outer loop
      vertex -29.3444 6.23735 29.5
      vertex -25 2.5 29.5
      vertex -26.7678 1.76777 29.5
    endloop
  endfacet
  facet normal 0 0 -1
    outer loop
      vertex -23.2322 1.76777 29.5
      vertex -27.4064 12.2021 29.5
      vertex -24.2705 17.6336 29.5
    endloop
  endfacet
  facet normal 0 0 -1
    outer loop
      vertex -30 0 29.5
      vertex -26.7678 1.76777 29.5
      vertex -27.5 0 29.5
    endloop
  endfacet
  facet normal 0 0 -1
    outer loop
      vertex -26.7678 -1.76777 29.5
      vertex -30 0 29.5
      vertex -27.5 0 29.5
    endloop
  endfacet
  facet normal 0 0 -1
    outer loop
      vertex -25 2.5 29.5
      vertex -29.3444 6.23735 29.5
      vertex -27.4064 12.2021 29.5
    endloop
  endfacet
  facet normal -0 0 -1
    outer loop
      vertex -26.7678 1.76777 29.5
      vertex -30 0 29.5
      vertex -29.3444 6.23735 29.5
    endloop
  endfacet
  facet normal 0 0 -1
    outer loop
      vertex -14.2678 -19.8829 29.5
      vertex -8.09017 -5.87785 29.5
      vertex -12.5 -19.1506 29.5
    endloop
  endfacet
  facet normal 0 0 -1
    outer loop
      vertex -8.09017 -5.87785 29.5
      vertex -23.2322 -1.76777 29.5
      vertex -9.13545 -4.06737 29.5
    endloop
  endfacet
  facet normal 0 0 -1
    outer loop
      vertex -9.13545 -4.06737 29.5
      vertex -23.2322 -1.76777 29.5
      vertex -9.78148 -2.07912 29.5
    endloop
  endfacet
  facet normal 0 0 -1
    outer loop
      vertex -10 0 29.5
      vertex -10.7322 19.8829 29.5
      vertex -10 21.6506 29.5
    endloop
  endfacet
  facet normal 0 -0 -1
    outer loop
      vertex -22.5 0 29.5
      vertex -9.78148 -2.07912 29.5
      vertex -23.2322 -1.76777 29.5
    endloop
  endfacet
  facet normal 0 0 -1
    outer loop
      vertex -23.2322 1.76777 29.5
      vertex -10 0 29.5
      vertex -22.5 0 29.5
    endloop
  endfacet
  facet normal -0 0 -1
    outer loop
      vertex -8.09017 -5.87785 29.5
      vertex -14.2678 -19.8829 29.5
      vertex -23.2322 -1.76777 29.5
    endloop
  endfacet
  facet normal 0 0 -1
    outer loop
      vertex -10 0 29.5
      vertex -12.5 19.1506 29.5
      vertex -10.7322 19.8829 29.5
    endloop
  endfacet
  facet normal 0 0 -1
    outer loop
      vertex -20.0739 -22.2943 29.5
      vertex -14.2678 -19.8829 29.5
      vertex -15 -21.6506 29.5
    endloop
  endfacet
  facet normal 0 0 -1
    outer loop
      vertex -10 0 29.5
      vertex -23.2322 1.76777 29.5
      vertex -12.5 19.1506 29.5
    endloop
  endfacet
  facet normal 0 -0 -1
    outer loop
      vertex 9.78148 -2.07912 29.5
      vertex 23.2322 -1.76777 29.5
      vertex 9.13545 -4.06737 29.5
    endloop
  endfacet
  facet normal 0 0 -1
    outer loop
      vertex 22.5 0 29.5
      vertex 14.2678 19.8829 29.5
      vertex 15 21.6506 29.5
    endloop
  endfacet
  facet normal 0 0 -1
    outer loop
      vertex 8.09017 -5.87785 29.5
      vertex 14.2678 -19.8829 29.5
      vertex 12.5 -19.1506 29.5
    endloop
  endfacet
  facet normal 0 0 -1
    outer loop
      vertex 9.78148 2.07912 29.5
      vertex 22.5 0 29.5
      vertex 10 0 29.5
    endloop
  endfacet
  facet normal 0 0 -1
    outer loop
      vertex 5 -8.66025 29.5
      vertex 12.5 -19.1506 29.5
      vertex 10.7322 -19.8829 29.5
    endloop
  endfacet
  facet normal 0 0 -1
    outer loop
      vertex 9.13545 4.06737 29.5
      vertex 22.5 0 29.5
      vertex 9.78148 2.07912 29.5
    endloop
  endfacet
  facet normal 0 0 -1
    outer loop
      vertex 1.04528 -9.94522 29.5
      vertex 10.7322 -19.8829 29.5
      vertex 10 -21.6506 29.5
    endloop
  endfacet
  facet normal 0 0 -1
    outer loop
      vertex 22.5 0 29.5
      vertex 9.13545 4.06737 29.5
      vertex 14.2678 19.8829 29.5
    endloop
  endfacet
  facet normal 0 0 -1
    outer loop
      vertex 8.09017 5.87785 29.5
      vertex 14.2678 19.8829 29.5
      vertex 9.13545 4.06737 29.5
    endloop
  endfacet
  facet normal 0 0 -1
    outer loop
      vertex 14.2678 19.8829 29.5
      vertex 8.09017 5.87785 29.5
      vertex 12.5 19.1506 29.5
    endloop
  endfacet
  facet normal -0 0 -1
    outer loop
      vertex 20.0739 -22.2943 29.5
      vertex 14.2678 -23.4184 29.5
      vertex 15 -21.6506 29.5
    endloop
  endfacet
  facet normal 0 0 -1
    outer loop
      vertex 15 -25.9808 29.5
      vertex 12.5 -24.1506 29.5
      vertex 14.2678 -23.4184 29.5
    endloop
  endfacet
  facet normal 0 0 -1
    outer loop
      vertex 9.27051 -28.5317 29.5
      vertex 12.5 -24.1506 29.5
      vertex 15 -25.9808 29.5
    endloop
  endfacet
  facet normal -0 0 -1
    outer loop
      vertex 22.5 0 29.5
      vertex 9.78148 -2.07912 29.5
      vertex 10 0 29.5
    endloop
  endfacet
  facet normal -0 0 -1
    outer loop
      vertex 12.5 -24.1506 29.5
      vertex 9.27051 -28.5317 29.5
      vertex 10.7322 -23.4184 29.5
    endloop
  endfacet
  facet normal 0 0 -1
    outer loop
      vertex 9.27051 -28.5317 29.5
      vertex 10 -21.6506 29.5
      vertex 10.7322 -23.4184 29.5
    endloop
  endfacet
  facet normal 0 0 -1
    outer loop
      vertex 3.13585 -29.8357 29.5
      vertex 10 -21.6506 29.5
      vertex 9.27051 -28.5317 29.5
    endloop
  endfacet
  facet normal -0 0 -1
    outer loop
      vertex 23.2322 -1.76777 29.5
      vertex 9.78148 -2.07912 29.5
      vertex 22.5 0 29.5
    endloop
  endfacet
  facet normal 0 0 -1
    outer loop
      vertex 14.2678 -19.8829 29.5
      vertex 8.09017 -5.87785 29.5
      vertex 9.13545 -4.06737 29.5
    endloop
  endfacet
  facet normal 0 0 -1
    outer loop
      vertex 12.5 -19.1506 29.5
      vertex 6.69131 -7.43145 29.5
      vertex 8.09017 -5.87785 29.5
    endloop
  endfacet
  facet normal 0 0 -1
    outer loop
      vertex 12.5 -19.1506 29.5
      vertex 5 -8.66025 29.5
      vertex 6.69131 -7.43145 29.5
    endloop
  endfacet
  facet normal 0 0 -1
    outer loop
      vertex -10 -21.6506 29.5
      vertex 10 -21.6506 29.5
      vertex 3.13585 -29.8357 29.5
    endloop
  endfacet
  facet normal 0 0 -1
    outer loop
      vertex 10.7322 -19.8829 29.5
      vertex 3.09017 -9.51056 29.5
      vertex 5 -8.66025 29.5
    endloop
  endfacet
  facet normal 0 0 -1
    outer loop
      vertex 10.7322 -19.8829 29.5
      vertex 1.04528 -9.94522 29.5
      vertex 3.09017 -9.51056 29.5
    endloop
  endfacet
  facet normal 0 0 -1
    outer loop
      vertex 10 -21.6506 29.5
      vertex -1.04528 -9.94522 29.5
      vertex 1.04528 -9.94522 29.5
    endloop
  endfacet
  facet normal 0 0 -1
    outer loop
      vertex 10 -21.6506 29.5
      vertex -10 -21.6506 29.5
      vertex -1.04528 -9.94522 29.5
    endloop
  endfacet
  facet normal 0 0 -1
    outer loop
      vertex -10 -21.6506 29.5
      vertex 3.13585 -29.8357 29.5
      vertex -3.13585 -29.8357 29.5
    endloop
  endfacet
  facet normal 0 0 -1
    outer loop
      vertex -10.7322 -19.8829 29.5
      vertex -1.04528 -9.94522 29.5
      vertex -10 -21.6506 29.5
    endloop
  endfacet
  facet normal -0 0 -1
    outer loop
      vertex -1.04528 -9.94522 29.5
      vertex -10.7322 -19.8829 29.5
      vertex -3.09017 -9.51056 29.5
    endloop
  endfacet
  facet normal -0 0 -1
    outer loop
      vertex -3.09017 -9.51056 29.5
      vertex -10.7322 -19.8829 29.5
      vertex -5 -8.66025 29.5
    endloop
  endfacet
  facet normal 0 0 -1
    outer loop
      vertex -12.5 -19.1506 29.5
      vertex -5 -8.66025 29.5
      vertex -10.7322 -19.8829 29.5
    endloop
  endfacet
  facet normal 0 0 -1
    outer loop
      vertex -10 -21.6506 29.5
      vertex -3.13585 -29.8357 29.5
      vertex -9.27051 -28.5317 29.5
    endloop
  endfacet
  facet normal -0 0 -1
    outer loop
      vertex -5 -8.66025 29.5
      vertex -12.5 -19.1506 29.5
      vertex -6.69131 -7.43145 29.5
    endloop
  endfacet
  facet normal -0 0 -1
    outer loop
      vertex -6.69131 -7.43145 29.5
      vertex -12.5 -19.1506 29.5
      vertex -8.09017 -5.87785 29.5
    endloop
  endfacet
  facet normal 0 0 -1
    outer loop
      vertex -9.27051 -28.5317 29.5
      vertex -10.7322 -23.4184 29.5
      vertex -10 -21.6506 29.5
    endloop
  endfacet
  facet normal 0 0 -1
    outer loop
      vertex -9.27051 -28.5317 29.5
      vertex -12.5 -24.1506 29.5
      vertex -10.7322 -23.4184 29.5
    endloop
  endfacet
  facet normal 0 0 -1
    outer loop
      vertex -15 -25.9808 29.5
      vertex -12.5 -24.1506 29.5
      vertex -9.27051 -28.5317 29.5
    endloop
  endfacet
  facet normal -0 0 -1
    outer loop
      vertex -12.5 -24.1506 29.5
      vertex -15 -25.9808 29.5
      vertex -14.2678 -23.4184 29.5
    endloop
  endfacet
  facet normal 0 0 -1
    outer loop
      vertex -20.0739 -22.2943 29.5
      vertex -14.2678 -23.4184 29.5
      vertex -15 -25.9808 29.5
    endloop
  endfacet
  facet normal 0 0 -1
    outer loop
      vertex -14.2678 -23.4184 29.5
      vertex -20.0739 -22.2943 29.5
      vertex -15 -21.6506 29.5
    endloop
  endfacet
  facet normal -0 0 -1
    outer loop
      vertex -12.5 19.1506 29.5
      vertex -23.2322 1.76777 29.5
      vertex -14.2678 19.8829 29.5
    endloop
  endfacet
  facet normal -0 0 -1
    outer loop
      vertex -14.2678 -19.8829 29.5
      vertex -20.0739 -22.2943 29.5
      vertex -24.2705 -17.6336 29.5
    endloop
  endfacet
  facet normal 0 0 -1
    outer loop
      vertex -14.2678 19.8829 29.5
      vertex -20.0739 22.2943 29.5
      vertex -15 21.6506 29.5
    endloop
  endfacet
  facet normal 0 0 -1
    outer loop
      vertex -15 21.6506 29.5
      vertex -20.0739 22.2943 29.5
      vertex -15 25.9808 29.5
    endloop
  endfacet
  facet normal 0 0 -1
    outer loop
      vertex -9.78148 -2.07912 29.5
      vertex -22.5 0 29.5
      vertex -10 0 29.5
    endloop
  endfacet
  facet normal 0 0 -1
    outer loop
      vertex -14.2678 -19.8829 29.5
      vertex -24.2705 -17.6336 29.5
      vertex -23.2322 -1.76777 29.5
    endloop
  endfacet
  facet normal 0 0 -1
    outer loop
      vertex -27.4064 -12.2021 29.5
      vertex -23.2322 -1.76777 29.5
      vertex -24.2705 -17.6336 29.5
    endloop
  endfacet
  facet normal 0 0 -1
    outer loop
      vertex -23.2322 -1.76777 29.5
      vertex -27.4064 -12.2021 29.5
      vertex -25 -2.5 29.5
    endloop
  endfacet
  facet normal 0 0 -1
    outer loop
      vertex -29.3444 -6.23735 29.5
      vertex -25 -2.5 29.5
      vertex -27.4064 -12.2021 29.5
    endloop
  endfacet
  facet normal -0 0 -1
    outer loop
      vertex -25 -2.5 29.5
      vertex -29.3444 -6.23735 29.5
      vertex -26.7678 -1.76777 29.5
    endloop
  endfacet
  facet normal 0 0 -1
    outer loop
      vertex -30 0 29.5
      vertex -26.7678 -1.76777 29.5
      vertex -29.3444 -6.23735 29.5
    endloop
  endfacet
  facet normal 0 0 -1
    outer loop
      vertex 26.7678 -1.76777 29.5
      vertex 30 0 29.5
      vertex 29.3444 -6.23735 29.5
    endloop
  endfacet
  facet normal 0 0 -1
    outer loop
      vertex 26.7678 1.76777 29.5
      vertex 30 0 29.5
      vertex 27.5 0 29.5
    endloop
  endfacet
  facet normal 0 0 -1
    outer loop
      vertex 25 -2.5 29.5
      vertex 29.3444 -6.23735 29.5
      vertex 27.4064 -12.2021 29.5
    endloop
  endfacet
  facet normal -0 0 -1
    outer loop
      vertex 30 0 29.5
      vertex 26.7678 -1.76777 29.5
      vertex 27.5 0 29.5
    endloop
  endfacet
  facet normal 0 0 -1
    outer loop
      vertex 29.3444 -6.23735 29.5
      vertex 25 -2.5 29.5
      vertex 26.7678 -1.76777 29.5
    endloop
  endfacet
  facet normal 0 0 -1
    outer loop
      vertex 23.2322 -1.76777 29.5
      vertex 27.4064 -12.2021 29.5
      vertex 24.2705 -17.6336 29.5
    endloop
  endfacet
  facet normal 0 0 -1
    outer loop
      vertex 27.4064 -12.2021 29.5
      vertex 23.2322 -1.76777 29.5
      vertex 25 -2.5 29.5
    endloop
  endfacet
  facet normal 0 0 -1
    outer loop
      vertex 20.0739 -22.2943 29.5
      vertex 14.2678 -19.8829 29.5
      vertex 24.2705 -17.6336 29.5
    endloop
  endfacet
  facet normal 0 0 -1
    outer loop
      vertex 14.2678 -19.8829 29.5
      vertex 20.0739 -22.2943 29.5
      vertex 15 -21.6506 29.5
    endloop
  endfacet
  facet normal 0 0 -1
    outer loop
      vertex 30 0 29.5
      vertex 26.7678 1.76777 29.5
      vertex 29.3444 6.23735 29.5
    endloop
  endfacet
  facet normal 0 0 -1
    outer loop
      vertex 25 2.5 29.5
      vertex 29.3444 6.23735 29.5
      vertex 26.7678 1.76777 29.5
    endloop
  endfacet
  facet normal -0 0 -1
    outer loop
      vertex 29.3444 6.23735 29.5
      vertex 25 2.5 29.5
      vertex 27.4064 12.2021 29.5
    endloop
  endfacet
  facet normal 0 0 -1
    outer loop
      vertex 23.2322 1.76777 29.5
      vertex 27.4064 12.2021 29.5
      vertex 25 2.5 29.5
    endloop
  endfacet
  facet normal -0 0 -1
    outer loop
      vertex 27.4064 12.2021 29.5
      vertex 23.2322 1.76777 29.5
      vertex 24.2705 17.6336 29.5
    endloop
  endfacet
  facet normal 0 0 -1
    outer loop
      vertex 15 21.6506 29.5
      vertex 23.2322 1.76777 29.5
      vertex 22.5 0 29.5
    endloop
  endfacet
  facet normal -0 0 -1
    outer loop
      vertex 24.2705 -17.6336 29.5
      vertex 14.2678 -19.8829 29.5
      vertex 23.2322 -1.76777 29.5
    endloop
  endfacet
  facet normal 0 0 -1
    outer loop
      vertex 9.13545 -4.06737 29.5
      vertex 23.2322 -1.76777 29.5
      vertex 14.2678 -19.8829 29.5
    endloop
  endfacet
  facet normal 0 0 -1
    outer loop
      vertex 14.2678 -23.4184 29.5
      vertex 20.0739 -22.2943 29.5
      vertex 15 -25.9808 29.5
    endloop
  endfacet
  facet normal 0 0 -1
    outer loop
      vertex 23.2322 1.76777 29.5
      vertex 15 21.6506 29.5
      vertex 24.2705 17.6336 29.5
    endloop
  endfacet
  facet normal 0 0 -1
    outer loop
      vertex 24.2705 17.6336 29.5
      vertex 15 21.6506 29.5
      vertex 20.0739 22.2943 29.5
    endloop
  endfacet
  facet normal 0 0 -1
    outer loop
      vertex 14.2678 23.4184 29.5
      vertex 20.0739 22.2943 29.5
      vertex 15 21.6506 29.5
    endloop
  endfacet
  facet normal 0 0 -1
    outer loop
      vertex 20.0739 22.2943 29.5
      vertex 14.2678 23.4184 29.5
      vertex 15 25.9808 29.5
    endloop
  endfacet
  facet normal 0 0 -1
    outer loop
      vertex 12.5 24.1506 29.5
      vertex 15 25.9808 29.5
      vertex 14.2678 23.4184 29.5
    endloop
  endfacet
  facet normal 0 0 -1
    outer loop
      vertex 9.27051 28.5317 29.5
      vertex 12.5 24.1506 29.5
      vertex 10.7322 23.4184 29.5
    endloop
  endfacet
  facet normal 0 0 -1
    outer loop
      vertex 12.5 24.1506 29.5
      vertex 9.27051 28.5317 29.5
      vertex 15 25.9808 29.5
    endloop
  endfacet
  facet normal 0 0 -1
    outer loop
      vertex 10 21.6506 29.5
      vertex 9.27051 28.5317 29.5
      vertex 10.7322 23.4184 29.5
    endloop
  endfacet
  facet normal 0 0 -1
    outer loop
      vertex 6.69131 7.43145 29.5
      vertex 12.5 19.1506 29.5
      vertex 8.09017 5.87785 29.5
    endloop
  endfacet
  facet normal 0 0 -1
    outer loop
      vertex 5 8.66025 29.5
      vertex 12.5 19.1506 29.5
      vertex 6.69131 7.43145 29.5
    endloop
  endfacet
  facet normal -0 0 -1
    outer loop
      vertex 12.5 19.1506 29.5
      vertex 5 8.66025 29.5
      vertex 10.7322 19.8829 29.5
    endloop
  endfacet
  facet normal 0 0 -1
    outer loop
      vertex 3.09017 9.51056 29.5
      vertex 10.7322 19.8829 29.5
      vertex 5 8.66025 29.5
    endloop
  endfacet
  facet normal 0 0 -1
    outer loop
      vertex 1.04528 9.94522 29.5
      vertex 10.7322 19.8829 29.5
      vertex 3.09017 9.51056 29.5
    endloop
  endfacet
  facet normal -0 0 -1
    outer loop
      vertex 10.7322 19.8829 29.5
      vertex 1.04528 9.94522 29.5
      vertex 10 21.6506 29.5
    endloop
  endfacet
  facet normal 0 0 -1
    outer loop
      vertex 10 21.6506 29.5
      vertex 3.13585 29.8357 29.5
      vertex 9.27051 28.5317 29.5
    endloop
  endfacet
  facet normal 0 0 -1
    outer loop
      vertex -1.04528 9.94522 29.5
      vertex 10 21.6506 29.5
      vertex 1.04528 9.94522 29.5
    endloop
  endfacet
  facet normal 0 0 -1
    outer loop
      vertex -10 21.6506 29.5
      vertex 10 21.6506 29.5
      vertex -1.04528 9.94522 29.5
    endloop
  endfacet
  facet normal 0 0 -1
    outer loop
      vertex -10 21.6506 29.5
      vertex -1.04528 9.94522 29.5
      vertex -3.09017 9.51056 29.5
    endloop
  endfacet
  facet normal 0 0 -1
    outer loop
      vertex 10 21.6506 29.5
      vertex -10 21.6506 29.5
      vertex 3.13585 29.8357 29.5
    endloop
  endfacet
  facet normal 0 0 -1
    outer loop
      vertex -10 21.6506 29.5
      vertex -3.09017 9.51056 29.5
      vertex -5 8.66025 29.5
    endloop
  endfacet
  facet normal 0 0 -1
    outer loop
      vertex -10 21.6506 29.5
      vertex -5 8.66025 29.5
      vertex -6.69131 7.43145 29.5
    endloop
  endfacet
  facet normal 0 0 -1
    outer loop
      vertex -10 21.6506 29.5
      vertex -6.69131 7.43145 29.5
      vertex -8.09017 5.87785 29.5
    endloop
  endfacet
  facet normal 0 0 -1
    outer loop
      vertex -10 21.6506 29.5
      vertex -8.09017 5.87785 29.5
      vertex -9.13545 4.06737 29.5
    endloop
  endfacet
  facet normal -0 0 -1
    outer loop
      vertex 3.13585 29.8357 29.5
      vertex -10 21.6506 29.5
      vertex -3.13585 29.8357 29.5
    endloop
  endfacet
  facet normal 0 0 -1
    outer loop
      vertex -10 21.6506 29.5
      vertex -9.13545 4.06737 29.5
      vertex -9.78148 2.07912 29.5
    endloop
  endfacet
  facet normal 0 0 -1
    outer loop
      vertex -10 21.6506 29.5
      vertex -9.78148 2.07912 29.5
      vertex -10 0 29.5
    endloop
  endfacet
  facet normal 0 0 -1
    outer loop
      vertex -3.13585 29.8357 29.5
      vertex -10 21.6506 29.5
      vertex -9.27051 28.5317 29.5
    endloop
  endfacet
  facet normal 0 0 -1
    outer loop
      vertex -10.7322 23.4184 29.5
      vertex -9.27051 28.5317 29.5
      vertex -10 21.6506 29.5
    endloop
  endfacet
  facet normal 0 0 -1
    outer loop
      vertex -12.5 24.1506 29.5
      vertex -9.27051 28.5317 29.5
      vertex -10.7322 23.4184 29.5
    endloop
  endfacet
  facet normal 0 0 -1
    outer loop
      vertex -15 25.9808 29.5
      vertex -12.5 24.1506 29.5
      vertex -14.2678 23.4184 29.5
    endloop
  endfacet
  facet normal 0 0 -1
    outer loop
      vertex -12.5 24.1506 29.5
      vertex -15 25.9808 29.5
      vertex -9.27051 28.5317 29.5
    endloop
  endfacet
  facet normal 0 0 -1
    outer loop
      vertex -15 25.9808 29.5
      vertex -14.2678 23.4184 29.5
      vertex -15 21.6506 29.5
    endloop
  endfacet
  facet normal -0.95106 -0.309008 0
    outer loop
      vertex -27.4064 -12.2021 29.5
      vertex -29.3444 -6.23735 34.5
      vertex -29.3444 -6.23735 29.5
    endloop
  endfacet
  facet normal -0.95106 -0.309008 0
    outer loop
      vertex -29.3444 -6.23735 34.5
      vertex -27.4064 -12.2021 29.5
      vertex -27.4064 -12.2021 34.5
    endloop
  endfacet
  facet normal -0.406732 0.913547 0
    outer loop
      vertex -9.27051 28.5317 29.5
      vertex -15 25.9808 34.5
      vertex -9.27051 28.5317 34.5
    endloop
  endfacet
  facet normal -0.406732 0.913547 0
    outer loop
      vertex -15 25.9808 34.5
      vertex -9.27051 28.5317 29.5
      vertex -15 25.9808 29.5
    endloop
  endfacet
  facet normal 0 0 1
    outer loop
      vertex 27.5 0 34.5
      vertex 30 0 34.5
      vertex 29.3444 6.23735 34.5
    endloop
  endfacet
  facet normal 0 0 1
    outer loop
      vertex 30 0 34.5
      vertex 27.5 0 34.5
      vertex 29.3444 -6.23735 34.5
    endloop
  endfacet
  facet normal 0 0 1
    outer loop
      vertex 26.8991 5.71757 34.5
      vertex 29.3444 6.23735 34.5
      vertex 27.4064 12.2021 34.5
    endloop
  endfacet
  facet normal 0 0 1
    outer loop
      vertex 29.3444 6.23735 34.5
      vertex 26.8991 5.71757 34.5
      vertex 27.5 0 34.5
    endloop
  endfacet
  facet normal 0 0 1
    outer loop
      vertex 27.4064 12.2021 34.5
      vertex 25.1225 11.1853 34.5
      vertex 26.8991 5.71757 34.5
    endloop
  endfacet
  facet normal 0 0 1
    outer loop
      vertex 24.2705 17.6336 34.5
      vertex 25.1225 11.1853 34.5
      vertex 27.4064 12.2021 34.5
    endloop
  endfacet
  facet normal 0 0 1
    outer loop
      vertex 24.2705 17.6336 34.5
      vertex 22.248 16.1641 34.5
      vertex 25.1225 11.1853 34.5
    endloop
  endfacet
  facet normal 0 0 1
    outer loop
      vertex 20.0739 22.2943 34.5
      vertex 22.248 16.1641 34.5
      vertex 24.2705 17.6336 34.5
    endloop
  endfacet
  facet normal 0 0 1
    outer loop
      vertex 20.0739 22.2943 34.5
      vertex 18.4011 20.4365 34.5
      vertex 22.248 16.1641 34.5
    endloop
  endfacet
  facet normal 0 0 1
    outer loop
      vertex 15 25.9808 34.5
      vertex 18.4011 20.4365 34.5
      vertex 20.0739 22.2943 34.5
    endloop
  endfacet
  facet normal 0 0 1
    outer loop
      vertex 15 25.9808 34.5
      vertex 13.75 23.8157 34.5
      vertex 18.4011 20.4365 34.5
    endloop
  endfacet
  facet normal 0 0 1
    outer loop
      vertex 9.27051 28.5317 34.5
      vertex 13.75 23.8157 34.5
      vertex 15 25.9808 34.5
    endloop
  endfacet
  facet normal 0 0 1
    outer loop
      vertex 9.27051 28.5317 34.5
      vertex 8.49797 26.1541 34.5
      vertex 13.75 23.8157 34.5
    endloop
  endfacet
  facet normal 0 0 1
    outer loop
      vertex 3.13585 29.8357 34.5
      vertex 8.49797 26.1541 34.5
      vertex 9.27051 28.5317 34.5
    endloop
  endfacet
  facet normal 0 0 1
    outer loop
      vertex 3.13585 29.8357 34.5
      vertex 2.87453 27.3494 34.5
      vertex 8.49797 26.1541 34.5
    endloop
  endfacet
  facet normal 0 0 1
    outer loop
      vertex 3.13585 29.8357 34.5
      vertex -2.87453 27.3494 34.5
      vertex 2.87453 27.3494 34.5
    endloop
  endfacet
  facet normal -0 0 1
    outer loop
      vertex -3.13585 29.8357 34.5
      vertex -2.87453 27.3494 34.5
      vertex 3.13585 29.8357 34.5
    endloop
  endfacet
  facet normal 0 0 1
    outer loop
      vertex -3.13585 29.8357 34.5
      vertex -8.49797 26.1541 34.5
      vertex -2.87453 27.3494 34.5
    endloop
  endfacet
  facet normal -0 0 1
    outer loop
      vertex -9.27051 28.5317 34.5
      vertex -8.49797 26.1541 34.5
      vertex -3.13585 29.8357 34.5
    endloop
  endfacet
  facet normal 0 0 1
    outer loop
      vertex -9.27051 28.5317 34.5
      vertex -13.75 23.8157 34.5
      vertex -8.49797 26.1541 34.5
    endloop
  endfacet
  facet normal -0 0 1
    outer loop
      vertex -15 25.9808 34.5
      vertex -13.75 23.8157 34.5
      vertex -9.27051 28.5317 34.5
    endloop
  endfacet
  facet normal 0 0 1
    outer loop
      vertex -15 25.9808 34.5
      vertex -18.4011 20.4365 34.5
      vertex -13.75 23.8157 34.5
    endloop
  endfacet
  facet normal -0 0 1
    outer loop
      vertex -20.0739 22.2943 34.5
      vertex -18.4011 20.4365 34.5
      vertex -15 25.9808 34.5
    endloop
  endfacet
  facet normal 0 0 1
    outer loop
      vertex -20.0739 22.2943 34.5
      vertex -22.248 16.1641 34.5
      vertex -18.4011 20.4365 34.5
    endloop
  endfacet
  facet normal -0 0 1
    outer loop
      vertex -24.2705 17.6336 34.5
      vertex -22.248 16.1641 34.5
      vertex -20.0739 22.2943 34.5
    endloop
  endfacet
  facet normal 0 0 1
    outer loop
      vertex -24.2705 17.6336 34.5
      vertex -25.1225 11.1853 34.5
      vertex -22.248 16.1641 34.5
    endloop
  endfacet
  facet normal -0 0 1
    outer loop
      vertex -27.4064 12.2021 34.5
      vertex -25.1225 11.1853 34.5
      vertex -24.2705 17.6336 34.5
    endloop
  endfacet
  facet normal 0 0 1
    outer loop
      vertex -25.1225 11.1853 34.5
      vertex -27.4064 12.2021 34.5
      vertex -26.8991 5.71757 34.5
    endloop
  endfacet
  facet normal -0 0 1
    outer loop
      vertex -29.3444 6.23735 34.5
      vertex -26.8991 5.71757 34.5
      vertex -27.4064 12.2021 34.5
    endloop
  endfacet
  facet normal 0 0 1
    outer loop
      vertex -26.8991 5.71757 34.5
      vertex -29.3444 6.23735 34.5
      vertex -27.5 0 34.5
    endloop
  endfacet
  facet normal -0 0 1
    outer loop
      vertex 26.8991 -5.71757 34.5
      vertex 29.3444 -6.23735 34.5
      vertex 27.5 0 34.5
    endloop
  endfacet
  facet normal 0 0 1
    outer loop
      vertex 29.3444 -6.23735 34.5
      vertex 26.8991 -5.71757 34.5
      vertex 27.4064 -12.2021 34.5
    endloop
  endfacet
  facet normal -0 0 1
    outer loop
      vertex 25.1225 -11.1853 34.5
      vertex 27.4064 -12.2021 34.5
      vertex 26.8991 -5.71757 34.5
    endloop
  endfacet
  facet normal 0 0 1
    outer loop
      vertex 25.1225 -11.1853 34.5
      vertex 24.2705 -17.6336 34.5
      vertex 27.4064 -12.2021 34.5
    endloop
  endfacet
  facet normal -0 0 1
    outer loop
      vertex 22.248 -16.1641 34.5
      vertex 24.2705 -17.6336 34.5
      vertex 25.1225 -11.1853 34.5
    endloop
  endfacet
  facet normal 0 0 1
    outer loop
      vertex 22.248 -16.1641 34.5
      vertex 20.0739 -22.2943 34.5
      vertex 24.2705 -17.6336 34.5
    endloop
  endfacet
  facet normal -0 0 1
    outer loop
      vertex 18.4011 -20.4365 34.5
      vertex 20.0739 -22.2943 34.5
      vertex 22.248 -16.1641 34.5
    endloop
  endfacet
  facet normal 0 0 1
    outer loop
      vertex 18.4011 -20.4365 34.5
      vertex 15 -25.9808 34.5
      vertex 20.0739 -22.2943 34.5
    endloop
  endfacet
  facet normal -0 0 1
    outer loop
      vertex 13.75 -23.8157 34.5
      vertex 15 -25.9808 34.5
      vertex 18.4011 -20.4365 34.5
    endloop
  endfacet
  facet normal 0 0 1
    outer loop
      vertex 13.75 -23.8157 34.5
      vertex 9.27051 -28.5317 34.5
      vertex 15 -25.9808 34.5
    endloop
  endfacet
  facet normal -0 0 1
    outer loop
      vertex 8.49797 -26.1541 34.5
      vertex 9.27051 -28.5317 34.5
      vertex 13.75 -23.8157 34.5
    endloop
  endfacet
  facet normal 0 0 1
    outer loop
      vertex 8.49797 -26.1541 34.5
      vertex 3.13585 -29.8357 34.5
      vertex 9.27051 -28.5317 34.5
    endloop
  endfacet
  facet normal -0 0 1
    outer loop
      vertex 2.87453 -27.3494 34.5
      vertex 3.13585 -29.8357 34.5
      vertex 8.49797 -26.1541 34.5
    endloop
  endfacet
  facet normal -0 0 1
    outer loop
      vertex -2.87453 -27.3494 34.5
      vertex 3.13585 -29.8357 34.5
      vertex 2.87453 -27.3494 34.5
    endloop
  endfacet
  facet normal 0 0 1
    outer loop
      vertex -2.87453 -27.3494 34.5
      vertex -3.13585 -29.8357 34.5
      vertex 3.13585 -29.8357 34.5
    endloop
  endfacet
  facet normal 0 0 1
    outer loop
      vertex -8.49797 -26.1541 34.5
      vertex -3.13585 -29.8357 34.5
      vertex -2.87453 -27.3494 34.5
    endloop
  endfacet
  facet normal 0 0 1
    outer loop
      vertex -8.49797 -26.1541 34.5
      vertex -9.27051 -28.5317 34.5
      vertex -3.13585 -29.8357 34.5
    endloop
  endfacet
  facet normal 0 0 1
    outer loop
      vertex -13.75 -23.8157 34.5
      vertex -9.27051 -28.5317 34.5
      vertex -8.49797 -26.1541 34.5
    endloop
  endfacet
  facet normal 0 0 1
    outer loop
      vertex -13.75 -23.8157 34.5
      vertex -15 -25.9808 34.5
      vertex -9.27051 -28.5317 34.5
    endloop
  endfacet
  facet normal 0 0 1
    outer loop
      vertex -18.4011 -20.4365 34.5
      vertex -15 -25.9808 34.5
      vertex -13.75 -23.8157 34.5
    endloop
  endfacet
  facet normal 0 0 1
    outer loop
      vertex -18.4011 -20.4365 34.5
      vertex -20.0739 -22.2943 34.5
      vertex -15 -25.9808 34.5
    endloop
  endfacet
  facet normal 0 0 1
    outer loop
      vertex -22.248 -16.1641 34.5
      vertex -20.0739 -22.2943 34.5
      vertex -18.4011 -20.4365 34.5
    endloop
  endfacet
  facet normal 0 0 1
    outer loop
      vertex -22.248 -16.1641 34.5
      vertex -24.2705 -17.6336 34.5
      vertex -20.0739 -22.2943 34.5
    endloop
  endfacet
  facet normal 0 0 1
    outer loop
      vertex -25.1225 -11.1853 34.5
      vertex -24.2705 -17.6336 34.5
      vertex -22.248 -16.1641 34.5
    endloop
  endfacet
  facet normal 0 0 1
    outer loop
      vertex -27.4064 -12.2021 34.5
      vertex -25.1225 -11.1853 34.5
      vertex -26.8991 -5.71757 34.5
    endloop
  endfacet
  facet normal 0 0 1
    outer loop
      vertex -25.1225 -11.1853 34.5
      vertex -27.4064 -12.2021 34.5
      vertex -24.2705 -17.6336 34.5
    endloop
  endfacet
  facet normal 0 0 1
    outer loop
      vertex -29.3444 -6.23735 34.5
      vertex -26.8991 -5.71757 34.5
      vertex -27.5 0 34.5
    endloop
  endfacet
  facet normal 0 0 1
    outer loop
      vertex -30 0 34.5
      vertex -27.5 0 34.5
      vertex -29.3444 6.23735 34.5
    endloop
  endfacet
  facet normal 0 0 1
    outer loop
      vertex -26.8991 -5.71757 34.5
      vertex -29.3444 -6.23735 34.5
      vertex -27.4064 -12.2021 34.5
    endloop
  endfacet
  facet normal 0 0 1
    outer loop
      vertex -27.5 0 34.5
      vertex -30 0 34.5
      vertex -29.3444 -6.23735 34.5
    endloop
  endfacet
  facet normal -0.207917 -0.978146 0
    outer loop
      vertex -9.27051 -28.5317 29.5
      vertex -3.13585 -29.8357 34.5
      vertex -9.27051 -28.5317 34.5
    endloop
  endfacet
  facet normal -0.207917 -0.978146 -0
    outer loop
      vertex -3.13585 -29.8357 34.5
      vertex -9.27051 -28.5317 29.5
      vertex -3.13585 -29.8357 29.5
    endloop
  endfacet
  facet normal 0.207917 0.978146 -0
    outer loop
      vertex 9.27051 28.5317 29.5
      vertex 3.13585 29.8357 34.5
      vertex 9.27051 28.5317 34.5
    endloop
  endfacet
  facet normal 0.207917 0.978146 0
    outer loop
      vertex 3.13585 29.8357 34.5
      vertex 9.27051 28.5317 29.5
      vertex 3.13585 29.8357 29.5
    endloop
  endfacet
  facet normal -0.994521 -0.104533 0
    outer loop
      vertex -29.3444 -6.23735 29.5
      vertex -30 0 34.5
      vertex -30 0 29.5
    endloop
  endfacet
  facet normal -0.994521 -0.104533 0
    outer loop
      vertex -30 0 34.5
      vertex -29.3444 -6.23735 29.5
      vertex -29.3444 -6.23735 34.5
    endloop
  endfacet
  facet normal -0.866024 -0.500003 0
    outer loop
      vertex -24.2705 -17.6336 29.5
      vertex -27.4064 -12.2021 34.5
      vertex -27.4064 -12.2021 29.5
    endloop
  endfacet
  facet normal -0.866024 -0.500003 0
    outer loop
      vertex -27.4064 -12.2021 34.5
      vertex -24.2705 -17.6336 29.5
      vertex -24.2705 -17.6336 34.5
    endloop
  endfacet
  facet normal -0.866024 0.500003 0
    outer loop
      vertex -27.4064 12.2021 29.5
      vertex -24.2705 17.6336 34.5
      vertex -24.2705 17.6336 29.5
    endloop
  endfacet
  facet normal -0.866024 0.500003 0
    outer loop
      vertex -24.2705 17.6336 34.5
      vertex -27.4064 12.2021 29.5
      vertex -27.4064 12.2021 34.5
    endloop
  endfacet
  facet normal 0.866024 -0.500003 0
    outer loop
      vertex 24.2705 -17.6336 34.5
      vertex 27.4064 -12.2021 29.5
      vertex 27.4064 -12.2021 34.5
    endloop
  endfacet
  facet normal 0.866024 -0.500003 0
    outer loop
      vertex 27.4064 -12.2021 29.5
      vertex 24.2705 -17.6336 34.5
      vertex 24.2705 -17.6336 29.5
    endloop
  endfacet
  facet normal 0.587795 0.80901 -0
    outer loop
      vertex 20.0739 22.2943 29.5
      vertex 15 25.9808 34.5
      vertex 20.0739 22.2943 34.5
    endloop
  endfacet
  facet normal 0.587795 0.80901 0
    outer loop
      vertex 15 25.9808 34.5
      vertex 20.0739 22.2943 29.5
      vertex 15 25.9808 29.5
    endloop
  endfacet
  facet normal -0.587795 0.80901 0
    outer loop
      vertex -15 25.9808 29.5
      vertex -20.0739 22.2943 34.5
      vertex -15 25.9808 34.5
    endloop
  endfacet
  facet normal -0.587795 0.80901 0
    outer loop
      vertex -20.0739 22.2943 34.5
      vertex -15 25.9808 29.5
      vertex -20.0739 22.2943 29.5
    endloop
  endfacet
  facet normal -0.207917 0.978146 0
    outer loop
      vertex -3.13585 29.8357 29.5
      vertex -9.27051 28.5317 34.5
      vertex -3.13585 29.8357 34.5
    endloop
  endfacet
  facet normal -0.207917 0.978146 0
    outer loop
      vertex -9.27051 28.5317 34.5
      vertex -3.13585 29.8357 29.5
      vertex -9.27051 28.5317 29.5
    endloop
  endfacet
  facet normal 0 -1 0
    outer loop
      vertex -3.13585 -29.8357 29.5
      vertex 3.13585 -29.8357 34.5
      vertex -3.13585 -29.8357 34.5
    endloop
  endfacet
  facet normal 0 -1 -0
    outer loop
      vertex 3.13585 -29.8357 34.5
      vertex -3.13585 -29.8357 29.5
      vertex 3.13585 -29.8357 29.5
    endloop
  endfacet
  facet normal -0.994521 0.104533 0
    outer loop
      vertex -30 0 29.5
      vertex -29.3444 6.23735 34.5
      vertex -29.3444 6.23735 29.5
    endloop
  endfacet
  facet normal -0.994521 0.104533 0
    outer loop
      vertex -29.3444 6.23735 34.5
      vertex -30 0 29.5
      vertex -30 0 34.5
    endloop
  endfacet
  facet normal -0.382676 -0.923883 0
    outer loop
      vertex 25 2.5 -30
      vertex 26.7678 1.76777 -29.5
      vertex 25 2.5 -29.5
    endloop
  endfacet
  facet normal -0.382676 -0.923883 -0
    outer loop
      vertex 26.7678 1.76777 -29.5
      vertex 25 2.5 -30
      vertex 26.7678 1.76777 -30
    endloop
  endfacet
  facet normal 0.382676 0.923883 -0
    outer loop
      vertex 26.7678 1.76777 -50
      vertex 25 2.5 -42.5
      vertex 26.7678 1.76777 -42.5
    endloop
  endfacet
  facet normal 0.382676 0.923883 0
    outer loop
      vertex 25 2.5 -42.5
      vertex 26.7678 1.76777 -50
      vertex 25 2.5 -50
    endloop
  endfacet
  facet normal 0.382676 0.923883 -0
    outer loop
      vertex 26.7678 1.76777 -37.5
      vertex 25 2.5 -36.5
      vertex 26.7678 1.76777 -36.5
    endloop
  endfacet
  facet normal 0.382676 0.923883 0
    outer loop
      vertex 25 2.5 -36.5
      vertex 26.7678 1.76777 -37.5
      vertex 25 2.5 -37.5
    endloop
  endfacet
  facet normal -0.923886 -0.382668 0
    outer loop
      vertex 27.5 0 -30
      vertex 26.7678 1.76777 -29.5
      vertex 26.7678 1.76777 -30
    endloop
  endfacet
  facet normal -0.923886 -0.382668 0
    outer loop
      vertex 26.7678 1.76777 -29.5
      vertex 27.5 0 -30
      vertex 27.5 0 -29.5
    endloop
  endfacet
  facet normal 0.923886 0.382668 0
    outer loop
      vertex 27.5 0 -36.5
      vertex 26.7678 1.76777 -37.5
      vertex 26.7678 1.76777 -36.5
    endloop
  endfacet
  facet normal 0.923886 0.382668 0
    outer loop
      vertex 26.7678 1.76777 -37.5
      vertex 27.5 0 -36.5
      vertex 27.5 0 -37.5
    endloop
  endfacet
  facet normal 0.923886 0.382668 0
    outer loop
      vertex 27.5 0 -42.5
      vertex 26.7678 1.76777 -50
      vertex 26.7678 1.76777 -42.5
    endloop
  endfacet
  facet normal 0.923886 0.382668 0
    outer loop
      vertex 26.7678 1.76777 -50
      vertex 27.5 0 -42.5
      vertex 27.5 0 -50
    endloop
  endfacet
  facet normal 0.382676 -0.923883 0
    outer loop
      vertex 23.2322 1.76777 -30
      vertex 25 2.5 -29.5
      vertex 23.2322 1.76777 -29.5
    endloop
  endfacet
  facet normal 0.382676 -0.923883 0
    outer loop
      vertex 25 2.5 -29.5
      vertex 23.2322 1.76777 -30
      vertex 25 2.5 -30
    endloop
  endfacet
  facet normal 0.382674 -0.923883 0
    outer loop
      vertex 23.2322 1.76777 -70
      vertex 24.7482 2.3957 -50
      vertex 23.2322 1.76777 -50
    endloop
  endfacet
  facet normal 0.382674 -0.923883 0
    outer loop
      vertex 24.7482 2.3957 -50
      vertex 23.2322 1.76777 -70
      vertex 24.7482 2.3957 -70
    endloop
  endfacet
  facet normal -0.382687 0.923878 0
    outer loop
      vertex 25 2.5 -50
      vertex 24.7482 2.3957 -42.5
      vertex 25 2.5 -42.5
    endloop
  endfacet
  facet normal -0.382687 0.923878 0
    outer loop
      vertex 24.7482 2.3957 -42.5
      vertex 25 2.5 -50
      vertex 24.7482 2.3957 -50
    endloop
  endfacet
  facet normal -0.382676 0.923883 0
    outer loop
      vertex 25 2.5 -37.5
      vertex 23.2322 1.76777 -36.5
      vertex 25 2.5 -36.5
    endloop
  endfacet
  facet normal -0.382676 0.923883 0
    outer loop
      vertex 23.2322 1.76777 -36.5
      vertex 25 2.5 -37.5
      vertex 23.2322 1.76777 -37.5
    endloop
  endfacet
  facet normal 0.923886 -0.382668 0
    outer loop
      vertex 26.7678 -1.76777 -36.5
      vertex 27.5 0 -37.5
      vertex 27.5 0 -36.5
    endloop
  endfacet
  facet normal 0.923886 -0.382668 0
    outer loop
      vertex 27.5 0 -37.5
      vertex 26.7678 -1.76777 -36.5
      vertex 26.7678 -1.76777 -37.5
    endloop
  endfacet
  facet normal -0.923886 0.382668 0
    outer loop
      vertex 26.7678 -1.76777 -30
      vertex 27.5 0 -29.5
      vertex 27.5 0 -30
    endloop
  endfacet
  facet normal -0.923886 0.382668 0
    outer loop
      vertex 27.5 0 -29.5
      vertex 26.7678 -1.76777 -30
      vertex 26.7678 -1.76777 -29.5
    endloop
  endfacet
  facet normal 0.923886 -0.382668 0
    outer loop
      vertex 26.7678 -1.76777 -42.5
      vertex 27.5 0 -50
      vertex 27.5 0 -42.5
    endloop
  endfacet
  facet normal 0.923886 -0.382668 0
    outer loop
      vertex 27.5 0 -50
      vertex 26.7678 -1.76777 -42.5
      vertex 26.7678 -1.76777 -50
    endloop
  endfacet
  facet normal 0.923886 -0.382668 0
    outer loop
      vertex 22.5 0 -29.5
      vertex 23.2322 1.76777 -30
      vertex 23.2322 1.76777 -29.5
    endloop
  endfacet
  facet normal 0.923886 -0.382668 0
    outer loop
      vertex 23.2322 1.76777 -30
      vertex 22.5 0 -29.5
      vertex 22.5 0 -30
    endloop
  endfacet
  facet normal 0.923886 -0.382668 0
    outer loop
      vertex 22.5 0 -50
      vertex 23.2322 1.76777 -70
      vertex 23.2322 1.76777 -50
    endloop
  endfacet
  facet normal 0.923886 -0.382668 0
    outer loop
      vertex 23.2322 1.76777 -70
      vertex 22.5 0 -50
      vertex 22.5 0 -70
    endloop
  endfacet
  facet normal -0.923886 0.382668 0
    outer loop
      vertex 22.5 0 -37.5
      vertex 23.2322 1.76777 -36.5
      vertex 23.2322 1.76777 -37.5
    endloop
  endfacet
  facet normal -0.923886 0.382668 0
    outer loop
      vertex 23.2322 1.76777 -36.5
      vertex 22.5 0 -37.5
      vertex 22.5 0 -36.5
    endloop
  endfacet
  facet normal 0.382674 0.923883 -0
    outer loop
      vertex 24.7482 -2.3957 -70
      vertex 23.2322 -1.76777 -50
      vertex 24.7482 -2.3957 -50
    endloop
  endfacet
  facet normal 0.382674 0.923883 0
    outer loop
      vertex 23.2322 -1.76777 -50
      vertex 24.7482 -2.3957 -70
      vertex 23.2322 -1.76777 -70
    endloop
  endfacet
  facet normal 0.382676 0.923883 -0
    outer loop
      vertex 25 -2.5 -30
      vertex 23.2322 -1.76777 -29.5
      vertex 25 -2.5 -29.5
    endloop
  endfacet
  facet normal 0.382676 0.923883 0
    outer loop
      vertex 23.2322 -1.76777 -29.5
      vertex 25 -2.5 -30
      vertex 23.2322 -1.76777 -30
    endloop
  endfacet
  facet normal -0.382687 -0.923878 0
    outer loop
      vertex 24.7482 -2.3957 -50
      vertex 25 -2.5 -42.5
      vertex 24.7482 -2.3957 -42.5
    endloop
  endfacet
  facet normal -0.382687 -0.923878 -0
    outer loop
      vertex 25 -2.5 -42.5
      vertex 24.7482 -2.3957 -50
      vertex 25 -2.5 -50
    endloop
  endfacet
  facet normal -0.382676 -0.923883 0
    outer loop
      vertex 23.2322 -1.76777 -37.5
      vertex 25 -2.5 -36.5
      vertex 23.2322 -1.76777 -36.5
    endloop
  endfacet
  facet normal -0.382676 -0.923883 -0
    outer loop
      vertex 25 -2.5 -36.5
      vertex 23.2322 -1.76777 -37.5
      vertex 25 -2.5 -37.5
    endloop
  endfacet
  facet normal -0.382676 0.923883 0
    outer loop
      vertex 26.7678 -1.76777 -30
      vertex 25 -2.5 -29.5
      vertex 26.7678 -1.76777 -29.5
    endloop
  endfacet
  facet normal -0.382676 0.923883 0
    outer loop
      vertex 25 -2.5 -29.5
      vertex 26.7678 -1.76777 -30
      vertex 25 -2.5 -30
    endloop
  endfacet
  facet normal 0.382676 -0.923883 0
    outer loop
      vertex 25 -2.5 -50
      vertex 26.7678 -1.76777 -42.5
      vertex 25 -2.5 -42.5
    endloop
  endfacet
  facet normal 0.382676 -0.923883 0
    outer loop
      vertex 26.7678 -1.76777 -42.5
      vertex 25 -2.5 -50
      vertex 26.7678 -1.76777 -50
    endloop
  endfacet
  facet normal 0.382676 -0.923883 0
    outer loop
      vertex 25 -2.5 -37.5
      vertex 26.7678 -1.76777 -36.5
      vertex 25 -2.5 -36.5
    endloop
  endfacet
  facet normal 0.382676 -0.923883 0
    outer loop
      vertex 26.7678 -1.76777 -36.5
      vertex 25 -2.5 -37.5
      vertex 26.7678 -1.76777 -37.5
    endloop
  endfacet
  facet normal 0.923886 0.382668 0
    outer loop
      vertex 23.2322 -1.76777 -50
      vertex 22.5 0 -70
      vertex 22.5 0 -50
    endloop
  endfacet
  facet normal 0.923886 0.382668 0
    outer loop
      vertex 22.5 0 -70
      vertex 23.2322 -1.76777 -50
      vertex 23.2322 -1.76777 -70
    endloop
  endfacet
  facet normal 0.923886 0.382668 0
    outer loop
      vertex 23.2322 -1.76777 -29.5
      vertex 22.5 0 -30
      vertex 22.5 0 -29.5
    endloop
  endfacet
  facet normal 0.923886 0.382668 0
    outer loop
      vertex 22.5 0 -30
      vertex 23.2322 -1.76777 -29.5
      vertex 23.2322 -1.76777 -30
    endloop
  endfacet
  facet normal -0.923886 -0.382668 0
    outer loop
      vertex 23.2322 -1.76777 -37.5
      vertex 22.5 0 -36.5
      vertex 22.5 0 -37.5
    endloop
  endfacet
  facet normal -0.923886 -0.382668 0
    outer loop
      vertex 22.5 0 -36.5
      vertex 23.2322 -1.76777 -37.5
      vertex 23.2322 -1.76777 -36.5
    endloop
  endfacet
  facet normal -0.382663 -0.923888 0
    outer loop
      vertex 12.5 24.1506 -30
      vertex 14.2678 23.4184 -29.5
      vertex 12.5 24.1506 -29.5
    endloop
  endfacet
  facet normal -0.382663 -0.923888 -0
    outer loop
      vertex 14.2678 23.4184 -29.5
      vertex 12.5 24.1506 -30
      vertex 14.2678 23.4184 -30
    endloop
  endfacet
  facet normal 0.382663 0.923888 -0
    outer loop
      vertex 14.2678 23.4184 -50
      vertex 12.5 24.1506 -42.5
      vertex 14.2678 23.4184 -42.5
    endloop
  endfacet
  facet normal 0.382663 0.923888 0
    outer loop
      vertex 12.5 24.1506 -42.5
      vertex 14.2678 23.4184 -50
      vertex 12.5 24.1506 -50
    endloop
  endfacet
  facet normal 0.382663 0.923888 -0
    outer loop
      vertex 14.2678 23.4184 -37.5
      vertex 12.5 24.1506 -36.5
      vertex 14.2678 23.4184 -36.5
    endloop
  endfacet
  facet normal 0.382663 0.923888 0
    outer loop
      vertex 12.5 24.1506 -36.5
      vertex 14.2678 23.4184 -37.5
      vertex 12.5 24.1506 -37.5
    endloop
  endfacet
  facet normal -0.923888 -0.382663 0
    outer loop
      vertex 15 21.6506 -30
      vertex 14.2678 23.4184 -29.5
      vertex 14.2678 23.4184 -30
    endloop
  endfacet
  facet normal -0.923888 -0.382663 0
    outer loop
      vertex 14.2678 23.4184 -29.5
      vertex 15 21.6506 -30
      vertex 15 21.6506 -29.5
    endloop
  endfacet
  facet normal 0.923888 0.382663 0
    outer loop
      vertex 15 21.6506 -42.5
      vertex 14.2678 23.4184 -50
      vertex 14.2678 23.4184 -42.5
    endloop
  endfacet
  facet normal 0.923888 0.382663 0
    outer loop
      vertex 14.2678 23.4184 -50
      vertex 15 21.6506 -42.5
      vertex 15 21.6506 -50
    endloop
  endfacet
  facet normal 0.923888 0.382663 0
    outer loop
      vertex 15 21.6506 -36.5
      vertex 14.2678 23.4184 -37.5
      vertex 14.2678 23.4184 -36.5
    endloop
  endfacet
  facet normal 0.923888 0.382663 0
    outer loop
      vertex 14.2678 23.4184 -37.5
      vertex 15 21.6506 -36.5
      vertex 15 21.6506 -37.5
    endloop
  endfacet
  facet normal 0.382663 -0.923888 0
    outer loop
      vertex 10.7322 23.4184 -30
      vertex 12.5 24.1506 -29.5
      vertex 10.7322 23.4184 -29.5
    endloop
  endfacet
  facet normal 0.382663 -0.923888 0
    outer loop
      vertex 12.5 24.1506 -29.5
      vertex 10.7322 23.4184 -30
      vertex 12.5 24.1506 -30
    endloop
  endfacet
  facet normal -0.382663 0.923888 0
    outer loop
      vertex 12.5 24.1506 -50
      vertex 10.7322 23.4184 -42.5
      vertex 12.5 24.1506 -42.5
    endloop
  endfacet
  facet normal -0.382663 0.923888 0
    outer loop
      vertex 10.7322 23.4184 -42.5
      vertex 12.5 24.1506 -50
      vertex 10.7322 23.4184 -50
    endloop
  endfacet
  facet normal -0.382663 0.923888 0
    outer loop
      vertex 12.5 24.1506 -37.5
      vertex 10.7322 23.4184 -36.5
      vertex 12.5 24.1506 -36.5
    endloop
  endfacet
  facet normal -0.382663 0.923888 0
    outer loop
      vertex 10.7322 23.4184 -36.5
      vertex 12.5 24.1506 -37.5
      vertex 10.7322 23.4184 -37.5
    endloop
  endfacet
  facet normal -0.923899 0.382637 0
    outer loop
      vertex 14.2678 19.8829 -70
      vertex 14.4217 20.2545 -50
      vertex 14.4217 20.2545 -70
    endloop
  endfacet
  facet normal -0.923899 0.382637 0
    outer loop
      vertex 14.4217 20.2545 -50
      vertex 14.2678 19.8829 -70
      vertex 14.2678 19.8829 -50
    endloop
  endfacet
  facet normal -0.923881 0.382681 0
    outer loop
      vertex 14.2678 19.8829 -30
      vertex 15 21.6506 -29.5
      vertex 15 21.6506 -30
    endloop
  endfacet
  facet normal -0.923881 0.382681 0
    outer loop
      vertex 15 21.6506 -29.5
      vertex 14.2678 19.8829 -30
      vertex 14.2678 19.8829 -29.5
    endloop
  endfacet
  facet normal 0.923876 -0.382693 0
    outer loop
      vertex 14.4217 20.2545 -42.5
      vertex 15 21.6506 -50
      vertex 15 21.6506 -42.5
    endloop
  endfacet
  facet normal 0.923876 -0.382693 0
    outer loop
      vertex 15 21.6506 -50
      vertex 14.4217 20.2545 -42.5
      vertex 14.4217 20.2545 -50
    endloop
  endfacet
  facet normal 0.923881 -0.382681 0
    outer loop
      vertex 14.2678 19.8829 -36.5
      vertex 15 21.6506 -37.5
      vertex 15 21.6506 -36.5
    endloop
  endfacet
  facet normal 0.923881 -0.382681 0
    outer loop
      vertex 15 21.6506 -37.5
      vertex 14.2678 19.8829 -36.5
      vertex 14.2678 19.8829 -37.5
    endloop
  endfacet
  facet normal 0.923888 -0.382663 0
    outer loop
      vertex 10 21.6506 -29.5
      vertex 10.7322 23.4184 -30
      vertex 10.7322 23.4184 -29.5
    endloop
  endfacet
  facet normal 0.923888 -0.382663 0
    outer loop
      vertex 10.7322 23.4184 -30
      vertex 10 21.6506 -29.5
      vertex 10 21.6506 -30
    endloop
  endfacet
  facet normal 0.923872 -0.382702 0
    outer loop
      vertex 10 21.6506 -50
      vertex 10.3893 22.5904 -70
      vertex 10.3893 22.5904 -50
    endloop
  endfacet
  facet normal 0.923872 -0.382702 0
    outer loop
      vertex 10.3893 22.5904 -70
      vertex 10 21.6506 -50
      vertex 10 21.6506 -70
    endloop
  endfacet
  facet normal -0.923907 0.382618 0
    outer loop
      vertex 10.3893 22.5904 -50
      vertex 10.7322 23.4184 -42.5
      vertex 10.7322 23.4184 -50
    endloop
  endfacet
  facet normal -0.923907 0.382618 0
    outer loop
      vertex 10.7322 23.4184 -42.5
      vertex 10.3893 22.5904 -50
      vertex 10.3893 22.5904 -42.5
    endloop
  endfacet
  facet normal -0.923888 0.382663 0
    outer loop
      vertex 10 21.6506 -37.5
      vertex 10.7322 23.4184 -36.5
      vertex 10.7322 23.4184 -37.5
    endloop
  endfacet
  facet normal -0.923888 0.382663 0
    outer loop
      vertex 10.7322 23.4184 -36.5
      vertex 10 21.6506 -37.5
      vertex 10 21.6506 -36.5
    endloop
  endfacet
  facet normal 0.382707 0.92387 -0
    outer loop
      vertex 12.5 19.1506 -70
      vertex 10.7322 19.8829 -50
      vertex 12.5 19.1506 -50
    endloop
  endfacet
  facet normal 0.382707 0.92387 0
    outer loop
      vertex 10.7322 19.8829 -50
      vertex 12.5 19.1506 -70
      vertex 10.7322 19.8829 -70
    endloop
  endfacet
  facet normal 0.382707 0.92387 -0
    outer loop
      vertex 12.5 19.1506 -30
      vertex 10.7322 19.8829 -29.5
      vertex 12.5 19.1506 -29.5
    endloop
  endfacet
  facet normal 0.382707 0.92387 0
    outer loop
      vertex 10.7322 19.8829 -29.5
      vertex 12.5 19.1506 -30
      vertex 10.7322 19.8829 -30
    endloop
  endfacet
  facet normal -0.382707 -0.92387 0
    outer loop
      vertex 10.7322 19.8829 -37.5
      vertex 12.5 19.1506 -36.5
      vertex 10.7322 19.8829 -36.5
    endloop
  endfacet
  facet normal -0.382707 -0.92387 -0
    outer loop
      vertex 12.5 19.1506 -36.5
      vertex 10.7322 19.8829 -37.5
      vertex 12.5 19.1506 -37.5
    endloop
  endfacet
  facet normal -0.382707 0.92387 0
    outer loop
      vertex 14.2678 19.8829 -70
      vertex 12.5 19.1506 -50
      vertex 14.2678 19.8829 -50
    endloop
  endfacet
  facet normal -0.382707 0.92387 0
    outer loop
      vertex 12.5 19.1506 -50
      vertex 14.2678 19.8829 -70
      vertex 12.5 19.1506 -70
    endloop
  endfacet
  facet normal -0.382707 0.92387 0
    outer loop
      vertex 14.2678 19.8829 -30
      vertex 12.5 19.1506 -29.5
      vertex 14.2678 19.8829 -29.5
    endloop
  endfacet
  facet normal -0.382707 0.92387 0
    outer loop
      vertex 12.5 19.1506 -29.5
      vertex 14.2678 19.8829 -30
      vertex 12.5 19.1506 -30
    endloop
  endfacet
  facet normal 0.382707 -0.92387 0
    outer loop
      vertex 12.5 19.1506 -37.5
      vertex 14.2678 19.8829 -36.5
      vertex 12.5 19.1506 -36.5
    endloop
  endfacet
  facet normal 0.382707 -0.92387 0
    outer loop
      vertex 14.2678 19.8829 -36.5
      vertex 12.5 19.1506 -37.5
      vertex 14.2678 19.8829 -37.5
    endloop
  endfacet
  facet normal 0.923881 0.382681 0
    outer loop
      vertex 10.7322 19.8829 -50
      vertex 10 21.6506 -70
      vertex 10 21.6506 -50
    endloop
  endfacet
  facet normal 0.923881 0.382681 0
    outer loop
      vertex 10 21.6506 -70
      vertex 10.7322 19.8829 -50
      vertex 10.7322 19.8829 -70
    endloop
  endfacet
  facet normal 0.923881 0.382681 0
    outer loop
      vertex 10.7322 19.8829 -29.5
      vertex 10 21.6506 -30
      vertex 10 21.6506 -29.5
    endloop
  endfacet
  facet normal 0.923881 0.382681 0
    outer loop
      vertex 10 21.6506 -30
      vertex 10.7322 19.8829 -29.5
      vertex 10.7322 19.8829 -30
    endloop
  endfacet
  facet normal -0.923881 -0.382681 0
    outer loop
      vertex 10.7322 19.8829 -37.5
      vertex 10 21.6506 -36.5
      vertex 10 21.6506 -37.5
    endloop
  endfacet
  facet normal -0.923881 -0.382681 0
    outer loop
      vertex 10 21.6506 -36.5
      vertex 10.7322 19.8829 -37.5
      vertex 10.7322 19.8829 -36.5
    endloop
  endfacet
  facet normal 0.923899 0.382637 0
    outer loop
      vertex -14.2678 19.8829 -50
      vertex -14.4217 20.2545 -70
      vertex -14.4217 20.2545 -50
    endloop
  endfacet
  facet normal 0.923899 0.382637 0
    outer loop
      vertex -14.4217 20.2545 -70
      vertex -14.2678 19.8829 -50
      vertex -14.2678 19.8829 -70
    endloop
  endfacet
  facet normal 0.923881 0.382681 0
    outer loop
      vertex -14.2678 19.8829 -29.5
      vertex -15 21.6506 -30
      vertex -15 21.6506 -29.5
    endloop
  endfacet
  facet normal 0.923881 0.382681 0
    outer loop
      vertex -15 21.6506 -30
      vertex -14.2678 19.8829 -29.5
      vertex -14.2678 19.8829 -30
    endloop
  endfacet
  facet normal -0.923876 -0.382693 0
    outer loop
      vertex -14.4217 20.2545 -50
      vertex -15 21.6506 -42.5
      vertex -15 21.6506 -50
    endloop
  endfacet
  facet normal -0.923876 -0.382693 0
    outer loop
      vertex -15 21.6506 -42.5
      vertex -14.4217 20.2545 -50
      vertex -14.4217 20.2545 -42.5
    endloop
  endfacet
  facet normal -0.923881 -0.382681 0
    outer loop
      vertex -14.2678 19.8829 -37.5
      vertex -15 21.6506 -36.5
      vertex -15 21.6506 -37.5
    endloop
  endfacet
  facet normal -0.923881 -0.382681 0
    outer loop
      vertex -15 21.6506 -36.5
      vertex -14.2678 19.8829 -37.5
      vertex -14.2678 19.8829 -36.5
    endloop
  endfacet
  facet normal -0.382663 -0.923888 0
    outer loop
      vertex -12.5 24.1506 -30
      vertex -10.7322 23.4184 -29.5
      vertex -12.5 24.1506 -29.5
    endloop
  endfacet
  facet normal -0.382663 -0.923888 -0
    outer loop
      vertex -10.7322 23.4184 -29.5
      vertex -12.5 24.1506 -30
      vertex -10.7322 23.4184 -30
    endloop
  endfacet
  facet normal 0.382663 0.923888 -0
    outer loop
      vertex -10.7322 23.4184 -50
      vertex -12.5 24.1506 -42.5
      vertex -10.7322 23.4184 -42.5
    endloop
  endfacet
  facet normal 0.382663 0.923888 0
    outer loop
      vertex -12.5 24.1506 -42.5
      vertex -10.7322 23.4184 -50
      vertex -12.5 24.1506 -50
    endloop
  endfacet
  facet normal 0.382663 0.923888 -0
    outer loop
      vertex -10.7322 23.4184 -37.5
      vertex -12.5 24.1506 -36.5
      vertex -10.7322 23.4184 -36.5
    endloop
  endfacet
  facet normal 0.382663 0.923888 0
    outer loop
      vertex -12.5 24.1506 -36.5
      vertex -10.7322 23.4184 -37.5
      vertex -12.5 24.1506 -37.5
    endloop
  endfacet
  facet normal -0.923888 -0.382663 0
    outer loop
      vertex -10 21.6506 -30
      vertex -10.7322 23.4184 -29.5
      vertex -10.7322 23.4184 -30
    endloop
  endfacet
  facet normal -0.923888 -0.382663 0
    outer loop
      vertex -10.7322 23.4184 -29.5
      vertex -10 21.6506 -30
      vertex -10 21.6506 -29.5
    endloop
  endfacet
  facet normal -0.923872 -0.382702 0
    outer loop
      vertex -10 21.6506 -70
      vertex -10.3893 22.5904 -50
      vertex -10.3893 22.5904 -70
    endloop
  endfacet
  facet normal -0.923872 -0.382702 0
    outer loop
      vertex -10.3893 22.5904 -50
      vertex -10 21.6506 -70
      vertex -10 21.6506 -50
    endloop
  endfacet
  facet normal 0.923907 0.382618 0
    outer loop
      vertex -10.3893 22.5904 -42.5
      vertex -10.7322 23.4184 -50
      vertex -10.7322 23.4184 -42.5
    endloop
  endfacet
  facet normal 0.923907 0.382618 0
    outer loop
      vertex -10.7322 23.4184 -50
      vertex -10.3893 22.5904 -42.5
      vertex -10.3893 22.5904 -50
    endloop
  endfacet
  facet normal 0.923888 0.382663 0
    outer loop
      vertex -10 21.6506 -36.5
      vertex -10.7322 23.4184 -37.5
      vertex -10.7322 23.4184 -36.5
    endloop
  endfacet
  facet normal 0.923888 0.382663 0
    outer loop
      vertex -10.7322 23.4184 -37.5
      vertex -10 21.6506 -36.5
      vertex -10 21.6506 -37.5
    endloop
  endfacet
  facet normal -0.382707 0.92387 0
    outer loop
      vertex -10.7322 19.8829 -70
      vertex -12.5 19.1506 -50
      vertex -10.7322 19.8829 -50
    endloop
  endfacet
  facet normal -0.382707 0.92387 0
    outer loop
      vertex -12.5 19.1506 -50
      vertex -10.7322 19.8829 -70
      vertex -12.5 19.1506 -70
    endloop
  endfacet
  facet normal -0.382707 0.92387 0
    outer loop
      vertex -10.7322 19.8829 -30
      vertex -12.5 19.1506 -29.5
      vertex -10.7322 19.8829 -29.5
    endloop
  endfacet
  facet normal -0.382707 0.92387 0
    outer loop
      vertex -12.5 19.1506 -29.5
      vertex -10.7322 19.8829 -30
      vertex -12.5 19.1506 -30
    endloop
  endfacet
  facet normal 0.382707 -0.92387 0
    outer loop
      vertex -12.5 19.1506 -37.5
      vertex -10.7322 19.8829 -36.5
      vertex -12.5 19.1506 -36.5
    endloop
  endfacet
  facet normal 0.382707 -0.92387 0
    outer loop
      vertex -10.7322 19.8829 -36.5
      vertex -12.5 19.1506 -37.5
      vertex -10.7322 19.8829 -37.5
    endloop
  endfacet
  facet normal 0.382707 0.92387 -0
    outer loop
      vertex -12.5 19.1506 -70
      vertex -14.2678 19.8829 -50
      vertex -12.5 19.1506 -50
    endloop
  endfacet
  facet normal 0.382707 0.92387 0
    outer loop
      vertex -14.2678 19.8829 -50
      vertex -12.5 19.1506 -70
      vertex -14.2678 19.8829 -70
    endloop
  endfacet
  facet normal 0.382707 0.92387 -0
    outer loop
      vertex -12.5 19.1506 -30
      vertex -14.2678 19.8829 -29.5
      vertex -12.5 19.1506 -29.5
    endloop
  endfacet
  facet normal 0.382707 0.92387 0
    outer loop
      vertex -14.2678 19.8829 -29.5
      vertex -12.5 19.1506 -30
      vertex -14.2678 19.8829 -30
    endloop
  endfacet
  facet normal -0.382707 -0.92387 0
    outer loop
      vertex -14.2678 19.8829 -37.5
      vertex -12.5 19.1506 -36.5
      vertex -14.2678 19.8829 -36.5
    endloop
  endfacet
  facet normal -0.382707 -0.92387 -0
    outer loop
      vertex -12.5 19.1506 -36.5
      vertex -14.2678 19.8829 -37.5
      vertex -12.5 19.1506 -37.5
    endloop
  endfacet
  facet normal -0.923881 0.382681 0
    outer loop
      vertex -10.7322 19.8829 -70
      vertex -10 21.6506 -50
      vertex -10 21.6506 -70
    endloop
  endfacet
  facet normal -0.923881 0.382681 0
    outer loop
      vertex -10 21.6506 -50
      vertex -10.7322 19.8829 -70
      vertex -10.7322 19.8829 -50
    endloop
  endfacet
  facet normal -0.923881 0.382681 0
    outer loop
      vertex -10.7322 19.8829 -30
      vertex -10 21.6506 -29.5
      vertex -10 21.6506 -30
    endloop
  endfacet
  facet normal -0.923881 0.382681 0
    outer loop
      vertex -10 21.6506 -29.5
      vertex -10.7322 19.8829 -30
      vertex -10.7322 19.8829 -29.5
    endloop
  endfacet
  facet normal 0.923881 -0.382681 0
    outer loop
      vertex -10.7322 19.8829 -36.5
      vertex -10 21.6506 -37.5
      vertex -10 21.6506 -36.5
    endloop
  endfacet
  facet normal 0.923881 -0.382681 0
    outer loop
      vertex -10 21.6506 -37.5
      vertex -10.7322 19.8829 -36.5
      vertex -10.7322 19.8829 -37.5
    endloop
  endfacet
  facet normal 0.923888 -0.382663 0
    outer loop
      vertex -15 21.6506 -29.5
      vertex -14.2678 23.4184 -30
      vertex -14.2678 23.4184 -29.5
    endloop
  endfacet
  facet normal 0.923888 -0.382663 0
    outer loop
      vertex -14.2678 23.4184 -30
      vertex -15 21.6506 -29.5
      vertex -15 21.6506 -30
    endloop
  endfacet
  facet normal -0.923888 0.382663 0
    outer loop
      vertex -15 21.6506 -50
      vertex -14.2678 23.4184 -42.5
      vertex -14.2678 23.4184 -50
    endloop
  endfacet
  facet normal -0.923888 0.382663 0
    outer loop
      vertex -14.2678 23.4184 -42.5
      vertex -15 21.6506 -50
      vertex -15 21.6506 -42.5
    endloop
  endfacet
  facet normal -0.923888 0.382663 0
    outer loop
      vertex -15 21.6506 -37.5
      vertex -14.2678 23.4184 -36.5
      vertex -14.2678 23.4184 -37.5
    endloop
  endfacet
  facet normal -0.923888 0.382663 0
    outer loop
      vertex -14.2678 23.4184 -36.5
      vertex -15 21.6506 -37.5
      vertex -15 21.6506 -36.5
    endloop
  endfacet
  facet normal 0.382663 -0.923888 0
    outer loop
      vertex -14.2678 23.4184 -30
      vertex -12.5 24.1506 -29.5
      vertex -14.2678 23.4184 -29.5
    endloop
  endfacet
  facet normal 0.382663 -0.923888 0
    outer loop
      vertex -12.5 24.1506 -29.5
      vertex -14.2678 23.4184 -30
      vertex -12.5 24.1506 -30
    endloop
  endfacet
  facet normal -0.382663 0.923888 0
    outer loop
      vertex -12.5 24.1506 -50
      vertex -14.2678 23.4184 -42.5
      vertex -12.5 24.1506 -42.5
    endloop
  endfacet
  facet normal -0.382663 0.923888 0
    outer loop
      vertex -14.2678 23.4184 -42.5
      vertex -12.5 24.1506 -50
      vertex -14.2678 23.4184 -50
    endloop
  endfacet
  facet normal -0.382663 0.923888 0
    outer loop
      vertex -12.5 24.1506 -37.5
      vertex -14.2678 23.4184 -36.5
      vertex -12.5 24.1506 -36.5
    endloop
  endfacet
  facet normal -0.382663 0.923888 0
    outer loop
      vertex -14.2678 23.4184 -36.5
      vertex -12.5 24.1506 -37.5
      vertex -14.2678 23.4184 -37.5
    endloop
  endfacet
  facet normal -0.923886 -0.382668 0
    outer loop
      vertex -26.7678 -1.76777 -37.5
      vertex -27.5 0 -36.5
      vertex -27.5 0 -37.5
    endloop
  endfacet
  facet normal -0.923886 -0.382668 0
    outer loop
      vertex -27.5 0 -36.5
      vertex -26.7678 -1.76777 -37.5
      vertex -26.7678 -1.76777 -36.5
    endloop
  endfacet
  facet normal 0.923886 0.382668 0
    outer loop
      vertex -26.7678 -1.76777 -29.5
      vertex -27.5 0 -30
      vertex -27.5 0 -29.5
    endloop
  endfacet
  facet normal 0.923886 0.382668 0
    outer loop
      vertex -27.5 0 -30
      vertex -26.7678 -1.76777 -29.5
      vertex -26.7678 -1.76777 -30
    endloop
  endfacet
  facet normal -0.923886 -0.382668 0
    outer loop
      vertex -26.7678 -1.76777 -50
      vertex -27.5 0 -42.5
      vertex -27.5 0 -50
    endloop
  endfacet
  facet normal -0.923886 -0.382668 0
    outer loop
      vertex -27.5 0 -42.5
      vertex -26.7678 -1.76777 -50
      vertex -26.7678 -1.76777 -42.5
    endloop
  endfacet
  facet normal -0.382676 -0.923883 0
    outer loop
      vertex -25 2.5 -30
      vertex -23.2322 1.76777 -29.5
      vertex -25 2.5 -29.5
    endloop
  endfacet
  facet normal -0.382676 -0.923883 -0
    outer loop
      vertex -23.2322 1.76777 -29.5
      vertex -25 2.5 -30
      vertex -23.2322 1.76777 -30
    endloop
  endfacet
  facet normal -0.382674 -0.923883 0
    outer loop
      vertex -24.7482 2.3957 -70
      vertex -23.2322 1.76777 -50
      vertex -24.7482 2.3957 -50
    endloop
  endfacet
  facet normal -0.382674 -0.923883 -0
    outer loop
      vertex -23.2322 1.76777 -50
      vertex -24.7482 2.3957 -70
      vertex -23.2322 1.76777 -70
    endloop
  endfacet
  facet normal 0.382687 0.923878 -0
    outer loop
      vertex -24.7482 2.3957 -50
      vertex -25 2.5 -42.5
      vertex -24.7482 2.3957 -42.5
    endloop
  endfacet
  facet normal 0.382687 0.923878 0
    outer loop
      vertex -25 2.5 -42.5
      vertex -24.7482 2.3957 -50
      vertex -25 2.5 -50
    endloop
  endfacet
  facet normal 0.382676 0.923883 -0
    outer loop
      vertex -23.2322 1.76777 -37.5
      vertex -25 2.5 -36.5
      vertex -23.2322 1.76777 -36.5
    endloop
  endfacet
  facet normal 0.382676 0.923883 0
    outer loop
      vertex -25 2.5 -36.5
      vertex -23.2322 1.76777 -37.5
      vertex -25 2.5 -37.5
    endloop
  endfacet
  facet normal -0.923886 -0.382668 0
    outer loop
      vertex -22.5 0 -30
      vertex -23.2322 1.76777 -29.5
      vertex -23.2322 1.76777 -30
    endloop
  endfacet
  facet normal -0.923886 -0.382668 0
    outer loop
      vertex -23.2322 1.76777 -29.5
      vertex -22.5 0 -30
      vertex -22.5 0 -29.5
    endloop
  endfacet
  facet normal -0.923886 -0.382668 0
    outer loop
      vertex -22.5 0 -70
      vertex -23.2322 1.76777 -50
      vertex -23.2322 1.76777 -70
    endloop
  endfacet
  facet normal -0.923886 -0.382668 0
    outer loop
      vertex -23.2322 1.76777 -50
      vertex -22.5 0 -70
      vertex -22.5 0 -50
    endloop
  endfacet
  facet normal 0.923886 0.382668 0
    outer loop
      vertex -22.5 0 -36.5
      vertex -23.2322 1.76777 -37.5
      vertex -23.2322 1.76777 -36.5
    endloop
  endfacet
  facet normal 0.923886 0.382668 0
    outer loop
      vertex -23.2322 1.76777 -37.5
      vertex -22.5 0 -36.5
      vertex -22.5 0 -37.5
    endloop
  endfacet
  facet normal -0.382674 0.923883 0
    outer loop
      vertex -23.2322 -1.76777 -70
      vertex -24.7482 -2.3957 -50
      vertex -23.2322 -1.76777 -50
    endloop
  endfacet
  facet normal -0.382674 0.923883 0
    outer loop
      vertex -24.7482 -2.3957 -50
      vertex -23.2322 -1.76777 -70
      vertex -24.7482 -2.3957 -70
    endloop
  endfacet
  facet normal -0.382676 0.923883 0
    outer loop
      vertex -23.2322 -1.76777 -30
      vertex -25 -2.5 -29.5
      vertex -23.2322 -1.76777 -29.5
    endloop
  endfacet
  facet normal -0.382676 0.923883 0
    outer loop
      vertex -25 -2.5 -29.5
      vertex -23.2322 -1.76777 -30
      vertex -25 -2.5 -30
    endloop
  endfacet
  facet normal 0.382687 -0.923878 0
    outer loop
      vertex -25 -2.5 -50
      vertex -24.7482 -2.3957 -42.5
      vertex -25 -2.5 -42.5
    endloop
  endfacet
  facet normal 0.382687 -0.923878 0
    outer loop
      vertex -24.7482 -2.3957 -42.5
      vertex -25 -2.5 -50
      vertex -24.7482 -2.3957 -50
    endloop
  endfacet
  facet normal 0.382676 -0.923883 0
    outer loop
      vertex -25 -2.5 -37.5
      vertex -23.2322 -1.76777 -36.5
      vertex -25 -2.5 -36.5
    endloop
  endfacet
  facet normal 0.382676 -0.923883 0
    outer loop
      vertex -23.2322 -1.76777 -36.5
      vertex -25 -2.5 -37.5
      vertex -23.2322 -1.76777 -37.5
    endloop
  endfacet
  facet normal 0.382676 0.923883 -0
    outer loop
      vertex -25 -2.5 -30
      vertex -26.7678 -1.76777 -29.5
      vertex -25 -2.5 -29.5
    endloop
  endfacet
  facet normal 0.382676 0.923883 0
    outer loop
      vertex -26.7678 -1.76777 -29.5
      vertex -25 -2.5 -30
      vertex -26.7678 -1.76777 -30
    endloop
  endfacet
  facet normal -0.382676 -0.923883 0
    outer loop
      vertex -26.7678 -1.76777 -50
      vertex -25 -2.5 -42.5
      vertex -26.7678 -1.76777 -42.5
    endloop
  endfacet
  facet normal -0.382676 -0.923883 -0
    outer loop
      vertex -25 -2.5 -42.5
      vertex -26.7678 -1.76777 -50
      vertex -25 -2.5 -50
    endloop
  endfacet
  facet normal -0.382676 -0.923883 0
    outer loop
      vertex -26.7678 -1.76777 -37.5
      vertex -25 -2.5 -36.5
      vertex -26.7678 -1.76777 -36.5
    endloop
  endfacet
  facet normal -0.382676 -0.923883 -0
    outer loop
      vertex -25 -2.5 -36.5
      vertex -26.7678 -1.76777 -37.5
      vertex -25 -2.5 -37.5
    endloop
  endfacet
  facet normal -0.923886 0.382668 0
    outer loop
      vertex -23.2322 -1.76777 -70
      vertex -22.5 0 -50
      vertex -22.5 0 -70
    endloop
  endfacet
  facet normal -0.923886 0.382668 0
    outer loop
      vertex -22.5 0 -50
      vertex -23.2322 -1.76777 -70
      vertex -23.2322 -1.76777 -50
    endloop
  endfacet
  facet normal -0.923886 0.382668 0
    outer loop
      vertex -23.2322 -1.76777 -30
      vertex -22.5 0 -29.5
      vertex -22.5 0 -30
    endloop
  endfacet
  facet normal -0.923886 0.382668 0
    outer loop
      vertex -22.5 0 -29.5
      vertex -23.2322 -1.76777 -30
      vertex -23.2322 -1.76777 -29.5
    endloop
  endfacet
  facet normal 0.923886 -0.382668 0
    outer loop
      vertex -23.2322 -1.76777 -36.5
      vertex -22.5 0 -37.5
      vertex -22.5 0 -36.5
    endloop
  endfacet
  facet normal 0.923886 -0.382668 0
    outer loop
      vertex -22.5 0 -37.5
      vertex -23.2322 -1.76777 -36.5
      vertex -23.2322 -1.76777 -37.5
    endloop
  endfacet
  facet normal 0.923886 -0.382668 0
    outer loop
      vertex -27.5 0 -29.5
      vertex -26.7678 1.76777 -30
      vertex -26.7678 1.76777 -29.5
    endloop
  endfacet
  facet normal 0.923886 -0.382668 0
    outer loop
      vertex -26.7678 1.76777 -30
      vertex -27.5 0 -29.5
      vertex -27.5 0 -30
    endloop
  endfacet
  facet normal -0.923886 0.382668 0
    outer loop
      vertex -27.5 0 -37.5
      vertex -26.7678 1.76777 -36.5
      vertex -26.7678 1.76777 -37.5
    endloop
  endfacet
  facet normal -0.923886 0.382668 0
    outer loop
      vertex -26.7678 1.76777 -36.5
      vertex -27.5 0 -37.5
      vertex -27.5 0 -36.5
    endloop
  endfacet
  facet normal -0.923886 0.382668 0
    outer loop
      vertex -27.5 0 -50
      vertex -26.7678 1.76777 -42.5
      vertex -26.7678 1.76777 -50
    endloop
  endfacet
  facet normal -0.923886 0.382668 0
    outer loop
      vertex -26.7678 1.76777 -42.5
      vertex -27.5 0 -50
      vertex -27.5 0 -42.5
    endloop
  endfacet
  facet normal 0.382676 -0.923883 0
    outer loop
      vertex -26.7678 1.76777 -30
      vertex -25 2.5 -29.5
      vertex -26.7678 1.76777 -29.5
    endloop
  endfacet
  facet normal 0.382676 -0.923883 0
    outer loop
      vertex -25 2.5 -29.5
      vertex -26.7678 1.76777 -30
      vertex -25 2.5 -30
    endloop
  endfacet
  facet normal -0.382676 0.923883 0
    outer loop
      vertex -25 2.5 -50
      vertex -26.7678 1.76777 -42.5
      vertex -25 2.5 -42.5
    endloop
  endfacet
  facet normal -0.382676 0.923883 0
    outer loop
      vertex -26.7678 1.76777 -42.5
      vertex -25 2.5 -50
      vertex -26.7678 1.76777 -50
    endloop
  endfacet
  facet normal -0.382676 0.923883 0
    outer loop
      vertex -25 2.5 -37.5
      vertex -26.7678 1.76777 -36.5
      vertex -25 2.5 -36.5
    endloop
  endfacet
  facet normal -0.382676 0.923883 0
    outer loop
      vertex -26.7678 1.76777 -36.5
      vertex -25 2.5 -37.5
      vertex -26.7678 1.76777 -37.5
    endloop
  endfacet
  facet normal 0.923888 0.382663 0
    outer loop
      vertex -14.2678 -23.4184 -29.5
      vertex -15 -21.6506 -30
      vertex -15 -21.6506 -29.5
    endloop
  endfacet
  facet normal 0.923888 0.382663 0
    outer loop
      vertex -15 -21.6506 -30
      vertex -14.2678 -23.4184 -29.5
      vertex -14.2678 -23.4184 -30
    endloop
  endfacet
  facet normal -0.923888 -0.382663 0
    outer loop
      vertex -14.2678 -23.4184 -50
      vertex -15 -21.6506 -42.5
      vertex -15 -21.6506 -50
    endloop
  endfacet
  facet normal -0.923888 -0.382663 0
    outer loop
      vertex -15 -21.6506 -42.5
      vertex -14.2678 -23.4184 -50
      vertex -14.2678 -23.4184 -42.5
    endloop
  endfacet
  facet normal -0.923888 -0.382663 0
    outer loop
      vertex -14.2678 -23.4184 -37.5
      vertex -15 -21.6506 -36.5
      vertex -15 -21.6506 -37.5
    endloop
  endfacet
  facet normal -0.923888 -0.382663 0
    outer loop
      vertex -15 -21.6506 -36.5
      vertex -14.2678 -23.4184 -37.5
      vertex -14.2678 -23.4184 -36.5
    endloop
  endfacet
  facet normal -0.382707 -0.92387 0
    outer loop
      vertex -12.5 -19.1506 -30
      vertex -10.7322 -19.8829 -29.5
      vertex -12.5 -19.1506 -29.5
    endloop
  endfacet
  facet normal -0.382707 -0.92387 -0
    outer loop
      vertex -10.7322 -19.8829 -29.5
      vertex -12.5 -19.1506 -30
      vertex -10.7322 -19.8829 -30
    endloop
  endfacet
  facet normal -0.382707 -0.92387 0
    outer loop
      vertex -12.5 -19.1506 -70
      vertex -10.7322 -19.8829 -50
      vertex -12.5 -19.1506 -50
    endloop
  endfacet
  facet normal -0.382707 -0.92387 -0
    outer loop
      vertex -10.7322 -19.8829 -50
      vertex -12.5 -19.1506 -70
      vertex -10.7322 -19.8829 -70
    endloop
  endfacet
  facet normal 0.382707 0.92387 -0
    outer loop
      vertex -10.7322 -19.8829 -37.5
      vertex -12.5 -19.1506 -36.5
      vertex -10.7322 -19.8829 -36.5
    endloop
  endfacet
  facet normal 0.382707 0.92387 0
    outer loop
      vertex -12.5 -19.1506 -36.5
      vertex -10.7322 -19.8829 -37.5
      vertex -12.5 -19.1506 -37.5
    endloop
  endfacet
  facet normal -0.923881 -0.382681 0
    outer loop
      vertex -10 -21.6506 -30
      vertex -10.7322 -19.8829 -29.5
      vertex -10.7322 -19.8829 -30
    endloop
  endfacet
  facet normal -0.923881 -0.382681 0
    outer loop
      vertex -10.7322 -19.8829 -29.5
      vertex -10 -21.6506 -30
      vertex -10 -21.6506 -29.5
    endloop
  endfacet
  facet normal -0.923881 -0.382681 0
    outer loop
      vertex -10 -21.6506 -70
      vertex -10.7322 -19.8829 -50
      vertex -10.7322 -19.8829 -70
    endloop
  endfacet
  facet normal -0.923881 -0.382681 0
    outer loop
      vertex -10.7322 -19.8829 -50
      vertex -10 -21.6506 -70
      vertex -10 -21.6506 -50
    endloop
  endfacet
  facet normal 0.923881 0.382681 0
    outer loop
      vertex -10 -21.6506 -36.5
      vertex -10.7322 -19.8829 -37.5
      vertex -10.7322 -19.8829 -36.5
    endloop
  endfacet
  facet normal 0.923881 0.382681 0
    outer loop
      vertex -10.7322 -19.8829 -37.5
      vertex -10 -21.6506 -36.5
      vertex -10 -21.6506 -37.5
    endloop
  endfacet
  facet normal 0.382707 -0.92387 0
    outer loop
      vertex -14.2678 -19.8829 -30
      vertex -12.5 -19.1506 -29.5
      vertex -14.2678 -19.8829 -29.5
    endloop
  endfacet
  facet normal 0.382707 -0.92387 0
    outer loop
      vertex -12.5 -19.1506 -29.5
      vertex -14.2678 -19.8829 -30
      vertex -12.5 -19.1506 -30
    endloop
  endfacet
  facet normal 0.382707 -0.92387 0
    outer loop
      vertex -14.2678 -19.8829 -70
      vertex -12.5 -19.1506 -50
      vertex -14.2678 -19.8829 -50
    endloop
  endfacet
  facet normal 0.382707 -0.92387 0
    outer loop
      vertex -12.5 -19.1506 -50
      vertex -14.2678 -19.8829 -70
      vertex -12.5 -19.1506 -70
    endloop
  endfacet
  facet normal -0.382707 0.92387 0
    outer loop
      vertex -12.5 -19.1506 -37.5
      vertex -14.2678 -19.8829 -36.5
      vertex -12.5 -19.1506 -36.5
    endloop
  endfacet
  facet normal -0.382707 0.92387 0
    outer loop
      vertex -14.2678 -19.8829 -36.5
      vertex -12.5 -19.1506 -37.5
      vertex -14.2678 -19.8829 -37.5
    endloop
  endfacet
  facet normal -0.382663 0.923888 0
    outer loop
      vertex -10.7322 -23.4184 -30
      vertex -12.5 -24.1506 -29.5
      vertex -10.7322 -23.4184 -29.5
    endloop
  endfacet
  facet normal -0.382663 0.923888 0
    outer loop
      vertex -12.5 -24.1506 -29.5
      vertex -10.7322 -23.4184 -30
      vertex -12.5 -24.1506 -30
    endloop
  endfacet
  facet normal 0.382663 -0.923888 0
    outer loop
      vertex -12.5 -24.1506 -50
      vertex -10.7322 -23.4184 -42.5
      vertex -12.5 -24.1506 -42.5
    endloop
  endfacet
  facet normal 0.382663 -0.923888 0
    outer loop
      vertex -10.7322 -23.4184 -42.5
      vertex -12.5 -24.1506 -50
      vertex -10.7322 -23.4184 -50
    endloop
  endfacet
  facet normal 0.382663 -0.923888 0
    outer loop
      vertex -12.5 -24.1506 -37.5
      vertex -10.7322 -23.4184 -36.5
      vertex -12.5 -24.1506 -36.5
    endloop
  endfacet
  facet normal 0.382663 -0.923888 0
    outer loop
      vertex -10.7322 -23.4184 -36.5
      vertex -12.5 -24.1506 -37.5
      vertex -10.7322 -23.4184 -37.5
    endloop
  endfacet
  facet normal 0.382663 0.923888 -0
    outer loop
      vertex -12.5 -24.1506 -30
      vertex -14.2678 -23.4184 -29.5
      vertex -12.5 -24.1506 -29.5
    endloop
  endfacet
  facet normal 0.382663 0.923888 0
    outer loop
      vertex -14.2678 -23.4184 -29.5
      vertex -12.5 -24.1506 -30
      vertex -14.2678 -23.4184 -30
    endloop
  endfacet
  facet normal -0.382663 -0.923888 0
    outer loop
      vertex -14.2678 -23.4184 -50
      vertex -12.5 -24.1506 -42.5
      vertex -14.2678 -23.4184 -42.5
    endloop
  endfacet
  facet normal -0.382663 -0.923888 -0
    outer loop
      vertex -12.5 -24.1506 -42.5
      vertex -14.2678 -23.4184 -50
      vertex -12.5 -24.1506 -50
    endloop
  endfacet
  facet normal -0.382663 -0.923888 0
    outer loop
      vertex -14.2678 -23.4184 -37.5
      vertex -12.5 -24.1506 -36.5
      vertex -14.2678 -23.4184 -36.5
    endloop
  endfacet
  facet normal -0.382663 -0.923888 -0
    outer loop
      vertex -12.5 -24.1506 -36.5
      vertex -14.2678 -23.4184 -37.5
      vertex -12.5 -24.1506 -37.5
    endloop
  endfacet
  facet normal -0.923872 0.382702 0
    outer loop
      vertex -10.3893 -22.5904 -70
      vertex -10 -21.6506 -50
      vertex -10 -21.6506 -70
    endloop
  endfacet
  facet normal -0.923872 0.382702 0
    outer loop
      vertex -10 -21.6506 -50
      vertex -10.3893 -22.5904 -70
      vertex -10.3893 -22.5904 -50
    endloop
  endfacet
  facet normal -0.923888 0.382663 0
    outer loop
      vertex -10.7322 -23.4184 -30
      vertex -10 -21.6506 -29.5
      vertex -10 -21.6506 -30
    endloop
  endfacet
  facet normal -0.923888 0.382663 0
    outer loop
      vertex -10 -21.6506 -29.5
      vertex -10.7322 -23.4184 -30
      vertex -10.7322 -23.4184 -29.5
    endloop
  endfacet
  facet normal 0.923907 -0.382618 0
    outer loop
      vertex -10.7322 -23.4184 -42.5
      vertex -10.3893 -22.5904 -50
      vertex -10.3893 -22.5904 -42.5
    endloop
  endfacet
  facet normal 0.923907 -0.382618 0
    outer loop
      vertex -10.3893 -22.5904 -50
      vertex -10.7322 -23.4184 -42.5
      vertex -10.7322 -23.4184 -50
    endloop
  endfacet
  facet normal 0.923888 -0.382663 0
    outer loop
      vertex -10.7322 -23.4184 -36.5
      vertex -10 -21.6506 -37.5
      vertex -10 -21.6506 -36.5
    endloop
  endfacet
  facet normal 0.923888 -0.382663 0
    outer loop
      vertex -10 -21.6506 -37.5
      vertex -10.7322 -23.4184 -36.5
      vertex -10.7322 -23.4184 -37.5
    endloop
  endfacet
  facet normal 0.923881 -0.382681 0
    outer loop
      vertex -15 -21.6506 -29.5
      vertex -14.2678 -19.8829 -30
      vertex -14.2678 -19.8829 -29.5
    endloop
  endfacet
  facet normal 0.923881 -0.382681 0
    outer loop
      vertex -14.2678 -19.8829 -30
      vertex -15 -21.6506 -29.5
      vertex -15 -21.6506 -30
    endloop
  endfacet
  facet normal 0.923899 -0.382637 0
    outer loop
      vertex -14.4217 -20.2545 -50
      vertex -14.2678 -19.8829 -70
      vertex -14.2678 -19.8829 -50
    endloop
  endfacet
  facet normal 0.923899 -0.382637 0
    outer loop
      vertex -14.2678 -19.8829 -70
      vertex -14.4217 -20.2545 -50
      vertex -14.4217 -20.2545 -70
    endloop
  endfacet
  facet normal -0.923876 0.382693 0
    outer loop
      vertex -15 -21.6506 -50
      vertex -14.4217 -20.2545 -42.5
      vertex -14.4217 -20.2545 -50
    endloop
  endfacet
  facet normal -0.923876 0.382693 0
    outer loop
      vertex -14.4217 -20.2545 -42.5
      vertex -15 -21.6506 -50
      vertex -15 -21.6506 -42.5
    endloop
  endfacet
  facet normal -0.923881 0.382681 0
    outer loop
      vertex -15 -21.6506 -37.5
      vertex -14.2678 -19.8829 -36.5
      vertex -14.2678 -19.8829 -37.5
    endloop
  endfacet
  facet normal -0.923881 0.382681 0
    outer loop
      vertex -14.2678 -19.8829 -36.5
      vertex -15 -21.6506 -37.5
      vertex -15 -21.6506 -36.5
    endloop
  endfacet
  facet normal -0.382707 -0.92387 0
    outer loop
      vertex 12.5 -19.1506 -30
      vertex 14.2678 -19.8829 -29.5
      vertex 12.5 -19.1506 -29.5
    endloop
  endfacet
  facet normal -0.382707 -0.92387 -0
    outer loop
      vertex 14.2678 -19.8829 -29.5
      vertex 12.5 -19.1506 -30
      vertex 14.2678 -19.8829 -30
    endloop
  endfacet
  facet normal -0.382707 -0.92387 0
    outer loop
      vertex 12.5 -19.1506 -70
      vertex 14.2678 -19.8829 -50
      vertex 12.5 -19.1506 -50
    endloop
  endfacet
  facet normal -0.382707 -0.92387 -0
    outer loop
      vertex 14.2678 -19.8829 -50
      vertex 12.5 -19.1506 -70
      vertex 14.2678 -19.8829 -70
    endloop
  endfacet
  facet normal 0.382707 0.92387 -0
    outer loop
      vertex 14.2678 -19.8829 -37.5
      vertex 12.5 -19.1506 -36.5
      vertex 14.2678 -19.8829 -36.5
    endloop
  endfacet
  facet normal 0.382707 0.92387 0
    outer loop
      vertex 12.5 -19.1506 -36.5
      vertex 14.2678 -19.8829 -37.5
      vertex 12.5 -19.1506 -37.5
    endloop
  endfacet
  facet normal -0.923881 -0.382681 0
    outer loop
      vertex 15 -21.6506 -30
      vertex 14.2678 -19.8829 -29.5
      vertex 14.2678 -19.8829 -30
    endloop
  endfacet
  facet normal -0.923881 -0.382681 0
    outer loop
      vertex 14.2678 -19.8829 -29.5
      vertex 15 -21.6506 -30
      vertex 15 -21.6506 -29.5
    endloop
  endfacet
  facet normal -0.923899 -0.382637 0
    outer loop
      vertex 14.4217 -20.2545 -70
      vertex 14.2678 -19.8829 -50
      vertex 14.2678 -19.8829 -70
    endloop
  endfacet
  facet normal -0.923899 -0.382637 0
    outer loop
      vertex 14.2678 -19.8829 -50
      vertex 14.4217 -20.2545 -70
      vertex 14.4217 -20.2545 -50
    endloop
  endfacet
  facet normal 0.923876 0.382693 0
    outer loop
      vertex 15 -21.6506 -42.5
      vertex 14.4217 -20.2545 -50
      vertex 14.4217 -20.2545 -42.5
    endloop
  endfacet
  facet normal 0.923876 0.382693 0
    outer loop
      vertex 14.4217 -20.2545 -50
      vertex 15 -21.6506 -42.5
      vertex 15 -21.6506 -50
    endloop
  endfacet
  facet normal 0.923881 0.382681 0
    outer loop
      vertex 15 -21.6506 -36.5
      vertex 14.2678 -19.8829 -37.5
      vertex 14.2678 -19.8829 -36.5
    endloop
  endfacet
  facet normal 0.923881 0.382681 0
    outer loop
      vertex 14.2678 -19.8829 -37.5
      vertex 15 -21.6506 -36.5
      vertex 15 -21.6506 -37.5
    endloop
  endfacet
  facet normal 0.382707 -0.92387 0
    outer loop
      vertex 10.7322 -19.8829 -30
      vertex 12.5 -19.1506 -29.5
      vertex 10.7322 -19.8829 -29.5
    endloop
  endfacet
  facet normal 0.382707 -0.92387 0
    outer loop
      vertex 12.5 -19.1506 -29.5
      vertex 10.7322 -19.8829 -30
      vertex 12.5 -19.1506 -30
    endloop
  endfacet
  facet normal 0.382707 -0.92387 0
    outer loop
      vertex 10.7322 -19.8829 -70
      vertex 12.5 -19.1506 -50
      vertex 10.7322 -19.8829 -50
    endloop
  endfacet
  facet normal 0.382707 -0.92387 0
    outer loop
      vertex 12.5 -19.1506 -50
      vertex 10.7322 -19.8829 -70
      vertex 12.5 -19.1506 -70
    endloop
  endfacet
  facet normal -0.382707 0.92387 0
    outer loop
      vertex 12.5 -19.1506 -37.5
      vertex 10.7322 -19.8829 -36.5
      vertex 12.5 -19.1506 -36.5
    endloop
  endfacet
  facet normal -0.382707 0.92387 0
    outer loop
      vertex 10.7322 -19.8829 -36.5
      vertex 12.5 -19.1506 -37.5
      vertex 10.7322 -19.8829 -37.5
    endloop
  endfacet
  facet normal -0.923888 0.382663 0
    outer loop
      vertex 14.2678 -23.4184 -30
      vertex 15 -21.6506 -29.5
      vertex 15 -21.6506 -30
    endloop
  endfacet
  facet normal -0.923888 0.382663 0
    outer loop
      vertex 15 -21.6506 -29.5
      vertex 14.2678 -23.4184 -30
      vertex 14.2678 -23.4184 -29.5
    endloop
  endfacet
  facet normal 0.923888 -0.382663 0
    outer loop
      vertex 14.2678 -23.4184 -42.5
      vertex 15 -21.6506 -50
      vertex 15 -21.6506 -42.5
    endloop
  endfacet
  facet normal 0.923888 -0.382663 0
    outer loop
      vertex 15 -21.6506 -50
      vertex 14.2678 -23.4184 -42.5
      vertex 14.2678 -23.4184 -50
    endloop
  endfacet
  facet normal 0.923888 -0.382663 0
    outer loop
      vertex 14.2678 -23.4184 -36.5
      vertex 15 -21.6506 -37.5
      vertex 15 -21.6506 -36.5
    endloop
  endfacet
  facet normal 0.923888 -0.382663 0
    outer loop
      vertex 15 -21.6506 -37.5
      vertex 14.2678 -23.4184 -36.5
      vertex 14.2678 -23.4184 -37.5
    endloop
  endfacet
  facet normal 0.923881 -0.382681 0
    outer loop
      vertex 10 -21.6506 -29.5
      vertex 10.7322 -19.8829 -30
      vertex 10.7322 -19.8829 -29.5
    endloop
  endfacet
  facet normal 0.923881 -0.382681 0
    outer loop
      vertex 10.7322 -19.8829 -30
      vertex 10 -21.6506 -29.5
      vertex 10 -21.6506 -30
    endloop
  endfacet
  facet normal 0.923881 -0.382681 0
    outer loop
      vertex 10 -21.6506 -50
      vertex 10.7322 -19.8829 -70
      vertex 10.7322 -19.8829 -50
    endloop
  endfacet
  facet normal 0.923881 -0.382681 0
    outer loop
      vertex 10.7322 -19.8829 -70
      vertex 10 -21.6506 -50
      vertex 10 -21.6506 -70
    endloop
  endfacet
  facet normal -0.923881 0.382681 0
    outer loop
      vertex 10 -21.6506 -37.5
      vertex 10.7322 -19.8829 -36.5
      vertex 10.7322 -19.8829 -37.5
    endloop
  endfacet
  facet normal -0.923881 0.382681 0
    outer loop
      vertex 10.7322 -19.8829 -36.5
      vertex 10 -21.6506 -37.5
      vertex 10 -21.6506 -36.5
    endloop
  endfacet
  facet normal 0.382663 0.923888 -0
    outer loop
      vertex 12.5 -24.1506 -30
      vertex 10.7322 -23.4184 -29.5
      vertex 12.5 -24.1506 -29.5
    endloop
  endfacet
  facet normal 0.382663 0.923888 0
    outer loop
      vertex 10.7322 -23.4184 -29.5
      vertex 12.5 -24.1506 -30
      vertex 10.7322 -23.4184 -30
    endloop
  endfacet
  facet normal -0.382663 -0.923888 0
    outer loop
      vertex 10.7322 -23.4184 -50
      vertex 12.5 -24.1506 -42.5
      vertex 10.7322 -23.4184 -42.5
    endloop
  endfacet
  facet normal -0.382663 -0.923888 -0
    outer loop
      vertex 12.5 -24.1506 -42.5
      vertex 10.7322 -23.4184 -50
      vertex 12.5 -24.1506 -50
    endloop
  endfacet
  facet normal -0.382663 -0.923888 0
    outer loop
      vertex 10.7322 -23.4184 -37.5
      vertex 12.5 -24.1506 -36.5
      vertex 10.7322 -23.4184 -36.5
    endloop
  endfacet
  facet normal -0.382663 -0.923888 -0
    outer loop
      vertex 12.5 -24.1506 -36.5
      vertex 10.7322 -23.4184 -37.5
      vertex 12.5 -24.1506 -37.5
    endloop
  endfacet
  facet normal -0.382663 0.923888 0
    outer loop
      vertex 14.2678 -23.4184 -30
      vertex 12.5 -24.1506 -29.5
      vertex 14.2678 -23.4184 -29.5
    endloop
  endfacet
  facet normal -0.382663 0.923888 0
    outer loop
      vertex 12.5 -24.1506 -29.5
      vertex 14.2678 -23.4184 -30
      vertex 12.5 -24.1506 -30
    endloop
  endfacet
  facet normal 0.382663 -0.923888 0
    outer loop
      vertex 12.5 -24.1506 -50
      vertex 14.2678 -23.4184 -42.5
      vertex 12.5 -24.1506 -42.5
    endloop
  endfacet
  facet normal 0.382663 -0.923888 0
    outer loop
      vertex 14.2678 -23.4184 -42.5
      vertex 12.5 -24.1506 -50
      vertex 14.2678 -23.4184 -50
    endloop
  endfacet
  facet normal 0.382663 -0.923888 0
    outer loop
      vertex 12.5 -24.1506 -37.5
      vertex 14.2678 -23.4184 -36.5
      vertex 12.5 -24.1506 -36.5
    endloop
  endfacet
  facet normal 0.382663 -0.923888 0
    outer loop
      vertex 14.2678 -23.4184 -36.5
      vertex 12.5 -24.1506 -37.5
      vertex 14.2678 -23.4184 -37.5
    endloop
  endfacet
  facet normal 0.923872 0.382702 0
    outer loop
      vertex 10.3893 -22.5904 -50
      vertex 10 -21.6506 -70
      vertex 10 -21.6506 -50
    endloop
  endfacet
  facet normal 0.923872 0.382702 0
    outer loop
      vertex 10 -21.6506 -70
      vertex 10.3893 -22.5904 -50
      vertex 10.3893 -22.5904 -70
    endloop
  endfacet
  facet normal 0.923888 0.382663 0
    outer loop
      vertex 10.7322 -23.4184 -29.5
      vertex 10 -21.6506 -30
      vertex 10 -21.6506 -29.5
    endloop
  endfacet
  facet normal 0.923888 0.382663 0
    outer loop
      vertex 10 -21.6506 -30
      vertex 10.7322 -23.4184 -29.5
      vertex 10.7322 -23.4184 -30
    endloop
  endfacet
  facet normal -0.923907 -0.382618 0
    outer loop
      vertex 10.7322 -23.4184 -50
      vertex 10.3893 -22.5904 -42.5
      vertex 10.3893 -22.5904 -50
    endloop
  endfacet
  facet normal -0.923907 -0.382618 0
    outer loop
      vertex 10.3893 -22.5904 -42.5
      vertex 10.7322 -23.4184 -50
      vertex 10.7322 -23.4184 -42.5
    endloop
  endfacet
  facet normal -0.923888 -0.382663 0
    outer loop
      vertex 10.7322 -23.4184 -37.5
      vertex 10 -21.6506 -36.5
      vertex 10 -21.6506 -37.5
    endloop
  endfacet
  facet normal -0.923888 -0.382663 0
    outer loop
      vertex 10 -21.6506 -36.5
      vertex 10.7322 -23.4184 -37.5
      vertex 10.7322 -23.4184 -36.5
    endloop
  endfacet
  facet normal -0.743138 -0.669138 0
    outer loop
      vertex -20.0739 -22.2943 -34.5
      vertex -24.2705 -17.6336 -29.5
      vertex -24.2705 -17.6336 -34.5
    endloop
  endfacet
  facet normal -0.743138 -0.669138 0
    outer loop
      vertex -24.2705 -17.6336 -29.5
      vertex -20.0739 -22.2943 -34.5
      vertex -20.0739 -22.2943 -29.5
    endloop
  endfacet
  facet normal 0.95106 0.309008 0
    outer loop
      vertex 29.3444 6.23735 -29.5
      vertex 27.4064 12.2021 -34.5
      vertex 27.4064 12.2021 -29.5
    endloop
  endfacet
  facet normal 0.95106 0.309008 0
    outer loop
      vertex 27.4064 12.2021 -34.5
      vertex 29.3444 6.23735 -29.5
      vertex 29.3444 6.23735 -34.5
    endloop
  endfacet
  facet normal 0.994521 0.104533 0
    outer loop
      vertex 30 0 -29.5
      vertex 29.3444 6.23735 -34.5
      vertex 29.3444 6.23735 -29.5
    endloop
  endfacet
  facet normal 0.994521 0.104533 0
    outer loop
      vertex 29.3444 6.23735 -34.5
      vertex 30 0 -29.5
      vertex 30 0 -34.5
    endloop
  endfacet
  facet normal 0.866024 0.500003 0
    outer loop
      vertex 27.4064 12.2021 -29.5
      vertex 24.2705 17.6336 -34.5
      vertex 24.2705 17.6336 -29.5
    endloop
  endfacet
  facet normal 0.866024 0.500003 0
    outer loop
      vertex 24.2705 17.6336 -34.5
      vertex 27.4064 12.2021 -29.5
      vertex 27.4064 12.2021 -34.5
    endloop
  endfacet
  facet normal 0.95106 -0.309008 0
    outer loop
      vertex 27.4064 -12.2021 -29.5
      vertex 29.3444 -6.23735 -34.5
      vertex 29.3444 -6.23735 -29.5
    endloop
  endfacet
  facet normal 0.95106 -0.309008 0
    outer loop
      vertex 29.3444 -6.23735 -34.5
      vertex 27.4064 -12.2021 -29.5
      vertex 27.4064 -12.2021 -34.5
    endloop
  endfacet
  facet normal 0.587795 -0.80901 0
    outer loop
      vertex 15 -25.9808 -34.5
      vertex 20.0739 -22.2943 -29.5
      vertex 15 -25.9808 -29.5
    endloop
  endfacet
  facet normal 0.587795 -0.80901 0
    outer loop
      vertex 20.0739 -22.2943 -29.5
      vertex 15 -25.9808 -34.5
      vertex 20.0739 -22.2943 -34.5
    endloop
  endfacet
  facet normal 0.743138 -0.669138 0
    outer loop
      vertex 20.0739 -22.2943 -29.5
      vertex 24.2705 -17.6336 -34.5
      vertex 24.2705 -17.6336 -29.5
    endloop
  endfacet
  facet normal 0.743138 -0.669138 0
    outer loop
      vertex 24.2705 -17.6336 -34.5
      vertex 20.0739 -22.2943 -29.5
      vertex 20.0739 -22.2943 -34.5
    endloop
  endfacet
  facet normal 0.994521 -0.104533 0
    outer loop
      vertex 29.3444 -6.23735 -29.5
      vertex 30 0 -34.5
      vertex 30 0 -29.5
    endloop
  endfacet
  facet normal 0.994521 -0.104533 0
    outer loop
      vertex 30 0 -34.5
      vertex 29.3444 -6.23735 -29.5
      vertex 29.3444 -6.23735 -34.5
    endloop
  endfacet
  facet normal -0.406732 -0.913547 0
    outer loop
      vertex -15 -25.9808 -34.5
      vertex -9.27051 -28.5317 -29.5
      vertex -15 -25.9808 -29.5
    endloop
  endfacet
  facet normal -0.406732 -0.913547 -0
    outer loop
      vertex -9.27051 -28.5317 -29.5
      vertex -15 -25.9808 -34.5
      vertex -9.27051 -28.5317 -34.5
    endloop
  endfacet
  facet normal 0.406732 0.913547 -0
    outer loop
      vertex 15 25.9808 -34.5
      vertex 9.27051 28.5317 -29.5
      vertex 15 25.9808 -29.5
    endloop
  endfacet
  facet normal 0.406732 0.913547 0
    outer loop
      vertex 9.27051 28.5317 -29.5
      vertex 15 25.9808 -34.5
      vertex 9.27051 28.5317 -34.5
    endloop
  endfacet
  facet normal 0.743138 0.669138 0
    outer loop
      vertex 24.2705 17.6336 -29.5
      vertex 20.0739 22.2943 -34.5
      vertex 20.0739 22.2943 -29.5
    endloop
  endfacet
  facet normal 0.743138 0.669138 0
    outer loop
      vertex 20.0739 22.2943 -34.5
      vertex 24.2705 17.6336 -29.5
      vertex 24.2705 17.6336 -34.5
    endloop
  endfacet
  facet normal -0.587795 -0.80901 0
    outer loop
      vertex -20.0739 -22.2943 -34.5
      vertex -15 -25.9808 -29.5
      vertex -20.0739 -22.2943 -29.5
    endloop
  endfacet
  facet normal -0.587795 -0.80901 -0
    outer loop
      vertex -15 -25.9808 -29.5
      vertex -20.0739 -22.2943 -34.5
      vertex -15 -25.9808 -34.5
    endloop
  endfacet
  facet normal -0.743138 0.669138 0
    outer loop
      vertex -24.2705 17.6336 -34.5
      vertex -20.0739 22.2943 -29.5
      vertex -20.0739 22.2943 -34.5
    endloop
  endfacet
  facet normal -0.743138 0.669138 0
    outer loop
      vertex -20.0739 22.2943 -29.5
      vertex -24.2705 17.6336 -34.5
      vertex -24.2705 17.6336 -29.5
    endloop
  endfacet
  facet normal 0 1 -0
    outer loop
      vertex 3.13585 29.8357 -34.5
      vertex -3.13585 29.8357 -29.5
      vertex 3.13585 29.8357 -29.5
    endloop
  endfacet
  facet normal 0 1 0
    outer loop
      vertex -3.13585 29.8357 -29.5
      vertex 3.13585 29.8357 -34.5
      vertex -3.13585 29.8357 -34.5
    endloop
  endfacet
  facet normal 0.406732 -0.913547 0
    outer loop
      vertex 9.27051 -28.5317 -34.5
      vertex 15 -25.9808 -29.5
      vertex 9.27051 -28.5317 -29.5
    endloop
  endfacet
  facet normal 0.406732 -0.913547 0
    outer loop
      vertex 15 -25.9808 -29.5
      vertex 9.27051 -28.5317 -34.5
      vertex 15 -25.9808 -34.5
    endloop
  endfacet
  facet normal 0.207917 -0.978146 0
    outer loop
      vertex 3.13585 -29.8357 -34.5
      vertex 9.27051 -28.5317 -29.5
      vertex 3.13585 -29.8357 -29.5
    endloop
  endfacet
  facet normal 0.207917 -0.978146 0
    outer loop
      vertex 9.27051 -28.5317 -29.5
      vertex 3.13585 -29.8357 -34.5
      vertex 9.27051 -28.5317 -34.5
    endloop
  endfacet
  facet normal -0.95106 0.309008 0
    outer loop
      vertex -29.3444 6.23735 -34.5
      vertex -27.4064 12.2021 -29.5
      vertex -27.4064 12.2021 -34.5
    endloop
  endfacet
  facet normal -0.95106 0.309008 0
    outer loop
      vertex -27.4064 12.2021 -29.5
      vertex -29.3444 6.23735 -34.5
      vertex -29.3444 6.23735 -29.5
    endloop
  endfacet
  facet normal 0 0 -1
    outer loop
      vertex 27.5 0 -34.5
      vertex 30 0 -34.5
      vertex 29.3444 -6.23735 -34.5
    endloop
  endfacet
  facet normal 0 0 -1
    outer loop
      vertex 30 0 -34.5
      vertex 27.5 0 -34.5
      vertex 29.3444 6.23735 -34.5
    endloop
  endfacet
  facet normal 0 0 -1
    outer loop
      vertex 26.8991 -5.71757 -34.5
      vertex 29.3444 -6.23735 -34.5
      vertex 27.4064 -12.2021 -34.5
    endloop
  endfacet
  facet normal 0 0 -1
    outer loop
      vertex 29.3444 -6.23735 -34.5
      vertex 26.8991 -5.71757 -34.5
      vertex 27.5 0 -34.5
    endloop
  endfacet
  facet normal 0 0 -1
    outer loop
      vertex 27.4064 -12.2021 -34.5
      vertex 25.1225 -11.1853 -34.5
      vertex 26.8991 -5.71757 -34.5
    endloop
  endfacet
  facet normal 0 0 -1
    outer loop
      vertex 24.2705 -17.6336 -34.5
      vertex 25.1225 -11.1853 -34.5
      vertex 27.4064 -12.2021 -34.5
    endloop
  endfacet
  facet normal 0 0 -1
    outer loop
      vertex 24.2705 -17.6336 -34.5
      vertex 22.248 -16.1641 -34.5
      vertex 25.1225 -11.1853 -34.5
    endloop
  endfacet
  facet normal 0 0 -1
    outer loop
      vertex 20.0739 -22.2943 -34.5
      vertex 22.248 -16.1641 -34.5
      vertex 24.2705 -17.6336 -34.5
    endloop
  endfacet
  facet normal 0 0 -1
    outer loop
      vertex 20.0739 -22.2943 -34.5
      vertex 18.4011 -20.4365 -34.5
      vertex 22.248 -16.1641 -34.5
    endloop
  endfacet
  facet normal 0 0 -1
    outer loop
      vertex 15 -25.9808 -34.5
      vertex 18.4011 -20.4365 -34.5
      vertex 20.0739 -22.2943 -34.5
    endloop
  endfacet
  facet normal 0 0 -1
    outer loop
      vertex 15 -25.9808 -34.5
      vertex 13.75 -23.8157 -34.5
      vertex 18.4011 -20.4365 -34.5
    endloop
  endfacet
  facet normal 0 0 -1
    outer loop
      vertex 9.27051 -28.5317 -34.5
      vertex 13.75 -23.8157 -34.5
      vertex 15 -25.9808 -34.5
    endloop
  endfacet
  facet normal 0 0 -1
    outer loop
      vertex 9.27051 -28.5317 -34.5
      vertex 8.49797 -26.1541 -34.5
      vertex 13.75 -23.8157 -34.5
    endloop
  endfacet
  facet normal 0 0 -1
    outer loop
      vertex 3.13585 -29.8357 -34.5
      vertex 8.49797 -26.1541 -34.5
      vertex 9.27051 -28.5317 -34.5
    endloop
  endfacet
  facet normal 0 0 -1
    outer loop
      vertex 3.13585 -29.8357 -34.5
      vertex 2.87453 -27.3494 -34.5
      vertex 8.49797 -26.1541 -34.5
    endloop
  endfacet
  facet normal 0 0 -1
    outer loop
      vertex 3.13585 -29.8357 -34.5
      vertex -2.87453 -27.3494 -34.5
      vertex 2.87453 -27.3494 -34.5
    endloop
  endfacet
  facet normal 0 0 -1
    outer loop
      vertex -3.13585 -29.8357 -34.5
      vertex -2.87453 -27.3494 -34.5
      vertex 3.13585 -29.8357 -34.5
    endloop
  endfacet
  facet normal 0 0 -1
    outer loop
      vertex -3.13585 -29.8357 -34.5
      vertex -8.49797 -26.1541 -34.5
      vertex -2.87453 -27.3494 -34.5
    endloop
  endfacet
  facet normal 0 0 -1
    outer loop
      vertex -9.27051 -28.5317 -34.5
      vertex -8.49797 -26.1541 -34.5
      vertex -3.13585 -29.8357 -34.5
    endloop
  endfacet
  facet normal 0 0 -1
    outer loop
      vertex -9.27051 -28.5317 -34.5
      vertex -13.75 -23.8157 -34.5
      vertex -8.49797 -26.1541 -34.5
    endloop
  endfacet
  facet normal 0 0 -1
    outer loop
      vertex -15 -25.9808 -34.5
      vertex -13.75 -23.8157 -34.5
      vertex -9.27051 -28.5317 -34.5
    endloop
  endfacet
  facet normal 0 0 -1
    outer loop
      vertex -15 -25.9808 -34.5
      vertex -18.4011 -20.4365 -34.5
      vertex -13.75 -23.8157 -34.5
    endloop
  endfacet
  facet normal 0 0 -1
    outer loop
      vertex -20.0739 -22.2943 -34.5
      vertex -18.4011 -20.4365 -34.5
      vertex -15 -25.9808 -34.5
    endloop
  endfacet
  facet normal 0 0 -1
    outer loop
      vertex -20.0739 -22.2943 -34.5
      vertex -22.248 -16.1641 -34.5
      vertex -18.4011 -20.4365 -34.5
    endloop
  endfacet
  facet normal 0 0 -1
    outer loop
      vertex -24.2705 -17.6336 -34.5
      vertex -22.248 -16.1641 -34.5
      vertex -20.0739 -22.2943 -34.5
    endloop
  endfacet
  facet normal 0 0 -1
    outer loop
      vertex -24.2705 -17.6336 -34.5
      vertex -25.1225 -11.1853 -34.5
      vertex -22.248 -16.1641 -34.5
    endloop
  endfacet
  facet normal 0 0 -1
    outer loop
      vertex -27.4064 -12.2021 -34.5
      vertex -25.1225 -11.1853 -34.5
      vertex -24.2705 -17.6336 -34.5
    endloop
  endfacet
  facet normal -0 0 -1
    outer loop
      vertex -25.1225 -11.1853 -34.5
      vertex -27.4064 -12.2021 -34.5
      vertex -26.8991 -5.71757 -34.5
    endloop
  endfacet
  facet normal 0 0 -1
    outer loop
      vertex -29.3444 -6.23735 -34.5
      vertex -26.8991 -5.71757 -34.5
      vertex -27.4064 -12.2021 -34.5
    endloop
  endfacet
  facet normal -0 0 -1
    outer loop
      vertex -26.8991 -5.71757 -34.5
      vertex -29.3444 -6.23735 -34.5
      vertex -27.5 0 -34.5
    endloop
  endfacet
  facet normal 0 0 -1
    outer loop
      vertex 26.8991 5.71757 -34.5
      vertex 29.3444 6.23735 -34.5
      vertex 27.5 0 -34.5
    endloop
  endfacet
  facet normal -0 0 -1
    outer loop
      vertex 29.3444 6.23735 -34.5
      vertex 26.8991 5.71757 -34.5
      vertex 27.4064 12.2021 -34.5
    endloop
  endfacet
  facet normal 0 0 -1
    outer loop
      vertex 25.1225 11.1853 -34.5
      vertex 27.4064 12.2021 -34.5
      vertex 26.8991 5.71757 -34.5
    endloop
  endfacet
  facet normal 0 0 -1
    outer loop
      vertex 25.1225 11.1853 -34.5
      vertex 24.2705 17.6336 -34.5
      vertex 27.4064 12.2021 -34.5
    endloop
  endfacet
  facet normal 0 0 -1
    outer loop
      vertex 22.248 16.1641 -34.5
      vertex 24.2705 17.6336 -34.5
      vertex 25.1225 11.1853 -34.5
    endloop
  endfacet
  facet normal 0 0 -1
    outer loop
      vertex 22.248 16.1641 -34.5
      vertex 20.0739 22.2943 -34.5
      vertex 24.2705 17.6336 -34.5
    endloop
  endfacet
  facet normal 0 0 -1
    outer loop
      vertex 18.4011 20.4365 -34.5
      vertex 20.0739 22.2943 -34.5
      vertex 22.248 16.1641 -34.5
    endloop
  endfacet
  facet normal 0 0 -1
    outer loop
      vertex 18.4011 20.4365 -34.5
      vertex 15 25.9808 -34.5
      vertex 20.0739 22.2943 -34.5
    endloop
  endfacet
  facet normal 0 0 -1
    outer loop
      vertex 13.75 23.8157 -34.5
      vertex 15 25.9808 -34.5
      vertex 18.4011 20.4365 -34.5
    endloop
  endfacet
  facet normal 0 0 -1
    outer loop
      vertex 13.75 23.8157 -34.5
      vertex 9.27051 28.5317 -34.5
      vertex 15 25.9808 -34.5
    endloop
  endfacet
  facet normal 0 0 -1
    outer loop
      vertex 8.49797 26.1541 -34.5
      vertex 9.27051 28.5317 -34.5
      vertex 13.75 23.8157 -34.5
    endloop
  endfacet
  facet normal 0 0 -1
    outer loop
      vertex 8.49797 26.1541 -34.5
      vertex 3.13585 29.8357 -34.5
      vertex 9.27051 28.5317 -34.5
    endloop
  endfacet
  facet normal 0 0 -1
    outer loop
      vertex 2.87453 27.3494 -34.5
      vertex 3.13585 29.8357 -34.5
      vertex 8.49797 26.1541 -34.5
    endloop
  endfacet
  facet normal 0 0 -1
    outer loop
      vertex -2.87453 27.3494 -34.5
      vertex 3.13585 29.8357 -34.5
      vertex 2.87453 27.3494 -34.5
    endloop
  endfacet
  facet normal 0 0 -1
    outer loop
      vertex -2.87453 27.3494 -34.5
      vertex -3.13585 29.8357 -34.5
      vertex 3.13585 29.8357 -34.5
    endloop
  endfacet
  facet normal 0 0 -1
    outer loop
      vertex -8.49797 26.1541 -34.5
      vertex -3.13585 29.8357 -34.5
      vertex -2.87453 27.3494 -34.5
    endloop
  endfacet
  facet normal 0 0 -1
    outer loop
      vertex -8.49797 26.1541 -34.5
      vertex -9.27051 28.5317 -34.5
      vertex -3.13585 29.8357 -34.5
    endloop
  endfacet
  facet normal 0 0 -1
    outer loop
      vertex -13.75 23.8157 -34.5
      vertex -9.27051 28.5317 -34.5
      vertex -8.49797 26.1541 -34.5
    endloop
  endfacet
  facet normal 0 0 -1
    outer loop
      vertex -13.75 23.8157 -34.5
      vertex -15 25.9808 -34.5
      vertex -9.27051 28.5317 -34.5
    endloop
  endfacet
  facet normal 0 0 -1
    outer loop
      vertex -18.4011 20.4365 -34.5
      vertex -15 25.9808 -34.5
      vertex -13.75 23.8157 -34.5
    endloop
  endfacet
  facet normal 0 0 -1
    outer loop
      vertex -18.4011 20.4365 -34.5
      vertex -20.0739 22.2943 -34.5
      vertex -15 25.9808 -34.5
    endloop
  endfacet
  facet normal 0 0 -1
    outer loop
      vertex -22.248 16.1641 -34.5
      vertex -20.0739 22.2943 -34.5
      vertex -18.4011 20.4365 -34.5
    endloop
  endfacet
  facet normal 0 0 -1
    outer loop
      vertex -22.248 16.1641 -34.5
      vertex -24.2705 17.6336 -34.5
      vertex -20.0739 22.2943 -34.5
    endloop
  endfacet
  facet normal 0 0 -1
    outer loop
      vertex -25.1225 11.1853 -34.5
      vertex -24.2705 17.6336 -34.5
      vertex -22.248 16.1641 -34.5
    endloop
  endfacet
  facet normal 0 0 -1
    outer loop
      vertex -27.4064 12.2021 -34.5
      vertex -25.1225 11.1853 -34.5
      vertex -26.8991 5.71757 -34.5
    endloop
  endfacet
  facet normal 0 0 -1
    outer loop
      vertex -25.1225 11.1853 -34.5
      vertex -27.4064 12.2021 -34.5
      vertex -24.2705 17.6336 -34.5
    endloop
  endfacet
  facet normal 0 0 -1
    outer loop
      vertex -29.3444 6.23735 -34.5
      vertex -26.8991 5.71757 -34.5
      vertex -27.5 0 -34.5
    endloop
  endfacet
  facet normal 0 0 -1
    outer loop
      vertex -30 0 -34.5
      vertex -27.5 0 -34.5
      vertex -29.3444 -6.23735 -34.5
    endloop
  endfacet
  facet normal 0 0 -1
    outer loop
      vertex -26.8991 5.71757 -34.5
      vertex -29.3444 6.23735 -34.5
      vertex -27.4064 12.2021 -34.5
    endloop
  endfacet
  facet normal 0 0 -1
    outer loop
      vertex -27.5 0 -34.5
      vertex -30 0 -34.5
      vertex -29.3444 6.23735 -34.5
    endloop
  endfacet
  facet normal -0.95106 -0.309008 0
    outer loop
      vertex -27.4064 -12.2021 -34.5
      vertex -29.3444 -6.23735 -29.5
      vertex -29.3444 -6.23735 -34.5
    endloop
  endfacet
  facet normal -0.95106 -0.309008 0
    outer loop
      vertex -29.3444 -6.23735 -29.5
      vertex -27.4064 -12.2021 -34.5
      vertex -27.4064 -12.2021 -29.5
    endloop
  endfacet
  facet normal -0.406732 0.913547 0
    outer loop
      vertex -9.27051 28.5317 -34.5
      vertex -15 25.9808 -29.5
      vertex -9.27051 28.5317 -29.5
    endloop
  endfacet
  facet normal -0.406732 0.913547 0
    outer loop
      vertex -15 25.9808 -29.5
      vertex -9.27051 28.5317 -34.5
      vertex -15 25.9808 -34.5
    endloop
  endfacet
  facet normal -0 0 1
    outer loop
      vertex -24.2705 -17.6336 -29.5
      vertex -14.2678 -19.8829 -29.5
      vertex -23.2322 -1.76777 -29.5
    endloop
  endfacet
  facet normal 0 0 1
    outer loop
      vertex -14.2678 -19.8829 -29.5
      vertex -24.2705 -17.6336 -29.5
      vertex -20.0739 -22.2943 -29.5
    endloop
  endfacet
  facet normal 0 0 1
    outer loop
      vertex -27.4064 -12.2021 -29.5
      vertex -23.2322 -1.76777 -29.5
      vertex -25 -2.5 -29.5
    endloop
  endfacet
  facet normal 0 0 1
    outer loop
      vertex -29.3444 -6.23735 -29.5
      vertex -25 -2.5 -29.5
      vertex -26.7678 -1.76777 -29.5
    endloop
  endfacet
  facet normal 0 0 1
    outer loop
      vertex -23.2322 -1.76777 -29.5
      vertex -27.4064 -12.2021 -29.5
      vertex -24.2705 -17.6336 -29.5
    endloop
  endfacet
  facet normal -0 0 1
    outer loop
      vertex -30 0 -29.5
      vertex -26.7678 -1.76777 -29.5
      vertex -27.5 0 -29.5
    endloop
  endfacet
  facet normal 0 0 1
    outer loop
      vertex -26.7678 1.76777 -29.5
      vertex -30 0 -29.5
      vertex -27.5 0 -29.5
    endloop
  endfacet
  facet normal 0 0 1
    outer loop
      vertex -25 -2.5 -29.5
      vertex -29.3444 -6.23735 -29.5
      vertex -27.4064 -12.2021 -29.5
    endloop
  endfacet
  facet normal 0 0 1
    outer loop
      vertex -26.7678 -1.76777 -29.5
      vertex -30 0 -29.5
      vertex -29.3444 -6.23735 -29.5
    endloop
  endfacet
  facet normal 0 0 1
    outer loop
      vertex -14.2678 19.8829 -29.5
      vertex -8.09017 5.87785 -29.5
      vertex -12.5 19.1506 -29.5
    endloop
  endfacet
  facet normal 0 0 1
    outer loop
      vertex -8.09017 5.87785 -29.5
      vertex -23.2322 1.76777 -29.5
      vertex -9.13545 4.06737 -29.5
    endloop
  endfacet
  facet normal 0 0 1
    outer loop
      vertex -9.13545 4.06737 -29.5
      vertex -23.2322 1.76777 -29.5
      vertex -9.78148 2.07912 -29.5
    endloop
  endfacet
  facet normal 0 0 1
    outer loop
      vertex -10 0 -29.5
      vertex -10.7322 -19.8829 -29.5
      vertex -10 -21.6506 -29.5
    endloop
  endfacet
  facet normal 0 -0 1
    outer loop
      vertex -22.5 0 -29.5
      vertex -9.78148 2.07912 -29.5
      vertex -23.2322 1.76777 -29.5
    endloop
  endfacet
  facet normal 0 0 1
    outer loop
      vertex -23.2322 -1.76777 -29.5
      vertex -10 0 -29.5
      vertex -22.5 0 -29.5
    endloop
  endfacet
  facet normal 0 0 1
    outer loop
      vertex -8.09017 5.87785 -29.5
      vertex -14.2678 19.8829 -29.5
      vertex -23.2322 1.76777 -29.5
    endloop
  endfacet
  facet normal 0 0 1
    outer loop
      vertex -10 0 -29.5
      vertex -12.5 -19.1506 -29.5
      vertex -10.7322 -19.8829 -29.5
    endloop
  endfacet
  facet normal 0 0 1
    outer loop
      vertex -20.0739 22.2943 -29.5
      vertex -14.2678 19.8829 -29.5
      vertex -15 21.6506 -29.5
    endloop
  endfacet
  facet normal 0 0 1
    outer loop
      vertex -10 0 -29.5
      vertex -23.2322 -1.76777 -29.5
      vertex -12.5 -19.1506 -29.5
    endloop
  endfacet
  facet normal -0 -0 1
    outer loop
      vertex 9.78148 2.07912 -29.5
      vertex 23.2322 1.76777 -29.5
      vertex 9.13545 4.06737 -29.5
    endloop
  endfacet
  facet normal 0 0 1
    outer loop
      vertex 22.5 0 -29.5
      vertex 14.2678 -19.8829 -29.5
      vertex 15 -21.6506 -29.5
    endloop
  endfacet
  facet normal 0 0 1
    outer loop
      vertex 8.09017 5.87785 -29.5
      vertex 14.2678 19.8829 -29.5
      vertex 12.5 19.1506 -29.5
    endloop
  endfacet
  facet normal 0 0 1
    outer loop
      vertex 9.78148 -2.07912 -29.5
      vertex 22.5 0 -29.5
      vertex 10 0 -29.5
    endloop
  endfacet
  facet normal 0 0 1
    outer loop
      vertex 5 8.66025 -29.5
      vertex 12.5 19.1506 -29.5
      vertex 10.7322 19.8829 -29.5
    endloop
  endfacet
  facet normal 0 0 1
    outer loop
      vertex 9.13545 -4.06737 -29.5
      vertex 22.5 0 -29.5
      vertex 9.78148 -2.07912 -29.5
    endloop
  endfacet
  facet normal 0 0 1
    outer loop
      vertex 1.04528 9.94522 -29.5
      vertex 10.7322 19.8829 -29.5
      vertex 10 21.6506 -29.5
    endloop
  endfacet
  facet normal 0 0 1
    outer loop
      vertex 22.5 0 -29.5
      vertex 9.13545 -4.06737 -29.5
      vertex 14.2678 -19.8829 -29.5
    endloop
  endfacet
  facet normal -0 0 1
    outer loop
      vertex 8.09017 -5.87785 -29.5
      vertex 14.2678 -19.8829 -29.5
      vertex 9.13545 -4.06737 -29.5
    endloop
  endfacet
  facet normal 0 0 1
    outer loop
      vertex 14.2678 -19.8829 -29.5
      vertex 8.09017 -5.87785 -29.5
      vertex 12.5 -19.1506 -29.5
    endloop
  endfacet
  facet normal 0 0 1
    outer loop
      vertex 20.0739 22.2943 -29.5
      vertex 14.2678 23.4184 -29.5
      vertex 15 21.6506 -29.5
    endloop
  endfacet
  facet normal 0 0 1
    outer loop
      vertex 15 25.9808 -29.5
      vertex 12.5 24.1506 -29.5
      vertex 14.2678 23.4184 -29.5
    endloop
  endfacet
  facet normal 0 0 1
    outer loop
      vertex 9.27051 28.5317 -29.5
      vertex 12.5 24.1506 -29.5
      vertex 15 25.9808 -29.5
    endloop
  endfacet
  facet normal 0 0 1
    outer loop
      vertex 22.5 0 -29.5
      vertex 9.78148 2.07912 -29.5
      vertex 10 0 -29.5
    endloop
  endfacet
  facet normal 0 0 1
    outer loop
      vertex 12.5 24.1506 -29.5
      vertex 9.27051 28.5317 -29.5
      vertex 10.7322 23.4184 -29.5
    endloop
  endfacet
  facet normal 0 0 1
    outer loop
      vertex 9.27051 28.5317 -29.5
      vertex 10 21.6506 -29.5
      vertex 10.7322 23.4184 -29.5
    endloop
  endfacet
  facet normal 0 0 1
    outer loop
      vertex 3.13585 29.8357 -29.5
      vertex 10 21.6506 -29.5
      vertex 9.27051 28.5317 -29.5
    endloop
  endfacet
  facet normal 0 0 1
    outer loop
      vertex 23.2322 1.76777 -29.5
      vertex 9.78148 2.07912 -29.5
      vertex 22.5 0 -29.5
    endloop
  endfacet
  facet normal 0 0 1
    outer loop
      vertex 14.2678 19.8829 -29.5
      vertex 8.09017 5.87785 -29.5
      vertex 9.13545 4.06737 -29.5
    endloop
  endfacet
  facet normal 0 0 1
    outer loop
      vertex 12.5 19.1506 -29.5
      vertex 6.69131 7.43145 -29.5
      vertex 8.09017 5.87785 -29.5
    endloop
  endfacet
  facet normal 0 0 1
    outer loop
      vertex 12.5 19.1506 -29.5
      vertex 5 8.66025 -29.5
      vertex 6.69131 7.43145 -29.5
    endloop
  endfacet
  facet normal 0 0 1
    outer loop
      vertex -10 21.6506 -29.5
      vertex 10 21.6506 -29.5
      vertex 3.13585 29.8357 -29.5
    endloop
  endfacet
  facet normal 0 0 1
    outer loop
      vertex 10.7322 19.8829 -29.5
      vertex 3.09017 9.51056 -29.5
      vertex 5 8.66025 -29.5
    endloop
  endfacet
  facet normal 0 0 1
    outer loop
      vertex 10.7322 19.8829 -29.5
      vertex 1.04528 9.94522 -29.5
      vertex 3.09017 9.51056 -29.5
    endloop
  endfacet
  facet normal 0 0 1
    outer loop
      vertex 10 21.6506 -29.5
      vertex -1.04528 9.94522 -29.5
      vertex 1.04528 9.94522 -29.5
    endloop
  endfacet
  facet normal 0 0 1
    outer loop
      vertex 10 21.6506 -29.5
      vertex -10 21.6506 -29.5
      vertex -1.04528 9.94522 -29.5
    endloop
  endfacet
  facet normal 0 0 1
    outer loop
      vertex -10 21.6506 -29.5
      vertex 3.13585 29.8357 -29.5
      vertex -3.13585 29.8357 -29.5
    endloop
  endfacet
  facet normal -0 0 1
    outer loop
      vertex -10.7322 19.8829 -29.5
      vertex -1.04528 9.94522 -29.5
      vertex -10 21.6506 -29.5
    endloop
  endfacet
  facet normal 0 0 1
    outer loop
      vertex -1.04528 9.94522 -29.5
      vertex -10.7322 19.8829 -29.5
      vertex -3.09017 9.51056 -29.5
    endloop
  endfacet
  facet normal 0 0 1
    outer loop
      vertex -3.09017 9.51056 -29.5
      vertex -10.7322 19.8829 -29.5
      vertex -5 8.66025 -29.5
    endloop
  endfacet
  facet normal -0 0 1
    outer loop
      vertex -12.5 19.1506 -29.5
      vertex -5 8.66025 -29.5
      vertex -10.7322 19.8829 -29.5
    endloop
  endfacet
  facet normal 0 0 1
    outer loop
      vertex -10 21.6506 -29.5
      vertex -3.13585 29.8357 -29.5
      vertex -9.27051 28.5317 -29.5
    endloop
  endfacet
  facet normal 0 0 1
    outer loop
      vertex -5 8.66025 -29.5
      vertex -12.5 19.1506 -29.5
      vertex -6.69131 7.43145 -29.5
    endloop
  endfacet
  facet normal 0 0 1
    outer loop
      vertex -6.69131 7.43145 -29.5
      vertex -12.5 19.1506 -29.5
      vertex -8.09017 5.87785 -29.5
    endloop
  endfacet
  facet normal 0 0 1
    outer loop
      vertex -9.27051 28.5317 -29.5
      vertex -10.7322 23.4184 -29.5
      vertex -10 21.6506 -29.5
    endloop
  endfacet
  facet normal 0 0 1
    outer loop
      vertex -9.27051 28.5317 -29.5
      vertex -12.5 24.1506 -29.5
      vertex -10.7322 23.4184 -29.5
    endloop
  endfacet
  facet normal -0 0 1
    outer loop
      vertex -15 25.9808 -29.5
      vertex -12.5 24.1506 -29.5
      vertex -9.27051 28.5317 -29.5
    endloop
  endfacet
  facet normal 0 0 1
    outer loop
      vertex -12.5 24.1506 -29.5
      vertex -15 25.9808 -29.5
      vertex -14.2678 23.4184 -29.5
    endloop
  endfacet
  facet normal 0 0 1
    outer loop
      vertex -20.0739 22.2943 -29.5
      vertex -14.2678 23.4184 -29.5
      vertex -15 25.9808 -29.5
    endloop
  endfacet
  facet normal 0 0 1
    outer loop
      vertex -14.2678 23.4184 -29.5
      vertex -20.0739 22.2943 -29.5
      vertex -15 21.6506 -29.5
    endloop
  endfacet
  facet normal 0 0 1
    outer loop
      vertex -12.5 -19.1506 -29.5
      vertex -23.2322 -1.76777 -29.5
      vertex -14.2678 -19.8829 -29.5
    endloop
  endfacet
  facet normal 0 0 1
    outer loop
      vertex -14.2678 19.8829 -29.5
      vertex -20.0739 22.2943 -29.5
      vertex -24.2705 17.6336 -29.5
    endloop
  endfacet
  facet normal 0 0 1
    outer loop
      vertex -14.2678 -19.8829 -29.5
      vertex -20.0739 -22.2943 -29.5
      vertex -15 -21.6506 -29.5
    endloop
  endfacet
  facet normal 0 0 1
    outer loop
      vertex -15 -21.6506 -29.5
      vertex -20.0739 -22.2943 -29.5
      vertex -15 -25.9808 -29.5
    endloop
  endfacet
  facet normal 0 0 1
    outer loop
      vertex -9.78148 2.07912 -29.5
      vertex -22.5 0 -29.5
      vertex -10 0 -29.5
    endloop
  endfacet
  facet normal 0 0 1
    outer loop
      vertex -14.2678 19.8829 -29.5
      vertex -24.2705 17.6336 -29.5
      vertex -23.2322 1.76777 -29.5
    endloop
  endfacet
  facet normal -0 0 1
    outer loop
      vertex -27.4064 12.2021 -29.5
      vertex -23.2322 1.76777 -29.5
      vertex -24.2705 17.6336 -29.5
    endloop
  endfacet
  facet normal 0 0 1
    outer loop
      vertex -23.2322 1.76777 -29.5
      vertex -27.4064 12.2021 -29.5
      vertex -25 2.5 -29.5
    endloop
  endfacet
  facet normal -0 0 1
    outer loop
      vertex -29.3444 6.23735 -29.5
      vertex -25 2.5 -29.5
      vertex -27.4064 12.2021 -29.5
    endloop
  endfacet
  facet normal 0 0 1
    outer loop
      vertex -25 2.5 -29.5
      vertex -29.3444 6.23735 -29.5
      vertex -26.7678 1.76777 -29.5
    endloop
  endfacet
  facet normal 0 0 1
    outer loop
      vertex -30 0 -29.5
      vertex -26.7678 1.76777 -29.5
      vertex -29.3444 6.23735 -29.5
    endloop
  endfacet
  facet normal -0 0 1
    outer loop
      vertex 26.7678 1.76777 -29.5
      vertex 30 0 -29.5
      vertex 29.3444 6.23735 -29.5
    endloop
  endfacet
  facet normal 0 0 1
    outer loop
      vertex 26.7678 -1.76777 -29.5
      vertex 30 0 -29.5
      vertex 27.5 0 -29.5
    endloop
  endfacet
  facet normal 0 0 1
    outer loop
      vertex 25 2.5 -29.5
      vertex 29.3444 6.23735 -29.5
      vertex 27.4064 12.2021 -29.5
    endloop
  endfacet
  facet normal 0 0 1
    outer loop
      vertex 30 0 -29.5
      vertex 26.7678 1.76777 -29.5
      vertex 27.5 0 -29.5
    endloop
  endfacet
  facet normal 0 0 1
    outer loop
      vertex 29.3444 6.23735 -29.5
      vertex 25 2.5 -29.5
      vertex 26.7678 1.76777 -29.5
    endloop
  endfacet
  facet normal 0 0 1
    outer loop
      vertex 23.2322 1.76777 -29.5
      vertex 27.4064 12.2021 -29.5
      vertex 24.2705 17.6336 -29.5
    endloop
  endfacet
  facet normal 0 0 1
    outer loop
      vertex 27.4064 12.2021 -29.5
      vertex 23.2322 1.76777 -29.5
      vertex 25 2.5 -29.5
    endloop
  endfacet
  facet normal 0 0 1
    outer loop
      vertex 20.0739 22.2943 -29.5
      vertex 14.2678 19.8829 -29.5
      vertex 24.2705 17.6336 -29.5
    endloop
  endfacet
  facet normal 0 0 1
    outer loop
      vertex 14.2678 19.8829 -29.5
      vertex 20.0739 22.2943 -29.5
      vertex 15 21.6506 -29.5
    endloop
  endfacet
  facet normal 0 0 1
    outer loop
      vertex 30 0 -29.5
      vertex 26.7678 -1.76777 -29.5
      vertex 29.3444 -6.23735 -29.5
    endloop
  endfacet
  facet normal -0 0 1
    outer loop
      vertex 25 -2.5 -29.5
      vertex 29.3444 -6.23735 -29.5
      vertex 26.7678 -1.76777 -29.5
    endloop
  endfacet
  facet normal 0 0 1
    outer loop
      vertex 29.3444 -6.23735 -29.5
      vertex 25 -2.5 -29.5
      vertex 27.4064 -12.2021 -29.5
    endloop
  endfacet
  facet normal 0 0 1
    outer loop
      vertex 23.2322 -1.76777 -29.5
      vertex 27.4064 -12.2021 -29.5
      vertex 25 -2.5 -29.5
    endloop
  endfacet
  facet normal 0 0 1
    outer loop
      vertex 27.4064 -12.2021 -29.5
      vertex 23.2322 -1.76777 -29.5
      vertex 24.2705 -17.6336 -29.5
    endloop
  endfacet
  facet normal 0 0 1
    outer loop
      vertex 15 -21.6506 -29.5
      vertex 23.2322 -1.76777 -29.5
      vertex 22.5 0 -29.5
    endloop
  endfacet
  facet normal 0 0 1
    outer loop
      vertex 24.2705 17.6336 -29.5
      vertex 14.2678 19.8829 -29.5
      vertex 23.2322 1.76777 -29.5
    endloop
  endfacet
  facet normal -0 0 1
    outer loop
      vertex 9.13545 4.06737 -29.5
      vertex 23.2322 1.76777 -29.5
      vertex 14.2678 19.8829 -29.5
    endloop
  endfacet
  facet normal -0 0 1
    outer loop
      vertex 14.2678 23.4184 -29.5
      vertex 20.0739 22.2943 -29.5
      vertex 15 25.9808 -29.5
    endloop
  endfacet
  facet normal 0 0 1
    outer loop
      vertex 23.2322 -1.76777 -29.5
      vertex 15 -21.6506 -29.5
      vertex 24.2705 -17.6336 -29.5
    endloop
  endfacet
  facet normal 0 0 1
    outer loop
      vertex 24.2705 -17.6336 -29.5
      vertex 15 -21.6506 -29.5
      vertex 20.0739 -22.2943 -29.5
    endloop
  endfacet
  facet normal 0 0 1
    outer loop
      vertex 14.2678 -23.4184 -29.5
      vertex 20.0739 -22.2943 -29.5
      vertex 15 -21.6506 -29.5
    endloop
  endfacet
  facet normal 0 0 1
    outer loop
      vertex 20.0739 -22.2943 -29.5
      vertex 14.2678 -23.4184 -29.5
      vertex 15 -25.9808 -29.5
    endloop
  endfacet
  facet normal -0 0 1
    outer loop
      vertex 12.5 -24.1506 -29.5
      vertex 15 -25.9808 -29.5
      vertex 14.2678 -23.4184 -29.5
    endloop
  endfacet
  facet normal 0 0 1
    outer loop
      vertex 9.27051 -28.5317 -29.5
      vertex 12.5 -24.1506 -29.5
      vertex 10.7322 -23.4184 -29.5
    endloop
  endfacet
  facet normal 0 0 1
    outer loop
      vertex 12.5 -24.1506 -29.5
      vertex 9.27051 -28.5317 -29.5
      vertex 15 -25.9808 -29.5
    endloop
  endfacet
  facet normal 0 0 1
    outer loop
      vertex 10 -21.6506 -29.5
      vertex 9.27051 -28.5317 -29.5
      vertex 10.7322 -23.4184 -29.5
    endloop
  endfacet
  facet normal -0 0 1
    outer loop
      vertex 6.69131 -7.43145 -29.5
      vertex 12.5 -19.1506 -29.5
      vertex 8.09017 -5.87785 -29.5
    endloop
  endfacet
  facet normal -0 0 1
    outer loop
      vertex 5 -8.66025 -29.5
      vertex 12.5 -19.1506 -29.5
      vertex 6.69131 -7.43145 -29.5
    endloop
  endfacet
  facet normal 0 0 1
    outer loop
      vertex 12.5 -19.1506 -29.5
      vertex 5 -8.66025 -29.5
      vertex 10.7322 -19.8829 -29.5
    endloop
  endfacet
  facet normal -0 0 1
    outer loop
      vertex 3.09017 -9.51056 -29.5
      vertex 10.7322 -19.8829 -29.5
      vertex 5 -8.66025 -29.5
    endloop
  endfacet
  facet normal -0 0 1
    outer loop
      vertex 1.04528 -9.94522 -29.5
      vertex 10.7322 -19.8829 -29.5
      vertex 3.09017 -9.51056 -29.5
    endloop
  endfacet
  facet normal 0 0 1
    outer loop
      vertex 10.7322 -19.8829 -29.5
      vertex 1.04528 -9.94522 -29.5
      vertex 10 -21.6506 -29.5
    endloop
  endfacet
  facet normal 0 0 1
    outer loop
      vertex 10 -21.6506 -29.5
      vertex 3.13585 -29.8357 -29.5
      vertex 9.27051 -28.5317 -29.5
    endloop
  endfacet
  facet normal -0 0 1
    outer loop
      vertex -1.04528 -9.94522 -29.5
      vertex 10 -21.6506 -29.5
      vertex 1.04528 -9.94522 -29.5
    endloop
  endfacet
  facet normal 0 0 1
    outer loop
      vertex -10 -21.6506 -29.5
      vertex 10 -21.6506 -29.5
      vertex -1.04528 -9.94522 -29.5
    endloop
  endfacet
  facet normal 0 0 1
    outer loop
      vertex -10 -21.6506 -29.5
      vertex -1.04528 -9.94522 -29.5
      vertex -3.09017 -9.51056 -29.5
    endloop
  endfacet
  facet normal 0 0 1
    outer loop
      vertex 10 -21.6506 -29.5
      vertex -10 -21.6506 -29.5
      vertex 3.13585 -29.8357 -29.5
    endloop
  endfacet
  facet normal 0 0 1
    outer loop
      vertex -10 -21.6506 -29.5
      vertex -3.09017 -9.51056 -29.5
      vertex -5 -8.66025 -29.5
    endloop
  endfacet
  facet normal 0 0 1
    outer loop
      vertex -10 -21.6506 -29.5
      vertex -5 -8.66025 -29.5
      vertex -6.69131 -7.43145 -29.5
    endloop
  endfacet
  facet normal 0 0 1
    outer loop
      vertex -10 -21.6506 -29.5
      vertex -6.69131 -7.43145 -29.5
      vertex -8.09017 -5.87785 -29.5
    endloop
  endfacet
  facet normal 0 0 1
    outer loop
      vertex -10 -21.6506 -29.5
      vertex -8.09017 -5.87785 -29.5
      vertex -9.13545 -4.06737 -29.5
    endloop
  endfacet
  facet normal 0 0 1
    outer loop
      vertex 3.13585 -29.8357 -29.5
      vertex -10 -21.6506 -29.5
      vertex -3.13585 -29.8357 -29.5
    endloop
  endfacet
  facet normal 0 0 1
    outer loop
      vertex -10 -21.6506 -29.5
      vertex -9.13545 -4.06737 -29.5
      vertex -9.78148 -2.07912 -29.5
    endloop
  endfacet
  facet normal 0 0 1
    outer loop
      vertex -10 -21.6506 -29.5
      vertex -9.78148 -2.07912 -29.5
      vertex -10 0 -29.5
    endloop
  endfacet
  facet normal 0 0 1
    outer loop
      vertex -3.13585 -29.8357 -29.5
      vertex -10 -21.6506 -29.5
      vertex -9.27051 -28.5317 -29.5
    endloop
  endfacet
  facet normal -0 0 1
    outer loop
      vertex -10.7322 -23.4184 -29.5
      vertex -9.27051 -28.5317 -29.5
      vertex -10 -21.6506 -29.5
    endloop
  endfacet
  facet normal -0 0 1
    outer loop
      vertex -12.5 -24.1506 -29.5
      vertex -9.27051 -28.5317 -29.5
      vertex -10.7322 -23.4184 -29.5
    endloop
  endfacet
  facet normal 0 0 1
    outer loop
      vertex -15 -25.9808 -29.5
      vertex -12.5 -24.1506 -29.5
      vertex -14.2678 -23.4184 -29.5
    endloop
  endfacet
  facet normal 0 0 1
    outer loop
      vertex -12.5 -24.1506 -29.5
      vertex -15 -25.9808 -29.5
      vertex -9.27051 -28.5317 -29.5
    endloop
  endfacet
  facet normal 0 0 1
    outer loop
      vertex -15 -25.9808 -29.5
      vertex -14.2678 -23.4184 -29.5
      vertex -15 -21.6506 -29.5
    endloop
  endfacet
  facet normal -0.207917 -0.978146 0
    outer loop
      vertex -9.27051 -28.5317 -34.5
      vertex -3.13585 -29.8357 -29.5
      vertex -9.27051 -28.5317 -29.5
    endloop
  endfacet
  facet normal -0.207917 -0.978146 -0
    outer loop
      vertex -3.13585 -29.8357 -29.5
      vertex -9.27051 -28.5317 -34.5
      vertex -3.13585 -29.8357 -34.5
    endloop
  endfacet
  facet normal 0.207917 0.978146 -0
    outer loop
      vertex 9.27051 28.5317 -34.5
      vertex 3.13585 29.8357 -29.5
      vertex 9.27051 28.5317 -29.5
    endloop
  endfacet
  facet normal 0.207917 0.978146 0
    outer loop
      vertex 3.13585 29.8357 -29.5
      vertex 9.27051 28.5317 -34.5
      vertex 3.13585 29.8357 -34.5
    endloop
  endfacet
  facet normal -0.994521 -0.104533 0
    outer loop
      vertex -29.3444 -6.23735 -34.5
      vertex -30 0 -29.5
      vertex -30 0 -34.5
    endloop
  endfacet
  facet normal -0.994521 -0.104533 0
    outer loop
      vertex -30 0 -29.5
      vertex -29.3444 -6.23735 -34.5
      vertex -29.3444 -6.23735 -29.5
    endloop
  endfacet
  facet normal -0.866024 -0.500003 0
    outer loop
      vertex -24.2705 -17.6336 -34.5
      vertex -27.4064 -12.2021 -29.5
      vertex -27.4064 -12.2021 -34.5
    endloop
  endfacet
  facet normal -0.866024 -0.500003 0
    outer loop
      vertex -27.4064 -12.2021 -29.5
      vertex -24.2705 -17.6336 -34.5
      vertex -24.2705 -17.6336 -29.5
    endloop
  endfacet
  facet normal -0.866024 0.500003 0
    outer loop
      vertex -27.4064 12.2021 -34.5
      vertex -24.2705 17.6336 -29.5
      vertex -24.2705 17.6336 -34.5
    endloop
  endfacet
  facet normal -0.866024 0.500003 0
    outer loop
      vertex -24.2705 17.6336 -29.5
      vertex -27.4064 12.2021 -34.5
      vertex -27.4064 12.2021 -29.5
    endloop
  endfacet
  facet normal 0.866024 -0.500003 0
    outer loop
      vertex 24.2705 -17.6336 -29.5
      vertex 27.4064 -12.2021 -34.5
      vertex 27.4064 -12.2021 -29.5
    endloop
  endfacet
  facet normal 0.866024 -0.500003 0
    outer loop
      vertex 27.4064 -12.2021 -34.5
      vertex 24.2705 -17.6336 -29.5
      vertex 24.2705 -17.6336 -34.5
    endloop
  endfacet
  facet normal 0.587795 0.80901 -0
    outer loop
      vertex 20.0739 22.2943 -34.5
      vertex 15 25.9808 -29.5
      vertex 20.0739 22.2943 -29.5
    endloop
  endfacet
  facet normal 0.587795 0.80901 0
    outer loop
      vertex 15 25.9808 -29.5
      vertex 20.0739 22.2943 -34.5
      vertex 15 25.9808 -34.5
    endloop
  endfacet
  facet normal -0.587795 0.80901 0
    outer loop
      vertex -15 25.9808 -34.5
      vertex -20.0739 22.2943 -29.5
      vertex -15 25.9808 -29.5
    endloop
  endfacet
  facet normal -0.587795 0.80901 0
    outer loop
      vertex -20.0739 22.2943 -29.5
      vertex -15 25.9808 -34.5
      vertex -20.0739 22.2943 -34.5
    endloop
  endfacet
  facet normal -0.207917 0.978146 0
    outer loop
      vertex -3.13585 29.8357 -34.5
      vertex -9.27051 28.5317 -29.5
      vertex -3.13585 29.8357 -29.5
    endloop
  endfacet
  facet normal -0.207917 0.978146 0
    outer loop
      vertex -9.27051 28.5317 -29.5
      vertex -3.13585 29.8357 -34.5
      vertex -9.27051 28.5317 -34.5
    endloop
  endfacet
  facet normal 0 -1 0
    outer loop
      vertex -3.13585 -29.8357 -34.5
      vertex 3.13585 -29.8357 -29.5
      vertex -3.13585 -29.8357 -29.5
    endloop
  endfacet
  facet normal 0 -1 -0
    outer loop
      vertex 3.13585 -29.8357 -29.5
      vertex -3.13585 -29.8357 -34.5
      vertex 3.13585 -29.8357 -34.5
    endloop
  endfacet
  facet normal -0.994521 0.104533 0
    outer loop
      vertex -30 0 -34.5
      vertex -29.3444 6.23735 -29.5
      vertex -29.3444 6.23735 -34.5
    endloop
  endfacet
  facet normal -0.994521 0.104533 0
    outer loop
      vertex -29.3444 6.23735 -29.5
      vertex -30 0 -34.5
      vertex -30 0 -29.5
    endloop
  endfacet
  facet normal -0.207912 -0.978148 0
    outer loop
      vertex -8.49797 -26.1541 -36.5
      vertex -2.87453 -27.3494 -34.5
      vertex -8.49797 -26.1541 -34.5
    endloop
  endfacet
  facet normal -0.207912 -0.978148 -0
    outer loop
      vertex -2.87453 -27.3494 -34.5
      vertex -8.49797 -26.1541 -36.5
      vertex -2.87453 -27.3494 -36.5
    endloop
  endfacet
  facet normal 0.951055 0.309021 0
    outer loop
      vertex 26.8991 5.71757 -34.5
      vertex 25.1225 11.1853 -36.5
      vertex 25.1225 11.1853 -34.5
    endloop
  endfacet
  facet normal 0.951055 0.309021 0
    outer loop
      vertex 25.1225 11.1853 -36.5
      vertex 26.8991 5.71757 -34.5
      vertex 26.8991 5.71757 -36.5
    endloop
  endfacet
  facet normal 0.994523 0.104521 0
    outer loop
      vertex 27.5 0 -34.5
      vertex 26.8991 5.71757 -36.5
      vertex 26.8991 5.71757 -34.5
    endloop
  endfacet
  facet normal 0.994523 0.104521 0
    outer loop
      vertex 26.8991 5.71757 -36.5
      vertex 27.5 0 -34.5
      vertex 27.5 0 -36.5
    endloop
  endfacet
  facet normal 0.866026 0.499998 0
    outer loop
      vertex 25.1225 11.1853 -34.5
      vertex 22.248 16.1641 -36.5
      vertex 22.248 16.1641 -34.5
    endloop
  endfacet
  facet normal 0.866026 0.499998 0
    outer loop
      vertex 22.248 16.1641 -36.5
      vertex 25.1225 11.1853 -34.5
      vertex 25.1225 11.1853 -36.5
    endloop
  endfacet
  facet normal 0.994523 -0.104521 0
    outer loop
      vertex 26.8991 -5.71757 -34.5
      vertex 27.5 0 -36.5
      vertex 27.5 0 -34.5
    endloop
  endfacet
  facet normal 0.994523 -0.104521 0
    outer loop
      vertex 27.5 0 -36.5
      vertex 26.8991 -5.71757 -34.5
      vertex 26.8991 -5.71757 -36.5
    endloop
  endfacet
  facet normal 0.743144 0.669132 0
    outer loop
      vertex 22.248 16.1641 -34.5
      vertex 18.4011 20.4365 -36.5
      vertex 18.4011 20.4365 -34.5
    endloop
  endfacet
  facet normal 0.743144 0.669132 0
    outer loop
      vertex 18.4011 20.4365 -36.5
      vertex 22.248 16.1641 -34.5
      vertex 22.248 16.1641 -36.5
    endloop
  endfacet
  facet normal -0.951055 -0.309021 0
    outer loop
      vertex -25.1225 -11.1853 -36.5
      vertex -26.8991 -5.71757 -34.5
      vertex -26.8991 -5.71757 -36.5
    endloop
  endfacet
  facet normal -0.951055 -0.309021 0
    outer loop
      vertex -26.8991 -5.71757 -34.5
      vertex -25.1225 -11.1853 -36.5
      vertex -25.1225 -11.1853 -34.5
    endloop
  endfacet
  facet normal -0.743144 0.669132 0
    outer loop
      vertex -22.248 16.1641 -36.5
      vertex -18.4011 20.4365 -34.5
      vertex -18.4011 20.4365 -36.5
    endloop
  endfacet
  facet normal -0.743144 0.669132 0
    outer loop
      vertex -18.4011 20.4365 -34.5
      vertex -22.248 16.1641 -36.5
      vertex -22.248 16.1641 -34.5
    endloop
  endfacet
  facet normal -0.951055 0.309021 0
    outer loop
      vertex -26.8991 5.71757 -36.5
      vertex -25.1225 11.1853 -34.5
      vertex -25.1225 11.1853 -36.5
    endloop
  endfacet
  facet normal -0.951055 0.309021 0
    outer loop
      vertex -25.1225 11.1853 -34.5
      vertex -26.8991 5.71757 -36.5
      vertex -26.8991 5.71757 -34.5
    endloop
  endfacet
  facet normal 0.587783 -0.809019 0
    outer loop
      vertex 13.75 -23.8157 -36.5
      vertex 18.4011 -20.4365 -34.5
      vertex 13.75 -23.8157 -34.5
    endloop
  endfacet
  facet normal 0.587783 -0.809019 0
    outer loop
      vertex 18.4011 -20.4365 -34.5
      vertex 13.75 -23.8157 -36.5
      vertex 18.4011 -20.4365 -36.5
    endloop
  endfacet
  facet normal -0.587783 -0.809019 0
    outer loop
      vertex -18.4011 -20.4365 -36.5
      vertex -13.75 -23.8157 -34.5
      vertex -18.4011 -20.4365 -34.5
    endloop
  endfacet
  facet normal -0.587783 -0.809019 -0
    outer loop
      vertex -13.75 -23.8157 -34.5
      vertex -18.4011 -20.4365 -36.5
      vertex -13.75 -23.8157 -36.5
    endloop
  endfacet
  facet normal -0.587783 0.809019 0
    outer loop
      vertex -13.75 23.8157 -36.5
      vertex -18.4011 20.4365 -34.5
      vertex -13.75 23.8157 -34.5
    endloop
  endfacet
  facet normal -0.587783 0.809019 0
    outer loop
      vertex -18.4011 20.4365 -34.5
      vertex -13.75 23.8157 -36.5
      vertex -18.4011 20.4365 -36.5
    endloop
  endfacet
  facet normal -0.866026 0.499998 0
    outer loop
      vertex -25.1225 11.1853 -36.5
      vertex -22.248 16.1641 -34.5
      vertex -22.248 16.1641 -36.5
    endloop
  endfacet
  facet normal -0.866026 0.499998 0
    outer loop
      vertex -22.248 16.1641 -34.5
      vertex -25.1225 11.1853 -36.5
      vertex -25.1225 11.1853 -34.5
    endloop
  endfacet
  facet normal -0.406743 0.913543 0
    outer loop
      vertex -8.49797 26.1541 -36.5
      vertex -13.75 23.8157 -34.5
      vertex -8.49797 26.1541 -34.5
    endloop
  endfacet
  facet normal -0.406743 0.913543 0
    outer loop
      vertex -13.75 23.8157 -34.5
      vertex -8.49797 26.1541 -36.5
      vertex -13.75 23.8157 -36.5
    endloop
  endfacet
  facet normal -0.406743 -0.913543 0
    outer loop
      vertex -13.75 -23.8157 -36.5
      vertex -8.49797 -26.1541 -34.5
      vertex -13.75 -23.8157 -34.5
    endloop
  endfacet
  facet normal -0.406743 -0.913543 -0
    outer loop
      vertex -8.49797 -26.1541 -34.5
      vertex -13.75 -23.8157 -36.5
      vertex -8.49797 -26.1541 -36.5
    endloop
  endfacet
  facet normal -0.207912 0.978148 0
    outer loop
      vertex -2.87453 27.3494 -36.5
      vertex -8.49797 26.1541 -34.5
      vertex -2.87453 27.3494 -34.5
    endloop
  endfacet
  facet normal -0.207912 0.978148 0
    outer loop
      vertex -8.49797 26.1541 -34.5
      vertex -2.87453 27.3494 -36.5
      vertex -8.49797 26.1541 -36.5
    endloop
  endfacet
  facet normal 0.866026 -0.499998 0
    outer loop
      vertex 22.248 -16.1641 -34.5
      vertex 25.1225 -11.1853 -36.5
      vertex 25.1225 -11.1853 -34.5
    endloop
  endfacet
  facet normal 0.866026 -0.499998 0
    outer loop
      vertex 25.1225 -11.1853 -36.5
      vertex 22.248 -16.1641 -34.5
      vertex 22.248 -16.1641 -36.5
    endloop
  endfacet
  facet normal 0.743144 -0.669132 0
    outer loop
      vertex 18.4011 -20.4365 -34.5
      vertex 22.248 -16.1641 -36.5
      vertex 22.248 -16.1641 -34.5
    endloop
  endfacet
  facet normal 0.743144 -0.669132 0
    outer loop
      vertex 22.248 -16.1641 -36.5
      vertex 18.4011 -20.4365 -34.5
      vertex 18.4011 -20.4365 -36.5
    endloop
  endfacet
  facet normal 0.207912 -0.978148 0
    outer loop
      vertex 2.87453 -27.3494 -36.5
      vertex 8.49797 -26.1541 -34.5
      vertex 2.87453 -27.3494 -34.5
    endloop
  endfacet
  facet normal 0.207912 -0.978148 0
    outer loop
      vertex 8.49797 -26.1541 -34.5
      vertex 2.87453 -27.3494 -36.5
      vertex 8.49797 -26.1541 -36.5
    endloop
  endfacet
  facet normal 0 1 -0
    outer loop
      vertex 2.87453 27.3494 -36.5
      vertex -2.87453 27.3494 -34.5
      vertex 2.87453 27.3494 -34.5
    endloop
  endfacet
  facet normal 0 1 0
    outer loop
      vertex -2.87453 27.3494 -34.5
      vertex 2.87453 27.3494 -36.5
      vertex -2.87453 27.3494 -36.5
    endloop
  endfacet
  facet normal 0.951055 -0.309021 0
    outer loop
      vertex 25.1225 -11.1853 -34.5
      vertex 26.8991 -5.71757 -36.5
      vertex 26.8991 -5.71757 -34.5
    endloop
  endfacet
  facet normal 0.951055 -0.309021 0
    outer loop
      vertex 26.8991 -5.71757 -36.5
      vertex 25.1225 -11.1853 -34.5
      vertex 25.1225 -11.1853 -36.5
    endloop
  endfacet
  facet normal 0.587783 0.809019 -0
    outer loop
      vertex 18.4011 20.4365 -36.5
      vertex 13.75 23.8157 -34.5
      vertex 18.4011 20.4365 -34.5
    endloop
  endfacet
  facet normal 0.587783 0.809019 0
    outer loop
      vertex 13.75 23.8157 -34.5
      vertex 18.4011 20.4365 -36.5
      vertex 13.75 23.8157 -36.5
    endloop
  endfacet
  facet normal -0.994523 0.104521 0
    outer loop
      vertex -27.5 0 -36.5
      vertex -26.8991 5.71757 -34.5
      vertex -26.8991 5.71757 -36.5
    endloop
  endfacet
  facet normal -0.994523 0.104521 0
    outer loop
      vertex -26.8991 5.71757 -34.5
      vertex -27.5 0 -36.5
      vertex -27.5 0 -34.5
    endloop
  endfacet
  facet normal -0.866026 -0.499998 0
    outer loop
      vertex -22.248 -16.1641 -36.5
      vertex -25.1225 -11.1853 -34.5
      vertex -25.1225 -11.1853 -36.5
    endloop
  endfacet
  facet normal -0.866026 -0.499998 0
    outer loop
      vertex -25.1225 -11.1853 -34.5
      vertex -22.248 -16.1641 -36.5
      vertex -22.248 -16.1641 -34.5
    endloop
  endfacet
  facet normal 0.406743 0.913543 -0
    outer loop
      vertex 13.75 23.8157 -36.5
      vertex 8.49797 26.1541 -34.5
      vertex 13.75 23.8157 -34.5
    endloop
  endfacet
  facet normal 0.406743 0.913543 0
    outer loop
      vertex 8.49797 26.1541 -34.5
      vertex 13.75 23.8157 -36.5
      vertex 8.49797 26.1541 -36.5
    endloop
  endfacet
  facet normal 0 -1 0
    outer loop
      vertex -2.87453 -27.3494 -36.5
      vertex 2.87453 -27.3494 -34.5
      vertex -2.87453 -27.3494 -34.5
    endloop
  endfacet
  facet normal 0 -1 -0
    outer loop
      vertex 2.87453 -27.3494 -34.5
      vertex -2.87453 -27.3494 -36.5
      vertex 2.87453 -27.3494 -36.5
    endloop
  endfacet
  facet normal -0.994523 -0.104521 0
    outer loop
      vertex -26.8991 -5.71757 -36.5
      vertex -27.5 0 -34.5
      vertex -27.5 0 -36.5
    endloop
  endfacet
  facet normal -0.994523 -0.104521 0
    outer loop
      vertex -27.5 0 -34.5
      vertex -26.8991 -5.71757 -36.5
      vertex -26.8991 -5.71757 -34.5
    endloop
  endfacet
  facet normal 0.406743 -0.913543 0
    outer loop
      vertex 8.49797 -26.1541 -36.5
      vertex 13.75 -23.8157 -34.5
      vertex 8.49797 -26.1541 -34.5
    endloop
  endfacet
  facet normal 0.406743 -0.913543 0
    outer loop
      vertex 13.75 -23.8157 -34.5
      vertex 8.49797 -26.1541 -36.5
      vertex 13.75 -23.8157 -36.5
    endloop
  endfacet
  facet normal -0.743144 -0.669132 0
    outer loop
      vertex -18.4011 -20.4365 -36.5
      vertex -22.248 -16.1641 -34.5
      vertex -22.248 -16.1641 -36.5
    endloop
  endfacet
  facet normal -0.743144 -0.669132 0
    outer loop
      vertex -22.248 -16.1641 -34.5
      vertex -18.4011 -20.4365 -36.5
      vertex -18.4011 -20.4365 -34.5
    endloop
  endfacet
  facet normal 0.207912 0.978148 -0
    outer loop
      vertex 8.49797 26.1541 -36.5
      vertex 2.87453 27.3494 -34.5
      vertex 8.49797 26.1541 -34.5
    endloop
  endfacet
  facet normal 0.207912 0.978148 0
    outer loop
      vertex 2.87453 27.3494 -34.5
      vertex 8.49797 26.1541 -36.5
      vertex 2.87453 27.3494 -36.5
    endloop
  endfacet
  facet normal 0 0 -1
    outer loop
      vertex -25.1225 11.1853 -36.5
      vertex -10 0 -36.5
      vertex -23.2322 1.76777 -36.5
    endloop
  endfacet
  facet normal 0 0 -1
    outer loop
      vertex -26.8991 5.71757 -36.5
      vertex -23.2322 1.76777 -36.5
      vertex -25 2.5 -36.5
    endloop
  endfacet
  facet normal 0 0 -1
    outer loop
      vertex -10 0 -36.5
      vertex -25.1225 11.1853 -36.5
      vertex -22.248 16.1641 -36.5
    endloop
  endfacet
  facet normal 0 0 -1
    outer loop
      vertex -26.8991 5.71757 -36.5
      vertex -25 2.5 -36.5
      vertex -26.7678 1.76777 -36.5
    endloop
  endfacet
  facet normal 0 0 -1
    outer loop
      vertex -23.2322 1.76777 -36.5
      vertex -26.8991 5.71757 -36.5
      vertex -25.1225 11.1853 -36.5
    endloop
  endfacet
  facet normal 0 -0 -1
    outer loop
      vertex -26.8991 5.71757 -36.5
      vertex -26.7678 1.76777 -36.5
      vertex -27.5 0 -36.5
    endloop
  endfacet
  facet normal 0 0 -1
    outer loop
      vertex 26.8991 -5.71757 -36.5
      vertex 26.7678 -1.76777 -36.5
      vertex 27.5 0 -36.5
    endloop
  endfacet
  facet normal 0 0 -1
    outer loop
      vertex 23.2322 -1.76777 -36.5
      vertex 26.8991 -5.71757 -36.5
      vertex 25.1225 -11.1853 -36.5
    endloop
  endfacet
  facet normal 0 0 -1
    outer loop
      vertex 26.8991 -5.71757 -36.5
      vertex 25 -2.5 -36.5
      vertex 26.7678 -1.76777 -36.5
    endloop
  endfacet
  facet normal 0 0 -1
    outer loop
      vertex 26.8991 -5.71757 -36.5
      vertex 23.2322 -1.76777 -36.5
      vertex 25 -2.5 -36.5
    endloop
  endfacet
  facet normal 0 0 -1
    outer loop
      vertex 9.78148 -2.07912 -36.5
      vertex 23.2322 -1.76777 -36.5
      vertex 25.1225 -11.1853 -36.5
    endloop
  endfacet
  facet normal 0 0 -1
    outer loop
      vertex 9.78148 -2.07912 -36.5
      vertex 25.1225 -11.1853 -36.5
      vertex 22.248 -16.1641 -36.5
    endloop
  endfacet
  facet normal 0 0 -1
    outer loop
      vertex 26.7678 1.76777 -36.5
      vertex 26.8991 5.71757 -36.5
      vertex 27.5 0 -36.5
    endloop
  endfacet
  facet normal 0 0 -1
    outer loop
      vertex 25 2.5 -36.5
      vertex 26.8991 5.71757 -36.5
      vertex 26.7678 1.76777 -36.5
    endloop
  endfacet
  facet normal 0 0 -1
    outer loop
      vertex 23.2322 1.76777 -36.5
      vertex 26.8991 5.71757 -36.5
      vertex 25 2.5 -36.5
    endloop
  endfacet
  facet normal -0 0 -1
    outer loop
      vertex 26.8991 5.71757 -36.5
      vertex 23.2322 1.76777 -36.5
      vertex 25.1225 11.1853 -36.5
    endloop
  endfacet
  facet normal 0 0 -1
    outer loop
      vertex 9.78148 2.07912 -36.5
      vertex 23.2322 1.76777 -36.5
      vertex 22.5 0 -36.5
    endloop
  endfacet
  facet normal 0 0 -1
    outer loop
      vertex 23.2322 1.76777 -36.5
      vertex 9.13545 4.06737 -36.5
      vertex 25.1225 11.1853 -36.5
    endloop
  endfacet
  facet normal -0 0 -1
    outer loop
      vertex 23.2322 -1.76777 -36.5
      vertex 9.78148 -2.07912 -36.5
      vertex 22.5 0 -36.5
    endloop
  endfacet
  facet normal 0 0 -1
    outer loop
      vertex 14.2678 -19.8829 -36.5
      vertex 22.248 -16.1641 -36.5
      vertex 18.4011 -20.4365 -36.5
    endloop
  endfacet
  facet normal 0 0 -1
    outer loop
      vertex 9.78148 2.07912 -36.5
      vertex 22.5 0 -36.5
      vertex 10 0 -36.5
    endloop
  endfacet
  facet normal 0 0 -1
    outer loop
      vertex 14.2678 -19.8829 -36.5
      vertex 18.4011 -20.4365 -36.5
      vertex 15 -21.6506 -36.5
    endloop
  endfacet
  facet normal 0 0 -1
    outer loop
      vertex 18.4011 -20.4365 -36.5
      vertex 14.2678 -23.4184 -36.5
      vertex 15 -21.6506 -36.5
    endloop
  endfacet
  facet normal 0 0 -1
    outer loop
      vertex 13.75 -23.8157 -36.5
      vertex 14.2678 -23.4184 -36.5
      vertex 18.4011 -20.4365 -36.5
    endloop
  endfacet
  facet normal -0 0 -1
    outer loop
      vertex 13.75 -23.8157 -36.5
      vertex 12.5 -24.1506 -36.5
      vertex 14.2678 -23.4184 -36.5
    endloop
  endfacet
  facet normal -0 0 -1
    outer loop
      vertex 22.5 0 -36.5
      vertex 9.78148 -2.07912 -36.5
      vertex 10 0 -36.5
    endloop
  endfacet
  facet normal 0 0 -1
    outer loop
      vertex 10.7322 -19.8829 -36.5
      vertex 9.13545 -4.06737 -36.5
      vertex 9.78148 -2.07912 -36.5
    endloop
  endfacet
  facet normal 0 0 -1
    outer loop
      vertex 8.49797 -26.1541 -36.5
      vertex 12.5 -24.1506 -36.5
      vertex 13.75 -23.8157 -36.5
    endloop
  endfacet
  facet normal 0 0 -1
    outer loop
      vertex 8.49797 -26.1541 -36.5
      vertex 10.7322 -23.4184 -36.5
      vertex 12.5 -24.1506 -36.5
    endloop
  endfacet
  facet normal 0 0 -1
    outer loop
      vertex 8.49797 -26.1541 -36.5
      vertex 10 -21.6506 -36.5
      vertex 10.7322 -23.4184 -36.5
    endloop
  endfacet
  facet normal 0 0 -1
    outer loop
      vertex 2.87453 -27.3494 -36.5
      vertex 10 -21.6506 -36.5
      vertex 8.49797 -26.1541 -36.5
    endloop
  endfacet
  facet normal 0 0 -1
    outer loop
      vertex 10.7322 -19.8829 -36.5
      vertex 8.09017 -5.87785 -36.5
      vertex 9.13545 -4.06737 -36.5
    endloop
  endfacet
  facet normal 0 0 -1
    outer loop
      vertex 10.7322 -19.8829 -36.5
      vertex 6.69131 -7.43145 -36.5
      vertex 8.09017 -5.87785 -36.5
    endloop
  endfacet
  facet normal 0 0 -1
    outer loop
      vertex 10.7322 -19.8829 -36.5
      vertex 5 -8.66025 -36.5
      vertex 6.69131 -7.43145 -36.5
    endloop
  endfacet
  facet normal 0 0 -1
    outer loop
      vertex 10.7322 -19.8829 -36.5
      vertex 3.09017 -9.51056 -36.5
      vertex 5 -8.66025 -36.5
    endloop
  endfacet
  facet normal 0 0 -1
    outer loop
      vertex 1.04528 -9.94522 -36.5
      vertex 10 -21.6506 -36.5
      vertex 2.87453 -27.3494 -36.5
    endloop
  endfacet
  facet normal 0 0 -1
    outer loop
      vertex 10.7322 -19.8829 -36.5
      vertex 1.04528 -9.94522 -36.5
      vertex 3.09017 -9.51056 -36.5
    endloop
  endfacet
  facet normal 0 0 -1
    outer loop
      vertex 2.87453 -27.3494 -36.5
      vertex -1.04528 -9.94522 -36.5
      vertex 1.04528 -9.94522 -36.5
    endloop
  endfacet
  facet normal 0 0 -1
    outer loop
      vertex -2.87453 -27.3494 -36.5
      vertex -1.04528 -9.94522 -36.5
      vertex 2.87453 -27.3494 -36.5
    endloop
  endfacet
  facet normal 0 0 -1
    outer loop
      vertex -10 -21.6506 -36.5
      vertex -1.04528 -9.94522 -36.5
      vertex -2.87453 -27.3494 -36.5
    endloop
  endfacet
  facet normal 0 0 -1
    outer loop
      vertex -10.7322 -19.8829 -36.5
      vertex -1.04528 -9.94522 -36.5
      vertex -10 -21.6506 -36.5
    endloop
  endfacet
  facet normal -0 0 -1
    outer loop
      vertex -1.04528 -9.94522 -36.5
      vertex -10.7322 -19.8829 -36.5
      vertex -3.09017 -9.51056 -36.5
    endloop
  endfacet
  facet normal 0 0 -1
    outer loop
      vertex -12.5 -19.1506 -36.5
      vertex -5 -8.66025 -36.5
      vertex -10.7322 -19.8829 -36.5
    endloop
  endfacet
  facet normal 0 0 -1
    outer loop
      vertex -10 -21.6506 -36.5
      vertex -2.87453 -27.3494 -36.5
      vertex -8.49797 -26.1541 -36.5
    endloop
  endfacet
  facet normal -0 0 -1
    outer loop
      vertex -3.09017 -9.51056 -36.5
      vertex -10.7322 -19.8829 -36.5
      vertex -5 -8.66025 -36.5
    endloop
  endfacet
  facet normal -0 0 -1
    outer loop
      vertex -5 -8.66025 -36.5
      vertex -12.5 -19.1506 -36.5
      vertex -6.69131 -7.43145 -36.5
    endloop
  endfacet
  facet normal -0 0 -1
    outer loop
      vertex -6.69131 -7.43145 -36.5
      vertex -12.5 -19.1506 -36.5
      vertex -8.09017 -5.87785 -36.5
    endloop
  endfacet
  facet normal 0 0 -1
    outer loop
      vertex -8.49797 -26.1541 -36.5
      vertex -10.7322 -23.4184 -36.5
      vertex -10 -21.6506 -36.5
    endloop
  endfacet
  facet normal 0 0 -1
    outer loop
      vertex -8.49797 -26.1541 -36.5
      vertex -12.5 -24.1506 -36.5
      vertex -10.7322 -23.4184 -36.5
    endloop
  endfacet
  facet normal 0 0 -1
    outer loop
      vertex -13.75 -23.8157 -36.5
      vertex -12.5 -24.1506 -36.5
      vertex -8.49797 -26.1541 -36.5
    endloop
  endfacet
  facet normal 0 0 -1
    outer loop
      vertex -13.75 -23.8157 -36.5
      vertex -14.2678 -23.4184 -36.5
      vertex -12.5 -24.1506 -36.5
    endloop
  endfacet
  facet normal 0 0 -1
    outer loop
      vertex -10 0 -36.5
      vertex -22.248 16.1641 -36.5
      vertex -12.5 19.1506 -36.5
    endloop
  endfacet
  facet normal 0 0 -1
    outer loop
      vertex -14.2678 -23.4184 -36.5
      vertex -18.4011 -20.4365 -36.5
      vertex -15 -21.6506 -36.5
    endloop
  endfacet
  facet normal 0 0 -1
    outer loop
      vertex -18.4011 -20.4365 -36.5
      vertex -14.2678 -23.4184 -36.5
      vertex -13.75 -23.8157 -36.5
    endloop
  endfacet
  facet normal 0 0 -1
    outer loop
      vertex -22.248 -16.1641 -36.5
      vertex -8.09017 -5.87785 -36.5
      vertex -12.5 -19.1506 -36.5
    endloop
  endfacet
  facet normal 0 0 -1
    outer loop
      vertex -22.248 -16.1641 -36.5
      vertex -12.5 -19.1506 -36.5
      vertex -14.2678 -19.8829 -36.5
    endloop
  endfacet
  facet normal 0 0 -1
    outer loop
      vertex -22.248 -16.1641 -36.5
      vertex -14.2678 -19.8829 -36.5
      vertex -18.4011 -20.4365 -36.5
    endloop
  endfacet
  facet normal 0 0 -1
    outer loop
      vertex -10 0 -36.5
      vertex -10.7322 19.8829 -36.5
      vertex -10 21.6506 -36.5
    endloop
  endfacet
  facet normal -0 0 -1
    outer loop
      vertex -8.09017 -5.87785 -36.5
      vertex -22.248 -16.1641 -36.5
      vertex -9.13545 -4.06737 -36.5
    endloop
  endfacet
  facet normal 0 0 -1
    outer loop
      vertex -10 0 -36.5
      vertex -12.5 19.1506 -36.5
      vertex -10.7322 19.8829 -36.5
    endloop
  endfacet
  facet normal 0 0 -1
    outer loop
      vertex -9.13545 -4.06737 -36.5
      vertex -22.5 0 -36.5
      vertex -9.78148 -2.07912 -36.5
    endloop
  endfacet
  facet normal 0 0 -1
    outer loop
      vertex -23.2322 1.76777 -36.5
      vertex -10 0 -36.5
      vertex -22.5 0 -36.5
    endloop
  endfacet
  facet normal 0 0 -1
    outer loop
      vertex -18.4011 -20.4365 -36.5
      vertex -14.2678 -19.8829 -36.5
      vertex -15 -21.6506 -36.5
    endloop
  endfacet
  facet normal 0 0 -1
    outer loop
      vertex -9.78148 -2.07912 -36.5
      vertex -22.5 0 -36.5
      vertex -10 0 -36.5
    endloop
  endfacet
  facet normal 0 0 -1
    outer loop
      vertex 23.2322 1.76777 -36.5
      vertex 9.78148 2.07912 -36.5
      vertex 9.13545 4.06737 -36.5
    endloop
  endfacet
  facet normal -0 0 -1
    outer loop
      vertex 18.4011 20.4365 -36.5
      vertex 14.2678 19.8829 -36.5
      vertex 15 21.6506 -36.5
    endloop
  endfacet
  facet normal -0 0 -1
    outer loop
      vertex 22.248 -16.1641 -36.5
      vertex 12.5 -19.1506 -36.5
      vertex 9.78148 -2.07912 -36.5
    endloop
  endfacet
  facet normal -0 0 -1
    outer loop
      vertex 25.1225 11.1853 -36.5
      vertex 9.13545 4.06737 -36.5
      vertex 22.248 16.1641 -36.5
    endloop
  endfacet
  facet normal 0 0 -1
    outer loop
      vertex 9.78148 -2.07912 -36.5
      vertex 12.5 -19.1506 -36.5
      vertex 10.7322 -19.8829 -36.5
    endloop
  endfacet
  facet normal 0 0 -1
    outer loop
      vertex 8.09017 5.87785 -36.5
      vertex 22.248 16.1641 -36.5
      vertex 9.13545 4.06737 -36.5
    endloop
  endfacet
  facet normal 0 0 -1
    outer loop
      vertex 1.04528 -9.94522 -36.5
      vertex 10.7322 -19.8829 -36.5
      vertex 10 -21.6506 -36.5
    endloop
  endfacet
  facet normal 0 0 -1
    outer loop
      vertex 22.248 16.1641 -36.5
      vertex 14.2678 19.8829 -36.5
      vertex 18.4011 20.4365 -36.5
    endloop
  endfacet
  facet normal 0 -0 -1
    outer loop
      vertex 12.5 19.1506 -36.5
      vertex 22.248 16.1641 -36.5
      vertex 8.09017 5.87785 -36.5
    endloop
  endfacet
  facet normal 0 0 -1
    outer loop
      vertex 22.248 16.1641 -36.5
      vertex 12.5 19.1506 -36.5
      vertex 14.2678 19.8829 -36.5
    endloop
  endfacet
  facet normal 0 0 -1
    outer loop
      vertex 12.5 -19.1506 -36.5
      vertex 22.248 -16.1641 -36.5
      vertex 14.2678 -19.8829 -36.5
    endloop
  endfacet
  facet normal 0 0 -1
    outer loop
      vertex 14.2678 23.4184 -36.5
      vertex 18.4011 20.4365 -36.5
      vertex 15 21.6506 -36.5
    endloop
  endfacet
  facet normal 0 0 -1
    outer loop
      vertex 14.2678 23.4184 -36.5
      vertex 13.75 23.8157 -36.5
      vertex 18.4011 20.4365 -36.5
    endloop
  endfacet
  facet normal 0 0 -1
    outer loop
      vertex 12.5 24.1506 -36.5
      vertex 13.75 23.8157 -36.5
      vertex 14.2678 23.4184 -36.5
    endloop
  endfacet
  facet normal 0 0 -1
    outer loop
      vertex 6.69131 7.43145 -36.5
      vertex 12.5 19.1506 -36.5
      vertex 8.09017 5.87785 -36.5
    endloop
  endfacet
  facet normal 0 0 -1
    outer loop
      vertex 12.5 24.1506 -36.5
      vertex 8.49797 26.1541 -36.5
      vertex 13.75 23.8157 -36.5
    endloop
  endfacet
  facet normal 0 0 -1
    outer loop
      vertex 10.7322 23.4184 -36.5
      vertex 8.49797 26.1541 -36.5
      vertex 12.5 24.1506 -36.5
    endloop
  endfacet
  facet normal 0 0 -1
    outer loop
      vertex 10 21.6506 -36.5
      vertex 8.49797 26.1541 -36.5
      vertex 10.7322 23.4184 -36.5
    endloop
  endfacet
  facet normal 0 0 -1
    outer loop
      vertex 5 8.66025 -36.5
      vertex 12.5 19.1506 -36.5
      vertex 6.69131 7.43145 -36.5
    endloop
  endfacet
  facet normal -0 0 -1
    outer loop
      vertex 12.5 19.1506 -36.5
      vertex 5 8.66025 -36.5
      vertex 10.7322 19.8829 -36.5
    endloop
  endfacet
  facet normal 0 0 -1
    outer loop
      vertex 3.09017 9.51056 -36.5
      vertex 10.7322 19.8829 -36.5
      vertex 5 8.66025 -36.5
    endloop
  endfacet
  facet normal 0 0 -1
    outer loop
      vertex 1.04528 9.94522 -36.5
      vertex 10.7322 19.8829 -36.5
      vertex 3.09017 9.51056 -36.5
    endloop
  endfacet
  facet normal -0 0 -1
    outer loop
      vertex 10.7322 19.8829 -36.5
      vertex 1.04528 9.94522 -36.5
      vertex 10 21.6506 -36.5
    endloop
  endfacet
  facet normal 0 0 -1
    outer loop
      vertex 10 21.6506 -36.5
      vertex 2.87453 27.3494 -36.5
      vertex 8.49797 26.1541 -36.5
    endloop
  endfacet
  facet normal -0 0 -1
    outer loop
      vertex 10 21.6506 -36.5
      vertex 1.04528 9.94522 -36.5
      vertex 2.87453 27.3494 -36.5
    endloop
  endfacet
  facet normal 0 0 -1
    outer loop
      vertex -1.04528 9.94522 -36.5
      vertex 2.87453 27.3494 -36.5
      vertex 1.04528 9.94522 -36.5
    endloop
  endfacet
  facet normal 0 0 -1
    outer loop
      vertex -1.04528 9.94522 -36.5
      vertex -2.87453 27.3494 -36.5
      vertex 2.87453 27.3494 -36.5
    endloop
  endfacet
  facet normal 0 0 -1
    outer loop
      vertex -10 21.6506 -36.5
      vertex -1.04528 9.94522 -36.5
      vertex -3.09017 9.51056 -36.5
    endloop
  endfacet
  facet normal 0 0 -1
    outer loop
      vertex -10 21.6506 -36.5
      vertex -3.09017 9.51056 -36.5
      vertex -5 8.66025 -36.5
    endloop
  endfacet
  facet normal 0 0 -1
    outer loop
      vertex -10 21.6506 -36.5
      vertex -5 8.66025 -36.5
      vertex -6.69131 7.43145 -36.5
    endloop
  endfacet
  facet normal 0 0 -1
    outer loop
      vertex -10 21.6506 -36.5
      vertex -6.69131 7.43145 -36.5
      vertex -8.09017 5.87785 -36.5
    endloop
  endfacet
  facet normal 0 0 -1
    outer loop
      vertex -1.04528 9.94522 -36.5
      vertex -10 21.6506 -36.5
      vertex -2.87453 27.3494 -36.5
    endloop
  endfacet
  facet normal 0 0 -1
    outer loop
      vertex -10 21.6506 -36.5
      vertex -8.09017 5.87785 -36.5
      vertex -9.13545 4.06737 -36.5
    endloop
  endfacet
  facet normal 0 0 -1
    outer loop
      vertex -10 21.6506 -36.5
      vertex -9.13545 4.06737 -36.5
      vertex -9.78148 2.07912 -36.5
    endloop
  endfacet
  facet normal 0 0 -1
    outer loop
      vertex -10 21.6506 -36.5
      vertex -9.78148 2.07912 -36.5
      vertex -10 0 -36.5
    endloop
  endfacet
  facet normal 0 0 -1
    outer loop
      vertex -2.87453 27.3494 -36.5
      vertex -10 21.6506 -36.5
      vertex -8.49797 26.1541 -36.5
    endloop
  endfacet
  facet normal 0 0 -1
    outer loop
      vertex -10.7322 23.4184 -36.5
      vertex -8.49797 26.1541 -36.5
      vertex -10 21.6506 -36.5
    endloop
  endfacet
  facet normal 0 0 -1
    outer loop
      vertex -12.5 24.1506 -36.5
      vertex -8.49797 26.1541 -36.5
      vertex -10.7322 23.4184 -36.5
    endloop
  endfacet
  facet normal -0 0 -1
    outer loop
      vertex -12.5 24.1506 -36.5
      vertex -13.75 23.8157 -36.5
      vertex -8.49797 26.1541 -36.5
    endloop
  endfacet
  facet normal 0 0 -1
    outer loop
      vertex -14.2678 23.4184 -36.5
      vertex -13.75 23.8157 -36.5
      vertex -12.5 24.1506 -36.5
    endloop
  endfacet
  facet normal -0 0 -1
    outer loop
      vertex -14.2678 23.4184 -36.5
      vertex -18.4011 20.4365 -36.5
      vertex -13.75 23.8157 -36.5
    endloop
  endfacet
  facet normal -0 0 -1
    outer loop
      vertex -15 21.6506 -36.5
      vertex -18.4011 20.4365 -36.5
      vertex -14.2678 23.4184 -36.5
    endloop
  endfacet
  facet normal -0 0 -1
    outer loop
      vertex -12.5 19.1506 -36.5
      vertex -22.248 16.1641 -36.5
      vertex -14.2678 19.8829 -36.5
    endloop
  endfacet
  facet normal 0 0 -1
    outer loop
      vertex -25.1225 -11.1853 -36.5
      vertex -9.13545 -4.06737 -36.5
      vertex -22.248 -16.1641 -36.5
    endloop
  endfacet
  facet normal 0 -0 -1
    outer loop
      vertex -18.4011 20.4365 -36.5
      vertex -14.2678 19.8829 -36.5
      vertex -22.248 16.1641 -36.5
    endloop
  endfacet
  facet normal 0 0 -1
    outer loop
      vertex -14.2678 19.8829 -36.5
      vertex -18.4011 20.4365 -36.5
      vertex -15 21.6506 -36.5
    endloop
  endfacet
  facet normal 0 0 -1
    outer loop
      vertex -9.13545 -4.06737 -36.5
      vertex -23.2322 -1.76777 -36.5
      vertex -22.5 0 -36.5
    endloop
  endfacet
  facet normal -0 0 -1
    outer loop
      vertex -9.13545 -4.06737 -36.5
      vertex -25.1225 -11.1853 -36.5
      vertex -23.2322 -1.76777 -36.5
    endloop
  endfacet
  facet normal 0 0 -1
    outer loop
      vertex -26.8991 -5.71757 -36.5
      vertex -23.2322 -1.76777 -36.5
      vertex -25.1225 -11.1853 -36.5
    endloop
  endfacet
  facet normal 0 0 -1
    outer loop
      vertex -23.2322 -1.76777 -36.5
      vertex -26.8991 -5.71757 -36.5
      vertex -25 -2.5 -36.5
    endloop
  endfacet
  facet normal -0 0 -1
    outer loop
      vertex -25 -2.5 -36.5
      vertex -26.8991 -5.71757 -36.5
      vertex -26.7678 -1.76777 -36.5
    endloop
  endfacet
  facet normal -0 0 -1
    outer loop
      vertex -26.7678 -1.76777 -36.5
      vertex -26.8991 -5.71757 -36.5
      vertex -27.5 0 -36.5
    endloop
  endfacet
  facet normal -0.743138 -0.669138 0
    outer loop
      vertex -20.0739 -22.2943 -42.5
      vertex -24.2705 -17.6336 -37.5
      vertex -24.2705 -17.6336 -42.5
    endloop
  endfacet
  facet normal -0.743138 -0.669138 0
    outer loop
      vertex -24.2705 -17.6336 -37.5
      vertex -20.0739 -22.2943 -42.5
      vertex -20.0739 -22.2943 -37.5
    endloop
  endfacet
  facet normal 0.95106 0.309008 0
    outer loop
      vertex 29.3444 6.23735 -37.5
      vertex 27.4064 12.2021 -42.5
      vertex 27.4064 12.2021 -37.5
    endloop
  endfacet
  facet normal 0.95106 0.309008 0
    outer loop
      vertex 27.4064 12.2021 -42.5
      vertex 29.3444 6.23735 -37.5
      vertex 29.3444 6.23735 -42.5
    endloop
  endfacet
  facet normal 0.994521 0.104533 0
    outer loop
      vertex 30 0 -37.5
      vertex 29.3444 6.23735 -42.5
      vertex 29.3444 6.23735 -37.5
    endloop
  endfacet
  facet normal 0.994521 0.104533 0
    outer loop
      vertex 29.3444 6.23735 -42.5
      vertex 30 0 -37.5
      vertex 30 0 -42.5
    endloop
  endfacet
  facet normal 0.866024 0.500003 0
    outer loop
      vertex 27.4064 12.2021 -37.5
      vertex 24.2705 17.6336 -42.5
      vertex 24.2705 17.6336 -37.5
    endloop
  endfacet
  facet normal 0.866024 0.500003 0
    outer loop
      vertex 24.2705 17.6336 -42.5
      vertex 27.4064 12.2021 -37.5
      vertex 27.4064 12.2021 -42.5
    endloop
  endfacet
  facet normal 0.95106 -0.309008 0
    outer loop
      vertex 27.4064 -12.2021 -37.5
      vertex 29.3444 -6.23735 -42.5
      vertex 29.3444 -6.23735 -37.5
    endloop
  endfacet
  facet normal 0.95106 -0.309008 0
    outer loop
      vertex 29.3444 -6.23735 -42.5
      vertex 27.4064 -12.2021 -37.5
      vertex 27.4064 -12.2021 -42.5
    endloop
  endfacet
  facet normal 0.587795 -0.80901 0
    outer loop
      vertex 15 -25.9808 -42.5
      vertex 20.0739 -22.2943 -37.5
      vertex 15 -25.9808 -37.5
    endloop
  endfacet
  facet normal 0.587795 -0.80901 0
    outer loop
      vertex 20.0739 -22.2943 -37.5
      vertex 15 -25.9808 -42.5
      vertex 20.0739 -22.2943 -42.5
    endloop
  endfacet
  facet normal 0.743138 -0.669138 0
    outer loop
      vertex 20.0739 -22.2943 -37.5
      vertex 24.2705 -17.6336 -42.5
      vertex 24.2705 -17.6336 -37.5
    endloop
  endfacet
  facet normal 0.743138 -0.669138 0
    outer loop
      vertex 24.2705 -17.6336 -42.5
      vertex 20.0739 -22.2943 -37.5
      vertex 20.0739 -22.2943 -42.5
    endloop
  endfacet
  facet normal 0.994521 -0.104533 0
    outer loop
      vertex 29.3444 -6.23735 -37.5
      vertex 30 0 -42.5
      vertex 30 0 -37.5
    endloop
  endfacet
  facet normal 0.994521 -0.104533 0
    outer loop
      vertex 30 0 -42.5
      vertex 29.3444 -6.23735 -37.5
      vertex 29.3444 -6.23735 -42.5
    endloop
  endfacet
  facet normal -0.406732 -0.913547 0
    outer loop
      vertex -15 -25.9808 -42.5
      vertex -9.27051 -28.5317 -37.5
      vertex -15 -25.9808 -37.5
    endloop
  endfacet
  facet normal -0.406732 -0.913547 -0
    outer loop
      vertex -9.27051 -28.5317 -37.5
      vertex -15 -25.9808 -42.5
      vertex -9.27051 -28.5317 -42.5
    endloop
  endfacet
  facet normal 0.406732 0.913547 -0
    outer loop
      vertex 15 25.9808 -42.5
      vertex 9.27051 28.5317 -37.5
      vertex 15 25.9808 -37.5
    endloop
  endfacet
  facet normal 0.406732 0.913547 0
    outer loop
      vertex 9.27051 28.5317 -37.5
      vertex 15 25.9808 -42.5
      vertex 9.27051 28.5317 -42.5
    endloop
  endfacet
  facet normal 0.743138 0.669138 0
    outer loop
      vertex 24.2705 17.6336 -37.5
      vertex 20.0739 22.2943 -42.5
      vertex 20.0739 22.2943 -37.5
    endloop
  endfacet
  facet normal 0.743138 0.669138 0
    outer loop
      vertex 20.0739 22.2943 -42.5
      vertex 24.2705 17.6336 -37.5
      vertex 24.2705 17.6336 -42.5
    endloop
  endfacet
  facet normal -0.587795 -0.80901 0
    outer loop
      vertex -20.0739 -22.2943 -42.5
      vertex -15 -25.9808 -37.5
      vertex -20.0739 -22.2943 -37.5
    endloop
  endfacet
  facet normal -0.587795 -0.80901 -0
    outer loop
      vertex -15 -25.9808 -37.5
      vertex -20.0739 -22.2943 -42.5
      vertex -15 -25.9808 -42.5
    endloop
  endfacet
  facet normal -0.743138 0.669138 0
    outer loop
      vertex -24.2705 17.6336 -42.5
      vertex -20.0739 22.2943 -37.5
      vertex -20.0739 22.2943 -42.5
    endloop
  endfacet
  facet normal -0.743138 0.669138 0
    outer loop
      vertex -20.0739 22.2943 -37.5
      vertex -24.2705 17.6336 -42.5
      vertex -24.2705 17.6336 -37.5
    endloop
  endfacet
  facet normal 0 1 -0
    outer loop
      vertex 3.13585 29.8357 -42.5
      vertex -3.13585 29.8357 -37.5
      vertex 3.13585 29.8357 -37.5
    endloop
  endfacet
  facet normal 0 1 0
    outer loop
      vertex -3.13585 29.8357 -37.5
      vertex 3.13585 29.8357 -42.5
      vertex -3.13585 29.8357 -42.5
    endloop
  endfacet
  facet normal 0.406732 -0.913547 0
    outer loop
      vertex 9.27051 -28.5317 -42.5
      vertex 15 -25.9808 -37.5
      vertex 9.27051 -28.5317 -37.5
    endloop
  endfacet
  facet normal 0.406732 -0.913547 0
    outer loop
      vertex 15 -25.9808 -37.5
      vertex 9.27051 -28.5317 -42.5
      vertex 15 -25.9808 -42.5
    endloop
  endfacet
  facet normal 0.207917 -0.978146 0
    outer loop
      vertex 3.13585 -29.8357 -42.5
      vertex 9.27051 -28.5317 -37.5
      vertex 3.13585 -29.8357 -37.5
    endloop
  endfacet
  facet normal 0.207917 -0.978146 0
    outer loop
      vertex 9.27051 -28.5317 -37.5
      vertex 3.13585 -29.8357 -42.5
      vertex 9.27051 -28.5317 -42.5
    endloop
  endfacet
  facet normal -0.95106 0.309008 0
    outer loop
      vertex -29.3444 6.23735 -42.5
      vertex -27.4064 12.2021 -37.5
      vertex -27.4064 12.2021 -42.5
    endloop
  endfacet
  facet normal -0.95106 0.309008 0
    outer loop
      vertex -27.4064 12.2021 -37.5
      vertex -29.3444 6.23735 -42.5
      vertex -29.3444 6.23735 -37.5
    endloop
  endfacet
  facet normal 0 0 -1
    outer loop
      vertex -16.7283 18.5786 -42.5
      vertex -15 21.6506 -42.5
      vertex -14.4217 20.2545 -42.5
    endloop
  endfacet
  facet normal 0 0 -1
    outer loop
      vertex -20.0739 22.2943 -42.5
      vertex -15 21.6506 -42.5
      vertex -16.7283 18.5786 -42.5
    endloop
  endfacet
  facet normal 0 0 -1
    outer loop
      vertex -15 21.6506 -42.5
      vertex -20.0739 22.2943 -42.5
      vertex -15 25.9808 -42.5
    endloop
  endfacet
  facet normal 0 0 -1
    outer loop
      vertex -20.2254 14.6946 -42.5
      vertex -20.0739 22.2943 -42.5
      vertex -16.7283 18.5786 -42.5
    endloop
  endfacet
  facet normal 0 0 -1
    outer loop
      vertex -24.2705 17.6336 -42.5
      vertex -20.2254 14.6946 -42.5
      vertex -22.8386 10.1684 -42.5
    endloop
  endfacet
  facet normal 0 0 -1
    outer loop
      vertex -20.2254 14.6946 -42.5
      vertex -24.2705 17.6336 -42.5
      vertex -20.0739 22.2943 -42.5
    endloop
  endfacet
  facet normal 0 0 -1
    outer loop
      vertex -27.4064 12.2021 -42.5
      vertex -22.8386 10.1684 -42.5
      vertex -24.4537 5.19779 -42.5
    endloop
  endfacet
  facet normal 0 0 -1
    outer loop
      vertex -25 2.5 -42.5
      vertex -24.4537 5.19779 -42.5
      vertex -24.7482 2.3957 -42.5
    endloop
  endfacet
  facet normal 0 0 -1
    outer loop
      vertex -26.7678 1.76777 -42.5
      vertex -24.4537 5.19779 -42.5
      vertex -25 2.5 -42.5
    endloop
  endfacet
  facet normal -0 0 -1
    outer loop
      vertex -24.4537 5.19779 -42.5
      vertex -26.7678 1.76777 -42.5
      vertex -29.3444 6.23735 -42.5
    endloop
  endfacet
  facet normal 0 0 -1
    outer loop
      vertex -22.8386 10.1684 -42.5
      vertex -27.4064 12.2021 -42.5
      vertex -24.2705 17.6336 -42.5
    endloop
  endfacet
  facet normal 0 0 -1
    outer loop
      vertex -30 0 -42.5
      vertex -26.7678 1.76777 -42.5
      vertex -27.5 0 -42.5
    endloop
  endfacet
  facet normal 0 0 -1
    outer loop
      vertex -26.7678 -1.76777 -42.5
      vertex -30 0 -42.5
      vertex -27.5 0 -42.5
    endloop
  endfacet
  facet normal 0 0 -1
    outer loop
      vertex -24.4537 5.19779 -42.5
      vertex -29.3444 6.23735 -42.5
      vertex -27.4064 12.2021 -42.5
    endloop
  endfacet
  facet normal -0 0 -1
    outer loop
      vertex -26.7678 1.76777 -42.5
      vertex -30 0 -42.5
      vertex -29.3444 6.23735 -42.5
    endloop
  endfacet
  facet normal 0 0 -1
    outer loop
      vertex 16.7283 18.5786 -42.5
      vertex 14.4217 20.2545 -42.5
      vertex 15 21.6506 -42.5
    endloop
  endfacet
  facet normal -0 0 -1
    outer loop
      vertex 20.0739 -22.2943 -42.5
      vertex 14.2678 -23.4184 -42.5
      vertex 15 -21.6506 -42.5
    endloop
  endfacet
  facet normal 0 0 -1
    outer loop
      vertex 15 -25.9808 -42.5
      vertex 12.5 -24.1506 -42.5
      vertex 14.2678 -23.4184 -42.5
    endloop
  endfacet
  facet normal 0 0 -1
    outer loop
      vertex 9.27051 -28.5317 -42.5
      vertex 12.5 -24.1506 -42.5
      vertex 15 -25.9808 -42.5
    endloop
  endfacet
  facet normal -0 0 -1
    outer loop
      vertex 12.5 -24.1506 -42.5
      vertex 9.27051 -28.5317 -42.5
      vertex 10.7322 -23.4184 -42.5
    endloop
  endfacet
  facet normal 0 0 -1
    outer loop
      vertex 7.72542 -23.7764 -42.5
      vertex 10.7322 -23.4184 -42.5
      vertex 9.27051 -28.5317 -42.5
    endloop
  endfacet
  facet normal -0 0 -1
    outer loop
      vertex 10.7322 -23.4184 -42.5
      vertex 7.72542 -23.7764 -42.5
      vertex 10.3893 -22.5904 -42.5
    endloop
  endfacet
  facet normal 0 0 -1
    outer loop
      vertex 3.13585 -29.8357 -42.5
      vertex 7.72542 -23.7764 -42.5
      vertex 9.27051 -28.5317 -42.5
    endloop
  endfacet
  facet normal 0 0 -1
    outer loop
      vertex 3.13585 -29.8357 -42.5
      vertex 2.61321 -24.863 -42.5
      vertex 7.72542 -23.7764 -42.5
    endloop
  endfacet
  facet normal 0 0 -1
    outer loop
      vertex 3.13585 -29.8357 -42.5
      vertex -2.61321 -24.863 -42.5
      vertex 2.61321 -24.863 -42.5
    endloop
  endfacet
  facet normal 0 0 -1
    outer loop
      vertex -3.13585 -29.8357 -42.5
      vertex -2.61321 -24.863 -42.5
      vertex 3.13585 -29.8357 -42.5
    endloop
  endfacet
  facet normal 0 0 -1
    outer loop
      vertex -3.13585 -29.8357 -42.5
      vertex -7.72542 -23.7764 -42.5
      vertex -2.61321 -24.863 -42.5
    endloop
  endfacet
  facet normal 0 0 -1
    outer loop
      vertex -9.27051 -28.5317 -42.5
      vertex -7.72542 -23.7764 -42.5
      vertex -3.13585 -29.8357 -42.5
    endloop
  endfacet
  facet normal 0 0 -1
    outer loop
      vertex -10.7322 -23.4184 -42.5
      vertex -7.72542 -23.7764 -42.5
      vertex -9.27051 -28.5317 -42.5
    endloop
  endfacet
  facet normal 0 0 -1
    outer loop
      vertex -7.72542 -23.7764 -42.5
      vertex -10.7322 -23.4184 -42.5
      vertex -10.3893 -22.5904 -42.5
    endloop
  endfacet
  facet normal 0 0 -1
    outer loop
      vertex -9.27051 -28.5317 -42.5
      vertex -12.5 -24.1506 -42.5
      vertex -10.7322 -23.4184 -42.5
    endloop
  endfacet
  facet normal 0 0 -1
    outer loop
      vertex -15 -25.9808 -42.5
      vertex -12.5 -24.1506 -42.5
      vertex -9.27051 -28.5317 -42.5
    endloop
  endfacet
  facet normal -0 0 -1
    outer loop
      vertex -12.5 -24.1506 -42.5
      vertex -15 -25.9808 -42.5
      vertex -14.2678 -23.4184 -42.5
    endloop
  endfacet
  facet normal 0 0 -1
    outer loop
      vertex -20.0739 -22.2943 -42.5
      vertex -14.2678 -23.4184 -42.5
      vertex -15 -25.9808 -42.5
    endloop
  endfacet
  facet normal 0 0 -1
    outer loop
      vertex -14.2678 -23.4184 -42.5
      vertex -20.0739 -22.2943 -42.5
      vertex -15 -21.6506 -42.5
    endloop
  endfacet
  facet normal -0 0 -1
    outer loop
      vertex -15 -21.6506 -42.5
      vertex -20.0739 -22.2943 -42.5
      vertex -16.7283 -18.5786 -42.5
    endloop
  endfacet
  facet normal 0 0 -1
    outer loop
      vertex -20.0739 -22.2943 -42.5
      vertex -20.2254 -14.6946 -42.5
      vertex -16.7283 -18.5786 -42.5
    endloop
  endfacet
  facet normal 0 0 -1
    outer loop
      vertex -24.2705 -17.6336 -42.5
      vertex -20.2254 -14.6946 -42.5
      vertex -20.0739 -22.2943 -42.5
    endloop
  endfacet
  facet normal -0 0 -1
    outer loop
      vertex -20.2254 -14.6946 -42.5
      vertex -24.2705 -17.6336 -42.5
      vertex -22.8386 -10.1684 -42.5
    endloop
  endfacet
  facet normal 0 0 -1
    outer loop
      vertex -27.4064 -12.2021 -42.5
      vertex -22.8386 -10.1684 -42.5
      vertex -24.2705 -17.6336 -42.5
    endloop
  endfacet
  facet normal -0 0 -1
    outer loop
      vertex -22.8386 -10.1684 -42.5
      vertex -27.4064 -12.2021 -42.5
      vertex -24.4537 -5.19779 -42.5
    endloop
  endfacet
  facet normal 0 0 -1
    outer loop
      vertex -29.3444 -6.23735 -42.5
      vertex -24.4537 -5.19779 -42.5
      vertex -27.4064 -12.2021 -42.5
    endloop
  endfacet
  facet normal 0 0 -1
    outer loop
      vertex -24.4537 -5.19779 -42.5
      vertex -25 -2.5 -42.5
      vertex -24.7482 -2.3957 -42.5
    endloop
  endfacet
  facet normal 0 -0 -1
    outer loop
      vertex -26.7678 -1.76777 -42.5
      vertex -24.4537 -5.19779 -42.5
      vertex -29.3444 -6.23735 -42.5
    endloop
  endfacet
  facet normal 0 0 -1
    outer loop
      vertex -24.4537 -5.19779 -42.5
      vertex -26.7678 -1.76777 -42.5
      vertex -25 -2.5 -42.5
    endloop
  endfacet
  facet normal 0 0 -1
    outer loop
      vertex -30 0 -42.5
      vertex -26.7678 -1.76777 -42.5
      vertex -29.3444 -6.23735 -42.5
    endloop
  endfacet
  facet normal 0 0 -1
    outer loop
      vertex 26.7678 -1.76777 -42.5
      vertex 30 0 -42.5
      vertex 29.3444 -6.23735 -42.5
    endloop
  endfacet
  facet normal 0 0 -1
    outer loop
      vertex 26.7678 1.76777 -42.5
      vertex 30 0 -42.5
      vertex 27.5 0 -42.5
    endloop
  endfacet
  facet normal 0 0 -1
    outer loop
      vertex 24.4537 -5.19779 -42.5
      vertex 29.3444 -6.23735 -42.5
      vertex 27.4064 -12.2021 -42.5
    endloop
  endfacet
  facet normal -0 0 -1
    outer loop
      vertex 30 0 -42.5
      vertex 26.7678 -1.76777 -42.5
      vertex 27.5 0 -42.5
    endloop
  endfacet
  facet normal 0 0 -1
    outer loop
      vertex 29.3444 -6.23735 -42.5
      vertex 24.4537 -5.19779 -42.5
      vertex 26.7678 -1.76777 -42.5
    endloop
  endfacet
  facet normal 0 0 -1
    outer loop
      vertex 26.7678 -1.76777 -42.5
      vertex 24.4537 -5.19779 -42.5
      vertex 25 -2.5 -42.5
    endloop
  endfacet
  facet normal -0 0 -1
    outer loop
      vertex 25 -2.5 -42.5
      vertex 24.4537 -5.19779 -42.5
      vertex 24.7482 -2.3957 -42.5
    endloop
  endfacet
  facet normal 0 0 -1
    outer loop
      vertex 22.8386 -10.1684 -42.5
      vertex 27.4064 -12.2021 -42.5
      vertex 24.2705 -17.6336 -42.5
    endloop
  endfacet
  facet normal 0 0 -1
    outer loop
      vertex 27.4064 -12.2021 -42.5
      vertex 22.8386 -10.1684 -42.5
      vertex 24.4537 -5.19779 -42.5
    endloop
  endfacet
  facet normal 0 0 -1
    outer loop
      vertex 24.2705 -17.6336 -42.5
      vertex 20.2254 -14.6946 -42.5
      vertex 22.8386 -10.1684 -42.5
    endloop
  endfacet
  facet normal 0 0 -1
    outer loop
      vertex 20.0739 -22.2943 -42.5
      vertex 20.2254 -14.6946 -42.5
      vertex 24.2705 -17.6336 -42.5
    endloop
  endfacet
  facet normal 0 0 -1
    outer loop
      vertex 20.0739 -22.2943 -42.5
      vertex 16.7283 -18.5786 -42.5
      vertex 20.2254 -14.6946 -42.5
    endloop
  endfacet
  facet normal 0 0 -1
    outer loop
      vertex 14.2678 -23.4184 -42.5
      vertex 20.0739 -22.2943 -42.5
      vertex 15 -25.9808 -42.5
    endloop
  endfacet
  facet normal 0 0 -1
    outer loop
      vertex 20.0739 -22.2943 -42.5
      vertex 15 -21.6506 -42.5
      vertex 16.7283 -18.5786 -42.5
    endloop
  endfacet
  facet normal 0 0 -1
    outer loop
      vertex 16.7283 -18.5786 -42.5
      vertex 15 -21.6506 -42.5
      vertex 14.4217 -20.2545 -42.5
    endloop
  endfacet
  facet normal 0 0 -1
    outer loop
      vertex 30 0 -42.5
      vertex 26.7678 1.76777 -42.5
      vertex 29.3444 6.23735 -42.5
    endloop
  endfacet
  facet normal 0 0 -1
    outer loop
      vertex 24.4537 5.19779 -42.5
      vertex 29.3444 6.23735 -42.5
      vertex 26.7678 1.76777 -42.5
    endloop
  endfacet
  facet normal 0 0 -1
    outer loop
      vertex 24.4537 5.19779 -42.5
      vertex 26.7678 1.76777 -42.5
      vertex 25 2.5 -42.5
    endloop
  endfacet
  facet normal 0 0 -1
    outer loop
      vertex 24.4537 5.19779 -42.5
      vertex 25 2.5 -42.5
      vertex 24.7482 2.3957 -42.5
    endloop
  endfacet
  facet normal -0 0 -1
    outer loop
      vertex 29.3444 6.23735 -42.5
      vertex 24.4537 5.19779 -42.5
      vertex 27.4064 12.2021 -42.5
    endloop
  endfacet
  facet normal 0 0 -1
    outer loop
      vertex 22.8386 10.1684 -42.5
      vertex 27.4064 12.2021 -42.5
      vertex 24.4537 5.19779 -42.5
    endloop
  endfacet
  facet normal -0 0 -1
    outer loop
      vertex 27.4064 12.2021 -42.5
      vertex 22.8386 10.1684 -42.5
      vertex 24.2705 17.6336 -42.5
    endloop
  endfacet
  facet normal 0 0 -1
    outer loop
      vertex 20.2254 14.6946 -42.5
      vertex 24.2705 17.6336 -42.5
      vertex 22.8386 10.1684 -42.5
    endloop
  endfacet
  facet normal 0 0 -1
    outer loop
      vertex 20.2254 14.6946 -42.5
      vertex 20.0739 22.2943 -42.5
      vertex 24.2705 17.6336 -42.5
    endloop
  endfacet
  facet normal 0 0 -1
    outer loop
      vertex 16.7283 18.5786 -42.5
      vertex 20.0739 22.2943 -42.5
      vertex 20.2254 14.6946 -42.5
    endloop
  endfacet
  facet normal 0 0 -1
    outer loop
      vertex 15 21.6506 -42.5
      vertex 20.0739 22.2943 -42.5
      vertex 16.7283 18.5786 -42.5
    endloop
  endfacet
  facet normal 0 0 -1
    outer loop
      vertex 14.2678 23.4184 -42.5
      vertex 20.0739 22.2943 -42.5
      vertex 15 21.6506 -42.5
    endloop
  endfacet
  facet normal 0 0 -1
    outer loop
      vertex 20.0739 22.2943 -42.5
      vertex 14.2678 23.4184 -42.5
      vertex 15 25.9808 -42.5
    endloop
  endfacet
  facet normal 0 0 -1
    outer loop
      vertex 12.5 24.1506 -42.5
      vertex 15 25.9808 -42.5
      vertex 14.2678 23.4184 -42.5
    endloop
  endfacet
  facet normal 0 0 -1
    outer loop
      vertex 9.27051 28.5317 -42.5
      vertex 12.5 24.1506 -42.5
      vertex 10.7322 23.4184 -42.5
    endloop
  endfacet
  facet normal 0 0 -1
    outer loop
      vertex 12.5 24.1506 -42.5
      vertex 9.27051 28.5317 -42.5
      vertex 15 25.9808 -42.5
    endloop
  endfacet
  facet normal 0 0 -1
    outer loop
      vertex 7.72542 23.7764 -42.5
      vertex 10.7322 23.4184 -42.5
      vertex 10.3893 22.5904 -42.5
    endloop
  endfacet
  facet normal 0 0 -1
    outer loop
      vertex 10.7322 23.4184 -42.5
      vertex 7.72542 23.7764 -42.5
      vertex 9.27051 28.5317 -42.5
    endloop
  endfacet
  facet normal 0 0 -1
    outer loop
      vertex 7.72542 23.7764 -42.5
      vertex 3.13585 29.8357 -42.5
      vertex 9.27051 28.5317 -42.5
    endloop
  endfacet
  facet normal 0 0 -1
    outer loop
      vertex 2.61321 24.863 -42.5
      vertex 3.13585 29.8357 -42.5
      vertex 7.72542 23.7764 -42.5
    endloop
  endfacet
  facet normal 0 0 -1
    outer loop
      vertex -2.61321 24.863 -42.5
      vertex 3.13585 29.8357 -42.5
      vertex 2.61321 24.863 -42.5
    endloop
  endfacet
  facet normal 0 0 -1
    outer loop
      vertex -2.61321 24.863 -42.5
      vertex -3.13585 29.8357 -42.5
      vertex 3.13585 29.8357 -42.5
    endloop
  endfacet
  facet normal 0 0 -1
    outer loop
      vertex -7.72542 23.7764 -42.5
      vertex -3.13585 29.8357 -42.5
      vertex -2.61321 24.863 -42.5
    endloop
  endfacet
  facet normal 0 0 -1
    outer loop
      vertex -7.72542 23.7764 -42.5
      vertex -9.27051 28.5317 -42.5
      vertex -3.13585 29.8357 -42.5
    endloop
  endfacet
  facet normal 0 0 -1
    outer loop
      vertex -10.7322 23.4184 -42.5
      vertex -7.72542 23.7764 -42.5
      vertex -10.3893 22.5904 -42.5
    endloop
  endfacet
  facet normal -0 0 -1
    outer loop
      vertex -7.72542 23.7764 -42.5
      vertex -10.7322 23.4184 -42.5
      vertex -9.27051 28.5317 -42.5
    endloop
  endfacet
  facet normal 0 0 -1
    outer loop
      vertex -12.5 24.1506 -42.5
      vertex -9.27051 28.5317 -42.5
      vertex -10.7322 23.4184 -42.5
    endloop
  endfacet
  facet normal 0 0 -1
    outer loop
      vertex -15 25.9808 -42.5
      vertex -12.5 24.1506 -42.5
      vertex -14.2678 23.4184 -42.5
    endloop
  endfacet
  facet normal 0 0 -1
    outer loop
      vertex -12.5 24.1506 -42.5
      vertex -15 25.9808 -42.5
      vertex -9.27051 28.5317 -42.5
    endloop
  endfacet
  facet normal 0 0 -1
    outer loop
      vertex -15 25.9808 -42.5
      vertex -14.2678 23.4184 -42.5
      vertex -15 21.6506 -42.5
    endloop
  endfacet
  facet normal -0 0 -1
    outer loop
      vertex -14.4217 -20.2545 -42.5
      vertex -15 -21.6506 -42.5
      vertex -16.7283 -18.5786 -42.5
    endloop
  endfacet
  facet normal -0.95106 -0.309008 0
    outer loop
      vertex -27.4064 -12.2021 -42.5
      vertex -29.3444 -6.23735 -37.5
      vertex -29.3444 -6.23735 -42.5
    endloop
  endfacet
  facet normal -0.95106 -0.309008 0
    outer loop
      vertex -29.3444 -6.23735 -37.5
      vertex -27.4064 -12.2021 -42.5
      vertex -27.4064 -12.2021 -37.5
    endloop
  endfacet
  facet normal -0.406732 0.913547 0
    outer loop
      vertex -9.27051 28.5317 -42.5
      vertex -15 25.9808 -37.5
      vertex -9.27051 28.5317 -37.5
    endloop
  endfacet
  facet normal -0.406732 0.913547 0
    outer loop
      vertex -15 25.9808 -37.5
      vertex -9.27051 28.5317 -42.5
      vertex -15 25.9808 -42.5
    endloop
  endfacet
  facet normal -0 0 1
    outer loop
      vertex -24.2705 -17.6336 -37.5
      vertex -14.2678 -19.8829 -37.5
      vertex -23.2322 -1.76777 -37.5
    endloop
  endfacet
  facet normal 0 0 1
    outer loop
      vertex -14.2678 -19.8829 -37.5
      vertex -24.2705 -17.6336 -37.5
      vertex -20.0739 -22.2943 -37.5
    endloop
  endfacet
  facet normal 0 0 1
    outer loop
      vertex -27.4064 -12.2021 -37.5
      vertex -23.2322 -1.76777 -37.5
      vertex -25 -2.5 -37.5
    endloop
  endfacet
  facet normal 0 0 1
    outer loop
      vertex -29.3444 -6.23735 -37.5
      vertex -25 -2.5 -37.5
      vertex -26.7678 -1.76777 -37.5
    endloop
  endfacet
  facet normal 0 0 1
    outer loop
      vertex -23.2322 -1.76777 -37.5
      vertex -27.4064 -12.2021 -37.5
      vertex -24.2705 -17.6336 -37.5
    endloop
  endfacet
  facet normal -0 0 1
    outer loop
      vertex -30 0 -37.5
      vertex -26.7678 -1.76777 -37.5
      vertex -27.5 0 -37.5
    endloop
  endfacet
  facet normal 0 0 1
    outer loop
      vertex -26.7678 1.76777 -37.5
      vertex -30 0 -37.5
      vertex -27.5 0 -37.5
    endloop
  endfacet
  facet normal 0 0 1
    outer loop
      vertex -25 -2.5 -37.5
      vertex -29.3444 -6.23735 -37.5
      vertex -27.4064 -12.2021 -37.5
    endloop
  endfacet
  facet normal 0 0 1
    outer loop
      vertex -26.7678 -1.76777 -37.5
      vertex -30 0 -37.5
      vertex -29.3444 -6.23735 -37.5
    endloop
  endfacet
  facet normal 0 0 1
    outer loop
      vertex -14.2678 19.8829 -37.5
      vertex -8.09017 5.87785 -37.5
      vertex -12.5 19.1506 -37.5
    endloop
  endfacet
  facet normal 0 0 1
    outer loop
      vertex -8.09017 5.87785 -37.5
      vertex -23.2322 1.76777 -37.5
      vertex -9.13545 4.06737 -37.5
    endloop
  endfacet
  facet normal 0 0 1
    outer loop
      vertex -9.13545 4.06737 -37.5
      vertex -23.2322 1.76777 -37.5
      vertex -9.78148 2.07912 -37.5
    endloop
  endfacet
  facet normal 0 0 1
    outer loop
      vertex -10 0 -37.5
      vertex -10.7322 -19.8829 -37.5
      vertex -10 -21.6506 -37.5
    endloop
  endfacet
  facet normal 0 -0 1
    outer loop
      vertex -22.5 0 -37.5
      vertex -9.78148 2.07912 -37.5
      vertex -23.2322 1.76777 -37.5
    endloop
  endfacet
  facet normal 0 0 1
    outer loop
      vertex -23.2322 -1.76777 -37.5
      vertex -10 0 -37.5
      vertex -22.5 0 -37.5
    endloop
  endfacet
  facet normal 0 0 1
    outer loop
      vertex -8.09017 5.87785 -37.5
      vertex -14.2678 19.8829 -37.5
      vertex -23.2322 1.76777 -37.5
    endloop
  endfacet
  facet normal 0 0 1
    outer loop
      vertex -10 0 -37.5
      vertex -12.5 -19.1506 -37.5
      vertex -10.7322 -19.8829 -37.5
    endloop
  endfacet
  facet normal 0 0 1
    outer loop
      vertex -20.0739 22.2943 -37.5
      vertex -14.2678 19.8829 -37.5
      vertex -15 21.6506 -37.5
    endloop
  endfacet
  facet normal 0 0 1
    outer loop
      vertex -10 0 -37.5
      vertex -23.2322 -1.76777 -37.5
      vertex -12.5 -19.1506 -37.5
    endloop
  endfacet
  facet normal -0 -0 1
    outer loop
      vertex 9.78148 2.07912 -37.5
      vertex 23.2322 1.76777 -37.5
      vertex 9.13545 4.06737 -37.5
    endloop
  endfacet
  facet normal 0 0 1
    outer loop
      vertex 22.5 0 -37.5
      vertex 14.2678 -19.8829 -37.5
      vertex 15 -21.6506 -37.5
    endloop
  endfacet
  facet normal 0 0 1
    outer loop
      vertex 8.09017 5.87785 -37.5
      vertex 14.2678 19.8829 -37.5
      vertex 12.5 19.1506 -37.5
    endloop
  endfacet
  facet normal 0 0 1
    outer loop
      vertex 9.78148 -2.07912 -37.5
      vertex 22.5 0 -37.5
      vertex 10 0 -37.5
    endloop
  endfacet
  facet normal 0 0 1
    outer loop
      vertex 5 8.66025 -37.5
      vertex 12.5 19.1506 -37.5
      vertex 10.7322 19.8829 -37.5
    endloop
  endfacet
  facet normal 0 0 1
    outer loop
      vertex 9.13545 -4.06737 -37.5
      vertex 22.5 0 -37.5
      vertex 9.78148 -2.07912 -37.5
    endloop
  endfacet
  facet normal 0 0 1
    outer loop
      vertex 1.04528 9.94522 -37.5
      vertex 10.7322 19.8829 -37.5
      vertex 10 21.6506 -37.5
    endloop
  endfacet
  facet normal 0 0 1
    outer loop
      vertex 22.5 0 -37.5
      vertex 9.13545 -4.06737 -37.5
      vertex 14.2678 -19.8829 -37.5
    endloop
  endfacet
  facet normal -0 0 1
    outer loop
      vertex 8.09017 -5.87785 -37.5
      vertex 14.2678 -19.8829 -37.5
      vertex 9.13545 -4.06737 -37.5
    endloop
  endfacet
  facet normal 0 0 1
    outer loop
      vertex 14.2678 -19.8829 -37.5
      vertex 8.09017 -5.87785 -37.5
      vertex 12.5 -19.1506 -37.5
    endloop
  endfacet
  facet normal 0 0 1
    outer loop
      vertex 20.0739 22.2943 -37.5
      vertex 14.2678 23.4184 -37.5
      vertex 15 21.6506 -37.5
    endloop
  endfacet
  facet normal 0 0 1
    outer loop
      vertex 15 25.9808 -37.5
      vertex 12.5 24.1506 -37.5
      vertex 14.2678 23.4184 -37.5
    endloop
  endfacet
  facet normal 0 0 1
    outer loop
      vertex 9.27051 28.5317 -37.5
      vertex 12.5 24.1506 -37.5
      vertex 15 25.9808 -37.5
    endloop
  endfacet
  facet normal 0 0 1
    outer loop
      vertex 22.5 0 -37.5
      vertex 9.78148 2.07912 -37.5
      vertex 10 0 -37.5
    endloop
  endfacet
  facet normal 0 0 1
    outer loop
      vertex 12.5 24.1506 -37.5
      vertex 9.27051 28.5317 -37.5
      vertex 10.7322 23.4184 -37.5
    endloop
  endfacet
  facet normal 0 0 1
    outer loop
      vertex 9.27051 28.5317 -37.5
      vertex 10 21.6506 -37.5
      vertex 10.7322 23.4184 -37.5
    endloop
  endfacet
  facet normal 0 0 1
    outer loop
      vertex 3.13585 29.8357 -37.5
      vertex 10 21.6506 -37.5
      vertex 9.27051 28.5317 -37.5
    endloop
  endfacet
  facet normal 0 0 1
    outer loop
      vertex 23.2322 1.76777 -37.5
      vertex 9.78148 2.07912 -37.5
      vertex 22.5 0 -37.5
    endloop
  endfacet
  facet normal 0 0 1
    outer loop
      vertex 14.2678 19.8829 -37.5
      vertex 8.09017 5.87785 -37.5
      vertex 9.13545 4.06737 -37.5
    endloop
  endfacet
  facet normal 0 0 1
    outer loop
      vertex 12.5 19.1506 -37.5
      vertex 6.69131 7.43145 -37.5
      vertex 8.09017 5.87785 -37.5
    endloop
  endfacet
  facet normal 0 0 1
    outer loop
      vertex 12.5 19.1506 -37.5
      vertex 5 8.66025 -37.5
      vertex 6.69131 7.43145 -37.5
    endloop
  endfacet
  facet normal 0 0 1
    outer loop
      vertex -10 21.6506 -37.5
      vertex 10 21.6506 -37.5
      vertex 3.13585 29.8357 -37.5
    endloop
  endfacet
  facet normal 0 0 1
    outer loop
      vertex 10.7322 19.8829 -37.5
      vertex 3.09017 9.51056 -37.5
      vertex 5 8.66025 -37.5
    endloop
  endfacet
  facet normal 0 0 1
    outer loop
      vertex 10.7322 19.8829 -37.5
      vertex 1.04528 9.94522 -37.5
      vertex 3.09017 9.51056 -37.5
    endloop
  endfacet
  facet normal 0 0 1
    outer loop
      vertex 10 21.6506 -37.5
      vertex -1.04528 9.94522 -37.5
      vertex 1.04528 9.94522 -37.5
    endloop
  endfacet
  facet normal 0 0 1
    outer loop
      vertex 10 21.6506 -37.5
      vertex -10 21.6506 -37.5
      vertex -1.04528 9.94522 -37.5
    endloop
  endfacet
  facet normal 0 0 1
    outer loop
      vertex -10 21.6506 -37.5
      vertex 3.13585 29.8357 -37.5
      vertex -3.13585 29.8357 -37.5
    endloop
  endfacet
  facet normal -0 0 1
    outer loop
      vertex -10.7322 19.8829 -37.5
      vertex -1.04528 9.94522 -37.5
      vertex -10 21.6506 -37.5
    endloop
  endfacet
  facet normal 0 0 1
    outer loop
      vertex -1.04528 9.94522 -37.5
      vertex -10.7322 19.8829 -37.5
      vertex -3.09017 9.51056 -37.5
    endloop
  endfacet
  facet normal 0 0 1
    outer loop
      vertex -3.09017 9.51056 -37.5
      vertex -10.7322 19.8829 -37.5
      vertex -5 8.66025 -37.5
    endloop
  endfacet
  facet normal -0 0 1
    outer loop
      vertex -12.5 19.1506 -37.5
      vertex -5 8.66025 -37.5
      vertex -10.7322 19.8829 -37.5
    endloop
  endfacet
  facet normal 0 0 1
    outer loop
      vertex -10 21.6506 -37.5
      vertex -3.13585 29.8357 -37.5
      vertex -9.27051 28.5317 -37.5
    endloop
  endfacet
  facet normal 0 0 1
    outer loop
      vertex -5 8.66025 -37.5
      vertex -12.5 19.1506 -37.5
      vertex -6.69131 7.43145 -37.5
    endloop
  endfacet
  facet normal 0 0 1
    outer loop
      vertex -6.69131 7.43145 -37.5
      vertex -12.5 19.1506 -37.5
      vertex -8.09017 5.87785 -37.5
    endloop
  endfacet
  facet normal 0 0 1
    outer loop
      vertex -9.27051 28.5317 -37.5
      vertex -10.7322 23.4184 -37.5
      vertex -10 21.6506 -37.5
    endloop
  endfacet
  facet normal 0 0 1
    outer loop
      vertex -9.27051 28.5317 -37.5
      vertex -12.5 24.1506 -37.5
      vertex -10.7322 23.4184 -37.5
    endloop
  endfacet
  facet normal -0 0 1
    outer loop
      vertex -15 25.9808 -37.5
      vertex -12.5 24.1506 -37.5
      vertex -9.27051 28.5317 -37.5
    endloop
  endfacet
  facet normal 0 0 1
    outer loop
      vertex -12.5 24.1506 -37.5
      vertex -15 25.9808 -37.5
      vertex -14.2678 23.4184 -37.5
    endloop
  endfacet
  facet normal 0 0 1
    outer loop
      vertex -20.0739 22.2943 -37.5
      vertex -14.2678 23.4184 -37.5
      vertex -15 25.9808 -37.5
    endloop
  endfacet
  facet normal 0 0 1
    outer loop
      vertex -14.2678 23.4184 -37.5
      vertex -20.0739 22.2943 -37.5
      vertex -15 21.6506 -37.5
    endloop
  endfacet
  facet normal 0 0 1
    outer loop
      vertex -12.5 -19.1506 -37.5
      vertex -23.2322 -1.76777 -37.5
      vertex -14.2678 -19.8829 -37.5
    endloop
  endfacet
  facet normal 0 0 1
    outer loop
      vertex -14.2678 19.8829 -37.5
      vertex -20.0739 22.2943 -37.5
      vertex -24.2705 17.6336 -37.5
    endloop
  endfacet
  facet normal 0 0 1
    outer loop
      vertex -14.2678 -19.8829 -37.5
      vertex -20.0739 -22.2943 -37.5
      vertex -15 -21.6506 -37.5
    endloop
  endfacet
  facet normal 0 0 1
    outer loop
      vertex -15 -21.6506 -37.5
      vertex -20.0739 -22.2943 -37.5
      vertex -15 -25.9808 -37.5
    endloop
  endfacet
  facet normal 0 0 1
    outer loop
      vertex -9.78148 2.07912 -37.5
      vertex -22.5 0 -37.5
      vertex -10 0 -37.5
    endloop
  endfacet
  facet normal 0 0 1
    outer loop
      vertex -14.2678 19.8829 -37.5
      vertex -24.2705 17.6336 -37.5
      vertex -23.2322 1.76777 -37.5
    endloop
  endfacet
  facet normal -0 0 1
    outer loop
      vertex -27.4064 12.2021 -37.5
      vertex -23.2322 1.76777 -37.5
      vertex -24.2705 17.6336 -37.5
    endloop
  endfacet
  facet normal 0 0 1
    outer loop
      vertex -23.2322 1.76777 -37.5
      vertex -27.4064 12.2021 -37.5
      vertex -25 2.5 -37.5
    endloop
  endfacet
  facet normal -0 0 1
    outer loop
      vertex -29.3444 6.23735 -37.5
      vertex -25 2.5 -37.5
      vertex -27.4064 12.2021 -37.5
    endloop
  endfacet
  facet normal 0 0 1
    outer loop
      vertex -25 2.5 -37.5
      vertex -29.3444 6.23735 -37.5
      vertex -26.7678 1.76777 -37.5
    endloop
  endfacet
  facet normal 0 0 1
    outer loop
      vertex -30 0 -37.5
      vertex -26.7678 1.76777 -37.5
      vertex -29.3444 6.23735 -37.5
    endloop
  endfacet
  facet normal -0 0 1
    outer loop
      vertex 26.7678 1.76777 -37.5
      vertex 30 0 -37.5
      vertex 29.3444 6.23735 -37.5
    endloop
  endfacet
  facet normal 0 0 1
    outer loop
      vertex 26.7678 -1.76777 -37.5
      vertex 30 0 -37.5
      vertex 27.5 0 -37.5
    endloop
  endfacet
  facet normal 0 0 1
    outer loop
      vertex 25 2.5 -37.5
      vertex 29.3444 6.23735 -37.5
      vertex 27.4064 12.2021 -37.5
    endloop
  endfacet
  facet normal 0 0 1
    outer loop
      vertex 30 0 -37.5
      vertex 26.7678 1.76777 -37.5
      vertex 27.5 0 -37.5
    endloop
  endfacet
  facet normal 0 0 1
    outer loop
      vertex 29.3444 6.23735 -37.5
      vertex 25 2.5 -37.5
      vertex 26.7678 1.76777 -37.5
    endloop
  endfacet
  facet normal 0 0 1
    outer loop
      vertex 23.2322 1.76777 -37.5
      vertex 27.4064 12.2021 -37.5
      vertex 24.2705 17.6336 -37.5
    endloop
  endfacet
  facet normal 0 0 1
    outer loop
      vertex 27.4064 12.2021 -37.5
      vertex 23.2322 1.76777 -37.5
      vertex 25 2.5 -37.5
    endloop
  endfacet
  facet normal 0 0 1
    outer loop
      vertex 20.0739 22.2943 -37.5
      vertex 14.2678 19.8829 -37.5
      vertex 24.2705 17.6336 -37.5
    endloop
  endfacet
  facet normal 0 0 1
    outer loop
      vertex 14.2678 19.8829 -37.5
      vertex 20.0739 22.2943 -37.5
      vertex 15 21.6506 -37.5
    endloop
  endfacet
  facet normal 0 0 1
    outer loop
      vertex 30 0 -37.5
      vertex 26.7678 -1.76777 -37.5
      vertex 29.3444 -6.23735 -37.5
    endloop
  endfacet
  facet normal -0 0 1
    outer loop
      vertex 25 -2.5 -37.5
      vertex 29.3444 -6.23735 -37.5
      vertex 26.7678 -1.76777 -37.5
    endloop
  endfacet
  facet normal 0 0 1
    outer loop
      vertex 29.3444 -6.23735 -37.5
      vertex 25 -2.5 -37.5
      vertex 27.4064 -12.2021 -37.5
    endloop
  endfacet
  facet normal 0 0 1
    outer loop
      vertex 23.2322 -1.76777 -37.5
      vertex 27.4064 -12.2021 -37.5
      vertex 25 -2.5 -37.5
    endloop
  endfacet
  facet normal 0 0 1
    outer loop
      vertex 27.4064 -12.2021 -37.5
      vertex 23.2322 -1.76777 -37.5
      vertex 24.2705 -17.6336 -37.5
    endloop
  endfacet
  facet normal 0 0 1
    outer loop
      vertex 15 -21.6506 -37.5
      vertex 23.2322 -1.76777 -37.5
      vertex 22.5 0 -37.5
    endloop
  endfacet
  facet normal 0 0 1
    outer loop
      vertex 24.2705 17.6336 -37.5
      vertex 14.2678 19.8829 -37.5
      vertex 23.2322 1.76777 -37.5
    endloop
  endfacet
  facet normal -0 0 1
    outer loop
      vertex 9.13545 4.06737 -37.5
      vertex 23.2322 1.76777 -37.5
      vertex 14.2678 19.8829 -37.5
    endloop
  endfacet
  facet normal -0 0 1
    outer loop
      vertex 14.2678 23.4184 -37.5
      vertex 20.0739 22.2943 -37.5
      vertex 15 25.9808 -37.5
    endloop
  endfacet
  facet normal 0 0 1
    outer loop
      vertex 23.2322 -1.76777 -37.5
      vertex 15 -21.6506 -37.5
      vertex 24.2705 -17.6336 -37.5
    endloop
  endfacet
  facet normal 0 0 1
    outer loop
      vertex 24.2705 -17.6336 -37.5
      vertex 15 -21.6506 -37.5
      vertex 20.0739 -22.2943 -37.5
    endloop
  endfacet
  facet normal 0 0 1
    outer loop
      vertex 14.2678 -23.4184 -37.5
      vertex 20.0739 -22.2943 -37.5
      vertex 15 -21.6506 -37.5
    endloop
  endfacet
  facet normal 0 0 1
    outer loop
      vertex 20.0739 -22.2943 -37.5
      vertex 14.2678 -23.4184 -37.5
      vertex 15 -25.9808 -37.5
    endloop
  endfacet
  facet normal -0 0 1
    outer loop
      vertex 12.5 -24.1506 -37.5
      vertex 15 -25.9808 -37.5
      vertex 14.2678 -23.4184 -37.5
    endloop
  endfacet
  facet normal 0 0 1
    outer loop
      vertex 9.27051 -28.5317 -37.5
      vertex 12.5 -24.1506 -37.5
      vertex 10.7322 -23.4184 -37.5
    endloop
  endfacet
  facet normal 0 0 1
    outer loop
      vertex 12.5 -24.1506 -37.5
      vertex 9.27051 -28.5317 -37.5
      vertex 15 -25.9808 -37.5
    endloop
  endfacet
  facet normal 0 0 1
    outer loop
      vertex 10 -21.6506 -37.5
      vertex 9.27051 -28.5317 -37.5
      vertex 10.7322 -23.4184 -37.5
    endloop
  endfacet
  facet normal -0 0 1
    outer loop
      vertex 6.69131 -7.43145 -37.5
      vertex 12.5 -19.1506 -37.5
      vertex 8.09017 -5.87785 -37.5
    endloop
  endfacet
  facet normal -0 0 1
    outer loop
      vertex 5 -8.66025 -37.5
      vertex 12.5 -19.1506 -37.5
      vertex 6.69131 -7.43145 -37.5
    endloop
  endfacet
  facet normal 0 0 1
    outer loop
      vertex 12.5 -19.1506 -37.5
      vertex 5 -8.66025 -37.5
      vertex 10.7322 -19.8829 -37.5
    endloop
  endfacet
  facet normal -0 0 1
    outer loop
      vertex 3.09017 -9.51056 -37.5
      vertex 10.7322 -19.8829 -37.5
      vertex 5 -8.66025 -37.5
    endloop
  endfacet
  facet normal -0 0 1
    outer loop
      vertex 1.04528 -9.94522 -37.5
      vertex 10.7322 -19.8829 -37.5
      vertex 3.09017 -9.51056 -37.5
    endloop
  endfacet
  facet normal 0 0 1
    outer loop
      vertex 10.7322 -19.8829 -37.5
      vertex 1.04528 -9.94522 -37.5
      vertex 10 -21.6506 -37.5
    endloop
  endfacet
  facet normal 0 0 1
    outer loop
      vertex 10 -21.6506 -37.5
      vertex 3.13585 -29.8357 -37.5
      vertex 9.27051 -28.5317 -37.5
    endloop
  endfacet
  facet normal -0 0 1
    outer loop
      vertex -1.04528 -9.94522 -37.5
      vertex 10 -21.6506 -37.5
      vertex 1.04528 -9.94522 -37.5
    endloop
  endfacet
  facet normal 0 0 1
    outer loop
      vertex -10 -21.6506 -37.5
      vertex 10 -21.6506 -37.5
      vertex -1.04528 -9.94522 -37.5
    endloop
  endfacet
  facet normal 0 0 1
    outer loop
      vertex -10 -21.6506 -37.5
      vertex -1.04528 -9.94522 -37.5
      vertex -3.09017 -9.51056 -37.5
    endloop
  endfacet
  facet normal 0 0 1
    outer loop
      vertex 10 -21.6506 -37.5
      vertex -10 -21.6506 -37.5
      vertex 3.13585 -29.8357 -37.5
    endloop
  endfacet
  facet normal 0 0 1
    outer loop
      vertex -10 -21.6506 -37.5
      vertex -3.09017 -9.51056 -37.5
      vertex -5 -8.66025 -37.5
    endloop
  endfacet
  facet normal 0 0 1
    outer loop
      vertex -10 -21.6506 -37.5
      vertex -5 -8.66025 -37.5
      vertex -6.69131 -7.43145 -37.5
    endloop
  endfacet
  facet normal 0 0 1
    outer loop
      vertex -10 -21.6506 -37.5
      vertex -6.69131 -7.43145 -37.5
      vertex -8.09017 -5.87785 -37.5
    endloop
  endfacet
  facet normal 0 0 1
    outer loop
      vertex -10 -21.6506 -37.5
      vertex -8.09017 -5.87785 -37.5
      vertex -9.13545 -4.06737 -37.5
    endloop
  endfacet
  facet normal 0 0 1
    outer loop
      vertex 3.13585 -29.8357 -37.5
      vertex -10 -21.6506 -37.5
      vertex -3.13585 -29.8357 -37.5
    endloop
  endfacet
  facet normal 0 0 1
    outer loop
      vertex -10 -21.6506 -37.5
      vertex -9.13545 -4.06737 -37.5
      vertex -9.78148 -2.07912 -37.5
    endloop
  endfacet
  facet normal 0 0 1
    outer loop
      vertex -10 -21.6506 -37.5
      vertex -9.78148 -2.07912 -37.5
      vertex -10 0 -37.5
    endloop
  endfacet
  facet normal 0 0 1
    outer loop
      vertex -3.13585 -29.8357 -37.5
      vertex -10 -21.6506 -37.5
      vertex -9.27051 -28.5317 -37.5
    endloop
  endfacet
  facet normal -0 0 1
    outer loop
      vertex -10.7322 -23.4184 -37.5
      vertex -9.27051 -28.5317 -37.5
      vertex -10 -21.6506 -37.5
    endloop
  endfacet
  facet normal -0 0 1
    outer loop
      vertex -12.5 -24.1506 -37.5
      vertex -9.27051 -28.5317 -37.5
      vertex -10.7322 -23.4184 -37.5
    endloop
  endfacet
  facet normal 0 0 1
    outer loop
      vertex -15 -25.9808 -37.5
      vertex -12.5 -24.1506 -37.5
      vertex -14.2678 -23.4184 -37.5
    endloop
  endfacet
  facet normal 0 0 1
    outer loop
      vertex -12.5 -24.1506 -37.5
      vertex -15 -25.9808 -37.5
      vertex -9.27051 -28.5317 -37.5
    endloop
  endfacet
  facet normal 0 0 1
    outer loop
      vertex -15 -25.9808 -37.5
      vertex -14.2678 -23.4184 -37.5
      vertex -15 -21.6506 -37.5
    endloop
  endfacet
  facet normal -0.207917 -0.978146 0
    outer loop
      vertex -9.27051 -28.5317 -42.5
      vertex -3.13585 -29.8357 -37.5
      vertex -9.27051 -28.5317 -37.5
    endloop
  endfacet
  facet normal -0.207917 -0.978146 -0
    outer loop
      vertex -3.13585 -29.8357 -37.5
      vertex -9.27051 -28.5317 -42.5
      vertex -3.13585 -29.8357 -42.5
    endloop
  endfacet
  facet normal 0.207917 0.978146 -0
    outer loop
      vertex 9.27051 28.5317 -42.5
      vertex 3.13585 29.8357 -37.5
      vertex 9.27051 28.5317 -37.5
    endloop
  endfacet
  facet normal 0.207917 0.978146 0
    outer loop
      vertex 3.13585 29.8357 -37.5
      vertex 9.27051 28.5317 -42.5
      vertex 3.13585 29.8357 -42.5
    endloop
  endfacet
  facet normal -0.994521 -0.104533 0
    outer loop
      vertex -29.3444 -6.23735 -42.5
      vertex -30 0 -37.5
      vertex -30 0 -42.5
    endloop
  endfacet
  facet normal -0.994521 -0.104533 0
    outer loop
      vertex -30 0 -37.5
      vertex -29.3444 -6.23735 -42.5
      vertex -29.3444 -6.23735 -37.5
    endloop
  endfacet
  facet normal -0.866024 -0.500003 0
    outer loop
      vertex -24.2705 -17.6336 -42.5
      vertex -27.4064 -12.2021 -37.5
      vertex -27.4064 -12.2021 -42.5
    endloop
  endfacet
  facet normal -0.866024 -0.500003 0
    outer loop
      vertex -27.4064 -12.2021 -37.5
      vertex -24.2705 -17.6336 -42.5
      vertex -24.2705 -17.6336 -37.5
    endloop
  endfacet
  facet normal -0.866024 0.500003 0
    outer loop
      vertex -27.4064 12.2021 -42.5
      vertex -24.2705 17.6336 -37.5
      vertex -24.2705 17.6336 -42.5
    endloop
  endfacet
  facet normal -0.866024 0.500003 0
    outer loop
      vertex -24.2705 17.6336 -37.5
      vertex -27.4064 12.2021 -42.5
      vertex -27.4064 12.2021 -37.5
    endloop
  endfacet
  facet normal 0.866024 -0.500003 0
    outer loop
      vertex 24.2705 -17.6336 -37.5
      vertex 27.4064 -12.2021 -42.5
      vertex 27.4064 -12.2021 -37.5
    endloop
  endfacet
  facet normal 0.866024 -0.500003 0
    outer loop
      vertex 27.4064 -12.2021 -42.5
      vertex 24.2705 -17.6336 -37.5
      vertex 24.2705 -17.6336 -42.5
    endloop
  endfacet
  facet normal 0.587795 0.80901 -0
    outer loop
      vertex 20.0739 22.2943 -42.5
      vertex 15 25.9808 -37.5
      vertex 20.0739 22.2943 -37.5
    endloop
  endfacet
  facet normal 0.587795 0.80901 0
    outer loop
      vertex 15 25.9808 -37.5
      vertex 20.0739 22.2943 -42.5
      vertex 15 25.9808 -42.5
    endloop
  endfacet
  facet normal -0.587795 0.80901 0
    outer loop
      vertex -15 25.9808 -42.5
      vertex -20.0739 22.2943 -37.5
      vertex -15 25.9808 -37.5
    endloop
  endfacet
  facet normal -0.587795 0.80901 0
    outer loop
      vertex -20.0739 22.2943 -37.5
      vertex -15 25.9808 -42.5
      vertex -20.0739 22.2943 -42.5
    endloop
  endfacet
  facet normal -0.207917 0.978146 0
    outer loop
      vertex -3.13585 29.8357 -42.5
      vertex -9.27051 28.5317 -37.5
      vertex -3.13585 29.8357 -37.5
    endloop
  endfacet
  facet normal -0.207917 0.978146 0
    outer loop
      vertex -9.27051 28.5317 -37.5
      vertex -3.13585 29.8357 -42.5
      vertex -9.27051 28.5317 -42.5
    endloop
  endfacet
  facet normal 0 -1 0
    outer loop
      vertex -3.13585 -29.8357 -42.5
      vertex 3.13585 -29.8357 -37.5
      vertex -3.13585 -29.8357 -37.5
    endloop
  endfacet
  facet normal 0 -1 -0
    outer loop
      vertex 3.13585 -29.8357 -37.5
      vertex -3.13585 -29.8357 -42.5
      vertex 3.13585 -29.8357 -42.5
    endloop
  endfacet
  facet normal -0.994521 0.104533 0
    outer loop
      vertex -30 0 -42.5
      vertex -29.3444 6.23735 -37.5
      vertex -29.3444 6.23735 -42.5
    endloop
  endfacet
  facet normal -0.994521 0.104533 0
    outer loop
      vertex -29.3444 6.23735 -37.5
      vertex -30 0 -42.5
      vertex -30 0 -37.5
    endloop
  endfacet
  facet normal -0.406726 -0.91355 0
    outer loop
      vertex -10.3893 -22.5904 -50
      vertex -7.72542 -23.7764 -42.5
      vertex -10.3893 -22.5904 -42.5
    endloop
  endfacet
  facet normal -0.406726 -0.91355 0
    outer loop
      vertex -7.72542 -23.7764 -70
      vertex -10.3893 -22.5904 -50
      vertex -10.3893 -22.5904 -70
    endloop
  endfacet
  facet normal -0.406726 -0.91355 0
    outer loop
      vertex -10.3893 -22.5904 -50
      vertex -7.72542 -23.7764 -70
      vertex -7.72542 -23.7764 -42.5
    endloop
  endfacet
  facet normal -0.951054 -0.309026 0
    outer loop
      vertex -22.8386 -10.1684 -70
      vertex -24.4537 -5.19779 -42.5
      vertex -24.4537 -5.19779 -70
    endloop
  endfacet
  facet normal -0.951054 -0.309026 0
    outer loop
      vertex -24.4537 -5.19779 -42.5
      vertex -22.8386 -10.1684 -70
      vertex -22.8386 -10.1684 -42.5
    endloop
  endfacet
  facet normal 0.951054 0.309026 0
    outer loop
      vertex 24.4537 5.19779 -42.5
      vertex 22.8386 10.1684 -70
      vertex 22.8386 10.1684 -42.5
    endloop
  endfacet
  facet normal 0.951054 0.309026 0
    outer loop
      vertex 22.8386 10.1684 -70
      vertex 24.4537 5.19779 -42.5
      vertex 24.4537 5.19779 -70
    endloop
  endfacet
  facet normal 0.994522 0.104524 -0
    outer loop
      vertex 24.7482 2.3957 -50
      vertex 24.4537 5.19779 -42.5
      vertex 24.7482 2.3957 -42.5
    endloop
  endfacet
  facet normal 0.994522 0.104524 0
    outer loop
      vertex 24.4537 5.19779 -42.5
      vertex 24.7482 2.3957 -50
      vertex 24.4537 5.19779 -70
    endloop
  endfacet
  facet normal 0.994522 0.104524 0
    outer loop
      vertex 24.4537 5.19779 -70
      vertex 24.7482 2.3957 -50
      vertex 24.7482 2.3957 -70
    endloop
  endfacet
  facet normal 0.866026 0.5 0
    outer loop
      vertex 22.8386 10.1684 -42.5
      vertex 20.2254 14.6946 -70
      vertex 20.2254 14.6946 -42.5
    endloop
  endfacet
  facet normal 0.866026 0.5 0
    outer loop
      vertex 20.2254 14.6946 -70
      vertex 22.8386 10.1684 -42.5
      vertex 22.8386 10.1684 -70
    endloop
  endfacet
  facet normal 0.587798 -0.809007 0
    outer loop
      vertex 14.4217 -20.2545 -50
      vertex 16.7283 -18.5786 -42.5
      vertex 14.4217 -20.2545 -42.5
    endloop
  endfacet
  facet normal 0.587798 -0.809007 0
    outer loop
      vertex 16.7283 -18.5786 -70
      vertex 14.4217 -20.2545 -50
      vertex 14.4217 -20.2545 -70
    endloop
  endfacet
  facet normal 0.587798 -0.809007 0
    outer loop
      vertex 14.4217 -20.2545 -50
      vertex 16.7283 -18.5786 -70
      vertex 16.7283 -18.5786 -42.5
    endloop
  endfacet
  facet normal 0.406726 0.91355 -0
    outer loop
      vertex 10.3893 22.5904 -50
      vertex 7.72542 23.7764 -42.5
      vertex 10.3893 22.5904 -42.5
    endloop
  endfacet
  facet normal 0.406726 0.91355 0
    outer loop
      vertex 7.72542 23.7764 -70
      vertex 10.3893 22.5904 -50
      vertex 10.3893 22.5904 -70
    endloop
  endfacet
  facet normal 0.406726 0.91355 0
    outer loop
      vertex 10.3893 22.5904 -50
      vertex 7.72542 23.7764 -70
      vertex 7.72542 23.7764 -42.5
    endloop
  endfacet
  facet normal 0.994522 -0.104524 0
    outer loop
      vertex 24.4537 -5.19779 -42.5
      vertex 24.7482 -2.3957 -50
      vertex 24.7482 -2.3957 -42.5
    endloop
  endfacet
  facet normal 0.994522 -0.104524 0
    outer loop
      vertex 24.4537 -5.19779 -70
      vertex 24.7482 -2.3957 -50
      vertex 24.4537 -5.19779 -42.5
    endloop
  endfacet
  facet normal 0.994522 -0.104524 0
    outer loop
      vertex 24.7482 -2.3957 -50
      vertex 24.4537 -5.19779 -70
      vertex 24.7482 -2.3957 -70
    endloop
  endfacet
  facet normal 0.743151 0.669123 0
    outer loop
      vertex 20.2254 14.6946 -42.5
      vertex 16.7283 18.5786 -70
      vertex 16.7283 18.5786 -42.5
    endloop
  endfacet
  facet normal 0.743151 0.669123 0
    outer loop
      vertex 16.7283 18.5786 -70
      vertex 20.2254 14.6946 -42.5
      vertex 20.2254 14.6946 -70
    endloop
  endfacet
  facet normal -0.866026 0.5 0
    outer loop
      vertex -22.8386 10.1684 -70
      vertex -20.2254 14.6946 -42.5
      vertex -20.2254 14.6946 -70
    endloop
  endfacet
  facet normal -0.866026 0.5 0
    outer loop
      vertex -20.2254 14.6946 -42.5
      vertex -22.8386 10.1684 -70
      vertex -22.8386 10.1684 -42.5
    endloop
  endfacet
  facet normal 0.743151 -0.669123 0
    outer loop
      vertex 16.7283 -18.5786 -42.5
      vertex 20.2254 -14.6946 -70
      vertex 20.2254 -14.6946 -42.5
    endloop
  endfacet
  facet normal 0.743151 -0.669123 0
    outer loop
      vertex 20.2254 -14.6946 -70
      vertex 16.7283 -18.5786 -42.5
      vertex 16.7283 -18.5786 -70
    endloop
  endfacet
  facet normal -0.743151 0.669123 0
    outer loop
      vertex -20.2254 14.6946 -70
      vertex -16.7283 18.5786 -42.5
      vertex -16.7283 18.5786 -70
    endloop
  endfacet
  facet normal -0.743151 0.669123 0
    outer loop
      vertex -16.7283 18.5786 -42.5
      vertex -20.2254 14.6946 -70
      vertex -20.2254 14.6946 -42.5
    endloop
  endfacet
  facet normal 0.866026 -0.5 0
    outer loop
      vertex 20.2254 -14.6946 -42.5
      vertex 22.8386 -10.1684 -70
      vertex 22.8386 -10.1684 -42.5
    endloop
  endfacet
  facet normal 0.866026 -0.5 0
    outer loop
      vertex 22.8386 -10.1684 -70
      vertex 20.2254 -14.6946 -42.5
      vertex 20.2254 -14.6946 -70
    endloop
  endfacet
  facet normal -0.587798 0.809007 0
    outer loop
      vertex -14.4217 20.2545 -50
      vertex -16.7283 18.5786 -42.5
      vertex -14.4217 20.2545 -42.5
    endloop
  endfacet
  facet normal -0.587798 0.809007 0
    outer loop
      vertex -16.7283 18.5786 -70
      vertex -14.4217 20.2545 -50
      vertex -14.4217 20.2545 -70
    endloop
  endfacet
  facet normal -0.587798 0.809007 0
    outer loop
      vertex -14.4217 20.2545 -50
      vertex -16.7283 18.5786 -70
      vertex -16.7283 18.5786 -42.5
    endloop
  endfacet
  facet normal 0.951054 -0.309026 0
    outer loop
      vertex 22.8386 -10.1684 -42.5
      vertex 24.4537 -5.19779 -70
      vertex 24.4537 -5.19779 -42.5
    endloop
  endfacet
  facet normal 0.951054 -0.309026 0
    outer loop
      vertex 24.4537 -5.19779 -70
      vertex 22.8386 -10.1684 -42.5
      vertex 22.8386 -10.1684 -70
    endloop
  endfacet
  facet normal 0 1 -0
    outer loop
      vertex 2.61321 24.863 -70
      vertex -2.61321 24.863 -42.5
      vertex 2.61321 24.863 -42.5
    endloop
  endfacet
  facet normal 0 1 0
    outer loop
      vertex -2.61321 24.863 -42.5
      vertex 2.61321 24.863 -70
      vertex -2.61321 24.863 -70
    endloop
  endfacet
  facet normal -0.587798 -0.809007 0
    outer loop
      vertex -16.7283 -18.5786 -42.5
      vertex -14.4217 -20.2545 -50
      vertex -14.4217 -20.2545 -42.5
    endloop
  endfacet
  facet normal -0.587798 -0.809007 0
    outer loop
      vertex -16.7283 -18.5786 -70
      vertex -14.4217 -20.2545 -50
      vertex -16.7283 -18.5786 -42.5
    endloop
  endfacet
  facet normal -0.587798 -0.809007 -0
    outer loop
      vertex -14.4217 -20.2545 -50
      vertex -16.7283 -18.5786 -70
      vertex -14.4217 -20.2545 -70
    endloop
  endfacet
  facet normal -0 0 -1
    outer loop
      vertex 22.5 0 -70
      vertex 9.78148 -2.07912 -70
      vertex 10 0 -70
    endloop
  endfacet
  facet normal 0 0 -1
    outer loop
      vertex 10.7322 -19.8829 -70
      vertex 9.13545 -4.06737 -70
      vertex 9.78148 -2.07912 -70
    endloop
  endfacet
  facet normal 0 0 -1
    outer loop
      vertex 10.7322 -19.8829 -70
      vertex 8.09017 -5.87785 -70
      vertex 9.13545 -4.06737 -70
    endloop
  endfacet
  facet normal 0 0 -1
    outer loop
      vertex 7.72542 -23.7764 -70
      vertex 10 -21.6506 -70
      vertex 10.3893 -22.5904 -70
    endloop
  endfacet
  facet normal 0 0 -1
    outer loop
      vertex 2.61321 -24.863 -70
      vertex 10.7322 -19.8829 -70
      vertex 7.72542 -23.7764 -70
    endloop
  endfacet
  facet normal 0 0 -1
    outer loop
      vertex 10.7322 -19.8829 -70
      vertex 6.69131 -7.43145 -70
      vertex 8.09017 -5.87785 -70
    endloop
  endfacet
  facet normal 0 0 -1
    outer loop
      vertex 10.7322 -19.8829 -70
      vertex 5 -8.66025 -70
      vertex 6.69131 -7.43145 -70
    endloop
  endfacet
  facet normal 0 0 -1
    outer loop
      vertex 10.7322 -19.8829 -70
      vertex 3.09017 -9.51056 -70
      vertex 5 -8.66025 -70
    endloop
  endfacet
  facet normal 0 0 -1
    outer loop
      vertex 1.04528 -9.94522 -70
      vertex 10.7322 -19.8829 -70
      vertex 2.61321 -24.863 -70
    endloop
  endfacet
  facet normal 0 0 -1
    outer loop
      vertex 10.7322 -19.8829 -70
      vertex 1.04528 -9.94522 -70
      vertex 3.09017 -9.51056 -70
    endloop
  endfacet
  facet normal 0 0 -1
    outer loop
      vertex 2.61321 -24.863 -70
      vertex -1.04528 -9.94522 -70
      vertex 1.04528 -9.94522 -70
    endloop
  endfacet
  facet normal 0 0 -1
    outer loop
      vertex -2.61321 -24.863 -70
      vertex -1.04528 -9.94522 -70
      vertex 2.61321 -24.863 -70
    endloop
  endfacet
  facet normal 0 0 -1
    outer loop
      vertex -10.7322 -19.8829 -70
      vertex -1.04528 -9.94522 -70
      vertex -2.61321 -24.863 -70
    endloop
  endfacet
  facet normal -0 0 -1
    outer loop
      vertex -1.04528 -9.94522 -70
      vertex -10.7322 -19.8829 -70
      vertex -3.09017 -9.51056 -70
    endloop
  endfacet
  facet normal -0 0 -1
    outer loop
      vertex -3.09017 -9.51056 -70
      vertex -10.7322 -19.8829 -70
      vertex -5 -8.66025 -70
    endloop
  endfacet
  facet normal 0 0 -1
    outer loop
      vertex -10.7322 -19.8829 -70
      vertex -2.61321 -24.863 -70
      vertex -7.72542 -23.7764 -70
    endloop
  endfacet
  facet normal 0 0 -1
    outer loop
      vertex -12.5 -19.1506 -70
      vertex -5 -8.66025 -70
      vertex -10.7322 -19.8829 -70
    endloop
  endfacet
  facet normal -0 0 -1
    outer loop
      vertex -5 -8.66025 -70
      vertex -12.5 -19.1506 -70
      vertex -6.69131 -7.43145 -70
    endloop
  endfacet
  facet normal -0 0 -1
    outer loop
      vertex -6.69131 -7.43145 -70
      vertex -12.5 -19.1506 -70
      vertex -8.09017 -5.87785 -70
    endloop
  endfacet
  facet normal 0 0 -1
    outer loop
      vertex -10.7322 -19.8829 -70
      vertex -7.72542 -23.7764 -70
      vertex -10 -21.6506 -70
    endloop
  endfacet
  facet normal 0 -0 -1
    outer loop
      vertex -10 -21.6506 -70
      vertex -7.72542 -23.7764 -70
      vertex -10.3893 -22.5904 -70
    endloop
  endfacet
  facet normal 0 0 -1
    outer loop
      vertex 24.4537 -5.19779 -70
      vertex 23.2322 -1.76777 -70
      vertex 24.7482 -2.3957 -70
    endloop
  endfacet
  facet normal 0 0 -1
    outer loop
      vertex 22.8386 -10.1684 -70
      vertex 23.2322 -1.76777 -70
      vertex 24.4537 -5.19779 -70
    endloop
  endfacet
  facet normal 0 0 -1
    outer loop
      vertex 9.78148 -2.07912 -70
      vertex 23.2322 -1.76777 -70
      vertex 22.8386 -10.1684 -70
    endloop
  endfacet
  facet normal 0 0 -1
    outer loop
      vertex 9.78148 -2.07912 -70
      vertex 22.8386 -10.1684 -70
      vertex 20.2254 -14.6946 -70
    endloop
  endfacet
  facet normal 0 0 -1
    outer loop
      vertex 23.2322 1.76777 -70
      vertex 24.4537 5.19779 -70
      vertex 24.7482 2.3957 -70
    endloop
  endfacet
  facet normal 0 0 -1
    outer loop
      vertex 23.2322 1.76777 -70
      vertex 22.8386 10.1684 -70
      vertex 24.4537 5.19779 -70
    endloop
  endfacet
  facet normal 0 0 -1
    outer loop
      vertex 9.78148 2.07912 -70
      vertex 23.2322 1.76777 -70
      vertex 22.5 0 -70
    endloop
  endfacet
  facet normal 0 0 -1
    outer loop
      vertex 9.78148 -2.07912 -70
      vertex 22.5 0 -70
      vertex 23.2322 -1.76777 -70
    endloop
  endfacet
  facet normal 0 0 -1
    outer loop
      vertex 9.78148 2.07912 -70
      vertex 22.5 0 -70
      vertex 10 0 -70
    endloop
  endfacet
  facet normal 0 0 -1
    outer loop
      vertex 12.5 -19.1506 -70
      vertex 20.2254 -14.6946 -70
      vertex 16.7283 -18.5786 -70
    endloop
  endfacet
  facet normal 0 0 -1
    outer loop
      vertex 9.13545 4.06737 -70
      vertex 23.2322 1.76777 -70
      vertex 9.78148 2.07912 -70
    endloop
  endfacet
  facet normal 0 0 -1
    outer loop
      vertex 14.2678 -19.8829 -70
      vertex 16.7283 -18.5786 -70
      vertex 14.4217 -20.2545 -70
    endloop
  endfacet
  facet normal 0 0 -1
    outer loop
      vertex 12.5 -19.1506 -70
      vertex 16.7283 -18.5786 -70
      vertex 14.2678 -19.8829 -70
    endloop
  endfacet
  facet normal 0 0 -1
    outer loop
      vertex 23.2322 1.76777 -70
      vertex 9.13545 4.06737 -70
      vertex 22.8386 10.1684 -70
    endloop
  endfacet
  facet normal 0 0 -1
    outer loop
      vertex 16.7283 18.5786 -70
      vertex 14.2678 19.8829 -70
      vertex 14.4217 20.2545 -70
    endloop
  endfacet
  facet normal 0 0 -1
    outer loop
      vertex 9.78148 -2.07912 -70
      vertex 20.2254 -14.6946 -70
      vertex 12.5 -19.1506 -70
    endloop
  endfacet
  facet normal -0 0 -1
    outer loop
      vertex 22.8386 10.1684 -70
      vertex 9.13545 4.06737 -70
      vertex 20.2254 14.6946 -70
    endloop
  endfacet
  facet normal 0 0 -1
    outer loop
      vertex 9.78148 -2.07912 -70
      vertex 12.5 -19.1506 -70
      vertex 10.7322 -19.8829 -70
    endloop
  endfacet
  facet normal 0 0 -1
    outer loop
      vertex 8.09017 5.87785 -70
      vertex 20.2254 14.6946 -70
      vertex 9.13545 4.06737 -70
    endloop
  endfacet
  facet normal 0 0 -1
    outer loop
      vertex 7.72542 -23.7764 -70
      vertex 10.7322 -19.8829 -70
      vertex 10 -21.6506 -70
    endloop
  endfacet
  facet normal 0 -0 -1
    outer loop
      vertex 12.5 19.1506 -70
      vertex 20.2254 14.6946 -70
      vertex 8.09017 5.87785 -70
    endloop
  endfacet
  facet normal 0 0 -1
    outer loop
      vertex 20.2254 14.6946 -70
      vertex 12.5 19.1506 -70
      vertex 16.7283 18.5786 -70
    endloop
  endfacet
  facet normal 0 0 -1
    outer loop
      vertex 16.7283 18.5786 -70
      vertex 12.5 19.1506 -70
      vertex 14.2678 19.8829 -70
    endloop
  endfacet
  facet normal 0 0 -1
    outer loop
      vertex 6.69131 7.43145 -70
      vertex 12.5 19.1506 -70
      vertex 8.09017 5.87785 -70
    endloop
  endfacet
  facet normal 0 0 -1
    outer loop
      vertex 5 8.66025 -70
      vertex 12.5 19.1506 -70
      vertex 6.69131 7.43145 -70
    endloop
  endfacet
  facet normal 0 0 -1
    outer loop
      vertex 10 21.6506 -70
      vertex 7.72542 23.7764 -70
      vertex 10.3893 22.5904 -70
    endloop
  endfacet
  facet normal -0 0 -1
    outer loop
      vertex 12.5 19.1506 -70
      vertex 5 8.66025 -70
      vertex 10.7322 19.8829 -70
    endloop
  endfacet
  facet normal 0 0 -1
    outer loop
      vertex 3.09017 9.51056 -70
      vertex 10.7322 19.8829 -70
      vertex 5 8.66025 -70
    endloop
  endfacet
  facet normal 0 0 -1
    outer loop
      vertex 1.04528 9.94522 -70
      vertex 10.7322 19.8829 -70
      vertex 3.09017 9.51056 -70
    endloop
  endfacet
  facet normal 0 0 -1
    outer loop
      vertex 10.7322 19.8829 -70
      vertex 7.72542 23.7764 -70
      vertex 10 21.6506 -70
    endloop
  endfacet
  facet normal 0 0 -1
    outer loop
      vertex 10.7322 19.8829 -70
      vertex 2.61321 24.863 -70
      vertex 7.72542 23.7764 -70
    endloop
  endfacet
  facet normal -0 0 -1
    outer loop
      vertex 10.7322 19.8829 -70
      vertex 1.04528 9.94522 -70
      vertex 2.61321 24.863 -70
    endloop
  endfacet
  facet normal 0 0 -1
    outer loop
      vertex -1.04528 9.94522 -70
      vertex 2.61321 24.863 -70
      vertex 1.04528 9.94522 -70
    endloop
  endfacet
  facet normal 0 0 -1
    outer loop
      vertex -1.04528 9.94522 -70
      vertex -2.61321 24.863 -70
      vertex 2.61321 24.863 -70
    endloop
  endfacet
  facet normal 0 0 -1
    outer loop
      vertex -10.7322 19.8829 -70
      vertex -1.04528 9.94522 -70
      vertex -3.09017 9.51056 -70
    endloop
  endfacet
  facet normal 0 0 -1
    outer loop
      vertex -10.7322 19.8829 -70
      vertex -3.09017 9.51056 -70
      vertex -5 8.66025 -70
    endloop
  endfacet
  facet normal 0 0 -1
    outer loop
      vertex -12.5 19.1506 -70
      vertex -5 8.66025 -70
      vertex -6.69131 7.43145 -70
    endloop
  endfacet
  facet normal 0 0 -1
    outer loop
      vertex -1.04528 9.94522 -70
      vertex -10.7322 19.8829 -70
      vertex -2.61321 24.863 -70
    endloop
  endfacet
  facet normal 0 0 -1
    outer loop
      vertex -12.5 19.1506 -70
      vertex -6.69131 7.43145 -70
      vertex -8.09017 5.87785 -70
    endloop
  endfacet
  facet normal 0 0 -1
    outer loop
      vertex -20.2254 14.6946 -70
      vertex -8.09017 5.87785 -70
      vertex -9.13545 4.06737 -70
    endloop
  endfacet
  facet normal 0 0 -1
    outer loop
      vertex -23.2322 1.76777 -70
      vertex -9.13545 4.06737 -70
      vertex -9.78148 2.07912 -70
    endloop
  endfacet
  facet normal 0 0 -1
    outer loop
      vertex -22.5 0 -70
      vertex -9.78148 2.07912 -70
      vertex -10 0 -70
    endloop
  endfacet
  facet normal 0 0 -1
    outer loop
      vertex -2.61321 24.863 -70
      vertex -10.7322 19.8829 -70
      vertex -7.72542 23.7764 -70
    endloop
  endfacet
  facet normal 0 0 -1
    outer loop
      vertex -7.72542 23.7764 -70
      vertex -10 21.6506 -70
      vertex -10.3893 22.5904 -70
    endloop
  endfacet
  facet normal 0 0 -1
    outer loop
      vertex -9.13545 4.06737 -70
      vertex -22.8386 10.1684 -70
      vertex -20.2254 14.6946 -70
    endloop
  endfacet
  facet normal -0 0 -1
    outer loop
      vertex -9.13545 4.06737 -70
      vertex -23.2322 1.76777 -70
      vertex -22.8386 10.1684 -70
    endloop
  endfacet
  facet normal 0 0 -1
    outer loop
      vertex -23.2322 1.76777 -70
      vertex -24.4537 5.19779 -70
      vertex -22.8386 10.1684 -70
    endloop
  endfacet
  facet normal 0 -0 -1
    outer loop
      vertex -24.4537 5.19779 -70
      vertex -23.2322 1.76777 -70
      vertex -24.7482 2.3957 -70
    endloop
  endfacet
  facet normal 0 0 -1
    outer loop
      vertex -20.2254 -14.6946 -70
      vertex -8.09017 -5.87785 -70
      vertex -12.5 -19.1506 -70
    endloop
  endfacet
  facet normal -0 0 -1
    outer loop
      vertex -8.09017 -5.87785 -70
      vertex -20.2254 -14.6946 -70
      vertex -9.13545 -4.06737 -70
    endloop
  endfacet
  facet normal 0 0 -1
    outer loop
      vertex -22.8386 -10.1684 -70
      vertex -9.13545 -4.06737 -70
      vertex -20.2254 -14.6946 -70
    endloop
  endfacet
  facet normal 0 0 -1
    outer loop
      vertex -7.72542 23.7764 -70
      vertex -10.7322 19.8829 -70
      vertex -10 21.6506 -70
    endloop
  endfacet
  facet normal 0 0 -1
    outer loop
      vertex -23.2322 -1.76777 -70
      vertex -9.13545 -4.06737 -70
      vertex -22.8386 -10.1684 -70
    endloop
  endfacet
  facet normal 0 0 -1
    outer loop
      vertex -9.78148 2.07912 -70
      vertex -22.5 0 -70
      vertex -23.2322 1.76777 -70
    endloop
  endfacet
  facet normal 0 0 -1
    outer loop
      vertex -16.7283 -18.5786 -70
      vertex -12.5 -19.1506 -70
      vertex -14.2678 -19.8829 -70
    endloop
  endfacet
  facet normal 0 0 -1
    outer loop
      vertex -5 8.66025 -70
      vertex -12.5 19.1506 -70
      vertex -10.7322 19.8829 -70
    endloop
  endfacet
  facet normal 0 0 -1
    outer loop
      vertex -16.7283 -18.5786 -70
      vertex -14.2678 -19.8829 -70
      vertex -14.4217 -20.2545 -70
    endloop
  endfacet
  facet normal 0 0 -1
    outer loop
      vertex -8.09017 5.87785 -70
      vertex -20.2254 14.6946 -70
      vertex -12.5 19.1506 -70
    endloop
  endfacet
  facet normal 0 0 -1
    outer loop
      vertex -12.5 -19.1506 -70
      vertex -16.7283 -18.5786 -70
      vertex -20.2254 -14.6946 -70
    endloop
  endfacet
  facet normal 0 -0 -1
    outer loop
      vertex -16.7283 18.5786 -70
      vertex -12.5 19.1506 -70
      vertex -20.2254 14.6946 -70
    endloop
  endfacet
  facet normal 0 0 -1
    outer loop
      vertex -9.13545 -4.06737 -70
      vertex -23.2322 -1.76777 -70
      vertex -9.78148 -2.07912 -70
    endloop
  endfacet
  facet normal -0 0 -1
    outer loop
      vertex -14.2678 19.8829 -70
      vertex -16.7283 18.5786 -70
      vertex -14.4217 20.2545 -70
    endloop
  endfacet
  facet normal -0 0 -1
    outer loop
      vertex -12.5 19.1506 -70
      vertex -16.7283 18.5786 -70
      vertex -14.2678 19.8829 -70
    endloop
  endfacet
  facet normal 0 -0 -1
    outer loop
      vertex -22.5 0 -70
      vertex -9.78148 -2.07912 -70
      vertex -23.2322 -1.76777 -70
    endloop
  endfacet
  facet normal 0 0 -1
    outer loop
      vertex -9.78148 -2.07912 -70
      vertex -22.5 0 -70
      vertex -10 0 -70
    endloop
  endfacet
  facet normal 0 0 -1
    outer loop
      vertex -24.4537 -5.19779 -70
      vertex -23.2322 -1.76777 -70
      vertex -22.8386 -10.1684 -70
    endloop
  endfacet
  facet normal 0 0 -1
    outer loop
      vertex -23.2322 -1.76777 -70
      vertex -24.4537 -5.19779 -70
      vertex -24.7482 -2.3957 -70
    endloop
  endfacet
  facet normal -0.406726 0.91355 0
    outer loop
      vertex -7.72542 23.7764 -42.5
      vertex -10.3893 22.5904 -50
      vertex -10.3893 22.5904 -42.5
    endloop
  endfacet
  facet normal -0.406726 0.91355 0
    outer loop
      vertex -7.72542 23.7764 -70
      vertex -10.3893 22.5904 -50
      vertex -7.72542 23.7764 -42.5
    endloop
  endfacet
  facet normal -0.406726 0.91355 0
    outer loop
      vertex -10.3893 22.5904 -50
      vertex -7.72542 23.7764 -70
      vertex -10.3893 22.5904 -70
    endloop
  endfacet
  facet normal -0.994522 -0.104524 0
    outer loop
      vertex -24.4537 -5.19779 -70
      vertex -24.7482 -2.3957 -50
      vertex -24.7482 -2.3957 -70
    endloop
  endfacet
  facet normal -0.994522 -0.104524 -0
    outer loop
      vertex -24.4537 -5.19779 -42.5
      vertex -24.7482 -2.3957 -50
      vertex -24.4537 -5.19779 -70
    endloop
  endfacet
  facet normal -0.994522 -0.104524 0
    outer loop
      vertex -24.7482 -2.3957 -50
      vertex -24.4537 -5.19779 -42.5
      vertex -24.7482 -2.3957 -42.5
    endloop
  endfacet
  facet normal -0.743151 -0.669123 0
    outer loop
      vertex -16.7283 -18.5786 -70
      vertex -20.2254 -14.6946 -42.5
      vertex -20.2254 -14.6946 -70
    endloop
  endfacet
  facet normal -0.743151 -0.669123 0
    outer loop
      vertex -20.2254 -14.6946 -42.5
      vertex -16.7283 -18.5786 -70
      vertex -16.7283 -18.5786 -42.5
    endloop
  endfacet
  facet normal -0.866026 -0.5 0
    outer loop
      vertex -20.2254 -14.6946 -70
      vertex -22.8386 -10.1684 -42.5
      vertex -22.8386 -10.1684 -70
    endloop
  endfacet
  facet normal -0.866026 -0.5 0
    outer loop
      vertex -22.8386 -10.1684 -42.5
      vertex -20.2254 -14.6946 -70
      vertex -20.2254 -14.6946 -42.5
    endloop
  endfacet
  facet normal 0.207906 -0.978149 0
    outer loop
      vertex 2.61321 -24.863 -70
      vertex 7.72542 -23.7764 -42.5
      vertex 2.61321 -24.863 -42.5
    endloop
  endfacet
  facet normal 0.207906 -0.978149 0
    outer loop
      vertex 7.72542 -23.7764 -42.5
      vertex 2.61321 -24.863 -70
      vertex 7.72542 -23.7764 -70
    endloop
  endfacet
  facet normal -0.994522 0.104524 0
    outer loop
      vertex -24.7482 2.3957 -50
      vertex -24.4537 5.19779 -70
      vertex -24.7482 2.3957 -70
    endloop
  endfacet
  facet normal -0.994522 0.104524 0
    outer loop
      vertex -24.4537 5.19779 -70
      vertex -24.7482 2.3957 -50
      vertex -24.4537 5.19779 -42.5
    endloop
  endfacet
  facet normal -0.994522 0.104524 0
    outer loop
      vertex -24.4537 5.19779 -42.5
      vertex -24.7482 2.3957 -50
      vertex -24.7482 2.3957 -42.5
    endloop
  endfacet
  facet normal 0.207906 0.978149 -0
    outer loop
      vertex 7.72542 23.7764 -70
      vertex 2.61321 24.863 -42.5
      vertex 7.72542 23.7764 -42.5
    endloop
  endfacet
  facet normal 0.207906 0.978149 0
    outer loop
      vertex 2.61321 24.863 -42.5
      vertex 7.72542 23.7764 -70
      vertex 2.61321 24.863 -70
    endloop
  endfacet
  facet normal 0.587798 0.809007 0
    outer loop
      vertex 16.7283 18.5786 -42.5
      vertex 14.4217 20.2545 -50
      vertex 14.4217 20.2545 -42.5
    endloop
  endfacet
  facet normal 0.587798 0.809007 -0
    outer loop
      vertex 16.7283 18.5786 -70
      vertex 14.4217 20.2545 -50
      vertex 16.7283 18.5786 -42.5
    endloop
  endfacet
  facet normal 0.587798 0.809007 0
    outer loop
      vertex 14.4217 20.2545 -50
      vertex 16.7283 18.5786 -70
      vertex 14.4217 20.2545 -70
    endloop
  endfacet
  facet normal -0.207906 0.978149 0
    outer loop
      vertex -2.61321 24.863 -70
      vertex -7.72542 23.7764 -42.5
      vertex -2.61321 24.863 -42.5
    endloop
  endfacet
  facet normal -0.207906 0.978149 0
    outer loop
      vertex -7.72542 23.7764 -42.5
      vertex -2.61321 24.863 -70
      vertex -7.72542 23.7764 -70
    endloop
  endfacet
  facet normal 0.406726 -0.91355 0
    outer loop
      vertex 7.72542 -23.7764 -42.5
      vertex 10.3893 -22.5904 -50
      vertex 10.3893 -22.5904 -42.5
    endloop
  endfacet
  facet normal 0.406726 -0.91355 0
    outer loop
      vertex 7.72542 -23.7764 -70
      vertex 10.3893 -22.5904 -50
      vertex 7.72542 -23.7764 -42.5
    endloop
  endfacet
  facet normal 0.406726 -0.91355 0
    outer loop
      vertex 10.3893 -22.5904 -50
      vertex 7.72542 -23.7764 -70
      vertex 10.3893 -22.5904 -70
    endloop
  endfacet
  facet normal 0 -1 0
    outer loop
      vertex -2.61321 -24.863 -70
      vertex 2.61321 -24.863 -42.5
      vertex -2.61321 -24.863 -42.5
    endloop
  endfacet
  facet normal 0 -1 -0
    outer loop
      vertex 2.61321 -24.863 -42.5
      vertex -2.61321 -24.863 -70
      vertex 2.61321 -24.863 -70
    endloop
  endfacet
  facet normal -0.207906 -0.978149 0
    outer loop
      vertex -7.72542 -23.7764 -70
      vertex -2.61321 -24.863 -42.5
      vertex -7.72542 -23.7764 -42.5
    endloop
  endfacet
  facet normal -0.207906 -0.978149 -0
    outer loop
      vertex -2.61321 -24.863 -42.5
      vertex -7.72542 -23.7764 -70
      vertex -2.61321 -24.863 -70
    endloop
  endfacet
  facet normal -0.951054 0.309026 0
    outer loop
      vertex -24.4537 5.19779 -70
      vertex -22.8386 10.1684 -42.5
      vertex -22.8386 10.1684 -70
    endloop
  endfacet
  facet normal -0.951054 0.309026 0
    outer loop
      vertex -22.8386 10.1684 -42.5
      vertex -24.4537 5.19779 -70
      vertex -24.4537 5.19779 -42.5
    endloop
  endfacet
  facet normal 0 0 1
    outer loop
      vertex 24.7482 2.3957 50
      vertex 27.5 0 50
      vertex 26.7678 1.76777 50
    endloop
  endfacet
  facet normal -0 0 1
    outer loop
      vertex 24.7482 2.3957 50
      vertex 26.7678 1.76777 50
      vertex 25 2.5 50
    endloop
  endfacet
  facet normal 0 0 1
    outer loop
      vertex 24.7482 -2.3957 50
      vertex 27.5 0 50
      vertex 24.7482 2.3957 50
    endloop
  endfacet
  facet normal 0 0 1
    outer loop
      vertex 27.5 0 50
      vertex 24.7482 -2.3957 50
      vertex 26.7678 -1.76777 50
    endloop
  endfacet
  facet normal 0 0 1
    outer loop
      vertex 26.7678 -1.76777 50
      vertex 24.7482 -2.3957 50
      vertex 25 -2.5 50
    endloop
  endfacet
  facet normal 0 0 1
    outer loop
      vertex 22.5 0 50
      vertex 24.7482 2.3957 50
      vertex 23.2322 1.76777 50
    endloop
  endfacet
  facet normal 0 0 1
    outer loop
      vertex 24.7482 2.3957 50
      vertex 22.5 0 50
      vertex 24.7482 -2.3957 50
    endloop
  endfacet
  facet normal 0 0 1
    outer loop
      vertex 24.7482 -2.3957 50
      vertex 22.5 0 50
      vertex 23.2322 -1.76777 50
    endloop
  endfacet
  facet normal 0 0 -1
    outer loop
      vertex 26.7678 -1.76777 30
      vertex 26.7678 1.76777 30
      vertex 27.5 0 30
    endloop
  endfacet
  facet normal 0 0 -1
    outer loop
      vertex 25 -2.5 30
      vertex 26.7678 1.76777 30
      vertex 26.7678 -1.76777 30
    endloop
  endfacet
  facet normal 0 0 -1
    outer loop
      vertex 25 -2.5 30
      vertex 25 2.5 30
      vertex 26.7678 1.76777 30
    endloop
  endfacet
  facet normal 0 0 -1
    outer loop
      vertex 23.2322 -1.76777 30
      vertex 25 2.5 30
      vertex 25 -2.5 30
    endloop
  endfacet
  facet normal 0 0 -1
    outer loop
      vertex 23.2322 -1.76777 30
      vertex 23.2322 1.76777 30
      vertex 25 2.5 30
    endloop
  endfacet
  facet normal 0 -0 -1
    outer loop
      vertex 23.2322 1.76777 30
      vertex 23.2322 -1.76777 30
      vertex 22.5 0 30
    endloop
  endfacet
  facet normal 0 0 1
    outer loop
      vertex 26.7678 1.76777 -30
      vertex 26.7678 -1.76777 -30
      vertex 27.5 0 -30
    endloop
  endfacet
  facet normal 0 0 1
    outer loop
      vertex 25 2.5 -30
      vertex 26.7678 -1.76777 -30
      vertex 26.7678 1.76777 -30
    endloop
  endfacet
  facet normal 0 0 1
    outer loop
      vertex 25 2.5 -30
      vertex 25 -2.5 -30
      vertex 26.7678 -1.76777 -30
    endloop
  endfacet
  facet normal -0 0 1
    outer loop
      vertex 23.2322 1.76777 -30
      vertex 25 -2.5 -30
      vertex 25 2.5 -30
    endloop
  endfacet
  facet normal 0 0 1
    outer loop
      vertex 23.2322 1.76777 -30
      vertex 23.2322 -1.76777 -30
      vertex 25 -2.5 -30
    endloop
  endfacet
  facet normal 0 -0 1
    outer loop
      vertex 23.2322 -1.76777 -30
      vertex 23.2322 1.76777 -30
      vertex 22.5 0 -30
    endloop
  endfacet
  facet normal 0 0 -1
    outer loop
      vertex 24.7482 -2.3957 -50
      vertex 27.5 0 -50
      vertex 26.7678 -1.76777 -50
    endloop
  endfacet
  facet normal 0 0 -1
    outer loop
      vertex 24.7482 -2.3957 -50
      vertex 26.7678 -1.76777 -50
      vertex 25 -2.5 -50
    endloop
  endfacet
  facet normal 0 0 -1
    outer loop
      vertex 24.7482 2.3957 -50
      vertex 27.5 0 -50
      vertex 24.7482 -2.3957 -50
    endloop
  endfacet
  facet normal 0 0 -1
    outer loop
      vertex 27.5 0 -50
      vertex 24.7482 2.3957 -50
      vertex 26.7678 1.76777 -50
    endloop
  endfacet
  facet normal 0 0 -1
    outer loop
      vertex 26.7678 1.76777 -50
      vertex 24.7482 2.3957 -50
      vertex 25 2.5 -50
    endloop
  endfacet
  facet normal 0 0 -1
    outer loop
      vertex 22.5 0 -50
      vertex 24.7482 -2.3957 -50
      vertex 23.2322 -1.76777 -50
    endloop
  endfacet
  facet normal 0 0 -1
    outer loop
      vertex 24.7482 -2.3957 -50
      vertex 22.5 0 -50
      vertex 24.7482 2.3957 -50
    endloop
  endfacet
  facet normal 0 0 -1
    outer loop
      vertex 24.7482 2.3957 -50
      vertex 22.5 0 -50
      vertex 23.2322 1.76777 -50
    endloop
  endfacet
  facet normal 0 0 1
    outer loop
      vertex 14.2678 23.4184 50
      vertex 14.4217 20.2545 50
      vertex 15 21.6506 50
    endloop
  endfacet
  facet normal -0 0 1
    outer loop
      vertex 10.3893 22.5904 50
      vertex 14.4217 20.2545 50
      vertex 14.2678 23.4184 50
    endloop
  endfacet
  facet normal 0 0 1
    outer loop
      vertex 10.3893 22.5904 50
      vertex 14.2678 23.4184 50
      vertex 12.5 24.1506 50
    endloop
  endfacet
  facet normal 0 -0 1
    outer loop
      vertex 12.5 19.1506 50
      vertex 14.4217 20.2545 50
      vertex 10.3893 22.5904 50
    endloop
  endfacet
  facet normal 0 0 1
    outer loop
      vertex 10.3893 22.5904 50
      vertex 12.5 24.1506 50
      vertex 10.7322 23.4184 50
    endloop
  endfacet
  facet normal 0 0 1
    outer loop
      vertex 14.4217 20.2545 50
      vertex 12.5 19.1506 50
      vertex 14.2678 19.8829 50
    endloop
  endfacet
  facet normal 0 0 1
    outer loop
      vertex 12.5 19.1506 50
      vertex 10.3893 22.5904 50
      vertex 10.7322 19.8829 50
    endloop
  endfacet
  facet normal 0 0 1
    outer loop
      vertex 10.7322 19.8829 50
      vertex 10.3893 22.5904 50
      vertex 10 21.6506 50
    endloop
  endfacet
  facet normal 0 0 -1
    outer loop
      vertex 14.2678 19.8829 30
      vertex 14.2678 23.4184 30
      vertex 15 21.6506 30
    endloop
  endfacet
  facet normal 0 0 -1
    outer loop
      vertex 12.5 19.1506 30
      vertex 14.2678 23.4184 30
      vertex 14.2678 19.8829 30
    endloop
  endfacet
  facet normal 0 0 -1
    outer loop
      vertex 12.5 19.1506 30
      vertex 12.5 24.1506 30
      vertex 14.2678 23.4184 30
    endloop
  endfacet
  facet normal 0 0 -1
    outer loop
      vertex 10.7322 19.8829 30
      vertex 12.5 24.1506 30
      vertex 12.5 19.1506 30
    endloop
  endfacet
  facet normal 0 0 -1
    outer loop
      vertex 10.7322 19.8829 30
      vertex 10.7322 23.4184 30
      vertex 12.5 24.1506 30
    endloop
  endfacet
  facet normal 0 -0 -1
    outer loop
      vertex 10.7322 23.4184 30
      vertex 10.7322 19.8829 30
      vertex 10 21.6506 30
    endloop
  endfacet
  facet normal 0 0 1
    outer loop
      vertex 14.2678 23.4184 -30
      vertex 14.2678 19.8829 -30
      vertex 15 21.6506 -30
    endloop
  endfacet
  facet normal 0 0 1
    outer loop
      vertex 12.5 24.1506 -30
      vertex 14.2678 19.8829 -30
      vertex 14.2678 23.4184 -30
    endloop
  endfacet
  facet normal 0 0 1
    outer loop
      vertex 12.5 24.1506 -30
      vertex 12.5 19.1506 -30
      vertex 14.2678 19.8829 -30
    endloop
  endfacet
  facet normal -0 0 1
    outer loop
      vertex 10.7322 23.4184 -30
      vertex 12.5 19.1506 -30
      vertex 12.5 24.1506 -30
    endloop
  endfacet
  facet normal 0 0 1
    outer loop
      vertex 10.7322 23.4184 -30
      vertex 10.7322 19.8829 -30
      vertex 12.5 19.1506 -30
    endloop
  endfacet
  facet normal 0 -0 1
    outer loop
      vertex 10.7322 19.8829 -30
      vertex 10.7322 23.4184 -30
      vertex 10 21.6506 -30
    endloop
  endfacet
  facet normal 0 0 -1
    outer loop
      vertex 14.4217 20.2545 -50
      vertex 14.2678 23.4184 -50
      vertex 15 21.6506 -50
    endloop
  endfacet
  facet normal 0 0 -1
    outer loop
      vertex 12.5 19.1506 -50
      vertex 14.4217 20.2545 -50
      vertex 14.2678 19.8829 -50
    endloop
  endfacet
  facet normal -0 0 -1
    outer loop
      vertex 14.4217 20.2545 -50
      vertex 12.5 19.1506 -50
      vertex 10.3893 22.5904 -50
    endloop
  endfacet
  facet normal 0 0 -1
    outer loop
      vertex 14.4217 20.2545 -50
      vertex 10.3893 22.5904 -50
      vertex 14.2678 23.4184 -50
    endloop
  endfacet
  facet normal 0 0 -1
    outer loop
      vertex 10.3893 22.5904 -50
      vertex 12.5 19.1506 -50
      vertex 10.7322 19.8829 -50
    endloop
  endfacet
  facet normal -0 0 -1
    outer loop
      vertex 14.2678 23.4184 -50
      vertex 10.3893 22.5904 -50
      vertex 12.5 24.1506 -50
    endloop
  endfacet
  facet normal 0 0 -1
    outer loop
      vertex 12.5 24.1506 -50
      vertex 10.3893 22.5904 -50
      vertex 10.7322 23.4184 -50
    endloop
  endfacet
  facet normal 0 -0 -1
    outer loop
      vertex 10.3893 22.5904 -50
      vertex 10.7322 19.8829 -50
      vertex 10 21.6506 -50
    endloop
  endfacet
  facet normal 0 0 1
    outer loop
      vertex -10.3893 22.5904 50
      vertex -10.7322 19.8829 50
      vertex -10 21.6506 50
    endloop
  endfacet
  facet normal 0 0 1
    outer loop
      vertex -12.5 24.1506 50
      vertex -10.3893 22.5904 50
      vertex -10.7322 23.4184 50
    endloop
  endfacet
  facet normal -0 0 1
    outer loop
      vertex -14.2678 23.4184 50
      vertex -10.3893 22.5904 50
      vertex -12.5 24.1506 50
    endloop
  endfacet
  facet normal 0 0 1
    outer loop
      vertex -10.3893 22.5904 50
      vertex -14.4217 20.2545 50
      vertex -10.7322 19.8829 50
    endloop
  endfacet
  facet normal 0 0 1
    outer loop
      vertex -10.3893 22.5904 50
      vertex -14.2678 23.4184 50
      vertex -14.4217 20.2545 50
    endloop
  endfacet
  facet normal 0 0 1
    outer loop
      vertex -10.7322 19.8829 50
      vertex -14.4217 20.2545 50
      vertex -12.5 19.1506 50
    endloop
  endfacet
  facet normal 0 0 1
    outer loop
      vertex -12.5 19.1506 50
      vertex -14.4217 20.2545 50
      vertex -14.2678 19.8829 50
    endloop
  endfacet
  facet normal 0 -0 1
    outer loop
      vertex -14.4217 20.2545 50
      vertex -14.2678 23.4184 50
      vertex -15 21.6506 50
    endloop
  endfacet
  facet normal 0 0 -1
    outer loop
      vertex -10.7322 19.8829 30
      vertex -10.7322 23.4184 30
      vertex -10 21.6506 30
    endloop
  endfacet
  facet normal 0 0 -1
    outer loop
      vertex -12.5 19.1506 30
      vertex -10.7322 23.4184 30
      vertex -10.7322 19.8829 30
    endloop
  endfacet
  facet normal 0 0 -1
    outer loop
      vertex -12.5 19.1506 30
      vertex -12.5 24.1506 30
      vertex -10.7322 23.4184 30
    endloop
  endfacet
  facet normal 0 0 -1
    outer loop
      vertex -14.2678 19.8829 30
      vertex -12.5 24.1506 30
      vertex -12.5 19.1506 30
    endloop
  endfacet
  facet normal 0 0 -1
    outer loop
      vertex -14.2678 19.8829 30
      vertex -14.2678 23.4184 30
      vertex -12.5 24.1506 30
    endloop
  endfacet
  facet normal 0 -0 -1
    outer loop
      vertex -14.2678 23.4184 30
      vertex -14.2678 19.8829 30
      vertex -15 21.6506 30
    endloop
  endfacet
  facet normal 0 0 1
    outer loop
      vertex -10.7322 23.4184 -30
      vertex -10.7322 19.8829 -30
      vertex -10 21.6506 -30
    endloop
  endfacet
  facet normal 0 0 1
    outer loop
      vertex -12.5 24.1506 -30
      vertex -10.7322 19.8829 -30
      vertex -10.7322 23.4184 -30
    endloop
  endfacet
  facet normal 0 0 1
    outer loop
      vertex -12.5 24.1506 -30
      vertex -12.5 19.1506 -30
      vertex -10.7322 19.8829 -30
    endloop
  endfacet
  facet normal -0 0 1
    outer loop
      vertex -14.2678 23.4184 -30
      vertex -12.5 19.1506 -30
      vertex -12.5 24.1506 -30
    endloop
  endfacet
  facet normal 0 0 1
    outer loop
      vertex -14.2678 23.4184 -30
      vertex -14.2678 19.8829 -30
      vertex -12.5 19.1506 -30
    endloop
  endfacet
  facet normal 0 -0 1
    outer loop
      vertex -14.2678 19.8829 -30
      vertex -14.2678 23.4184 -30
      vertex -15 21.6506 -30
    endloop
  endfacet
  facet normal 0 0 -1
    outer loop
      vertex -10.7322 19.8829 -50
      vertex -10.3893 22.5904 -50
      vertex -10 21.6506 -50
    endloop
  endfacet
  facet normal 0 0 -1
    outer loop
      vertex -14.4217 20.2545 -50
      vertex -10.3893 22.5904 -50
      vertex -10.7322 19.8829 -50
    endloop
  endfacet
  facet normal 0 0 -1
    outer loop
      vertex -14.4217 20.2545 -50
      vertex -10.7322 19.8829 -50
      vertex -12.5 19.1506 -50
    endloop
  endfacet
  facet normal 0 -0 -1
    outer loop
      vertex -14.2678 23.4184 -50
      vertex -10.3893 22.5904 -50
      vertex -14.4217 20.2545 -50
    endloop
  endfacet
  facet normal 0 0 -1
    outer loop
      vertex -14.4217 20.2545 -50
      vertex -12.5 19.1506 -50
      vertex -14.2678 19.8829 -50
    endloop
  endfacet
  facet normal 0 0 -1
    outer loop
      vertex -10.3893 22.5904 -50
      vertex -12.5 24.1506 -50
      vertex -10.7322 23.4184 -50
    endloop
  endfacet
  facet normal 0 0 -1
    outer loop
      vertex -10.3893 22.5904 -50
      vertex -14.2678 23.4184 -50
      vertex -12.5 24.1506 -50
    endloop
  endfacet
  facet normal 0 0 -1
    outer loop
      vertex -14.2678 23.4184 -50
      vertex -14.4217 20.2545 -50
      vertex -15 21.6506 -50
    endloop
  endfacet
  facet normal 0 0 1
    outer loop
      vertex -24.7482 2.3957 50
      vertex -22.5 0 50
      vertex -23.2322 1.76777 50
    endloop
  endfacet
  facet normal 0 0 1
    outer loop
      vertex -24.7482 -2.3957 50
      vertex -22.5 0 50
      vertex -24.7482 2.3957 50
    endloop
  endfacet
  facet normal 0 0 1
    outer loop
      vertex -22.5 0 50
      vertex -24.7482 -2.3957 50
      vertex -23.2322 -1.76777 50
    endloop
  endfacet
  facet normal 0 0 1
    outer loop
      vertex -26.7678 1.76777 50
      vertex -24.7482 2.3957 50
      vertex -25 2.5 50
    endloop
  endfacet
  facet normal 0 0 1
    outer loop
      vertex -27.5 0 50
      vertex -24.7482 2.3957 50
      vertex -26.7678 1.76777 50
    endloop
  endfacet
  facet normal 0 0 1
    outer loop
      vertex -24.7482 2.3957 50
      vertex -27.5 0 50
      vertex -24.7482 -2.3957 50
    endloop
  endfacet
  facet normal 0 0 1
    outer loop
      vertex -24.7482 -2.3957 50
      vertex -26.7678 -1.76777 50
      vertex -25 -2.5 50
    endloop
  endfacet
  facet normal 0 0 1
    outer loop
      vertex -24.7482 -2.3957 50
      vertex -27.5 0 50
      vertex -26.7678 -1.76777 50
    endloop
  endfacet
  facet normal 0 0 -1
    outer loop
      vertex -23.2322 -1.76777 30
      vertex -23.2322 1.76777 30
      vertex -22.5 0 30
    endloop
  endfacet
  facet normal 0 0 -1
    outer loop
      vertex -25 -2.5 30
      vertex -23.2322 1.76777 30
      vertex -23.2322 -1.76777 30
    endloop
  endfacet
  facet normal 0 0 -1
    outer loop
      vertex -25 -2.5 30
      vertex -25 2.5 30
      vertex -23.2322 1.76777 30
    endloop
  endfacet
  facet normal 0 0 -1
    outer loop
      vertex -26.7678 -1.76777 30
      vertex -25 2.5 30
      vertex -25 -2.5 30
    endloop
  endfacet
  facet normal 0 0 -1
    outer loop
      vertex -26.7678 -1.76777 30
      vertex -26.7678 1.76777 30
      vertex -25 2.5 30
    endloop
  endfacet
  facet normal 0 -0 -1
    outer loop
      vertex -26.7678 1.76777 30
      vertex -26.7678 -1.76777 30
      vertex -27.5 0 30
    endloop
  endfacet
  facet normal 0 0 1
    outer loop
      vertex -23.2322 1.76777 -30
      vertex -23.2322 -1.76777 -30
      vertex -22.5 0 -30
    endloop
  endfacet
  facet normal 0 0 1
    outer loop
      vertex -25 2.5 -30
      vertex -23.2322 -1.76777 -30
      vertex -23.2322 1.76777 -30
    endloop
  endfacet
  facet normal 0 0 1
    outer loop
      vertex -25 2.5 -30
      vertex -25 -2.5 -30
      vertex -23.2322 -1.76777 -30
    endloop
  endfacet
  facet normal -0 0 1
    outer loop
      vertex -26.7678 1.76777 -30
      vertex -25 -2.5 -30
      vertex -25 2.5 -30
    endloop
  endfacet
  facet normal 0 0 1
    outer loop
      vertex -26.7678 1.76777 -30
      vertex -26.7678 -1.76777 -30
      vertex -25 -2.5 -30
    endloop
  endfacet
  facet normal 0 -0 1
    outer loop
      vertex -26.7678 -1.76777 -30
      vertex -26.7678 1.76777 -30
      vertex -27.5 0 -30
    endloop
  endfacet
  facet normal 0 0 -1
    outer loop
      vertex -24.7482 -2.3957 -50
      vertex -22.5 0 -50
      vertex -23.2322 -1.76777 -50
    endloop
  endfacet
  facet normal 0 0 -1
    outer loop
      vertex -24.7482 2.3957 -50
      vertex -22.5 0 -50
      vertex -24.7482 -2.3957 -50
    endloop
  endfacet
  facet normal 0 0 -1
    outer loop
      vertex -22.5 0 -50
      vertex -24.7482 2.3957 -50
      vertex -23.2322 1.76777 -50
    endloop
  endfacet
  facet normal 0 0 -1
    outer loop
      vertex -26.7678 -1.76777 -50
      vertex -24.7482 -2.3957 -50
      vertex -25 -2.5 -50
    endloop
  endfacet
  facet normal 0 0 -1
    outer loop
      vertex -27.5 0 -50
      vertex -24.7482 -2.3957 -50
      vertex -26.7678 -1.76777 -50
    endloop
  endfacet
  facet normal 0 0 -1
    outer loop
      vertex -24.7482 -2.3957 -50
      vertex -27.5 0 -50
      vertex -24.7482 2.3957 -50
    endloop
  endfacet
  facet normal -0 0 -1
    outer loop
      vertex -24.7482 2.3957 -50
      vertex -26.7678 1.76777 -50
      vertex -25 2.5 -50
    endloop
  endfacet
  facet normal 0 0 -1
    outer loop
      vertex -24.7482 2.3957 -50
      vertex -27.5 0 -50
      vertex -26.7678 1.76777 -50
    endloop
  endfacet
  facet normal 0 0 1
    outer loop
      vertex -10.7322 -19.8829 50
      vertex -10.3893 -22.5904 50
      vertex -10 -21.6506 50
    endloop
  endfacet
  facet normal -0 0 1
    outer loop
      vertex -14.4217 -20.2545 50
      vertex -10.3893 -22.5904 50
      vertex -10.7322 -19.8829 50
    endloop
  endfacet
  facet normal 0 0 1
    outer loop
      vertex -14.4217 -20.2545 50
      vertex -10.7322 -19.8829 50
      vertex -12.5 -19.1506 50
    endloop
  endfacet
  facet normal 0 -0 1
    outer loop
      vertex -14.2678 -23.4184 50
      vertex -10.3893 -22.5904 50
      vertex -14.4217 -20.2545 50
    endloop
  endfacet
  facet normal 0 0 1
    outer loop
      vertex -14.4217 -20.2545 50
      vertex -12.5 -19.1506 50
      vertex -14.2678 -19.8829 50
    endloop
  endfacet
  facet normal 0 0 1
    outer loop
      vertex -10.3893 -22.5904 50
      vertex -12.5 -24.1506 50
      vertex -10.7322 -23.4184 50
    endloop
  endfacet
  facet normal 0 0 1
    outer loop
      vertex -10.3893 -22.5904 50
      vertex -14.2678 -23.4184 50
      vertex -12.5 -24.1506 50
    endloop
  endfacet
  facet normal 0 0 1
    outer loop
      vertex -14.2678 -23.4184 50
      vertex -14.4217 -20.2545 50
      vertex -15 -21.6506 50
    endloop
  endfacet
  facet normal 0 0 -1
    outer loop
      vertex -10.7322 -23.4184 30
      vertex -10.7322 -19.8829 30
      vertex -10 -21.6506 30
    endloop
  endfacet
  facet normal 0 0 -1
    outer loop
      vertex -12.5 -24.1506 30
      vertex -10.7322 -19.8829 30
      vertex -10.7322 -23.4184 30
    endloop
  endfacet
  facet normal 0 0 -1
    outer loop
      vertex -12.5 -24.1506 30
      vertex -12.5 -19.1506 30
      vertex -10.7322 -19.8829 30
    endloop
  endfacet
  facet normal 0 0 -1
    outer loop
      vertex -14.2678 -23.4184 30
      vertex -12.5 -19.1506 30
      vertex -12.5 -24.1506 30
    endloop
  endfacet
  facet normal 0 0 -1
    outer loop
      vertex -14.2678 -23.4184 30
      vertex -14.2678 -19.8829 30
      vertex -12.5 -19.1506 30
    endloop
  endfacet
  facet normal 0 -0 -1
    outer loop
      vertex -14.2678 -19.8829 30
      vertex -14.2678 -23.4184 30
      vertex -15 -21.6506 30
    endloop
  endfacet
  facet normal 0 0 1
    outer loop
      vertex -10.7322 -19.8829 -30
      vertex -10.7322 -23.4184 -30
      vertex -10 -21.6506 -30
    endloop
  endfacet
  facet normal 0 0 1
    outer loop
      vertex -12.5 -19.1506 -30
      vertex -10.7322 -23.4184 -30
      vertex -10.7322 -19.8829 -30
    endloop
  endfacet
  facet normal 0 0 1
    outer loop
      vertex -12.5 -19.1506 -30
      vertex -12.5 -24.1506 -30
      vertex -10.7322 -23.4184 -30
    endloop
  endfacet
  facet normal -0 0 1
    outer loop
      vertex -14.2678 -19.8829 -30
      vertex -12.5 -24.1506 -30
      vertex -12.5 -19.1506 -30
    endloop
  endfacet
  facet normal 0 0 1
    outer loop
      vertex -14.2678 -19.8829 -30
      vertex -14.2678 -23.4184 -30
      vertex -12.5 -24.1506 -30
    endloop
  endfacet
  facet normal 0 -0 1
    outer loop
      vertex -14.2678 -23.4184 -30
      vertex -14.2678 -19.8829 -30
      vertex -15 -21.6506 -30
    endloop
  endfacet
  facet normal 0 0 -1
    outer loop
      vertex -10.3893 -22.5904 -50
      vertex -10.7322 -19.8829 -50
      vertex -10 -21.6506 -50
    endloop
  endfacet
  facet normal 0 0 -1
    outer loop
      vertex -12.5 -24.1506 -50
      vertex -10.3893 -22.5904 -50
      vertex -10.7322 -23.4184 -50
    endloop
  endfacet
  facet normal 0 0 -1
    outer loop
      vertex -14.2678 -23.4184 -50
      vertex -10.3893 -22.5904 -50
      vertex -12.5 -24.1506 -50
    endloop
  endfacet
  facet normal 0 0 -1
    outer loop
      vertex -10.3893 -22.5904 -50
      vertex -14.4217 -20.2545 -50
      vertex -10.7322 -19.8829 -50
    endloop
  endfacet
  facet normal -0 0 -1
    outer loop
      vertex -10.3893 -22.5904 -50
      vertex -14.2678 -23.4184 -50
      vertex -14.4217 -20.2545 -50
    endloop
  endfacet
  facet normal -0 0 -1
    outer loop
      vertex -10.7322 -19.8829 -50
      vertex -14.4217 -20.2545 -50
      vertex -12.5 -19.1506 -50
    endloop
  endfacet
  facet normal 0 0 -1
    outer loop
      vertex -12.5 -19.1506 -50
      vertex -14.4217 -20.2545 -50
      vertex -14.2678 -19.8829 -50
    endloop
  endfacet
  facet normal 0 -0 -1
    outer loop
      vertex -14.4217 -20.2545 -50
      vertex -14.2678 -23.4184 -50
      vertex -15 -21.6506 -50
    endloop
  endfacet
  facet normal 0 0 1
    outer loop
      vertex 14.4217 -20.2545 50
      vertex 14.2678 -23.4184 50
      vertex 15 -21.6506 50
    endloop
  endfacet
  facet normal 0 0 1
    outer loop
      vertex 12.5 -19.1506 50
      vertex 14.4217 -20.2545 50
      vertex 14.2678 -19.8829 50
    endloop
  endfacet
  facet normal 0 0 1
    outer loop
      vertex 14.4217 -20.2545 50
      vertex 12.5 -19.1506 50
      vertex 10.3893 -22.5904 50
    endloop
  endfacet
  facet normal 0 0 1
    outer loop
      vertex 14.4217 -20.2545 50
      vertex 10.3893 -22.5904 50
      vertex 14.2678 -23.4184 50
    endloop
  endfacet
  facet normal 0 0 1
    outer loop
      vertex 10.3893 -22.5904 50
      vertex 12.5 -19.1506 50
      vertex 10.7322 -19.8829 50
    endloop
  endfacet
  facet normal 0 0 1
    outer loop
      vertex 14.2678 -23.4184 50
      vertex 10.3893 -22.5904 50
      vertex 12.5 -24.1506 50
    endloop
  endfacet
  facet normal 0 0 1
    outer loop
      vertex 12.5 -24.1506 50
      vertex 10.3893 -22.5904 50
      vertex 10.7322 -23.4184 50
    endloop
  endfacet
  facet normal 0 -0 1
    outer loop
      vertex 10.3893 -22.5904 50
      vertex 10.7322 -19.8829 50
      vertex 10 -21.6506 50
    endloop
  endfacet
  facet normal 0 0 -1
    outer loop
      vertex 14.2678 -23.4184 30
      vertex 14.2678 -19.8829 30
      vertex 15 -21.6506 30
    endloop
  endfacet
  facet normal 0 0 -1
    outer loop
      vertex 12.5 -24.1506 30
      vertex 14.2678 -19.8829 30
      vertex 14.2678 -23.4184 30
    endloop
  endfacet
  facet normal 0 0 -1
    outer loop
      vertex 12.5 -24.1506 30
      vertex 12.5 -19.1506 30
      vertex 14.2678 -19.8829 30
    endloop
  endfacet
  facet normal 0 0 -1
    outer loop
      vertex 10.7322 -23.4184 30
      vertex 12.5 -19.1506 30
      vertex 12.5 -24.1506 30
    endloop
  endfacet
  facet normal 0 0 -1
    outer loop
      vertex 10.7322 -23.4184 30
      vertex 10.7322 -19.8829 30
      vertex 12.5 -19.1506 30
    endloop
  endfacet
  facet normal 0 -0 -1
    outer loop
      vertex 10.7322 -19.8829 30
      vertex 10.7322 -23.4184 30
      vertex 10 -21.6506 30
    endloop
  endfacet
  facet normal 0 0 1
    outer loop
      vertex 14.2678 -19.8829 -30
      vertex 14.2678 -23.4184 -30
      vertex 15 -21.6506 -30
    endloop
  endfacet
  facet normal 0 0 1
    outer loop
      vertex 12.5 -19.1506 -30
      vertex 14.2678 -23.4184 -30
      vertex 14.2678 -19.8829 -30
    endloop
  endfacet
  facet normal 0 0 1
    outer loop
      vertex 12.5 -19.1506 -30
      vertex 12.5 -24.1506 -30
      vertex 14.2678 -23.4184 -30
    endloop
  endfacet
  facet normal -0 0 1
    outer loop
      vertex 10.7322 -19.8829 -30
      vertex 12.5 -24.1506 -30
      vertex 12.5 -19.1506 -30
    endloop
  endfacet
  facet normal 0 0 1
    outer loop
      vertex 10.7322 -19.8829 -30
      vertex 10.7322 -23.4184 -30
      vertex 12.5 -24.1506 -30
    endloop
  endfacet
  facet normal 0 -0 1
    outer loop
      vertex 10.7322 -23.4184 -30
      vertex 10.7322 -19.8829 -30
      vertex 10 -21.6506 -30
    endloop
  endfacet
  facet normal 0 0 -1
    outer loop
      vertex 14.2678 -23.4184 -50
      vertex 14.4217 -20.2545 -50
      vertex 15 -21.6506 -50
    endloop
  endfacet
  facet normal 0 0 -1
    outer loop
      vertex 10.3893 -22.5904 -50
      vertex 14.4217 -20.2545 -50
      vertex 14.2678 -23.4184 -50
    endloop
  endfacet
  facet normal 0 0 -1
    outer loop
      vertex 10.3893 -22.5904 -50
      vertex 14.2678 -23.4184 -50
      vertex 12.5 -24.1506 -50
    endloop
  endfacet
  facet normal 0 -0 -1
    outer loop
      vertex 12.5 -19.1506 -50
      vertex 14.4217 -20.2545 -50
      vertex 10.3893 -22.5904 -50
    endloop
  endfacet
  facet normal 0 0 -1
    outer loop
      vertex 10.3893 -22.5904 -50
      vertex 12.5 -24.1506 -50
      vertex 10.7322 -23.4184 -50
    endloop
  endfacet
  facet normal 0 0 -1
    outer loop
      vertex 14.4217 -20.2545 -50
      vertex 12.5 -19.1506 -50
      vertex 14.2678 -19.8829 -50
    endloop
  endfacet
  facet normal 0 0 -1
    outer loop
      vertex 12.5 -19.1506 -50
      vertex 10.3893 -22.5904 -50
      vertex 10.7322 -19.8829 -50
    endloop
  endfacet
  facet normal 0 0 -1
    outer loop
      vertex 10.7322 -19.8829 -50
      vertex 10.3893 -22.5904 -50
      vertex 10 -21.6506 -50
    endloop
  endfacet
  facet normal 0 0 -1
    outer loop
      vertex 9.78148 -2.07912 -40
      vertex 9.78148 2.07912 -40
      vertex 10 0 -40
    endloop
  endfacet
  facet normal 0 0 -1
    outer loop
      vertex 9.13545 -4.06737 -40
      vertex 9.78148 2.07912 -40
      vertex 9.78148 -2.07912 -40
    endloop
  endfacet
  facet normal 0 0 -1
    outer loop
      vertex 9.13545 -4.06737 -40
      vertex 9.13545 4.06737 -40
      vertex 9.78148 2.07912 -40
    endloop
  endfacet
  facet normal 0 0 -1
    outer loop
      vertex 8.09017 -5.87785 -40
      vertex 9.13545 4.06737 -40
      vertex 9.13545 -4.06737 -40
    endloop
  endfacet
  facet normal 0 0 -1
    outer loop
      vertex 8.09017 -5.87785 -40
      vertex 8.09017 5.87785 -40
      vertex 9.13545 4.06737 -40
    endloop
  endfacet
  facet normal 0 0 -1
    outer loop
      vertex 6.69131 -7.43145 -40
      vertex 8.09017 5.87785 -40
      vertex 8.09017 -5.87785 -40
    endloop
  endfacet
  facet normal 0 0 -1
    outer loop
      vertex 6.69131 -7.43145 -40
      vertex 6.69131 7.43145 -40
      vertex 8.09017 5.87785 -40
    endloop
  endfacet
  facet normal 0 0 -1
    outer loop
      vertex 5 -8.66025 -40
      vertex 6.69131 7.43145 -40
      vertex 6.69131 -7.43145 -40
    endloop
  endfacet
  facet normal 0 0 -1
    outer loop
      vertex 5 -8.66025 -40
      vertex 5 8.66025 -40
      vertex 6.69131 7.43145 -40
    endloop
  endfacet
  facet normal 0 0 -1
    outer loop
      vertex 3.09017 -9.51056 -40
      vertex 5 8.66025 -40
      vertex 5 -8.66025 -40
    endloop
  endfacet
  facet normal 0 0 -1
    outer loop
      vertex 3.09017 -9.51056 -40
      vertex 3.09017 9.51056 -40
      vertex 5 8.66025 -40
    endloop
  endfacet
  facet normal 0 0 -1
    outer loop
      vertex 1.04528 -9.94522 -40
      vertex 3.09017 9.51056 -40
      vertex 3.09017 -9.51056 -40
    endloop
  endfacet
  facet normal 0 0 -1
    outer loop
      vertex 1.04528 -9.94522 -40
      vertex 1.04528 9.94522 -40
      vertex 3.09017 9.51056 -40
    endloop
  endfacet
  facet normal 0 0 -1
    outer loop
      vertex -1.04528 -9.94522 -40
      vertex 1.04528 9.94522 -40
      vertex 1.04528 -9.94522 -40
    endloop
  endfacet
  facet normal 0 0 -1
    outer loop
      vertex -1.04528 -9.94522 -40
      vertex -1.04528 9.94522 -40
      vertex 1.04528 9.94522 -40
    endloop
  endfacet
  facet normal 0 0 -1
    outer loop
      vertex -3.09017 -9.51056 -40
      vertex -1.04528 9.94522 -40
      vertex -1.04528 -9.94522 -40
    endloop
  endfacet
  facet normal 0 0 -1
    outer loop
      vertex -3.09017 -9.51056 -40
      vertex -3.09017 9.51056 -40
      vertex -1.04528 9.94522 -40
    endloop
  endfacet
  facet normal 0 0 -1
    outer loop
      vertex -5 -8.66025 -40
      vertex -3.09017 9.51056 -40
      vertex -3.09017 -9.51056 -40
    endloop
  endfacet
  facet normal 0 0 -1
    outer loop
      vertex -5 -8.66025 -40
      vertex -5 8.66025 -40
      vertex -3.09017 9.51056 -40
    endloop
  endfacet
  facet normal 0 0 -1
    outer loop
      vertex -6.69131 -7.43145 -40
      vertex -5 8.66025 -40
      vertex -5 -8.66025 -40
    endloop
  endfacet
  facet normal 0 0 -1
    outer loop
      vertex -6.69131 -7.43145 -40
      vertex -6.69131 7.43145 -40
      vertex -5 8.66025 -40
    endloop
  endfacet
  facet normal 0 0 -1
    outer loop
      vertex -8.09017 -5.87785 -40
      vertex -6.69131 7.43145 -40
      vertex -6.69131 -7.43145 -40
    endloop
  endfacet
  facet normal 0 0 -1
    outer loop
      vertex -8.09017 -5.87785 -40
      vertex -8.09017 5.87785 -40
      vertex -6.69131 7.43145 -40
    endloop
  endfacet
  facet normal 0 0 -1
    outer loop
      vertex -9.13545 -4.06737 -40
      vertex -8.09017 5.87785 -40
      vertex -8.09017 -5.87785 -40
    endloop
  endfacet
  facet normal 0 0 -1
    outer loop
      vertex -9.13545 -4.06737 -40
      vertex -9.13545 4.06737 -40
      vertex -8.09017 5.87785 -40
    endloop
  endfacet
  facet normal 0 0 -1
    outer loop
      vertex -9.78148 -2.07912 -40
      vertex -9.13545 4.06737 -40
      vertex -9.13545 -4.06737 -40
    endloop
  endfacet
  facet normal 0 0 -1
    outer loop
      vertex -9.78148 -2.07912 -40
      vertex -9.78148 2.07912 -40
      vertex -9.13545 4.06737 -40
    endloop
  endfacet
  facet normal 0 -0 -1
    outer loop
      vertex -9.78148 2.07912 -40
      vertex -9.78148 -2.07912 -40
      vertex -10 0 -40
    endloop
  endfacet
  facet normal 0 0 1
    outer loop
      vertex 9.78148 2.07912 40
      vertex 9.78148 -2.07912 40
      vertex 10 0 40
    endloop
  endfacet
  facet normal 0 0 1
    outer loop
      vertex 9.13545 4.06737 40
      vertex 9.78148 -2.07912 40
      vertex 9.78148 2.07912 40
    endloop
  endfacet
  facet normal 0 0 1
    outer loop
      vertex 9.13545 4.06737 40
      vertex 9.13545 -4.06737 40
      vertex 9.78148 -2.07912 40
    endloop
  endfacet
  facet normal 0 0 1
    outer loop
      vertex 8.09017 5.87785 40
      vertex 9.13545 -4.06737 40
      vertex 9.13545 4.06737 40
    endloop
  endfacet
  facet normal 0 0 1
    outer loop
      vertex 8.09017 5.87785 40
      vertex 8.09017 -5.87785 40
      vertex 9.13545 -4.06737 40
    endloop
  endfacet
  facet normal 0 0 1
    outer loop
      vertex 6.69131 7.43145 40
      vertex 8.09017 -5.87785 40
      vertex 8.09017 5.87785 40
    endloop
  endfacet
  facet normal 0 0 1
    outer loop
      vertex 6.69131 7.43145 40
      vertex 6.69131 -7.43145 40
      vertex 8.09017 -5.87785 40
    endloop
  endfacet
  facet normal 0 0 1
    outer loop
      vertex 5 8.66025 40
      vertex 6.69131 -7.43145 40
      vertex 6.69131 7.43145 40
    endloop
  endfacet
  facet normal 0 0 1
    outer loop
      vertex 5 8.66025 40
      vertex 5 -8.66025 40
      vertex 6.69131 -7.43145 40
    endloop
  endfacet
  facet normal 0 0 1
    outer loop
      vertex 3.09017 9.51056 40
      vertex 5 -8.66025 40
      vertex 5 8.66025 40
    endloop
  endfacet
  facet normal 0 0 1
    outer loop
      vertex 3.09017 9.51056 40
      vertex 3.09017 -9.51056 40
      vertex 5 -8.66025 40
    endloop
  endfacet
  facet normal 0 0 1
    outer loop
      vertex 1.04528 9.94522 40
      vertex 3.09017 -9.51056 40
      vertex 3.09017 9.51056 40
    endloop
  endfacet
  facet normal 0 0 1
    outer loop
      vertex 1.04528 9.94522 40
      vertex 1.04528 -9.94522 40
      vertex 3.09017 -9.51056 40
    endloop
  endfacet
  facet normal -0 0 1
    outer loop
      vertex -1.04528 9.94522 40
      vertex 1.04528 -9.94522 40
      vertex 1.04528 9.94522 40
    endloop
  endfacet
  facet normal 0 0 1
    outer loop
      vertex -1.04528 9.94522 40
      vertex -1.04528 -9.94522 40
      vertex 1.04528 -9.94522 40
    endloop
  endfacet
  facet normal -0 0 1
    outer loop
      vertex -3.09017 9.51056 40
      vertex -1.04528 -9.94522 40
      vertex -1.04528 9.94522 40
    endloop
  endfacet
  facet normal 0 0 1
    outer loop
      vertex -3.09017 9.51056 40
      vertex -3.09017 -9.51056 40
      vertex -1.04528 -9.94522 40
    endloop
  endfacet
  facet normal -0 0 1
    outer loop
      vertex -5 8.66025 40
      vertex -3.09017 -9.51056 40
      vertex -3.09017 9.51056 40
    endloop
  endfacet
  facet normal 0 0 1
    outer loop
      vertex -5 8.66025 40
      vertex -5 -8.66025 40
      vertex -3.09017 -9.51056 40
    endloop
  endfacet
  facet normal -0 0 1
    outer loop
      vertex -6.69131 7.43145 40
      vertex -5 -8.66025 40
      vertex -5 8.66025 40
    endloop
  endfacet
  facet normal 0 0 1
    outer loop
      vertex -6.69131 7.43145 40
      vertex -6.69131 -7.43145 40
      vertex -5 -8.66025 40
    endloop
  endfacet
  facet normal -0 0 1
    outer loop
      vertex -8.09017 5.87785 40
      vertex -6.69131 -7.43145 40
      vertex -6.69131 7.43145 40
    endloop
  endfacet
  facet normal 0 0 1
    outer loop
      vertex -8.09017 5.87785 40
      vertex -8.09017 -5.87785 40
      vertex -6.69131 -7.43145 40
    endloop
  endfacet
  facet normal -0 0 1
    outer loop
      vertex -9.13545 4.06737 40
      vertex -8.09017 -5.87785 40
      vertex -8.09017 5.87785 40
    endloop
  endfacet
  facet normal 0 0 1
    outer loop
      vertex -9.13545 4.06737 40
      vertex -9.13545 -4.06737 40
      vertex -8.09017 -5.87785 40
    endloop
  endfacet
  facet normal -0 0 1
    outer loop
      vertex -9.78148 2.07912 40
      vertex -9.13545 -4.06737 40
      vertex -9.13545 4.06737 40
    endloop
  endfacet
  facet normal 0 0 1
    outer loop
      vertex -9.78148 2.07912 40
      vertex -9.78148 -2.07912 40
      vertex -9.13545 -4.06737 40
    endloop
  endfacet
  facet normal 0 -0 1
    outer loop
      vertex -9.78148 -2.07912 40
      vertex -9.78148 2.07912 40
      vertex -10 0 40
    endloop
  endfacet
endsolid OpenSCAD_Model
