solid OpenSCAD_Model
  facet normal -0.743149 -0.669126 0
    outer loop
      vertex -13.3826 -14.8629 11.5
      vertex -16.1803 -11.7557 30
      vertex -16.1803 -11.7557 11.5
    endloop
  endfacet
  facet normal -0.743149 -0.669126 0
    outer loop
      vertex -16.1803 -11.7557 30
      vertex -13.3826 -14.8629 11.5
      vertex -13.3826 -14.8629 30
    endloop
  endfacet
  facet normal 0.951053 0.309029 0
    outer loop
      vertex 19.563 4.15823 30
      vertex 18.2709 8.13473 11.5
      vertex 18.2709 8.13473 30
    endloop
  endfacet
  facet normal 0.951053 0.309029 0
    outer loop
      vertex 18.2709 8.13473 11.5
      vertex 19.563 4.15823 30
      vertex 19.563 4.15823 11.5
    endloop
  endfacet
  facet normal 0.994523 0.104517 0
    outer loop
      vertex 20 0 30
      vertex 19.563 4.15823 11.5
      vertex 19.563 4.15823 30
    endloop
  endfacet
  facet normal 0.994523 0.104517 0
    outer loop
      vertex 19.563 4.15823 11.5
      vertex 20 0 30
      vertex 20 0 11.5
    endloop
  endfacet
  facet normal 0.866022 0.500006 0
    outer loop
      vertex 18.2709 8.13473 30
      vertex 16.1803 11.7557 11.5
      vertex 16.1803 11.7557 30
    endloop
  endfacet
  facet normal 0.866022 0.500006 0
    outer loop
      vertex 16.1803 11.7557 11.5
      vertex 18.2709 8.13473 30
      vertex 18.2709 8.13473 11.5
    endloop
  endfacet
  facet normal 0.951053 -0.309029 0
    outer loop
      vertex 18.2709 -8.13473 30
      vertex 19.563 -4.15823 11.5
      vertex 19.563 -4.15823 30
    endloop
  endfacet
  facet normal 0.951053 -0.309029 0
    outer loop
      vertex 19.563 -4.15823 11.5
      vertex 18.2709 -8.13473 30
      vertex 18.2709 -8.13473 11.5
    endloop
  endfacet
  facet normal 0.587785 -0.809017 0
    outer loop
      vertex 10 -17.3205 11.5
      vertex 13.3826 -14.8629 30
      vertex 10 -17.3205 30
    endloop
  endfacet
  facet normal 0.587785 -0.809017 0
    outer loop
      vertex 13.3826 -14.8629 30
      vertex 10 -17.3205 11.5
      vertex 13.3826 -14.8629 11.5
    endloop
  endfacet
  facet normal 0.743149 -0.669126 0
    outer loop
      vertex 13.3826 -14.8629 30
      vertex 16.1803 -11.7557 11.5
      vertex 16.1803 -11.7557 30
    endloop
  endfacet
  facet normal 0.743149 -0.669126 0
    outer loop
      vertex 16.1803 -11.7557 11.5
      vertex 13.3826 -14.8629 30
      vertex 13.3826 -14.8629 11.5
    endloop
  endfacet
  facet normal 0.994523 -0.104517 0
    outer loop
      vertex 19.563 -4.15823 30
      vertex 20 0 11.5
      vertex 20 0 30
    endloop
  endfacet
  facet normal 0.994523 -0.104517 0
    outer loop
      vertex 20 0 11.5
      vertex 19.563 -4.15823 30
      vertex 19.563 -4.15823 11.5
    endloop
  endfacet
  facet normal -0.406732 -0.913547 0
    outer loop
      vertex -10 -17.3205 11.5
      vertex -6.18034 -19.0211 30
      vertex -10 -17.3205 30
    endloop
  endfacet
  facet normal -0.406732 -0.913547 -0
    outer loop
      vertex -6.18034 -19.0211 30
      vertex -10 -17.3205 11.5
      vertex -6.18034 -19.0211 11.5
    endloop
  endfacet
  facet normal 0.406732 0.913547 -0
    outer loop
      vertex 10 17.3205 11.5
      vertex 6.18034 19.0211 30
      vertex 10 17.3205 30
    endloop
  endfacet
  facet normal 0.406732 0.913547 0
    outer loop
      vertex 6.18034 19.0211 30
      vertex 10 17.3205 11.5
      vertex 6.18034 19.0211 11.5
    endloop
  endfacet
  facet normal 0.743149 0.669126 0
    outer loop
      vertex 16.1803 11.7557 30
      vertex 13.3826 14.8629 11.5
      vertex 13.3826 14.8629 30
    endloop
  endfacet
  facet normal 0.743149 0.669126 0
    outer loop
      vertex 13.3826 14.8629 11.5
      vertex 16.1803 11.7557 30
      vertex 16.1803 11.7557 11.5
    endloop
  endfacet
  facet normal -0.587785 -0.809017 0
    outer loop
      vertex -13.3826 -14.8629 11.5
      vertex -10 -17.3205 30
      vertex -13.3826 -14.8629 30
    endloop
  endfacet
  facet normal -0.587785 -0.809017 -0
    outer loop
      vertex -10 -17.3205 30
      vertex -13.3826 -14.8629 11.5
      vertex -10 -17.3205 11.5
    endloop
  endfacet
  facet normal -0.743149 0.669126 0
    outer loop
      vertex -16.1803 11.7557 11.5
      vertex -13.3826 14.8629 30
      vertex -13.3826 14.8629 11.5
    endloop
  endfacet
  facet normal -0.743149 0.669126 0
    outer loop
      vertex -13.3826 14.8629 30
      vertex -16.1803 11.7557 11.5
      vertex -16.1803 11.7557 30
    endloop
  endfacet
  facet normal 0 1 -0
    outer loop
      vertex 2.09057 19.8904 11.5
      vertex -2.09057 19.8904 30
      vertex 2.09057 19.8904 30
    endloop
  endfacet
  facet normal 0 1 0
    outer loop
      vertex -2.09057 19.8904 30
      vertex 2.09057 19.8904 11.5
      vertex -2.09057 19.8904 11.5
    endloop
  endfacet
  facet normal 0.406732 -0.913547 0
    outer loop
      vertex 6.18034 -19.0211 11.5
      vertex 10 -17.3205 30
      vertex 6.18034 -19.0211 30
    endloop
  endfacet
  facet normal 0.406732 -0.913547 0
    outer loop
      vertex 10 -17.3205 30
      vertex 6.18034 -19.0211 11.5
      vertex 10 -17.3205 11.5
    endloop
  endfacet
  facet normal 0.20791 -0.978148 0
    outer loop
      vertex 2.09057 -19.8904 11.5
      vertex 6.18034 -19.0211 30
      vertex 2.09057 -19.8904 30
    endloop
  endfacet
  facet normal 0.20791 -0.978148 0
    outer loop
      vertex 6.18034 -19.0211 30
      vertex 2.09057 -19.8904 11.5
      vertex 6.18034 -19.0211 11.5
    endloop
  endfacet
  facet normal -0.951053 0.309029 0
    outer loop
      vertex -19.563 4.15823 11.5
      vertex -18.2709 8.13473 30
      vertex -18.2709 8.13473 11.5
    endloop
  endfacet
  facet normal -0.951053 0.309029 0
    outer loop
      vertex -18.2709 8.13473 30
      vertex -19.563 4.15823 11.5
      vertex -19.563 4.15823 30
    endloop
  endfacet
  facet normal -0.951053 -0.309029 0
    outer loop
      vertex -18.2709 -8.13473 11.5
      vertex -19.563 -4.15823 30
      vertex -19.563 -4.15823 11.5
    endloop
  endfacet
  facet normal -0.951053 -0.309029 0
    outer loop
      vertex -19.563 -4.15823 30
      vertex -18.2709 -8.13473 11.5
      vertex -18.2709 -8.13473 30
    endloop
  endfacet
  facet normal -0.406732 0.913547 0
    outer loop
      vertex -6.18034 19.0211 11.5
      vertex -10 17.3205 30
      vertex -6.18034 19.0211 30
    endloop
  endfacet
  facet normal -0.406732 0.913547 0
    outer loop
      vertex -10 17.3205 30
      vertex -6.18034 19.0211 11.5
      vertex -10 17.3205 11.5
    endloop
  endfacet
  facet normal -0 0 1
    outer loop
      vertex -13.3826 14.8629 30
      vertex -10 2 30
      vertex -10 17.3205 30
    endloop
  endfacet
  facet normal -0 0 1
    outer loop
      vertex -16.1803 11.7557 30
      vertex -10 2 30
      vertex -13.3826 14.8629 30
    endloop
  endfacet
  facet normal -0 0 1
    outer loop
      vertex -18.2709 8.13473 30
      vertex -10 2 30
      vertex -16.1803 11.7557 30
    endloop
  endfacet
  facet normal -0 0 1
    outer loop
      vertex -19.563 4.15823 30
      vertex -10 2 30
      vertex -18.2709 8.13473 30
    endloop
  endfacet
  facet normal 0 0 1
    outer loop
      vertex -10 2 30
      vertex -19.563 4.15823 30
      vertex -19.7898 2 30
    endloop
  endfacet
  facet normal -0 0 1
    outer loop
      vertex -10 2 30
      vertex 20 0 30
      vertex 19.563 4.15823 30
    endloop
  endfacet
  facet normal 0 0 1
    outer loop
      vertex -10 2 30
      vertex 19.563 4.15823 30
      vertex 18.2709 8.13473 30
    endloop
  endfacet
  facet normal 0 0 1
    outer loop
      vertex -10 -2 30
      vertex 20 0 30
      vertex -10 2 30
    endloop
  endfacet
  facet normal 0 0 1
    outer loop
      vertex -10 2 30
      vertex 18.2709 8.13473 30
      vertex 16.1803 11.7557 30
    endloop
  endfacet
  facet normal 0 0 1
    outer loop
      vertex 20 0 30
      vertex -10 -2 30
      vertex 19.563 -4.15823 30
    endloop
  endfacet
  facet normal 0 0 1
    outer loop
      vertex -10 2 30
      vertex 16.1803 11.7557 30
      vertex 13.3826 14.8629 30
    endloop
  endfacet
  facet normal 0 0 1
    outer loop
      vertex 19.563 -4.15823 30
      vertex -10 -2 30
      vertex 18.2709 -8.13473 30
    endloop
  endfacet
  facet normal 0 0 1
    outer loop
      vertex -10 2 30
      vertex 13.3826 14.8629 30
      vertex 10 17.3205 30
    endloop
  endfacet
  facet normal 0 0 1
    outer loop
      vertex 18.2709 -8.13473 30
      vertex -10 -2 30
      vertex 16.1803 -11.7557 30
    endloop
  endfacet
  facet normal 0 0 1
    outer loop
      vertex -10 2 30
      vertex 10 17.3205 30
      vertex 6.18034 19.0211 30
    endloop
  endfacet
  facet normal 0 0 1
    outer loop
      vertex 16.1803 -11.7557 30
      vertex -10 -2 30
      vertex 13.3826 -14.8629 30
    endloop
  endfacet
  facet normal 0 0 1
    outer loop
      vertex -10 2 30
      vertex 6.18034 19.0211 30
      vertex 2.09057 19.8904 30
    endloop
  endfacet
  facet normal 0 0 1
    outer loop
      vertex 13.3826 -14.8629 30
      vertex -10 -2 30
      vertex 10 -17.3205 30
    endloop
  endfacet
  facet normal 0 0 1
    outer loop
      vertex -10 2 30
      vertex 2.09057 19.8904 30
      vertex -2.09057 19.8904 30
    endloop
  endfacet
  facet normal 0 0 1
    outer loop
      vertex 10 -17.3205 30
      vertex -10 -2 30
      vertex 6.18034 -19.0211 30
    endloop
  endfacet
  facet normal 0 0 1
    outer loop
      vertex -10 2 30
      vertex -2.09057 19.8904 30
      vertex -6.18034 19.0211 30
    endloop
  endfacet
  facet normal 0 0 1
    outer loop
      vertex 6.18034 -19.0211 30
      vertex -10 -2 30
      vertex 2.09057 -19.8904 30
    endloop
  endfacet
  facet normal 0 0 1
    outer loop
      vertex -10 2 30
      vertex -6.18034 19.0211 30
      vertex -10 17.3205 30
    endloop
  endfacet
  facet normal 0 0 1
    outer loop
      vertex 2.09057 -19.8904 30
      vertex -10 -2 30
      vertex -2.09057 -19.8904 30
    endloop
  endfacet
  facet normal 0 0 1
    outer loop
      vertex -2.09057 -19.8904 30
      vertex -10 -2 30
      vertex -6.18034 -19.0211 30
    endloop
  endfacet
  facet normal 0 0 1
    outer loop
      vertex -10 -2 30
      vertex -10 -17.3205 30
      vertex -6.18034 -19.0211 30
    endloop
  endfacet
  facet normal 0 0 1
    outer loop
      vertex -10 -2 30
      vertex -13.3826 -14.8629 30
      vertex -10 -17.3205 30
    endloop
  endfacet
  facet normal 0 0 1
    outer loop
      vertex -10 -2 30
      vertex -16.1803 -11.7557 30
      vertex -13.3826 -14.8629 30
    endloop
  endfacet
  facet normal 0 0 1
    outer loop
      vertex -10 -2 30
      vertex -18.2709 -8.13473 30
      vertex -16.1803 -11.7557 30
    endloop
  endfacet
  facet normal 0 0 1
    outer loop
      vertex -10 -2 30
      vertex -19.563 -4.15823 30
      vertex -18.2709 -8.13473 30
    endloop
  endfacet
  facet normal 0 -0 1
    outer loop
      vertex -19.563 -4.15823 30
      vertex -10 -2 30
      vertex -19.7898 -2 30
    endloop
  endfacet
  facet normal -0.20791 -0.978148 0
    outer loop
      vertex -6.18034 -19.0211 11.5
      vertex -2.09057 -19.8904 30
      vertex -6.18034 -19.0211 30
    endloop
  endfacet
  facet normal -0.20791 -0.978148 -0
    outer loop
      vertex -2.09057 -19.8904 30
      vertex -6.18034 -19.0211 11.5
      vertex -2.09057 -19.8904 11.5
    endloop
  endfacet
  facet normal 0.20791 0.978148 -0
    outer loop
      vertex 6.18034 19.0211 11.5
      vertex 2.09057 19.8904 30
      vertex 6.18034 19.0211 30
    endloop
  endfacet
  facet normal 0.20791 0.978148 0
    outer loop
      vertex 2.09057 19.8904 30
      vertex 6.18034 19.0211 11.5
      vertex 2.09057 19.8904 11.5
    endloop
  endfacet
  facet normal -0.994524 -0.104511 0
    outer loop
      vertex -19.563 -4.15823 11.5
      vertex -19.7898 -2 30
      vertex -19.7898 -2 11.5
    endloop
  endfacet
  facet normal -0.994524 -0.104511 0
    outer loop
      vertex -19.7898 -2 30
      vertex -19.563 -4.15823 11.5
      vertex -19.563 -4.15823 30
    endloop
  endfacet
  facet normal -0.866022 -0.500006 0
    outer loop
      vertex -16.1803 -11.7557 11.5
      vertex -18.2709 -8.13473 30
      vertex -18.2709 -8.13473 11.5
    endloop
  endfacet
  facet normal -0.866022 -0.500006 0
    outer loop
      vertex -18.2709 -8.13473 30
      vertex -16.1803 -11.7557 11.5
      vertex -16.1803 -11.7557 30
    endloop
  endfacet
  facet normal -0.866022 0.500006 0
    outer loop
      vertex -18.2709 8.13473 11.5
      vertex -16.1803 11.7557 30
      vertex -16.1803 11.7557 11.5
    endloop
  endfacet
  facet normal -0.866022 0.500006 0
    outer loop
      vertex -16.1803 11.7557 30
      vertex -18.2709 8.13473 11.5
      vertex -18.2709 8.13473 30
    endloop
  endfacet
  facet normal 0.866022 -0.500006 0
    outer loop
      vertex 16.1803 -11.7557 30
      vertex 18.2709 -8.13473 11.5
      vertex 18.2709 -8.13473 30
    endloop
  endfacet
  facet normal 0.866022 -0.500006 0
    outer loop
      vertex 18.2709 -8.13473 11.5
      vertex 16.1803 -11.7557 30
      vertex 16.1803 -11.7557 11.5
    endloop
  endfacet
  facet normal 0.587785 0.809017 -0
    outer loop
      vertex 13.3826 14.8629 11.5
      vertex 10 17.3205 30
      vertex 13.3826 14.8629 30
    endloop
  endfacet
  facet normal 0.587785 0.809017 0
    outer loop
      vertex 10 17.3205 30
      vertex 13.3826 14.8629 11.5
      vertex 10 17.3205 11.5
    endloop
  endfacet
  facet normal -0.587785 0.809017 0
    outer loop
      vertex -10 17.3205 11.5
      vertex -13.3826 14.8629 30
      vertex -10 17.3205 30
    endloop
  endfacet
  facet normal -0.587785 0.809017 0
    outer loop
      vertex -13.3826 14.8629 30
      vertex -10 17.3205 11.5
      vertex -13.3826 14.8629 11.5
    endloop
  endfacet
  facet normal -0.20791 0.978148 0
    outer loop
      vertex -2.09057 19.8904 11.5
      vertex -6.18034 19.0211 30
      vertex -2.09057 19.8904 30
    endloop
  endfacet
  facet normal -0.20791 0.978148 0
    outer loop
      vertex -6.18034 19.0211 30
      vertex -2.09057 19.8904 11.5
      vertex -6.18034 19.0211 11.5
    endloop
  endfacet
  facet normal 0 -1 0
    outer loop
      vertex -2.09057 -19.8904 11.5
      vertex 2.09057 -19.8904 30
      vertex -2.09057 -19.8904 30
    endloop
  endfacet
  facet normal 0 -1 -0
    outer loop
      vertex 2.09057 -19.8904 30
      vertex -2.09057 -19.8904 11.5
      vertex 2.09057 -19.8904 11.5
    endloop
  endfacet
  facet normal -0.994524 0.104511 0
    outer loop
      vertex -19.7898 2 11.5
      vertex -19.563 4.15823 30
      vertex -19.563 4.15823 11.5
    endloop
  endfacet
  facet normal -0.994524 0.104511 0
    outer loop
      vertex -19.563 4.15823 30
      vertex -19.7898 2 11.5
      vertex -19.7898 2 30
    endloop
  endfacet
  facet normal -0.92388 -0.382682 0
    outer loop
      vertex 7.24444 1.94114 11.5
      vertex 6.49519 3.75 20
      vertex 6.49519 3.75 11.5
    endloop
  endfacet
  facet normal -0.92388 -0.382682 0
    outer loop
      vertex 6.49519 3.75 20
      vertex 7.24444 1.94114 11.5
      vertex 7.24444 1.94114 20
    endloop
  endfacet
  facet normal -0.991445 -0.130528 0
    outer loop
      vertex 7.5 0 11.5
      vertex 7.24444 1.94114 20
      vertex 7.24444 1.94114 11.5
    endloop
  endfacet
  facet normal -0.991445 -0.130528 0
    outer loop
      vertex 7.24444 1.94114 20
      vertex 7.5 0 11.5
      vertex 7.5 0 20
    endloop
  endfacet
  facet normal -0.793353 -0.608762 0
    outer loop
      vertex 6.49519 3.75 11.5
      vertex 5.3033 5.3033 20
      vertex 5.3033 5.3033 11.5
    endloop
  endfacet
  facet normal -0.793353 -0.608762 0
    outer loop
      vertex 5.3033 5.3033 20
      vertex 6.49519 3.75 11.5
      vertex 6.49519 3.75 20
    endloop
  endfacet
  facet normal 0.793353 -0.608762 0
    outer loop
      vertex -6.49519 3.75 20
      vertex -5.3033 5.3033 11.5
      vertex -5.3033 5.3033 20
    endloop
  endfacet
  facet normal 0.793353 -0.608762 0
    outer loop
      vertex -5.3033 5.3033 11.5
      vertex -6.49519 3.75 20
      vertex -6.49519 3.75 11.5
    endloop
  endfacet
  facet normal 0.608762 -0.793353 0
    outer loop
      vertex -5.3033 5.3033 11.5
      vertex -3.75 6.49519 20
      vertex -5.3033 5.3033 20
    endloop
  endfacet
  facet normal 0.608762 -0.793353 0
    outer loop
      vertex -3.75 6.49519 20
      vertex -5.3033 5.3033 11.5
      vertex -3.75 6.49519 11.5
    endloop
  endfacet
  facet normal -0.382682 0.92388 0
    outer loop
      vertex 3.75 -6.49519 11.5
      vertex 1.94114 -7.24444 20
      vertex 3.75 -6.49519 20
    endloop
  endfacet
  facet normal -0.382682 0.92388 0
    outer loop
      vertex 1.94114 -7.24444 20
      vertex 3.75 -6.49519 11.5
      vertex 1.94114 -7.24444 11.5
    endloop
  endfacet
  facet normal 0.92388 -0.382682 0
    outer loop
      vertex -7.24444 1.94114 20
      vertex -6.49519 3.75 11.5
      vertex -6.49519 3.75 20
    endloop
  endfacet
  facet normal 0.92388 -0.382682 0
    outer loop
      vertex -6.49519 3.75 11.5
      vertex -7.24444 1.94114 20
      vertex -7.24444 1.94114 11.5
    endloop
  endfacet
  facet normal -0.608762 -0.793353 0
    outer loop
      vertex 3.75 6.49519 11.5
      vertex 5.3033 5.3033 20
      vertex 3.75 6.49519 20
    endloop
  endfacet
  facet normal -0.608762 -0.793353 -0
    outer loop
      vertex 5.3033 5.3033 20
      vertex 3.75 6.49519 11.5
      vertex 5.3033 5.3033 11.5
    endloop
  endfacet
  facet normal -0.130528 -0.991445 0
    outer loop
      vertex 0 7.5 11.5
      vertex 1.94114 7.24444 20
      vertex 0 7.5 20
    endloop
  endfacet
  facet normal -0.130528 -0.991445 -0
    outer loop
      vertex 1.94114 7.24444 20
      vertex 0 7.5 11.5
      vertex 1.94114 7.24444 11.5
    endloop
  endfacet
  facet normal -0.130528 0.991445 0
    outer loop
      vertex 1.94114 -7.24444 11.5
      vertex 0 -7.5 20
      vertex 1.94114 -7.24444 20
    endloop
  endfacet
  facet normal -0.130528 0.991445 0
    outer loop
      vertex 0 -7.5 20
      vertex 1.94114 -7.24444 11.5
      vertex 0 -7.5 11.5
    endloop
  endfacet
  facet normal 0 0 -1
    outer loop
      vertex 7.24444 -1.94114 20
      vertex 7.24444 1.94114 20
      vertex 7.5 0 20
    endloop
  endfacet
  facet normal 0 0 -1
    outer loop
      vertex 6.49519 -3.75 20
      vertex 7.24444 1.94114 20
      vertex 7.24444 -1.94114 20
    endloop
  endfacet
  facet normal 0 0 -1
    outer loop
      vertex 6.49519 -3.75 20
      vertex 6.49519 3.75 20
      vertex 7.24444 1.94114 20
    endloop
  endfacet
  facet normal 0 0 -1
    outer loop
      vertex 5.3033 -5.3033 20
      vertex 6.49519 3.75 20
      vertex 6.49519 -3.75 20
    endloop
  endfacet
  facet normal 0 0 -1
    outer loop
      vertex 5.3033 -5.3033 20
      vertex 5.3033 5.3033 20
      vertex 6.49519 3.75 20
    endloop
  endfacet
  facet normal 0 0 -1
    outer loop
      vertex 3.75 -6.49519 20
      vertex 5.3033 5.3033 20
      vertex 5.3033 -5.3033 20
    endloop
  endfacet
  facet normal 0 0 -1
    outer loop
      vertex 3.75 -6.49519 20
      vertex 3.75 6.49519 20
      vertex 5.3033 5.3033 20
    endloop
  endfacet
  facet normal 0 0 -1
    outer loop
      vertex 1.94114 -7.24444 20
      vertex 3.75 6.49519 20
      vertex 3.75 -6.49519 20
    endloop
  endfacet
  facet normal 0 0 -1
    outer loop
      vertex 1.94114 -7.24444 20
      vertex 1.94114 7.24444 20
      vertex 3.75 6.49519 20
    endloop
  endfacet
  facet normal 0 0 -1
    outer loop
      vertex 0 -7.5 20
      vertex 1.94114 7.24444 20
      vertex 1.94114 -7.24444 20
    endloop
  endfacet
  facet normal 0 0 -1
    outer loop
      vertex 0 -7.5 20
      vertex 0 7.5 20
      vertex 1.94114 7.24444 20
    endloop
  endfacet
  facet normal 0 0 -1
    outer loop
      vertex -1.94114 -7.24444 20
      vertex 0 7.5 20
      vertex 0 -7.5 20
    endloop
  endfacet
  facet normal 0 0 -1
    outer loop
      vertex -1.94114 -7.24444 20
      vertex -1.94114 7.24444 20
      vertex 0 7.5 20
    endloop
  endfacet
  facet normal 0 0 -1
    outer loop
      vertex -3.75 -6.49519 20
      vertex -1.94114 7.24444 20
      vertex -1.94114 -7.24444 20
    endloop
  endfacet
  facet normal 0 0 -1
    outer loop
      vertex -3.75 -6.49519 20
      vertex -3.75 6.49519 20
      vertex -1.94114 7.24444 20
    endloop
  endfacet
  facet normal 0 0 -1
    outer loop
      vertex -5.3033 -5.3033 20
      vertex -3.75 6.49519 20
      vertex -3.75 -6.49519 20
    endloop
  endfacet
  facet normal 0 0 -1
    outer loop
      vertex -5.3033 -5.3033 20
      vertex -5.3033 5.3033 20
      vertex -3.75 6.49519 20
    endloop
  endfacet
  facet normal 0 0 -1
    outer loop
      vertex -6.49519 -3.75 20
      vertex -5.3033 5.3033 20
      vertex -5.3033 -5.3033 20
    endloop
  endfacet
  facet normal 0 0 -1
    outer loop
      vertex -6.49519 -3.75 20
      vertex -6.49519 3.75 20
      vertex -5.3033 5.3033 20
    endloop
  endfacet
  facet normal 0 0 -1
    outer loop
      vertex -7.24444 -1.94114 20
      vertex -6.49519 3.75 20
      vertex -6.49519 -3.75 20
    endloop
  endfacet
  facet normal 0 0 -1
    outer loop
      vertex -7.24444 -1.94114 20
      vertex -7.24444 1.94114 20
      vertex -6.49519 3.75 20
    endloop
  endfacet
  facet normal 0 -0 -1
    outer loop
      vertex -7.24444 1.94114 20
      vertex -7.24444 -1.94114 20
      vertex -7.5 0 20
    endloop
  endfacet
  facet normal -0.793353 0.608762 0
    outer loop
      vertex 5.3033 -5.3033 11.5
      vertex 6.49519 -3.75 20
      vertex 6.49519 -3.75 11.5
    endloop
  endfacet
  facet normal -0.793353 0.608762 0
    outer loop
      vertex 6.49519 -3.75 20
      vertex 5.3033 -5.3033 11.5
      vertex 5.3033 -5.3033 20
    endloop
  endfacet
  facet normal -0.608762 0.793353 0
    outer loop
      vertex 5.3033 -5.3033 11.5
      vertex 3.75 -6.49519 20
      vertex 5.3033 -5.3033 20
    endloop
  endfacet
  facet normal -0.608762 0.793353 0
    outer loop
      vertex 3.75 -6.49519 20
      vertex 5.3033 -5.3033 11.5
      vertex 3.75 -6.49519 11.5
    endloop
  endfacet
  facet normal 0.793353 0.608762 0
    outer loop
      vertex -5.3033 -5.3033 20
      vertex -6.49519 -3.75 11.5
      vertex -6.49519 -3.75 20
    endloop
  endfacet
  facet normal 0.793353 0.608762 0
    outer loop
      vertex -6.49519 -3.75 11.5
      vertex -5.3033 -5.3033 20
      vertex -5.3033 -5.3033 11.5
    endloop
  endfacet
  facet normal -0.991445 0.130528 0
    outer loop
      vertex 7.24444 -1.94114 11.5
      vertex 7.5 0 20
      vertex 7.5 0 11.5
    endloop
  endfacet
  facet normal -0.991445 0.130528 0
    outer loop
      vertex 7.5 0 20
      vertex 7.24444 -1.94114 11.5
      vertex 7.24444 -1.94114 20
    endloop
  endfacet
  facet normal 0.991445 -0.130528 0
    outer loop
      vertex -7.5 0 20
      vertex -7.24444 1.94114 11.5
      vertex -7.24444 1.94114 20
    endloop
  endfacet
  facet normal 0.991445 -0.130528 0
    outer loop
      vertex -7.24444 1.94114 11.5
      vertex -7.5 0 20
      vertex -7.5 0 11.5
    endloop
  endfacet
  facet normal 0.130528 -0.991445 0
    outer loop
      vertex -1.94114 7.24444 11.5
      vertex 0 7.5 20
      vertex -1.94114 7.24444 20
    endloop
  endfacet
  facet normal 0.130528 -0.991445 0
    outer loop
      vertex 0 7.5 20
      vertex -1.94114 7.24444 11.5
      vertex 0 7.5 11.5
    endloop
  endfacet
  facet normal -0.92388 0.382682 0
    outer loop
      vertex 6.49519 -3.75 11.5
      vertex 7.24444 -1.94114 20
      vertex 7.24444 -1.94114 11.5
    endloop
  endfacet
  facet normal -0.92388 0.382682 0
    outer loop
      vertex 7.24444 -1.94114 20
      vertex 6.49519 -3.75 11.5
      vertex 6.49519 -3.75 20
    endloop
  endfacet
  facet normal 0.382682 -0.92388 0
    outer loop
      vertex -3.75 6.49519 11.5
      vertex -1.94114 7.24444 20
      vertex -3.75 6.49519 20
    endloop
  endfacet
  facet normal 0.382682 -0.92388 0
    outer loop
      vertex -1.94114 7.24444 20
      vertex -3.75 6.49519 11.5
      vertex -1.94114 7.24444 11.5
    endloop
  endfacet
  facet normal -0.382682 -0.92388 0
    outer loop
      vertex 1.94114 7.24444 11.5
      vertex 3.75 6.49519 20
      vertex 1.94114 7.24444 20
    endloop
  endfacet
  facet normal -0.382682 -0.92388 -0
    outer loop
      vertex 3.75 6.49519 20
      vertex 1.94114 7.24444 11.5
      vertex 3.75 6.49519 11.5
    endloop
  endfacet
  facet normal 0.130528 0.991445 -0
    outer loop
      vertex 0 -7.5 11.5
      vertex -1.94114 -7.24444 20
      vertex 0 -7.5 20
    endloop
  endfacet
  facet normal 0.130528 0.991445 0
    outer loop
      vertex -1.94114 -7.24444 20
      vertex 0 -7.5 11.5
      vertex -1.94114 -7.24444 11.5
    endloop
  endfacet
  facet normal 0.92388 0.382682 0
    outer loop
      vertex -6.49519 -3.75 20
      vertex -7.24444 -1.94114 11.5
      vertex -7.24444 -1.94114 20
    endloop
  endfacet
  facet normal 0.92388 0.382682 0
    outer loop
      vertex -7.24444 -1.94114 11.5
      vertex -6.49519 -3.75 20
      vertex -6.49519 -3.75 11.5
    endloop
  endfacet
  facet normal 0.991445 0.130528 0
    outer loop
      vertex -7.24444 -1.94114 20
      vertex -7.5 0 11.5
      vertex -7.5 0 20
    endloop
  endfacet
  facet normal 0.991445 0.130528 0
    outer loop
      vertex -7.5 0 11.5
      vertex -7.24444 -1.94114 20
      vertex -7.24444 -1.94114 11.5
    endloop
  endfacet
  facet normal 0.608762 0.793353 -0
    outer loop
      vertex -3.75 -6.49519 11.5
      vertex -5.3033 -5.3033 20
      vertex -3.75 -6.49519 20
    endloop
  endfacet
  facet normal 0.608762 0.793353 0
    outer loop
      vertex -5.3033 -5.3033 20
      vertex -3.75 -6.49519 11.5
      vertex -5.3033 -5.3033 11.5
    endloop
  endfacet
  facet normal 0.382682 0.92388 -0
    outer loop
      vertex -1.94114 -7.24444 11.5
      vertex -3.75 -6.49519 20
      vertex -1.94114 -7.24444 20
    endloop
  endfacet
  facet normal 0.382682 0.92388 0
    outer loop
      vertex -3.75 -6.49519 20
      vertex -1.94114 -7.24444 11.5
      vertex -3.75 -6.49519 11.5
    endloop
  endfacet
  facet normal -1 0 0
    outer loop
      vertex -10 -2 11.5
      vertex -10 2 30
      vertex -10 2 11.5
    endloop
  endfacet
  facet normal -1 -0 0
    outer loop
      vertex -10 2 30
      vertex -10 -2 11.5
      vertex -10 -2 30
    endloop
  endfacet
  facet normal 0 -1 0
    outer loop
      vertex -19.7898 2 11.5
      vertex -10 2 30
      vertex -19.7898 2 30
    endloop
  endfacet
  facet normal 0 -1 -0
    outer loop
      vertex -10 2 30
      vertex -19.7898 2 11.5
      vertex -10 2 11.5
    endloop
  endfacet
  facet normal 0 1 -0
    outer loop
      vertex -10 -2 11.5
      vertex -19.7898 -2 30
      vertex -10 -2 30
    endloop
  endfacet
  facet normal 0 1 0
    outer loop
      vertex -19.7898 -2 30
      vertex -10 -2 11.5
      vertex -19.7898 -2 11.5
    endloop
  endfacet
  facet normal -0.40674 -0.913544 0
    outer loop
      vertex -12.5 -21.6506 8.5
      vertex -7.72542 -23.7764 11.5
      vertex -12.5 -21.6506 11.5
    endloop
  endfacet
  facet normal -0.40674 -0.913544 -0
    outer loop
      vertex -7.72542 -23.7764 11.5
      vertex -12.5 -21.6506 8.5
      vertex -7.72542 -23.7764 8.5
    endloop
  endfacet
  facet normal -0.951054 -0.309026 0
    outer loop
      vertex -22.8386 -10.1684 8.5
      vertex -24.4537 -5.19779 11.5
      vertex -24.4537 -5.19779 8.5
    endloop
  endfacet
  facet normal -0.951054 -0.309026 0
    outer loop
      vertex -24.4537 -5.19779 11.5
      vertex -22.8386 -10.1684 8.5
      vertex -22.8386 -10.1684 11.5
    endloop
  endfacet
  facet normal 0.951054 0.309026 0
    outer loop
      vertex 24.4537 5.19779 11.5
      vertex 22.8386 10.1684 8.5
      vertex 22.8386 10.1684 11.5
    endloop
  endfacet
  facet normal 0.951054 0.309026 0
    outer loop
      vertex 22.8386 10.1684 8.5
      vertex 24.4537 5.19779 11.5
      vertex 24.4537 5.19779 8.5
    endloop
  endfacet
  facet normal 0.994522 0.104527 0
    outer loop
      vertex 25 0 11.5
      vertex 24.4537 5.19779 8.5
      vertex 24.4537 5.19779 11.5
    endloop
  endfacet
  facet normal 0.994522 0.104527 0
    outer loop
      vertex 24.4537 5.19779 8.5
      vertex 25 0 11.5
      vertex 25 0 8.5
    endloop
  endfacet
  facet normal 0.866026 0.5 0
    outer loop
      vertex 22.8386 10.1684 11.5
      vertex 20.2254 14.6946 8.5
      vertex 20.2254 14.6946 11.5
    endloop
  endfacet
  facet normal 0.866026 0.5 0
    outer loop
      vertex 20.2254 14.6946 8.5
      vertex 22.8386 10.1684 11.5
      vertex 22.8386 10.1684 8.5
    endloop
  endfacet
  facet normal 0.58778 -0.809021 0
    outer loop
      vertex 12.5 -21.6506 8.5
      vertex 16.7283 -18.5786 11.5
      vertex 12.5 -21.6506 11.5
    endloop
  endfacet
  facet normal 0.58778 -0.809021 0
    outer loop
      vertex 16.7283 -18.5786 11.5
      vertex 12.5 -21.6506 8.5
      vertex 16.7283 -18.5786 8.5
    endloop
  endfacet
  facet normal 0.40674 0.913544 -0
    outer loop
      vertex 12.5 21.6506 8.5
      vertex 7.72542 23.7764 11.5
      vertex 12.5 21.6506 11.5
    endloop
  endfacet
  facet normal 0.40674 0.913544 0
    outer loop
      vertex 7.72542 23.7764 11.5
      vertex 12.5 21.6506 8.5
      vertex 7.72542 23.7764 8.5
    endloop
  endfacet
  facet normal 0.994522 -0.104527 0
    outer loop
      vertex 24.4537 -5.19779 11.5
      vertex 25 0 8.5
      vertex 25 0 11.5
    endloop
  endfacet
  facet normal 0.994522 -0.104527 0
    outer loop
      vertex 25 0 8.5
      vertex 24.4537 -5.19779 11.5
      vertex 24.4537 -5.19779 8.5
    endloop
  endfacet
  facet normal 0.743151 0.669123 0
    outer loop
      vertex 20.2254 14.6946 11.5
      vertex 16.7283 18.5786 8.5
      vertex 16.7283 18.5786 11.5
    endloop
  endfacet
  facet normal 0.743151 0.669123 0
    outer loop
      vertex 16.7283 18.5786 8.5
      vertex 20.2254 14.6946 11.5
      vertex 20.2254 14.6946 8.5
    endloop
  endfacet
  facet normal -0.866026 0.5 0
    outer loop
      vertex -22.8386 10.1684 8.5
      vertex -20.2254 14.6946 11.5
      vertex -20.2254 14.6946 8.5
    endloop
  endfacet
  facet normal -0.866026 0.5 0
    outer loop
      vertex -20.2254 14.6946 11.5
      vertex -22.8386 10.1684 8.5
      vertex -22.8386 10.1684 11.5
    endloop
  endfacet
  facet normal 0.743151 -0.669123 0
    outer loop
      vertex 16.7283 -18.5786 11.5
      vertex 20.2254 -14.6946 8.5
      vertex 20.2254 -14.6946 11.5
    endloop
  endfacet
  facet normal 0.743151 -0.669123 0
    outer loop
      vertex 20.2254 -14.6946 8.5
      vertex 16.7283 -18.5786 11.5
      vertex 16.7283 -18.5786 8.5
    endloop
  endfacet
  facet normal -0.743151 0.669123 0
    outer loop
      vertex -20.2254 14.6946 8.5
      vertex -16.7283 18.5786 11.5
      vertex -16.7283 18.5786 8.5
    endloop
  endfacet
  facet normal -0.743151 0.669123 0
    outer loop
      vertex -16.7283 18.5786 11.5
      vertex -20.2254 14.6946 8.5
      vertex -20.2254 14.6946 11.5
    endloop
  endfacet
  facet normal 0.866026 -0.5 0
    outer loop
      vertex 20.2254 -14.6946 11.5
      vertex 22.8386 -10.1684 8.5
      vertex 22.8386 -10.1684 11.5
    endloop
  endfacet
  facet normal 0.866026 -0.5 0
    outer loop
      vertex 22.8386 -10.1684 8.5
      vertex 20.2254 -14.6946 11.5
      vertex 20.2254 -14.6946 8.5
    endloop
  endfacet
  facet normal -0.58778 0.809021 0
    outer loop
      vertex -12.5 21.6506 8.5
      vertex -16.7283 18.5786 11.5
      vertex -12.5 21.6506 11.5
    endloop
  endfacet
  facet normal -0.58778 0.809021 0
    outer loop
      vertex -16.7283 18.5786 11.5
      vertex -12.5 21.6506 8.5
      vertex -16.7283 18.5786 8.5
    endloop
  endfacet
  facet normal 0 0 1
    outer loop
      vertex 20 0 11.5
      vertex 25 0 11.5
      vertex 24.4537 5.19779 11.5
    endloop
  endfacet
  facet normal 0 0 1
    outer loop
      vertex 19.563 4.15823 11.5
      vertex 24.4537 5.19779 11.5
      vertex 22.8386 10.1684 11.5
    endloop
  endfacet
  facet normal 0 0 1
    outer loop
      vertex 25 0 11.5
      vertex 20 0 11.5
      vertex 24.4537 -5.19779 11.5
    endloop
  endfacet
  facet normal 0 0 1
    outer loop
      vertex 18.2709 8.13473 11.5
      vertex 22.8386 10.1684 11.5
      vertex 20.2254 14.6946 11.5
    endloop
  endfacet
  facet normal -0 0 1
    outer loop
      vertex 19.563 -4.15823 11.5
      vertex 24.4537 -5.19779 11.5
      vertex 20 0 11.5
    endloop
  endfacet
  facet normal 0 0 1
    outer loop
      vertex 24.4537 -5.19779 11.5
      vertex 19.563 -4.15823 11.5
      vertex 22.8386 -10.1684 11.5
    endloop
  endfacet
  facet normal 0 0 1
    outer loop
      vertex 24.4537 5.19779 11.5
      vertex 19.563 4.15823 11.5
      vertex 20 0 11.5
    endloop
  endfacet
  facet normal 0 0 1
    outer loop
      vertex 22.8386 10.1684 11.5
      vertex 18.2709 8.13473 11.5
      vertex 19.563 4.15823 11.5
    endloop
  endfacet
  facet normal 0 0 1
    outer loop
      vertex 16.1803 11.7557 11.5
      vertex 20.2254 14.6946 11.5
      vertex 16.7283 18.5786 11.5
    endloop
  endfacet
  facet normal 0 0 1
    outer loop
      vertex 20.2254 14.6946 11.5
      vertex 16.1803 11.7557 11.5
      vertex 18.2709 8.13473 11.5
    endloop
  endfacet
  facet normal 0 0 1
    outer loop
      vertex 16.7283 18.5786 11.5
      vertex 13.3826 14.8629 11.5
      vertex 16.1803 11.7557 11.5
    endloop
  endfacet
  facet normal 0 0 1
    outer loop
      vertex 12.5 21.6506 11.5
      vertex 13.3826 14.8629 11.5
      vertex 16.7283 18.5786 11.5
    endloop
  endfacet
  facet normal 0 0 1
    outer loop
      vertex 12.5 21.6506 11.5
      vertex 10 17.3205 11.5
      vertex 13.3826 14.8629 11.5
    endloop
  endfacet
  facet normal 0 0 1
    outer loop
      vertex 7.72542 23.7764 11.5
      vertex 10 17.3205 11.5
      vertex 12.5 21.6506 11.5
    endloop
  endfacet
  facet normal 0 0 1
    outer loop
      vertex 7.72542 23.7764 11.5
      vertex 6.18034 19.0211 11.5
      vertex 10 17.3205 11.5
    endloop
  endfacet
  facet normal 0 0 1
    outer loop
      vertex 2.61321 24.863 11.5
      vertex 6.18034 19.0211 11.5
      vertex 7.72542 23.7764 11.5
    endloop
  endfacet
  facet normal 0 0 1
    outer loop
      vertex 2.61321 24.863 11.5
      vertex 2.09057 19.8904 11.5
      vertex 6.18034 19.0211 11.5
    endloop
  endfacet
  facet normal 0 0 1
    outer loop
      vertex 2.61321 24.863 11.5
      vertex -2.09057 19.8904 11.5
      vertex 2.09057 19.8904 11.5
    endloop
  endfacet
  facet normal -0 0 1
    outer loop
      vertex -2.61321 24.863 11.5
      vertex -2.09057 19.8904 11.5
      vertex 2.61321 24.863 11.5
    endloop
  endfacet
  facet normal 0 0 1
    outer loop
      vertex -2.61321 24.863 11.5
      vertex -6.18034 19.0211 11.5
      vertex -2.09057 19.8904 11.5
    endloop
  endfacet
  facet normal -0 0 1
    outer loop
      vertex -7.72542 23.7764 11.5
      vertex -6.18034 19.0211 11.5
      vertex -2.61321 24.863 11.5
    endloop
  endfacet
  facet normal 0 0 1
    outer loop
      vertex -7.72542 23.7764 11.5
      vertex -10 17.3205 11.5
      vertex -6.18034 19.0211 11.5
    endloop
  endfacet
  facet normal -0 0 1
    outer loop
      vertex -12.5 21.6506 11.5
      vertex -10 17.3205 11.5
      vertex -7.72542 23.7764 11.5
    endloop
  endfacet
  facet normal 0 0 1
    outer loop
      vertex -12.5 21.6506 11.5
      vertex -13.3826 14.8629 11.5
      vertex -10 17.3205 11.5
    endloop
  endfacet
  facet normal -0 0 1
    outer loop
      vertex -16.7283 18.5786 11.5
      vertex -13.3826 14.8629 11.5
      vertex -12.5 21.6506 11.5
    endloop
  endfacet
  facet normal 0 0 1
    outer loop
      vertex -13.3826 14.8629 11.5
      vertex -16.7283 18.5786 11.5
      vertex -16.1803 11.7557 11.5
    endloop
  endfacet
  facet normal -0 0 1
    outer loop
      vertex -20.2254 14.6946 11.5
      vertex -16.1803 11.7557 11.5
      vertex -16.7283 18.5786 11.5
    endloop
  endfacet
  facet normal 0 0 1
    outer loop
      vertex -16.1803 11.7557 11.5
      vertex -20.2254 14.6946 11.5
      vertex -18.2709 8.13473 11.5
    endloop
  endfacet
  facet normal -0 0 1
    outer loop
      vertex -24.4537 5.19779 11.5
      vertex -19.563 4.15823 11.5
      vertex -22.8386 10.1684 11.5
    endloop
  endfacet
  facet normal 0 0 1
    outer loop
      vertex -18.2709 8.13473 11.5
      vertex -22.8386 10.1684 11.5
      vertex -19.563 4.15823 11.5
    endloop
  endfacet
  facet normal -0 0 1
    outer loop
      vertex -22.8386 10.1684 11.5
      vertex -18.2709 8.13473 11.5
      vertex -20.2254 14.6946 11.5
    endloop
  endfacet
  facet normal -0 0 1
    outer loop
      vertex 18.2709 -8.13473 11.5
      vertex 22.8386 -10.1684 11.5
      vertex 19.563 -4.15823 11.5
    endloop
  endfacet
  facet normal 0 0 1
    outer loop
      vertex 22.8386 -10.1684 11.5
      vertex 18.2709 -8.13473 11.5
      vertex 20.2254 -14.6946 11.5
    endloop
  endfacet
  facet normal -0 0 1
    outer loop
      vertex 16.1803 -11.7557 11.5
      vertex 20.2254 -14.6946 11.5
      vertex 18.2709 -8.13473 11.5
    endloop
  endfacet
  facet normal 0 0 1
    outer loop
      vertex 20.2254 -14.6946 11.5
      vertex 16.1803 -11.7557 11.5
      vertex 16.7283 -18.5786 11.5
    endloop
  endfacet
  facet normal -0 0 1
    outer loop
      vertex 13.3826 -14.8629 11.5
      vertex 16.7283 -18.5786 11.5
      vertex 16.1803 -11.7557 11.5
    endloop
  endfacet
  facet normal 0 0 1
    outer loop
      vertex 13.3826 -14.8629 11.5
      vertex 12.5 -21.6506 11.5
      vertex 16.7283 -18.5786 11.5
    endloop
  endfacet
  facet normal -0 0 1
    outer loop
      vertex 10 -17.3205 11.5
      vertex 12.5 -21.6506 11.5
      vertex 13.3826 -14.8629 11.5
    endloop
  endfacet
  facet normal 0 0 1
    outer loop
      vertex 10 -17.3205 11.5
      vertex 7.72542 -23.7764 11.5
      vertex 12.5 -21.6506 11.5
    endloop
  endfacet
  facet normal -0 0 1
    outer loop
      vertex 6.18034 -19.0211 11.5
      vertex 7.72542 -23.7764 11.5
      vertex 10 -17.3205 11.5
    endloop
  endfacet
  facet normal 0 0 1
    outer loop
      vertex 6.18034 -19.0211 11.5
      vertex 2.61321 -24.863 11.5
      vertex 7.72542 -23.7764 11.5
    endloop
  endfacet
  facet normal -0 0 1
    outer loop
      vertex 2.09057 -19.8904 11.5
      vertex 2.61321 -24.863 11.5
      vertex 6.18034 -19.0211 11.5
    endloop
  endfacet
  facet normal -0 0 1
    outer loop
      vertex -2.09057 -19.8904 11.5
      vertex 2.61321 -24.863 11.5
      vertex 2.09057 -19.8904 11.5
    endloop
  endfacet
  facet normal 0 0 1
    outer loop
      vertex -2.09057 -19.8904 11.5
      vertex -2.61321 -24.863 11.5
      vertex 2.61321 -24.863 11.5
    endloop
  endfacet
  facet normal 0 0 1
    outer loop
      vertex -6.18034 -19.0211 11.5
      vertex -2.61321 -24.863 11.5
      vertex -2.09057 -19.8904 11.5
    endloop
  endfacet
  facet normal 0 0 1
    outer loop
      vertex -6.18034 -19.0211 11.5
      vertex -7.72542 -23.7764 11.5
      vertex -2.61321 -24.863 11.5
    endloop
  endfacet
  facet normal 0 0 1
    outer loop
      vertex -10 -17.3205 11.5
      vertex -7.72542 -23.7764 11.5
      vertex -6.18034 -19.0211 11.5
    endloop
  endfacet
  facet normal 0 0 1
    outer loop
      vertex -10 -17.3205 11.5
      vertex -12.5 -21.6506 11.5
      vertex -7.72542 -23.7764 11.5
    endloop
  endfacet
  facet normal 0 0 1
    outer loop
      vertex -13.3826 -14.8629 11.5
      vertex -12.5 -21.6506 11.5
      vertex -10 -17.3205 11.5
    endloop
  endfacet
  facet normal 0 0 1
    outer loop
      vertex -16.7283 -18.5786 11.5
      vertex -13.3826 -14.8629 11.5
      vertex -16.1803 -11.7557 11.5
    endloop
  endfacet
  facet normal 0 0 1
    outer loop
      vertex -13.3826 -14.8629 11.5
      vertex -16.7283 -18.5786 11.5
      vertex -12.5 -21.6506 11.5
    endloop
  endfacet
  facet normal 0 0 1
    outer loop
      vertex -20.2254 -14.6946 11.5
      vertex -16.1803 -11.7557 11.5
      vertex -18.2709 -8.13473 11.5
    endloop
  endfacet
  facet normal 0 0 1
    outer loop
      vertex -22.8386 -10.1684 11.5
      vertex -18.2709 -8.13473 11.5
      vertex -19.563 -4.15823 11.5
    endloop
  endfacet
  facet normal 0 0 1
    outer loop
      vertex -16.1803 -11.7557 11.5
      vertex -20.2254 -14.6946 11.5
      vertex -16.7283 -18.5786 11.5
    endloop
  endfacet
  facet normal 0 0 1
    outer loop
      vertex -24.4537 -5.19779 11.5
      vertex -19.563 -4.15823 11.5
      vertex -19.7898 -2 11.5
    endloop
  endfacet
  facet normal 0 0 1
    outer loop
      vertex -19.563 4.15823 11.5
      vertex -24.4537 5.19779 11.5
      vertex -19.7898 2 11.5
    endloop
  endfacet
  facet normal 0 0 1
    outer loop
      vertex -25 0 11.5
      vertex -19.7898 2 11.5
      vertex -24.4537 5.19779 11.5
    endloop
  endfacet
  facet normal 0 0 1
    outer loop
      vertex -18.2709 -8.13473 11.5
      vertex -22.8386 -10.1684 11.5
      vertex -20.2254 -14.6946 11.5
    endloop
  endfacet
  facet normal 0 0 1
    outer loop
      vertex -19.7898 2 11.5
      vertex -25 0 11.5
      vertex -19.7898 -2 11.5
    endloop
  endfacet
  facet normal 0 0 1
    outer loop
      vertex -19.563 -4.15823 11.5
      vertex -24.4537 -5.19779 11.5
      vertex -22.8386 -10.1684 11.5
    endloop
  endfacet
  facet normal 0 0 1
    outer loop
      vertex -19.7898 -2 11.5
      vertex -25 0 11.5
      vertex -24.4537 -5.19779 11.5
    endloop
  endfacet
  facet normal -0 0 1
    outer loop
      vertex -19.7898 2 11.5
      vertex -10 -2 11.5
      vertex -10 2 11.5
    endloop
  endfacet
  facet normal 0 0 1
    outer loop
      vertex -10 -2 11.5
      vertex -19.7898 2 11.5
      vertex -19.7898 -2 11.5
    endloop
  endfacet
  facet normal 0 0 1
    outer loop
      vertex 7.24444 1.94114 11.5
      vertex 7.24444 -1.94114 11.5
      vertex 7.5 0 11.5
    endloop
  endfacet
  facet normal 0 0 1
    outer loop
      vertex 6.49519 3.75 11.5
      vertex 7.24444 -1.94114 11.5
      vertex 7.24444 1.94114 11.5
    endloop
  endfacet
  facet normal 0 0 1
    outer loop
      vertex 6.49519 3.75 11.5
      vertex 6.49519 -3.75 11.5
      vertex 7.24444 -1.94114 11.5
    endloop
  endfacet
  facet normal 0 0 1
    outer loop
      vertex 5.3033 5.3033 11.5
      vertex 6.49519 -3.75 11.5
      vertex 6.49519 3.75 11.5
    endloop
  endfacet
  facet normal 0 0 1
    outer loop
      vertex 5.3033 5.3033 11.5
      vertex 5.3033 -5.3033 11.5
      vertex 6.49519 -3.75 11.5
    endloop
  endfacet
  facet normal 0 0 1
    outer loop
      vertex 3.75 6.49519 11.5
      vertex 5.3033 -5.3033 11.5
      vertex 5.3033 5.3033 11.5
    endloop
  endfacet
  facet normal 0 0 1
    outer loop
      vertex 3.75 6.49519 11.5
      vertex 3.75 -6.49519 11.5
      vertex 5.3033 -5.3033 11.5
    endloop
  endfacet
  facet normal 0 0 1
    outer loop
      vertex 1.94114 7.24444 11.5
      vertex 3.75 -6.49519 11.5
      vertex 3.75 6.49519 11.5
    endloop
  endfacet
  facet normal 0 0 1
    outer loop
      vertex 1.94114 7.24444 11.5
      vertex 1.94114 -7.24444 11.5
      vertex 3.75 -6.49519 11.5
    endloop
  endfacet
  facet normal 0 0 1
    outer loop
      vertex 0 7.5 11.5
      vertex 1.94114 -7.24444 11.5
      vertex 1.94114 7.24444 11.5
    endloop
  endfacet
  facet normal 0 0 1
    outer loop
      vertex 0 7.5 11.5
      vertex 0 -7.5 11.5
      vertex 1.94114 -7.24444 11.5
    endloop
  endfacet
  facet normal -0 0 1
    outer loop
      vertex -1.94114 7.24444 11.5
      vertex 0 -7.5 11.5
      vertex 0 7.5 11.5
    endloop
  endfacet
  facet normal 0 0 1
    outer loop
      vertex -1.94114 7.24444 11.5
      vertex -1.94114 -7.24444 11.5
      vertex 0 -7.5 11.5
    endloop
  endfacet
  facet normal -0 0 1
    outer loop
      vertex -3.75 6.49519 11.5
      vertex -1.94114 -7.24444 11.5
      vertex -1.94114 7.24444 11.5
    endloop
  endfacet
  facet normal 0 0 1
    outer loop
      vertex -3.75 6.49519 11.5
      vertex -3.75 -6.49519 11.5
      vertex -1.94114 -7.24444 11.5
    endloop
  endfacet
  facet normal -0 0 1
    outer loop
      vertex -5.3033 5.3033 11.5
      vertex -3.75 -6.49519 11.5
      vertex -3.75 6.49519 11.5
    endloop
  endfacet
  facet normal 0 0 1
    outer loop
      vertex -5.3033 5.3033 11.5
      vertex -5.3033 -5.3033 11.5
      vertex -3.75 -6.49519 11.5
    endloop
  endfacet
  facet normal -0 0 1
    outer loop
      vertex -6.49519 3.75 11.5
      vertex -5.3033 -5.3033 11.5
      vertex -5.3033 5.3033 11.5
    endloop
  endfacet
  facet normal 0 0 1
    outer loop
      vertex -6.49519 3.75 11.5
      vertex -6.49519 -3.75 11.5
      vertex -5.3033 -5.3033 11.5
    endloop
  endfacet
  facet normal -0 0 1
    outer loop
      vertex -7.24444 1.94114 11.5
      vertex -6.49519 -3.75 11.5
      vertex -6.49519 3.75 11.5
    endloop
  endfacet
  facet normal 0 0 1
    outer loop
      vertex -7.24444 1.94114 11.5
      vertex -7.24444 -1.94114 11.5
      vertex -6.49519 -3.75 11.5
    endloop
  endfacet
  facet normal 0 -0 1
    outer loop
      vertex -7.24444 -1.94114 11.5
      vertex -7.24444 1.94114 11.5
      vertex -7.5 0 11.5
    endloop
  endfacet
  facet normal 0.951054 -0.309026 0
    outer loop
      vertex 22.8386 -10.1684 11.5
      vertex 24.4537 -5.19779 8.5
      vertex 24.4537 -5.19779 11.5
    endloop
  endfacet
  facet normal 0.951054 -0.309026 0
    outer loop
      vertex 24.4537 -5.19779 8.5
      vertex 22.8386 -10.1684 11.5
      vertex 22.8386 -10.1684 8.5
    endloop
  endfacet
  facet normal 0 1 -0
    outer loop
      vertex 2.61321 24.863 8.5
      vertex -2.61321 24.863 11.5
      vertex 2.61321 24.863 11.5
    endloop
  endfacet
  facet normal 0 1 0
    outer loop
      vertex -2.61321 24.863 11.5
      vertex 2.61321 24.863 8.5
      vertex -2.61321 24.863 8.5
    endloop
  endfacet
  facet normal -0.58778 -0.809021 0
    outer loop
      vertex -16.7283 -18.5786 8.5
      vertex -12.5 -21.6506 11.5
      vertex -16.7283 -18.5786 11.5
    endloop
  endfacet
  facet normal -0.58778 -0.809021 -0
    outer loop
      vertex -12.5 -21.6506 11.5
      vertex -16.7283 -18.5786 8.5
      vertex -12.5 -21.6506 8.5
    endloop
  endfacet
  facet normal 0 0 -1
    outer loop
      vertex 24 0 8.5
      vertex 25 0 8.5
      vertex 24.4537 -5.19779 8.5
    endloop
  endfacet
  facet normal 0 0 -1
    outer loop
      vertex 25 0 8.5
      vertex 24 0 8.5
      vertex 24.4537 5.19779 8.5
    endloop
  endfacet
  facet normal 0 0 -1
    outer loop
      vertex 24.4537 -5.19779 8.5
      vertex 23.4755 -4.98988 8.5
      vertex 24 0 8.5
    endloop
  endfacet
  facet normal 0 0 -1
    outer loop
      vertex 22.8386 -10.1684 8.5
      vertex 23.4755 -4.98988 8.5
      vertex 24.4537 -5.19779 8.5
    endloop
  endfacet
  facet normal 0 0 -1
    outer loop
      vertex 22.8386 -10.1684 8.5
      vertex 21.9251 -9.76168 8.5
      vertex 23.4755 -4.98988 8.5
    endloop
  endfacet
  facet normal 0 0 -1
    outer loop
      vertex 20.2254 -14.6946 8.5
      vertex 21.9251 -9.76168 8.5
      vertex 22.8386 -10.1684 8.5
    endloop
  endfacet
  facet normal 0 0 -1
    outer loop
      vertex 20.2254 -14.6946 8.5
      vertex 19.4164 -14.1068 8.5
      vertex 21.9251 -9.76168 8.5
    endloop
  endfacet
  facet normal 0 0 -1
    outer loop
      vertex 16.7283 -18.5786 8.5
      vertex 19.4164 -14.1068 8.5
      vertex 20.2254 -14.6946 8.5
    endloop
  endfacet
  facet normal 0 0 -1
    outer loop
      vertex 16.7283 -18.5786 8.5
      vertex 16.0591 -17.8355 8.5
      vertex 19.4164 -14.1068 8.5
    endloop
  endfacet
  facet normal 0 0 -1
    outer loop
      vertex 12.5 -21.6506 8.5
      vertex 16.0591 -17.8355 8.5
      vertex 16.7283 -18.5786 8.5
    endloop
  endfacet
  facet normal 0 0 -1
    outer loop
      vertex 12.5 -21.6506 8.5
      vertex 12 -20.7846 8.5
      vertex 16.0591 -17.8355 8.5
    endloop
  endfacet
  facet normal 0 0 -1
    outer loop
      vertex 7.72542 -23.7764 8.5
      vertex 12 -20.7846 8.5
      vertex 12.5 -21.6506 8.5
    endloop
  endfacet
  facet normal 0 0 -1
    outer loop
      vertex 7.72542 -23.7764 8.5
      vertex 7.41641 -22.8254 8.5
      vertex 12 -20.7846 8.5
    endloop
  endfacet
  facet normal 0 0 -1
    outer loop
      vertex 2.61321 -24.863 8.5
      vertex 7.41641 -22.8254 8.5
      vertex 7.72542 -23.7764 8.5
    endloop
  endfacet
  facet normal 0 0 -1
    outer loop
      vertex 2.61321 -24.863 8.5
      vertex 2.50868 -23.8685 8.5
      vertex 7.41641 -22.8254 8.5
    endloop
  endfacet
  facet normal 0 0 -1
    outer loop
      vertex 2.61321 -24.863 8.5
      vertex -2.50868 -23.8685 8.5
      vertex 2.50868 -23.8685 8.5
    endloop
  endfacet
  facet normal 0 0 -1
    outer loop
      vertex -2.61321 -24.863 8.5
      vertex -2.50868 -23.8685 8.5
      vertex 2.61321 -24.863 8.5
    endloop
  endfacet
  facet normal 0 0 -1
    outer loop
      vertex -2.61321 -24.863 8.5
      vertex -7.41641 -22.8254 8.5
      vertex -2.50868 -23.8685 8.5
    endloop
  endfacet
  facet normal 0 0 -1
    outer loop
      vertex -7.72542 -23.7764 8.5
      vertex -7.41641 -22.8254 8.5
      vertex -2.61321 -24.863 8.5
    endloop
  endfacet
  facet normal 0 0 -1
    outer loop
      vertex -7.72542 -23.7764 8.5
      vertex -12 -20.7846 8.5
      vertex -7.41641 -22.8254 8.5
    endloop
  endfacet
  facet normal 0 0 -1
    outer loop
      vertex -12.5 -21.6506 8.5
      vertex -12 -20.7846 8.5
      vertex -7.72542 -23.7764 8.5
    endloop
  endfacet
  facet normal 0 0 -1
    outer loop
      vertex -12.5 -21.6506 8.5
      vertex -16.0591 -17.8355 8.5
      vertex -12 -20.7846 8.5
    endloop
  endfacet
  facet normal 0 0 -1
    outer loop
      vertex -16.7283 -18.5786 8.5
      vertex -16.0591 -17.8355 8.5
      vertex -12.5 -21.6506 8.5
    endloop
  endfacet
  facet normal 0 0 -1
    outer loop
      vertex -16.7283 -18.5786 8.5
      vertex -19.4164 -14.1068 8.5
      vertex -16.0591 -17.8355 8.5
    endloop
  endfacet
  facet normal 0 0 -1
    outer loop
      vertex -20.2254 -14.6946 8.5
      vertex -19.4164 -14.1068 8.5
      vertex -16.7283 -18.5786 8.5
    endloop
  endfacet
  facet normal 0 0 -1
    outer loop
      vertex -20.2254 -14.6946 8.5
      vertex -21.9251 -9.76168 8.5
      vertex -19.4164 -14.1068 8.5
    endloop
  endfacet
  facet normal 0 0 -1
    outer loop
      vertex -22.8386 -10.1684 8.5
      vertex -21.9251 -9.76168 8.5
      vertex -20.2254 -14.6946 8.5
    endloop
  endfacet
  facet normal 0 0 -1
    outer loop
      vertex -22.8386 -10.1684 8.5
      vertex -23.4755 -4.98988 8.5
      vertex -21.9251 -9.76168 8.5
    endloop
  endfacet
  facet normal -0 0 -1
    outer loop
      vertex -23.4755 -4.98988 8.5
      vertex -24.4537 -5.19779 8.5
      vertex -24 0 8.5
    endloop
  endfacet
  facet normal 0 0 -1
    outer loop
      vertex -24.4537 -5.19779 8.5
      vertex -23.4755 -4.98988 8.5
      vertex -22.8386 -10.1684 8.5
    endloop
  endfacet
  facet normal 0 0 -1
    outer loop
      vertex 23.4755 4.98988 8.5
      vertex 24.4537 5.19779 8.5
      vertex 24 0 8.5
    endloop
  endfacet
  facet normal 0 0 -1
    outer loop
      vertex 23.4755 4.98988 8.5
      vertex 22.8386 10.1684 8.5
      vertex 24.4537 5.19779 8.5
    endloop
  endfacet
  facet normal 0 0 -1
    outer loop
      vertex 21.9251 9.76168 8.5
      vertex 22.8386 10.1684 8.5
      vertex 23.4755 4.98988 8.5
    endloop
  endfacet
  facet normal 0 0 -1
    outer loop
      vertex 21.9251 9.76168 8.5
      vertex 20.2254 14.6946 8.5
      vertex 22.8386 10.1684 8.5
    endloop
  endfacet
  facet normal 0 0 -1
    outer loop
      vertex 19.4164 14.1068 8.5
      vertex 20.2254 14.6946 8.5
      vertex 21.9251 9.76168 8.5
    endloop
  endfacet
  facet normal 0 0 -1
    outer loop
      vertex 19.4164 14.1068 8.5
      vertex 16.7283 18.5786 8.5
      vertex 20.2254 14.6946 8.5
    endloop
  endfacet
  facet normal 0 0 -1
    outer loop
      vertex 16.0591 17.8355 8.5
      vertex 16.7283 18.5786 8.5
      vertex 19.4164 14.1068 8.5
    endloop
  endfacet
  facet normal 0 0 -1
    outer loop
      vertex 16.0591 17.8355 8.5
      vertex 12.5 21.6506 8.5
      vertex 16.7283 18.5786 8.5
    endloop
  endfacet
  facet normal 0 0 -1
    outer loop
      vertex 12 20.7846 8.5
      vertex 12.5 21.6506 8.5
      vertex 16.0591 17.8355 8.5
    endloop
  endfacet
  facet normal 0 0 -1
    outer loop
      vertex 12 20.7846 8.5
      vertex 7.72542 23.7764 8.5
      vertex 12.5 21.6506 8.5
    endloop
  endfacet
  facet normal 0 0 -1
    outer loop
      vertex 7.41641 22.8254 8.5
      vertex 7.72542 23.7764 8.5
      vertex 12 20.7846 8.5
    endloop
  endfacet
  facet normal 0 0 -1
    outer loop
      vertex 7.41641 22.8254 8.5
      vertex 2.61321 24.863 8.5
      vertex 7.72542 23.7764 8.5
    endloop
  endfacet
  facet normal 0 0 -1
    outer loop
      vertex 2.50868 23.8685 8.5
      vertex 2.61321 24.863 8.5
      vertex 7.41641 22.8254 8.5
    endloop
  endfacet
  facet normal 0 0 -1
    outer loop
      vertex -2.50868 23.8685 8.5
      vertex 2.61321 24.863 8.5
      vertex 2.50868 23.8685 8.5
    endloop
  endfacet
  facet normal 0 0 -1
    outer loop
      vertex -2.50868 23.8685 8.5
      vertex -2.61321 24.863 8.5
      vertex 2.61321 24.863 8.5
    endloop
  endfacet
  facet normal 0 0 -1
    outer loop
      vertex -7.41641 22.8254 8.5
      vertex -2.61321 24.863 8.5
      vertex -2.50868 23.8685 8.5
    endloop
  endfacet
  facet normal 0 0 -1
    outer loop
      vertex -7.41641 22.8254 8.5
      vertex -7.72542 23.7764 8.5
      vertex -2.61321 24.863 8.5
    endloop
  endfacet
  facet normal 0 0 -1
    outer loop
      vertex -12 20.7846 8.5
      vertex -7.72542 23.7764 8.5
      vertex -7.41641 22.8254 8.5
    endloop
  endfacet
  facet normal 0 0 -1
    outer loop
      vertex -12 20.7846 8.5
      vertex -12.5 21.6506 8.5
      vertex -7.72542 23.7764 8.5
    endloop
  endfacet
  facet normal 0 0 -1
    outer loop
      vertex -16.0591 17.8355 8.5
      vertex -12.5 21.6506 8.5
      vertex -12 20.7846 8.5
    endloop
  endfacet
  facet normal 0 0 -1
    outer loop
      vertex -16.0591 17.8355 8.5
      vertex -16.7283 18.5786 8.5
      vertex -12.5 21.6506 8.5
    endloop
  endfacet
  facet normal 0 0 -1
    outer loop
      vertex -19.4164 14.1068 8.5
      vertex -16.7283 18.5786 8.5
      vertex -16.0591 17.8355 8.5
    endloop
  endfacet
  facet normal 0 0 -1
    outer loop
      vertex -19.4164 14.1068 8.5
      vertex -20.2254 14.6946 8.5
      vertex -16.7283 18.5786 8.5
    endloop
  endfacet
  facet normal 0 0 -1
    outer loop
      vertex -21.9251 9.76168 8.5
      vertex -20.2254 14.6946 8.5
      vertex -19.4164 14.1068 8.5
    endloop
  endfacet
  facet normal 0 0 -1
    outer loop
      vertex -21.9251 9.76168 8.5
      vertex -22.8386 10.1684 8.5
      vertex -20.2254 14.6946 8.5
    endloop
  endfacet
  facet normal 0 0 -1
    outer loop
      vertex -23.4755 4.98988 8.5
      vertex -22.8386 10.1684 8.5
      vertex -21.9251 9.76168 8.5
    endloop
  endfacet
  facet normal 0 0 -1
    outer loop
      vertex -23.4755 4.98988 8.5
      vertex -24.4537 5.19779 8.5
      vertex -22.8386 10.1684 8.5
    endloop
  endfacet
  facet normal 0 0 -1
    outer loop
      vertex -24 0 8.5
      vertex -24.4537 5.19779 8.5
      vertex -23.4755 4.98988 8.5
    endloop
  endfacet
  facet normal 0 0 -1
    outer loop
      vertex -25 0 8.5
      vertex -24 0 8.5
      vertex -24.4537 -5.19779 8.5
    endloop
  endfacet
  facet normal 0 0 -1
    outer loop
      vertex -24 0 8.5
      vertex -25 0 8.5
      vertex -24.4537 5.19779 8.5
    endloop
  endfacet
  facet normal 0 0 1
    outer loop
      vertex 7.24444 1.94114 8.5
      vertex 7.24444 -1.94114 8.5
      vertex 7.5 0 8.5
    endloop
  endfacet
  facet normal 0 0 1
    outer loop
      vertex 6.49519 3.75 8.5
      vertex 7.24444 -1.94114 8.5
      vertex 7.24444 1.94114 8.5
    endloop
  endfacet
  facet normal 0 0 1
    outer loop
      vertex 6.49519 3.75 8.5
      vertex 6.49519 -3.75 8.5
      vertex 7.24444 -1.94114 8.5
    endloop
  endfacet
  facet normal 0 0 1
    outer loop
      vertex 5.3033 5.3033 8.5
      vertex 6.49519 -3.75 8.5
      vertex 6.49519 3.75 8.5
    endloop
  endfacet
  facet normal 0 0 1
    outer loop
      vertex 5.3033 5.3033 8.5
      vertex 5.3033 -5.3033 8.5
      vertex 6.49519 -3.75 8.5
    endloop
  endfacet
  facet normal 0 0 1
    outer loop
      vertex 3.75 6.49519 8.5
      vertex 5.3033 -5.3033 8.5
      vertex 5.3033 5.3033 8.5
    endloop
  endfacet
  facet normal 0 0 1
    outer loop
      vertex 3.75 6.49519 8.5
      vertex 3.75 -6.49519 8.5
      vertex 5.3033 -5.3033 8.5
    endloop
  endfacet
  facet normal 0 0 1
    outer loop
      vertex 1.94114 7.24444 8.5
      vertex 3.75 -6.49519 8.5
      vertex 3.75 6.49519 8.5
    endloop
  endfacet
  facet normal 0 0 1
    outer loop
      vertex 1.94114 7.24444 8.5
      vertex 1.94114 -7.24444 8.5
      vertex 3.75 -6.49519 8.5
    endloop
  endfacet
  facet normal 0 0 1
    outer loop
      vertex 0 7.5 8.5
      vertex 1.94114 -7.24444 8.5
      vertex 1.94114 7.24444 8.5
    endloop
  endfacet
  facet normal 0 0 1
    outer loop
      vertex 0 7.5 8.5
      vertex 0 -7.5 8.5
      vertex 1.94114 -7.24444 8.5
    endloop
  endfacet
  facet normal -0 0 1
    outer loop
      vertex -1.94114 7.24444 8.5
      vertex 0 -7.5 8.5
      vertex 0 7.5 8.5
    endloop
  endfacet
  facet normal 0 0 1
    outer loop
      vertex -1.94114 7.24444 8.5
      vertex -1.94114 -7.24444 8.5
      vertex 0 -7.5 8.5
    endloop
  endfacet
  facet normal -0 0 1
    outer loop
      vertex -3.75 6.49519 8.5
      vertex -1.94114 -7.24444 8.5
      vertex -1.94114 7.24444 8.5
    endloop
  endfacet
  facet normal 0 0 1
    outer loop
      vertex -3.75 6.49519 8.5
      vertex -3.75 -6.49519 8.5
      vertex -1.94114 -7.24444 8.5
    endloop
  endfacet
  facet normal -0 0 1
    outer loop
      vertex -5.3033 5.3033 8.5
      vertex -3.75 -6.49519 8.5
      vertex -3.75 6.49519 8.5
    endloop
  endfacet
  facet normal 0 0 1
    outer loop
      vertex -5.3033 5.3033 8.5
      vertex -5.3033 -5.3033 8.5
      vertex -3.75 -6.49519 8.5
    endloop
  endfacet
  facet normal -0 0 1
    outer loop
      vertex -6.49519 3.75 8.5
      vertex -5.3033 -5.3033 8.5
      vertex -5.3033 5.3033 8.5
    endloop
  endfacet
  facet normal 0 0 1
    outer loop
      vertex -6.49519 3.75 8.5
      vertex -6.49519 -3.75 8.5
      vertex -5.3033 -5.3033 8.5
    endloop
  endfacet
  facet normal -0 0 1
    outer loop
      vertex -7.24444 1.94114 8.5
      vertex -6.49519 -3.75 8.5
      vertex -6.49519 3.75 8.5
    endloop
  endfacet
  facet normal 0 0 1
    outer loop
      vertex -7.24444 1.94114 8.5
      vertex -7.24444 -1.94114 8.5
      vertex -6.49519 -3.75 8.5
    endloop
  endfacet
  facet normal 0 -0 1
    outer loop
      vertex -7.24444 -1.94114 8.5
      vertex -7.24444 1.94114 8.5
      vertex -7.5 0 8.5
    endloop
  endfacet
  facet normal -0.40674 0.913544 0
    outer loop
      vertex -7.72542 23.7764 8.5
      vertex -12.5 21.6506 11.5
      vertex -7.72542 23.7764 11.5
    endloop
  endfacet
  facet normal -0.40674 0.913544 0
    outer loop
      vertex -12.5 21.6506 11.5
      vertex -7.72542 23.7764 8.5
      vertex -12.5 21.6506 8.5
    endloop
  endfacet
  facet normal -0.994522 -0.104527 0
    outer loop
      vertex -24.4537 -5.19779 8.5
      vertex -25 0 11.5
      vertex -25 0 8.5
    endloop
  endfacet
  facet normal -0.994522 -0.104527 0
    outer loop
      vertex -25 0 11.5
      vertex -24.4537 -5.19779 8.5
      vertex -24.4537 -5.19779 11.5
    endloop
  endfacet
  facet normal -0.743151 -0.669123 0
    outer loop
      vertex -16.7283 -18.5786 8.5
      vertex -20.2254 -14.6946 11.5
      vertex -20.2254 -14.6946 8.5
    endloop
  endfacet
  facet normal -0.743151 -0.669123 0
    outer loop
      vertex -20.2254 -14.6946 11.5
      vertex -16.7283 -18.5786 8.5
      vertex -16.7283 -18.5786 11.5
    endloop
  endfacet
  facet normal -0.866026 -0.5 0
    outer loop
      vertex -20.2254 -14.6946 8.5
      vertex -22.8386 -10.1684 11.5
      vertex -22.8386 -10.1684 8.5
    endloop
  endfacet
  facet normal -0.866026 -0.5 0
    outer loop
      vertex -22.8386 -10.1684 11.5
      vertex -20.2254 -14.6946 8.5
      vertex -20.2254 -14.6946 11.5
    endloop
  endfacet
  facet normal 0.207906 -0.978149 0
    outer loop
      vertex 2.61321 -24.863 8.5
      vertex 7.72542 -23.7764 11.5
      vertex 2.61321 -24.863 11.5
    endloop
  endfacet
  facet normal 0.207906 -0.978149 0
    outer loop
      vertex 7.72542 -23.7764 11.5
      vertex 2.61321 -24.863 8.5
      vertex 7.72542 -23.7764 8.5
    endloop
  endfacet
  facet normal -0.994522 0.104527 0
    outer loop
      vertex -25 0 8.5
      vertex -24.4537 5.19779 11.5
      vertex -24.4537 5.19779 8.5
    endloop
  endfacet
  facet normal -0.994522 0.104527 0
    outer loop
      vertex -24.4537 5.19779 11.5
      vertex -25 0 8.5
      vertex -25 0 11.5
    endloop
  endfacet
  facet normal 0.207906 0.978149 -0
    outer loop
      vertex 7.72542 23.7764 8.5
      vertex 2.61321 24.863 11.5
      vertex 7.72542 23.7764 11.5
    endloop
  endfacet
  facet normal 0.207906 0.978149 0
    outer loop
      vertex 2.61321 24.863 11.5
      vertex 7.72542 23.7764 8.5
      vertex 2.61321 24.863 8.5
    endloop
  endfacet
  facet normal 0.58778 0.809021 -0
    outer loop
      vertex 16.7283 18.5786 8.5
      vertex 12.5 21.6506 11.5
      vertex 16.7283 18.5786 11.5
    endloop
  endfacet
  facet normal 0.58778 0.809021 0
    outer loop
      vertex 12.5 21.6506 11.5
      vertex 16.7283 18.5786 8.5
      vertex 12.5 21.6506 8.5
    endloop
  endfacet
  facet normal -0.207906 0.978149 0
    outer loop
      vertex -2.61321 24.863 8.5
      vertex -7.72542 23.7764 11.5
      vertex -2.61321 24.863 11.5
    endloop
  endfacet
  facet normal -0.207906 0.978149 0
    outer loop
      vertex -7.72542 23.7764 11.5
      vertex -2.61321 24.863 8.5
      vertex -7.72542 23.7764 8.5
    endloop
  endfacet
  facet normal 0.40674 -0.913544 0
    outer loop
      vertex 7.72542 -23.7764 8.5
      vertex 12.5 -21.6506 11.5
      vertex 7.72542 -23.7764 11.5
    endloop
  endfacet
  facet normal 0.40674 -0.913544 0
    outer loop
      vertex 12.5 -21.6506 11.5
      vertex 7.72542 -23.7764 8.5
      vertex 12.5 -21.6506 8.5
    endloop
  endfacet
  facet normal 0 -1 0
    outer loop
      vertex -2.61321 -24.863 8.5
      vertex 2.61321 -24.863 11.5
      vertex -2.61321 -24.863 11.5
    endloop
  endfacet
  facet normal 0 -1 -0
    outer loop
      vertex 2.61321 -24.863 11.5
      vertex -2.61321 -24.863 8.5
      vertex 2.61321 -24.863 8.5
    endloop
  endfacet
  facet normal -0.207906 -0.978149 0
    outer loop
      vertex -7.72542 -23.7764 8.5
      vertex -2.61321 -24.863 11.5
      vertex -7.72542 -23.7764 11.5
    endloop
  endfacet
  facet normal -0.207906 -0.978149 -0
    outer loop
      vertex -2.61321 -24.863 11.5
      vertex -7.72542 -23.7764 8.5
      vertex -2.61321 -24.863 8.5
    endloop
  endfacet
  facet normal -0.951054 0.309026 0
    outer loop
      vertex -24.4537 5.19779 8.5
      vertex -22.8386 10.1684 11.5
      vertex -22.8386 10.1684 8.5
    endloop
  endfacet
  facet normal -0.951054 0.309026 0
    outer loop
      vertex -22.8386 10.1684 11.5
      vertex -24.4537 5.19779 8.5
      vertex -24.4537 5.19779 11.5
    endloop
  endfacet
  facet normal -0.92388 -0.382682 0
    outer loop
      vertex 7.24444 1.94114 8.5
      vertex 6.49519 3.75 10
      vertex 6.49519 3.75 8.5
    endloop
  endfacet
  facet normal -0.92388 -0.382682 0
    outer loop
      vertex 6.49519 3.75 10
      vertex 7.24444 1.94114 8.5
      vertex 7.24444 1.94114 10
    endloop
  endfacet
  facet normal -0.991445 -0.130528 0
    outer loop
      vertex 7.5 0 8.5
      vertex 7.24444 1.94114 10
      vertex 7.24444 1.94114 8.5
    endloop
  endfacet
  facet normal -0.991445 -0.130528 0
    outer loop
      vertex 7.24444 1.94114 10
      vertex 7.5 0 8.5
      vertex 7.5 0 10
    endloop
  endfacet
  facet normal -0.793353 -0.608762 0
    outer loop
      vertex 6.49519 3.75 8.5
      vertex 5.3033 5.3033 10
      vertex 5.3033 5.3033 8.5
    endloop
  endfacet
  facet normal -0.793353 -0.608762 0
    outer loop
      vertex 5.3033 5.3033 10
      vertex 6.49519 3.75 8.5
      vertex 6.49519 3.75 10
    endloop
  endfacet
  facet normal 0.793353 -0.608762 0
    outer loop
      vertex -6.49519 3.75 10
      vertex -5.3033 5.3033 8.5
      vertex -5.3033 5.3033 10
    endloop
  endfacet
  facet normal 0.793353 -0.608762 0
    outer loop
      vertex -5.3033 5.3033 8.5
      vertex -6.49519 3.75 10
      vertex -6.49519 3.75 8.5
    endloop
  endfacet
  facet normal 0.608762 -0.793353 0
    outer loop
      vertex -5.3033 5.3033 8.5
      vertex -3.75 6.49519 10
      vertex -5.3033 5.3033 10
    endloop
  endfacet
  facet normal 0.608762 -0.793353 0
    outer loop
      vertex -3.75 6.49519 10
      vertex -5.3033 5.3033 8.5
      vertex -3.75 6.49519 8.5
    endloop
  endfacet
  facet normal -0.382682 0.92388 0
    outer loop
      vertex 3.75 -6.49519 8.5
      vertex 1.94114 -7.24444 10
      vertex 3.75 -6.49519 10
    endloop
  endfacet
  facet normal -0.382682 0.92388 0
    outer loop
      vertex 1.94114 -7.24444 10
      vertex 3.75 -6.49519 8.5
      vertex 1.94114 -7.24444 8.5
    endloop
  endfacet
  facet normal 0.92388 -0.382682 0
    outer loop
      vertex -7.24444 1.94114 10
      vertex -6.49519 3.75 8.5
      vertex -6.49519 3.75 10
    endloop
  endfacet
  facet normal 0.92388 -0.382682 0
    outer loop
      vertex -6.49519 3.75 8.5
      vertex -7.24444 1.94114 10
      vertex -7.24444 1.94114 8.5
    endloop
  endfacet
  facet normal -0.608762 -0.793353 0
    outer loop
      vertex 3.75 6.49519 8.5
      vertex 5.3033 5.3033 10
      vertex 3.75 6.49519 10
    endloop
  endfacet
  facet normal -0.608762 -0.793353 -0
    outer loop
      vertex 5.3033 5.3033 10
      vertex 3.75 6.49519 8.5
      vertex 5.3033 5.3033 8.5
    endloop
  endfacet
  facet normal -0.130528 -0.991445 0
    outer loop
      vertex 0 7.5 8.5
      vertex 1.94114 7.24444 10
      vertex 0 7.5 10
    endloop
  endfacet
  facet normal -0.130528 -0.991445 -0
    outer loop
      vertex 1.94114 7.24444 10
      vertex 0 7.5 8.5
      vertex 1.94114 7.24444 8.5
    endloop
  endfacet
  facet normal 0.382682 0.92388 -0
    outer loop
      vertex -1.94114 -7.24444 8.5
      vertex -3.75 -6.49519 10
      vertex -1.94114 -7.24444 10
    endloop
  endfacet
  facet normal 0.382682 0.92388 0
    outer loop
      vertex -3.75 -6.49519 10
      vertex -1.94114 -7.24444 8.5
      vertex -3.75 -6.49519 8.5
    endloop
  endfacet
  facet normal -0.130528 0.991445 0
    outer loop
      vertex 1.94114 -7.24444 8.5
      vertex 0 -7.5 10
      vertex 1.94114 -7.24444 10
    endloop
  endfacet
  facet normal -0.130528 0.991445 0
    outer loop
      vertex 0 -7.5 10
      vertex 1.94114 -7.24444 8.5
      vertex 0 -7.5 8.5
    endloop
  endfacet
  facet normal 0 0 -1
    outer loop
      vertex 7.24444 -1.94114 10
      vertex 7.24444 1.94114 10
      vertex 7.5 0 10
    endloop
  endfacet
  facet normal 0 0 -1
    outer loop
      vertex 6.49519 -3.75 10
      vertex 7.24444 1.94114 10
      vertex 7.24444 -1.94114 10
    endloop
  endfacet
  facet normal 0 0 -1
    outer loop
      vertex 6.49519 -3.75 10
      vertex 6.49519 3.75 10
      vertex 7.24444 1.94114 10
    endloop
  endfacet
  facet normal 0 0 -1
    outer loop
      vertex 5.3033 -5.3033 10
      vertex 6.49519 3.75 10
      vertex 6.49519 -3.75 10
    endloop
  endfacet
  facet normal 0 0 -1
    outer loop
      vertex 5.3033 -5.3033 10
      vertex 5.3033 5.3033 10
      vertex 6.49519 3.75 10
    endloop
  endfacet
  facet normal 0 0 -1
    outer loop
      vertex 3.75 -6.49519 10
      vertex 5.3033 5.3033 10
      vertex 5.3033 -5.3033 10
    endloop
  endfacet
  facet normal 0 0 -1
    outer loop
      vertex 3.75 -6.49519 10
      vertex 3.75 6.49519 10
      vertex 5.3033 5.3033 10
    endloop
  endfacet
  facet normal 0 0 -1
    outer loop
      vertex 1.94114 -7.24444 10
      vertex 3.75 6.49519 10
      vertex 3.75 -6.49519 10
    endloop
  endfacet
  facet normal 0 0 -1
    outer loop
      vertex 1.94114 -7.24444 10
      vertex 1.94114 7.24444 10
      vertex 3.75 6.49519 10
    endloop
  endfacet
  facet normal 0 0 -1
    outer loop
      vertex 0 -7.5 10
      vertex 1.94114 7.24444 10
      vertex 1.94114 -7.24444 10
    endloop
  endfacet
  facet normal 0 0 -1
    outer loop
      vertex 0 -7.5 10
      vertex 0 7.5 10
      vertex 1.94114 7.24444 10
    endloop
  endfacet
  facet normal 0 0 -1
    outer loop
      vertex -1.94114 -7.24444 10
      vertex 0 7.5 10
      vertex 0 -7.5 10
    endloop
  endfacet
  facet normal 0 0 -1
    outer loop
      vertex -1.94114 -7.24444 10
      vertex -1.94114 7.24444 10
      vertex 0 7.5 10
    endloop
  endfacet
  facet normal 0 0 -1
    outer loop
      vertex -3.75 -6.49519 10
      vertex -1.94114 7.24444 10
      vertex -1.94114 -7.24444 10
    endloop
  endfacet
  facet normal 0 0 -1
    outer loop
      vertex -3.75 -6.49519 10
      vertex -3.75 6.49519 10
      vertex -1.94114 7.24444 10
    endloop
  endfacet
  facet normal 0 0 -1
    outer loop
      vertex -5.3033 -5.3033 10
      vertex -3.75 6.49519 10
      vertex -3.75 -6.49519 10
    endloop
  endfacet
  facet normal 0 0 -1
    outer loop
      vertex -5.3033 -5.3033 10
      vertex -5.3033 5.3033 10
      vertex -3.75 6.49519 10
    endloop
  endfacet
  facet normal 0 0 -1
    outer loop
      vertex -6.49519 -3.75 10
      vertex -5.3033 5.3033 10
      vertex -5.3033 -5.3033 10
    endloop
  endfacet
  facet normal 0 0 -1
    outer loop
      vertex -6.49519 -3.75 10
      vertex -6.49519 3.75 10
      vertex -5.3033 5.3033 10
    endloop
  endfacet
  facet normal 0 0 -1
    outer loop
      vertex -7.24444 -1.94114 10
      vertex -6.49519 3.75 10
      vertex -6.49519 -3.75 10
    endloop
  endfacet
  facet normal 0 0 -1
    outer loop
      vertex -7.24444 -1.94114 10
      vertex -7.24444 1.94114 10
      vertex -6.49519 3.75 10
    endloop
  endfacet
  facet normal 0 -0 -1
    outer loop
      vertex -7.24444 1.94114 10
      vertex -7.24444 -1.94114 10
      vertex -7.5 0 10
    endloop
  endfacet
  facet normal -0.793353 0.608762 0
    outer loop
      vertex 5.3033 -5.3033 8.5
      vertex 6.49519 -3.75 10
      vertex 6.49519 -3.75 8.5
    endloop
  endfacet
  facet normal -0.793353 0.608762 0
    outer loop
      vertex 6.49519 -3.75 10
      vertex 5.3033 -5.3033 8.5
      vertex 5.3033 -5.3033 10
    endloop
  endfacet
  facet normal -0.608762 0.793353 0
    outer loop
      vertex 5.3033 -5.3033 8.5
      vertex 3.75 -6.49519 10
      vertex 5.3033 -5.3033 10
    endloop
  endfacet
  facet normal -0.608762 0.793353 0
    outer loop
      vertex 3.75 -6.49519 10
      vertex 5.3033 -5.3033 8.5
      vertex 3.75 -6.49519 8.5
    endloop
  endfacet
  facet normal 0.793353 0.608762 0
    outer loop
      vertex -5.3033 -5.3033 10
      vertex -6.49519 -3.75 8.5
      vertex -6.49519 -3.75 10
    endloop
  endfacet
  facet normal 0.793353 0.608762 0
    outer loop
      vertex -6.49519 -3.75 8.5
      vertex -5.3033 -5.3033 10
      vertex -5.3033 -5.3033 8.5
    endloop
  endfacet
  facet normal -0.991445 0.130528 0
    outer loop
      vertex 7.24444 -1.94114 8.5
      vertex 7.5 0 10
      vertex 7.5 0 8.5
    endloop
  endfacet
  facet normal -0.991445 0.130528 0
    outer loop
      vertex 7.5 0 10
      vertex 7.24444 -1.94114 8.5
      vertex 7.24444 -1.94114 10
    endloop
  endfacet
  facet normal 0.991445 -0.130528 0
    outer loop
      vertex -7.5 0 10
      vertex -7.24444 1.94114 8.5
      vertex -7.24444 1.94114 10
    endloop
  endfacet
  facet normal 0.991445 -0.130528 0
    outer loop
      vertex -7.24444 1.94114 8.5
      vertex -7.5 0 10
      vertex -7.5 0 8.5
    endloop
  endfacet
  facet normal 0.130528 -0.991445 0
    outer loop
      vertex -1.94114 7.24444 8.5
      vertex 0 7.5 10
      vertex -1.94114 7.24444 10
    endloop
  endfacet
  facet normal 0.130528 -0.991445 0
    outer loop
      vertex 0 7.5 10
      vertex -1.94114 7.24444 8.5
      vertex 0 7.5 8.5
    endloop
  endfacet
  facet normal -0.92388 0.382682 0
    outer loop
      vertex 6.49519 -3.75 8.5
      vertex 7.24444 -1.94114 10
      vertex 7.24444 -1.94114 8.5
    endloop
  endfacet
  facet normal -0.92388 0.382682 0
    outer loop
      vertex 7.24444 -1.94114 10
      vertex 6.49519 -3.75 8.5
      vertex 6.49519 -3.75 10
    endloop
  endfacet
  facet normal 0.382682 -0.92388 0
    outer loop
      vertex -3.75 6.49519 8.5
      vertex -1.94114 7.24444 10
      vertex -3.75 6.49519 10
    endloop
  endfacet
  facet normal 0.382682 -0.92388 0
    outer loop
      vertex -1.94114 7.24444 10
      vertex -3.75 6.49519 8.5
      vertex -1.94114 7.24444 8.5
    endloop
  endfacet
  facet normal -0.382682 -0.92388 0
    outer loop
      vertex 1.94114 7.24444 8.5
      vertex 3.75 6.49519 10
      vertex 1.94114 7.24444 10
    endloop
  endfacet
  facet normal -0.382682 -0.92388 -0
    outer loop
      vertex 3.75 6.49519 10
      vertex 1.94114 7.24444 8.5
      vertex 3.75 6.49519 8.5
    endloop
  endfacet
  facet normal 0.130528 0.991445 -0
    outer loop
      vertex 0 -7.5 8.5
      vertex -1.94114 -7.24444 10
      vertex 0 -7.5 10
    endloop
  endfacet
  facet normal 0.130528 0.991445 0
    outer loop
      vertex -1.94114 -7.24444 10
      vertex 0 -7.5 8.5
      vertex -1.94114 -7.24444 8.5
    endloop
  endfacet
  facet normal 0.92388 0.382682 0
    outer loop
      vertex -6.49519 -3.75 10
      vertex -7.24444 -1.94114 8.5
      vertex -7.24444 -1.94114 10
    endloop
  endfacet
  facet normal 0.92388 0.382682 0
    outer loop
      vertex -7.24444 -1.94114 8.5
      vertex -6.49519 -3.75 10
      vertex -6.49519 -3.75 8.5
    endloop
  endfacet
  facet normal 0.991445 0.130528 0
    outer loop
      vertex -7.24444 -1.94114 10
      vertex -7.5 0 8.5
      vertex -7.5 0 10
    endloop
  endfacet
  facet normal 0.991445 0.130528 0
    outer loop
      vertex -7.5 0 8.5
      vertex -7.24444 -1.94114 10
      vertex -7.24444 -1.94114 8.5
    endloop
  endfacet
  facet normal 0.608762 0.793353 -0
    outer loop
      vertex -3.75 -6.49519 8.5
      vertex -5.3033 -5.3033 10
      vertex -3.75 -6.49519 10
    endloop
  endfacet
  facet normal 0.608762 0.793353 0
    outer loop
      vertex -5.3033 -5.3033 10
      vertex -3.75 -6.49519 8.5
      vertex -5.3033 -5.3033 8.5
    endloop
  endfacet
  facet normal 0.382676 -0.923883 0
    outer loop
      vertex 18.2322 1.76777 5.5
      vertex 20 2.5 7
      vertex 18.2322 1.76777 7
    endloop
  endfacet
  facet normal 0.382676 -0.923883 0
    outer loop
      vertex 20 2.5 7
      vertex 18.2322 1.76777 5.5
      vertex 20 2.5 5.5
    endloop
  endfacet
  facet normal 0.923886 -0.382668 0
    outer loop
      vertex 17.5 0 7
      vertex 18.2322 1.76777 5.5
      vertex 18.2322 1.76777 7
    endloop
  endfacet
  facet normal 0.923886 -0.382668 0
    outer loop
      vertex 18.2322 1.76777 5.5
      vertex 17.5 0 7
      vertex 17.5 0 5.5
    endloop
  endfacet
  facet normal 0.382676 0.923883 -0
    outer loop
      vertex 20 -2.5 5.5
      vertex 18.2322 -1.76777 7
      vertex 20 -2.5 7
    endloop
  endfacet
  facet normal 0.382676 0.923883 0
    outer loop
      vertex 18.2322 -1.76777 7
      vertex 20 -2.5 5.5
      vertex 18.2322 -1.76777 5.5
    endloop
  endfacet
  facet normal 0.923886 0.382668 0
    outer loop
      vertex 18.2322 -1.76777 7
      vertex 17.5 0 5.5
      vertex 17.5 0 7
    endloop
  endfacet
  facet normal 0.923886 0.382668 0
    outer loop
      vertex 17.5 0 5.5
      vertex 18.2322 -1.76777 7
      vertex 18.2322 -1.76777 5.5
    endloop
  endfacet
  facet normal 0.923883 0.382676 0
    outer loop
      vertex -1.76777 18.2322 7
      vertex -2.5 20 5.5
      vertex -2.5 20 7
    endloop
  endfacet
  facet normal 0.923883 0.382676 0
    outer loop
      vertex -2.5 20 5.5
      vertex -1.76777 18.2322 7
      vertex -1.76777 18.2322 5.5
    endloop
  endfacet
  facet normal 0.382668 0.923886 -0
    outer loop
      vertex 0 17.5 5.5
      vertex -1.76777 18.2322 7
      vertex 0 17.5 7
    endloop
  endfacet
  facet normal 0.382668 0.923886 0
    outer loop
      vertex -1.76777 18.2322 7
      vertex 0 17.5 5.5
      vertex -1.76777 18.2322 5.5
    endloop
  endfacet
  facet normal -0.923883 0.382676 0
    outer loop
      vertex 1.76777 18.2322 5.5
      vertex 2.5 20 7
      vertex 2.5 20 5.5
    endloop
  endfacet
  facet normal -0.923883 0.382676 0
    outer loop
      vertex 2.5 20 7
      vertex 1.76777 18.2322 5.5
      vertex 1.76777 18.2322 7
    endloop
  endfacet
  facet normal -0.382668 0.923886 0
    outer loop
      vertex 1.76777 18.2322 5.5
      vertex 0 17.5 7
      vertex 1.76777 18.2322 7
    endloop
  endfacet
  facet normal -0.382668 0.923886 0
    outer loop
      vertex 0 17.5 7
      vertex 1.76777 18.2322 5.5
      vertex 0 17.5 5.5
    endloop
  endfacet
  facet normal -0.382676 0.923883 0
    outer loop
      vertex -18.2322 -1.76777 5.5
      vertex -20 -2.5 7
      vertex -18.2322 -1.76777 7
    endloop
  endfacet
  facet normal -0.382676 0.923883 0
    outer loop
      vertex -20 -2.5 7
      vertex -18.2322 -1.76777 5.5
      vertex -20 -2.5 5.5
    endloop
  endfacet
  facet normal -0.923886 0.382668 0
    outer loop
      vertex -18.2322 -1.76777 5.5
      vertex -17.5 0 7
      vertex -17.5 0 5.5
    endloop
  endfacet
  facet normal -0.923886 0.382668 0
    outer loop
      vertex -17.5 0 7
      vertex -18.2322 -1.76777 5.5
      vertex -18.2322 -1.76777 7
    endloop
  endfacet
  facet normal -0.382676 -0.923883 0
    outer loop
      vertex -20 2.5 5.5
      vertex -18.2322 1.76777 7
      vertex -20 2.5 7
    endloop
  endfacet
  facet normal -0.382676 -0.923883 -0
    outer loop
      vertex -18.2322 1.76777 7
      vertex -20 2.5 5.5
      vertex -18.2322 1.76777 5.5
    endloop
  endfacet
  facet normal -0.923886 -0.382668 0
    outer loop
      vertex -17.5 0 5.5
      vertex -18.2322 1.76777 7
      vertex -18.2322 1.76777 5.5
    endloop
  endfacet
  facet normal -0.923886 -0.382668 0
    outer loop
      vertex -18.2322 1.76777 7
      vertex -17.5 0 5.5
      vertex -17.5 0 7
    endloop
  endfacet
  facet normal -0.923883 -0.382676 0
    outer loop
      vertex 2.5 -20 5.5
      vertex 1.76777 -18.2322 7
      vertex 1.76777 -18.2322 5.5
    endloop
  endfacet
  facet normal -0.923883 -0.382676 0
    outer loop
      vertex 1.76777 -18.2322 7
      vertex 2.5 -20 5.5
      vertex 2.5 -20 7
    endloop
  endfacet
  facet normal -0.382668 -0.923886 0
    outer loop
      vertex 0 -17.5 5.5
      vertex 1.76777 -18.2322 7
      vertex 0 -17.5 7
    endloop
  endfacet
  facet normal -0.382668 -0.923886 -0
    outer loop
      vertex 1.76777 -18.2322 7
      vertex 0 -17.5 5.5
      vertex 1.76777 -18.2322 5.5
    endloop
  endfacet
  facet normal 0.923883 -0.382676 0
    outer loop
      vertex -2.5 -20 7
      vertex -1.76777 -18.2322 5.5
      vertex -1.76777 -18.2322 7
    endloop
  endfacet
  facet normal 0.923883 -0.382676 0
    outer loop
      vertex -1.76777 -18.2322 5.5
      vertex -2.5 -20 7
      vertex -2.5 -20 5.5
    endloop
  endfacet
  facet normal 0.382668 -0.923886 0
    outer loop
      vertex -1.76777 -18.2322 5.5
      vertex 0 -17.5 7
      vertex -1.76777 -18.2322 7
    endloop
  endfacet
  facet normal 0.382668 -0.923886 0
    outer loop
      vertex 0 -17.5 7
      vertex -1.76777 -18.2322 5.5
      vertex 0 -17.5 5.5
    endloop
  endfacet
  facet normal -0.890492 -0.0935928 0.445269
    outer loop
      vertex -23.4755 -4.98988 8.5
      vertex -25 0 6.5
      vertex -24.4537 -5.19779 6.5
    endloop
  endfacet
  facet normal -0.851593 0.27669 0.445233
    outer loop
      vertex -22.8386 10.1684 6.5
      vertex -23.4755 4.98988 8.5
      vertex -21.9251 9.76168 8.5
    endloop
  endfacet
  facet normal 0.951054 0.309026 0
    outer loop
      vertex 24.4537 5.19779 6.5
      vertex 22.8386 10.1684 2.5
      vertex 22.8386 10.1684 6.5
    endloop
  endfacet
  facet normal 0.951054 0.309026 0
    outer loop
      vertex 22.8386 10.1684 2.5
      vertex 24.4537 5.19779 6.5
      vertex 24.4537 5.19779 2.5
    endloop
  endfacet
  facet normal 0 1 -0
    outer loop
      vertex 2.61321 24.863 2.5
      vertex -2.61321 24.863 6.5
      vertex 2.61321 24.863 6.5
    endloop
  endfacet
  facet normal 0 1 0
    outer loop
      vertex -2.61321 24.863 6.5
      vertex 2.61321 24.863 2.5
      vertex -2.61321 24.863 2.5
    endloop
  endfacet
  facet normal 0.58778 -0.809021 0
    outer loop
      vertex 12.5 -21.6506 2.5
      vertex 16.7283 -18.5786 6.5
      vertex 12.5 -21.6506 6.5
    endloop
  endfacet
  facet normal 0.58778 -0.809021 0
    outer loop
      vertex 16.7283 -18.5786 6.5
      vertex 12.5 -21.6506 2.5
      vertex 16.7283 -18.5786 2.5
    endloop
  endfacet
  facet normal 0.775449 0.447713 0.445233
    outer loop
      vertex 22.8386 10.1684 6.5
      vertex 19.4164 14.1068 8.5
      vertex 21.9251 9.76168 8.5
    endloop
  endfacet
  facet normal 0.665423 0.599137 0.44525
    outer loop
      vertex 20.2254 14.6946 6.5
      vertex 16.7283 18.5786 6.5
      vertex 19.4164 14.1068 8.5
    endloop
  endfacet
  facet normal 0.851571 0.276701 0.445268
    outer loop
      vertex 24.4537 5.19779 6.5
      vertex 22.8386 10.1684 6.5
      vertex 23.4755 4.98988 8.5
    endloop
  endfacet
  facet normal 0.207906 0.978149 -0
    outer loop
      vertex 7.72542 23.7764 2.5
      vertex 2.61321 24.863 6.5
      vertex 7.72542 23.7764 6.5
    endloop
  endfacet
  facet normal 0.207906 0.978149 0
    outer loop
      vertex 2.61321 24.863 6.5
      vertex 7.72542 23.7764 2.5
      vertex 2.61321 24.863 2.5
    endloop
  endfacet
  facet normal -0.775449 0.447713 0.445233
    outer loop
      vertex -19.4164 14.1068 8.5
      vertex -22.8386 10.1684 6.5
      vertex -21.9251 9.76168 8.5
    endloop
  endfacet
  facet normal -0.40674 -0.913544 0
    outer loop
      vertex -12.5 -21.6506 2.5
      vertex -7.72542 -23.7764 6.5
      vertex -12.5 -21.6506 6.5
    endloop
  endfacet
  facet normal -0.40674 -0.913544 -0
    outer loop
      vertex -7.72542 -23.7764 6.5
      vertex -12.5 -21.6506 2.5
      vertex -7.72542 -23.7764 2.5
    endloop
  endfacet
  facet normal 0.775449 -0.447713 0.445233
    outer loop
      vertex 21.9251 -9.76168 8.5
      vertex 19.4164 -14.1068 8.5
      vertex 22.8386 -10.1684 6.5
    endloop
  endfacet
  facet normal -0.526308 0.724402 0.445243
    outer loop
      vertex -12.5 21.6506 6.5
      vertex -16.0591 17.8355 8.5
      vertex -12 20.7846 8.5
    endloop
  endfacet
  facet normal 0.775446 -0.447703 0.445248
    outer loop
      vertex 22.8386 -10.1684 6.5
      vertex 19.4164 -14.1068 8.5
      vertex 20.2254 -14.6946 6.5
    endloop
  endfacet
  facet normal 0.40674 -0.913544 0
    outer loop
      vertex 7.72542 -23.7764 2.5
      vertex 12.5 -21.6506 6.5
      vertex 7.72542 -23.7764 6.5
    endloop
  endfacet
  facet normal 0.40674 -0.913544 0
    outer loop
      vertex 12.5 -21.6506 6.5
      vertex 7.72542 -23.7764 2.5
      vertex 12.5 -21.6506 2.5
    endloop
  endfacet
  facet normal -0.186154 -0.875845 0.445243
    outer loop
      vertex -2.50868 -23.8685 8.5
      vertex -7.41641 -22.8254 8.5
      vertex -2.61321 -24.863 6.5
    endloop
  endfacet
  facet normal -0.851571 0.276701 0.445268
    outer loop
      vertex -22.8386 10.1684 6.5
      vertex -24.4537 5.19779 6.5
      vertex -23.4755 4.98988 8.5
    endloop
  endfacet
  facet normal 0 0 1
    outer loop
      vertex 7.24444 1.94114 5.5
      vertex 7.24444 -1.94114 5.5
      vertex 7.5 0 5.5
    endloop
  endfacet
  facet normal 0 0 1
    outer loop
      vertex 6.49519 3.75 5.5
      vertex 7.24444 -1.94114 5.5
      vertex 7.24444 1.94114 5.5
    endloop
  endfacet
  facet normal 0 0 1
    outer loop
      vertex 6.49519 3.75 5.5
      vertex 6.49519 -3.75 5.5
      vertex 7.24444 -1.94114 5.5
    endloop
  endfacet
  facet normal 0 0 1
    outer loop
      vertex 5.3033 5.3033 5.5
      vertex 6.49519 -3.75 5.5
      vertex 6.49519 3.75 5.5
    endloop
  endfacet
  facet normal 0 0 1
    outer loop
      vertex 5.3033 5.3033 5.5
      vertex 5.3033 -5.3033 5.5
      vertex 6.49519 -3.75 5.5
    endloop
  endfacet
  facet normal 0 0 1
    outer loop
      vertex 3.75 6.49519 5.5
      vertex 5.3033 -5.3033 5.5
      vertex 5.3033 5.3033 5.5
    endloop
  endfacet
  facet normal 0 0 1
    outer loop
      vertex 3.75 6.49519 5.5
      vertex 3.75 -6.49519 5.5
      vertex 5.3033 -5.3033 5.5
    endloop
  endfacet
  facet normal 0 0 1
    outer loop
      vertex 1.94114 7.24444 5.5
      vertex 3.75 -6.49519 5.5
      vertex 3.75 6.49519 5.5
    endloop
  endfacet
  facet normal 0 0 1
    outer loop
      vertex 1.94114 7.24444 5.5
      vertex 1.94114 -7.24444 5.5
      vertex 3.75 -6.49519 5.5
    endloop
  endfacet
  facet normal 0 0 1
    outer loop
      vertex 0 7.5 5.5
      vertex 1.94114 -7.24444 5.5
      vertex 1.94114 7.24444 5.5
    endloop
  endfacet
  facet normal 0 0 1
    outer loop
      vertex 0 7.5 5.5
      vertex 0 -7.5 5.5
      vertex 1.94114 -7.24444 5.5
    endloop
  endfacet
  facet normal -0 0 1
    outer loop
      vertex -1.94114 7.24444 5.5
      vertex 0 -7.5 5.5
      vertex 0 7.5 5.5
    endloop
  endfacet
  facet normal 0 0 1
    outer loop
      vertex -1.94114 7.24444 5.5
      vertex -1.94114 -7.24444 5.5
      vertex 0 -7.5 5.5
    endloop
  endfacet
  facet normal -0 0 1
    outer loop
      vertex -3.75 6.49519 5.5
      vertex -1.94114 -7.24444 5.5
      vertex -1.94114 7.24444 5.5
    endloop
  endfacet
  facet normal 0 0 1
    outer loop
      vertex -3.75 6.49519 5.5
      vertex -3.75 -6.49519 5.5
      vertex -1.94114 -7.24444 5.5
    endloop
  endfacet
  facet normal -0 0 1
    outer loop
      vertex -5.3033 5.3033 5.5
      vertex -3.75 -6.49519 5.5
      vertex -3.75 6.49519 5.5
    endloop
  endfacet
  facet normal 0 0 1
    outer loop
      vertex -5.3033 5.3033 5.5
      vertex -5.3033 -5.3033 5.5
      vertex -3.75 -6.49519 5.5
    endloop
  endfacet
  facet normal -0 0 1
    outer loop
      vertex -6.49519 3.75 5.5
      vertex -5.3033 -5.3033 5.5
      vertex -5.3033 5.3033 5.5
    endloop
  endfacet
  facet normal 0 0 1
    outer loop
      vertex -6.49519 3.75 5.5
      vertex -6.49519 -3.75 5.5
      vertex -5.3033 -5.3033 5.5
    endloop
  endfacet
  facet normal -0 0 1
    outer loop
      vertex -7.24444 1.94114 5.5
      vertex -6.49519 -3.75 5.5
      vertex -6.49519 3.75 5.5
    endloop
  endfacet
  facet normal 0 0 1
    outer loop
      vertex -7.24444 1.94114 5.5
      vertex -7.24444 -1.94114 5.5
      vertex -6.49519 -3.75 5.5
    endloop
  endfacet
  facet normal 0 -0 1
    outer loop
      vertex -7.24444 -1.94114 5.5
      vertex -7.24444 1.94114 5.5
      vertex -7.5 0 5.5
    endloop
  endfacet
  facet normal 0.186162 0.87585 0.44523
    outer loop
      vertex 7.72542 23.7764 6.5
      vertex 2.61321 24.863 6.5
      vertex 7.41641 22.8254 8.5
    endloop
  endfacet
  facet normal 0.866026 -0.5 0
    outer loop
      vertex 20.2254 -14.6946 6.5
      vertex 22.8386 -10.1684 2.5
      vertex 22.8386 -10.1684 6.5
    endloop
  endfacet
  facet normal 0.866026 -0.5 0
    outer loop
      vertex 22.8386 -10.1684 2.5
      vertex 20.2254 -14.6946 6.5
      vertex 20.2254 -14.6946 2.5
    endloop
  endfacet
  facet normal 0.951054 -0.309026 0
    outer loop
      vertex 22.8386 -10.1684 6.5
      vertex 24.4537 -5.19779 2.5
      vertex 24.4537 -5.19779 6.5
    endloop
  endfacet
  facet normal 0.951054 -0.309026 0
    outer loop
      vertex 24.4537 -5.19779 2.5
      vertex 22.8386 -10.1684 6.5
      vertex 22.8386 -10.1684 2.5
    endloop
  endfacet
  facet normal -0.866026 -0.5 0
    outer loop
      vertex -20.2254 -14.6946 2.5
      vertex -22.8386 -10.1684 6.5
      vertex -22.8386 -10.1684 2.5
    endloop
  endfacet
  facet normal -0.866026 -0.5 0
    outer loop
      vertex -22.8386 -10.1684 6.5
      vertex -20.2254 -14.6946 2.5
      vertex -20.2254 -14.6946 6.5
    endloop
  endfacet
  facet normal 0.8905 0.0936029 0.44525
    outer loop
      vertex 25 0 6.5
      vertex 23.4755 4.98988 8.5
      vertex 24 0 8.5
    endloop
  endfacet
  facet normal 0.186162 -0.87585 0.44523
    outer loop
      vertex 7.41641 -22.8254 8.5
      vertex 2.61321 -24.863 6.5
      vertex 7.72542 -23.7764 6.5
    endloop
  endfacet
  facet normal 0.186154 0.875845 0.445243
    outer loop
      vertex 2.61321 24.863 6.5
      vertex 2.50868 23.8685 8.5
      vertex 7.41641 22.8254 8.5
    endloop
  endfacet
  facet normal 0.994522 0.104527 0
    outer loop
      vertex 25 0 6.5
      vertex 24.4537 5.19779 2.5
      vertex 24.4537 5.19779 6.5
    endloop
  endfacet
  facet normal 0.994522 0.104527 0
    outer loop
      vertex 24.4537 5.19779 2.5
      vertex 25 0 6.5
      vertex 25 0 2.5
    endloop
  endfacet
  facet normal -0.775446 -0.447703 0.445248
    outer loop
      vertex -19.4164 -14.1068 8.5
      vertex -22.8386 -10.1684 6.5
      vertex -20.2254 -14.6946 6.5
    endloop
  endfacet
  facet normal 0.526308 -0.724402 0.445243
    outer loop
      vertex 16.0591 -17.8355 8.5
      vertex 12 -20.7846 8.5
      vertex 12.5 -21.6506 6.5
    endloop
  endfacet
  facet normal -0.851593 -0.27669 0.445233
    outer loop
      vertex -21.9251 -9.76168 8.5
      vertex -23.4755 -4.98988 8.5
      vertex -22.8386 -10.1684 6.5
    endloop
  endfacet
  facet normal 0 0.89541 0.445243
    outer loop
      vertex 2.61321 24.863 6.5
      vertex -2.50868 23.8685 8.5
      vertex 2.50868 23.8685 8.5
    endloop
  endfacet
  facet normal 0 0.89541 0.445243
    outer loop
      vertex -2.50868 23.8685 8.5
      vertex 2.61321 24.863 6.5
      vertex -2.61321 24.863 6.5
    endloop
  endfacet
  facet normal 0.743151 0.669123 0
    outer loop
      vertex 20.2254 14.6946 6.5
      vertex 16.7283 18.5786 2.5
      vertex 16.7283 18.5786 6.5
    endloop
  endfacet
  facet normal 0.743151 0.669123 0
    outer loop
      vertex 16.7283 18.5786 2.5
      vertex 20.2254 14.6946 6.5
      vertex 20.2254 14.6946 2.5
    endloop
  endfacet
  facet normal 0.58778 0.809021 -0
    outer loop
      vertex 16.7283 18.5786 2.5
      vertex 12.5 21.6506 6.5
      vertex 16.7283 18.5786 6.5
    endloop
  endfacet
  facet normal 0.58778 0.809021 0
    outer loop
      vertex 12.5 21.6506 6.5
      vertex 16.7283 18.5786 2.5
      vertex 12.5 21.6506 2.5
    endloop
  endfacet
  facet normal 0.364201 -0.818002 0.445231
    outer loop
      vertex 12.5 -21.6506 6.5
      vertex 7.41641 -22.8254 8.5
      vertex 7.72542 -23.7764 6.5
    endloop
  endfacet
  facet normal 0.866026 0.5 0
    outer loop
      vertex 22.8386 10.1684 6.5
      vertex 20.2254 14.6946 2.5
      vertex 20.2254 14.6946 6.5
    endloop
  endfacet
  facet normal 0.866026 0.5 0
    outer loop
      vertex 20.2254 14.6946 2.5
      vertex 22.8386 10.1684 6.5
      vertex 22.8386 10.1684 2.5
    endloop
  endfacet
  facet normal -0.851571 -0.276701 0.445268
    outer loop
      vertex -23.4755 -4.98988 8.5
      vertex -24.4537 -5.19779 6.5
      vertex -22.8386 -10.1684 6.5
    endloop
  endfacet
  facet normal 0.890492 -0.0935928 0.445269
    outer loop
      vertex 25 0 6.5
      vertex 23.4755 -4.98988 8.5
      vertex 24.4537 -5.19779 6.5
    endloop
  endfacet
  facet normal 0 -1 0
    outer loop
      vertex -2.61321 -24.863 2.5
      vertex 2.61321 -24.863 6.5
      vertex -2.61321 -24.863 6.5
    endloop
  endfacet
  facet normal 0 -1 -0
    outer loop
      vertex 2.61321 -24.863 6.5
      vertex -2.61321 -24.863 2.5
      vertex 2.61321 -24.863 2.5
    endloop
  endfacet
  facet normal -0.186162 -0.87585 0.44523
    outer loop
      vertex -7.41641 -22.8254 8.5
      vertex -7.72542 -23.7764 6.5
      vertex -2.61321 -24.863 6.5
    endloop
  endfacet
  facet normal -0.364204 -0.817994 0.445243
    outer loop
      vertex -12 -20.7846 8.5
      vertex -12.5 -21.6506 6.5
      vertex -7.41641 -22.8254 8.5
    endloop
  endfacet
  facet normal -0.890492 0.0935928 0.445269
    outer loop
      vertex -24.4537 5.19779 6.5
      vertex -25 0 6.5
      vertex -23.4755 4.98988 8.5
    endloop
  endfacet
  facet normal 0.994522 -0.104527 0
    outer loop
      vertex 24.4537 -5.19779 6.5
      vertex 25 0 2.5
      vertex 25 0 6.5
    endloop
  endfacet
  facet normal 0.994522 -0.104527 0
    outer loop
      vertex 25 0 2.5
      vertex 24.4537 -5.19779 6.5
      vertex 24.4537 -5.19779 2.5
    endloop
  endfacet
  facet normal 0.775446 0.447703 0.445248
    outer loop
      vertex 20.2254 14.6946 6.5
      vertex 19.4164 14.1068 8.5
      vertex 22.8386 10.1684 6.5
    endloop
  endfacet
  facet normal -0.665423 -0.599137 0.44525
    outer loop
      vertex -19.4164 -14.1068 8.5
      vertex -20.2254 -14.6946 6.5
      vertex -16.7283 -18.5786 6.5
    endloop
  endfacet
  facet normal 0.890492 0.0935928 0.445269
    outer loop
      vertex 24.4537 5.19779 6.5
      vertex 23.4755 4.98988 8.5
      vertex 25 0 6.5
    endloop
  endfacet
  facet normal -0.665417 -0.599137 0.445258
    outer loop
      vertex -16.0591 -17.8355 8.5
      vertex -19.4164 -14.1068 8.5
      vertex -16.7283 -18.5786 6.5
    endloop
  endfacet
  facet normal -0.207906 0.978149 0
    outer loop
      vertex -2.61321 24.863 2.5
      vertex -7.72542 23.7764 6.5
      vertex -2.61321 24.863 6.5
    endloop
  endfacet
  facet normal -0.207906 0.978149 0
    outer loop
      vertex -7.72542 23.7764 6.5
      vertex -2.61321 24.863 2.5
      vertex -7.72542 23.7764 2.5
    endloop
  endfacet
  facet normal -0.364201 0.818002 0.445231
    outer loop
      vertex -7.72542 23.7764 6.5
      vertex -12.5 21.6506 6.5
      vertex -7.41641 22.8254 8.5
    endloop
  endfacet
  facet normal -0.775446 0.447703 0.445248
    outer loop
      vertex -20.2254 14.6946 6.5
      vertex -22.8386 10.1684 6.5
      vertex -19.4164 14.1068 8.5
    endloop
  endfacet
  facet normal 0.40674 0.913544 -0
    outer loop
      vertex 12.5 21.6506 2.5
      vertex 7.72542 23.7764 6.5
      vertex 12.5 21.6506 6.5
    endloop
  endfacet
  facet normal 0.40674 0.913544 0
    outer loop
      vertex 7.72542 23.7764 6.5
      vertex 12.5 21.6506 2.5
      vertex 7.72542 23.7764 2.5
    endloop
  endfacet
  facet normal -0.743151 -0.669123 0
    outer loop
      vertex -16.7283 -18.5786 2.5
      vertex -20.2254 -14.6946 6.5
      vertex -20.2254 -14.6946 2.5
    endloop
  endfacet
  facet normal -0.743151 -0.669123 0
    outer loop
      vertex -20.2254 -14.6946 6.5
      vertex -16.7283 -18.5786 2.5
      vertex -16.7283 -18.5786 6.5
    endloop
  endfacet
  facet normal 0.207906 -0.978149 0
    outer loop
      vertex 2.61321 -24.863 2.5
      vertex 7.72542 -23.7764 6.5
      vertex 2.61321 -24.863 6.5
    endloop
  endfacet
  facet normal 0.207906 -0.978149 0
    outer loop
      vertex 7.72542 -23.7764 6.5
      vertex 2.61321 -24.863 2.5
      vertex 7.72542 -23.7764 2.5
    endloop
  endfacet
  facet normal -0.994522 -0.104527 0
    outer loop
      vertex -24.4537 -5.19779 2.5
      vertex -25 0 6.5
      vertex -25 0 2.5
    endloop
  endfacet
  facet normal -0.994522 -0.104527 0
    outer loop
      vertex -25 0 6.5
      vertex -24.4537 -5.19779 2.5
      vertex -24.4537 -5.19779 6.5
    endloop
  endfacet
  facet normal -0.58778 -0.809021 0
    outer loop
      vertex -16.7283 -18.5786 2.5
      vertex -12.5 -21.6506 6.5
      vertex -16.7283 -18.5786 6.5
    endloop
  endfacet
  facet normal -0.58778 -0.809021 -0
    outer loop
      vertex -12.5 -21.6506 6.5
      vertex -16.7283 -18.5786 2.5
      vertex -12.5 -21.6506 2.5
    endloop
  endfacet
  facet normal 0.851593 0.27669 0.445233
    outer loop
      vertex 22.8386 10.1684 6.5
      vertex 21.9251 9.76168 8.5
      vertex 23.4755 4.98988 8.5
    endloop
  endfacet
  facet normal -0.8905 0.0936029 0.44525
    outer loop
      vertex -23.4755 4.98988 8.5
      vertex -25 0 6.5
      vertex -24 0 8.5
    endloop
  endfacet
  facet normal -0.8905 -0.0936029 0.44525
    outer loop
      vertex -24 0 8.5
      vertex -25 0 6.5
      vertex -23.4755 -4.98988 8.5
    endloop
  endfacet
  facet normal 0.665417 -0.599137 0.445258
    outer loop
      vertex 19.4164 -14.1068 8.5
      vertex 16.0591 -17.8355 8.5
      vertex 16.7283 -18.5786 6.5
    endloop
  endfacet
  facet normal -0.207906 -0.978149 0
    outer loop
      vertex -7.72542 -23.7764 2.5
      vertex -2.61321 -24.863 6.5
      vertex -7.72542 -23.7764 6.5
    endloop
  endfacet
  facet normal -0.207906 -0.978149 -0
    outer loop
      vertex -2.61321 -24.863 6.5
      vertex -7.72542 -23.7764 2.5
      vertex -2.61321 -24.863 2.5
    endloop
  endfacet
  facet normal -0.364201 -0.818002 0.445231
    outer loop
      vertex -7.41641 -22.8254 8.5
      vertex -12.5 -21.6506 6.5
      vertex -7.72542 -23.7764 6.5
    endloop
  endfacet
  facet normal -0.364204 0.817994 0.445243
    outer loop
      vertex -7.41641 22.8254 8.5
      vertex -12.5 21.6506 6.5
      vertex -12 20.7846 8.5
    endloop
  endfacet
  facet normal -0.951054 0.309026 0
    outer loop
      vertex -24.4537 5.19779 2.5
      vertex -22.8386 10.1684 6.5
      vertex -22.8386 10.1684 2.5
    endloop
  endfacet
  facet normal -0.951054 0.309026 0
    outer loop
      vertex -22.8386 10.1684 6.5
      vertex -24.4537 5.19779 2.5
      vertex -24.4537 5.19779 6.5
    endloop
  endfacet
  facet normal -0.775449 -0.447713 0.445233
    outer loop
      vertex -21.9251 -9.76168 8.5
      vertex -22.8386 -10.1684 6.5
      vertex -19.4164 -14.1068 8.5
    endloop
  endfacet
  facet normal 0.665423 -0.599137 0.44525
    outer loop
      vertex 19.4164 -14.1068 8.5
      vertex 16.7283 -18.5786 6.5
      vertex 20.2254 -14.6946 6.5
    endloop
  endfacet
  facet normal -0.526302 -0.724401 0.445252
    outer loop
      vertex -16.0591 -17.8355 8.5
      vertex -16.7283 -18.5786 6.5
      vertex -12.5 -21.6506 6.5
    endloop
  endfacet
  facet normal -0.526308 -0.724402 0.445243
    outer loop
      vertex -12 -20.7846 8.5
      vertex -16.0591 -17.8355 8.5
      vertex -12.5 -21.6506 6.5
    endloop
  endfacet
  facet normal 0.526308 0.724402 0.445243
    outer loop
      vertex 12.5 21.6506 6.5
      vertex 12 20.7846 8.5
      vertex 16.0591 17.8355 8.5
    endloop
  endfacet
  facet normal 0.364204 -0.817994 0.445243
    outer loop
      vertex 12 -20.7846 8.5
      vertex 7.41641 -22.8254 8.5
      vertex 12.5 -21.6506 6.5
    endloop
  endfacet
  facet normal 0.186154 -0.875845 0.445243
    outer loop
      vertex 7.41641 -22.8254 8.5
      vertex 2.50868 -23.8685 8.5
      vertex 2.61321 -24.863 6.5
    endloop
  endfacet
  facet normal 0.364201 0.818002 0.445231
    outer loop
      vertex 7.72542 23.7764 6.5
      vertex 7.41641 22.8254 8.5
      vertex 12.5 21.6506 6.5
    endloop
  endfacet
  facet normal 0.526302 0.724401 0.445252
    outer loop
      vertex 16.7283 18.5786 6.5
      vertex 12.5 21.6506 6.5
      vertex 16.0591 17.8355 8.5
    endloop
  endfacet
  facet normal 0.665417 0.599137 0.445258
    outer loop
      vertex 16.7283 18.5786 6.5
      vertex 16.0591 17.8355 8.5
      vertex 19.4164 14.1068 8.5
    endloop
  endfacet
  facet normal -0.665417 0.599137 0.445258
    outer loop
      vertex -16.7283 18.5786 6.5
      vertex -19.4164 14.1068 8.5
      vertex -16.0591 17.8355 8.5
    endloop
  endfacet
  facet normal -0.58778 0.809021 0
    outer loop
      vertex -12.5 21.6506 2.5
      vertex -16.7283 18.5786 6.5
      vertex -12.5 21.6506 6.5
    endloop
  endfacet
  facet normal -0.58778 0.809021 0
    outer loop
      vertex -16.7283 18.5786 6.5
      vertex -12.5 21.6506 2.5
      vertex -16.7283 18.5786 2.5
    endloop
  endfacet
  facet normal 0.526302 -0.724401 0.445252
    outer loop
      vertex 16.0591 -17.8355 8.5
      vertex 12.5 -21.6506 6.5
      vertex 16.7283 -18.5786 6.5
    endloop
  endfacet
  facet normal -0.951054 -0.309026 0
    outer loop
      vertex -22.8386 -10.1684 2.5
      vertex -24.4537 -5.19779 6.5
      vertex -24.4537 -5.19779 2.5
    endloop
  endfacet
  facet normal -0.951054 -0.309026 0
    outer loop
      vertex -24.4537 -5.19779 6.5
      vertex -22.8386 -10.1684 2.5
      vertex -22.8386 -10.1684 6.5
    endloop
  endfacet
  facet normal -0.665423 0.599137 0.44525
    outer loop
      vertex -16.7283 18.5786 6.5
      vertex -20.2254 14.6946 6.5
      vertex -19.4164 14.1068 8.5
    endloop
  endfacet
  facet normal 0.8905 -0.0936029 0.44525
    outer loop
      vertex 24 0 8.5
      vertex 23.4755 -4.98988 8.5
      vertex 25 0 6.5
    endloop
  endfacet
  facet normal -0.743151 0.669123 0
    outer loop
      vertex -20.2254 14.6946 2.5
      vertex -16.7283 18.5786 6.5
      vertex -16.7283 18.5786 2.5
    endloop
  endfacet
  facet normal -0.743151 0.669123 0
    outer loop
      vertex -16.7283 18.5786 6.5
      vertex -20.2254 14.6946 2.5
      vertex -20.2254 14.6946 6.5
    endloop
  endfacet
  facet normal -0.994522 0.104527 0
    outer loop
      vertex -25 0 2.5
      vertex -24.4537 5.19779 6.5
      vertex -24.4537 5.19779 2.5
    endloop
  endfacet
  facet normal -0.994522 0.104527 0
    outer loop
      vertex -24.4537 5.19779 6.5
      vertex -25 0 2.5
      vertex -25 0 6.5
    endloop
  endfacet
  facet normal -0.186162 0.87585 0.44523
    outer loop
      vertex -2.61321 24.863 6.5
      vertex -7.72542 23.7764 6.5
      vertex -7.41641 22.8254 8.5
    endloop
  endfacet
  facet normal -0.186154 0.875845 0.445243
    outer loop
      vertex -2.61321 24.863 6.5
      vertex -7.41641 22.8254 8.5
      vertex -2.50868 23.8685 8.5
    endloop
  endfacet
  facet normal -0.866026 0.5 0
    outer loop
      vertex -22.8386 10.1684 2.5
      vertex -20.2254 14.6946 6.5
      vertex -20.2254 14.6946 2.5
    endloop
  endfacet
  facet normal -0.866026 0.5 0
    outer loop
      vertex -20.2254 14.6946 6.5
      vertex -22.8386 10.1684 2.5
      vertex -22.8386 10.1684 6.5
    endloop
  endfacet
  facet normal -0.526302 0.724401 0.445252
    outer loop
      vertex -12.5 21.6506 6.5
      vertex -16.7283 18.5786 6.5
      vertex -16.0591 17.8355 8.5
    endloop
  endfacet
  facet normal 0.364204 0.817994 0.445243
    outer loop
      vertex 12.5 21.6506 6.5
      vertex 7.41641 22.8254 8.5
      vertex 12 20.7846 8.5
    endloop
  endfacet
  facet normal -0.40674 0.913544 0
    outer loop
      vertex -7.72542 23.7764 2.5
      vertex -12.5 21.6506 6.5
      vertex -7.72542 23.7764 6.5
    endloop
  endfacet
  facet normal -0.40674 0.913544 0
    outer loop
      vertex -12.5 21.6506 6.5
      vertex -7.72542 23.7764 2.5
      vertex -12.5 21.6506 2.5
    endloop
  endfacet
  facet normal 0 -0.89541 0.445243
    outer loop
      vertex -2.61321 -24.863 6.5
      vertex 2.50868 -23.8685 8.5
      vertex -2.50868 -23.8685 8.5
    endloop
  endfacet
  facet normal 0 -0.89541 0.445243
    outer loop
      vertex 2.50868 -23.8685 8.5
      vertex -2.61321 -24.863 6.5
      vertex 2.61321 -24.863 6.5
    endloop
  endfacet
  facet normal 0.743151 -0.669123 0
    outer loop
      vertex 16.7283 -18.5786 6.5
      vertex 20.2254 -14.6946 2.5
      vertex 20.2254 -14.6946 6.5
    endloop
  endfacet
  facet normal 0.743151 -0.669123 0
    outer loop
      vertex 20.2254 -14.6946 2.5
      vertex 16.7283 -18.5786 6.5
      vertex 16.7283 -18.5786 2.5
    endloop
  endfacet
  facet normal 0.851593 -0.27669 0.445233
    outer loop
      vertex 23.4755 -4.98988 8.5
      vertex 21.9251 -9.76168 8.5
      vertex 22.8386 -10.1684 6.5
    endloop
  endfacet
  facet normal 0.851571 -0.276701 0.445268
    outer loop
      vertex 23.4755 -4.98988 8.5
      vertex 22.8386 -10.1684 6.5
      vertex 24.4537 -5.19779 6.5
    endloop
  endfacet
  facet normal -0.92388 -0.382682 0
    outer loop
      vertex 7.24444 1.94114 5.5
      vertex 6.49519 3.75 7
      vertex 6.49519 3.75 5.5
    endloop
  endfacet
  facet normal -0.92388 -0.382682 0
    outer loop
      vertex 6.49519 3.75 7
      vertex 7.24444 1.94114 5.5
      vertex 7.24444 1.94114 7
    endloop
  endfacet
  facet normal -0.991445 -0.130528 0
    outer loop
      vertex 7.5 0 5.5
      vertex 7.24444 1.94114 7
      vertex 7.24444 1.94114 5.5
    endloop
  endfacet
  facet normal -0.991445 -0.130528 0
    outer loop
      vertex 7.24444 1.94114 7
      vertex 7.5 0 5.5
      vertex 7.5 0 7
    endloop
  endfacet
  facet normal -0.793353 -0.608762 0
    outer loop
      vertex 6.49519 3.75 5.5
      vertex 5.3033 5.3033 7
      vertex 5.3033 5.3033 5.5
    endloop
  endfacet
  facet normal -0.793353 -0.608762 0
    outer loop
      vertex 5.3033 5.3033 7
      vertex 6.49519 3.75 5.5
      vertex 6.49519 3.75 7
    endloop
  endfacet
  facet normal 0.793353 -0.608762 0
    outer loop
      vertex -6.49519 3.75 7
      vertex -5.3033 5.3033 5.5
      vertex -5.3033 5.3033 7
    endloop
  endfacet
  facet normal 0.793353 -0.608762 0
    outer loop
      vertex -5.3033 5.3033 5.5
      vertex -6.49519 3.75 7
      vertex -6.49519 3.75 5.5
    endloop
  endfacet
  facet normal 0.608762 -0.793353 0
    outer loop
      vertex -5.3033 5.3033 5.5
      vertex -3.75 6.49519 7
      vertex -5.3033 5.3033 7
    endloop
  endfacet
  facet normal 0.608762 -0.793353 0
    outer loop
      vertex -3.75 6.49519 7
      vertex -5.3033 5.3033 5.5
      vertex -3.75 6.49519 5.5
    endloop
  endfacet
  facet normal -0.382682 0.92388 0
    outer loop
      vertex 3.75 -6.49519 5.5
      vertex 1.94114 -7.24444 7
      vertex 3.75 -6.49519 7
    endloop
  endfacet
  facet normal -0.382682 0.92388 0
    outer loop
      vertex 1.94114 -7.24444 7
      vertex 3.75 -6.49519 5.5
      vertex 1.94114 -7.24444 5.5
    endloop
  endfacet
  facet normal 0.92388 -0.382682 0
    outer loop
      vertex -7.24444 1.94114 7
      vertex -6.49519 3.75 5.5
      vertex -6.49519 3.75 7
    endloop
  endfacet
  facet normal 0.92388 -0.382682 0
    outer loop
      vertex -6.49519 3.75 5.5
      vertex -7.24444 1.94114 7
      vertex -7.24444 1.94114 5.5
    endloop
  endfacet
  facet normal -0.608762 -0.793353 0
    outer loop
      vertex 3.75 6.49519 5.5
      vertex 5.3033 5.3033 7
      vertex 3.75 6.49519 7
    endloop
  endfacet
  facet normal -0.608762 -0.793353 -0
    outer loop
      vertex 5.3033 5.3033 7
      vertex 3.75 6.49519 5.5
      vertex 5.3033 5.3033 5.5
    endloop
  endfacet
  facet normal -0.130528 -0.991445 0
    outer loop
      vertex 0 7.5 5.5
      vertex 1.94114 7.24444 7
      vertex 0 7.5 7
    endloop
  endfacet
  facet normal -0.130528 -0.991445 -0
    outer loop
      vertex 1.94114 7.24444 7
      vertex 0 7.5 5.5
      vertex 1.94114 7.24444 5.5
    endloop
  endfacet
  facet normal -0.130528 0.991445 0
    outer loop
      vertex 1.94114 -7.24444 5.5
      vertex 0 -7.5 7
      vertex 1.94114 -7.24444 7
    endloop
  endfacet
  facet normal -0.130528 0.991445 0
    outer loop
      vertex 0 -7.5 7
      vertex 1.94114 -7.24444 5.5
      vertex 0 -7.5 5.5
    endloop
  endfacet
  facet normal 0 0 -1
    outer loop
      vertex 7.24444 -1.94114 7
      vertex 7.24444 1.94114 7
      vertex 7.5 0 7
    endloop
  endfacet
  facet normal 0 0 -1
    outer loop
      vertex 6.49519 -3.75 7
      vertex 7.24444 1.94114 7
      vertex 7.24444 -1.94114 7
    endloop
  endfacet
  facet normal 0 0 -1
    outer loop
      vertex 6.49519 -3.75 7
      vertex 6.49519 3.75 7
      vertex 7.24444 1.94114 7
    endloop
  endfacet
  facet normal 0 0 -1
    outer loop
      vertex 5.3033 -5.3033 7
      vertex 6.49519 3.75 7
      vertex 6.49519 -3.75 7
    endloop
  endfacet
  facet normal 0 0 -1
    outer loop
      vertex 5.3033 -5.3033 7
      vertex 5.3033 5.3033 7
      vertex 6.49519 3.75 7
    endloop
  endfacet
  facet normal 0 0 -1
    outer loop
      vertex 3.75 -6.49519 7
      vertex 5.3033 5.3033 7
      vertex 5.3033 -5.3033 7
    endloop
  endfacet
  facet normal 0 0 -1
    outer loop
      vertex 3.75 -6.49519 7
      vertex 3.75 6.49519 7
      vertex 5.3033 5.3033 7
    endloop
  endfacet
  facet normal 0 0 -1
    outer loop
      vertex 1.94114 -7.24444 7
      vertex 3.75 6.49519 7
      vertex 3.75 -6.49519 7
    endloop
  endfacet
  facet normal 0 0 -1
    outer loop
      vertex 1.94114 -7.24444 7
      vertex 1.94114 7.24444 7
      vertex 3.75 6.49519 7
    endloop
  endfacet
  facet normal 0 0 -1
    outer loop
      vertex 0 -7.5 7
      vertex 1.94114 7.24444 7
      vertex 1.94114 -7.24444 7
    endloop
  endfacet
  facet normal 0 0 -1
    outer loop
      vertex 0 -7.5 7
      vertex 0 7.5 7
      vertex 1.94114 7.24444 7
    endloop
  endfacet
  facet normal 0 0 -1
    outer loop
      vertex -1.94114 -7.24444 7
      vertex 0 7.5 7
      vertex 0 -7.5 7
    endloop
  endfacet
  facet normal 0 0 -1
    outer loop
      vertex -1.94114 -7.24444 7
      vertex -1.94114 7.24444 7
      vertex 0 7.5 7
    endloop
  endfacet
  facet normal 0 0 -1
    outer loop
      vertex -3.75 -6.49519 7
      vertex -1.94114 7.24444 7
      vertex -1.94114 -7.24444 7
    endloop
  endfacet
  facet normal 0 0 -1
    outer loop
      vertex -3.75 -6.49519 7
      vertex -3.75 6.49519 7
      vertex -1.94114 7.24444 7
    endloop
  endfacet
  facet normal 0 0 -1
    outer loop
      vertex -5.3033 -5.3033 7
      vertex -3.75 6.49519 7
      vertex -3.75 -6.49519 7
    endloop
  endfacet
  facet normal 0 0 -1
    outer loop
      vertex -5.3033 -5.3033 7
      vertex -5.3033 5.3033 7
      vertex -3.75 6.49519 7
    endloop
  endfacet
  facet normal 0 0 -1
    outer loop
      vertex -6.49519 -3.75 7
      vertex -5.3033 5.3033 7
      vertex -5.3033 -5.3033 7
    endloop
  endfacet
  facet normal 0 0 -1
    outer loop
      vertex -6.49519 -3.75 7
      vertex -6.49519 3.75 7
      vertex -5.3033 5.3033 7
    endloop
  endfacet
  facet normal 0 0 -1
    outer loop
      vertex -7.24444 -1.94114 7
      vertex -6.49519 3.75 7
      vertex -6.49519 -3.75 7
    endloop
  endfacet
  facet normal 0 0 -1
    outer loop
      vertex -7.24444 -1.94114 7
      vertex -7.24444 1.94114 7
      vertex -6.49519 3.75 7
    endloop
  endfacet
  facet normal 0 -0 -1
    outer loop
      vertex -7.24444 1.94114 7
      vertex -7.24444 -1.94114 7
      vertex -7.5 0 7
    endloop
  endfacet
  facet normal -0.793353 0.608762 0
    outer loop
      vertex 5.3033 -5.3033 5.5
      vertex 6.49519 -3.75 7
      vertex 6.49519 -3.75 5.5
    endloop
  endfacet
  facet normal -0.793353 0.608762 0
    outer loop
      vertex 6.49519 -3.75 7
      vertex 5.3033 -5.3033 5.5
      vertex 5.3033 -5.3033 7
    endloop
  endfacet
  facet normal -0.608762 0.793353 0
    outer loop
      vertex 5.3033 -5.3033 5.5
      vertex 3.75 -6.49519 7
      vertex 5.3033 -5.3033 7
    endloop
  endfacet
  facet normal -0.608762 0.793353 0
    outer loop
      vertex 3.75 -6.49519 7
      vertex 5.3033 -5.3033 5.5
      vertex 3.75 -6.49519 5.5
    endloop
  endfacet
  facet normal 0.793353 0.608762 0
    outer loop
      vertex -5.3033 -5.3033 7
      vertex -6.49519 -3.75 5.5
      vertex -6.49519 -3.75 7
    endloop
  endfacet
  facet normal 0.793353 0.608762 0
    outer loop
      vertex -6.49519 -3.75 5.5
      vertex -5.3033 -5.3033 7
      vertex -5.3033 -5.3033 5.5
    endloop
  endfacet
  facet normal -0.991445 0.130528 0
    outer loop
      vertex 7.24444 -1.94114 5.5
      vertex 7.5 0 7
      vertex 7.5 0 5.5
    endloop
  endfacet
  facet normal -0.991445 0.130528 0
    outer loop
      vertex 7.5 0 7
      vertex 7.24444 -1.94114 5.5
      vertex 7.24444 -1.94114 7
    endloop
  endfacet
  facet normal 0.991445 -0.130528 0
    outer loop
      vertex -7.5 0 7
      vertex -7.24444 1.94114 5.5
      vertex -7.24444 1.94114 7
    endloop
  endfacet
  facet normal 0.991445 -0.130528 0
    outer loop
      vertex -7.24444 1.94114 5.5
      vertex -7.5 0 7
      vertex -7.5 0 5.5
    endloop
  endfacet
  facet normal 0.130528 -0.991445 0
    outer loop
      vertex -1.94114 7.24444 5.5
      vertex 0 7.5 7
      vertex -1.94114 7.24444 7
    endloop
  endfacet
  facet normal 0.130528 -0.991445 0
    outer loop
      vertex 0 7.5 7
      vertex -1.94114 7.24444 5.5
      vertex 0 7.5 5.5
    endloop
  endfacet
  facet normal -0.92388 0.382682 0
    outer loop
      vertex 6.49519 -3.75 5.5
      vertex 7.24444 -1.94114 7
      vertex 7.24444 -1.94114 5.5
    endloop
  endfacet
  facet normal -0.92388 0.382682 0
    outer loop
      vertex 7.24444 -1.94114 7
      vertex 6.49519 -3.75 5.5
      vertex 6.49519 -3.75 7
    endloop
  endfacet
  facet normal 0.382682 -0.92388 0
    outer loop
      vertex -3.75 6.49519 5.5
      vertex -1.94114 7.24444 7
      vertex -3.75 6.49519 7
    endloop
  endfacet
  facet normal 0.382682 -0.92388 0
    outer loop
      vertex -1.94114 7.24444 7
      vertex -3.75 6.49519 5.5
      vertex -1.94114 7.24444 5.5
    endloop
  endfacet
  facet normal -0.382682 -0.92388 0
    outer loop
      vertex 1.94114 7.24444 5.5
      vertex 3.75 6.49519 7
      vertex 1.94114 7.24444 7
    endloop
  endfacet
  facet normal -0.382682 -0.92388 -0
    outer loop
      vertex 3.75 6.49519 7
      vertex 1.94114 7.24444 5.5
      vertex 3.75 6.49519 5.5
    endloop
  endfacet
  facet normal 0.130528 0.991445 -0
    outer loop
      vertex 0 -7.5 5.5
      vertex -1.94114 -7.24444 7
      vertex 0 -7.5 7
    endloop
  endfacet
  facet normal 0.130528 0.991445 0
    outer loop
      vertex -1.94114 -7.24444 7
      vertex 0 -7.5 5.5
      vertex -1.94114 -7.24444 5.5
    endloop
  endfacet
  facet normal 0.92388 0.382682 0
    outer loop
      vertex -6.49519 -3.75 7
      vertex -7.24444 -1.94114 5.5
      vertex -7.24444 -1.94114 7
    endloop
  endfacet
  facet normal 0.92388 0.382682 0
    outer loop
      vertex -7.24444 -1.94114 5.5
      vertex -6.49519 -3.75 7
      vertex -6.49519 -3.75 5.5
    endloop
  endfacet
  facet normal 0.991445 0.130528 0
    outer loop
      vertex -7.24444 -1.94114 7
      vertex -7.5 0 5.5
      vertex -7.5 0 7
    endloop
  endfacet
  facet normal 0.991445 0.130528 0
    outer loop
      vertex -7.5 0 5.5
      vertex -7.24444 -1.94114 7
      vertex -7.24444 -1.94114 5.5
    endloop
  endfacet
  facet normal 0.608762 0.793353 -0
    outer loop
      vertex -3.75 -6.49519 5.5
      vertex -5.3033 -5.3033 7
      vertex -3.75 -6.49519 7
    endloop
  endfacet
  facet normal 0.608762 0.793353 0
    outer loop
      vertex -5.3033 -5.3033 7
      vertex -3.75 -6.49519 5.5
      vertex -5.3033 -5.3033 5.5
    endloop
  endfacet
  facet normal 0.382682 0.92388 -0
    outer loop
      vertex -1.94114 -7.24444 5.5
      vertex -3.75 -6.49519 7
      vertex -1.94114 -7.24444 7
    endloop
  endfacet
  facet normal 0.382682 0.92388 0
    outer loop
      vertex -3.75 -6.49519 7
      vertex -1.94114 -7.24444 5.5
      vertex -3.75 -6.49519 5.5
    endloop
  endfacet
  facet normal 0.382676 -0.923883 0
    outer loop
      vertex 18.2322 1.76777 2.5
      vertex 20 2.5 4
      vertex 18.2322 1.76777 4
    endloop
  endfacet
  facet normal 0.382676 -0.923883 0
    outer loop
      vertex 20 2.5 4
      vertex 18.2322 1.76777 2.5
      vertex 20 2.5 2.5
    endloop
  endfacet
  facet normal 0.923886 -0.382668 0
    outer loop
      vertex 17.5 0 4
      vertex 18.2322 1.76777 2.5
      vertex 18.2322 1.76777 4
    endloop
  endfacet
  facet normal 0.923886 -0.382668 0
    outer loop
      vertex 18.2322 1.76777 2.5
      vertex 17.5 0 4
      vertex 17.5 0 2.5
    endloop
  endfacet
  facet normal 0.382676 0.923883 -0
    outer loop
      vertex 20 -2.5 2.5
      vertex 18.2322 -1.76777 4
      vertex 20 -2.5 4
    endloop
  endfacet
  facet normal 0.382676 0.923883 0
    outer loop
      vertex 18.2322 -1.76777 4
      vertex 20 -2.5 2.5
      vertex 18.2322 -1.76777 2.5
    endloop
  endfacet
  facet normal 0.923886 0.382668 0
    outer loop
      vertex 18.2322 -1.76777 4
      vertex 17.5 0 2.5
      vertex 17.5 0 4
    endloop
  endfacet
  facet normal 0.923886 0.382668 0
    outer loop
      vertex 17.5 0 2.5
      vertex 18.2322 -1.76777 4
      vertex 18.2322 -1.76777 2.5
    endloop
  endfacet
  facet normal 0.923883 0.382676 0
    outer loop
      vertex -1.76777 18.2322 4
      vertex -2.5 20 2.5
      vertex -2.5 20 4
    endloop
  endfacet
  facet normal 0.923883 0.382676 0
    outer loop
      vertex -2.5 20 2.5
      vertex -1.76777 18.2322 4
      vertex -1.76777 18.2322 2.5
    endloop
  endfacet
  facet normal 0.382668 0.923886 -0
    outer loop
      vertex 0 17.5 2.5
      vertex -1.76777 18.2322 4
      vertex 0 17.5 4
    endloop
  endfacet
  facet normal 0.382668 0.923886 0
    outer loop
      vertex -1.76777 18.2322 4
      vertex 0 17.5 2.5
      vertex -1.76777 18.2322 2.5
    endloop
  endfacet
  facet normal -0.923883 0.382676 0
    outer loop
      vertex 1.76777 18.2322 2.5
      vertex 2.5 20 4
      vertex 2.5 20 2.5
    endloop
  endfacet
  facet normal -0.923883 0.382676 0
    outer loop
      vertex 2.5 20 4
      vertex 1.76777 18.2322 2.5
      vertex 1.76777 18.2322 4
    endloop
  endfacet
  facet normal -0.382668 0.923886 0
    outer loop
      vertex 1.76777 18.2322 2.5
      vertex 0 17.5 4
      vertex 1.76777 18.2322 4
    endloop
  endfacet
  facet normal -0.382668 0.923886 0
    outer loop
      vertex 0 17.5 4
      vertex 1.76777 18.2322 2.5
      vertex 0 17.5 2.5
    endloop
  endfacet
  facet normal -0.382676 0.923883 0
    outer loop
      vertex -18.2322 -1.76777 2.5
      vertex -20 -2.5 4
      vertex -18.2322 -1.76777 4
    endloop
  endfacet
  facet normal -0.382676 0.923883 0
    outer loop
      vertex -20 -2.5 4
      vertex -18.2322 -1.76777 2.5
      vertex -20 -2.5 2.5
    endloop
  endfacet
  facet normal -0.923886 0.382668 0
    outer loop
      vertex -18.2322 -1.76777 2.5
      vertex -17.5 0 4
      vertex -17.5 0 2.5
    endloop
  endfacet
  facet normal -0.923886 0.382668 0
    outer loop
      vertex -17.5 0 4
      vertex -18.2322 -1.76777 2.5
      vertex -18.2322 -1.76777 4
    endloop
  endfacet
  facet normal -0.382676 -0.923883 0
    outer loop
      vertex -20 2.5 2.5
      vertex -18.2322 1.76777 4
      vertex -20 2.5 4
    endloop
  endfacet
  facet normal -0.382676 -0.923883 -0
    outer loop
      vertex -18.2322 1.76777 4
      vertex -20 2.5 2.5
      vertex -18.2322 1.76777 2.5
    endloop
  endfacet
  facet normal -0.923886 -0.382668 0
    outer loop
      vertex -17.5 0 2.5
      vertex -18.2322 1.76777 4
      vertex -18.2322 1.76777 2.5
    endloop
  endfacet
  facet normal -0.923886 -0.382668 0
    outer loop
      vertex -18.2322 1.76777 4
      vertex -17.5 0 2.5
      vertex -17.5 0 4
    endloop
  endfacet
  facet normal -0.923883 -0.382676 0
    outer loop
      vertex 2.5 -20 2.5
      vertex 1.76777 -18.2322 4
      vertex 1.76777 -18.2322 2.5
    endloop
  endfacet
  facet normal -0.923883 -0.382676 0
    outer loop
      vertex 1.76777 -18.2322 4
      vertex 2.5 -20 2.5
      vertex 2.5 -20 4
    endloop
  endfacet
  facet normal -0.382668 -0.923886 0
    outer loop
      vertex 0 -17.5 2.5
      vertex 1.76777 -18.2322 4
      vertex 0 -17.5 4
    endloop
  endfacet
  facet normal -0.382668 -0.923886 -0
    outer loop
      vertex 1.76777 -18.2322 4
      vertex 0 -17.5 2.5
      vertex 1.76777 -18.2322 2.5
    endloop
  endfacet
  facet normal 0.923883 -0.382676 0
    outer loop
      vertex -2.5 -20 4
      vertex -1.76777 -18.2322 2.5
      vertex -1.76777 -18.2322 4
    endloop
  endfacet
  facet normal 0.923883 -0.382676 0
    outer loop
      vertex -1.76777 -18.2322 2.5
      vertex -2.5 -20 4
      vertex -2.5 -20 2.5
    endloop
  endfacet
  facet normal 0.382668 -0.923886 0
    outer loop
      vertex -1.76777 -18.2322 2.5
      vertex 0 -17.5 4
      vertex -1.76777 -18.2322 4
    endloop
  endfacet
  facet normal 0.382668 -0.923886 0
    outer loop
      vertex 0 -17.5 4
      vertex -1.76777 -18.2322 2.5
      vertex 0 -17.5 2.5
    endloop
  endfacet
  facet normal 0 0 -1
    outer loop
      vertex 24 0 2.5
      vertex 25 0 2.5
      vertex 24.4537 -5.19779 2.5
    endloop
  endfacet
  facet normal 0 0 -1
    outer loop
      vertex 25 0 2.5
      vertex 24 0 2.5
      vertex 24.4537 5.19779 2.5
    endloop
  endfacet
  facet normal 0 0 -1
    outer loop
      vertex 24.4537 -5.19779 2.5
      vertex 23.4755 -4.98988 2.5
      vertex 24 0 2.5
    endloop
  endfacet
  facet normal 0 0 -1
    outer loop
      vertex 22.8386 -10.1684 2.5
      vertex 23.4755 -4.98988 2.5
      vertex 24.4537 -5.19779 2.5
    endloop
  endfacet
  facet normal 0 0 -1
    outer loop
      vertex 22.8386 -10.1684 2.5
      vertex 21.9251 -9.76168 2.5
      vertex 23.4755 -4.98988 2.5
    endloop
  endfacet
  facet normal 0 0 -1
    outer loop
      vertex 20.2254 -14.6946 2.5
      vertex 21.9251 -9.76168 2.5
      vertex 22.8386 -10.1684 2.5
    endloop
  endfacet
  facet normal 0 0 -1
    outer loop
      vertex 20.2254 -14.6946 2.5
      vertex 19.4164 -14.1068 2.5
      vertex 21.9251 -9.76168 2.5
    endloop
  endfacet
  facet normal 0 0 -1
    outer loop
      vertex 16.7283 -18.5786 2.5
      vertex 19.4164 -14.1068 2.5
      vertex 20.2254 -14.6946 2.5
    endloop
  endfacet
  facet normal 0 0 -1
    outer loop
      vertex 16.7283 -18.5786 2.5
      vertex 16.0591 -17.8355 2.5
      vertex 19.4164 -14.1068 2.5
    endloop
  endfacet
  facet normal 0 0 -1
    outer loop
      vertex 12.5 -21.6506 2.5
      vertex 16.0591 -17.8355 2.5
      vertex 16.7283 -18.5786 2.5
    endloop
  endfacet
  facet normal 0 0 -1
    outer loop
      vertex 12.5 -21.6506 2.5
      vertex 12 -20.7846 2.5
      vertex 16.0591 -17.8355 2.5
    endloop
  endfacet
  facet normal 0 0 -1
    outer loop
      vertex 7.72542 -23.7764 2.5
      vertex 12 -20.7846 2.5
      vertex 12.5 -21.6506 2.5
    endloop
  endfacet
  facet normal 0 0 -1
    outer loop
      vertex 7.72542 -23.7764 2.5
      vertex 7.41641 -22.8254 2.5
      vertex 12 -20.7846 2.5
    endloop
  endfacet
  facet normal 0 0 -1
    outer loop
      vertex 2.61321 -24.863 2.5
      vertex 7.41641 -22.8254 2.5
      vertex 7.72542 -23.7764 2.5
    endloop
  endfacet
  facet normal 0 0 -1
    outer loop
      vertex 2.61321 -24.863 2.5
      vertex 2.50868 -23.8685 2.5
      vertex 7.41641 -22.8254 2.5
    endloop
  endfacet
  facet normal 0 0 -1
    outer loop
      vertex 2.61321 -24.863 2.5
      vertex -2.50868 -23.8685 2.5
      vertex 2.50868 -23.8685 2.5
    endloop
  endfacet
  facet normal 0 0 -1
    outer loop
      vertex -2.61321 -24.863 2.5
      vertex -2.50868 -23.8685 2.5
      vertex 2.61321 -24.863 2.5
    endloop
  endfacet
  facet normal 0 0 -1
    outer loop
      vertex -2.61321 -24.863 2.5
      vertex -7.41641 -22.8254 2.5
      vertex -2.50868 -23.8685 2.5
    endloop
  endfacet
  facet normal 0 0 -1
    outer loop
      vertex -7.72542 -23.7764 2.5
      vertex -7.41641 -22.8254 2.5
      vertex -2.61321 -24.863 2.5
    endloop
  endfacet
  facet normal 0 0 -1
    outer loop
      vertex -7.72542 -23.7764 2.5
      vertex -12 -20.7846 2.5
      vertex -7.41641 -22.8254 2.5
    endloop
  endfacet
  facet normal 0 0 -1
    outer loop
      vertex -12.5 -21.6506 2.5
      vertex -12 -20.7846 2.5
      vertex -7.72542 -23.7764 2.5
    endloop
  endfacet
  facet normal 0 0 -1
    outer loop
      vertex -12.5 -21.6506 2.5
      vertex -16.0591 -17.8355 2.5
      vertex -12 -20.7846 2.5
    endloop
  endfacet
  facet normal 0 0 -1
    outer loop
      vertex -16.7283 -18.5786 2.5
      vertex -16.0591 -17.8355 2.5
      vertex -12.5 -21.6506 2.5
    endloop
  endfacet
  facet normal 0 0 -1
    outer loop
      vertex -16.7283 -18.5786 2.5
      vertex -19.4164 -14.1068 2.5
      vertex -16.0591 -17.8355 2.5
    endloop
  endfacet
  facet normal 0 0 -1
    outer loop
      vertex -20.2254 -14.6946 2.5
      vertex -19.4164 -14.1068 2.5
      vertex -16.7283 -18.5786 2.5
    endloop
  endfacet
  facet normal 0 0 -1
    outer loop
      vertex -20.2254 -14.6946 2.5
      vertex -21.9251 -9.76168 2.5
      vertex -19.4164 -14.1068 2.5
    endloop
  endfacet
  facet normal 0 0 -1
    outer loop
      vertex -22.8386 -10.1684 2.5
      vertex -21.9251 -9.76168 2.5
      vertex -20.2254 -14.6946 2.5
    endloop
  endfacet
  facet normal 0 0 -1
    outer loop
      vertex -22.8386 -10.1684 2.5
      vertex -23.4755 -4.98988 2.5
      vertex -21.9251 -9.76168 2.5
    endloop
  endfacet
  facet normal -0 0 -1
    outer loop
      vertex -23.4755 -4.98988 2.5
      vertex -24.4537 -5.19779 2.5
      vertex -24 0 2.5
    endloop
  endfacet
  facet normal 0 0 -1
    outer loop
      vertex -24.4537 -5.19779 2.5
      vertex -23.4755 -4.98988 2.5
      vertex -22.8386 -10.1684 2.5
    endloop
  endfacet
  facet normal 0 0 -1
    outer loop
      vertex 23.4755 4.98988 2.5
      vertex 24.4537 5.19779 2.5
      vertex 24 0 2.5
    endloop
  endfacet
  facet normal 0 0 -1
    outer loop
      vertex 23.4755 4.98988 2.5
      vertex 22.8386 10.1684 2.5
      vertex 24.4537 5.19779 2.5
    endloop
  endfacet
  facet normal 0 0 -1
    outer loop
      vertex 21.9251 9.76168 2.5
      vertex 22.8386 10.1684 2.5
      vertex 23.4755 4.98988 2.5
    endloop
  endfacet
  facet normal 0 0 -1
    outer loop
      vertex 21.9251 9.76168 2.5
      vertex 20.2254 14.6946 2.5
      vertex 22.8386 10.1684 2.5
    endloop
  endfacet
  facet normal 0 0 -1
    outer loop
      vertex 19.4164 14.1068 2.5
      vertex 20.2254 14.6946 2.5
      vertex 21.9251 9.76168 2.5
    endloop
  endfacet
  facet normal 0 0 -1
    outer loop
      vertex 19.4164 14.1068 2.5
      vertex 16.7283 18.5786 2.5
      vertex 20.2254 14.6946 2.5
    endloop
  endfacet
  facet normal 0 0 -1
    outer loop
      vertex 16.0591 17.8355 2.5
      vertex 16.7283 18.5786 2.5
      vertex 19.4164 14.1068 2.5
    endloop
  endfacet
  facet normal 0 0 -1
    outer loop
      vertex 16.0591 17.8355 2.5
      vertex 12.5 21.6506 2.5
      vertex 16.7283 18.5786 2.5
    endloop
  endfacet
  facet normal 0 0 -1
    outer loop
      vertex 12 20.7846 2.5
      vertex 12.5 21.6506 2.5
      vertex 16.0591 17.8355 2.5
    endloop
  endfacet
  facet normal 0 0 -1
    outer loop
      vertex 12 20.7846 2.5
      vertex 7.72542 23.7764 2.5
      vertex 12.5 21.6506 2.5
    endloop
  endfacet
  facet normal 0 0 -1
    outer loop
      vertex 7.41641 22.8254 2.5
      vertex 7.72542 23.7764 2.5
      vertex 12 20.7846 2.5
    endloop
  endfacet
  facet normal 0 0 -1
    outer loop
      vertex 7.41641 22.8254 2.5
      vertex 2.61321 24.863 2.5
      vertex 7.72542 23.7764 2.5
    endloop
  endfacet
  facet normal 0 0 -1
    outer loop
      vertex 2.50868 23.8685 2.5
      vertex 2.61321 24.863 2.5
      vertex 7.41641 22.8254 2.5
    endloop
  endfacet
  facet normal 0 0 -1
    outer loop
      vertex -2.50868 23.8685 2.5
      vertex 2.61321 24.863 2.5
      vertex 2.50868 23.8685 2.5
    endloop
  endfacet
  facet normal 0 0 -1
    outer loop
      vertex -2.50868 23.8685 2.5
      vertex -2.61321 24.863 2.5
      vertex 2.61321 24.863 2.5
    endloop
  endfacet
  facet normal 0 0 -1
    outer loop
      vertex -7.41641 22.8254 2.5
      vertex -2.61321 24.863 2.5
      vertex -2.50868 23.8685 2.5
    endloop
  endfacet
  facet normal 0 0 -1
    outer loop
      vertex -7.41641 22.8254 2.5
      vertex -7.72542 23.7764 2.5
      vertex -2.61321 24.863 2.5
    endloop
  endfacet
  facet normal 0 0 -1
    outer loop
      vertex -12 20.7846 2.5
      vertex -7.72542 23.7764 2.5
      vertex -7.41641 22.8254 2.5
    endloop
  endfacet
  facet normal 0 0 -1
    outer loop
      vertex -12 20.7846 2.5
      vertex -12.5 21.6506 2.5
      vertex -7.72542 23.7764 2.5
    endloop
  endfacet
  facet normal 0 0 -1
    outer loop
      vertex -16.0591 17.8355 2.5
      vertex -12.5 21.6506 2.5
      vertex -12 20.7846 2.5
    endloop
  endfacet
  facet normal 0 0 -1
    outer loop
      vertex -16.0591 17.8355 2.5
      vertex -16.7283 18.5786 2.5
      vertex -12.5 21.6506 2.5
    endloop
  endfacet
  facet normal 0 0 -1
    outer loop
      vertex -19.4164 14.1068 2.5
      vertex -16.7283 18.5786 2.5
      vertex -16.0591 17.8355 2.5
    endloop
  endfacet
  facet normal 0 0 -1
    outer loop
      vertex -19.4164 14.1068 2.5
      vertex -20.2254 14.6946 2.5
      vertex -16.7283 18.5786 2.5
    endloop
  endfacet
  facet normal 0 0 -1
    outer loop
      vertex -21.9251 9.76168 2.5
      vertex -20.2254 14.6946 2.5
      vertex -19.4164 14.1068 2.5
    endloop
  endfacet
  facet normal 0 0 -1
    outer loop
      vertex -21.9251 9.76168 2.5
      vertex -22.8386 10.1684 2.5
      vertex -20.2254 14.6946 2.5
    endloop
  endfacet
  facet normal 0 0 -1
    outer loop
      vertex -23.4755 4.98988 2.5
      vertex -22.8386 10.1684 2.5
      vertex -21.9251 9.76168 2.5
    endloop
  endfacet
  facet normal 0 0 -1
    outer loop
      vertex -23.4755 4.98988 2.5
      vertex -24.4537 5.19779 2.5
      vertex -22.8386 10.1684 2.5
    endloop
  endfacet
  facet normal 0 0 -1
    outer loop
      vertex -24 0 2.5
      vertex -24.4537 5.19779 2.5
      vertex -23.4755 4.98988 2.5
    endloop
  endfacet
  facet normal 0 0 -1
    outer loop
      vertex -25 0 2.5
      vertex -24 0 2.5
      vertex -24.4537 -5.19779 2.5
    endloop
  endfacet
  facet normal 0 0 -1
    outer loop
      vertex -24 0 2.5
      vertex -25 0 2.5
      vertex -24.4537 5.19779 2.5
    endloop
  endfacet
  facet normal 0 0 1
    outer loop
      vertex 7.24444 1.94114 2.5
      vertex 7.24444 -1.94114 2.5
      vertex 7.5 0 2.5
    endloop
  endfacet
  facet normal 0 0 1
    outer loop
      vertex 6.49519 3.75 2.5
      vertex 7.24444 -1.94114 2.5
      vertex 7.24444 1.94114 2.5
    endloop
  endfacet
  facet normal 0 0 1
    outer loop
      vertex 6.49519 3.75 2.5
      vertex 6.49519 -3.75 2.5
      vertex 7.24444 -1.94114 2.5
    endloop
  endfacet
  facet normal 0 0 1
    outer loop
      vertex 5.3033 5.3033 2.5
      vertex 6.49519 -3.75 2.5
      vertex 6.49519 3.75 2.5
    endloop
  endfacet
  facet normal 0 0 1
    outer loop
      vertex 5.3033 5.3033 2.5
      vertex 5.3033 -5.3033 2.5
      vertex 6.49519 -3.75 2.5
    endloop
  endfacet
  facet normal 0 0 1
    outer loop
      vertex 3.75 6.49519 2.5
      vertex 5.3033 -5.3033 2.5
      vertex 5.3033 5.3033 2.5
    endloop
  endfacet
  facet normal 0 0 1
    outer loop
      vertex 3.75 6.49519 2.5
      vertex 3.75 -6.49519 2.5
      vertex 5.3033 -5.3033 2.5
    endloop
  endfacet
  facet normal 0 0 1
    outer loop
      vertex 1.94114 7.24444 2.5
      vertex 3.75 -6.49519 2.5
      vertex 3.75 6.49519 2.5
    endloop
  endfacet
  facet normal 0 0 1
    outer loop
      vertex 1.94114 7.24444 2.5
      vertex 1.94114 -7.24444 2.5
      vertex 3.75 -6.49519 2.5
    endloop
  endfacet
  facet normal 0 0 1
    outer loop
      vertex 0 7.5 2.5
      vertex 1.94114 -7.24444 2.5
      vertex 1.94114 7.24444 2.5
    endloop
  endfacet
  facet normal 0 0 1
    outer loop
      vertex 0 7.5 2.5
      vertex 0 -7.5 2.5
      vertex 1.94114 -7.24444 2.5
    endloop
  endfacet
  facet normal -0 0 1
    outer loop
      vertex -1.94114 7.24444 2.5
      vertex 0 -7.5 2.5
      vertex 0 7.5 2.5
    endloop
  endfacet
  facet normal 0 0 1
    outer loop
      vertex -1.94114 7.24444 2.5
      vertex -1.94114 -7.24444 2.5
      vertex 0 -7.5 2.5
    endloop
  endfacet
  facet normal -0 0 1
    outer loop
      vertex -3.75 6.49519 2.5
      vertex -1.94114 -7.24444 2.5
      vertex -1.94114 7.24444 2.5
    endloop
  endfacet
  facet normal 0 0 1
    outer loop
      vertex -3.75 6.49519 2.5
      vertex -3.75 -6.49519 2.5
      vertex -1.94114 -7.24444 2.5
    endloop
  endfacet
  facet normal -0 0 1
    outer loop
      vertex -5.3033 5.3033 2.5
      vertex -3.75 -6.49519 2.5
      vertex -3.75 6.49519 2.5
    endloop
  endfacet
  facet normal 0 0 1
    outer loop
      vertex -5.3033 5.3033 2.5
      vertex -5.3033 -5.3033 2.5
      vertex -3.75 -6.49519 2.5
    endloop
  endfacet
  facet normal -0 0 1
    outer loop
      vertex -6.49519 3.75 2.5
      vertex -5.3033 -5.3033 2.5
      vertex -5.3033 5.3033 2.5
    endloop
  endfacet
  facet normal 0 0 1
    outer loop
      vertex -6.49519 3.75 2.5
      vertex -6.49519 -3.75 2.5
      vertex -5.3033 -5.3033 2.5
    endloop
  endfacet
  facet normal -0 0 1
    outer loop
      vertex -7.24444 1.94114 2.5
      vertex -6.49519 -3.75 2.5
      vertex -6.49519 3.75 2.5
    endloop
  endfacet
  facet normal 0 0 1
    outer loop
      vertex -7.24444 1.94114 2.5
      vertex -7.24444 -1.94114 2.5
      vertex -6.49519 -3.75 2.5
    endloop
  endfacet
  facet normal 0 -0 1
    outer loop
      vertex -7.24444 -1.94114 2.5
      vertex -7.24444 1.94114 2.5
      vertex -7.5 0 2.5
    endloop
  endfacet
  facet normal -0.92388 -0.382682 0
    outer loop
      vertex 7.24444 1.94114 2.5
      vertex 6.49519 3.75 4
      vertex 6.49519 3.75 2.5
    endloop
  endfacet
  facet normal -0.92388 -0.382682 0
    outer loop
      vertex 6.49519 3.75 4
      vertex 7.24444 1.94114 2.5
      vertex 7.24444 1.94114 4
    endloop
  endfacet
  facet normal -0.991445 -0.130528 0
    outer loop
      vertex 7.5 0 2.5
      vertex 7.24444 1.94114 4
      vertex 7.24444 1.94114 2.5
    endloop
  endfacet
  facet normal -0.991445 -0.130528 0
    outer loop
      vertex 7.24444 1.94114 4
      vertex 7.5 0 2.5
      vertex 7.5 0 4
    endloop
  endfacet
  facet normal -0.793353 -0.608762 0
    outer loop
      vertex 6.49519 3.75 2.5
      vertex 5.3033 5.3033 4
      vertex 5.3033 5.3033 2.5
    endloop
  endfacet
  facet normal -0.793353 -0.608762 0
    outer loop
      vertex 5.3033 5.3033 4
      vertex 6.49519 3.75 2.5
      vertex 6.49519 3.75 4
    endloop
  endfacet
  facet normal 0.793353 -0.608762 0
    outer loop
      vertex -6.49519 3.75 4
      vertex -5.3033 5.3033 2.5
      vertex -5.3033 5.3033 4
    endloop
  endfacet
  facet normal 0.793353 -0.608762 0
    outer loop
      vertex -5.3033 5.3033 2.5
      vertex -6.49519 3.75 4
      vertex -6.49519 3.75 2.5
    endloop
  endfacet
  facet normal 0.608762 -0.793353 0
    outer loop
      vertex -5.3033 5.3033 2.5
      vertex -3.75 6.49519 4
      vertex -5.3033 5.3033 4
    endloop
  endfacet
  facet normal 0.608762 -0.793353 0
    outer loop
      vertex -3.75 6.49519 4
      vertex -5.3033 5.3033 2.5
      vertex -3.75 6.49519 2.5
    endloop
  endfacet
  facet normal -0.382682 0.92388 0
    outer loop
      vertex 3.75 -6.49519 2.5
      vertex 1.94114 -7.24444 4
      vertex 3.75 -6.49519 4
    endloop
  endfacet
  facet normal -0.382682 0.92388 0
    outer loop
      vertex 1.94114 -7.24444 4
      vertex 3.75 -6.49519 2.5
      vertex 1.94114 -7.24444 2.5
    endloop
  endfacet
  facet normal 0.92388 -0.382682 0
    outer loop
      vertex -7.24444 1.94114 4
      vertex -6.49519 3.75 2.5
      vertex -6.49519 3.75 4
    endloop
  endfacet
  facet normal 0.92388 -0.382682 0
    outer loop
      vertex -6.49519 3.75 2.5
      vertex -7.24444 1.94114 4
      vertex -7.24444 1.94114 2.5
    endloop
  endfacet
  facet normal -0.608762 -0.793353 0
    outer loop
      vertex 3.75 6.49519 2.5
      vertex 5.3033 5.3033 4
      vertex 3.75 6.49519 4
    endloop
  endfacet
  facet normal -0.608762 -0.793353 -0
    outer loop
      vertex 5.3033 5.3033 4
      vertex 3.75 6.49519 2.5
      vertex 5.3033 5.3033 2.5
    endloop
  endfacet
  facet normal -0.130528 -0.991445 0
    outer loop
      vertex 0 7.5 2.5
      vertex 1.94114 7.24444 4
      vertex 0 7.5 4
    endloop
  endfacet
  facet normal -0.130528 -0.991445 -0
    outer loop
      vertex 1.94114 7.24444 4
      vertex 0 7.5 2.5
      vertex 1.94114 7.24444 2.5
    endloop
  endfacet
  facet normal 0.382682 0.92388 -0
    outer loop
      vertex -1.94114 -7.24444 2.5
      vertex -3.75 -6.49519 4
      vertex -1.94114 -7.24444 4
    endloop
  endfacet
  facet normal 0.382682 0.92388 0
    outer loop
      vertex -3.75 -6.49519 4
      vertex -1.94114 -7.24444 2.5
      vertex -3.75 -6.49519 2.5
    endloop
  endfacet
  facet normal -0.130528 0.991445 0
    outer loop
      vertex 1.94114 -7.24444 2.5
      vertex 0 -7.5 4
      vertex 1.94114 -7.24444 4
    endloop
  endfacet
  facet normal -0.130528 0.991445 0
    outer loop
      vertex 0 -7.5 4
      vertex 1.94114 -7.24444 2.5
      vertex 0 -7.5 2.5
    endloop
  endfacet
  facet normal 0 0 -1
    outer loop
      vertex 7.24444 -1.94114 4
      vertex 7.24444 1.94114 4
      vertex 7.5 0 4
    endloop
  endfacet
  facet normal 0 0 -1
    outer loop
      vertex 6.49519 -3.75 4
      vertex 7.24444 1.94114 4
      vertex 7.24444 -1.94114 4
    endloop
  endfacet
  facet normal 0 0 -1
    outer loop
      vertex 6.49519 -3.75 4
      vertex 6.49519 3.75 4
      vertex 7.24444 1.94114 4
    endloop
  endfacet
  facet normal 0 0 -1
    outer loop
      vertex 5.3033 -5.3033 4
      vertex 6.49519 3.75 4
      vertex 6.49519 -3.75 4
    endloop
  endfacet
  facet normal 0 0 -1
    outer loop
      vertex 5.3033 -5.3033 4
      vertex 5.3033 5.3033 4
      vertex 6.49519 3.75 4
    endloop
  endfacet
  facet normal 0 0 -1
    outer loop
      vertex 3.75 -6.49519 4
      vertex 5.3033 5.3033 4
      vertex 5.3033 -5.3033 4
    endloop
  endfacet
  facet normal 0 0 -1
    outer loop
      vertex 3.75 -6.49519 4
      vertex 3.75 6.49519 4
      vertex 5.3033 5.3033 4
    endloop
  endfacet
  facet normal 0 0 -1
    outer loop
      vertex 1.94114 -7.24444 4
      vertex 3.75 6.49519 4
      vertex 3.75 -6.49519 4
    endloop
  endfacet
  facet normal 0 0 -1
    outer loop
      vertex 1.94114 -7.24444 4
      vertex 1.94114 7.24444 4
      vertex 3.75 6.49519 4
    endloop
  endfacet
  facet normal 0 0 -1
    outer loop
      vertex 0 -7.5 4
      vertex 1.94114 7.24444 4
      vertex 1.94114 -7.24444 4
    endloop
  endfacet
  facet normal 0 0 -1
    outer loop
      vertex 0 -7.5 4
      vertex 0 7.5 4
      vertex 1.94114 7.24444 4
    endloop
  endfacet
  facet normal 0 0 -1
    outer loop
      vertex -1.94114 -7.24444 4
      vertex 0 7.5 4
      vertex 0 -7.5 4
    endloop
  endfacet
  facet normal 0 0 -1
    outer loop
      vertex -1.94114 -7.24444 4
      vertex -1.94114 7.24444 4
      vertex 0 7.5 4
    endloop
  endfacet
  facet normal 0 0 -1
    outer loop
      vertex -3.75 -6.49519 4
      vertex -1.94114 7.24444 4
      vertex -1.94114 -7.24444 4
    endloop
  endfacet
  facet normal 0 0 -1
    outer loop
      vertex -3.75 -6.49519 4
      vertex -3.75 6.49519 4
      vertex -1.94114 7.24444 4
    endloop
  endfacet
  facet normal 0 0 -1
    outer loop
      vertex -5.3033 -5.3033 4
      vertex -3.75 6.49519 4
      vertex -3.75 -6.49519 4
    endloop
  endfacet
  facet normal 0 0 -1
    outer loop
      vertex -5.3033 -5.3033 4
      vertex -5.3033 5.3033 4
      vertex -3.75 6.49519 4
    endloop
  endfacet
  facet normal 0 0 -1
    outer loop
      vertex -6.49519 -3.75 4
      vertex -5.3033 5.3033 4
      vertex -5.3033 -5.3033 4
    endloop
  endfacet
  facet normal 0 0 -1
    outer loop
      vertex -6.49519 -3.75 4
      vertex -6.49519 3.75 4
      vertex -5.3033 5.3033 4
    endloop
  endfacet
  facet normal 0 0 -1
    outer loop
      vertex -7.24444 -1.94114 4
      vertex -6.49519 3.75 4
      vertex -6.49519 -3.75 4
    endloop
  endfacet
  facet normal 0 0 -1
    outer loop
      vertex -7.24444 -1.94114 4
      vertex -7.24444 1.94114 4
      vertex -6.49519 3.75 4
    endloop
  endfacet
  facet normal 0 -0 -1
    outer loop
      vertex -7.24444 1.94114 4
      vertex -7.24444 -1.94114 4
      vertex -7.5 0 4
    endloop
  endfacet
  facet normal -0.793353 0.608762 0
    outer loop
      vertex 5.3033 -5.3033 2.5
      vertex 6.49519 -3.75 4
      vertex 6.49519 -3.75 2.5
    endloop
  endfacet
  facet normal -0.793353 0.608762 0
    outer loop
      vertex 6.49519 -3.75 4
      vertex 5.3033 -5.3033 2.5
      vertex 5.3033 -5.3033 4
    endloop
  endfacet
  facet normal -0.608762 0.793353 0
    outer loop
      vertex 5.3033 -5.3033 2.5
      vertex 3.75 -6.49519 4
      vertex 5.3033 -5.3033 4
    endloop
  endfacet
  facet normal -0.608762 0.793353 0
    outer loop
      vertex 3.75 -6.49519 4
      vertex 5.3033 -5.3033 2.5
      vertex 3.75 -6.49519 2.5
    endloop
  endfacet
  facet normal 0.793353 0.608762 0
    outer loop
      vertex -5.3033 -5.3033 4
      vertex -6.49519 -3.75 2.5
      vertex -6.49519 -3.75 4
    endloop
  endfacet
  facet normal 0.793353 0.608762 0
    outer loop
      vertex -6.49519 -3.75 2.5
      vertex -5.3033 -5.3033 4
      vertex -5.3033 -5.3033 2.5
    endloop
  endfacet
  facet normal -0.991445 0.130528 0
    outer loop
      vertex 7.24444 -1.94114 2.5
      vertex 7.5 0 4
      vertex 7.5 0 2.5
    endloop
  endfacet
  facet normal -0.991445 0.130528 0
    outer loop
      vertex 7.5 0 4
      vertex 7.24444 -1.94114 2.5
      vertex 7.24444 -1.94114 4
    endloop
  endfacet
  facet normal 0.991445 -0.130528 0
    outer loop
      vertex -7.5 0 4
      vertex -7.24444 1.94114 2.5
      vertex -7.24444 1.94114 4
    endloop
  endfacet
  facet normal 0.991445 -0.130528 0
    outer loop
      vertex -7.24444 1.94114 2.5
      vertex -7.5 0 4
      vertex -7.5 0 2.5
    endloop
  endfacet
  facet normal 0.130528 -0.991445 0
    outer loop
      vertex -1.94114 7.24444 2.5
      vertex 0 7.5 4
      vertex -1.94114 7.24444 4
    endloop
  endfacet
  facet normal 0.130528 -0.991445 0
    outer loop
      vertex 0 7.5 4
      vertex -1.94114 7.24444 2.5
      vertex 0 7.5 2.5
    endloop
  endfacet
  facet normal -0.92388 0.382682 0
    outer loop
      vertex 6.49519 -3.75 2.5
      vertex 7.24444 -1.94114 4
      vertex 7.24444 -1.94114 2.5
    endloop
  endfacet
  facet normal -0.92388 0.382682 0
    outer loop
      vertex 7.24444 -1.94114 4
      vertex 6.49519 -3.75 2.5
      vertex 6.49519 -3.75 4
    endloop
  endfacet
  facet normal 0.382682 -0.92388 0
    outer loop
      vertex -3.75 6.49519 2.5
      vertex -1.94114 7.24444 4
      vertex -3.75 6.49519 4
    endloop
  endfacet
  facet normal 0.382682 -0.92388 0
    outer loop
      vertex -1.94114 7.24444 4
      vertex -3.75 6.49519 2.5
      vertex -1.94114 7.24444 2.5
    endloop
  endfacet
  facet normal -0.382682 -0.92388 0
    outer loop
      vertex 1.94114 7.24444 2.5
      vertex 3.75 6.49519 4
      vertex 1.94114 7.24444 4
    endloop
  endfacet
  facet normal -0.382682 -0.92388 -0
    outer loop
      vertex 3.75 6.49519 4
      vertex 1.94114 7.24444 2.5
      vertex 3.75 6.49519 2.5
    endloop
  endfacet
  facet normal 0.130528 0.991445 -0
    outer loop
      vertex 0 -7.5 2.5
      vertex -1.94114 -7.24444 4
      vertex 0 -7.5 4
    endloop
  endfacet
  facet normal 0.130528 0.991445 0
    outer loop
      vertex -1.94114 -7.24444 4
      vertex 0 -7.5 2.5
      vertex -1.94114 -7.24444 2.5
    endloop
  endfacet
  facet normal 0.92388 0.382682 0
    outer loop
      vertex -6.49519 -3.75 4
      vertex -7.24444 -1.94114 2.5
      vertex -7.24444 -1.94114 4
    endloop
  endfacet
  facet normal 0.92388 0.382682 0
    outer loop
      vertex -7.24444 -1.94114 2.5
      vertex -6.49519 -3.75 4
      vertex -6.49519 -3.75 2.5
    endloop
  endfacet
  facet normal 0.991445 0.130528 0
    outer loop
      vertex -7.24444 -1.94114 4
      vertex -7.5 0 2.5
      vertex -7.5 0 4
    endloop
  endfacet
  facet normal 0.991445 0.130528 0
    outer loop
      vertex -7.5 0 2.5
      vertex -7.24444 -1.94114 4
      vertex -7.24444 -1.94114 2.5
    endloop
  endfacet
  facet normal 0.608762 0.793353 -0
    outer loop
      vertex -3.75 -6.49519 2.5
      vertex -5.3033 -5.3033 4
      vertex -3.75 -6.49519 4
    endloop
  endfacet
  facet normal 0.608762 0.793353 0
    outer loop
      vertex -5.3033 -5.3033 4
      vertex -3.75 -6.49519 2.5
      vertex -5.3033 -5.3033 2.5
    endloop
  endfacet
  facet normal 0.382676 -0.923883 0
    outer loop
      vertex 18.2322 1.76777 0.5
      vertex 20 2.5 1
      vertex 18.2322 1.76777 1
    endloop
  endfacet
  facet normal 0.382676 -0.923883 0
    outer loop
      vertex 20 2.5 1
      vertex 18.2322 1.76777 0.5
      vertex 20 2.5 0.5
    endloop
  endfacet
  facet normal 0.923886 -0.382668 0
    outer loop
      vertex 17.5 0 1
      vertex 18.2322 1.76777 0.5
      vertex 18.2322 1.76777 1
    endloop
  endfacet
  facet normal 0.923886 -0.382668 0
    outer loop
      vertex 18.2322 1.76777 0.5
      vertex 17.5 0 1
      vertex 17.5 0 0.5
    endloop
  endfacet
  facet normal 0.382676 0.923883 -0
    outer loop
      vertex 20 -2.5 0.5
      vertex 18.2322 -1.76777 1
      vertex 20 -2.5 1
    endloop
  endfacet
  facet normal 0.382676 0.923883 0
    outer loop
      vertex 18.2322 -1.76777 1
      vertex 20 -2.5 0.5
      vertex 18.2322 -1.76777 0.5
    endloop
  endfacet
  facet normal 0.923886 0.382668 0
    outer loop
      vertex 18.2322 -1.76777 1
      vertex 17.5 0 0.5
      vertex 17.5 0 1
    endloop
  endfacet
  facet normal 0.923886 0.382668 0
    outer loop
      vertex 17.5 0 0.5
      vertex 18.2322 -1.76777 1
      vertex 18.2322 -1.76777 0.5
    endloop
  endfacet
  facet normal 0.923883 0.382676 0
    outer loop
      vertex -1.76777 18.2322 1
      vertex -2.5 20 0.5
      vertex -2.5 20 1
    endloop
  endfacet
  facet normal 0.923883 0.382676 0
    outer loop
      vertex -2.5 20 0.5
      vertex -1.76777 18.2322 1
      vertex -1.76777 18.2322 0.5
    endloop
  endfacet
  facet normal 0.382668 0.923886 -0
    outer loop
      vertex 0 17.5 0.5
      vertex -1.76777 18.2322 1
      vertex 0 17.5 1
    endloop
  endfacet
  facet normal 0.382668 0.923886 0
    outer loop
      vertex -1.76777 18.2322 1
      vertex 0 17.5 0.5
      vertex -1.76777 18.2322 0.5
    endloop
  endfacet
  facet normal -0.923883 0.382676 0
    outer loop
      vertex 1.76777 18.2322 0.5
      vertex 2.5 20 1
      vertex 2.5 20 0.5
    endloop
  endfacet
  facet normal -0.923883 0.382676 0
    outer loop
      vertex 2.5 20 1
      vertex 1.76777 18.2322 0.5
      vertex 1.76777 18.2322 1
    endloop
  endfacet
  facet normal -0.382668 0.923886 0
    outer loop
      vertex 1.76777 18.2322 0.5
      vertex 0 17.5 1
      vertex 1.76777 18.2322 1
    endloop
  endfacet
  facet normal -0.382668 0.923886 0
    outer loop
      vertex 0 17.5 1
      vertex 1.76777 18.2322 0.5
      vertex 0 17.5 0.5
    endloop
  endfacet
  facet normal -0.382676 0.923883 0
    outer loop
      vertex -18.2322 -1.76777 0.5
      vertex -20 -2.5 1
      vertex -18.2322 -1.76777 1
    endloop
  endfacet
  facet normal -0.382676 0.923883 0
    outer loop
      vertex -20 -2.5 1
      vertex -18.2322 -1.76777 0.5
      vertex -20 -2.5 0.5
    endloop
  endfacet
  facet normal -0.923886 0.382668 0
    outer loop
      vertex -18.2322 -1.76777 0.5
      vertex -17.5 0 1
      vertex -17.5 0 0.5
    endloop
  endfacet
  facet normal -0.923886 0.382668 0
    outer loop
      vertex -17.5 0 1
      vertex -18.2322 -1.76777 0.5
      vertex -18.2322 -1.76777 1
    endloop
  endfacet
  facet normal -0.382676 -0.923883 0
    outer loop
      vertex -20 2.5 0.5
      vertex -18.2322 1.76777 1
      vertex -20 2.5 1
    endloop
  endfacet
  facet normal -0.382676 -0.923883 -0
    outer loop
      vertex -18.2322 1.76777 1
      vertex -20 2.5 0.5
      vertex -18.2322 1.76777 0.5
    endloop
  endfacet
  facet normal -0.923886 -0.382668 0
    outer loop
      vertex -17.5 0 0.5
      vertex -18.2322 1.76777 1
      vertex -18.2322 1.76777 0.5
    endloop
  endfacet
  facet normal -0.923886 -0.382668 0
    outer loop
      vertex -18.2322 1.76777 1
      vertex -17.5 0 0.5
      vertex -17.5 0 1
    endloop
  endfacet
  facet normal -0.923883 -0.382676 0
    outer loop
      vertex 2.5 -20 0.5
      vertex 1.76777 -18.2322 1
      vertex 1.76777 -18.2322 0.5
    endloop
  endfacet
  facet normal -0.923883 -0.382676 0
    outer loop
      vertex 1.76777 -18.2322 1
      vertex 2.5 -20 0.5
      vertex 2.5 -20 1
    endloop
  endfacet
  facet normal -0.382668 -0.923886 0
    outer loop
      vertex 0 -17.5 0.5
      vertex 1.76777 -18.2322 1
      vertex 0 -17.5 1
    endloop
  endfacet
  facet normal -0.382668 -0.923886 -0
    outer loop
      vertex 1.76777 -18.2322 1
      vertex 0 -17.5 0.5
      vertex 1.76777 -18.2322 0.5
    endloop
  endfacet
  facet normal 0.923883 -0.382676 0
    outer loop
      vertex -2.5 -20 1
      vertex -1.76777 -18.2322 0.5
      vertex -1.76777 -18.2322 1
    endloop
  endfacet
  facet normal 0.923883 -0.382676 0
    outer loop
      vertex -1.76777 -18.2322 0.5
      vertex -2.5 -20 1
      vertex -2.5 -20 0.5
    endloop
  endfacet
  facet normal 0.382668 -0.923886 0
    outer loop
      vertex -1.76777 -18.2322 0.5
      vertex 0 -17.5 1
      vertex -1.76777 -18.2322 1
    endloop
  endfacet
  facet normal 0.382668 -0.923886 0
    outer loop
      vertex 0 -17.5 1
      vertex -1.76777 -18.2322 0.5
      vertex 0 -17.5 0.5
    endloop
  endfacet
  facet normal -0.890492 -0.0935928 0.445269
    outer loop
      vertex -23.4755 -4.98988 2.5
      vertex -25 0 0.5
      vertex -24.4537 -5.19779 0.5
    endloop
  endfacet
  facet normal -0.851593 0.27669 0.445233
    outer loop
      vertex -22.8386 10.1684 0.5
      vertex -23.4755 4.98988 2.5
      vertex -21.9251 9.76168 2.5
    endloop
  endfacet
  facet normal 0.951054 0.309026 0
    outer loop
      vertex 24.4537 5.19779 0.5
      vertex 22.8386 10.1684 -0.5
      vertex 22.8386 10.1684 0.5
    endloop
  endfacet
  facet normal 0.951054 0.309026 0
    outer loop
      vertex 22.8386 10.1684 -0.5
      vertex 24.4537 5.19779 0.5
      vertex 24.4537 5.19779 -0.5
    endloop
  endfacet
  facet normal 0 1 -0
    outer loop
      vertex 2.61321 24.863 -0.5
      vertex -2.61321 24.863 0.5
      vertex 2.61321 24.863 0.5
    endloop
  endfacet
  facet normal 0 1 0
    outer loop
      vertex -2.61321 24.863 0.5
      vertex 2.61321 24.863 -0.5
      vertex -2.61321 24.863 -0.5
    endloop
  endfacet
  facet normal 0.58778 -0.809021 0
    outer loop
      vertex 12.5 -21.6506 -0.5
      vertex 16.7283 -18.5786 0.5
      vertex 12.5 -21.6506 0.5
    endloop
  endfacet
  facet normal 0.58778 -0.809021 0
    outer loop
      vertex 16.7283 -18.5786 0.5
      vertex 12.5 -21.6506 -0.5
      vertex 16.7283 -18.5786 -0.5
    endloop
  endfacet
  facet normal 0.775449 0.447713 0.445233
    outer loop
      vertex 22.8386 10.1684 0.5
      vertex 19.4164 14.1068 2.5
      vertex 21.9251 9.76168 2.5
    endloop
  endfacet
  facet normal 0.665423 0.599137 0.44525
    outer loop
      vertex 20.2254 14.6946 0.5
      vertex 16.7283 18.5786 0.5
      vertex 19.4164 14.1068 2.5
    endloop
  endfacet
  facet normal 0.851571 0.276701 0.445268
    outer loop
      vertex 24.4537 5.19779 0.5
      vertex 22.8386 10.1684 0.5
      vertex 23.4755 4.98988 2.5
    endloop
  endfacet
  facet normal 0.207906 0.978149 -0
    outer loop
      vertex 7.72542 23.7764 -0.5
      vertex 2.61321 24.863 0.5
      vertex 7.72542 23.7764 0.5
    endloop
  endfacet
  facet normal 0.207906 0.978149 0
    outer loop
      vertex 2.61321 24.863 0.5
      vertex 7.72542 23.7764 -0.5
      vertex 2.61321 24.863 -0.5
    endloop
  endfacet
  facet normal -0.775449 0.447713 0.445233
    outer loop
      vertex -19.4164 14.1068 2.5
      vertex -22.8386 10.1684 0.5
      vertex -21.9251 9.76168 2.5
    endloop
  endfacet
  facet normal -0.40674 -0.913544 0
    outer loop
      vertex -12.5 -21.6506 -0.5
      vertex -7.72542 -23.7764 0.5
      vertex -12.5 -21.6506 0.5
    endloop
  endfacet
  facet normal -0.40674 -0.913544 -0
    outer loop
      vertex -7.72542 -23.7764 0.5
      vertex -12.5 -21.6506 -0.5
      vertex -7.72542 -23.7764 -0.5
    endloop
  endfacet
  facet normal 0.775449 -0.447713 0.445233
    outer loop
      vertex 21.9251 -9.76168 2.5
      vertex 19.4164 -14.1068 2.5
      vertex 22.8386 -10.1684 0.5
    endloop
  endfacet
  facet normal -0.526308 0.724402 0.445243
    outer loop
      vertex -12.5 21.6506 0.5
      vertex -16.0591 17.8355 2.5
      vertex -12 20.7846 2.5
    endloop
  endfacet
  facet normal 0.775446 -0.447703 0.445248
    outer loop
      vertex 22.8386 -10.1684 0.5
      vertex 19.4164 -14.1068 2.5
      vertex 20.2254 -14.6946 0.5
    endloop
  endfacet
  facet normal 0.40674 -0.913544 0
    outer loop
      vertex 7.72542 -23.7764 -0.5
      vertex 12.5 -21.6506 0.5
      vertex 7.72542 -23.7764 0.5
    endloop
  endfacet
  facet normal 0.40674 -0.913544 0
    outer loop
      vertex 12.5 -21.6506 0.5
      vertex 7.72542 -23.7764 -0.5
      vertex 12.5 -21.6506 -0.5
    endloop
  endfacet
  facet normal -0.186154 -0.875845 0.445243
    outer loop
      vertex -2.50868 -23.8685 2.5
      vertex -7.41641 -22.8254 2.5
      vertex -2.61321 -24.863 0.5
    endloop
  endfacet
  facet normal -0.851571 0.276701 0.445268
    outer loop
      vertex -22.8386 10.1684 0.5
      vertex -24.4537 5.19779 0.5
      vertex -23.4755 4.98988 2.5
    endloop
  endfacet
  facet normal -0 0 -1
    outer loop
      vertex -3.85349 19.5157 -0.5
      vertex -6.18034 19.0211 -0.5
      vertex -3.97083 20.4821 -0.5
    endloop
  endfacet
  facet normal 0 0 -1
    outer loop
      vertex 6.18034 19.0211 -0.5
      vertex 3.85349 19.5157 -0.5
      vertex 3.97083 20.4821 -0.5
    endloop
  endfacet
  facet normal 0 0 -1
    outer loop
      vertex 23.5418 -1.85889 -0.5
      vertex 25 0 -0.5
      vertex 24.4537 -5.19779 -0.5
    endloop
  endfacet
  facet normal 0 0 -1
    outer loop
      vertex 23.5418 1.85889 -0.5
      vertex 25 0 -0.5
      vertex 24 0 -0.5
    endloop
  endfacet
  facet normal -0 0 -1
    outer loop
      vertex 25 0 -0.5
      vertex 23.5418 -1.85889 -0.5
      vertex 24 0 -0.5
    endloop
  endfacet
  facet normal 0 0 -1
    outer loop
      vertex 20.4821 -3.97083 -0.5
      vertex 24.4537 -5.19779 -0.5
      vertex 22.8386 -10.1684 -0.5
    endloop
  endfacet
  facet normal 0 0 -1
    outer loop
      vertex 24.4537 -5.19779 -0.5
      vertex 22.2723 -3.29193 -0.5
      vertex 23.5418 -1.85889 -0.5
    endloop
  endfacet
  facet normal 0 0 -1
    outer loop
      vertex 24.4537 -5.19779 -0.5
      vertex 20.4821 -3.97083 -0.5
      vertex 22.2723 -3.29193 -0.5
    endloop
  endfacet
  facet normal 0 0 -1
    outer loop
      vertex 18.2709 -8.13473 -0.5
      vertex 22.8386 -10.1684 -0.5
      vertex 20.2254 -14.6946 -0.5
    endloop
  endfacet
  facet normal 0 0 -1
    outer loop
      vertex 22.8386 -10.1684 -0.5
      vertex 18.2709 -8.13473 -0.5
      vertex 20.4821 -3.97083 -0.5
    endloop
  endfacet
  facet normal -0 0 -1
    outer loop
      vertex 20.4821 -3.97083 -0.5
      vertex 19.563 -4.15823 -0.5
      vertex 19.594 -3.86299 -0.5
    endloop
  endfacet
  facet normal 0 0 -1
    outer loop
      vertex 20.4821 -3.97083 -0.5
      vertex 18.2709 -8.13473 -0.5
      vertex 19.563 -4.15823 -0.5
    endloop
  endfacet
  facet normal 0 0 -1
    outer loop
      vertex 16.1803 -11.7557 -0.5
      vertex 20.2254 -14.6946 -0.5
      vertex 16.7283 -18.5786 -0.5
    endloop
  endfacet
  facet normal 0 0 -1
    outer loop
      vertex 20.2254 -14.6946 -0.5
      vertex 16.1803 -11.7557 -0.5
      vertex 18.2709 -8.13473 -0.5
    endloop
  endfacet
  facet normal 0 0 -1
    outer loop
      vertex 16.7283 -18.5786 -0.5
      vertex 13.3826 -14.8629 -0.5
      vertex 16.1803 -11.7557 -0.5
    endloop
  endfacet
  facet normal 0 0 -1
    outer loop
      vertex 12.5 -21.6506 -0.5
      vertex 13.3826 -14.8629 -0.5
      vertex 16.7283 -18.5786 -0.5
    endloop
  endfacet
  facet normal 0 0 -1
    outer loop
      vertex 12.5 -21.6506 -0.5
      vertex 10 -17.3205 -0.5
      vertex 13.3826 -14.8629 -0.5
    endloop
  endfacet
  facet normal 0 0 -1
    outer loop
      vertex 7.72542 -23.7764 -0.5
      vertex 10 -17.3205 -0.5
      vertex 12.5 -21.6506 -0.5
    endloop
  endfacet
  facet normal 0 0 -1
    outer loop
      vertex 7.72542 -23.7764 -0.5
      vertex 6.18034 -19.0211 -0.5
      vertex 10 -17.3205 -0.5
    endloop
  endfacet
  facet normal 0 0 -1
    outer loop
      vertex 7.72542 -23.7764 -0.5
      vertex 3.97083 -20.4821 -0.5
      vertex 6.18034 -19.0211 -0.5
    endloop
  endfacet
  facet normal 0 0 -1
    outer loop
      vertex 7.72542 -23.7764 -0.5
      vertex 3.29193 -22.2723 -0.5
      vertex 3.97083 -20.4821 -0.5
    endloop
  endfacet
  facet normal 0 0 -1
    outer loop
      vertex 2.61321 -24.863 -0.5
      vertex 3.29193 -22.2723 -0.5
      vertex 7.72542 -23.7764 -0.5
    endloop
  endfacet
  facet normal 0 0 -1
    outer loop
      vertex 2.61321 -24.863 -0.5
      vertex 1.85889 -23.5418 -0.5
      vertex 3.29193 -22.2723 -0.5
    endloop
  endfacet
  facet normal 0 0 -1
    outer loop
      vertex 2.61321 -24.863 -0.5
      vertex 0 -24 -0.5
      vertex 1.85889 -23.5418 -0.5
    endloop
  endfacet
  facet normal 0 0 -1
    outer loop
      vertex -2.61321 -24.863 -0.5
      vertex 0 -24 -0.5
      vertex 2.61321 -24.863 -0.5
    endloop
  endfacet
  facet normal -0 0 -1
    outer loop
      vertex 0 -24 -0.5
      vertex -2.61321 -24.863 -0.5
      vertex -1.85889 -23.5418 -0.5
    endloop
  endfacet
  facet normal 0 0 -1
    outer loop
      vertex -2.61321 -24.863 -0.5
      vertex -3.29193 -22.2723 -0.5
      vertex -1.85889 -23.5418 -0.5
    endloop
  endfacet
  facet normal 0 0 -1
    outer loop
      vertex -7.72542 -23.7764 -0.5
      vertex -3.29193 -22.2723 -0.5
      vertex -2.61321 -24.863 -0.5
    endloop
  endfacet
  facet normal -0 0 -1
    outer loop
      vertex -3.29193 -22.2723 -0.5
      vertex -7.72542 -23.7764 -0.5
      vertex -3.97083 -20.4821 -0.5
    endloop
  endfacet
  facet normal -0 0 -1
    outer loop
      vertex -3.97083 -20.4821 -0.5
      vertex -7.72542 -23.7764 -0.5
      vertex -6.18034 -19.0211 -0.5
    endloop
  endfacet
  facet normal 0 0 -1
    outer loop
      vertex -7.72542 -23.7764 -0.5
      vertex -10 -17.3205 -0.5
      vertex -6.18034 -19.0211 -0.5
    endloop
  endfacet
  facet normal 0 0 -1
    outer loop
      vertex -12.5 -21.6506 -0.5
      vertex -10 -17.3205 -0.5
      vertex -7.72542 -23.7764 -0.5
    endloop
  endfacet
  facet normal 0 0 -1
    outer loop
      vertex -12.5 -21.6506 -0.5
      vertex -13.3826 -14.8629 -0.5
      vertex -10 -17.3205 -0.5
    endloop
  endfacet
  facet normal 0 0 -1
    outer loop
      vertex -16.7283 -18.5786 -0.5
      vertex -13.3826 -14.8629 -0.5
      vertex -12.5 -21.6506 -0.5
    endloop
  endfacet
  facet normal -0 0 -1
    outer loop
      vertex -13.3826 -14.8629 -0.5
      vertex -16.7283 -18.5786 -0.5
      vertex -16.1803 -11.7557 -0.5
    endloop
  endfacet
  facet normal 0 0 -1
    outer loop
      vertex -20.2254 -14.6946 -0.5
      vertex -16.1803 -11.7557 -0.5
      vertex -16.7283 -18.5786 -0.5
    endloop
  endfacet
  facet normal -0 0 -1
    outer loop
      vertex -16.1803 -11.7557 -0.5
      vertex -20.2254 -14.6946 -0.5
      vertex -18.2709 -8.13473 -0.5
    endloop
  endfacet
  facet normal 0 0 -1
    outer loop
      vertex -22.8386 -10.1684 -0.5
      vertex -18.2709 -8.13473 -0.5
      vertex -20.2254 -14.6946 -0.5
    endloop
  endfacet
  facet normal 0 -0 -1
    outer loop
      vertex -20.4821 -3.97083 -0.5
      vertex -18.2709 -8.13473 -0.5
      vertex -22.8386 -10.1684 -0.5
    endloop
  endfacet
  facet normal 0 0 -1
    outer loop
      vertex -18.2709 -8.13473 -0.5
      vertex -20.4821 -3.97083 -0.5
      vertex -19.563 -4.15823 -0.5
    endloop
  endfacet
  facet normal 0 0 -1
    outer loop
      vertex -19.563 -4.15823 -0.5
      vertex -20.4821 -3.97083 -0.5
      vertex -19.594 -3.86299 -0.5
    endloop
  endfacet
  facet normal 0 0 -1
    outer loop
      vertex -24.4537 -5.19779 -0.5
      vertex -20.4821 -3.97083 -0.5
      vertex -22.8386 -10.1684 -0.5
    endloop
  endfacet
  facet normal -0 0 -1
    outer loop
      vertex -20.4821 -3.97083 -0.5
      vertex -24.4537 -5.19779 -0.5
      vertex -22.2723 -3.29193 -0.5
    endloop
  endfacet
  facet normal -0 0 -1
    outer loop
      vertex -22.2723 -3.29193 -0.5
      vertex -24.4537 -5.19779 -0.5
      vertex -23.5418 -1.85889 -0.5
    endloop
  endfacet
  facet normal 0 0 -1
    outer loop
      vertex -25 0 -0.5
      vertex -23.5418 -1.85889 -0.5
      vertex -24.4537 -5.19779 -0.5
    endloop
  endfacet
  facet normal 0 0 -1
    outer loop
      vertex 25 0 -0.5
      vertex 23.5418 1.85889 -0.5
      vertex 24.4537 5.19779 -0.5
    endloop
  endfacet
  facet normal 0 0 -1
    outer loop
      vertex 22.2723 3.29193 -0.5
      vertex 24.4537 5.19779 -0.5
      vertex 23.5418 1.85889 -0.5
    endloop
  endfacet
  facet normal 0 0 -1
    outer loop
      vertex 20.4821 3.97083 -0.5
      vertex 24.4537 5.19779 -0.5
      vertex 22.2723 3.29193 -0.5
    endloop
  endfacet
  facet normal -0 0 -1
    outer loop
      vertex 24.4537 5.19779 -0.5
      vertex 20.4821 3.97083 -0.5
      vertex 22.8386 10.1684 -0.5
    endloop
  endfacet
  facet normal 0 0 -1
    outer loop
      vertex 18.2709 8.13473 -0.5
      vertex 22.8386 10.1684 -0.5
      vertex 20.4821 3.97083 -0.5
    endloop
  endfacet
  facet normal 0 0 -1
    outer loop
      vertex 19.563 4.15823 -0.5
      vertex 20.4821 3.97083 -0.5
      vertex 19.594 3.86299 -0.5
    endloop
  endfacet
  facet normal 0 0 -1
    outer loop
      vertex 18.2709 8.13473 -0.5
      vertex 20.4821 3.97083 -0.5
      vertex 19.563 4.15823 -0.5
    endloop
  endfacet
  facet normal -0 0 -1
    outer loop
      vertex 22.8386 10.1684 -0.5
      vertex 18.2709 8.13473 -0.5
      vertex 20.2254 14.6946 -0.5
    endloop
  endfacet
  facet normal 0 0 -1
    outer loop
      vertex 16.1803 11.7557 -0.5
      vertex 20.2254 14.6946 -0.5
      vertex 18.2709 8.13473 -0.5
    endloop
  endfacet
  facet normal -0 0 -1
    outer loop
      vertex 20.2254 14.6946 -0.5
      vertex 16.1803 11.7557 -0.5
      vertex 16.7283 18.5786 -0.5
    endloop
  endfacet
  facet normal 0 0 -1
    outer loop
      vertex 13.3826 14.8629 -0.5
      vertex 16.7283 18.5786 -0.5
      vertex 16.1803 11.7557 -0.5
    endloop
  endfacet
  facet normal 0 0 -1
    outer loop
      vertex 13.3826 14.8629 -0.5
      vertex 12.5 21.6506 -0.5
      vertex 16.7283 18.5786 -0.5
    endloop
  endfacet
  facet normal 0 0 -1
    outer loop
      vertex 10 17.3205 -0.5
      vertex 12.5 21.6506 -0.5
      vertex 13.3826 14.8629 -0.5
    endloop
  endfacet
  facet normal 0 0 -1
    outer loop
      vertex 10 17.3205 -0.5
      vertex 7.72542 23.7764 -0.5
      vertex 12.5 21.6506 -0.5
    endloop
  endfacet
  facet normal 0 0 -1
    outer loop
      vertex 6.18034 19.0211 -0.5
      vertex 7.72542 23.7764 -0.5
      vertex 10 17.3205 -0.5
    endloop
  endfacet
  facet normal 0 0 -1
    outer loop
      vertex 3.97083 20.4821 -0.5
      vertex 7.72542 23.7764 -0.5
      vertex 6.18034 19.0211 -0.5
    endloop
  endfacet
  facet normal 0 0 -1
    outer loop
      vertex 3.29193 22.2723 -0.5
      vertex 7.72542 23.7764 -0.5
      vertex 3.97083 20.4821 -0.5
    endloop
  endfacet
  facet normal 0 0 -1
    outer loop
      vertex 3.29193 22.2723 -0.5
      vertex 2.61321 24.863 -0.5
      vertex 7.72542 23.7764 -0.5
    endloop
  endfacet
  facet normal 0 0 -1
    outer loop
      vertex 1.85889 23.5418 -0.5
      vertex 2.61321 24.863 -0.5
      vertex 3.29193 22.2723 -0.5
    endloop
  endfacet
  facet normal 0 0 -1
    outer loop
      vertex 0 24 -0.5
      vertex 2.61321 24.863 -0.5
      vertex 1.85889 23.5418 -0.5
    endloop
  endfacet
  facet normal 0 0 -1
    outer loop
      vertex -2.61321 24.863 -0.5
      vertex 0 24 -0.5
      vertex -1.85889 23.5418 -0.5
    endloop
  endfacet
  facet normal 0 0 -1
    outer loop
      vertex 0 24 -0.5
      vertex -2.61321 24.863 -0.5
      vertex 2.61321 24.863 -0.5
    endloop
  endfacet
  facet normal 0 0 -1
    outer loop
      vertex -3.29193 22.2723 -0.5
      vertex -2.61321 24.863 -0.5
      vertex -1.85889 23.5418 -0.5
    endloop
  endfacet
  facet normal 0 0 -1
    outer loop
      vertex -7.72542 23.7764 -0.5
      vertex -3.29193 22.2723 -0.5
      vertex -3.97083 20.4821 -0.5
    endloop
  endfacet
  facet normal 0 0 -1
    outer loop
      vertex -7.72542 23.7764 -0.5
      vertex -3.97083 20.4821 -0.5
      vertex -6.18034 19.0211 -0.5
    endloop
  endfacet
  facet normal 0 0 -1
    outer loop
      vertex -3.29193 22.2723 -0.5
      vertex -7.72542 23.7764 -0.5
      vertex -2.61321 24.863 -0.5
    endloop
  endfacet
  facet normal 0 0 -1
    outer loop
      vertex -10 17.3205 -0.5
      vertex -7.72542 23.7764 -0.5
      vertex -6.18034 19.0211 -0.5
    endloop
  endfacet
  facet normal 0 0 -1
    outer loop
      vertex -10 17.3205 -0.5
      vertex -12.5 21.6506 -0.5
      vertex -7.72542 23.7764 -0.5
    endloop
  endfacet
  facet normal 0 0 -1
    outer loop
      vertex -13.3826 14.8629 -0.5
      vertex -12.5 21.6506 -0.5
      vertex -10 17.3205 -0.5
    endloop
  endfacet
  facet normal 0 0 -1
    outer loop
      vertex -16.7283 18.5786 -0.5
      vertex -13.3826 14.8629 -0.5
      vertex -16.1803 11.7557 -0.5
    endloop
  endfacet
  facet normal 0 0 -1
    outer loop
      vertex -13.3826 14.8629 -0.5
      vertex -16.7283 18.5786 -0.5
      vertex -12.5 21.6506 -0.5
    endloop
  endfacet
  facet normal 0 0 -1
    outer loop
      vertex -20.2254 14.6946 -0.5
      vertex -16.1803 11.7557 -0.5
      vertex -18.2709 8.13473 -0.5
    endloop
  endfacet
  facet normal 0 0 -1
    outer loop
      vertex -20.4821 3.97083 -0.5
      vertex -18.2709 8.13473 -0.5
      vertex -19.563 4.15823 -0.5
    endloop
  endfacet
  facet normal 0 0 -1
    outer loop
      vertex -16.1803 11.7557 -0.5
      vertex -20.2254 14.6946 -0.5
      vertex -16.7283 18.5786 -0.5
    endloop
  endfacet
  facet normal 0 0 -1
    outer loop
      vertex -20.4821 3.97083 -0.5
      vertex -19.563 4.15823 -0.5
      vertex -19.594 3.86299 -0.5
    endloop
  endfacet
  facet normal -0 0 -1
    outer loop
      vertex -18.2709 8.13473 -0.5
      vertex -20.4821 3.97083 -0.5
      vertex -22.8386 10.1684 -0.5
    endloop
  endfacet
  facet normal 0 0 -1
    outer loop
      vertex -24.4537 5.19779 -0.5
      vertex -20.4821 3.97083 -0.5
      vertex -22.2723 3.29193 -0.5
    endloop
  endfacet
  facet normal 0 0 -1
    outer loop
      vertex -18.2709 8.13473 -0.5
      vertex -22.8386 10.1684 -0.5
      vertex -20.2254 14.6946 -0.5
    endloop
  endfacet
  facet normal 0 0 -1
    outer loop
      vertex -24.4537 5.19779 -0.5
      vertex -22.2723 3.29193 -0.5
      vertex -23.5418 1.85889 -0.5
    endloop
  endfacet
  facet normal 0 0 -1
    outer loop
      vertex -25 0 -0.5
      vertex -23.5418 1.85889 -0.5
      vertex -24 0 -0.5
    endloop
  endfacet
  facet normal 0 0 -1
    outer loop
      vertex -20.4821 3.97083 -0.5
      vertex -24.4537 5.19779 -0.5
      vertex -22.8386 10.1684 -0.5
    endloop
  endfacet
  facet normal 0 0 -1
    outer loop
      vertex -23.5418 -1.85889 -0.5
      vertex -25 0 -0.5
      vertex -24 0 -0.5
    endloop
  endfacet
  facet normal -0 0 -1
    outer loop
      vertex -23.5418 1.85889 -0.5
      vertex -25 0 -0.5
      vertex -24.4537 5.19779 -0.5
    endloop
  endfacet
  facet normal 0 0 -1
    outer loop
      vertex 6.18034 -19.0211 -0.5
      vertex 3.97083 -20.4821 -0.5
      vertex 3.85349 -19.5157 -0.5
    endloop
  endfacet
  facet normal -0 0 -1
    outer loop
      vertex -3.85349 -19.5157 -0.5
      vertex -3.97083 -20.4821 -0.5
      vertex -6.18034 -19.0211 -0.5
    endloop
  endfacet
  facet normal 0 0 -1
    outer loop
      vertex -10 -2 -0.5
      vertex -16.1162 -0.957262 -0.5
      vertex -10 2 -0.5
    endloop
  endfacet
  facet normal 0 -0 -1
    outer loop
      vertex -16.1162 -0.957262 -0.5
      vertex -10 -2 -0.5
      vertex -16.6635 -2 -0.5
    endloop
  endfacet
  facet normal 0 0 -1
    outer loop
      vertex -16.1162 0.957262 -0.5
      vertex -10 2 -0.5
      vertex -16.1162 -0.957262 -0.5
    endloop
  endfacet
  facet normal -0 0 -1
    outer loop
      vertex -10 2 -0.5
      vertex -16.1162 0.957262 -0.5
      vertex -16.6635 2 -0.5
    endloop
  endfacet
  facet normal 0.186162 0.87585 0.44523
    outer loop
      vertex 7.72542 23.7764 0.5
      vertex 2.61321 24.863 0.5
      vertex 7.41641 22.8254 2.5
    endloop
  endfacet
  facet normal 0.866026 -0.5 0
    outer loop
      vertex 20.2254 -14.6946 0.5
      vertex 22.8386 -10.1684 -0.5
      vertex 22.8386 -10.1684 0.5
    endloop
  endfacet
  facet normal 0.866026 -0.5 0
    outer loop
      vertex 22.8386 -10.1684 -0.5
      vertex 20.2254 -14.6946 0.5
      vertex 20.2254 -14.6946 -0.5
    endloop
  endfacet
  facet normal 0.951054 -0.309026 0
    outer loop
      vertex 22.8386 -10.1684 0.5
      vertex 24.4537 -5.19779 -0.5
      vertex 24.4537 -5.19779 0.5
    endloop
  endfacet
  facet normal 0.951054 -0.309026 0
    outer loop
      vertex 24.4537 -5.19779 -0.5
      vertex 22.8386 -10.1684 0.5
      vertex 22.8386 -10.1684 -0.5
    endloop
  endfacet
  facet normal -0.866026 -0.5 0
    outer loop
      vertex -20.2254 -14.6946 -0.5
      vertex -22.8386 -10.1684 0.5
      vertex -22.8386 -10.1684 -0.5
    endloop
  endfacet
  facet normal -0.866026 -0.5 0
    outer loop
      vertex -22.8386 -10.1684 0.5
      vertex -20.2254 -14.6946 -0.5
      vertex -20.2254 -14.6946 0.5
    endloop
  endfacet
  facet normal 0.8905 0.0936029 0.44525
    outer loop
      vertex 25 0 0.5
      vertex 23.4755 4.98988 2.5
      vertex 24 0 2.5
    endloop
  endfacet
  facet normal 0.186162 -0.87585 0.44523
    outer loop
      vertex 7.41641 -22.8254 2.5
      vertex 2.61321 -24.863 0.5
      vertex 7.72542 -23.7764 0.5
    endloop
  endfacet
  facet normal 0.186154 0.875845 0.445243
    outer loop
      vertex 2.61321 24.863 0.5
      vertex 2.50868 23.8685 2.5
      vertex 7.41641 22.8254 2.5
    endloop
  endfacet
  facet normal 0.994522 0.104527 0
    outer loop
      vertex 25 0 0.5
      vertex 24.4537 5.19779 -0.5
      vertex 24.4537 5.19779 0.5
    endloop
  endfacet
  facet normal 0.994522 0.104527 0
    outer loop
      vertex 24.4537 5.19779 -0.5
      vertex 25 0 0.5
      vertex 25 0 -0.5
    endloop
  endfacet
  facet normal -0.775446 -0.447703 0.445248
    outer loop
      vertex -19.4164 -14.1068 2.5
      vertex -22.8386 -10.1684 0.5
      vertex -20.2254 -14.6946 0.5
    endloop
  endfacet
  facet normal 0.526308 -0.724402 0.445243
    outer loop
      vertex 16.0591 -17.8355 2.5
      vertex 12 -20.7846 2.5
      vertex 12.5 -21.6506 0.5
    endloop
  endfacet
  facet normal -0.851593 -0.27669 0.445233
    outer loop
      vertex -21.9251 -9.76168 2.5
      vertex -23.4755 -4.98988 2.5
      vertex -22.8386 -10.1684 0.5
    endloop
  endfacet
  facet normal 0 0.89541 0.445243
    outer loop
      vertex 2.61321 24.863 0.5
      vertex -2.50868 23.8685 2.5
      vertex 2.50868 23.8685 2.5
    endloop
  endfacet
  facet normal 0 0.89541 0.445243
    outer loop
      vertex -2.50868 23.8685 2.5
      vertex 2.61321 24.863 0.5
      vertex -2.61321 24.863 0.5
    endloop
  endfacet
  facet normal 0.743151 0.669123 0
    outer loop
      vertex 20.2254 14.6946 0.5
      vertex 16.7283 18.5786 -0.5
      vertex 16.7283 18.5786 0.5
    endloop
  endfacet
  facet normal 0.743151 0.669123 0
    outer loop
      vertex 16.7283 18.5786 -0.5
      vertex 20.2254 14.6946 0.5
      vertex 20.2254 14.6946 -0.5
    endloop
  endfacet
  facet normal 0.58778 0.809021 -0
    outer loop
      vertex 16.7283 18.5786 -0.5
      vertex 12.5 21.6506 0.5
      vertex 16.7283 18.5786 0.5
    endloop
  endfacet
  facet normal 0.58778 0.809021 0
    outer loop
      vertex 12.5 21.6506 0.5
      vertex 16.7283 18.5786 -0.5
      vertex 12.5 21.6506 -0.5
    endloop
  endfacet
  facet normal 0.364201 -0.818002 0.445231
    outer loop
      vertex 12.5 -21.6506 0.5
      vertex 7.41641 -22.8254 2.5
      vertex 7.72542 -23.7764 0.5
    endloop
  endfacet
  facet normal 0.866026 0.5 0
    outer loop
      vertex 22.8386 10.1684 0.5
      vertex 20.2254 14.6946 -0.5
      vertex 20.2254 14.6946 0.5
    endloop
  endfacet
  facet normal 0.866026 0.5 0
    outer loop
      vertex 20.2254 14.6946 -0.5
      vertex 22.8386 10.1684 0.5
      vertex 22.8386 10.1684 -0.5
    endloop
  endfacet
  facet normal -0.851571 -0.276701 0.445268
    outer loop
      vertex -23.4755 -4.98988 2.5
      vertex -24.4537 -5.19779 0.5
      vertex -22.8386 -10.1684 0.5
    endloop
  endfacet
  facet normal 0.890492 -0.0935928 0.445269
    outer loop
      vertex 25 0 0.5
      vertex 23.4755 -4.98988 2.5
      vertex 24.4537 -5.19779 0.5
    endloop
  endfacet
  facet normal 0 -1 0
    outer loop
      vertex -2.61321 -24.863 -0.5
      vertex 2.61321 -24.863 0.5
      vertex -2.61321 -24.863 0.5
    endloop
  endfacet
  facet normal 0 -1 -0
    outer loop
      vertex 2.61321 -24.863 0.5
      vertex -2.61321 -24.863 -0.5
      vertex 2.61321 -24.863 -0.5
    endloop
  endfacet
  facet normal -0.186162 -0.87585 0.44523
    outer loop
      vertex -7.41641 -22.8254 2.5
      vertex -7.72542 -23.7764 0.5
      vertex -2.61321 -24.863 0.5
    endloop
  endfacet
  facet normal -0.364204 -0.817994 0.445243
    outer loop
      vertex -12 -20.7846 2.5
      vertex -12.5 -21.6506 0.5
      vertex -7.41641 -22.8254 2.5
    endloop
  endfacet
  facet normal -0.890492 0.0935928 0.445269
    outer loop
      vertex -24.4537 5.19779 0.5
      vertex -25 0 0.5
      vertex -23.4755 4.98988 2.5
    endloop
  endfacet
  facet normal 0.994522 -0.104527 0
    outer loop
      vertex 24.4537 -5.19779 0.5
      vertex 25 0 -0.5
      vertex 25 0 0.5
    endloop
  endfacet
  facet normal 0.994522 -0.104527 0
    outer loop
      vertex 25 0 -0.5
      vertex 24.4537 -5.19779 0.5
      vertex 24.4537 -5.19779 -0.5
    endloop
  endfacet
  facet normal 0.775446 0.447703 0.445248
    outer loop
      vertex 20.2254 14.6946 0.5
      vertex 19.4164 14.1068 2.5
      vertex 22.8386 10.1684 0.5
    endloop
  endfacet
  facet normal -0.665423 -0.599137 0.44525
    outer loop
      vertex -19.4164 -14.1068 2.5
      vertex -20.2254 -14.6946 0.5
      vertex -16.7283 -18.5786 0.5
    endloop
  endfacet
  facet normal 0.890492 0.0935928 0.445269
    outer loop
      vertex 24.4537 5.19779 0.5
      vertex 23.4755 4.98988 2.5
      vertex 25 0 0.5
    endloop
  endfacet
  facet normal -0.665417 -0.599137 0.445258
    outer loop
      vertex -16.0591 -17.8355 2.5
      vertex -19.4164 -14.1068 2.5
      vertex -16.7283 -18.5786 0.5
    endloop
  endfacet
  facet normal -0.207906 0.978149 0
    outer loop
      vertex -2.61321 24.863 -0.5
      vertex -7.72542 23.7764 0.5
      vertex -2.61321 24.863 0.5
    endloop
  endfacet
  facet normal -0.207906 0.978149 0
    outer loop
      vertex -7.72542 23.7764 0.5
      vertex -2.61321 24.863 -0.5
      vertex -7.72542 23.7764 -0.5
    endloop
  endfacet
  facet normal -0.364201 0.818002 0.445231
    outer loop
      vertex -7.72542 23.7764 0.5
      vertex -12.5 21.6506 0.5
      vertex -7.41641 22.8254 2.5
    endloop
  endfacet
  facet normal -0.775446 0.447703 0.445248
    outer loop
      vertex -20.2254 14.6946 0.5
      vertex -22.8386 10.1684 0.5
      vertex -19.4164 14.1068 2.5
    endloop
  endfacet
  facet normal 0.40674 0.913544 -0
    outer loop
      vertex 12.5 21.6506 -0.5
      vertex 7.72542 23.7764 0.5
      vertex 12.5 21.6506 0.5
    endloop
  endfacet
  facet normal 0.40674 0.913544 0
    outer loop
      vertex 7.72542 23.7764 0.5
      vertex 12.5 21.6506 -0.5
      vertex 7.72542 23.7764 -0.5
    endloop
  endfacet
  facet normal -0.743151 -0.669123 0
    outer loop
      vertex -16.7283 -18.5786 -0.5
      vertex -20.2254 -14.6946 0.5
      vertex -20.2254 -14.6946 -0.5
    endloop
  endfacet
  facet normal -0.743151 -0.669123 0
    outer loop
      vertex -20.2254 -14.6946 0.5
      vertex -16.7283 -18.5786 -0.5
      vertex -16.7283 -18.5786 0.5
    endloop
  endfacet
  facet normal 0.207906 -0.978149 0
    outer loop
      vertex 2.61321 -24.863 -0.5
      vertex 7.72542 -23.7764 0.5
      vertex 2.61321 -24.863 0.5
    endloop
  endfacet
  facet normal 0.207906 -0.978149 0
    outer loop
      vertex 7.72542 -23.7764 0.5
      vertex 2.61321 -24.863 -0.5
      vertex 7.72542 -23.7764 -0.5
    endloop
  endfacet
  facet normal -0.994522 -0.104527 0
    outer loop
      vertex -24.4537 -5.19779 -0.5
      vertex -25 0 0.5
      vertex -25 0 -0.5
    endloop
  endfacet
  facet normal -0.994522 -0.104527 0
    outer loop
      vertex -25 0 0.5
      vertex -24.4537 -5.19779 -0.5
      vertex -24.4537 -5.19779 0.5
    endloop
  endfacet
  facet normal -0.58778 -0.809021 0
    outer loop
      vertex -16.7283 -18.5786 -0.5
      vertex -12.5 -21.6506 0.5
      vertex -16.7283 -18.5786 0.5
    endloop
  endfacet
  facet normal -0.58778 -0.809021 -0
    outer loop
      vertex -12.5 -21.6506 0.5
      vertex -16.7283 -18.5786 -0.5
      vertex -12.5 -21.6506 -0.5
    endloop
  endfacet
  facet normal 0.851593 0.27669 0.445233
    outer loop
      vertex 22.8386 10.1684 0.5
      vertex 21.9251 9.76168 2.5
      vertex 23.4755 4.98988 2.5
    endloop
  endfacet
  facet normal -0.8905 0.0936029 0.44525
    outer loop
      vertex -23.4755 4.98988 2.5
      vertex -25 0 0.5
      vertex -24 0 2.5
    endloop
  endfacet
  facet normal -0.8905 -0.0936029 0.44525
    outer loop
      vertex -24 0 2.5
      vertex -25 0 0.5
      vertex -23.4755 -4.98988 2.5
    endloop
  endfacet
  facet normal 0.665417 -0.599137 0.445258
    outer loop
      vertex 19.4164 -14.1068 2.5
      vertex 16.0591 -17.8355 2.5
      vertex 16.7283 -18.5786 0.5
    endloop
  endfacet
  facet normal -0.207906 -0.978149 0
    outer loop
      vertex -7.72542 -23.7764 -0.5
      vertex -2.61321 -24.863 0.5
      vertex -7.72542 -23.7764 0.5
    endloop
  endfacet
  facet normal -0.207906 -0.978149 -0
    outer loop
      vertex -2.61321 -24.863 0.5
      vertex -7.72542 -23.7764 -0.5
      vertex -2.61321 -24.863 -0.5
    endloop
  endfacet
  facet normal -0.364201 -0.818002 0.445231
    outer loop
      vertex -7.41641 -22.8254 2.5
      vertex -12.5 -21.6506 0.5
      vertex -7.72542 -23.7764 0.5
    endloop
  endfacet
  facet normal -0.364204 0.817994 0.445243
    outer loop
      vertex -7.41641 22.8254 2.5
      vertex -12.5 21.6506 0.5
      vertex -12 20.7846 2.5
    endloop
  endfacet
  facet normal -0.951054 0.309026 0
    outer loop
      vertex -24.4537 5.19779 -0.5
      vertex -22.8386 10.1684 0.5
      vertex -22.8386 10.1684 -0.5
    endloop
  endfacet
  facet normal -0.951054 0.309026 0
    outer loop
      vertex -22.8386 10.1684 0.5
      vertex -24.4537 5.19779 -0.5
      vertex -24.4537 5.19779 0.5
    endloop
  endfacet
  facet normal -0.775449 -0.447713 0.445233
    outer loop
      vertex -21.9251 -9.76168 2.5
      vertex -22.8386 -10.1684 0.5
      vertex -19.4164 -14.1068 2.5
    endloop
  endfacet
  facet normal 0.665423 -0.599137 0.44525
    outer loop
      vertex 19.4164 -14.1068 2.5
      vertex 16.7283 -18.5786 0.5
      vertex 20.2254 -14.6946 0.5
    endloop
  endfacet
  facet normal -0.526302 -0.724401 0.445252
    outer loop
      vertex -16.0591 -17.8355 2.5
      vertex -16.7283 -18.5786 0.5
      vertex -12.5 -21.6506 0.5
    endloop
  endfacet
  facet normal -0.526308 -0.724402 0.445243
    outer loop
      vertex -12 -20.7846 2.5
      vertex -16.0591 -17.8355 2.5
      vertex -12.5 -21.6506 0.5
    endloop
  endfacet
  facet normal 0.526308 0.724402 0.445243
    outer loop
      vertex 12.5 21.6506 0.5
      vertex 12 20.7846 2.5
      vertex 16.0591 17.8355 2.5
    endloop
  endfacet
  facet normal 0.364204 -0.817994 0.445243
    outer loop
      vertex 12 -20.7846 2.5
      vertex 7.41641 -22.8254 2.5
      vertex 12.5 -21.6506 0.5
    endloop
  endfacet
  facet normal 0.186154 -0.875845 0.445243
    outer loop
      vertex 7.41641 -22.8254 2.5
      vertex 2.50868 -23.8685 2.5
      vertex 2.61321 -24.863 0.5
    endloop
  endfacet
  facet normal 0.364201 0.818002 0.445231
    outer loop
      vertex 7.72542 23.7764 0.5
      vertex 7.41641 22.8254 2.5
      vertex 12.5 21.6506 0.5
    endloop
  endfacet
  facet normal 0.526302 0.724401 0.445252
    outer loop
      vertex 16.7283 18.5786 0.5
      vertex 12.5 21.6506 0.5
      vertex 16.0591 17.8355 2.5
    endloop
  endfacet
  facet normal 0.665417 0.599137 0.445258
    outer loop
      vertex 16.7283 18.5786 0.5
      vertex 16.0591 17.8355 2.5
      vertex 19.4164 14.1068 2.5
    endloop
  endfacet
  facet normal -0.665417 0.599137 0.445258
    outer loop
      vertex -16.7283 18.5786 0.5
      vertex -19.4164 14.1068 2.5
      vertex -16.0591 17.8355 2.5
    endloop
  endfacet
  facet normal -0.58778 0.809021 0
    outer loop
      vertex -12.5 21.6506 -0.5
      vertex -16.7283 18.5786 0.5
      vertex -12.5 21.6506 0.5
    endloop
  endfacet
  facet normal -0.58778 0.809021 0
    outer loop
      vertex -16.7283 18.5786 0.5
      vertex -12.5 21.6506 -0.5
      vertex -16.7283 18.5786 -0.5
    endloop
  endfacet
  facet normal 0.526302 -0.724401 0.445252
    outer loop
      vertex 16.0591 -17.8355 2.5
      vertex 12.5 -21.6506 0.5
      vertex 16.7283 -18.5786 0.5
    endloop
  endfacet
  facet normal -0.951054 -0.309026 0
    outer loop
      vertex -22.8386 -10.1684 -0.5
      vertex -24.4537 -5.19779 0.5
      vertex -24.4537 -5.19779 -0.5
    endloop
  endfacet
  facet normal -0.951054 -0.309026 0
    outer loop
      vertex -24.4537 -5.19779 0.5
      vertex -22.8386 -10.1684 -0.5
      vertex -22.8386 -10.1684 0.5
    endloop
  endfacet
  facet normal -0.665423 0.599137 0.44525
    outer loop
      vertex -16.7283 18.5786 0.5
      vertex -20.2254 14.6946 0.5
      vertex -19.4164 14.1068 2.5
    endloop
  endfacet
  facet normal 0.8905 -0.0936029 0.44525
    outer loop
      vertex 24 0 2.5
      vertex 23.4755 -4.98988 2.5
      vertex 25 0 0.5
    endloop
  endfacet
  facet normal -0.743151 0.669123 0
    outer loop
      vertex -20.2254 14.6946 -0.5
      vertex -16.7283 18.5786 0.5
      vertex -16.7283 18.5786 -0.5
    endloop
  endfacet
  facet normal -0.743151 0.669123 0
    outer loop
      vertex -16.7283 18.5786 0.5
      vertex -20.2254 14.6946 -0.5
      vertex -20.2254 14.6946 0.5
    endloop
  endfacet
  facet normal -0.994522 0.104527 0
    outer loop
      vertex -25 0 -0.5
      vertex -24.4537 5.19779 0.5
      vertex -24.4537 5.19779 -0.5
    endloop
  endfacet
  facet normal -0.994522 0.104527 0
    outer loop
      vertex -24.4537 5.19779 0.5
      vertex -25 0 -0.5
      vertex -25 0 0.5
    endloop
  endfacet
  facet normal -0.186162 0.87585 0.44523
    outer loop
      vertex -2.61321 24.863 0.5
      vertex -7.72542 23.7764 0.5
      vertex -7.41641 22.8254 2.5
    endloop
  endfacet
  facet normal -0.186154 0.875845 0.445243
    outer loop
      vertex -2.61321 24.863 0.5
      vertex -7.41641 22.8254 2.5
      vertex -2.50868 23.8685 2.5
    endloop
  endfacet
  facet normal -0.866026 0.5 0
    outer loop
      vertex -22.8386 10.1684 -0.5
      vertex -20.2254 14.6946 0.5
      vertex -20.2254 14.6946 -0.5
    endloop
  endfacet
  facet normal -0.866026 0.5 0
    outer loop
      vertex -20.2254 14.6946 0.5
      vertex -22.8386 10.1684 -0.5
      vertex -22.8386 10.1684 0.5
    endloop
  endfacet
  facet normal -0.526302 0.724401 0.445252
    outer loop
      vertex -12.5 21.6506 0.5
      vertex -16.7283 18.5786 0.5
      vertex -16.0591 17.8355 2.5
    endloop
  endfacet
  facet normal 0.364204 0.817994 0.445243
    outer loop
      vertex 12.5 21.6506 0.5
      vertex 7.41641 22.8254 2.5
      vertex 12 20.7846 2.5
    endloop
  endfacet
  facet normal -0.40674 0.913544 0
    outer loop
      vertex -7.72542 23.7764 -0.5
      vertex -12.5 21.6506 0.5
      vertex -7.72542 23.7764 0.5
    endloop
  endfacet
  facet normal -0.40674 0.913544 0
    outer loop
      vertex -12.5 21.6506 0.5
      vertex -7.72542 23.7764 -0.5
      vertex -12.5 21.6506 -0.5
    endloop
  endfacet
  facet normal 0 -0.89541 0.445243
    outer loop
      vertex -2.61321 -24.863 0.5
      vertex 2.50868 -23.8685 2.5
      vertex -2.50868 -23.8685 2.5
    endloop
  endfacet
  facet normal 0 -0.89541 0.445243
    outer loop
      vertex 2.50868 -23.8685 2.5
      vertex -2.61321 -24.863 0.5
      vertex 2.61321 -24.863 0.5
    endloop
  endfacet
  facet normal 0.743151 -0.669123 0
    outer loop
      vertex 16.7283 -18.5786 0.5
      vertex 20.2254 -14.6946 -0.5
      vertex 20.2254 -14.6946 0.5
    endloop
  endfacet
  facet normal 0.743151 -0.669123 0
    outer loop
      vertex 20.2254 -14.6946 -0.5
      vertex 16.7283 -18.5786 0.5
      vertex 16.7283 -18.5786 -0.5
    endloop
  endfacet
  facet normal 0.851593 -0.27669 0.445233
    outer loop
      vertex 23.4755 -4.98988 2.5
      vertex 21.9251 -9.76168 2.5
      vertex 22.8386 -10.1684 0.5
    endloop
  endfacet
  facet normal 0.851571 -0.276701 0.445268
    outer loop
      vertex 23.4755 -4.98988 2.5
      vertex 22.8386 -10.1684 0.5
      vertex 24.4537 -5.19779 0.5
    endloop
  endfacet
  facet normal -0.92388 -0.382682 0
    outer loop
      vertex 7.24444 1.94114 0
      vertex 6.49519 3.75 1
      vertex 6.49519 3.75 0
    endloop
  endfacet
  facet normal -0.92388 -0.382682 0
    outer loop
      vertex 6.49519 3.75 1
      vertex 7.24444 1.94114 0
      vertex 7.24444 1.94114 1
    endloop
  endfacet
  facet normal -0.991445 -0.130528 0
    outer loop
      vertex 7.5 0 0
      vertex 7.24444 1.94114 1
      vertex 7.24444 1.94114 0
    endloop
  endfacet
  facet normal -0.991445 -0.130528 0
    outer loop
      vertex 7.24444 1.94114 1
      vertex 7.5 0 0
      vertex 7.5 0 1
    endloop
  endfacet
  facet normal -0.793353 -0.608762 0
    outer loop
      vertex 6.49519 3.75 0
      vertex 5.3033 5.3033 1
      vertex 5.3033 5.3033 0
    endloop
  endfacet
  facet normal -0.793353 -0.608762 0
    outer loop
      vertex 5.3033 5.3033 1
      vertex 6.49519 3.75 0
      vertex 6.49519 3.75 1
    endloop
  endfacet
  facet normal 0.793353 -0.608762 0
    outer loop
      vertex -6.49519 3.75 1
      vertex -5.3033 5.3033 0
      vertex -5.3033 5.3033 1
    endloop
  endfacet
  facet normal 0.793353 -0.608762 0
    outer loop
      vertex -5.3033 5.3033 0
      vertex -6.49519 3.75 1
      vertex -6.49519 3.75 0
    endloop
  endfacet
  facet normal 0.608762 -0.793353 0
    outer loop
      vertex -5.3033 5.3033 0
      vertex -3.75 6.49519 1
      vertex -5.3033 5.3033 1
    endloop
  endfacet
  facet normal 0.608762 -0.793353 0
    outer loop
      vertex -3.75 6.49519 1
      vertex -5.3033 5.3033 0
      vertex -3.75 6.49519 0
    endloop
  endfacet
  facet normal -0.382682 0.92388 0
    outer loop
      vertex 3.75 -6.49519 0
      vertex 1.94114 -7.24444 1
      vertex 3.75 -6.49519 1
    endloop
  endfacet
  facet normal -0.382682 0.92388 0
    outer loop
      vertex 1.94114 -7.24444 1
      vertex 3.75 -6.49519 0
      vertex 1.94114 -7.24444 0
    endloop
  endfacet
  facet normal 0.92388 -0.382682 0
    outer loop
      vertex -7.24444 1.94114 1
      vertex -6.49519 3.75 0
      vertex -6.49519 3.75 1
    endloop
  endfacet
  facet normal 0.92388 -0.382682 0
    outer loop
      vertex -6.49519 3.75 0
      vertex -7.24444 1.94114 1
      vertex -7.24444 1.94114 0
    endloop
  endfacet
  facet normal -0.608762 -0.793353 0
    outer loop
      vertex 3.75 6.49519 0
      vertex 5.3033 5.3033 1
      vertex 3.75 6.49519 1
    endloop
  endfacet
  facet normal -0.608762 -0.793353 -0
    outer loop
      vertex 5.3033 5.3033 1
      vertex 3.75 6.49519 0
      vertex 5.3033 5.3033 0
    endloop
  endfacet
  facet normal -0.130528 -0.991445 0
    outer loop
      vertex 0 7.5 0
      vertex 1.94114 7.24444 1
      vertex 0 7.5 1
    endloop
  endfacet
  facet normal -0.130528 -0.991445 -0
    outer loop
      vertex 1.94114 7.24444 1
      vertex 0 7.5 0
      vertex 1.94114 7.24444 0
    endloop
  endfacet
  facet normal -0.130528 0.991445 0
    outer loop
      vertex 1.94114 -7.24444 0
      vertex 0 -7.5 1
      vertex 1.94114 -7.24444 1
    endloop
  endfacet
  facet normal -0.130528 0.991445 0
    outer loop
      vertex 0 -7.5 1
      vertex 1.94114 -7.24444 0
      vertex 0 -7.5 0
    endloop
  endfacet
  facet normal 0 0 -1
    outer loop
      vertex 7.24444 -1.94114 1
      vertex 7.24444 1.94114 1
      vertex 7.5 0 1
    endloop
  endfacet
  facet normal 0 0 -1
    outer loop
      vertex 6.49519 -3.75 1
      vertex 7.24444 1.94114 1
      vertex 7.24444 -1.94114 1
    endloop
  endfacet
  facet normal 0 0 -1
    outer loop
      vertex 6.49519 -3.75 1
      vertex 6.49519 3.75 1
      vertex 7.24444 1.94114 1
    endloop
  endfacet
  facet normal 0 0 -1
    outer loop
      vertex 5.3033 -5.3033 1
      vertex 6.49519 3.75 1
      vertex 6.49519 -3.75 1
    endloop
  endfacet
  facet normal 0 0 -1
    outer loop
      vertex 5.3033 -5.3033 1
      vertex 5.3033 5.3033 1
      vertex 6.49519 3.75 1
    endloop
  endfacet
  facet normal 0 0 -1
    outer loop
      vertex 3.75 -6.49519 1
      vertex 5.3033 5.3033 1
      vertex 5.3033 -5.3033 1
    endloop
  endfacet
  facet normal 0 0 -1
    outer loop
      vertex 3.75 -6.49519 1
      vertex 3.75 6.49519 1
      vertex 5.3033 5.3033 1
    endloop
  endfacet
  facet normal 0 0 -1
    outer loop
      vertex 1.94114 -7.24444 1
      vertex 3.75 6.49519 1
      vertex 3.75 -6.49519 1
    endloop
  endfacet
  facet normal 0 0 -1
    outer loop
      vertex 1.94114 -7.24444 1
      vertex 1.94114 7.24444 1
      vertex 3.75 6.49519 1
    endloop
  endfacet
  facet normal 0 0 -1
    outer loop
      vertex 0 -7.5 1
      vertex 1.94114 7.24444 1
      vertex 1.94114 -7.24444 1
    endloop
  endfacet
  facet normal 0 0 -1
    outer loop
      vertex 0 -7.5 1
      vertex 0 7.5 1
      vertex 1.94114 7.24444 1
    endloop
  endfacet
  facet normal 0 0 -1
    outer loop
      vertex -1.94114 -7.24444 1
      vertex 0 7.5 1
      vertex 0 -7.5 1
    endloop
  endfacet
  facet normal 0 0 -1
    outer loop
      vertex -1.94114 -7.24444 1
      vertex -1.94114 7.24444 1
      vertex 0 7.5 1
    endloop
  endfacet
  facet normal 0 0 -1
    outer loop
      vertex -3.75 -6.49519 1
      vertex -1.94114 7.24444 1
      vertex -1.94114 -7.24444 1
    endloop
  endfacet
  facet normal 0 0 -1
    outer loop
      vertex -3.75 -6.49519 1
      vertex -3.75 6.49519 1
      vertex -1.94114 7.24444 1
    endloop
  endfacet
  facet normal 0 0 -1
    outer loop
      vertex -5.3033 -5.3033 1
      vertex -3.75 6.49519 1
      vertex -3.75 -6.49519 1
    endloop
  endfacet
  facet normal 0 0 -1
    outer loop
      vertex -5.3033 -5.3033 1
      vertex -5.3033 5.3033 1
      vertex -3.75 6.49519 1
    endloop
  endfacet
  facet normal 0 0 -1
    outer loop
      vertex -6.49519 -3.75 1
      vertex -5.3033 5.3033 1
      vertex -5.3033 -5.3033 1
    endloop
  endfacet
  facet normal 0 0 -1
    outer loop
      vertex -6.49519 -3.75 1
      vertex -6.49519 3.75 1
      vertex -5.3033 5.3033 1
    endloop
  endfacet
  facet normal 0 0 -1
    outer loop
      vertex -7.24444 -1.94114 1
      vertex -6.49519 3.75 1
      vertex -6.49519 -3.75 1
    endloop
  endfacet
  facet normal 0 0 -1
    outer loop
      vertex -7.24444 -1.94114 1
      vertex -7.24444 1.94114 1
      vertex -6.49519 3.75 1
    endloop
  endfacet
  facet normal 0 -0 -1
    outer loop
      vertex -7.24444 1.94114 1
      vertex -7.24444 -1.94114 1
      vertex -7.5 0 1
    endloop
  endfacet
  facet normal -0.793353 0.608762 0
    outer loop
      vertex 5.3033 -5.3033 0
      vertex 6.49519 -3.75 1
      vertex 6.49519 -3.75 0
    endloop
  endfacet
  facet normal -0.793353 0.608762 0
    outer loop
      vertex 6.49519 -3.75 1
      vertex 5.3033 -5.3033 0
      vertex 5.3033 -5.3033 1
    endloop
  endfacet
  facet normal -0.608762 0.793353 0
    outer loop
      vertex 5.3033 -5.3033 0
      vertex 3.75 -6.49519 1
      vertex 5.3033 -5.3033 1
    endloop
  endfacet
  facet normal -0.608762 0.793353 0
    outer loop
      vertex 3.75 -6.49519 1
      vertex 5.3033 -5.3033 0
      vertex 3.75 -6.49519 0
    endloop
  endfacet
  facet normal 0.793353 0.608762 0
    outer loop
      vertex -5.3033 -5.3033 1
      vertex -6.49519 -3.75 0
      vertex -6.49519 -3.75 1
    endloop
  endfacet
  facet normal 0.793353 0.608762 0
    outer loop
      vertex -6.49519 -3.75 0
      vertex -5.3033 -5.3033 1
      vertex -5.3033 -5.3033 0
    endloop
  endfacet
  facet normal -0.991445 0.130528 0
    outer loop
      vertex 7.24444 -1.94114 0
      vertex 7.5 0 1
      vertex 7.5 0 0
    endloop
  endfacet
  facet normal -0.991445 0.130528 0
    outer loop
      vertex 7.5 0 1
      vertex 7.24444 -1.94114 0
      vertex 7.24444 -1.94114 1
    endloop
  endfacet
  facet normal 0.991445 -0.130528 0
    outer loop
      vertex -7.5 0 1
      vertex -7.24444 1.94114 0
      vertex -7.24444 1.94114 1
    endloop
  endfacet
  facet normal 0.991445 -0.130528 0
    outer loop
      vertex -7.24444 1.94114 0
      vertex -7.5 0 1
      vertex -7.5 0 0
    endloop
  endfacet
  facet normal 0.130528 -0.991445 0
    outer loop
      vertex -1.94114 7.24444 0
      vertex 0 7.5 1
      vertex -1.94114 7.24444 1
    endloop
  endfacet
  facet normal 0.130528 -0.991445 0
    outer loop
      vertex 0 7.5 1
      vertex -1.94114 7.24444 0
      vertex 0 7.5 0
    endloop
  endfacet
  facet normal -0.92388 0.382682 0
    outer loop
      vertex 6.49519 -3.75 0
      vertex 7.24444 -1.94114 1
      vertex 7.24444 -1.94114 0
    endloop
  endfacet
  facet normal -0.92388 0.382682 0
    outer loop
      vertex 7.24444 -1.94114 1
      vertex 6.49519 -3.75 0
      vertex 6.49519 -3.75 1
    endloop
  endfacet
  facet normal 0.382682 -0.92388 0
    outer loop
      vertex -3.75 6.49519 0
      vertex -1.94114 7.24444 1
      vertex -3.75 6.49519 1
    endloop
  endfacet
  facet normal 0.382682 -0.92388 0
    outer loop
      vertex -1.94114 7.24444 1
      vertex -3.75 6.49519 0
      vertex -1.94114 7.24444 0
    endloop
  endfacet
  facet normal -0.382682 -0.92388 0
    outer loop
      vertex 1.94114 7.24444 0
      vertex 3.75 6.49519 1
      vertex 1.94114 7.24444 1
    endloop
  endfacet
  facet normal -0.382682 -0.92388 -0
    outer loop
      vertex 3.75 6.49519 1
      vertex 1.94114 7.24444 0
      vertex 3.75 6.49519 0
    endloop
  endfacet
  facet normal 0.130528 0.991445 -0
    outer loop
      vertex 0 -7.5 0
      vertex -1.94114 -7.24444 1
      vertex 0 -7.5 1
    endloop
  endfacet
  facet normal 0.130528 0.991445 0
    outer loop
      vertex -1.94114 -7.24444 1
      vertex 0 -7.5 0
      vertex -1.94114 -7.24444 0
    endloop
  endfacet
  facet normal 0.92388 0.382682 0
    outer loop
      vertex -6.49519 -3.75 1
      vertex -7.24444 -1.94114 0
      vertex -7.24444 -1.94114 1
    endloop
  endfacet
  facet normal 0.92388 0.382682 0
    outer loop
      vertex -7.24444 -1.94114 0
      vertex -6.49519 -3.75 1
      vertex -6.49519 -3.75 0
    endloop
  endfacet
  facet normal 0.991445 0.130528 0
    outer loop
      vertex -7.24444 -1.94114 1
      vertex -7.5 0 0
      vertex -7.5 0 1
    endloop
  endfacet
  facet normal 0.991445 0.130528 0
    outer loop
      vertex -7.5 0 0
      vertex -7.24444 -1.94114 1
      vertex -7.24444 -1.94114 0
    endloop
  endfacet
  facet normal 0.608762 0.793353 -0
    outer loop
      vertex -3.75 -6.49519 0
      vertex -5.3033 -5.3033 1
      vertex -3.75 -6.49519 1
    endloop
  endfacet
  facet normal 0.608762 0.793353 0
    outer loop
      vertex -5.3033 -5.3033 1
      vertex -3.75 -6.49519 0
      vertex -5.3033 -5.3033 0
    endloop
  endfacet
  facet normal 0.382682 0.92388 -0
    outer loop
      vertex -1.94114 -7.24444 0
      vertex -3.75 -6.49519 1
      vertex -1.94114 -7.24444 1
    endloop
  endfacet
  facet normal 0.382682 0.92388 0
    outer loop
      vertex -3.75 -6.49519 1
      vertex -1.94114 -7.24444 0
      vertex -3.75 -6.49519 0
    endloop
  endfacet
  facet normal -0.743149 -0.669126 0
    outer loop
      vertex -13.3826 -14.8629 -20
      vertex -16.1803 -11.7557 -0.5
      vertex -16.1803 -11.7557 -20
    endloop
  endfacet
  facet normal -0.743149 -0.669126 0
    outer loop
      vertex -16.1803 -11.7557 -0.5
      vertex -13.3826 -14.8629 -20
      vertex -13.3826 -14.8629 -0.5
    endloop
  endfacet
  facet normal 0.951053 0.309029 0
    outer loop
      vertex 19.563 4.15823 -0.5
      vertex 18.2709 8.13473 -20
      vertex 18.2709 8.13473 -0.5
    endloop
  endfacet
  facet normal 0.951053 0.309029 0
    outer loop
      vertex 18.2709 8.13473 -20
      vertex 19.563 4.15823 -0.5
      vertex 19.563 4.15823 -20
    endloop
  endfacet
  facet normal 0.994533 0.104425 -0
    outer loop
      vertex 19.594 3.86299 -2.5
      vertex 19.563 4.15823 -0.5
      vertex 19.594 3.86299 -0.5
    endloop
  endfacet
  facet normal 0.994533 0.104425 0
    outer loop
      vertex 19.563 4.15823 -0.5
      vertex 19.594 3.86299 -2.5
      vertex 19.563 4.15823 -20
    endloop
  endfacet
  facet normal 0.994522 0.104524 -0
    outer loop
      vertex 20 0 -20
      vertex 19.594 3.86299 -2.5
      vertex 20 0 -2.5
    endloop
  endfacet
  facet normal 0.994523 0.104517 1.56827e-06
    outer loop
      vertex 19.594 3.86299 -2.5
      vertex 20 0 -20
      vertex 19.563 4.15823 -20
    endloop
  endfacet
  facet normal 0.866022 0.500006 0
    outer loop
      vertex 18.2709 8.13473 -0.5
      vertex 16.1803 11.7557 -20
      vertex 16.1803 11.7557 -0.5
    endloop
  endfacet
  facet normal 0.866022 0.500006 0
    outer loop
      vertex 16.1803 11.7557 -20
      vertex 18.2709 8.13473 -0.5
      vertex 18.2709 8.13473 -20
    endloop
  endfacet
  facet normal 0.951053 -0.309029 0
    outer loop
      vertex 18.2709 -8.13473 -0.5
      vertex 19.563 -4.15823 -20
      vertex 19.563 -4.15823 -0.5
    endloop
  endfacet
  facet normal 0.951053 -0.309029 0
    outer loop
      vertex 19.563 -4.15823 -20
      vertex 18.2709 -8.13473 -0.5
      vertex 18.2709 -8.13473 -20
    endloop
  endfacet
  facet normal 0.587785 -0.809017 0
    outer loop
      vertex 10 -17.3205 -20
      vertex 13.3826 -14.8629 -0.5
      vertex 10 -17.3205 -0.5
    endloop
  endfacet
  facet normal 0.587785 -0.809017 0
    outer loop
      vertex 13.3826 -14.8629 -0.5
      vertex 10 -17.3205 -20
      vertex 13.3826 -14.8629 -20
    endloop
  endfacet
  facet normal 0.743149 -0.669126 0
    outer loop
      vertex 13.3826 -14.8629 -0.5
      vertex 16.1803 -11.7557 -20
      vertex 16.1803 -11.7557 -0.5
    endloop
  endfacet
  facet normal 0.743149 -0.669126 0
    outer loop
      vertex 16.1803 -11.7557 -20
      vertex 13.3826 -14.8629 -0.5
      vertex 13.3826 -14.8629 -20
    endloop
  endfacet
  facet normal 0.994533 -0.104425 0
    outer loop
      vertex 19.594 -3.86299 -0.5
      vertex 19.563 -4.15823 -0.5
      vertex 19.594 -3.86299 -2.5
    endloop
  endfacet
  facet normal 0.994522 -0.104524 0
    outer loop
      vertex 19.594 -3.86299 -2.5
      vertex 20 0 -20
      vertex 20 0 -2.5
    endloop
  endfacet
  facet normal 0.994523 -0.104517 1.56827e-06
    outer loop
      vertex 19.594 -3.86299 -2.5
      vertex 19.563 -4.15823 -20
      vertex 20 0 -20
    endloop
  endfacet
  facet normal 0.994533 -0.104425 0
    outer loop
      vertex 19.563 -4.15823 -20
      vertex 19.594 -3.86299 -2.5
      vertex 19.563 -4.15823 -0.5
    endloop
  endfacet
  facet normal -0.406732 -0.913547 0
    outer loop
      vertex -10 -17.3205 -20
      vertex -6.18034 -19.0211 -0.5
      vertex -10 -17.3205 -0.5
    endloop
  endfacet
  facet normal -0.406732 -0.913547 -0
    outer loop
      vertex -6.18034 -19.0211 -0.5
      vertex -10 -17.3205 -20
      vertex -6.18034 -19.0211 -20
    endloop
  endfacet
  facet normal 0.406732 0.913547 -0
    outer loop
      vertex 10 17.3205 -20
      vertex 6.18034 19.0211 -0.5
      vertex 10 17.3205 -0.5
    endloop
  endfacet
  facet normal 0.406732 0.913547 0
    outer loop
      vertex 6.18034 19.0211 -0.5
      vertex 10 17.3205 -20
      vertex 6.18034 19.0211 -20
    endloop
  endfacet
  facet normal 0.743149 0.669126 0
    outer loop
      vertex 16.1803 11.7557 -0.5
      vertex 13.3826 14.8629 -20
      vertex 13.3826 14.8629 -0.5
    endloop
  endfacet
  facet normal 0.743149 0.669126 0
    outer loop
      vertex 13.3826 14.8629 -20
      vertex 16.1803 11.7557 -0.5
      vertex 16.1803 11.7557 -20
    endloop
  endfacet
  facet normal -0.587785 -0.809017 0
    outer loop
      vertex -13.3826 -14.8629 -20
      vertex -10 -17.3205 -0.5
      vertex -13.3826 -14.8629 -0.5
    endloop
  endfacet
  facet normal -0.587785 -0.809017 -0
    outer loop
      vertex -10 -17.3205 -0.5
      vertex -13.3826 -14.8629 -20
      vertex -10 -17.3205 -20
    endloop
  endfacet
  facet normal -0.743149 0.669126 0
    outer loop
      vertex -16.1803 11.7557 -20
      vertex -13.3826 14.8629 -0.5
      vertex -13.3826 14.8629 -20
    endloop
  endfacet
  facet normal -0.743149 0.669126 0
    outer loop
      vertex -13.3826 14.8629 -0.5
      vertex -16.1803 11.7557 -20
      vertex -16.1803 11.7557 -0.5
    endloop
  endfacet
  facet normal 0 1 -0
    outer loop
      vertex 2.09057 19.8904 -20
      vertex -2.09057 19.8904 -2.5
      vertex 2.09057 19.8904 -2.5
    endloop
  endfacet
  facet normal 0 1 0
    outer loop
      vertex -2.09057 19.8904 -2.5
      vertex 2.09057 19.8904 -20
      vertex -2.09057 19.8904 -20
    endloop
  endfacet
  facet normal 0.406732 -0.913547 0
    outer loop
      vertex 6.18034 -19.0211 -20
      vertex 10 -17.3205 -0.5
      vertex 6.18034 -19.0211 -0.5
    endloop
  endfacet
  facet normal 0.406732 -0.913547 0
    outer loop
      vertex 10 -17.3205 -0.5
      vertex 6.18034 -19.0211 -20
      vertex 10 -17.3205 -20
    endloop
  endfacet
  facet normal 0.207901 -0.97815 0
    outer loop
      vertex 2.09057 -19.8904 -2.5
      vertex 2.09057 -19.8904 -20
      vertex 3.85349 -19.5157 -2.5
    endloop
  endfacet
  facet normal 0.207917 -0.978147 0
    outer loop
      vertex 3.85349 -19.5157 -2.5
      vertex 6.18034 -19.0211 -0.5
      vertex 3.85349 -19.5157 -0.5
    endloop
  endfacet
  facet normal 0.20791 -0.978148 -9.5035e-07
    outer loop
      vertex 6.18034 -19.0211 -20
      vertex 3.85349 -19.5157 -2.5
      vertex 2.09057 -19.8904 -20
    endloop
  endfacet
  facet normal 0.207917 -0.978147 0
    outer loop
      vertex 3.85349 -19.5157 -2.5
      vertex 6.18034 -19.0211 -20
      vertex 6.18034 -19.0211 -0.5
    endloop
  endfacet
  facet normal -0.951053 0.309029 0
    outer loop
      vertex -19.563 4.15823 -20
      vertex -18.2709 8.13473 -0.5
      vertex -18.2709 8.13473 -20
    endloop
  endfacet
  facet normal -0.951053 0.309029 0
    outer loop
      vertex -18.2709 8.13473 -0.5
      vertex -19.563 4.15823 -20
      vertex -19.563 4.15823 -0.5
    endloop
  endfacet
  facet normal 0 0 -1
    outer loop
      vertex -16.1803 -11.7557 -20
      vertex -5.3033 -5.3033 -20
      vertex -13.3826 -14.8629 -20
    endloop
  endfacet
  facet normal -0 0 -1
    outer loop
      vertex -5.3033 -5.3033 -20
      vertex -16.1803 -11.7557 -20
      vertex -10 -2 -20
    endloop
  endfacet
  facet normal 0 0 -1
    outer loop
      vertex -18.2709 -8.13473 -20
      vertex -10 -2 -20
      vertex -16.1803 -11.7557 -20
    endloop
  endfacet
  facet normal 0 0 -1
    outer loop
      vertex -19.563 -4.15823 -20
      vertex -10 -2 -20
      vertex -18.2709 -8.13473 -20
    endloop
  endfacet
  facet normal -0 0 -1
    outer loop
      vertex -10 -2 -20
      vertex -19.563 -4.15823 -20
      vertex -19.7898 -2 -20
    endloop
  endfacet
  facet normal 0 0 -1
    outer loop
      vertex 7.5 0 -20
      vertex 20 0 -20
      vertex 19.563 -4.15823 -20
    endloop
  endfacet
  facet normal 0 0 -1
    outer loop
      vertex 7.24444 -1.94114 -20
      vertex 19.563 -4.15823 -20
      vertex 18.2709 -8.13473 -20
    endloop
  endfacet
  facet normal 0 0 -1
    outer loop
      vertex 20 0 -20
      vertex 7.5 0 -20
      vertex 19.563 4.15823 -20
    endloop
  endfacet
  facet normal 0 0 -1
    outer loop
      vertex 6.49519 -3.75 -20
      vertex 18.2709 -8.13473 -20
      vertex 16.1803 -11.7557 -20
    endloop
  endfacet
  facet normal 0 0 -1
    outer loop
      vertex 7.24444 1.94114 -20
      vertex 19.563 4.15823 -20
      vertex 7.5 0 -20
    endloop
  endfacet
  facet normal 0 0 -1
    outer loop
      vertex 5.3033 -5.3033 -20
      vertex 16.1803 -11.7557 -20
      vertex 13.3826 -14.8629 -20
    endloop
  endfacet
  facet normal -0 0 -1
    outer loop
      vertex 19.563 4.15823 -20
      vertex 7.24444 1.94114 -20
      vertex 18.2709 8.13473 -20
    endloop
  endfacet
  facet normal 0 0 -1
    outer loop
      vertex 3.75 -6.49519 -20
      vertex 13.3826 -14.8629 -20
      vertex 10 -17.3205 -20
    endloop
  endfacet
  facet normal 0 0 -1
    outer loop
      vertex 6.49519 3.75 -20
      vertex 18.2709 8.13473 -20
      vertex 7.24444 1.94114 -20
    endloop
  endfacet
  facet normal -0 0 -1
    outer loop
      vertex 18.2709 8.13473 -20
      vertex 6.49519 3.75 -20
      vertex 16.1803 11.7557 -20
    endloop
  endfacet
  facet normal 0 0 -1
    outer loop
      vertex 19.563 -4.15823 -20
      vertex 7.24444 -1.94114 -20
      vertex 7.5 0 -20
    endloop
  endfacet
  facet normal 0 0 -1
    outer loop
      vertex 18.2709 -8.13473 -20
      vertex 6.49519 -3.75 -20
      vertex 7.24444 -1.94114 -20
    endloop
  endfacet
  facet normal 0 0 -1
    outer loop
      vertex 3.75 -6.49519 -20
      vertex 10 -17.3205 -20
      vertex 6.18034 -19.0211 -20
    endloop
  endfacet
  facet normal 0 0 -1
    outer loop
      vertex 16.1803 -11.7557 -20
      vertex 5.3033 -5.3033 -20
      vertex 6.49519 -3.75 -20
    endloop
  endfacet
  facet normal 0 0 -1
    outer loop
      vertex 13.3826 -14.8629 -20
      vertex 3.75 -6.49519 -20
      vertex 5.3033 -5.3033 -20
    endloop
  endfacet
  facet normal 0 0 -1
    outer loop
      vertex 1.94114 -7.24444 -20
      vertex 6.18034 -19.0211 -20
      vertex 2.09057 -19.8904 -20
    endloop
  endfacet
  facet normal 0 0 -1
    outer loop
      vertex 6.18034 -19.0211 -20
      vertex 1.94114 -7.24444 -20
      vertex 3.75 -6.49519 -20
    endloop
  endfacet
  facet normal 0 0 -1
    outer loop
      vertex 2.09057 -19.8904 -20
      vertex 0 -7.5 -20
      vertex 1.94114 -7.24444 -20
    endloop
  endfacet
  facet normal 0 0 -1
    outer loop
      vertex -2.09057 -19.8904 -20
      vertex 0 -7.5 -20
      vertex 2.09057 -19.8904 -20
    endloop
  endfacet
  facet normal -0 0 -1
    outer loop
      vertex 0 -7.5 -20
      vertex -2.09057 -19.8904 -20
      vertex -1.94114 -7.24444 -20
    endloop
  endfacet
  facet normal 0 0 -1
    outer loop
      vertex -6.18034 -19.0211 -20
      vertex -1.94114 -7.24444 -20
      vertex -2.09057 -19.8904 -20
    endloop
  endfacet
  facet normal -0 0 -1
    outer loop
      vertex -1.94114 -7.24444 -20
      vertex -6.18034 -19.0211 -20
      vertex -3.75 -6.49519 -20
    endloop
  endfacet
  facet normal 0 0 -1
    outer loop
      vertex -10 -17.3205 -20
      vertex -3.75 -6.49519 -20
      vertex -6.18034 -19.0211 -20
    endloop
  endfacet
  facet normal 0 0 -1
    outer loop
      vertex -13.3826 -14.8629 -20
      vertex -3.75 -6.49519 -20
      vertex -10 -17.3205 -20
    endloop
  endfacet
  facet normal -0 0 -1
    outer loop
      vertex -3.75 -6.49519 -20
      vertex -13.3826 -14.8629 -20
      vertex -5.3033 -5.3033 -20
    endloop
  endfacet
  facet normal 0 0 -1
    outer loop
      vertex -5.3033 -5.3033 -20
      vertex -10 -2 -20
      vertex -6.49519 -3.75 -20
    endloop
  endfacet
  facet normal 0 0 -1
    outer loop
      vertex -6.49519 -3.75 -20
      vertex -10 -2 -20
      vertex -7.24444 -1.94114 -20
    endloop
  endfacet
  facet normal 0 0 -1
    outer loop
      vertex 5.3033 5.3033 -20
      vertex 16.1803 11.7557 -20
      vertex 6.49519 3.75 -20
    endloop
  endfacet
  facet normal -0 0 -1
    outer loop
      vertex 16.1803 11.7557 -20
      vertex 5.3033 5.3033 -20
      vertex 13.3826 14.8629 -20
    endloop
  endfacet
  facet normal 0 0 -1
    outer loop
      vertex 3.75 6.49519 -20
      vertex 13.3826 14.8629 -20
      vertex 5.3033 5.3033 -20
    endloop
  endfacet
  facet normal -0 0 -1
    outer loop
      vertex 13.3826 14.8629 -20
      vertex 3.75 6.49519 -20
      vertex 10 17.3205 -20
    endloop
  endfacet
  facet normal -0 0 -1
    outer loop
      vertex 10 17.3205 -20
      vertex 3.75 6.49519 -20
      vertex 6.18034 19.0211 -20
    endloop
  endfacet
  facet normal 0 0 -1
    outer loop
      vertex 1.94114 7.24444 -20
      vertex 6.18034 19.0211 -20
      vertex 3.75 6.49519 -20
    endloop
  endfacet
  facet normal -0 0 -1
    outer loop
      vertex 6.18034 19.0211 -20
      vertex 1.94114 7.24444 -20
      vertex 2.09057 19.8904 -20
    endloop
  endfacet
  facet normal 0 0 -1
    outer loop
      vertex 0 7.5 -20
      vertex 2.09057 19.8904 -20
      vertex 1.94114 7.24444 -20
    endloop
  endfacet
  facet normal 0 0 -1
    outer loop
      vertex -2.09057 19.8904 -20
      vertex 0 7.5 -20
      vertex -1.94114 7.24444 -20
    endloop
  endfacet
  facet normal 0 0 -1
    outer loop
      vertex 0 7.5 -20
      vertex -2.09057 19.8904 -20
      vertex 2.09057 19.8904 -20
    endloop
  endfacet
  facet normal 0 0 -1
    outer loop
      vertex -6.18034 19.0211 -20
      vertex -1.94114 7.24444 -20
      vertex -3.75 6.49519 -20
    endloop
  endfacet
  facet normal 0 0 -1
    outer loop
      vertex -13.3826 14.8629 -20
      vertex -3.75 6.49519 -20
      vertex -5.3033 5.3033 -20
    endloop
  endfacet
  facet normal 0 0 -1
    outer loop
      vertex -1.94114 7.24444 -20
      vertex -6.18034 19.0211 -20
      vertex -2.09057 19.8904 -20
    endloop
  endfacet
  facet normal 0 0 -1
    outer loop
      vertex -16.1803 11.7557 -20
      vertex -5.3033 5.3033 -20
      vertex -6.49519 3.75 -20
    endloop
  endfacet
  facet normal 0 0 -1
    outer loop
      vertex -10 2 -20
      vertex -6.49519 3.75 -20
      vertex -7.24444 1.94114 -20
    endloop
  endfacet
  facet normal 0 0 -1
    outer loop
      vertex -10 2 -20
      vertex -7.24444 1.94114 -20
      vertex -7.5 0 -20
    endloop
  endfacet
  facet normal -0 0 -1
    outer loop
      vertex -7.24444 -1.94114 -20
      vertex -10 -2 -20
      vertex -7.5 0 -20
    endloop
  endfacet
  facet normal 0 0 -1
    outer loop
      vertex -10 2 -20
      vertex -7.5 0 -20
      vertex -10 -2 -20
    endloop
  endfacet
  facet normal 0 0 -1
    outer loop
      vertex -16.1803 11.7557 -20
      vertex -6.49519 3.75 -20
      vertex -10 2 -20
    endloop
  endfacet
  facet normal 0 0 -1
    outer loop
      vertex -3.75 6.49519 -20
      vertex -10 17.3205 -20
      vertex -6.18034 19.0211 -20
    endloop
  endfacet
  facet normal 0 0 -1
    outer loop
      vertex -3.75 6.49519 -20
      vertex -13.3826 14.8629 -20
      vertex -10 17.3205 -20
    endloop
  endfacet
  facet normal 0 0 -1
    outer loop
      vertex -5.3033 5.3033 -20
      vertex -16.1803 11.7557 -20
      vertex -13.3826 14.8629 -20
    endloop
  endfacet
  facet normal 0 0 -1
    outer loop
      vertex -10 2 -20
      vertex -18.2709 8.13473 -20
      vertex -16.1803 11.7557 -20
    endloop
  endfacet
  facet normal 0 0 -1
    outer loop
      vertex -10 2 -20
      vertex -19.563 4.15823 -20
      vertex -18.2709 8.13473 -20
    endloop
  endfacet
  facet normal 0 -0 -1
    outer loop
      vertex -19.563 4.15823 -20
      vertex -10 2 -20
      vertex -19.7898 2 -20
    endloop
  endfacet
  facet normal -0.951053 -0.309029 0
    outer loop
      vertex -18.2709 -8.13473 -20
      vertex -19.563 -4.15823 -0.5
      vertex -19.563 -4.15823 -20
    endloop
  endfacet
  facet normal -0.951053 -0.309029 0
    outer loop
      vertex -19.563 -4.15823 -0.5
      vertex -18.2709 -8.13473 -20
      vertex -18.2709 -8.13473 -0.5
    endloop
  endfacet
  facet normal -0.406732 0.913547 0
    outer loop
      vertex -6.18034 19.0211 -20
      vertex -10 17.3205 -0.5
      vertex -6.18034 19.0211 -0.5
    endloop
  endfacet
  facet normal -0.406732 0.913547 0
    outer loop
      vertex -10 17.3205 -0.5
      vertex -6.18034 19.0211 -20
      vertex -10 17.3205 -20
    endloop
  endfacet
  facet normal 0 0 1
    outer loop
      vertex 7.24444 1.94114 0
      vertex 7.24444 -1.94114 0
      vertex 7.5 0 0
    endloop
  endfacet
  facet normal 0 0 1
    outer loop
      vertex 6.49519 3.75 0
      vertex 7.24444 -1.94114 0
      vertex 7.24444 1.94114 0
    endloop
  endfacet
  facet normal 0 0 1
    outer loop
      vertex 6.49519 3.75 0
      vertex 6.49519 -3.75 0
      vertex 7.24444 -1.94114 0
    endloop
  endfacet
  facet normal 0 0 1
    outer loop
      vertex 5.3033 5.3033 0
      vertex 6.49519 -3.75 0
      vertex 6.49519 3.75 0
    endloop
  endfacet
  facet normal 0 0 1
    outer loop
      vertex 5.3033 5.3033 0
      vertex 5.3033 -5.3033 0
      vertex 6.49519 -3.75 0
    endloop
  endfacet
  facet normal 0 0 1
    outer loop
      vertex 3.75 6.49519 0
      vertex 5.3033 -5.3033 0
      vertex 5.3033 5.3033 0
    endloop
  endfacet
  facet normal 0 0 1
    outer loop
      vertex 3.75 6.49519 0
      vertex 3.75 -6.49519 0
      vertex 5.3033 -5.3033 0
    endloop
  endfacet
  facet normal 0 0 1
    outer loop
      vertex 1.94114 7.24444 0
      vertex 3.75 -6.49519 0
      vertex 3.75 6.49519 0
    endloop
  endfacet
  facet normal 0 0 1
    outer loop
      vertex 1.94114 7.24444 0
      vertex 1.94114 -7.24444 0
      vertex 3.75 -6.49519 0
    endloop
  endfacet
  facet normal 0 0 1
    outer loop
      vertex 0 7.5 0
      vertex 1.94114 -7.24444 0
      vertex 1.94114 7.24444 0
    endloop
  endfacet
  facet normal 0 0 1
    outer loop
      vertex 0 7.5 0
      vertex 0 -7.5 0
      vertex 1.94114 -7.24444 0
    endloop
  endfacet
  facet normal -0 0 1
    outer loop
      vertex -1.94114 7.24444 0
      vertex 0 -7.5 0
      vertex 0 7.5 0
    endloop
  endfacet
  facet normal 0 0 1
    outer loop
      vertex -1.94114 7.24444 0
      vertex -1.94114 -7.24444 0
      vertex 0 -7.5 0
    endloop
  endfacet
  facet normal -0 0 1
    outer loop
      vertex -3.75 6.49519 0
      vertex -1.94114 -7.24444 0
      vertex -1.94114 7.24444 0
    endloop
  endfacet
  facet normal 0 0 1
    outer loop
      vertex -3.75 6.49519 0
      vertex -3.75 -6.49519 0
      vertex -1.94114 -7.24444 0
    endloop
  endfacet
  facet normal -0 0 1
    outer loop
      vertex -5.3033 5.3033 0
      vertex -3.75 -6.49519 0
      vertex -3.75 6.49519 0
    endloop
  endfacet
  facet normal 0 0 1
    outer loop
      vertex -5.3033 5.3033 0
      vertex -5.3033 -5.3033 0
      vertex -3.75 -6.49519 0
    endloop
  endfacet
  facet normal -0 0 1
    outer loop
      vertex -6.49519 3.75 0
      vertex -5.3033 -5.3033 0
      vertex -5.3033 5.3033 0
    endloop
  endfacet
  facet normal 0 0 1
    outer loop
      vertex -6.49519 3.75 0
      vertex -6.49519 -3.75 0
      vertex -5.3033 -5.3033 0
    endloop
  endfacet
  facet normal -0 0 1
    outer loop
      vertex -7.24444 1.94114 0
      vertex -6.49519 -3.75 0
      vertex -6.49519 3.75 0
    endloop
  endfacet
  facet normal 0 0 1
    outer loop
      vertex -7.24444 1.94114 0
      vertex -7.24444 -1.94114 0
      vertex -6.49519 -3.75 0
    endloop
  endfacet
  facet normal 0 -0 1
    outer loop
      vertex -7.24444 -1.94114 0
      vertex -7.24444 1.94114 0
      vertex -7.5 0 0
    endloop
  endfacet
  facet normal -0.207917 -0.978147 0
    outer loop
      vertex -6.18034 -19.0211 -0.5
      vertex -3.85349 -19.5157 -2.5
      vertex -3.85349 -19.5157 -0.5
    endloop
  endfacet
  facet normal -0.207917 -0.978147 0
    outer loop
      vertex -6.18034 -19.0211 -20
      vertex -3.85349 -19.5157 -2.5
      vertex -6.18034 -19.0211 -0.5
    endloop
  endfacet
  facet normal -0.20791 -0.978148 -9.5035e-07
    outer loop
      vertex -2.09057 -19.8904 -20
      vertex -3.85349 -19.5157 -2.5
      vertex -6.18034 -19.0211 -20
    endloop
  endfacet
  facet normal -0.207901 -0.97815 0
    outer loop
      vertex -3.85349 -19.5157 -2.5
      vertex -2.09057 -19.8904 -20
      vertex -2.09057 -19.8904 -2.5
    endloop
  endfacet
  facet normal 0.207917 0.978147 0
    outer loop
      vertex 6.18034 19.0211 -0.5
      vertex 3.85349 19.5157 -2.5
      vertex 3.85349 19.5157 -0.5
    endloop
  endfacet
  facet normal 0.207917 0.978147 -0
    outer loop
      vertex 6.18034 19.0211 -20
      vertex 3.85349 19.5157 -2.5
      vertex 6.18034 19.0211 -0.5
    endloop
  endfacet
  facet normal 0.20791 0.978148 -9.5035e-07
    outer loop
      vertex 2.09057 19.8904 -20
      vertex 3.85349 19.5157 -2.5
      vertex 6.18034 19.0211 -20
    endloop
  endfacet
  facet normal 0.207901 0.97815 0
    outer loop
      vertex 3.85349 19.5157 -2.5
      vertex 2.09057 19.8904 -20
      vertex 2.09057 19.8904 -2.5
    endloop
  endfacet
  facet normal -0.994522 -0.104524 0
    outer loop
      vertex -19.7898 -2 -20
      vertex -19.594 -3.86299 -2.5
      vertex -19.7898 -2 -2.5
    endloop
  endfacet
  facet normal -0.994524 -0.104511 1.4562e-06
    outer loop
      vertex -19.563 -4.15823 -20
      vertex -19.594 -3.86299 -2.5
      vertex -19.7898 -2 -20
    endloop
  endfacet
  facet normal -0.994533 -0.104425 -0
    outer loop
      vertex -19.563 -4.15823 -0.5
      vertex -19.594 -3.86299 -2.5
      vertex -19.563 -4.15823 -20
    endloop
  endfacet
  facet normal -0.994533 -0.104425 0
    outer loop
      vertex -19.594 -3.86299 -2.5
      vertex -19.563 -4.15823 -0.5
      vertex -19.594 -3.86299 -0.5
    endloop
  endfacet
  facet normal -0.866022 -0.500006 0
    outer loop
      vertex -16.1803 -11.7557 -20
      vertex -18.2709 -8.13473 -0.5
      vertex -18.2709 -8.13473 -20
    endloop
  endfacet
  facet normal -0.866022 -0.500006 0
    outer loop
      vertex -18.2709 -8.13473 -0.5
      vertex -16.1803 -11.7557 -20
      vertex -16.1803 -11.7557 -0.5
    endloop
  endfacet
  facet normal -0.866022 0.500006 0
    outer loop
      vertex -18.2709 8.13473 -20
      vertex -16.1803 11.7557 -0.5
      vertex -16.1803 11.7557 -20
    endloop
  endfacet
  facet normal -0.866022 0.500006 0
    outer loop
      vertex -16.1803 11.7557 -0.5
      vertex -18.2709 8.13473 -20
      vertex -18.2709 8.13473 -0.5
    endloop
  endfacet
  facet normal 0.866022 -0.500006 0
    outer loop
      vertex 16.1803 -11.7557 -0.5
      vertex 18.2709 -8.13473 -20
      vertex 18.2709 -8.13473 -0.5
    endloop
  endfacet
  facet normal 0.866022 -0.500006 0
    outer loop
      vertex 18.2709 -8.13473 -20
      vertex 16.1803 -11.7557 -0.5
      vertex 16.1803 -11.7557 -20
    endloop
  endfacet
  facet normal 0.587785 0.809017 -0
    outer loop
      vertex 13.3826 14.8629 -20
      vertex 10 17.3205 -0.5
      vertex 13.3826 14.8629 -0.5
    endloop
  endfacet
  facet normal 0.587785 0.809017 0
    outer loop
      vertex 10 17.3205 -0.5
      vertex 13.3826 14.8629 -20
      vertex 10 17.3205 -20
    endloop
  endfacet
  facet normal -0.587785 0.809017 0
    outer loop
      vertex -10 17.3205 -20
      vertex -13.3826 14.8629 -0.5
      vertex -10 17.3205 -0.5
    endloop
  endfacet
  facet normal -0.587785 0.809017 0
    outer loop
      vertex -13.3826 14.8629 -0.5
      vertex -10 17.3205 -20
      vertex -13.3826 14.8629 -20
    endloop
  endfacet
  facet normal -0.207901 0.97815 0
    outer loop
      vertex -2.09057 19.8904 -2.5
      vertex -2.09057 19.8904 -20
      vertex -3.85349 19.5157 -2.5
    endloop
  endfacet
  facet normal -0.207917 0.978147 0
    outer loop
      vertex -3.85349 19.5157 -2.5
      vertex -6.18034 19.0211 -0.5
      vertex -3.85349 19.5157 -0.5
    endloop
  endfacet
  facet normal -0.20791 0.978148 -9.5035e-07
    outer loop
      vertex -6.18034 19.0211 -20
      vertex -3.85349 19.5157 -2.5
      vertex -2.09057 19.8904 -20
    endloop
  endfacet
  facet normal -0.207917 0.978147 0
    outer loop
      vertex -3.85349 19.5157 -2.5
      vertex -6.18034 19.0211 -20
      vertex -6.18034 19.0211 -0.5
    endloop
  endfacet
  facet normal 0 -1 0
    outer loop
      vertex -2.09057 -19.8904 -20
      vertex 2.09057 -19.8904 -2.5
      vertex -2.09057 -19.8904 -2.5
    endloop
  endfacet
  facet normal 0 -1 -0
    outer loop
      vertex 2.09057 -19.8904 -2.5
      vertex -2.09057 -19.8904 -20
      vertex 2.09057 -19.8904 -20
    endloop
  endfacet
  facet normal -0.994533 0.104425 0
    outer loop
      vertex -19.563 4.15823 -20
      vertex -19.594 3.86299 -2.5
      vertex -19.563 4.15823 -0.5
    endloop
  endfacet
  facet normal -0.994524 0.104511 1.4562e-06
    outer loop
      vertex -19.7898 2 -20
      vertex -19.594 3.86299 -2.5
      vertex -19.563 4.15823 -20
    endloop
  endfacet
  facet normal -0.994522 0.104524 0
    outer loop
      vertex -19.594 3.86299 -2.5
      vertex -19.7898 2 -20
      vertex -19.7898 2 -2.5
    endloop
  endfacet
  facet normal -0.994533 0.104425 0
    outer loop
      vertex -19.563 4.15823 -0.5
      vertex -19.594 3.86299 -2.5
      vertex -19.594 3.86299 -0.5
    endloop
  endfacet
  facet normal -0.92388 -0.382682 0
    outer loop
      vertex 7.24444 1.94114 -20
      vertex 6.49519 3.75 -10
      vertex 6.49519 3.75 -20
    endloop
  endfacet
  facet normal -0.92388 -0.382682 0
    outer loop
      vertex 6.49519 3.75 -10
      vertex 7.24444 1.94114 -20
      vertex 7.24444 1.94114 -10
    endloop
  endfacet
  facet normal -0.991445 -0.130528 0
    outer loop
      vertex 7.5 0 -20
      vertex 7.24444 1.94114 -10
      vertex 7.24444 1.94114 -20
    endloop
  endfacet
  facet normal -0.991445 -0.130528 0
    outer loop
      vertex 7.24444 1.94114 -10
      vertex 7.5 0 -20
      vertex 7.5 0 -10
    endloop
  endfacet
  facet normal -0.793353 -0.608762 0
    outer loop
      vertex 6.49519 3.75 -20
      vertex 5.3033 5.3033 -10
      vertex 5.3033 5.3033 -20
    endloop
  endfacet
  facet normal -0.793353 -0.608762 0
    outer loop
      vertex 5.3033 5.3033 -10
      vertex 6.49519 3.75 -20
      vertex 6.49519 3.75 -10
    endloop
  endfacet
  facet normal 0.793353 -0.608762 0
    outer loop
      vertex -6.49519 3.75 -10
      vertex -5.3033 5.3033 -20
      vertex -5.3033 5.3033 -10
    endloop
  endfacet
  facet normal 0.793353 -0.608762 0
    outer loop
      vertex -5.3033 5.3033 -20
      vertex -6.49519 3.75 -10
      vertex -6.49519 3.75 -20
    endloop
  endfacet
  facet normal 0.608762 -0.793353 0
    outer loop
      vertex -5.3033 5.3033 -20
      vertex -3.75 6.49519 -10
      vertex -5.3033 5.3033 -10
    endloop
  endfacet
  facet normal 0.608762 -0.793353 0
    outer loop
      vertex -3.75 6.49519 -10
      vertex -5.3033 5.3033 -20
      vertex -3.75 6.49519 -20
    endloop
  endfacet
  facet normal -0.382682 0.92388 0
    outer loop
      vertex 3.75 -6.49519 -20
      vertex 1.94114 -7.24444 -10
      vertex 3.75 -6.49519 -10
    endloop
  endfacet
  facet normal -0.382682 0.92388 0
    outer loop
      vertex 1.94114 -7.24444 -10
      vertex 3.75 -6.49519 -20
      vertex 1.94114 -7.24444 -20
    endloop
  endfacet
  facet normal 0.92388 -0.382682 0
    outer loop
      vertex -7.24444 1.94114 -10
      vertex -6.49519 3.75 -20
      vertex -6.49519 3.75 -10
    endloop
  endfacet
  facet normal 0.92388 -0.382682 0
    outer loop
      vertex -6.49519 3.75 -20
      vertex -7.24444 1.94114 -10
      vertex -7.24444 1.94114 -20
    endloop
  endfacet
  facet normal -0.608762 -0.793353 0
    outer loop
      vertex 3.75 6.49519 -20
      vertex 5.3033 5.3033 -10
      vertex 3.75 6.49519 -10
    endloop
  endfacet
  facet normal -0.608762 -0.793353 -0
    outer loop
      vertex 5.3033 5.3033 -10
      vertex 3.75 6.49519 -20
      vertex 5.3033 5.3033 -20
    endloop
  endfacet
  facet normal -0.130528 -0.991445 0
    outer loop
      vertex 0 7.5 -20
      vertex 1.94114 7.24444 -10
      vertex 0 7.5 -10
    endloop
  endfacet
  facet normal -0.130528 -0.991445 -0
    outer loop
      vertex 1.94114 7.24444 -10
      vertex 0 7.5 -20
      vertex 1.94114 7.24444 -20
    endloop
  endfacet
  facet normal -0.130528 0.991445 0
    outer loop
      vertex 1.94114 -7.24444 -20
      vertex 0 -7.5 -10
      vertex 1.94114 -7.24444 -10
    endloop
  endfacet
  facet normal -0.130528 0.991445 0
    outer loop
      vertex 0 -7.5 -10
      vertex 1.94114 -7.24444 -20
      vertex 0 -7.5 -20
    endloop
  endfacet
  facet normal 0 0 -1
    outer loop
      vertex 7.24444 -1.94114 -10
      vertex 7.24444 1.94114 -10
      vertex 7.5 0 -10
    endloop
  endfacet
  facet normal 0 0 -1
    outer loop
      vertex 6.49519 -3.75 -10
      vertex 7.24444 1.94114 -10
      vertex 7.24444 -1.94114 -10
    endloop
  endfacet
  facet normal 0 0 -1
    outer loop
      vertex 6.49519 -3.75 -10
      vertex 6.49519 3.75 -10
      vertex 7.24444 1.94114 -10
    endloop
  endfacet
  facet normal 0 0 -1
    outer loop
      vertex 5.3033 -5.3033 -10
      vertex 6.49519 3.75 -10
      vertex 6.49519 -3.75 -10
    endloop
  endfacet
  facet normal 0 0 -1
    outer loop
      vertex 5.3033 -5.3033 -10
      vertex 5.3033 5.3033 -10
      vertex 6.49519 3.75 -10
    endloop
  endfacet
  facet normal 0 0 -1
    outer loop
      vertex 3.75 -6.49519 -10
      vertex 5.3033 5.3033 -10
      vertex 5.3033 -5.3033 -10
    endloop
  endfacet
  facet normal 0 0 -1
    outer loop
      vertex 3.75 -6.49519 -10
      vertex 3.75 6.49519 -10
      vertex 5.3033 5.3033 -10
    endloop
  endfacet
  facet normal 0 0 -1
    outer loop
      vertex 1.94114 -7.24444 -10
      vertex 3.75 6.49519 -10
      vertex 3.75 -6.49519 -10
    endloop
  endfacet
  facet normal 0 0 -1
    outer loop
      vertex 1.94114 -7.24444 -10
      vertex 1.94114 7.24444 -10
      vertex 3.75 6.49519 -10
    endloop
  endfacet
  facet normal 0 0 -1
    outer loop
      vertex 0 -7.5 -10
      vertex 1.94114 7.24444 -10
      vertex 1.94114 -7.24444 -10
    endloop
  endfacet
  facet normal 0 0 -1
    outer loop
      vertex 0 -7.5 -10
      vertex 0 7.5 -10
      vertex 1.94114 7.24444 -10
    endloop
  endfacet
  facet normal 0 0 -1
    outer loop
      vertex -1.94114 -7.24444 -10
      vertex 0 7.5 -10
      vertex 0 -7.5 -10
    endloop
  endfacet
  facet normal 0 0 -1
    outer loop
      vertex -1.94114 -7.24444 -10
      vertex -1.94114 7.24444 -10
      vertex 0 7.5 -10
    endloop
  endfacet
  facet normal 0 0 -1
    outer loop
      vertex -3.75 -6.49519 -10
      vertex -1.94114 7.24444 -10
      vertex -1.94114 -7.24444 -10
    endloop
  endfacet
  facet normal 0 0 -1
    outer loop
      vertex -3.75 -6.49519 -10
      vertex -3.75 6.49519 -10
      vertex -1.94114 7.24444 -10
    endloop
  endfacet
  facet normal 0 0 -1
    outer loop
      vertex -5.3033 -5.3033 -10
      vertex -3.75 6.49519 -10
      vertex -3.75 -6.49519 -10
    endloop
  endfacet
  facet normal 0 0 -1
    outer loop
      vertex -5.3033 -5.3033 -10
      vertex -5.3033 5.3033 -10
      vertex -3.75 6.49519 -10
    endloop
  endfacet
  facet normal 0 0 -1
    outer loop
      vertex -6.49519 -3.75 -10
      vertex -5.3033 5.3033 -10
      vertex -5.3033 -5.3033 -10
    endloop
  endfacet
  facet normal 0 0 -1
    outer loop
      vertex -6.49519 -3.75 -10
      vertex -6.49519 3.75 -10
      vertex -5.3033 5.3033 -10
    endloop
  endfacet
  facet normal 0 0 -1
    outer loop
      vertex -7.24444 -1.94114 -10
      vertex -6.49519 3.75 -10
      vertex -6.49519 -3.75 -10
    endloop
  endfacet
  facet normal 0 0 -1
    outer loop
      vertex -7.24444 -1.94114 -10
      vertex -7.24444 1.94114 -10
      vertex -6.49519 3.75 -10
    endloop
  endfacet
  facet normal 0 -0 -1
    outer loop
      vertex -7.24444 1.94114 -10
      vertex -7.24444 -1.94114 -10
      vertex -7.5 0 -10
    endloop
  endfacet
  facet normal -0.793353 0.608762 0
    outer loop
      vertex 5.3033 -5.3033 -20
      vertex 6.49519 -3.75 -10
      vertex 6.49519 -3.75 -20
    endloop
  endfacet
  facet normal -0.793353 0.608762 0
    outer loop
      vertex 6.49519 -3.75 -10
      vertex 5.3033 -5.3033 -20
      vertex 5.3033 -5.3033 -10
    endloop
  endfacet
  facet normal -0.608762 0.793353 0
    outer loop
      vertex 5.3033 -5.3033 -20
      vertex 3.75 -6.49519 -10
      vertex 5.3033 -5.3033 -10
    endloop
  endfacet
  facet normal -0.608762 0.793353 0
    outer loop
      vertex 3.75 -6.49519 -10
      vertex 5.3033 -5.3033 -20
      vertex 3.75 -6.49519 -20
    endloop
  endfacet
  facet normal 0.793353 0.608762 0
    outer loop
      vertex -5.3033 -5.3033 -10
      vertex -6.49519 -3.75 -20
      vertex -6.49519 -3.75 -10
    endloop
  endfacet
  facet normal 0.793353 0.608762 0
    outer loop
      vertex -6.49519 -3.75 -20
      vertex -5.3033 -5.3033 -10
      vertex -5.3033 -5.3033 -20
    endloop
  endfacet
  facet normal -0.991445 0.130528 0
    outer loop
      vertex 7.24444 -1.94114 -20
      vertex 7.5 0 -10
      vertex 7.5 0 -20
    endloop
  endfacet
  facet normal -0.991445 0.130528 0
    outer loop
      vertex 7.5 0 -10
      vertex 7.24444 -1.94114 -20
      vertex 7.24444 -1.94114 -10
    endloop
  endfacet
  facet normal 0.991445 -0.130528 0
    outer loop
      vertex -7.5 0 -10
      vertex -7.24444 1.94114 -20
      vertex -7.24444 1.94114 -10
    endloop
  endfacet
  facet normal 0.991445 -0.130528 0
    outer loop
      vertex -7.24444 1.94114 -20
      vertex -7.5 0 -10
      vertex -7.5 0 -20
    endloop
  endfacet
  facet normal 0.130528 -0.991445 0
    outer loop
      vertex -1.94114 7.24444 -20
      vertex 0 7.5 -10
      vertex -1.94114 7.24444 -10
    endloop
  endfacet
  facet normal 0.130528 -0.991445 0
    outer loop
      vertex 0 7.5 -10
      vertex -1.94114 7.24444 -20
      vertex 0 7.5 -20
    endloop
  endfacet
  facet normal -0.92388 0.382682 0
    outer loop
      vertex 6.49519 -3.75 -20
      vertex 7.24444 -1.94114 -10
      vertex 7.24444 -1.94114 -20
    endloop
  endfacet
  facet normal -0.92388 0.382682 0
    outer loop
      vertex 7.24444 -1.94114 -10
      vertex 6.49519 -3.75 -20
      vertex 6.49519 -3.75 -10
    endloop
  endfacet
  facet normal 0.382682 -0.92388 0
    outer loop
      vertex -3.75 6.49519 -20
      vertex -1.94114 7.24444 -10
      vertex -3.75 6.49519 -10
    endloop
  endfacet
  facet normal 0.382682 -0.92388 0
    outer loop
      vertex -1.94114 7.24444 -10
      vertex -3.75 6.49519 -20
      vertex -1.94114 7.24444 -20
    endloop
  endfacet
  facet normal -0.382682 -0.92388 0
    outer loop
      vertex 1.94114 7.24444 -20
      vertex 3.75 6.49519 -10
      vertex 1.94114 7.24444 -10
    endloop
  endfacet
  facet normal -0.382682 -0.92388 -0
    outer loop
      vertex 3.75 6.49519 -10
      vertex 1.94114 7.24444 -20
      vertex 3.75 6.49519 -20
    endloop
  endfacet
  facet normal 0.130528 0.991445 -0
    outer loop
      vertex 0 -7.5 -20
      vertex -1.94114 -7.24444 -10
      vertex 0 -7.5 -10
    endloop
  endfacet
  facet normal 0.130528 0.991445 0
    outer loop
      vertex -1.94114 -7.24444 -10
      vertex 0 -7.5 -20
      vertex -1.94114 -7.24444 -20
    endloop
  endfacet
  facet normal 0.92388 0.382682 0
    outer loop
      vertex -6.49519 -3.75 -10
      vertex -7.24444 -1.94114 -20
      vertex -7.24444 -1.94114 -10
    endloop
  endfacet
  facet normal 0.92388 0.382682 0
    outer loop
      vertex -7.24444 -1.94114 -20
      vertex -6.49519 -3.75 -10
      vertex -6.49519 -3.75 -20
    endloop
  endfacet
  facet normal 0.991445 0.130528 0
    outer loop
      vertex -7.24444 -1.94114 -10
      vertex -7.5 0 -20
      vertex -7.5 0 -10
    endloop
  endfacet
  facet normal 0.991445 0.130528 0
    outer loop
      vertex -7.5 0 -20
      vertex -7.24444 -1.94114 -10
      vertex -7.24444 -1.94114 -20
    endloop
  endfacet
  facet normal 0.608762 0.793353 -0
    outer loop
      vertex -3.75 -6.49519 -20
      vertex -5.3033 -5.3033 -10
      vertex -3.75 -6.49519 -10
    endloop
  endfacet
  facet normal 0.608762 0.793353 0
    outer loop
      vertex -5.3033 -5.3033 -10
      vertex -3.75 -6.49519 -20
      vertex -5.3033 -5.3033 -20
    endloop
  endfacet
  facet normal 0.382682 0.92388 -0
    outer loop
      vertex -1.94114 -7.24444 -20
      vertex -3.75 -6.49519 -10
      vertex -1.94114 -7.24444 -10
    endloop
  endfacet
  facet normal 0.382682 0.92388 0
    outer loop
      vertex -3.75 -6.49519 -10
      vertex -1.94114 -7.24444 -20
      vertex -3.75 -6.49519 -20
    endloop
  endfacet
  facet normal -1 0 0
    outer loop
      vertex -10 -2 -20
      vertex -10 2 -0.5
      vertex -10 2 -20
    endloop
  endfacet
  facet normal -1 -0 0
    outer loop
      vertex -10 2 -0.5
      vertex -10 -2 -20
      vertex -10 -2 -0.5
    endloop
  endfacet
  facet normal 0 -1 0
    outer loop
      vertex -19.7898 2 -2.5
      vertex -19.7898 2 -20
      vertex -16.6635 2 -2.5
    endloop
  endfacet
  facet normal 0 -1 0
    outer loop
      vertex -16.6635 2 -2.5
      vertex -10 2 -0.5
      vertex -16.6635 2 -0.5
    endloop
  endfacet
  facet normal 0 -1 0
    outer loop
      vertex -10 2 -20
      vertex -16.6635 2 -2.5
      vertex -19.7898 2 -20
    endloop
  endfacet
  facet normal 0 -1 0
    outer loop
      vertex -16.6635 2 -2.5
      vertex -10 2 -20
      vertex -10 2 -0.5
    endloop
  endfacet
  facet normal 0 1 0
    outer loop
      vertex -10 -2 -0.5
      vertex -16.6635 -2 -2.5
      vertex -16.6635 -2 -0.5
    endloop
  endfacet
  facet normal 0 1 -0
    outer loop
      vertex -10 -2 -20
      vertex -16.6635 -2 -2.5
      vertex -10 -2 -0.5
    endloop
  endfacet
  facet normal 0 1 0
    outer loop
      vertex -19.7898 -2 -20
      vertex -16.6635 -2 -2.5
      vertex -10 -2 -20
    endloop
  endfacet
  facet normal 0 1 0
    outer loop
      vertex -16.6635 -2 -2.5
      vertex -19.7898 -2 -20
      vertex -19.7898 -2 -2.5
    endloop
  endfacet
  facet normal -0.923886 -0.382668 0
    outer loop
      vertex 18.2322 -1.76777 0.5
      vertex 17.5 0 1
      vertex 17.5 0 0.5
    endloop
  endfacet
  facet normal -0.923886 -0.382668 0
    outer loop
      vertex 17.5 0 1
      vertex 18.2322 -1.76777 0.5
      vertex 18.2322 -1.76777 1
    endloop
  endfacet
  facet normal -0.923886 -0.382668 0
    outer loop
      vertex 18.2322 -1.76777 2.5
      vertex 17.5 0 4
      vertex 17.5 0 2.5
    endloop
  endfacet
  facet normal -0.923886 -0.382668 0
    outer loop
      vertex 17.5 0 4
      vertex 18.2322 -1.76777 2.5
      vertex 18.2322 -1.76777 4
    endloop
  endfacet
  facet normal -0.923886 -0.382668 0
    outer loop
      vertex 18.2322 -1.76777 5.5
      vertex 17.5 0 7
      vertex 17.5 0 5.5
    endloop
  endfacet
  facet normal -0.923886 -0.382668 0
    outer loop
      vertex 17.5 0 7
      vertex 18.2322 -1.76777 5.5
      vertex 18.2322 -1.76777 7
    endloop
  endfacet
  facet normal -0.382676 -0.923883 0
    outer loop
      vertex 18.2322 -1.76777 0.5
      vertex 20 -2.5 1
      vertex 18.2322 -1.76777 1
    endloop
  endfacet
  facet normal -0.382676 -0.923883 -0
    outer loop
      vertex 20 -2.5 1
      vertex 18.2322 -1.76777 0.5
      vertex 20 -2.5 0.5
    endloop
  endfacet
  facet normal -0.382676 -0.923883 0
    outer loop
      vertex 18.2322 -1.76777 2.5
      vertex 20 -2.5 4
      vertex 18.2322 -1.76777 4
    endloop
  endfacet
  facet normal -0.382676 -0.923883 -0
    outer loop
      vertex 20 -2.5 4
      vertex 18.2322 -1.76777 2.5
      vertex 20 -2.5 2.5
    endloop
  endfacet
  facet normal -0.382676 -0.923883 0
    outer loop
      vertex 18.2322 -1.76777 5.5
      vertex 20 -2.5 7
      vertex 18.2322 -1.76777 7
    endloop
  endfacet
  facet normal -0.382676 -0.923883 -0
    outer loop
      vertex 20 -2.5 7
      vertex 18.2322 -1.76777 5.5
      vertex 20 -2.5 5.5
    endloop
  endfacet
  facet normal -0.923886 0.382668 0
    outer loop
      vertex 17.5 0 0.5
      vertex 18.2322 1.76777 1
      vertex 18.2322 1.76777 0.5
    endloop
  endfacet
  facet normal -0.923886 0.382668 0
    outer loop
      vertex 18.2322 1.76777 1
      vertex 17.5 0 0.5
      vertex 17.5 0 1
    endloop
  endfacet
  facet normal -0.923886 0.382668 0
    outer loop
      vertex 17.5 0 2.5
      vertex 18.2322 1.76777 4
      vertex 18.2322 1.76777 2.5
    endloop
  endfacet
  facet normal -0.923886 0.382668 0
    outer loop
      vertex 18.2322 1.76777 4
      vertex 17.5 0 2.5
      vertex 17.5 0 4
    endloop
  endfacet
  facet normal -0.923886 0.382668 0
    outer loop
      vertex 17.5 0 5.5
      vertex 18.2322 1.76777 7
      vertex 18.2322 1.76777 5.5
    endloop
  endfacet
  facet normal -0.923886 0.382668 0
    outer loop
      vertex 18.2322 1.76777 7
      vertex 17.5 0 5.5
      vertex 17.5 0 7
    endloop
  endfacet
  facet normal -0.382676 0.923883 0
    outer loop
      vertex 20 2.5 0.5
      vertex 18.2322 1.76777 1
      vertex 20 2.5 1
    endloop
  endfacet
  facet normal -0.382676 0.923883 0
    outer loop
      vertex 18.2322 1.76777 1
      vertex 20 2.5 0.5
      vertex 18.2322 1.76777 0.5
    endloop
  endfacet
  facet normal -0.382676 0.923883 0
    outer loop
      vertex 20 2.5 2.5
      vertex 18.2322 1.76777 4
      vertex 20 2.5 4
    endloop
  endfacet
  facet normal -0.382676 0.923883 0
    outer loop
      vertex 18.2322 1.76777 4
      vertex 20 2.5 2.5
      vertex 18.2322 1.76777 2.5
    endloop
  endfacet
  facet normal -0.382676 0.923883 0
    outer loop
      vertex 20 2.5 5.5
      vertex 18.2322 1.76777 7
      vertex 20 2.5 7
    endloop
  endfacet
  facet normal -0.382676 0.923883 0
    outer loop
      vertex 18.2322 1.76777 7
      vertex 20 2.5 5.5
      vertex 18.2322 1.76777 5.5
    endloop
  endfacet
  facet normal 0.382668 -0.923886 0
    outer loop
      vertex 0 17.5 0.5
      vertex 1.76777 18.2322 1
      vertex 0 17.5 1
    endloop
  endfacet
  facet normal 0.382668 -0.923886 0
    outer loop
      vertex 1.76777 18.2322 1
      vertex 0 17.5 0.5
      vertex 1.76777 18.2322 0.5
    endloop
  endfacet
  facet normal 0.382668 -0.923886 0
    outer loop
      vertex 0 17.5 2.5
      vertex 1.76777 18.2322 4
      vertex 0 17.5 4
    endloop
  endfacet
  facet normal 0.382668 -0.923886 0
    outer loop
      vertex 1.76777 18.2322 4
      vertex 0 17.5 2.5
      vertex 1.76777 18.2322 2.5
    endloop
  endfacet
  facet normal 0.382668 -0.923886 0
    outer loop
      vertex 0 17.5 5.5
      vertex 1.76777 18.2322 7
      vertex 0 17.5 7
    endloop
  endfacet
  facet normal 0.382668 -0.923886 0
    outer loop
      vertex 1.76777 18.2322 7
      vertex 0 17.5 5.5
      vertex 1.76777 18.2322 5.5
    endloop
  endfacet
  facet normal 0.923883 -0.382676 0
    outer loop
      vertex 1.76777 18.2322 1
      vertex 2.5 20 0.5
      vertex 2.5 20 1
    endloop
  endfacet
  facet normal 0.923883 -0.382676 0
    outer loop
      vertex 2.5 20 0.5
      vertex 1.76777 18.2322 1
      vertex 1.76777 18.2322 0.5
    endloop
  endfacet
  facet normal 0.923883 -0.382676 0
    outer loop
      vertex 1.76777 18.2322 4
      vertex 2.5 20 2.5
      vertex 2.5 20 4
    endloop
  endfacet
  facet normal 0.923883 -0.382676 0
    outer loop
      vertex 2.5 20 2.5
      vertex 1.76777 18.2322 4
      vertex 1.76777 18.2322 2.5
    endloop
  endfacet
  facet normal 0.923883 -0.382676 0
    outer loop
      vertex 1.76777 18.2322 7
      vertex 2.5 20 5.5
      vertex 2.5 20 7
    endloop
  endfacet
  facet normal 0.923883 -0.382676 0
    outer loop
      vertex 2.5 20 5.5
      vertex 1.76777 18.2322 7
      vertex 1.76777 18.2322 5.5
    endloop
  endfacet
  facet normal -0.382668 -0.923886 0
    outer loop
      vertex -1.76777 18.2322 0.5
      vertex 0 17.5 1
      vertex -1.76777 18.2322 1
    endloop
  endfacet
  facet normal -0.382668 -0.923886 -0
    outer loop
      vertex 0 17.5 1
      vertex -1.76777 18.2322 0.5
      vertex 0 17.5 0.5
    endloop
  endfacet
  facet normal -0.382668 -0.923886 0
    outer loop
      vertex -1.76777 18.2322 2.5
      vertex 0 17.5 4
      vertex -1.76777 18.2322 4
    endloop
  endfacet
  facet normal -0.382668 -0.923886 -0
    outer loop
      vertex 0 17.5 4
      vertex -1.76777 18.2322 2.5
      vertex 0 17.5 2.5
    endloop
  endfacet
  facet normal -0.382668 -0.923886 0
    outer loop
      vertex -1.76777 18.2322 5.5
      vertex 0 17.5 7
      vertex -1.76777 18.2322 7
    endloop
  endfacet
  facet normal -0.382668 -0.923886 -0
    outer loop
      vertex 0 17.5 7
      vertex -1.76777 18.2322 5.5
      vertex 0 17.5 5.5
    endloop
  endfacet
  facet normal -0.923883 -0.382676 0
    outer loop
      vertex -1.76777 18.2322 0.5
      vertex -2.5 20 1
      vertex -2.5 20 0.5
    endloop
  endfacet
  facet normal -0.923883 -0.382676 0
    outer loop
      vertex -2.5 20 1
      vertex -1.76777 18.2322 0.5
      vertex -1.76777 18.2322 1
    endloop
  endfacet
  facet normal -0.923883 -0.382676 0
    outer loop
      vertex -1.76777 18.2322 2.5
      vertex -2.5 20 4
      vertex -2.5 20 2.5
    endloop
  endfacet
  facet normal -0.923883 -0.382676 0
    outer loop
      vertex -2.5 20 4
      vertex -1.76777 18.2322 2.5
      vertex -1.76777 18.2322 4
    endloop
  endfacet
  facet normal -0.923883 -0.382676 0
    outer loop
      vertex -1.76777 18.2322 5.5
      vertex -2.5 20 7
      vertex -2.5 20 5.5
    endloop
  endfacet
  facet normal -0.923883 -0.382676 0
    outer loop
      vertex -2.5 20 7
      vertex -1.76777 18.2322 5.5
      vertex -1.76777 18.2322 7
    endloop
  endfacet
  facet normal 0.923886 0.382668 0
    outer loop
      vertex -17.5 0 1
      vertex -18.2322 1.76777 0.5
      vertex -18.2322 1.76777 1
    endloop
  endfacet
  facet normal 0.923886 0.382668 0
    outer loop
      vertex -18.2322 1.76777 0.5
      vertex -17.5 0 1
      vertex -17.5 0 0.5
    endloop
  endfacet
  facet normal 0.923886 0.382668 0
    outer loop
      vertex -17.5 0 4
      vertex -18.2322 1.76777 2.5
      vertex -18.2322 1.76777 4
    endloop
  endfacet
  facet normal 0.923886 0.382668 0
    outer loop
      vertex -18.2322 1.76777 2.5
      vertex -17.5 0 4
      vertex -17.5 0 2.5
    endloop
  endfacet
  facet normal 0.923886 0.382668 0
    outer loop
      vertex -17.5 0 7
      vertex -18.2322 1.76777 5.5
      vertex -18.2322 1.76777 7
    endloop
  endfacet
  facet normal 0.923886 0.382668 0
    outer loop
      vertex -18.2322 1.76777 5.5
      vertex -17.5 0 7
      vertex -17.5 0 5.5
    endloop
  endfacet
  facet normal 0.382676 0.923883 -0
    outer loop
      vertex -18.2322 1.76777 0.5
      vertex -20 2.5 1
      vertex -18.2322 1.76777 1
    endloop
  endfacet
  facet normal 0.382676 0.923883 0
    outer loop
      vertex -20 2.5 1
      vertex -18.2322 1.76777 0.5
      vertex -20 2.5 0.5
    endloop
  endfacet
  facet normal 0.382676 0.923883 -0
    outer loop
      vertex -18.2322 1.76777 2.5
      vertex -20 2.5 4
      vertex -18.2322 1.76777 4
    endloop
  endfacet
  facet normal 0.382676 0.923883 0
    outer loop
      vertex -20 2.5 4
      vertex -18.2322 1.76777 2.5
      vertex -20 2.5 2.5
    endloop
  endfacet
  facet normal 0.382676 0.923883 -0
    outer loop
      vertex -18.2322 1.76777 5.5
      vertex -20 2.5 7
      vertex -18.2322 1.76777 7
    endloop
  endfacet
  facet normal 0.382676 0.923883 0
    outer loop
      vertex -20 2.5 7
      vertex -18.2322 1.76777 5.5
      vertex -20 2.5 5.5
    endloop
  endfacet
  facet normal 0.923886 -0.382668 0
    outer loop
      vertex -18.2322 -1.76777 1
      vertex -17.5 0 0.5
      vertex -17.5 0 1
    endloop
  endfacet
  facet normal 0.923886 -0.382668 0
    outer loop
      vertex -17.5 0 0.5
      vertex -18.2322 -1.76777 1
      vertex -18.2322 -1.76777 0.5
    endloop
  endfacet
  facet normal 0.923886 -0.382668 0
    outer loop
      vertex -18.2322 -1.76777 4
      vertex -17.5 0 2.5
      vertex -17.5 0 4
    endloop
  endfacet
  facet normal 0.923886 -0.382668 0
    outer loop
      vertex -17.5 0 2.5
      vertex -18.2322 -1.76777 4
      vertex -18.2322 -1.76777 2.5
    endloop
  endfacet
  facet normal 0.923886 -0.382668 0
    outer loop
      vertex -18.2322 -1.76777 7
      vertex -17.5 0 5.5
      vertex -17.5 0 7
    endloop
  endfacet
  facet normal 0.923886 -0.382668 0
    outer loop
      vertex -17.5 0 5.5
      vertex -18.2322 -1.76777 7
      vertex -18.2322 -1.76777 5.5
    endloop
  endfacet
  facet normal 0.382676 -0.923883 0
    outer loop
      vertex -20 -2.5 0.5
      vertex -18.2322 -1.76777 1
      vertex -20 -2.5 1
    endloop
  endfacet
  facet normal 0.382676 -0.923883 0
    outer loop
      vertex -18.2322 -1.76777 1
      vertex -20 -2.5 0.5
      vertex -18.2322 -1.76777 0.5
    endloop
  endfacet
  facet normal 0.382676 -0.923883 0
    outer loop
      vertex -20 -2.5 2.5
      vertex -18.2322 -1.76777 4
      vertex -20 -2.5 4
    endloop
  endfacet
  facet normal 0.382676 -0.923883 0
    outer loop
      vertex -18.2322 -1.76777 4
      vertex -20 -2.5 2.5
      vertex -18.2322 -1.76777 2.5
    endloop
  endfacet
  facet normal 0.382676 -0.923883 0
    outer loop
      vertex -20 -2.5 5.5
      vertex -18.2322 -1.76777 7
      vertex -20 -2.5 7
    endloop
  endfacet
  facet normal 0.382676 -0.923883 0
    outer loop
      vertex -18.2322 -1.76777 7
      vertex -20 -2.5 5.5
      vertex -18.2322 -1.76777 5.5
    endloop
  endfacet
  facet normal -0.382668 0.923886 0
    outer loop
      vertex 0 -17.5 0.5
      vertex -1.76777 -18.2322 1
      vertex 0 -17.5 1
    endloop
  endfacet
  facet normal -0.382668 0.923886 0
    outer loop
      vertex -1.76777 -18.2322 1
      vertex 0 -17.5 0.5
      vertex -1.76777 -18.2322 0.5
    endloop
  endfacet
  facet normal -0.382668 0.923886 0
    outer loop
      vertex 0 -17.5 2.5
      vertex -1.76777 -18.2322 4
      vertex 0 -17.5 4
    endloop
  endfacet
  facet normal -0.382668 0.923886 0
    outer loop
      vertex -1.76777 -18.2322 4
      vertex 0 -17.5 2.5
      vertex -1.76777 -18.2322 2.5
    endloop
  endfacet
  facet normal -0.382668 0.923886 0
    outer loop
      vertex 0 -17.5 5.5
      vertex -1.76777 -18.2322 7
      vertex 0 -17.5 7
    endloop
  endfacet
  facet normal -0.382668 0.923886 0
    outer loop
      vertex -1.76777 -18.2322 7
      vertex 0 -17.5 5.5
      vertex -1.76777 -18.2322 5.5
    endloop
  endfacet
  facet normal -0.923883 0.382676 0
    outer loop
      vertex -2.5 -20 0.5
      vertex -1.76777 -18.2322 1
      vertex -1.76777 -18.2322 0.5
    endloop
  endfacet
  facet normal -0.923883 0.382676 0
    outer loop
      vertex -1.76777 -18.2322 1
      vertex -2.5 -20 0.5
      vertex -2.5 -20 1
    endloop
  endfacet
  facet normal -0.923883 0.382676 0
    outer loop
      vertex -2.5 -20 2.5
      vertex -1.76777 -18.2322 4
      vertex -1.76777 -18.2322 2.5
    endloop
  endfacet
  facet normal -0.923883 0.382676 0
    outer loop
      vertex -1.76777 -18.2322 4
      vertex -2.5 -20 2.5
      vertex -2.5 -20 4
    endloop
  endfacet
  facet normal -0.923883 0.382676 0
    outer loop
      vertex -2.5 -20 5.5
      vertex -1.76777 -18.2322 7
      vertex -1.76777 -18.2322 5.5
    endloop
  endfacet
  facet normal -0.923883 0.382676 0
    outer loop
      vertex -1.76777 -18.2322 7
      vertex -2.5 -20 5.5
      vertex -2.5 -20 7
    endloop
  endfacet
  facet normal 0.382668 0.923886 -0
    outer loop
      vertex 1.76777 -18.2322 0.5
      vertex 0 -17.5 1
      vertex 1.76777 -18.2322 1
    endloop
  endfacet
  facet normal 0.382668 0.923886 0
    outer loop
      vertex 0 -17.5 1
      vertex 1.76777 -18.2322 0.5
      vertex 0 -17.5 0.5
    endloop
  endfacet
  facet normal 0.382668 0.923886 -0
    outer loop
      vertex 1.76777 -18.2322 2.5
      vertex 0 -17.5 4
      vertex 1.76777 -18.2322 4
    endloop
  endfacet
  facet normal 0.382668 0.923886 0
    outer loop
      vertex 0 -17.5 4
      vertex 1.76777 -18.2322 2.5
      vertex 0 -17.5 2.5
    endloop
  endfacet
  facet normal 0.382668 0.923886 -0
    outer loop
      vertex 1.76777 -18.2322 5.5
      vertex 0 -17.5 7
      vertex 1.76777 -18.2322 7
    endloop
  endfacet
  facet normal 0.382668 0.923886 0
    outer loop
      vertex 0 -17.5 7
      vertex 1.76777 -18.2322 5.5
      vertex 0 -17.5 5.5
    endloop
  endfacet
  facet normal 0.923883 0.382676 0
    outer loop
      vertex 2.5 -20 1
      vertex 1.76777 -18.2322 0.5
      vertex 1.76777 -18.2322 1
    endloop
  endfacet
  facet normal 0.923883 0.382676 0
    outer loop
      vertex 1.76777 -18.2322 0.5
      vertex 2.5 -20 1
      vertex 2.5 -20 0.5
    endloop
  endfacet
  facet normal 0.923883 0.382676 0
    outer loop
      vertex 2.5 -20 4
      vertex 1.76777 -18.2322 2.5
      vertex 1.76777 -18.2322 4
    endloop
  endfacet
  facet normal 0.923883 0.382676 0
    outer loop
      vertex 1.76777 -18.2322 2.5
      vertex 2.5 -20 4
      vertex 2.5 -20 2.5
    endloop
  endfacet
  facet normal 0.923883 0.382676 0
    outer loop
      vertex 2.5 -20 7
      vertex 1.76777 -18.2322 5.5
      vertex 1.76777 -18.2322 7
    endloop
  endfacet
  facet normal 0.923883 0.382676 0
    outer loop
      vertex 1.76777 -18.2322 5.5
      vertex 2.5 -20 7
      vertex 2.5 -20 5.5
    endloop
  endfacet
  facet normal 0.748527 0.663104 0
    outer loop
      vertex 23.5418 1.85889 -0.5
      vertex 22.2723 3.29193 -2.5
      vertex 22.2723 3.29193 -0.5
    endloop
  endfacet
  facet normal 0.748527 0.663104 0
    outer loop
      vertex 22.2723 3.29193 -2.5
      vertex 23.5418 1.85889 -0.5
      vertex 23.5418 1.85889 -2.5
    endloop
  endfacet
  facet normal 0.970939 0.239328 0
    outer loop
      vertex 24 0 -0.5
      vertex 23.5418 1.85889 -2.5
      vertex 23.5418 1.85889 -0.5
    endloop
  endfacet
  facet normal 0.970939 0.239328 0
    outer loop
      vertex 23.5418 1.85889 -2.5
      vertex 24 0 -0.5
      vertex 24 0 -2.5
    endloop
  endfacet
  facet normal 0.35459 0.935022 -0
    outer loop
      vertex 22.2723 3.29193 -2.5
      vertex 20.4821 3.97083 -0.5
      vertex 22.2723 3.29193 -0.5
    endloop
  endfacet
  facet normal 0.35459 0.935022 0
    outer loop
      vertex 20.4821 3.97083 -0.5
      vertex 22.2723 3.29193 -2.5
      vertex 20.4821 3.97083 -2.5
    endloop
  endfacet
  facet normal 0.970939 -0.239328 0
    outer loop
      vertex 23.5418 -1.85889 -0.5
      vertex 24 0 -2.5
      vertex 24 0 -0.5
    endloop
  endfacet
  facet normal 0.970939 -0.239328 0
    outer loop
      vertex 24 0 -2.5
      vertex 23.5418 -1.85889 -0.5
      vertex 23.5418 -1.85889 -2.5
    endloop
  endfacet
  facet normal -0.120542 -0.992708 0
    outer loop
      vertex 19.594 -3.86299 -2.5
      vertex 20.4821 -3.97083 -0.5
      vertex 19.594 -3.86299 -0.5
    endloop
  endfacet
  facet normal -0.120542 -0.992708 -0
    outer loop
      vertex 20.4821 -3.97083 -0.5
      vertex 19.594 -3.86299 -2.5
      vertex 20.4821 -3.97083 -2.5
    endloop
  endfacet
  facet normal 0.748527 -0.663104 0
    outer loop
      vertex 22.2723 -3.29193 -0.5
      vertex 23.5418 -1.85889 -2.5
      vertex 23.5418 -1.85889 -0.5
    endloop
  endfacet
  facet normal 0.748527 -0.663104 0
    outer loop
      vertex 23.5418 -1.85889 -2.5
      vertex 22.2723 -3.29193 -0.5
      vertex 22.2723 -3.29193 -2.5
    endloop
  endfacet
  facet normal 0.35459 -0.935022 0
    outer loop
      vertex 20.4821 -3.97083 -2.5
      vertex 22.2723 -3.29193 -0.5
      vertex 20.4821 -3.97083 -0.5
    endloop
  endfacet
  facet normal 0.35459 -0.935022 0
    outer loop
      vertex 22.2723 -3.29193 -0.5
      vertex 20.4821 -3.97083 -2.5
      vertex 22.2723 -3.29193 -2.5
    endloop
  endfacet
  facet normal -0.120542 0.992708 0
    outer loop
      vertex 20.4821 3.97083 -2.5
      vertex 19.594 3.86299 -0.5
      vertex 20.4821 3.97083 -0.5
    endloop
  endfacet
  facet normal -0.120542 0.992708 0
    outer loop
      vertex 19.594 3.86299 -0.5
      vertex 20.4821 3.97083 -2.5
      vertex 19.594 3.86299 -2.5
    endloop
  endfacet
  facet normal 0 0 -1
    outer loop
      vertex 20 0 -2.5
      vertex 24 0 -2.5
      vertex 23.5418 -1.85889 -2.5
    endloop
  endfacet
  facet normal 0 0 -1
    outer loop
      vertex 20 0 -2.5
      vertex 23.5418 -1.85889 -2.5
      vertex 22.2723 -3.29193 -2.5
    endloop
  endfacet
  facet normal 0 0 -1
    outer loop
      vertex 24 0 -2.5
      vertex 20 0 -2.5
      vertex 23.5418 1.85889 -2.5
    endloop
  endfacet
  facet normal 0 0 -1
    outer loop
      vertex 20 0 -2.5
      vertex 22.2723 -3.29193 -2.5
      vertex 20.4821 -3.97083 -2.5
    endloop
  endfacet
  facet normal -0 0 -1
    outer loop
      vertex 23.5418 1.85889 -2.5
      vertex 20 0 -2.5
      vertex 22.2723 3.29193 -2.5
    endloop
  endfacet
  facet normal -0 0 -1
    outer loop
      vertex 22.2723 3.29193 -2.5
      vertex 20 0 -2.5
      vertex 20.4821 3.97083 -2.5
    endloop
  endfacet
  facet normal 0 -0 -1
    outer loop
      vertex 20 0 -2.5
      vertex 20.4821 -3.97083 -2.5
      vertex 19.594 -3.86299 -2.5
    endloop
  endfacet
  facet normal 0 0 -1
    outer loop
      vertex 20.4821 3.97083 -2.5
      vertex 20 0 -2.5
      vertex 19.594 3.86299 -2.5
    endloop
  endfacet
  facet normal -0.663104 0.748527 0
    outer loop
      vertex -1.85889 23.5418 -2.5
      vertex -3.29193 22.2723 -0.5
      vertex -1.85889 23.5418 -0.5
    endloop
  endfacet
  facet normal -0.663104 0.748527 0
    outer loop
      vertex -3.29193 22.2723 -0.5
      vertex -1.85889 23.5418 -2.5
      vertex -3.29193 22.2723 -2.5
    endloop
  endfacet
  facet normal -0.239328 0.970939 0
    outer loop
      vertex 0 24 -2.5
      vertex -1.85889 23.5418 -0.5
      vertex 0 24 -0.5
    endloop
  endfacet
  facet normal -0.239328 0.970939 0
    outer loop
      vertex -1.85889 23.5418 -0.5
      vertex 0 24 -2.5
      vertex -1.85889 23.5418 -2.5
    endloop
  endfacet
  facet normal -0.992709 -0.120534 0
    outer loop
      vertex -3.85349 19.5157 -2.5
      vertex -3.97083 20.4821 -0.5
      vertex -3.97083 20.4821 -2.5
    endloop
  endfacet
  facet normal -0.992709 -0.120534 0
    outer loop
      vertex -3.97083 20.4821 -0.5
      vertex -3.85349 19.5157 -2.5
      vertex -3.85349 19.5157 -0.5
    endloop
  endfacet
  facet normal -0.935022 0.35459 0
    outer loop
      vertex -3.97083 20.4821 -2.5
      vertex -3.29193 22.2723 -0.5
      vertex -3.29193 22.2723 -2.5
    endloop
  endfacet
  facet normal -0.935022 0.35459 0
    outer loop
      vertex -3.29193 22.2723 -0.5
      vertex -3.97083 20.4821 -2.5
      vertex -3.97083 20.4821 -0.5
    endloop
  endfacet
  facet normal 0 0 -1
    outer loop
      vertex 2.09057 19.8904 -2.5
      vertex 3.97083 20.4821 -2.5
      vertex 3.85349 19.5157 -2.5
    endloop
  endfacet
  facet normal -0 0 -1
    outer loop
      vertex 3.97083 20.4821 -2.5
      vertex 2.09057 19.8904 -2.5
      vertex 3.29193 22.2723 -2.5
    endloop
  endfacet
  facet normal 0 0 -1
    outer loop
      vertex 2.09057 19.8904 -2.5
      vertex 1.85889 23.5418 -2.5
      vertex 3.29193 22.2723 -2.5
    endloop
  endfacet
  facet normal 0 0 -1
    outer loop
      vertex 2.09057 19.8904 -2.5
      vertex 0 24 -2.5
      vertex 1.85889 23.5418 -2.5
    endloop
  endfacet
  facet normal 0 0 -1
    outer loop
      vertex -2.09057 19.8904 -2.5
      vertex 0 24 -2.5
      vertex 2.09057 19.8904 -2.5
    endloop
  endfacet
  facet normal 0 0 -1
    outer loop
      vertex 0 24 -2.5
      vertex -2.09057 19.8904 -2.5
      vertex -1.85889 23.5418 -2.5
    endloop
  endfacet
  facet normal 0 0 -1
    outer loop
      vertex -2.09057 19.8904 -2.5
      vertex -3.29193 22.2723 -2.5
      vertex -1.85889 23.5418 -2.5
    endloop
  endfacet
  facet normal 0 0 -1
    outer loop
      vertex -3.97083 20.4821 -2.5
      vertex -2.09057 19.8904 -2.5
      vertex -3.85349 19.5157 -2.5
    endloop
  endfacet
  facet normal 0 0 -1
    outer loop
      vertex -2.09057 19.8904 -2.5
      vertex -3.97083 20.4821 -2.5
      vertex -3.29193 22.2723 -2.5
    endloop
  endfacet
  facet normal 0.992709 -0.120534 0
    outer loop
      vertex 3.85349 19.5157 -0.5
      vertex 3.97083 20.4821 -2.5
      vertex 3.97083 20.4821 -0.5
    endloop
  endfacet
  facet normal 0.992709 -0.120534 0
    outer loop
      vertex 3.97083 20.4821 -2.5
      vertex 3.85349 19.5157 -0.5
      vertex 3.85349 19.5157 -2.5
    endloop
  endfacet
  facet normal 0.663104 0.748527 -0
    outer loop
      vertex 3.29193 22.2723 -2.5
      vertex 1.85889 23.5418 -0.5
      vertex 3.29193 22.2723 -0.5
    endloop
  endfacet
  facet normal 0.663104 0.748527 0
    outer loop
      vertex 1.85889 23.5418 -0.5
      vertex 3.29193 22.2723 -2.5
      vertex 1.85889 23.5418 -2.5
    endloop
  endfacet
  facet normal 0.935022 0.35459 0
    outer loop
      vertex 3.97083 20.4821 -0.5
      vertex 3.29193 22.2723 -2.5
      vertex 3.29193 22.2723 -0.5
    endloop
  endfacet
  facet normal 0.935022 0.35459 0
    outer loop
      vertex 3.29193 22.2723 -2.5
      vertex 3.97083 20.4821 -0.5
      vertex 3.97083 20.4821 -2.5
    endloop
  endfacet
  facet normal 0.239328 0.970939 -0
    outer loop
      vertex 1.85889 23.5418 -2.5
      vertex 0 24 -0.5
      vertex 1.85889 23.5418 -0.5
    endloop
  endfacet
  facet normal 0.239328 0.970939 0
    outer loop
      vertex 0 24 -0.5
      vertex 1.85889 23.5418 -2.5
      vertex 0 24 -2.5
    endloop
  endfacet
  facet normal 0 0 -1
    outer loop
      vertex -22.2723 -3.29193 -2.5
      vertex -19.7898 -2 -2.5
      vertex -20.4821 -3.97083 -2.5
    endloop
  endfacet
  facet normal 0 0 -1
    outer loop
      vertex -20.4821 -3.97083 -2.5
      vertex -19.7898 -2 -2.5
      vertex -19.594 -3.86299 -2.5
    endloop
  endfacet
  facet normal 0 0 -1
    outer loop
      vertex -19.7898 -2 -2.5
      vertex -16.1162 -0.957262 -2.5
      vertex -16.6635 -2 -2.5
    endloop
  endfacet
  facet normal -0 0 -1
    outer loop
      vertex -16.1162 -0.957262 -2.5
      vertex -19.7898 -2 -2.5
      vertex -16.1162 0.957262 -2.5
    endloop
  endfacet
  facet normal 0 0 -1
    outer loop
      vertex -19.7898 2 -2.5
      vertex -16.1162 0.957262 -2.5
      vertex -19.7898 -2 -2.5
    endloop
  endfacet
  facet normal 0 0 -1
    outer loop
      vertex -16.1162 0.957262 -2.5
      vertex -19.7898 2 -2.5
      vertex -16.6635 2 -2.5
    endloop
  endfacet
  facet normal 0 0 -1
    outer loop
      vertex -23.5418 -1.85889 -2.5
      vertex -19.7898 -2 -2.5
      vertex -22.2723 -3.29193 -2.5
    endloop
  endfacet
  facet normal 0 0 -1
    outer loop
      vertex -24 0 -2.5
      vertex -19.7898 -2 -2.5
      vertex -23.5418 -1.85889 -2.5
    endloop
  endfacet
  facet normal 0 0 -1
    outer loop
      vertex -19.7898 -2 -2.5
      vertex -24 0 -2.5
      vertex -19.7898 2 -2.5
    endloop
  endfacet
  facet normal 0 0 -1
    outer loop
      vertex -19.7898 2 -2.5
      vertex -20.4821 3.97083 -2.5
      vertex -19.594 3.86299 -2.5
    endloop
  endfacet
  facet normal 0 -0 -1
    outer loop
      vertex -23.5418 1.85889 -2.5
      vertex -19.7898 2 -2.5
      vertex -24 0 -2.5
    endloop
  endfacet
  facet normal 0 -0 -1
    outer loop
      vertex -20.4821 3.97083 -2.5
      vertex -19.7898 2 -2.5
      vertex -22.2723 3.29193 -2.5
    endloop
  endfacet
  facet normal 0 -0 -1
    outer loop
      vertex -22.2723 3.29193 -2.5
      vertex -19.7898 2 -2.5
      vertex -23.5418 1.85889 -2.5
    endloop
  endfacet
  facet normal 1 -0 0
    outer loop
      vertex -16.1162 -0.957262 -0.5
      vertex -16.1162 0.957262 -2.5
      vertex -16.1162 0.957262 -0.5
    endloop
  endfacet
  facet normal 1 0 0
    outer loop
      vertex -16.1162 0.957262 -2.5
      vertex -16.1162 -0.957262 -0.5
      vertex -16.1162 -0.957262 -2.5
    endloop
  endfacet
  facet normal -0.970939 -0.239328 0
    outer loop
      vertex -23.5418 -1.85889 -2.5
      vertex -24 0 -0.5
      vertex -24 0 -2.5
    endloop
  endfacet
  facet normal -0.970939 -0.239328 0
    outer loop
      vertex -24 0 -0.5
      vertex -23.5418 -1.85889 -2.5
      vertex -23.5418 -1.85889 -0.5
    endloop
  endfacet
  facet normal 0.120542 -0.992708 0
    outer loop
      vertex -20.4821 -3.97083 -2.5
      vertex -19.594 -3.86299 -0.5
      vertex -20.4821 -3.97083 -0.5
    endloop
  endfacet
  facet normal 0.120542 -0.992708 0
    outer loop
      vertex -19.594 -3.86299 -0.5
      vertex -20.4821 -3.97083 -2.5
      vertex -19.594 -3.86299 -2.5
    endloop
  endfacet
  facet normal -0.748527 -0.663104 0
    outer loop
      vertex -22.2723 -3.29193 -2.5
      vertex -23.5418 -1.85889 -0.5
      vertex -23.5418 -1.85889 -2.5
    endloop
  endfacet
  facet normal -0.748527 -0.663104 0
    outer loop
      vertex -23.5418 -1.85889 -0.5
      vertex -22.2723 -3.29193 -2.5
      vertex -22.2723 -3.29193 -0.5
    endloop
  endfacet
  facet normal 0.120542 0.992708 -0
    outer loop
      vertex -19.594 3.86299 -2.5
      vertex -20.4821 3.97083 -0.5
      vertex -19.594 3.86299 -0.5
    endloop
  endfacet
  facet normal 0.120542 0.992708 0
    outer loop
      vertex -20.4821 3.97083 -0.5
      vertex -19.594 3.86299 -2.5
      vertex -20.4821 3.97083 -2.5
    endloop
  endfacet
  facet normal -0.748527 0.663104 0
    outer loop
      vertex -23.5418 1.85889 -2.5
      vertex -22.2723 3.29193 -0.5
      vertex -22.2723 3.29193 -2.5
    endloop
  endfacet
  facet normal -0.748527 0.663104 0
    outer loop
      vertex -22.2723 3.29193 -0.5
      vertex -23.5418 1.85889 -2.5
      vertex -23.5418 1.85889 -0.5
    endloop
  endfacet
  facet normal 0.885446 -0.464742 0
    outer loop
      vertex -16.6635 -2 -0.5
      vertex -16.1162 -0.957262 -2.5
      vertex -16.1162 -0.957262 -0.5
    endloop
  endfacet
  facet normal 0.885446 -0.464742 0
    outer loop
      vertex -16.1162 -0.957262 -2.5
      vertex -16.6635 -2 -0.5
      vertex -16.6635 -2 -2.5
    endloop
  endfacet
  facet normal -0.35459 0.935022 0
    outer loop
      vertex -20.4821 3.97083 -2.5
      vertex -22.2723 3.29193 -0.5
      vertex -20.4821 3.97083 -0.5
    endloop
  endfacet
  facet normal -0.35459 0.935022 0
    outer loop
      vertex -22.2723 3.29193 -0.5
      vertex -20.4821 3.97083 -2.5
      vertex -22.2723 3.29193 -2.5
    endloop
  endfacet
  facet normal -0.970939 0.239328 0
    outer loop
      vertex -24 0 -2.5
      vertex -23.5418 1.85889 -0.5
      vertex -23.5418 1.85889 -2.5
    endloop
  endfacet
  facet normal -0.970939 0.239328 0
    outer loop
      vertex -23.5418 1.85889 -0.5
      vertex -24 0 -2.5
      vertex -24 0 -0.5
    endloop
  endfacet
  facet normal -0.35459 -0.935022 0
    outer loop
      vertex -22.2723 -3.29193 -2.5
      vertex -20.4821 -3.97083 -0.5
      vertex -22.2723 -3.29193 -0.5
    endloop
  endfacet
  facet normal -0.35459 -0.935022 -0
    outer loop
      vertex -20.4821 -3.97083 -0.5
      vertex -22.2723 -3.29193 -2.5
      vertex -20.4821 -3.97083 -2.5
    endloop
  endfacet
  facet normal 0.885446 0.464742 0
    outer loop
      vertex -16.1162 0.957262 -0.5
      vertex -16.6635 2 -2.5
      vertex -16.6635 2 -0.5
    endloop
  endfacet
  facet normal 0.885446 0.464742 0
    outer loop
      vertex -16.6635 2 -2.5
      vertex -16.1162 0.957262 -0.5
      vertex -16.1162 0.957262 -2.5
    endloop
  endfacet
  facet normal 0.239328 -0.970939 0
    outer loop
      vertex 0 -24 -2.5
      vertex 1.85889 -23.5418 -0.5
      vertex 0 -24 -0.5
    endloop
  endfacet
  facet normal 0.239328 -0.970939 0
    outer loop
      vertex 1.85889 -23.5418 -0.5
      vertex 0 -24 -2.5
      vertex 1.85889 -23.5418 -2.5
    endloop
  endfacet
  facet normal -0.239328 -0.970939 0
    outer loop
      vertex -1.85889 -23.5418 -2.5
      vertex 0 -24 -0.5
      vertex -1.85889 -23.5418 -0.5
    endloop
  endfacet
  facet normal -0.239328 -0.970939 -0
    outer loop
      vertex 0 -24 -0.5
      vertex -1.85889 -23.5418 -2.5
      vertex 0 -24 -2.5
    endloop
  endfacet
  facet normal 0.663104 -0.748527 0
    outer loop
      vertex 1.85889 -23.5418 -2.5
      vertex 3.29193 -22.2723 -0.5
      vertex 1.85889 -23.5418 -0.5
    endloop
  endfacet
  facet normal 0.663104 -0.748527 0
    outer loop
      vertex 3.29193 -22.2723 -0.5
      vertex 1.85889 -23.5418 -2.5
      vertex 3.29193 -22.2723 -2.5
    endloop
  endfacet
  facet normal -0.992709 0.120534 0
    outer loop
      vertex -3.97083 -20.4821 -2.5
      vertex -3.85349 -19.5157 -0.5
      vertex -3.85349 -19.5157 -2.5
    endloop
  endfacet
  facet normal -0.992709 0.120534 0
    outer loop
      vertex -3.85349 -19.5157 -0.5
      vertex -3.97083 -20.4821 -2.5
      vertex -3.97083 -20.4821 -0.5
    endloop
  endfacet
  facet normal -0.663104 -0.748527 0
    outer loop
      vertex -3.29193 -22.2723 -2.5
      vertex -1.85889 -23.5418 -0.5
      vertex -3.29193 -22.2723 -0.5
    endloop
  endfacet
  facet normal -0.663104 -0.748527 -0
    outer loop
      vertex -1.85889 -23.5418 -0.5
      vertex -3.29193 -22.2723 -2.5
      vertex -1.85889 -23.5418 -2.5
    endloop
  endfacet
  facet normal -0.935022 -0.35459 0
    outer loop
      vertex -3.29193 -22.2723 -2.5
      vertex -3.97083 -20.4821 -0.5
      vertex -3.97083 -20.4821 -2.5
    endloop
  endfacet
  facet normal -0.935022 -0.35459 0
    outer loop
      vertex -3.97083 -20.4821 -0.5
      vertex -3.29193 -22.2723 -2.5
      vertex -3.29193 -22.2723 -0.5
    endloop
  endfacet
  facet normal 0.992709 0.120534 0
    outer loop
      vertex 3.97083 -20.4821 -0.5
      vertex 3.85349 -19.5157 -2.5
      vertex 3.85349 -19.5157 -0.5
    endloop
  endfacet
  facet normal 0.992709 0.120534 0
    outer loop
      vertex 3.85349 -19.5157 -2.5
      vertex 3.97083 -20.4821 -0.5
      vertex 3.97083 -20.4821 -2.5
    endloop
  endfacet
  facet normal 0.935022 -0.35459 0
    outer loop
      vertex 3.29193 -22.2723 -0.5
      vertex 3.97083 -20.4821 -2.5
      vertex 3.97083 -20.4821 -0.5
    endloop
  endfacet
  facet normal 0.935022 -0.35459 0
    outer loop
      vertex 3.97083 -20.4821 -2.5
      vertex 3.29193 -22.2723 -0.5
      vertex 3.29193 -22.2723 -2.5
    endloop
  endfacet
  facet normal 0 0 -1
    outer loop
      vertex 2.09057 -19.8904 -2.5
      vertex 3.97083 -20.4821 -2.5
      vertex 3.29193 -22.2723 -2.5
    endloop
  endfacet
  facet normal 0 0 -1
    outer loop
      vertex 3.97083 -20.4821 -2.5
      vertex 2.09057 -19.8904 -2.5
      vertex 3.85349 -19.5157 -2.5
    endloop
  endfacet
  facet normal 0 0 -1
    outer loop
      vertex 1.85889 -23.5418 -2.5
      vertex 2.09057 -19.8904 -2.5
      vertex 3.29193 -22.2723 -2.5
    endloop
  endfacet
  facet normal 0 0 -1
    outer loop
      vertex 0 -24 -2.5
      vertex 2.09057 -19.8904 -2.5
      vertex 1.85889 -23.5418 -2.5
    endloop
  endfacet
  facet normal 0 0 -1
    outer loop
      vertex -2.09057 -19.8904 -2.5
      vertex 0 -24 -2.5
      vertex -1.85889 -23.5418 -2.5
    endloop
  endfacet
  facet normal 0 0 -1
    outer loop
      vertex 0 -24 -2.5
      vertex -2.09057 -19.8904 -2.5
      vertex 2.09057 -19.8904 -2.5
    endloop
  endfacet
  facet normal 0 0 -1
    outer loop
      vertex -3.29193 -22.2723 -2.5
      vertex -2.09057 -19.8904 -2.5
      vertex -1.85889 -23.5418 -2.5
    endloop
  endfacet
  facet normal 0 0 -1
    outer loop
      vertex -3.97083 -20.4821 -2.5
      vertex -2.09057 -19.8904 -2.5
      vertex -3.29193 -22.2723 -2.5
    endloop
  endfacet
  facet normal -0 0 -1
    outer loop
      vertex -2.09057 -19.8904 -2.5
      vertex -3.97083 -20.4821 -2.5
      vertex -3.85349 -19.5157 -2.5
    endloop
  endfacet
endsolid OpenSCAD_Model
