solid OpenSCAD_Model
  facet normal -0.382676 0.923883 0
    outer loop
      vertex 25 2.5 76.5
      vertex 23.2322 1.76777 77.5
      vertex 25 2.5 77.5
    endloop
  endfacet
  facet normal -0.382676 0.923883 0
    outer loop
      vertex 23.2322 1.76777 77.5
      vertex 25 2.5 76.5
      vertex 23.2322 1.76777 76.5
    endloop
  endfacet
  facet normal -0.382687 0.923878 0
    outer loop
      vertex 25 2.5 82.5
      vertex 24.7482 2.3957 90.5
      vertex 25 2.5 90.5
    endloop
  endfacet
  facet normal -0.382687 0.923878 0
    outer loop
      vertex 24.7482 2.3957 90.5
      vertex 25 2.5 82.5
      vertex 24.7482 2.3957 82.5
    endloop
  endfacet
  facet normal -0.382676 0.923883 0
    outer loop
      vertex 25 2.5 67.5
      vertex 23.2322 1.76777 69.5
      vertex 25 2.5 69.5
    endloop
  endfacet
  facet normal -0.382676 0.923883 0
    outer loop
      vertex 23.2322 1.76777 69.5
      vertex 25 2.5 67.5
      vertex 23.2322 1.76777 67.5
    endloop
  endfacet
  facet normal 0.382674 -0.923883 0
    outer loop
      vertex 23.2322 1.76777 94.5
      vertex 24.7482 2.3957 110
      vertex 23.2322 1.76777 110
    endloop
  endfacet
  facet normal 0.382674 -0.923883 0
    outer loop
      vertex 24.7482 2.3957 110
      vertex 23.2322 1.76777 94.5
      vertex 24.7482 2.3957 94.5
    endloop
  endfacet
  facet normal -0.923886 0.382668 0
    outer loop
      vertex 22.5 0 76.5
      vertex 23.2322 1.76777 77.5
      vertex 23.2322 1.76777 76.5
    endloop
  endfacet
  facet normal -0.923886 0.382668 0
    outer loop
      vertex 23.2322 1.76777 77.5
      vertex 22.5 0 76.5
      vertex 22.5 0 77.5
    endloop
  endfacet
  facet normal -0.923886 0.382668 0
    outer loop
      vertex 22.5 0 67.5
      vertex 23.2322 1.76777 69.5
      vertex 23.2322 1.76777 67.5
    endloop
  endfacet
  facet normal -0.923886 0.382668 0
    outer loop
      vertex 23.2322 1.76777 69.5
      vertex 22.5 0 67.5
      vertex 22.5 0 69.5
    endloop
  endfacet
  facet normal 0.923886 -0.382668 0
    outer loop
      vertex 22.5 0 110
      vertex 23.2322 1.76777 94.5
      vertex 23.2322 1.76777 110
    endloop
  endfacet
  facet normal 0.923886 -0.382668 0
    outer loop
      vertex 23.2322 1.76777 94.5
      vertex 22.5 0 110
      vertex 22.5 0 94.5
    endloop
  endfacet
  facet normal -0.382676 -0.923883 0
    outer loop
      vertex 23.2322 -1.76777 76.5
      vertex 25 -2.5 77.5
      vertex 23.2322 -1.76777 77.5
    endloop
  endfacet
  facet normal -0.382676 -0.923883 -0
    outer loop
      vertex 25 -2.5 77.5
      vertex 23.2322 -1.76777 76.5
      vertex 25 -2.5 76.5
    endloop
  endfacet
  facet normal -0.382687 -0.923878 0
    outer loop
      vertex 24.7482 -2.3957 82.5
      vertex 25 -2.5 90.5
      vertex 24.7482 -2.3957 90.5
    endloop
  endfacet
  facet normal -0.382687 -0.923878 -0
    outer loop
      vertex 25 -2.5 90.5
      vertex 24.7482 -2.3957 82.5
      vertex 25 -2.5 82.5
    endloop
  endfacet
  facet normal -0.382676 -0.923883 0
    outer loop
      vertex 23.2322 -1.76777 67.5
      vertex 25 -2.5 69.5
      vertex 23.2322 -1.76777 69.5
    endloop
  endfacet
  facet normal -0.382676 -0.923883 -0
    outer loop
      vertex 25 -2.5 69.5
      vertex 23.2322 -1.76777 67.5
      vertex 25 -2.5 67.5
    endloop
  endfacet
  facet normal 0.382674 0.923883 -0
    outer loop
      vertex 24.7482 -2.3957 94.5
      vertex 23.2322 -1.76777 110
      vertex 24.7482 -2.3957 110
    endloop
  endfacet
  facet normal 0.382674 0.923883 0
    outer loop
      vertex 23.2322 -1.76777 110
      vertex 24.7482 -2.3957 94.5
      vertex 23.2322 -1.76777 94.5
    endloop
  endfacet
  facet normal -0.923886 -0.382668 0
    outer loop
      vertex 23.2322 -1.76777 76.5
      vertex 22.5 0 77.5
      vertex 22.5 0 76.5
    endloop
  endfacet
  facet normal -0.923886 -0.382668 0
    outer loop
      vertex 22.5 0 77.5
      vertex 23.2322 -1.76777 76.5
      vertex 23.2322 -1.76777 77.5
    endloop
  endfacet
  facet normal -0.923886 -0.382668 0
    outer loop
      vertex 23.2322 -1.76777 67.5
      vertex 22.5 0 69.5
      vertex 22.5 0 67.5
    endloop
  endfacet
  facet normal -0.923886 -0.382668 0
    outer loop
      vertex 22.5 0 69.5
      vertex 23.2322 -1.76777 67.5
      vertex 23.2322 -1.76777 69.5
    endloop
  endfacet
  facet normal 0.923886 0.382668 0
    outer loop
      vertex 23.2322 -1.76777 110
      vertex 22.5 0 94.5
      vertex 22.5 0 110
    endloop
  endfacet
  facet normal 0.923886 0.382668 0
    outer loop
      vertex 22.5 0 94.5
      vertex 23.2322 -1.76777 110
      vertex 23.2322 -1.76777 94.5
    endloop
  endfacet
  facet normal 0.923881 -0.382681 0
    outer loop
      vertex 14.2678 19.8829 77.5
      vertex 15 21.6506 76.5
      vertex 15 21.6506 77.5
    endloop
  endfacet
  facet normal 0.923881 -0.382681 0
    outer loop
      vertex 15 21.6506 76.5
      vertex 14.2678 19.8829 77.5
      vertex 14.2678 19.8829 76.5
    endloop
  endfacet
  facet normal 0.923876 -0.382693 0
    outer loop
      vertex 14.4217 20.2545 90.5
      vertex 15 21.6506 82.5
      vertex 15 21.6506 90.5
    endloop
  endfacet
  facet normal 0.923876 -0.382693 0
    outer loop
      vertex 15 21.6506 82.5
      vertex 14.4217 20.2545 90.5
      vertex 14.4217 20.2545 82.5
    endloop
  endfacet
  facet normal 0.923881 -0.382681 0
    outer loop
      vertex 14.2678 19.8829 69.5
      vertex 15 21.6506 67.5
      vertex 15 21.6506 69.5
    endloop
  endfacet
  facet normal 0.923881 -0.382681 0
    outer loop
      vertex 15 21.6506 67.5
      vertex 14.2678 19.8829 69.5
      vertex 14.2678 19.8829 67.5
    endloop
  endfacet
  facet normal -0.923899 0.382637 0
    outer loop
      vertex 14.2678 19.8829 94.5
      vertex 14.4217 20.2545 110
      vertex 14.4217 20.2545 94.5
    endloop
  endfacet
  facet normal -0.923899 0.382637 0
    outer loop
      vertex 14.4217 20.2545 110
      vertex 14.2678 19.8829 94.5
      vertex 14.2678 19.8829 110
    endloop
  endfacet
  facet normal -0.923888 0.382663 0
    outer loop
      vertex 10 21.6506 76.5
      vertex 10.7322 23.4184 77.5
      vertex 10.7322 23.4184 76.5
    endloop
  endfacet
  facet normal -0.923888 0.382663 0
    outer loop
      vertex 10.7322 23.4184 77.5
      vertex 10 21.6506 76.5
      vertex 10 21.6506 77.5
    endloop
  endfacet
  facet normal -0.923907 0.382618 0
    outer loop
      vertex 10.3893 22.5904 82.5
      vertex 10.7322 23.4184 90.5
      vertex 10.7322 23.4184 82.5
    endloop
  endfacet
  facet normal -0.923907 0.382618 0
    outer loop
      vertex 10.7322 23.4184 90.5
      vertex 10.3893 22.5904 82.5
      vertex 10.3893 22.5904 90.5
    endloop
  endfacet
  facet normal -0.923888 0.382663 0
    outer loop
      vertex 10 21.6506 67.5
      vertex 10.7322 23.4184 69.5
      vertex 10.7322 23.4184 67.5
    endloop
  endfacet
  facet normal -0.923888 0.382663 0
    outer loop
      vertex 10.7322 23.4184 69.5
      vertex 10 21.6506 67.5
      vertex 10 21.6506 69.5
    endloop
  endfacet
  facet normal 0.923872 -0.382702 0
    outer loop
      vertex 10 21.6506 110
      vertex 10.3893 22.5904 94.5
      vertex 10.3893 22.5904 110
    endloop
  endfacet
  facet normal 0.923872 -0.382702 0
    outer loop
      vertex 10.3893 22.5904 94.5
      vertex 10 21.6506 110
      vertex 10 21.6506 94.5
    endloop
  endfacet
  facet normal -0.382707 -0.92387 0
    outer loop
      vertex 10.7322 19.8829 76.5
      vertex 12.5 19.1506 77.5
      vertex 10.7322 19.8829 77.5
    endloop
  endfacet
  facet normal -0.382707 -0.92387 -0
    outer loop
      vertex 12.5 19.1506 77.5
      vertex 10.7322 19.8829 76.5
      vertex 12.5 19.1506 76.5
    endloop
  endfacet
  facet normal -0.382707 -0.92387 0
    outer loop
      vertex 10.7322 19.8829 67.5
      vertex 12.5 19.1506 69.5
      vertex 10.7322 19.8829 69.5
    endloop
  endfacet
  facet normal -0.382707 -0.92387 -0
    outer loop
      vertex 12.5 19.1506 69.5
      vertex 10.7322 19.8829 67.5
      vertex 12.5 19.1506 67.5
    endloop
  endfacet
  facet normal 0.382707 0.92387 -0
    outer loop
      vertex 12.5 19.1506 94.5
      vertex 10.7322 19.8829 110
      vertex 12.5 19.1506 110
    endloop
  endfacet
  facet normal 0.382707 0.92387 0
    outer loop
      vertex 10.7322 19.8829 110
      vertex 12.5 19.1506 94.5
      vertex 10.7322 19.8829 94.5
    endloop
  endfacet
  facet normal 0.382707 -0.92387 0
    outer loop
      vertex 12.5 19.1506 76.5
      vertex 14.2678 19.8829 77.5
      vertex 12.5 19.1506 77.5
    endloop
  endfacet
  facet normal 0.382707 -0.92387 0
    outer loop
      vertex 14.2678 19.8829 77.5
      vertex 12.5 19.1506 76.5
      vertex 14.2678 19.8829 76.5
    endloop
  endfacet
  facet normal 0.382707 -0.92387 0
    outer loop
      vertex 12.5 19.1506 67.5
      vertex 14.2678 19.8829 69.5
      vertex 12.5 19.1506 69.5
    endloop
  endfacet
  facet normal 0.382707 -0.92387 0
    outer loop
      vertex 14.2678 19.8829 69.5
      vertex 12.5 19.1506 67.5
      vertex 14.2678 19.8829 67.5
    endloop
  endfacet
  facet normal -0.382707 0.92387 0
    outer loop
      vertex 14.2678 19.8829 94.5
      vertex 12.5 19.1506 110
      vertex 14.2678 19.8829 110
    endloop
  endfacet
  facet normal -0.382707 0.92387 0
    outer loop
      vertex 12.5 19.1506 110
      vertex 14.2678 19.8829 94.5
      vertex 12.5 19.1506 94.5
    endloop
  endfacet
  facet normal -0.923881 -0.382681 0
    outer loop
      vertex 10.7322 19.8829 76.5
      vertex 10 21.6506 77.5
      vertex 10 21.6506 76.5
    endloop
  endfacet
  facet normal -0.923881 -0.382681 0
    outer loop
      vertex 10 21.6506 77.5
      vertex 10.7322 19.8829 76.5
      vertex 10.7322 19.8829 77.5
    endloop
  endfacet
  facet normal -0.923881 -0.382681 0
    outer loop
      vertex 10.7322 19.8829 67.5
      vertex 10 21.6506 69.5
      vertex 10 21.6506 67.5
    endloop
  endfacet
  facet normal -0.923881 -0.382681 0
    outer loop
      vertex 10 21.6506 69.5
      vertex 10.7322 19.8829 67.5
      vertex 10.7322 19.8829 69.5
    endloop
  endfacet
  facet normal 0.923881 0.382681 0
    outer loop
      vertex 10.7322 19.8829 110
      vertex 10 21.6506 94.5
      vertex 10 21.6506 110
    endloop
  endfacet
  facet normal 0.923881 0.382681 0
    outer loop
      vertex 10 21.6506 94.5
      vertex 10.7322 19.8829 110
      vertex 10.7322 19.8829 94.5
    endloop
  endfacet
  facet normal -0.923881 -0.382681 0
    outer loop
      vertex -14.2678 19.8829 76.5
      vertex -15 21.6506 77.5
      vertex -15 21.6506 76.5
    endloop
  endfacet
  facet normal -0.923881 -0.382681 0
    outer loop
      vertex -15 21.6506 77.5
      vertex -14.2678 19.8829 76.5
      vertex -14.2678 19.8829 77.5
    endloop
  endfacet
  facet normal -0.923876 -0.382693 0
    outer loop
      vertex -14.4217 20.2545 82.5
      vertex -15 21.6506 90.5
      vertex -15 21.6506 82.5
    endloop
  endfacet
  facet normal -0.923876 -0.382693 0
    outer loop
      vertex -15 21.6506 90.5
      vertex -14.4217 20.2545 82.5
      vertex -14.4217 20.2545 90.5
    endloop
  endfacet
  facet normal -0.923881 -0.382681 0
    outer loop
      vertex -14.2678 19.8829 67.5
      vertex -15 21.6506 69.5
      vertex -15 21.6506 67.5
    endloop
  endfacet
  facet normal -0.923881 -0.382681 0
    outer loop
      vertex -15 21.6506 69.5
      vertex -14.2678 19.8829 67.5
      vertex -14.2678 19.8829 69.5
    endloop
  endfacet
  facet normal 0.923899 0.382637 0
    outer loop
      vertex -14.2678 19.8829 110
      vertex -14.4217 20.2545 94.5
      vertex -14.4217 20.2545 110
    endloop
  endfacet
  facet normal 0.923899 0.382637 0
    outer loop
      vertex -14.4217 20.2545 94.5
      vertex -14.2678 19.8829 110
      vertex -14.2678 19.8829 94.5
    endloop
  endfacet
  facet normal 0.923888 0.382663 0
    outer loop
      vertex -10 21.6506 77.5
      vertex -10.7322 23.4184 76.5
      vertex -10.7322 23.4184 77.5
    endloop
  endfacet
  facet normal 0.923888 0.382663 0
    outer loop
      vertex -10.7322 23.4184 76.5
      vertex -10 21.6506 77.5
      vertex -10 21.6506 76.5
    endloop
  endfacet
  facet normal 0.923907 0.382618 0
    outer loop
      vertex -10.3893 22.5904 90.5
      vertex -10.7322 23.4184 82.5
      vertex -10.7322 23.4184 90.5
    endloop
  endfacet
  facet normal 0.923907 0.382618 0
    outer loop
      vertex -10.7322 23.4184 82.5
      vertex -10.3893 22.5904 90.5
      vertex -10.3893 22.5904 82.5
    endloop
  endfacet
  facet normal 0.923888 0.382663 0
    outer loop
      vertex -10 21.6506 69.5
      vertex -10.7322 23.4184 67.5
      vertex -10.7322 23.4184 69.5
    endloop
  endfacet
  facet normal 0.923888 0.382663 0
    outer loop
      vertex -10.7322 23.4184 67.5
      vertex -10 21.6506 69.5
      vertex -10 21.6506 67.5
    endloop
  endfacet
  facet normal -0.923872 -0.382702 0
    outer loop
      vertex -10 21.6506 94.5
      vertex -10.3893 22.5904 110
      vertex -10.3893 22.5904 94.5
    endloop
  endfacet
  facet normal -0.923872 -0.382702 0
    outer loop
      vertex -10.3893 22.5904 110
      vertex -10 21.6506 94.5
      vertex -10 21.6506 110
    endloop
  endfacet
  facet normal 0.382707 -0.92387 0
    outer loop
      vertex -12.5 19.1506 76.5
      vertex -10.7322 19.8829 77.5
      vertex -12.5 19.1506 77.5
    endloop
  endfacet
  facet normal 0.382707 -0.92387 0
    outer loop
      vertex -10.7322 19.8829 77.5
      vertex -12.5 19.1506 76.5
      vertex -10.7322 19.8829 76.5
    endloop
  endfacet
  facet normal 0.382707 -0.92387 0
    outer loop
      vertex -12.5 19.1506 67.5
      vertex -10.7322 19.8829 69.5
      vertex -12.5 19.1506 69.5
    endloop
  endfacet
  facet normal 0.382707 -0.92387 0
    outer loop
      vertex -10.7322 19.8829 69.5
      vertex -12.5 19.1506 67.5
      vertex -10.7322 19.8829 67.5
    endloop
  endfacet
  facet normal -0.382707 0.92387 0
    outer loop
      vertex -10.7322 19.8829 94.5
      vertex -12.5 19.1506 110
      vertex -10.7322 19.8829 110
    endloop
  endfacet
  facet normal -0.382707 0.92387 0
    outer loop
      vertex -12.5 19.1506 110
      vertex -10.7322 19.8829 94.5
      vertex -12.5 19.1506 94.5
    endloop
  endfacet
  facet normal -0.382707 -0.92387 0
    outer loop
      vertex -14.2678 19.8829 76.5
      vertex -12.5 19.1506 77.5
      vertex -14.2678 19.8829 77.5
    endloop
  endfacet
  facet normal -0.382707 -0.92387 -0
    outer loop
      vertex -12.5 19.1506 77.5
      vertex -14.2678 19.8829 76.5
      vertex -12.5 19.1506 76.5
    endloop
  endfacet
  facet normal -0.382707 -0.92387 0
    outer loop
      vertex -14.2678 19.8829 67.5
      vertex -12.5 19.1506 69.5
      vertex -14.2678 19.8829 69.5
    endloop
  endfacet
  facet normal -0.382707 -0.92387 -0
    outer loop
      vertex -12.5 19.1506 69.5
      vertex -14.2678 19.8829 67.5
      vertex -12.5 19.1506 67.5
    endloop
  endfacet
  facet normal 0.382707 0.92387 -0
    outer loop
      vertex -12.5 19.1506 94.5
      vertex -14.2678 19.8829 110
      vertex -12.5 19.1506 110
    endloop
  endfacet
  facet normal 0.382707 0.92387 0
    outer loop
      vertex -14.2678 19.8829 110
      vertex -12.5 19.1506 94.5
      vertex -14.2678 19.8829 94.5
    endloop
  endfacet
  facet normal 0.923881 -0.382681 0
    outer loop
      vertex -10.7322 19.8829 77.5
      vertex -10 21.6506 76.5
      vertex -10 21.6506 77.5
    endloop
  endfacet
  facet normal 0.923881 -0.382681 0
    outer loop
      vertex -10 21.6506 76.5
      vertex -10.7322 19.8829 77.5
      vertex -10.7322 19.8829 76.5
    endloop
  endfacet
  facet normal 0.923881 -0.382681 0
    outer loop
      vertex -10.7322 19.8829 69.5
      vertex -10 21.6506 67.5
      vertex -10 21.6506 69.5
    endloop
  endfacet
  facet normal 0.923881 -0.382681 0
    outer loop
      vertex -10 21.6506 67.5
      vertex -10.7322 19.8829 69.5
      vertex -10.7322 19.8829 67.5
    endloop
  endfacet
  facet normal -0.923881 0.382681 0
    outer loop
      vertex -10.7322 19.8829 94.5
      vertex -10 21.6506 110
      vertex -10 21.6506 94.5
    endloop
  endfacet
  facet normal -0.923881 0.382681 0
    outer loop
      vertex -10 21.6506 110
      vertex -10.7322 19.8829 94.5
      vertex -10.7322 19.8829 110
    endloop
  endfacet
  facet normal 0.382676 0.923883 -0
    outer loop
      vertex -23.2322 1.76777 76.5
      vertex -25 2.5 77.5
      vertex -23.2322 1.76777 77.5
    endloop
  endfacet
  facet normal 0.382676 0.923883 0
    outer loop
      vertex -25 2.5 77.5
      vertex -23.2322 1.76777 76.5
      vertex -25 2.5 76.5
    endloop
  endfacet
  facet normal 0.382687 0.923878 -0
    outer loop
      vertex -24.7482 2.3957 82.5
      vertex -25 2.5 90.5
      vertex -24.7482 2.3957 90.5
    endloop
  endfacet
  facet normal 0.382687 0.923878 0
    outer loop
      vertex -25 2.5 90.5
      vertex -24.7482 2.3957 82.5
      vertex -25 2.5 82.5
    endloop
  endfacet
  facet normal 0.382676 0.923883 -0
    outer loop
      vertex -23.2322 1.76777 67.5
      vertex -25 2.5 69.5
      vertex -23.2322 1.76777 69.5
    endloop
  endfacet
  facet normal 0.382676 0.923883 0
    outer loop
      vertex -25 2.5 69.5
      vertex -23.2322 1.76777 67.5
      vertex -25 2.5 67.5
    endloop
  endfacet
  facet normal -0.382674 -0.923883 0
    outer loop
      vertex -24.7482 2.3957 94.5
      vertex -23.2322 1.76777 110
      vertex -24.7482 2.3957 110
    endloop
  endfacet
  facet normal -0.382674 -0.923883 -0
    outer loop
      vertex -23.2322 1.76777 110
      vertex -24.7482 2.3957 94.5
      vertex -23.2322 1.76777 94.5
    endloop
  endfacet
  facet normal 0.923886 0.382668 0
    outer loop
      vertex -22.5 0 77.5
      vertex -23.2322 1.76777 76.5
      vertex -23.2322 1.76777 77.5
    endloop
  endfacet
  facet normal 0.923886 0.382668 0
    outer loop
      vertex -23.2322 1.76777 76.5
      vertex -22.5 0 77.5
      vertex -22.5 0 76.5
    endloop
  endfacet
  facet normal 0.923886 0.382668 0
    outer loop
      vertex -22.5 0 69.5
      vertex -23.2322 1.76777 67.5
      vertex -23.2322 1.76777 69.5
    endloop
  endfacet
  facet normal 0.923886 0.382668 0
    outer loop
      vertex -23.2322 1.76777 67.5
      vertex -22.5 0 69.5
      vertex -22.5 0 67.5
    endloop
  endfacet
  facet normal -0.923886 -0.382668 0
    outer loop
      vertex -22.5 0 94.5
      vertex -23.2322 1.76777 110
      vertex -23.2322 1.76777 94.5
    endloop
  endfacet
  facet normal -0.923886 -0.382668 0
    outer loop
      vertex -23.2322 1.76777 110
      vertex -22.5 0 94.5
      vertex -22.5 0 110
    endloop
  endfacet
  facet normal 0.382676 -0.923883 0
    outer loop
      vertex -25 -2.5 76.5
      vertex -23.2322 -1.76777 77.5
      vertex -25 -2.5 77.5
    endloop
  endfacet
  facet normal 0.382676 -0.923883 0
    outer loop
      vertex -23.2322 -1.76777 77.5
      vertex -25 -2.5 76.5
      vertex -23.2322 -1.76777 76.5
    endloop
  endfacet
  facet normal 0.382687 -0.923878 0
    outer loop
      vertex -25 -2.5 82.5
      vertex -24.7482 -2.3957 90.5
      vertex -25 -2.5 90.5
    endloop
  endfacet
  facet normal 0.382687 -0.923878 0
    outer loop
      vertex -24.7482 -2.3957 90.5
      vertex -25 -2.5 82.5
      vertex -24.7482 -2.3957 82.5
    endloop
  endfacet
  facet normal 0.382676 -0.923883 0
    outer loop
      vertex -25 -2.5 67.5
      vertex -23.2322 -1.76777 69.5
      vertex -25 -2.5 69.5
    endloop
  endfacet
  facet normal 0.382676 -0.923883 0
    outer loop
      vertex -23.2322 -1.76777 69.5
      vertex -25 -2.5 67.5
      vertex -23.2322 -1.76777 67.5
    endloop
  endfacet
  facet normal -0.382674 0.923883 0
    outer loop
      vertex -23.2322 -1.76777 94.5
      vertex -24.7482 -2.3957 110
      vertex -23.2322 -1.76777 110
    endloop
  endfacet
  facet normal -0.382674 0.923883 0
    outer loop
      vertex -24.7482 -2.3957 110
      vertex -23.2322 -1.76777 94.5
      vertex -24.7482 -2.3957 94.5
    endloop
  endfacet
  facet normal 0.923886 -0.382668 0
    outer loop
      vertex -23.2322 -1.76777 77.5
      vertex -22.5 0 76.5
      vertex -22.5 0 77.5
    endloop
  endfacet
  facet normal 0.923886 -0.382668 0
    outer loop
      vertex -22.5 0 76.5
      vertex -23.2322 -1.76777 77.5
      vertex -23.2322 -1.76777 76.5
    endloop
  endfacet
  facet normal 0.923886 -0.382668 0
    outer loop
      vertex -23.2322 -1.76777 69.5
      vertex -22.5 0 67.5
      vertex -22.5 0 69.5
    endloop
  endfacet
  facet normal 0.923886 -0.382668 0
    outer loop
      vertex -22.5 0 67.5
      vertex -23.2322 -1.76777 69.5
      vertex -23.2322 -1.76777 67.5
    endloop
  endfacet
  facet normal -0.923886 0.382668 0
    outer loop
      vertex -23.2322 -1.76777 94.5
      vertex -22.5 0 110
      vertex -22.5 0 94.5
    endloop
  endfacet
  facet normal -0.923886 0.382668 0
    outer loop
      vertex -22.5 0 110
      vertex -23.2322 -1.76777 94.5
      vertex -23.2322 -1.76777 110
    endloop
  endfacet
  facet normal 0.382707 0.92387 -0
    outer loop
      vertex -10.7322 -19.8829 76.5
      vertex -12.5 -19.1506 77.5
      vertex -10.7322 -19.8829 77.5
    endloop
  endfacet
  facet normal 0.382707 0.92387 0
    outer loop
      vertex -12.5 -19.1506 77.5
      vertex -10.7322 -19.8829 76.5
      vertex -12.5 -19.1506 76.5
    endloop
  endfacet
  facet normal 0.382707 0.92387 -0
    outer loop
      vertex -10.7322 -19.8829 67.5
      vertex -12.5 -19.1506 69.5
      vertex -10.7322 -19.8829 69.5
    endloop
  endfacet
  facet normal 0.382707 0.92387 0
    outer loop
      vertex -12.5 -19.1506 69.5
      vertex -10.7322 -19.8829 67.5
      vertex -12.5 -19.1506 67.5
    endloop
  endfacet
  facet normal -0.382707 -0.92387 0
    outer loop
      vertex -12.5 -19.1506 94.5
      vertex -10.7322 -19.8829 110
      vertex -12.5 -19.1506 110
    endloop
  endfacet
  facet normal -0.382707 -0.92387 -0
    outer loop
      vertex -10.7322 -19.8829 110
      vertex -12.5 -19.1506 94.5
      vertex -10.7322 -19.8829 94.5
    endloop
  endfacet
  facet normal 0.923881 0.382681 0
    outer loop
      vertex -10 -21.6506 77.5
      vertex -10.7322 -19.8829 76.5
      vertex -10.7322 -19.8829 77.5
    endloop
  endfacet
  facet normal 0.923881 0.382681 0
    outer loop
      vertex -10.7322 -19.8829 76.5
      vertex -10 -21.6506 77.5
      vertex -10 -21.6506 76.5
    endloop
  endfacet
  facet normal 0.923881 0.382681 0
    outer loop
      vertex -10 -21.6506 69.5
      vertex -10.7322 -19.8829 67.5
      vertex -10.7322 -19.8829 69.5
    endloop
  endfacet
  facet normal 0.923881 0.382681 0
    outer loop
      vertex -10.7322 -19.8829 67.5
      vertex -10 -21.6506 69.5
      vertex -10 -21.6506 67.5
    endloop
  endfacet
  facet normal -0.923881 -0.382681 0
    outer loop
      vertex -10 -21.6506 94.5
      vertex -10.7322 -19.8829 110
      vertex -10.7322 -19.8829 94.5
    endloop
  endfacet
  facet normal -0.923881 -0.382681 0
    outer loop
      vertex -10.7322 -19.8829 110
      vertex -10 -21.6506 94.5
      vertex -10 -21.6506 110
    endloop
  endfacet
  facet normal 0.923888 -0.382663 0
    outer loop
      vertex -10.7322 -23.4184 77.5
      vertex -10 -21.6506 76.5
      vertex -10 -21.6506 77.5
    endloop
  endfacet
  facet normal 0.923888 -0.382663 0
    outer loop
      vertex -10 -21.6506 76.5
      vertex -10.7322 -23.4184 77.5
      vertex -10.7322 -23.4184 76.5
    endloop
  endfacet
  facet normal 0.923907 -0.382618 0
    outer loop
      vertex -10.7322 -23.4184 90.5
      vertex -10.3893 -22.5904 82.5
      vertex -10.3893 -22.5904 90.5
    endloop
  endfacet
  facet normal 0.923907 -0.382618 0
    outer loop
      vertex -10.3893 -22.5904 82.5
      vertex -10.7322 -23.4184 90.5
      vertex -10.7322 -23.4184 82.5
    endloop
  endfacet
  facet normal 0.923888 -0.382663 0
    outer loop
      vertex -10.7322 -23.4184 69.5
      vertex -10 -21.6506 67.5
      vertex -10 -21.6506 69.5
    endloop
  endfacet
  facet normal 0.923888 -0.382663 0
    outer loop
      vertex -10 -21.6506 67.5
      vertex -10.7322 -23.4184 69.5
      vertex -10.7322 -23.4184 67.5
    endloop
  endfacet
  facet normal -0.923872 0.382702 0
    outer loop
      vertex -10.3893 -22.5904 94.5
      vertex -10 -21.6506 110
      vertex -10 -21.6506 94.5
    endloop
  endfacet
  facet normal -0.923872 0.382702 0
    outer loop
      vertex -10 -21.6506 110
      vertex -10.3893 -22.5904 94.5
      vertex -10.3893 -22.5904 110
    endloop
  endfacet
  facet normal -0.923881 0.382681 0
    outer loop
      vertex -15 -21.6506 76.5
      vertex -14.2678 -19.8829 77.5
      vertex -14.2678 -19.8829 76.5
    endloop
  endfacet
  facet normal -0.923881 0.382681 0
    outer loop
      vertex -14.2678 -19.8829 77.5
      vertex -15 -21.6506 76.5
      vertex -15 -21.6506 77.5
    endloop
  endfacet
  facet normal -0.923876 0.382693 0
    outer loop
      vertex -15 -21.6506 82.5
      vertex -14.4217 -20.2545 90.5
      vertex -14.4217 -20.2545 82.5
    endloop
  endfacet
  facet normal -0.923876 0.382693 0
    outer loop
      vertex -14.4217 -20.2545 90.5
      vertex -15 -21.6506 82.5
      vertex -15 -21.6506 90.5
    endloop
  endfacet
  facet normal -0.923881 0.382681 0
    outer loop
      vertex -15 -21.6506 67.5
      vertex -14.2678 -19.8829 69.5
      vertex -14.2678 -19.8829 67.5
    endloop
  endfacet
  facet normal -0.923881 0.382681 0
    outer loop
      vertex -14.2678 -19.8829 69.5
      vertex -15 -21.6506 67.5
      vertex -15 -21.6506 69.5
    endloop
  endfacet
  facet normal 0.923899 -0.382637 0
    outer loop
      vertex -14.4217 -20.2545 110
      vertex -14.2678 -19.8829 94.5
      vertex -14.2678 -19.8829 110
    endloop
  endfacet
  facet normal 0.923899 -0.382637 0
    outer loop
      vertex -14.2678 -19.8829 94.5
      vertex -14.4217 -20.2545 110
      vertex -14.4217 -20.2545 94.5
    endloop
  endfacet
  facet normal -0.382707 0.92387 0
    outer loop
      vertex -12.5 -19.1506 76.5
      vertex -14.2678 -19.8829 77.5
      vertex -12.5 -19.1506 77.5
    endloop
  endfacet
  facet normal -0.382707 0.92387 0
    outer loop
      vertex -14.2678 -19.8829 77.5
      vertex -12.5 -19.1506 76.5
      vertex -14.2678 -19.8829 76.5
    endloop
  endfacet
  facet normal -0.382707 0.92387 0
    outer loop
      vertex -12.5 -19.1506 67.5
      vertex -14.2678 -19.8829 69.5
      vertex -12.5 -19.1506 69.5
    endloop
  endfacet
  facet normal -0.382707 0.92387 0
    outer loop
      vertex -14.2678 -19.8829 69.5
      vertex -12.5 -19.1506 67.5
      vertex -14.2678 -19.8829 67.5
    endloop
  endfacet
  facet normal 0.382707 -0.92387 0
    outer loop
      vertex -14.2678 -19.8829 94.5
      vertex -12.5 -19.1506 110
      vertex -14.2678 -19.8829 110
    endloop
  endfacet
  facet normal 0.382707 -0.92387 0
    outer loop
      vertex -12.5 -19.1506 110
      vertex -14.2678 -19.8829 94.5
      vertex -12.5 -19.1506 94.5
    endloop
  endfacet
  facet normal 0.382707 0.92387 -0
    outer loop
      vertex 14.2678 -19.8829 76.5
      vertex 12.5 -19.1506 77.5
      vertex 14.2678 -19.8829 77.5
    endloop
  endfacet
  facet normal 0.382707 0.92387 0
    outer loop
      vertex 12.5 -19.1506 77.5
      vertex 14.2678 -19.8829 76.5
      vertex 12.5 -19.1506 76.5
    endloop
  endfacet
  facet normal 0.382707 0.92387 -0
    outer loop
      vertex 14.2678 -19.8829 67.5
      vertex 12.5 -19.1506 69.5
      vertex 14.2678 -19.8829 69.5
    endloop
  endfacet
  facet normal 0.382707 0.92387 0
    outer loop
      vertex 12.5 -19.1506 69.5
      vertex 14.2678 -19.8829 67.5
      vertex 12.5 -19.1506 67.5
    endloop
  endfacet
  facet normal -0.382707 -0.92387 0
    outer loop
      vertex 12.5 -19.1506 94.5
      vertex 14.2678 -19.8829 110
      vertex 12.5 -19.1506 110
    endloop
  endfacet
  facet normal -0.382707 -0.92387 -0
    outer loop
      vertex 14.2678 -19.8829 110
      vertex 12.5 -19.1506 94.5
      vertex 14.2678 -19.8829 94.5
    endloop
  endfacet
  facet normal 0.923881 0.382681 0
    outer loop
      vertex 15 -21.6506 77.5
      vertex 14.2678 -19.8829 76.5
      vertex 14.2678 -19.8829 77.5
    endloop
  endfacet
  facet normal 0.923881 0.382681 0
    outer loop
      vertex 14.2678 -19.8829 76.5
      vertex 15 -21.6506 77.5
      vertex 15 -21.6506 76.5
    endloop
  endfacet
  facet normal 0.923876 0.382693 0
    outer loop
      vertex 15 -21.6506 90.5
      vertex 14.4217 -20.2545 82.5
      vertex 14.4217 -20.2545 90.5
    endloop
  endfacet
  facet normal 0.923876 0.382693 0
    outer loop
      vertex 14.4217 -20.2545 82.5
      vertex 15 -21.6506 90.5
      vertex 15 -21.6506 82.5
    endloop
  endfacet
  facet normal 0.923881 0.382681 0
    outer loop
      vertex 15 -21.6506 69.5
      vertex 14.2678 -19.8829 67.5
      vertex 14.2678 -19.8829 69.5
    endloop
  endfacet
  facet normal 0.923881 0.382681 0
    outer loop
      vertex 14.2678 -19.8829 67.5
      vertex 15 -21.6506 69.5
      vertex 15 -21.6506 67.5
    endloop
  endfacet
  facet normal -0.923899 -0.382637 0
    outer loop
      vertex 14.4217 -20.2545 94.5
      vertex 14.2678 -19.8829 110
      vertex 14.2678 -19.8829 94.5
    endloop
  endfacet
  facet normal -0.923899 -0.382637 0
    outer loop
      vertex 14.2678 -19.8829 110
      vertex 14.4217 -20.2545 94.5
      vertex 14.4217 -20.2545 110
    endloop
  endfacet
  facet normal -0.382707 0.92387 0
    outer loop
      vertex 12.5 -19.1506 76.5
      vertex 10.7322 -19.8829 77.5
      vertex 12.5 -19.1506 77.5
    endloop
  endfacet
  facet normal -0.382707 0.92387 0
    outer loop
      vertex 10.7322 -19.8829 77.5
      vertex 12.5 -19.1506 76.5
      vertex 10.7322 -19.8829 76.5
    endloop
  endfacet
  facet normal -0.382707 0.92387 0
    outer loop
      vertex 12.5 -19.1506 67.5
      vertex 10.7322 -19.8829 69.5
      vertex 12.5 -19.1506 69.5
    endloop
  endfacet
  facet normal -0.382707 0.92387 0
    outer loop
      vertex 10.7322 -19.8829 69.5
      vertex 12.5 -19.1506 67.5
      vertex 10.7322 -19.8829 67.5
    endloop
  endfacet
  facet normal 0.382707 -0.92387 0
    outer loop
      vertex 10.7322 -19.8829 94.5
      vertex 12.5 -19.1506 110
      vertex 10.7322 -19.8829 110
    endloop
  endfacet
  facet normal 0.382707 -0.92387 0
    outer loop
      vertex 12.5 -19.1506 110
      vertex 10.7322 -19.8829 94.5
      vertex 12.5 -19.1506 94.5
    endloop
  endfacet
  facet normal -0.923881 0.382681 0
    outer loop
      vertex 10 -21.6506 76.5
      vertex 10.7322 -19.8829 77.5
      vertex 10.7322 -19.8829 76.5
    endloop
  endfacet
  facet normal -0.923881 0.382681 0
    outer loop
      vertex 10.7322 -19.8829 77.5
      vertex 10 -21.6506 76.5
      vertex 10 -21.6506 77.5
    endloop
  endfacet
  facet normal -0.923881 0.382681 0
    outer loop
      vertex 10 -21.6506 67.5
      vertex 10.7322 -19.8829 69.5
      vertex 10.7322 -19.8829 67.5
    endloop
  endfacet
  facet normal -0.923881 0.382681 0
    outer loop
      vertex 10.7322 -19.8829 69.5
      vertex 10 -21.6506 67.5
      vertex 10 -21.6506 69.5
    endloop
  endfacet
  facet normal 0.923881 -0.382681 0
    outer loop
      vertex 10 -21.6506 110
      vertex 10.7322 -19.8829 94.5
      vertex 10.7322 -19.8829 110
    endloop
  endfacet
  facet normal 0.923881 -0.382681 0
    outer loop
      vertex 10.7322 -19.8829 94.5
      vertex 10 -21.6506 110
      vertex 10 -21.6506 94.5
    endloop
  endfacet
  facet normal -0.923888 -0.382663 0
    outer loop
      vertex 10.7322 -23.4184 76.5
      vertex 10 -21.6506 77.5
      vertex 10 -21.6506 76.5
    endloop
  endfacet
  facet normal -0.923888 -0.382663 0
    outer loop
      vertex 10 -21.6506 77.5
      vertex 10.7322 -23.4184 76.5
      vertex 10.7322 -23.4184 77.5
    endloop
  endfacet
  facet normal -0.923907 -0.382618 0
    outer loop
      vertex 10.7322 -23.4184 82.5
      vertex 10.3893 -22.5904 90.5
      vertex 10.3893 -22.5904 82.5
    endloop
  endfacet
  facet normal -0.923907 -0.382618 0
    outer loop
      vertex 10.3893 -22.5904 90.5
      vertex 10.7322 -23.4184 82.5
      vertex 10.7322 -23.4184 90.5
    endloop
  endfacet
  facet normal -0.923888 -0.382663 0
    outer loop
      vertex 10.7322 -23.4184 67.5
      vertex 10 -21.6506 69.5
      vertex 10 -21.6506 67.5
    endloop
  endfacet
  facet normal -0.923888 -0.382663 0
    outer loop
      vertex 10 -21.6506 69.5
      vertex 10.7322 -23.4184 67.5
      vertex 10.7322 -23.4184 69.5
    endloop
  endfacet
  facet normal 0.923872 0.382702 0
    outer loop
      vertex 10.3893 -22.5904 110
      vertex 10 -21.6506 94.5
      vertex 10 -21.6506 110
    endloop
  endfacet
  facet normal 0.923872 0.382702 0
    outer loop
      vertex 10 -21.6506 94.5
      vertex 10.3893 -22.5904 110
      vertex 10.3893 -22.5904 94.5
    endloop
  endfacet
  facet normal -0.406706 -0.913559 -0
    outer loop
      vertex -10.3893 -22.5904 90.5
      vertex -10.3893 -22.5904 82.5
      vertex -8.89555 -23.2554 90.5
    endloop
  endfacet
  facet normal -0.406706 -0.913559 0
    outer loop
      vertex -8.89555 -23.2554 94.5
      vertex -10.3893 -22.5904 110
      vertex -10.3893 -22.5904 94.5
    endloop
  endfacet
  facet normal -0.406726 -0.91355 -2.37403e-06
    outer loop
      vertex -10.3893 -22.5904 110
      vertex -8.89555 -23.2554 94.5
      vertex -7.72542 -23.7764 110
    endloop
  endfacet
  facet normal -0.406753 -0.913538 0
    outer loop
      vertex -7.72542 -23.7764 82.5
      vertex -8.89555 -23.2554 94.5
      vertex -8.89555 -23.2554 90.5
    endloop
  endfacet
  facet normal -0.406753 -0.913538 0
    outer loop
      vertex -8.89555 -23.2554 94.5
      vertex -7.72542 -23.7764 82.5
      vertex -7.72542 -23.7764 110
    endloop
  endfacet
  facet normal -0.406726 -0.91355 4.59968e-06
    outer loop
      vertex -7.72542 -23.7764 82.5
      vertex -8.89555 -23.2554 90.5
      vertex -10.3893 -22.5904 82.5
    endloop
  endfacet
  facet normal -0.951054 -0.309026 0
    outer loop
      vertex -22.8386 -10.1684 82.5
      vertex -24.4537 -5.19779 110
      vertex -24.4537 -5.19779 82.5
    endloop
  endfacet
  facet normal -0.951054 -0.309026 0
    outer loop
      vertex -24.4537 -5.19779 110
      vertex -22.8386 -10.1684 82.5
      vertex -22.8386 -10.1684 110
    endloop
  endfacet
  facet normal 0.951054 0.309026 0
    outer loop
      vertex 24.4537 5.19779 110
      vertex 22.8386 10.1684 82.5
      vertex 22.8386 10.1684 110
    endloop
  endfacet
  facet normal 0.951054 0.309026 0
    outer loop
      vertex 22.8386 10.1684 82.5
      vertex 24.4537 5.19779 110
      vertex 24.4537 5.19779 82.5
    endloop
  endfacet
  facet normal 0.994521 0.104534 0
    outer loop
      vertex 24.4537 5.19779 110
      vertex 24.594 3.86299 94.5
      vertex 24.4537 5.19779 82.5
    endloop
  endfacet
  facet normal 0.994522 0.104524 7.92895e-07
    outer loop
      vertex 24.7482 2.3957 110
      vertex 24.594 3.86299 94.5
      vertex 24.4537 5.19779 110
    endloop
  endfacet
  facet normal 0.994523 0.104516 0
    outer loop
      vertex 24.594 3.86299 94.5
      vertex 24.7482 2.3957 110
      vertex 24.7482 2.3957 94.5
    endloop
  endfacet
  facet normal 0.994521 0.104534 -0
    outer loop
      vertex 24.594 3.86299 90.5
      vertex 24.4537 5.19779 82.5
      vertex 24.594 3.86299 94.5
    endloop
  endfacet
  facet normal 0.994523 0.104516 -0
    outer loop
      vertex 24.7482 2.3957 82.5
      vertex 24.594 3.86299 90.5
      vertex 24.7482 2.3957 90.5
    endloop
  endfacet
  facet normal 0.994522 0.104524 -1.53623e-06
    outer loop
      vertex 24.594 3.86299 90.5
      vertex 24.7482 2.3957 82.5
      vertex 24.4537 5.19779 82.5
    endloop
  endfacet
  facet normal 0.866026 0.5 0
    outer loop
      vertex 22.8386 10.1684 110
      vertex 20.2254 14.6946 82.5
      vertex 20.2254 14.6946 110
    endloop
  endfacet
  facet normal 0.866026 0.5 0
    outer loop
      vertex 20.2254 14.6946 82.5
      vertex 22.8386 10.1684 110
      vertex 22.8386 10.1684 82.5
    endloop
  endfacet
  facet normal 0.587806 -0.809002 0
    outer loop
      vertex 14.4217 -20.2545 90.5
      vertex 14.4217 -20.2545 82.5
      vertex 15.6568 -19.3571 90.5
    endloop
  endfacet
  facet normal 0.587806 -0.809002 0
    outer loop
      vertex 15.6568 -19.3571 94.5
      vertex 14.4217 -20.2545 110
      vertex 14.4217 -20.2545 94.5
    endloop
  endfacet
  facet normal 0.587798 -0.809007 -8.7684e-07
    outer loop
      vertex 14.4217 -20.2545 110
      vertex 15.6568 -19.3571 94.5
      vertex 16.7283 -18.5786 110
    endloop
  endfacet
  facet normal 0.58779 -0.809014 0
    outer loop
      vertex 16.7283 -18.5786 82.5
      vertex 15.6568 -19.3571 94.5
      vertex 15.6568 -19.3571 90.5
    endloop
  endfacet
  facet normal 0.58779 -0.809014 0
    outer loop
      vertex 15.6568 -19.3571 94.5
      vertex 16.7283 -18.5786 82.5
      vertex 16.7283 -18.5786 110
    endloop
  endfacet
  facet normal 0.587798 -0.809007 1.69888e-06
    outer loop
      vertex 16.7283 -18.5786 82.5
      vertex 15.6568 -19.3571 90.5
      vertex 14.4217 -20.2545 82.5
    endloop
  endfacet
  facet normal 0.40673 0.913549 0
    outer loop
      vertex 10.3893 22.5904 90.5
      vertex 10.3893 22.5904 82.5
      vertex 8.94462 23.2336 90.5
    endloop
  endfacet
  facet normal 0.40673 0.913549 0
    outer loop
      vertex 8.94462 23.2336 94.5
      vertex 10.3893 22.5904 110
      vertex 10.3893 22.5904 94.5
    endloop
  endfacet
  facet normal 0.406726 0.91355 3.79136e-07
    outer loop
      vertex 10.3893 22.5904 110
      vertex 8.94462 23.2336 94.5
      vertex 7.72542 23.7764 110
    endloop
  endfacet
  facet normal 0.406722 0.913552 0
    outer loop
      vertex 7.72542 23.7764 82.5
      vertex 8.94462 23.2336 94.5
      vertex 8.94462 23.2336 90.5
    endloop
  endfacet
  facet normal 0.406722 0.913552 0
    outer loop
      vertex 8.94462 23.2336 94.5
      vertex 7.72542 23.7764 82.5
      vertex 7.72542 23.7764 110
    endloop
  endfacet
  facet normal 0.406726 0.91355 -7.34577e-07
    outer loop
      vertex 7.72542 23.7764 82.5
      vertex 8.94462 23.2336 90.5
      vertex 10.3893 22.5904 82.5
    endloop
  endfacet
  facet normal 0.994523 -0.104516 0
    outer loop
      vertex 24.7482 -2.3957 110
      vertex 24.594 -3.86299 94.5
      vertex 24.7482 -2.3957 94.5
    endloop
  endfacet
  facet normal 0.994521 -0.104534 0
    outer loop
      vertex 24.4537 -5.19779 82.5
      vertex 24.594 -3.86299 94.5
      vertex 24.4537 -5.19779 110
    endloop
  endfacet
  facet normal 0.994522 -0.104524 7.92895e-07
    outer loop
      vertex 24.4537 -5.19779 110
      vertex 24.594 -3.86299 94.5
      vertex 24.7482 -2.3957 110
    endloop
  endfacet
  facet normal 0.994523 -0.104516 0
    outer loop
      vertex 24.594 -3.86299 90.5
      vertex 24.7482 -2.3957 82.5
      vertex 24.7482 -2.3957 90.5
    endloop
  endfacet
  facet normal 0.994522 -0.104524 -1.53623e-06
    outer loop
      vertex 24.594 -3.86299 90.5
      vertex 24.4537 -5.19779 82.5
      vertex 24.7482 -2.3957 82.5
    endloop
  endfacet
  facet normal 0.994521 -0.104534 0
    outer loop
      vertex 24.594 -3.86299 94.5
      vertex 24.4537 -5.19779 82.5
      vertex 24.594 -3.86299 90.5
    endloop
  endfacet
  facet normal 0.743151 0.669123 0
    outer loop
      vertex 20.2254 14.6946 110
      vertex 16.7283 18.5786 82.5
      vertex 16.7283 18.5786 110
    endloop
  endfacet
  facet normal 0.743151 0.669123 0
    outer loop
      vertex 16.7283 18.5786 82.5
      vertex 20.2254 14.6946 110
      vertex 20.2254 14.6946 82.5
    endloop
  endfacet
  facet normal -0.866026 0.5 0
    outer loop
      vertex -22.8386 10.1684 82.5
      vertex -20.2254 14.6946 110
      vertex -20.2254 14.6946 82.5
    endloop
  endfacet
  facet normal -0.866026 0.5 0
    outer loop
      vertex -20.2254 14.6946 110
      vertex -22.8386 10.1684 82.5
      vertex -22.8386 10.1684 110
    endloop
  endfacet
  facet normal 0.743151 -0.669123 0
    outer loop
      vertex 16.7283 -18.5786 110
      vertex 20.2254 -14.6946 82.5
      vertex 20.2254 -14.6946 110
    endloop
  endfacet
  facet normal 0.743151 -0.669123 0
    outer loop
      vertex 20.2254 -14.6946 82.5
      vertex 16.7283 -18.5786 110
      vertex 16.7283 -18.5786 82.5
    endloop
  endfacet
  facet normal -0.743151 0.669123 0
    outer loop
      vertex -20.2254 14.6946 82.5
      vertex -16.7283 18.5786 110
      vertex -16.7283 18.5786 82.5
    endloop
  endfacet
  facet normal -0.743151 0.669123 0
    outer loop
      vertex -16.7283 18.5786 110
      vertex -20.2254 14.6946 82.5
      vertex -20.2254 14.6946 110
    endloop
  endfacet
  facet normal 0.866026 -0.5 0
    outer loop
      vertex 20.2254 -14.6946 110
      vertex 22.8386 -10.1684 82.5
      vertex 22.8386 -10.1684 110
    endloop
  endfacet
  facet normal 0.866026 -0.5 0
    outer loop
      vertex 22.8386 -10.1684 82.5
      vertex 20.2254 -14.6946 110
      vertex 20.2254 -14.6946 82.5
    endloop
  endfacet
  facet normal -0.587799 0.809007 0
    outer loop
      vertex -14.4217 20.2545 90.5
      vertex -14.4217 20.2545 82.5
      vertex -15.6754 19.3436 90.5
    endloop
  endfacet
  facet normal -0.587799 0.809007 0
    outer loop
      vertex -15.6754 19.3436 94.5
      vertex -14.4217 20.2545 110
      vertex -14.4217 20.2545 94.5
    endloop
  endfacet
  facet normal -0.587798 0.809007 -1.38258e-07
    outer loop
      vertex -14.4217 20.2545 110
      vertex -15.6754 19.3436 94.5
      vertex -16.7283 18.5786 110
    endloop
  endfacet
  facet normal -0.587797 0.809008 0
    outer loop
      vertex -16.7283 18.5786 82.5
      vertex -15.6754 19.3436 94.5
      vertex -15.6754 19.3436 90.5
    endloop
  endfacet
  facet normal -0.587797 0.809008 0
    outer loop
      vertex -15.6754 19.3436 94.5
      vertex -16.7283 18.5786 82.5
      vertex -16.7283 18.5786 110
    endloop
  endfacet
  facet normal -0.587798 0.809007 2.67875e-07
    outer loop
      vertex -16.7283 18.5786 82.5
      vertex -15.6754 19.3436 90.5
      vertex -14.4217 20.2545 82.5
    endloop
  endfacet
  facet normal 0 0 1
    outer loop
      vertex 22.5 0 110
      vertex 9.78148 2.07912 110
      vertex 10 0 110
    endloop
  endfacet
  facet normal 0 0 1
    outer loop
      vertex 10.7322 19.8829 110
      vertex 9.13545 4.06737 110
      vertex 9.78148 2.07912 110
    endloop
  endfacet
  facet normal 0 0 1
    outer loop
      vertex 10.7322 19.8829 110
      vertex 8.09017 5.87785 110
      vertex 9.13545 4.06737 110
    endloop
  endfacet
  facet normal 0 0 1
    outer loop
      vertex 7.72542 23.7764 110
      vertex 10 21.6506 110
      vertex 10.3893 22.5904 110
    endloop
  endfacet
  facet normal 0 0 1
    outer loop
      vertex 2.61321 24.863 110
      vertex 10.7322 19.8829 110
      vertex 7.72542 23.7764 110
    endloop
  endfacet
  facet normal 0 0 1
    outer loop
      vertex 10.7322 19.8829 110
      vertex 6.69131 7.43145 110
      vertex 8.09017 5.87785 110
    endloop
  endfacet
  facet normal 0 0 1
    outer loop
      vertex 10.7322 19.8829 110
      vertex 5 8.66025 110
      vertex 6.69131 7.43145 110
    endloop
  endfacet
  facet normal 0 0 1
    outer loop
      vertex 10.7322 19.8829 110
      vertex 3.09017 9.51056 110
      vertex 5 8.66025 110
    endloop
  endfacet
  facet normal 0 0 1
    outer loop
      vertex 1.04528 9.94522 110
      vertex 10.7322 19.8829 110
      vertex 2.61321 24.863 110
    endloop
  endfacet
  facet normal 0 0 1
    outer loop
      vertex 10.7322 19.8829 110
      vertex 1.04528 9.94522 110
      vertex 3.09017 9.51056 110
    endloop
  endfacet
  facet normal 0 0 1
    outer loop
      vertex 2.61321 24.863 110
      vertex -1.04528 9.94522 110
      vertex 1.04528 9.94522 110
    endloop
  endfacet
  facet normal -0 0 1
    outer loop
      vertex -2.61321 24.863 110
      vertex -1.04528 9.94522 110
      vertex 2.61321 24.863 110
    endloop
  endfacet
  facet normal -0 0 1
    outer loop
      vertex -10.7322 19.8829 110
      vertex -1.04528 9.94522 110
      vertex -2.61321 24.863 110
    endloop
  endfacet
  facet normal 0 0 1
    outer loop
      vertex -1.04528 9.94522 110
      vertex -10.7322 19.8829 110
      vertex -3.09017 9.51056 110
    endloop
  endfacet
  facet normal 0 0 1
    outer loop
      vertex -3.09017 9.51056 110
      vertex -10.7322 19.8829 110
      vertex -5 8.66025 110
    endloop
  endfacet
  facet normal 0 0 1
    outer loop
      vertex -10.7322 19.8829 110
      vertex -2.61321 24.863 110
      vertex -7.72542 23.7764 110
    endloop
  endfacet
  facet normal -0 0 1
    outer loop
      vertex -12.5 19.1506 110
      vertex -5 8.66025 110
      vertex -10.7322 19.8829 110
    endloop
  endfacet
  facet normal 0 0 1
    outer loop
      vertex -5 8.66025 110
      vertex -12.5 19.1506 110
      vertex -6.69131 7.43145 110
    endloop
  endfacet
  facet normal 0 0 1
    outer loop
      vertex -6.69131 7.43145 110
      vertex -12.5 19.1506 110
      vertex -8.09017 5.87785 110
    endloop
  endfacet
  facet normal 0 0 1
    outer loop
      vertex -10.7322 19.8829 110
      vertex -7.72542 23.7764 110
      vertex -10 21.6506 110
    endloop
  endfacet
  facet normal 0 -0 1
    outer loop
      vertex -10 21.6506 110
      vertex -7.72542 23.7764 110
      vertex -10.3893 22.5904 110
    endloop
  endfacet
  facet normal 0 0 1
    outer loop
      vertex 24.4537 5.19779 110
      vertex 23.2322 1.76777 110
      vertex 24.7482 2.3957 110
    endloop
  endfacet
  facet normal 0 0 1
    outer loop
      vertex 22.8386 10.1684 110
      vertex 23.2322 1.76777 110
      vertex 24.4537 5.19779 110
    endloop
  endfacet
  facet normal -0 0 1
    outer loop
      vertex 9.78148 2.07912 110
      vertex 23.2322 1.76777 110
      vertex 22.8386 10.1684 110
    endloop
  endfacet
  facet normal 0 0 1
    outer loop
      vertex 9.78148 2.07912 110
      vertex 22.8386 10.1684 110
      vertex 20.2254 14.6946 110
    endloop
  endfacet
  facet normal 0 0 1
    outer loop
      vertex 23.2322 -1.76777 110
      vertex 24.4537 -5.19779 110
      vertex 24.7482 -2.3957 110
    endloop
  endfacet
  facet normal 0 0 1
    outer loop
      vertex 23.2322 -1.76777 110
      vertex 22.8386 -10.1684 110
      vertex 24.4537 -5.19779 110
    endloop
  endfacet
  facet normal 0 0 1
    outer loop
      vertex 9.78148 -2.07912 110
      vertex 23.2322 -1.76777 110
      vertex 22.5 0 110
    endloop
  endfacet
  facet normal 0 0 1
    outer loop
      vertex 9.78148 2.07912 110
      vertex 22.5 0 110
      vertex 23.2322 1.76777 110
    endloop
  endfacet
  facet normal 0 0 1
    outer loop
      vertex 9.78148 -2.07912 110
      vertex 22.5 0 110
      vertex 10 0 110
    endloop
  endfacet
  facet normal 0 0 1
    outer loop
      vertex 12.5 19.1506 110
      vertex 20.2254 14.6946 110
      vertex 16.7283 18.5786 110
    endloop
  endfacet
  facet normal 0 0 1
    outer loop
      vertex 9.13545 -4.06737 110
      vertex 23.2322 -1.76777 110
      vertex 9.78148 -2.07912 110
    endloop
  endfacet
  facet normal -0 0 1
    outer loop
      vertex 14.2678 19.8829 110
      vertex 16.7283 18.5786 110
      vertex 14.4217 20.2545 110
    endloop
  endfacet
  facet normal -0 0 1
    outer loop
      vertex 12.5 19.1506 110
      vertex 16.7283 18.5786 110
      vertex 14.2678 19.8829 110
    endloop
  endfacet
  facet normal 0 0 1
    outer loop
      vertex 23.2322 -1.76777 110
      vertex 9.13545 -4.06737 110
      vertex 22.8386 -10.1684 110
    endloop
  endfacet
  facet normal 0 0 1
    outer loop
      vertex 16.7283 -18.5786 110
      vertex 14.2678 -19.8829 110
      vertex 14.4217 -20.2545 110
    endloop
  endfacet
  facet normal 0 0 1
    outer loop
      vertex 9.78148 2.07912 110
      vertex 20.2254 14.6946 110
      vertex 12.5 19.1506 110
    endloop
  endfacet
  facet normal 0 0 1
    outer loop
      vertex 22.8386 -10.1684 110
      vertex 9.13545 -4.06737 110
      vertex 20.2254 -14.6946 110
    endloop
  endfacet
  facet normal 0 0 1
    outer loop
      vertex 9.78148 2.07912 110
      vertex 12.5 19.1506 110
      vertex 10.7322 19.8829 110
    endloop
  endfacet
  facet normal -0 0 1
    outer loop
      vertex 8.09017 -5.87785 110
      vertex 20.2254 -14.6946 110
      vertex 9.13545 -4.06737 110
    endloop
  endfacet
  facet normal 0 0 1
    outer loop
      vertex 7.72542 23.7764 110
      vertex 10.7322 19.8829 110
      vertex 10 21.6506 110
    endloop
  endfacet
  facet normal 0 -0 1
    outer loop
      vertex 12.5 -19.1506 110
      vertex 20.2254 -14.6946 110
      vertex 8.09017 -5.87785 110
    endloop
  endfacet
  facet normal 0 0 1
    outer loop
      vertex 20.2254 -14.6946 110
      vertex 12.5 -19.1506 110
      vertex 16.7283 -18.5786 110
    endloop
  endfacet
  facet normal 0 0 1
    outer loop
      vertex 16.7283 -18.5786 110
      vertex 12.5 -19.1506 110
      vertex 14.2678 -19.8829 110
    endloop
  endfacet
  facet normal -0 0 1
    outer loop
      vertex 6.69131 -7.43145 110
      vertex 12.5 -19.1506 110
      vertex 8.09017 -5.87785 110
    endloop
  endfacet
  facet normal -0 0 1
    outer loop
      vertex 5 -8.66025 110
      vertex 12.5 -19.1506 110
      vertex 6.69131 -7.43145 110
    endloop
  endfacet
  facet normal 0 0 1
    outer loop
      vertex 10 -21.6506 110
      vertex 7.72542 -23.7764 110
      vertex 10.3893 -22.5904 110
    endloop
  endfacet
  facet normal 0 0 1
    outer loop
      vertex 12.5 -19.1506 110
      vertex 5 -8.66025 110
      vertex 10.7322 -19.8829 110
    endloop
  endfacet
  facet normal -0 0 1
    outer loop
      vertex 3.09017 -9.51056 110
      vertex 10.7322 -19.8829 110
      vertex 5 -8.66025 110
    endloop
  endfacet
  facet normal -0 0 1
    outer loop
      vertex 1.04528 -9.94522 110
      vertex 10.7322 -19.8829 110
      vertex 3.09017 -9.51056 110
    endloop
  endfacet
  facet normal 0 0 1
    outer loop
      vertex 10.7322 -19.8829 110
      vertex 7.72542 -23.7764 110
      vertex 10 -21.6506 110
    endloop
  endfacet
  facet normal 0 0 1
    outer loop
      vertex 10.7322 -19.8829 110
      vertex 2.61321 -24.863 110
      vertex 7.72542 -23.7764 110
    endloop
  endfacet
  facet normal 0 0 1
    outer loop
      vertex 10.7322 -19.8829 110
      vertex 1.04528 -9.94522 110
      vertex 2.61321 -24.863 110
    endloop
  endfacet
  facet normal -0 0 1
    outer loop
      vertex -1.04528 -9.94522 110
      vertex 2.61321 -24.863 110
      vertex 1.04528 -9.94522 110
    endloop
  endfacet
  facet normal 0 0 1
    outer loop
      vertex -1.04528 -9.94522 110
      vertex -2.61321 -24.863 110
      vertex 2.61321 -24.863 110
    endloop
  endfacet
  facet normal 0 0 1
    outer loop
      vertex -10.7322 -19.8829 110
      vertex -1.04528 -9.94522 110
      vertex -3.09017 -9.51056 110
    endloop
  endfacet
  facet normal 0 0 1
    outer loop
      vertex -10.7322 -19.8829 110
      vertex -3.09017 -9.51056 110
      vertex -5 -8.66025 110
    endloop
  endfacet
  facet normal 0 0 1
    outer loop
      vertex -12.5 -19.1506 110
      vertex -5 -8.66025 110
      vertex -6.69131 -7.43145 110
    endloop
  endfacet
  facet normal 0 0 1
    outer loop
      vertex -1.04528 -9.94522 110
      vertex -10.7322 -19.8829 110
      vertex -2.61321 -24.863 110
    endloop
  endfacet
  facet normal 0 0 1
    outer loop
      vertex -12.5 -19.1506 110
      vertex -6.69131 -7.43145 110
      vertex -8.09017 -5.87785 110
    endloop
  endfacet
  facet normal 0 0 1
    outer loop
      vertex -20.2254 -14.6946 110
      vertex -8.09017 -5.87785 110
      vertex -9.13545 -4.06737 110
    endloop
  endfacet
  facet normal 0 0 1
    outer loop
      vertex -23.2322 -1.76777 110
      vertex -9.13545 -4.06737 110
      vertex -9.78148 -2.07912 110
    endloop
  endfacet
  facet normal -0 0 1
    outer loop
      vertex -22.5 0 110
      vertex -9.78148 -2.07912 110
      vertex -10 0 110
    endloop
  endfacet
  facet normal 0 0 1
    outer loop
      vertex -2.61321 -24.863 110
      vertex -10.7322 -19.8829 110
      vertex -7.72542 -23.7764 110
    endloop
  endfacet
  facet normal 0 0 1
    outer loop
      vertex -7.72542 -23.7764 110
      vertex -10 -21.6506 110
      vertex -10.3893 -22.5904 110
    endloop
  endfacet
  facet normal 0 0 1
    outer loop
      vertex -9.13545 -4.06737 110
      vertex -22.8386 -10.1684 110
      vertex -20.2254 -14.6946 110
    endloop
  endfacet
  facet normal 0 0 1
    outer loop
      vertex -9.13545 -4.06737 110
      vertex -23.2322 -1.76777 110
      vertex -22.8386 -10.1684 110
    endloop
  endfacet
  facet normal 0 0 1
    outer loop
      vertex -23.2322 -1.76777 110
      vertex -24.4537 -5.19779 110
      vertex -22.8386 -10.1684 110
    endloop
  endfacet
  facet normal 0 -0 1
    outer loop
      vertex -24.4537 -5.19779 110
      vertex -23.2322 -1.76777 110
      vertex -24.7482 -2.3957 110
    endloop
  endfacet
  facet normal -0 0 1
    outer loop
      vertex -20.2254 14.6946 110
      vertex -8.09017 5.87785 110
      vertex -12.5 19.1506 110
    endloop
  endfacet
  facet normal 0 0 1
    outer loop
      vertex -8.09017 5.87785 110
      vertex -20.2254 14.6946 110
      vertex -9.13545 4.06737 110
    endloop
  endfacet
  facet normal -0 0 1
    outer loop
      vertex -22.8386 10.1684 110
      vertex -9.13545 4.06737 110
      vertex -20.2254 14.6946 110
    endloop
  endfacet
  facet normal 0 0 1
    outer loop
      vertex -7.72542 -23.7764 110
      vertex -10.7322 -19.8829 110
      vertex -10 -21.6506 110
    endloop
  endfacet
  facet normal 0 0 1
    outer loop
      vertex -23.2322 1.76777 110
      vertex -9.13545 4.06737 110
      vertex -22.8386 10.1684 110
    endloop
  endfacet
  facet normal 0 0 1
    outer loop
      vertex -9.78148 -2.07912 110
      vertex -22.5 0 110
      vertex -23.2322 -1.76777 110
    endloop
  endfacet
  facet normal 0 0 1
    outer loop
      vertex -16.7283 18.5786 110
      vertex -12.5 19.1506 110
      vertex -14.2678 19.8829 110
    endloop
  endfacet
  facet normal 0 0 1
    outer loop
      vertex -5 -8.66025 110
      vertex -12.5 -19.1506 110
      vertex -10.7322 -19.8829 110
    endloop
  endfacet
  facet normal 0 0 1
    outer loop
      vertex -16.7283 18.5786 110
      vertex -14.2678 19.8829 110
      vertex -14.4217 20.2545 110
    endloop
  endfacet
  facet normal 0 0 1
    outer loop
      vertex -8.09017 -5.87785 110
      vertex -20.2254 -14.6946 110
      vertex -12.5 -19.1506 110
    endloop
  endfacet
  facet normal 0 0 1
    outer loop
      vertex -12.5 19.1506 110
      vertex -16.7283 18.5786 110
      vertex -20.2254 14.6946 110
    endloop
  endfacet
  facet normal -0 -0 1
    outer loop
      vertex -16.7283 -18.5786 110
      vertex -12.5 -19.1506 110
      vertex -20.2254 -14.6946 110
    endloop
  endfacet
  facet normal 0 0 1
    outer loop
      vertex -9.13545 4.06737 110
      vertex -23.2322 1.76777 110
      vertex -9.78148 2.07912 110
    endloop
  endfacet
  facet normal 0 0 1
    outer loop
      vertex -14.2678 -19.8829 110
      vertex -16.7283 -18.5786 110
      vertex -14.4217 -20.2545 110
    endloop
  endfacet
  facet normal 0 0 1
    outer loop
      vertex -12.5 -19.1506 110
      vertex -16.7283 -18.5786 110
      vertex -14.2678 -19.8829 110
    endloop
  endfacet
  facet normal 0 -0 1
    outer loop
      vertex -22.5 0 110
      vertex -9.78148 2.07912 110
      vertex -23.2322 1.76777 110
    endloop
  endfacet
  facet normal 0 0 1
    outer loop
      vertex -9.78148 2.07912 110
      vertex -22.5 0 110
      vertex -10 0 110
    endloop
  endfacet
  facet normal -0 0 1
    outer loop
      vertex -24.4537 5.19779 110
      vertex -23.2322 1.76777 110
      vertex -22.8386 10.1684 110
    endloop
  endfacet
  facet normal 0 0 1
    outer loop
      vertex -23.2322 1.76777 110
      vertex -24.4537 5.19779 110
      vertex -24.7482 2.3957 110
    endloop
  endfacet
  facet normal 0.951054 -0.309026 0
    outer loop
      vertex 22.8386 -10.1684 110
      vertex 24.4537 -5.19779 82.5
      vertex 24.4537 -5.19779 110
    endloop
  endfacet
  facet normal 0.951054 -0.309026 0
    outer loop
      vertex 24.4537 -5.19779 82.5
      vertex 22.8386 -10.1684 110
      vertex 22.8386 -10.1684 82.5
    endloop
  endfacet
  facet normal 0 1 -0
    outer loop
      vertex 2.61321 24.863 82.5
      vertex -2.61321 24.863 110
      vertex 2.61321 24.863 110
    endloop
  endfacet
  facet normal 0 1 0
    outer loop
      vertex -2.61321 24.863 110
      vertex 2.61321 24.863 82.5
      vertex -2.61321 24.863 82.5
    endloop
  endfacet
  facet normal -0.587798 -0.809007 -1.38258e-07
    outer loop
      vertex -16.7283 -18.5786 110
      vertex -15.6754 -19.3436 94.5
      vertex -14.4217 -20.2545 110
    endloop
  endfacet
  facet normal -0.587797 -0.809008 0
    outer loop
      vertex -16.7283 -18.5786 82.5
      vertex -15.6754 -19.3436 94.5
      vertex -16.7283 -18.5786 110
    endloop
  endfacet
  facet normal -0.587797 -0.809008 -0
    outer loop
      vertex -15.6754 -19.3436 94.5
      vertex -16.7283 -18.5786 82.5
      vertex -15.6754 -19.3436 90.5
    endloop
  endfacet
  facet normal -0.587798 -0.809007 2.67875e-07
    outer loop
      vertex -14.4217 -20.2545 82.5
      vertex -15.6754 -19.3436 90.5
      vertex -16.7283 -18.5786 82.5
    endloop
  endfacet
  facet normal -0.587799 -0.809007 0
    outer loop
      vertex -15.6754 -19.3436 90.5
      vertex -14.4217 -20.2545 82.5
      vertex -14.4217 -20.2545 90.5
    endloop
  endfacet
  facet normal -0.587799 -0.809007 -0
    outer loop
      vertex -14.4217 -20.2545 110
      vertex -15.6754 -19.3436 94.5
      vertex -14.4217 -20.2545 94.5
    endloop
  endfacet
  facet normal -0.866026 -0.5 0
    outer loop
      vertex -20.2254 -14.6946 82.5
      vertex -22.8386 -10.1684 110
      vertex -22.8386 -10.1684 82.5
    endloop
  endfacet
  facet normal -0.866026 -0.5 0
    outer loop
      vertex -22.8386 -10.1684 110
      vertex -20.2254 -14.6946 82.5
      vertex -20.2254 -14.6946 110
    endloop
  endfacet
  facet normal -0.406726 0.91355 -2.37403e-06
    outer loop
      vertex -7.72542 23.7764 110
      vertex -8.89555 23.2554 94.5
      vertex -10.3893 22.5904 110
    endloop
  endfacet
  facet normal -0.406753 0.913538 0
    outer loop
      vertex -7.72542 23.7764 82.5
      vertex -8.89555 23.2554 94.5
      vertex -7.72542 23.7764 110
    endloop
  endfacet
  facet normal -0.406753 0.913538 0
    outer loop
      vertex -8.89555 23.2554 94.5
      vertex -7.72542 23.7764 82.5
      vertex -8.89555 23.2554 90.5
    endloop
  endfacet
  facet normal -0.406726 0.91355 4.59968e-06
    outer loop
      vertex -10.3893 22.5904 82.5
      vertex -8.89555 23.2554 90.5
      vertex -7.72542 23.7764 82.5
    endloop
  endfacet
  facet normal -0.406706 0.913559 0
    outer loop
      vertex -8.89555 23.2554 90.5
      vertex -10.3893 22.5904 82.5
      vertex -10.3893 22.5904 90.5
    endloop
  endfacet
  facet normal -0.406706 0.913559 0
    outer loop
      vertex -10.3893 22.5904 110
      vertex -8.89555 23.2554 94.5
      vertex -10.3893 22.5904 94.5
    endloop
  endfacet
  facet normal -0.994523 -0.104518 0
    outer loop
      vertex -24.7482 -2.3957 82.5
      vertex -24.5835 -3.96287 90.5
      vertex -24.7482 -2.3957 90.5
    endloop
  endfacet
  facet normal -0.994522 -0.104532 0
    outer loop
      vertex -24.5835 -3.96287 90.5
      vertex -24.4537 -5.19779 82.5
      vertex -24.5835 -3.96287 94.5
    endloop
  endfacet
  facet normal -0.994522 -0.104524 -1.21303e-06
    outer loop
      vertex -24.4537 -5.19779 82.5
      vertex -24.5835 -3.96287 90.5
      vertex -24.7482 -2.3957 82.5
    endloop
  endfacet
  facet normal -0.994523 -0.104518 0
    outer loop
      vertex -24.5835 -3.96287 94.5
      vertex -24.7482 -2.3957 110
      vertex -24.7482 -2.3957 94.5
    endloop
  endfacet
  facet normal -0.994522 -0.104532 -0
    outer loop
      vertex -24.4537 -5.19779 110
      vertex -24.5835 -3.96287 94.5
      vertex -24.4537 -5.19779 82.5
    endloop
  endfacet
  facet normal -0.994522 -0.104524 6.26082e-07
    outer loop
      vertex -24.5835 -3.96287 94.5
      vertex -24.4537 -5.19779 110
      vertex -24.7482 -2.3957 110
    endloop
  endfacet
  facet normal -0.743151 -0.669123 0
    outer loop
      vertex -16.7283 -18.5786 82.5
      vertex -20.2254 -14.6946 110
      vertex -20.2254 -14.6946 82.5
    endloop
  endfacet
  facet normal -0.743151 -0.669123 0
    outer loop
      vertex -20.2254 -14.6946 110
      vertex -16.7283 -18.5786 82.5
      vertex -16.7283 -18.5786 110
    endloop
  endfacet
  facet normal 0.207906 -0.978149 0
    outer loop
      vertex 2.61321 -24.863 82.5
      vertex 7.72542 -23.7764 110
      vertex 2.61321 -24.863 110
    endloop
  endfacet
  facet normal 0.207906 -0.978149 0
    outer loop
      vertex 7.72542 -23.7764 110
      vertex 2.61321 -24.863 82.5
      vertex 7.72542 -23.7764 82.5
    endloop
  endfacet
  facet normal -0.994522 0.104532 0
    outer loop
      vertex -24.5835 3.96287 94.5
      vertex -24.4537 5.19779 82.5
      vertex -24.5835 3.96287 90.5
    endloop
  endfacet
  facet normal -0.994522 0.104524 -1.21303e-06
    outer loop
      vertex -24.7482 2.3957 82.5
      vertex -24.5835 3.96287 90.5
      vertex -24.4537 5.19779 82.5
    endloop
  endfacet
  facet normal -0.994523 0.104518 0
    outer loop
      vertex -24.5835 3.96287 90.5
      vertex -24.7482 2.3957 82.5
      vertex -24.7482 2.3957 90.5
    endloop
  endfacet
  facet normal -0.994522 0.104532 0
    outer loop
      vertex -24.4537 5.19779 82.5
      vertex -24.5835 3.96287 94.5
      vertex -24.4537 5.19779 110
    endloop
  endfacet
  facet normal -0.994523 0.104518 0
    outer loop
      vertex -24.7482 2.3957 110
      vertex -24.5835 3.96287 94.5
      vertex -24.7482 2.3957 94.5
    endloop
  endfacet
  facet normal -0.994522 0.104524 6.26082e-07
    outer loop
      vertex -24.5835 3.96287 94.5
      vertex -24.7482 2.3957 110
      vertex -24.4537 5.19779 110
    endloop
  endfacet
  facet normal 0.207906 0.978149 -0
    outer loop
      vertex 7.72542 23.7764 82.5
      vertex 2.61321 24.863 110
      vertex 7.72542 23.7764 110
    endloop
  endfacet
  facet normal 0.207906 0.978149 0
    outer loop
      vertex 2.61321 24.863 110
      vertex 7.72542 23.7764 82.5
      vertex 2.61321 24.863 82.5
    endloop
  endfacet
  facet normal 0.587798 0.809007 -8.7684e-07
    outer loop
      vertex 16.7283 18.5786 110
      vertex 15.6568 19.3571 94.5
      vertex 14.4217 20.2545 110
    endloop
  endfacet
  facet normal 0.58779 0.809014 -0
    outer loop
      vertex 16.7283 18.5786 82.5
      vertex 15.6568 19.3571 94.5
      vertex 16.7283 18.5786 110
    endloop
  endfacet
  facet normal 0.58779 0.809014 0
    outer loop
      vertex 15.6568 19.3571 94.5
      vertex 16.7283 18.5786 82.5
      vertex 15.6568 19.3571 90.5
    endloop
  endfacet
  facet normal 0.587798 0.809007 1.69888e-06
    outer loop
      vertex 14.4217 20.2545 82.5
      vertex 15.6568 19.3571 90.5
      vertex 16.7283 18.5786 82.5
    endloop
  endfacet
  facet normal 0.587806 0.809002 0
    outer loop
      vertex 15.6568 19.3571 90.5
      vertex 14.4217 20.2545 82.5
      vertex 14.4217 20.2545 90.5
    endloop
  endfacet
  facet normal 0.587806 0.809002 0
    outer loop
      vertex 14.4217 20.2545 110
      vertex 15.6568 19.3571 94.5
      vertex 14.4217 20.2545 94.5
    endloop
  endfacet
  facet normal -0.207906 0.978149 0
    outer loop
      vertex -2.61321 24.863 82.5
      vertex -7.72542 23.7764 110
      vertex -2.61321 24.863 110
    endloop
  endfacet
  facet normal -0.207906 0.978149 0
    outer loop
      vertex -7.72542 23.7764 110
      vertex -2.61321 24.863 82.5
      vertex -7.72542 23.7764 82.5
    endloop
  endfacet
  facet normal 0.406726 -0.91355 3.79136e-07
    outer loop
      vertex 7.72542 -23.7764 110
      vertex 8.94462 -23.2336 94.5
      vertex 10.3893 -22.5904 110
    endloop
  endfacet
  facet normal 0.406722 -0.913552 0
    outer loop
      vertex 7.72542 -23.7764 82.5
      vertex 8.94462 -23.2336 94.5
      vertex 7.72542 -23.7764 110
    endloop
  endfacet
  facet normal 0.406722 -0.913552 0
    outer loop
      vertex 8.94462 -23.2336 94.5
      vertex 7.72542 -23.7764 82.5
      vertex 8.94462 -23.2336 90.5
    endloop
  endfacet
  facet normal 0.406726 -0.91355 -7.34577e-07
    outer loop
      vertex 10.3893 -22.5904 82.5
      vertex 8.94462 -23.2336 90.5
      vertex 7.72542 -23.7764 82.5
    endloop
  endfacet
  facet normal 0.40673 -0.913549 0
    outer loop
      vertex 8.94462 -23.2336 90.5
      vertex 10.3893 -22.5904 82.5
      vertex 10.3893 -22.5904 90.5
    endloop
  endfacet
  facet normal 0.40673 -0.913549 0
    outer loop
      vertex 10.3893 -22.5904 110
      vertex 8.94462 -23.2336 94.5
      vertex 10.3893 -22.5904 94.5
    endloop
  endfacet
  facet normal 0 -1 0
    outer loop
      vertex -2.61321 -24.863 82.5
      vertex 2.61321 -24.863 110
      vertex -2.61321 -24.863 110
    endloop
  endfacet
  facet normal 0 -1 -0
    outer loop
      vertex 2.61321 -24.863 110
      vertex -2.61321 -24.863 82.5
      vertex 2.61321 -24.863 82.5
    endloop
  endfacet
  facet normal -0.207906 -0.978149 0
    outer loop
      vertex -7.72542 -23.7764 82.5
      vertex -2.61321 -24.863 110
      vertex -7.72542 -23.7764 110
    endloop
  endfacet
  facet normal -0.207906 -0.978149 -0
    outer loop
      vertex -2.61321 -24.863 110
      vertex -7.72542 -23.7764 82.5
      vertex -2.61321 -24.863 82.5
    endloop
  endfacet
  facet normal -0.951054 0.309026 0
    outer loop
      vertex -24.4537 5.19779 82.5
      vertex -22.8386 10.1684 110
      vertex -22.8386 10.1684 82.5
    endloop
  endfacet
  facet normal -0.951054 0.309026 0
    outer loop
      vertex -22.8386 10.1684 110
      vertex -24.4537 5.19779 82.5
      vertex -24.4537 5.19779 110
    endloop
  endfacet
  facet normal -0.743147 -0.669129 0
    outer loop
      vertex -6.69131 -7.43145 76.5
      vertex -8.09017 -5.87785 77.5
      vertex -8.09017 -5.87785 76.5
    endloop
  endfacet
  facet normal -0.743147 -0.669129 0
    outer loop
      vertex -8.09017 -5.87785 77.5
      vertex -6.69131 -7.43145 76.5
      vertex -6.69131 -7.43145 77.5
    endloop
  endfacet
  facet normal -0.743147 -0.669129 0
    outer loop
      vertex -6.69131 -7.43145 -69.5
      vertex -8.09017 -5.87785 69.5
      vertex -8.09017 -5.87785 -69.5
    endloop
  endfacet
  facet normal -0.743147 -0.669129 0
    outer loop
      vertex -8.09017 -5.87785 69.5
      vertex -6.69131 -7.43145 -69.5
      vertex -6.69131 -7.43145 69.5
    endloop
  endfacet
  facet normal -0.743147 -0.669129 0
    outer loop
      vertex -6.69131 -7.43145 -77.5
      vertex -8.09017 -5.87785 -76.5
      vertex -8.09017 -5.87785 -77.5
    endloop
  endfacet
  facet normal -0.743147 -0.669129 0
    outer loop
      vertex -8.09017 -5.87785 -76.5
      vertex -6.69131 -7.43145 -77.5
      vertex -6.69131 -7.43145 -76.5
    endloop
  endfacet
  facet normal 0.743147 0.669129 0
    outer loop
      vertex -6.69131 -7.43145 110
      vertex -8.09017 -5.87785 80
      vertex -8.09017 -5.87785 110
    endloop
  endfacet
  facet normal 0.743147 0.669129 0
    outer loop
      vertex -8.09017 -5.87785 80
      vertex -6.69131 -7.43145 110
      vertex -6.69131 -7.43145 80
    endloop
  endfacet
  facet normal 0.743147 0.669129 0
    outer loop
      vertex -6.69131 -7.43145 -80
      vertex -8.09017 -5.87785 -110
      vertex -8.09017 -5.87785 -80
    endloop
  endfacet
  facet normal 0.743147 0.669129 0
    outer loop
      vertex -8.09017 -5.87785 -110
      vertex -6.69131 -7.43145 -80
      vertex -6.69131 -7.43145 -110
    endloop
  endfacet
  facet normal -0.951055 -0.309021 0
    outer loop
      vertex 9.78148 2.07912 80
      vertex 9.13545 4.06737 110
      vertex 9.13545 4.06737 80
    endloop
  endfacet
  facet normal -0.951055 -0.309021 0
    outer loop
      vertex 9.13545 4.06737 110
      vertex 9.78148 2.07912 80
      vertex 9.78148 2.07912 110
    endloop
  endfacet
  facet normal 0.951055 0.309021 0
    outer loop
      vertex 9.78148 2.07912 77.5
      vertex 9.13545 4.06737 76.5
      vertex 9.13545 4.06737 77.5
    endloop
  endfacet
  facet normal 0.951055 0.309021 0
    outer loop
      vertex 9.13545 4.06737 76.5
      vertex 9.78148 2.07912 77.5
      vertex 9.78148 2.07912 76.5
    endloop
  endfacet
  facet normal 0.951055 0.309021 0
    outer loop
      vertex 9.78148 2.07912 69.5
      vertex 9.13545 4.06737 -69.5
      vertex 9.13545 4.06737 69.5
    endloop
  endfacet
  facet normal 0.951055 0.309021 0
    outer loop
      vertex 9.13545 4.06737 -69.5
      vertex 9.78148 2.07912 69.5
      vertex 9.78148 2.07912 -69.5
    endloop
  endfacet
  facet normal 0.951055 0.309021 0
    outer loop
      vertex 9.78148 2.07912 -76.5
      vertex 9.13545 4.06737 -77.5
      vertex 9.13545 4.06737 -76.5
    endloop
  endfacet
  facet normal 0.951055 0.309021 0
    outer loop
      vertex 9.13545 4.06737 -77.5
      vertex 9.78148 2.07912 -76.5
      vertex 9.78148 2.07912 -77.5
    endloop
  endfacet
  facet normal -0.951055 -0.309021 0
    outer loop
      vertex 9.78148 2.07912 -110
      vertex 9.13545 4.06737 -80
      vertex 9.13545 4.06737 -110
    endloop
  endfacet
  facet normal -0.951055 -0.309021 0
    outer loop
      vertex 9.13545 4.06737 -80
      vertex 9.78148 2.07912 -110
      vertex 9.78148 2.07912 -80
    endloop
  endfacet
  facet normal -0.994522 -0.104526 0
    outer loop
      vertex 10 0 80
      vertex 9.78148 2.07912 110
      vertex 9.78148 2.07912 80
    endloop
  endfacet
  facet normal -0.994522 -0.104526 0
    outer loop
      vertex 9.78148 2.07912 110
      vertex 10 0 80
      vertex 10 0 110
    endloop
  endfacet
  facet normal 0.994522 0.104526 0
    outer loop
      vertex 10 0 77.5
      vertex 9.78148 2.07912 76.5
      vertex 9.78148 2.07912 77.5
    endloop
  endfacet
  facet normal 0.994522 0.104526 0
    outer loop
      vertex 9.78148 2.07912 76.5
      vertex 10 0 77.5
      vertex 10 0 76.5
    endloop
  endfacet
  facet normal 0.994522 0.104526 0
    outer loop
      vertex 10 0 69.5
      vertex 9.78148 2.07912 -69.5
      vertex 9.78148 2.07912 69.5
    endloop
  endfacet
  facet normal 0.994522 0.104526 0
    outer loop
      vertex 9.78148 2.07912 -69.5
      vertex 10 0 69.5
      vertex 10 0 -69.5
    endloop
  endfacet
  facet normal 0.994522 0.104526 0
    outer loop
      vertex 10 0 -76.5
      vertex 9.78148 2.07912 -77.5
      vertex 9.78148 2.07912 -76.5
    endloop
  endfacet
  facet normal 0.994522 0.104526 0
    outer loop
      vertex 9.78148 2.07912 -77.5
      vertex 10 0 -76.5
      vertex 10 0 -77.5
    endloop
  endfacet
  facet normal -0.994522 -0.104526 0
    outer loop
      vertex 10 0 -110
      vertex 9.78148 2.07912 -80
      vertex 9.78148 2.07912 -110
    endloop
  endfacet
  facet normal -0.994522 -0.104526 0
    outer loop
      vertex 9.78148 2.07912 -80
      vertex 10 0 -110
      vertex 10 0 -80
    endloop
  endfacet
  facet normal -0.866026 -0.5 0
    outer loop
      vertex 9.13545 4.06737 80
      vertex 8.09017 5.87785 110
      vertex 8.09017 5.87785 80
    endloop
  endfacet
  facet normal -0.866026 -0.5 0
    outer loop
      vertex 8.09017 5.87785 110
      vertex 9.13545 4.06737 80
      vertex 9.13545 4.06737 110
    endloop
  endfacet
  facet normal 0.866026 0.5 0
    outer loop
      vertex 9.13545 4.06737 77.5
      vertex 8.09017 5.87785 76.5
      vertex 8.09017 5.87785 77.5
    endloop
  endfacet
  facet normal 0.866026 0.5 0
    outer loop
      vertex 8.09017 5.87785 76.5
      vertex 9.13545 4.06737 77.5
      vertex 9.13545 4.06737 76.5
    endloop
  endfacet
  facet normal 0.866026 0.5 0
    outer loop
      vertex 9.13545 4.06737 69.5
      vertex 8.09017 5.87785 -69.5
      vertex 8.09017 5.87785 69.5
    endloop
  endfacet
  facet normal 0.866026 0.5 0
    outer loop
      vertex 8.09017 5.87785 -69.5
      vertex 9.13545 4.06737 69.5
      vertex 9.13545 4.06737 -69.5
    endloop
  endfacet
  facet normal 0.866026 0.5 0
    outer loop
      vertex 9.13545 4.06737 -76.5
      vertex 8.09017 5.87785 -77.5
      vertex 8.09017 5.87785 -76.5
    endloop
  endfacet
  facet normal 0.866026 0.5 0
    outer loop
      vertex 8.09017 5.87785 -77.5
      vertex 9.13545 4.06737 -76.5
      vertex 9.13545 4.06737 -77.5
    endloop
  endfacet
  facet normal -0.866026 -0.5 0
    outer loop
      vertex 9.13545 4.06737 -110
      vertex 8.09017 5.87785 -80
      vertex 8.09017 5.87785 -110
    endloop
  endfacet
  facet normal -0.866026 -0.5 0
    outer loop
      vertex 8.09017 5.87785 -80
      vertex 9.13545 4.06737 -110
      vertex 9.13545 4.06737 -80
    endloop
  endfacet
  facet normal 0.951055 -0.309021 0
    outer loop
      vertex 9.13545 -4.06737 77.5
      vertex 9.78148 -2.07912 76.5
      vertex 9.78148 -2.07912 77.5
    endloop
  endfacet
  facet normal 0.951055 -0.309021 0
    outer loop
      vertex 9.78148 -2.07912 76.5
      vertex 9.13545 -4.06737 77.5
      vertex 9.13545 -4.06737 76.5
    endloop
  endfacet
  facet normal 0.951055 -0.309021 0
    outer loop
      vertex 9.13545 -4.06737 69.5
      vertex 9.78148 -2.07912 -69.5
      vertex 9.78148 -2.07912 69.5
    endloop
  endfacet
  facet normal 0.951055 -0.309021 0
    outer loop
      vertex 9.78148 -2.07912 -69.5
      vertex 9.13545 -4.06737 69.5
      vertex 9.13545 -4.06737 -69.5
    endloop
  endfacet
  facet normal 0.951055 -0.309021 0
    outer loop
      vertex 9.13545 -4.06737 -76.5
      vertex 9.78148 -2.07912 -77.5
      vertex 9.78148 -2.07912 -76.5
    endloop
  endfacet
  facet normal 0.951055 -0.309021 0
    outer loop
      vertex 9.78148 -2.07912 -77.5
      vertex 9.13545 -4.06737 -76.5
      vertex 9.13545 -4.06737 -77.5
    endloop
  endfacet
  facet normal -0.951055 0.309021 0
    outer loop
      vertex 9.13545 -4.06737 80
      vertex 9.78148 -2.07912 110
      vertex 9.78148 -2.07912 80
    endloop
  endfacet
  facet normal -0.951055 0.309021 0
    outer loop
      vertex 9.78148 -2.07912 110
      vertex 9.13545 -4.06737 80
      vertex 9.13545 -4.06737 110
    endloop
  endfacet
  facet normal -0.951055 0.309021 0
    outer loop
      vertex 9.13545 -4.06737 -110
      vertex 9.78148 -2.07912 -80
      vertex 9.78148 -2.07912 -110
    endloop
  endfacet
  facet normal -0.951055 0.309021 0
    outer loop
      vertex 9.78148 -2.07912 -80
      vertex 9.13545 -4.06737 -110
      vertex 9.13545 -4.06737 -80
    endloop
  endfacet
  facet normal 0.587783 -0.809019 0
    outer loop
      vertex 5 -8.66025 76.5
      vertex 6.69131 -7.43145 77.5
      vertex 5 -8.66025 77.5
    endloop
  endfacet
  facet normal 0.587783 -0.809019 0
    outer loop
      vertex 6.69131 -7.43145 77.5
      vertex 5 -8.66025 76.5
      vertex 6.69131 -7.43145 76.5
    endloop
  endfacet
  facet normal 0.587783 -0.809019 0
    outer loop
      vertex 5 -8.66025 -69.5
      vertex 6.69131 -7.43145 69.5
      vertex 5 -8.66025 69.5
    endloop
  endfacet
  facet normal 0.587783 -0.809019 0
    outer loop
      vertex 6.69131 -7.43145 69.5
      vertex 5 -8.66025 -69.5
      vertex 6.69131 -7.43145 -69.5
    endloop
  endfacet
  facet normal 0.587783 -0.809019 0
    outer loop
      vertex 5 -8.66025 -77.5
      vertex 6.69131 -7.43145 -76.5
      vertex 5 -8.66025 -76.5
    endloop
  endfacet
  facet normal 0.587783 -0.809019 0
    outer loop
      vertex 6.69131 -7.43145 -76.5
      vertex 5 -8.66025 -77.5
      vertex 6.69131 -7.43145 -77.5
    endloop
  endfacet
  facet normal -0.587783 0.809019 0
    outer loop
      vertex 6.69131 -7.43145 80
      vertex 5 -8.66025 110
      vertex 6.69131 -7.43145 110
    endloop
  endfacet
  facet normal -0.587783 0.809019 0
    outer loop
      vertex 5 -8.66025 110
      vertex 6.69131 -7.43145 80
      vertex 5 -8.66025 80
    endloop
  endfacet
  facet normal -0.587783 0.809019 0
    outer loop
      vertex 6.69131 -7.43145 -110
      vertex 5 -8.66025 -80
      vertex 6.69131 -7.43145 -80
    endloop
  endfacet
  facet normal -0.587783 0.809019 0
    outer loop
      vertex 5 -8.66025 -80
      vertex 6.69131 -7.43145 -110
      vertex 5 -8.66025 -110
    endloop
  endfacet
  facet normal 0.743147 -0.669129 0
    outer loop
      vertex 6.69131 -7.43145 77.5
      vertex 8.09017 -5.87785 76.5
      vertex 8.09017 -5.87785 77.5
    endloop
  endfacet
  facet normal 0.743147 -0.669129 0
    outer loop
      vertex 8.09017 -5.87785 76.5
      vertex 6.69131 -7.43145 77.5
      vertex 6.69131 -7.43145 76.5
    endloop
  endfacet
  facet normal 0.743147 -0.669129 0
    outer loop
      vertex 6.69131 -7.43145 69.5
      vertex 8.09017 -5.87785 -69.5
      vertex 8.09017 -5.87785 69.5
    endloop
  endfacet
  facet normal 0.743147 -0.669129 0
    outer loop
      vertex 8.09017 -5.87785 -69.5
      vertex 6.69131 -7.43145 69.5
      vertex 6.69131 -7.43145 -69.5
    endloop
  endfacet
  facet normal 0.743147 -0.669129 0
    outer loop
      vertex 6.69131 -7.43145 -76.5
      vertex 8.09017 -5.87785 -77.5
      vertex 8.09017 -5.87785 -76.5
    endloop
  endfacet
  facet normal 0.743147 -0.669129 0
    outer loop
      vertex 8.09017 -5.87785 -77.5
      vertex 6.69131 -7.43145 -76.5
      vertex 6.69131 -7.43145 -77.5
    endloop
  endfacet
  facet normal -0.743147 0.669129 0
    outer loop
      vertex 6.69131 -7.43145 80
      vertex 8.09017 -5.87785 110
      vertex 8.09017 -5.87785 80
    endloop
  endfacet
  facet normal -0.743147 0.669129 0
    outer loop
      vertex 8.09017 -5.87785 110
      vertex 6.69131 -7.43145 80
      vertex 6.69131 -7.43145 110
    endloop
  endfacet
  facet normal -0.743147 0.669129 0
    outer loop
      vertex 6.69131 -7.43145 -110
      vertex 8.09017 -5.87785 -80
      vertex 8.09017 -5.87785 -110
    endloop
  endfacet
  facet normal -0.743147 0.669129 0
    outer loop
      vertex 8.09017 -5.87785 -80
      vertex 6.69131 -7.43145 -110
      vertex 6.69131 -7.43145 -80
    endloop
  endfacet
  facet normal 0.994522 -0.104526 0
    outer loop
      vertex 9.78148 -2.07912 77.5
      vertex 10 0 76.5
      vertex 10 0 77.5
    endloop
  endfacet
  facet normal 0.994522 -0.104526 0
    outer loop
      vertex 10 0 76.5
      vertex 9.78148 -2.07912 77.5
      vertex 9.78148 -2.07912 76.5
    endloop
  endfacet
  facet normal 0.994522 -0.104526 0
    outer loop
      vertex 9.78148 -2.07912 69.5
      vertex 10 0 -69.5
      vertex 10 0 69.5
    endloop
  endfacet
  facet normal 0.994522 -0.104526 0
    outer loop
      vertex 10 0 -69.5
      vertex 9.78148 -2.07912 69.5
      vertex 9.78148 -2.07912 -69.5
    endloop
  endfacet
  facet normal 0.994522 -0.104526 0
    outer loop
      vertex 9.78148 -2.07912 -76.5
      vertex 10 0 -77.5
      vertex 10 0 -76.5
    endloop
  endfacet
  facet normal 0.994522 -0.104526 0
    outer loop
      vertex 10 0 -77.5
      vertex 9.78148 -2.07912 -76.5
      vertex 9.78148 -2.07912 -77.5
    endloop
  endfacet
  facet normal -0.994522 0.104526 0
    outer loop
      vertex 9.78148 -2.07912 80
      vertex 10 0 110
      vertex 10 0 80
    endloop
  endfacet
  facet normal -0.994522 0.104526 0
    outer loop
      vertex 10 0 110
      vertex 9.78148 -2.07912 80
      vertex 9.78148 -2.07912 110
    endloop
  endfacet
  facet normal -0.994522 0.104526 0
    outer loop
      vertex 9.78148 -2.07912 -110
      vertex 10 0 -80
      vertex 10 0 -110
    endloop
  endfacet
  facet normal -0.994522 0.104526 0
    outer loop
      vertex 10 0 -80
      vertex 9.78148 -2.07912 -110
      vertex 9.78148 -2.07912 -80
    endloop
  endfacet
  facet normal -0.406736 -0.913546 0
    outer loop
      vertex -5 -8.66025 76.5
      vertex -3.09017 -9.51056 77.5
      vertex -5 -8.66025 77.5
    endloop
  endfacet
  facet normal -0.406736 -0.913546 -0
    outer loop
      vertex -3.09017 -9.51056 77.5
      vertex -5 -8.66025 76.5
      vertex -3.09017 -9.51056 76.5
    endloop
  endfacet
  facet normal -0.406736 -0.913546 0
    outer loop
      vertex -5 -8.66025 -69.5
      vertex -3.09017 -9.51056 69.5
      vertex -5 -8.66025 69.5
    endloop
  endfacet
  facet normal -0.406736 -0.913546 -0
    outer loop
      vertex -3.09017 -9.51056 69.5
      vertex -5 -8.66025 -69.5
      vertex -3.09017 -9.51056 -69.5
    endloop
  endfacet
  facet normal -0.406736 -0.913546 0
    outer loop
      vertex -5 -8.66025 -77.5
      vertex -3.09017 -9.51056 -76.5
      vertex -5 -8.66025 -76.5
    endloop
  endfacet
  facet normal -0.406736 -0.913546 -0
    outer loop
      vertex -3.09017 -9.51056 -76.5
      vertex -5 -8.66025 -77.5
      vertex -3.09017 -9.51056 -77.5
    endloop
  endfacet
  facet normal 0.406736 0.913546 -0
    outer loop
      vertex -3.09017 -9.51056 80
      vertex -5 -8.66025 110
      vertex -3.09017 -9.51056 110
    endloop
  endfacet
  facet normal 0.406736 0.913546 0
    outer loop
      vertex -5 -8.66025 110
      vertex -3.09017 -9.51056 80
      vertex -5 -8.66025 80
    endloop
  endfacet
  facet normal 0.406736 0.913546 -0
    outer loop
      vertex -3.09017 -9.51056 -110
      vertex -5 -8.66025 -80
      vertex -3.09017 -9.51056 -80
    endloop
  endfacet
  facet normal 0.406736 0.913546 0
    outer loop
      vertex -5 -8.66025 -80
      vertex -3.09017 -9.51056 -110
      vertex -5 -8.66025 -110
    endloop
  endfacet
  facet normal -0.406736 -0.913546 0
    outer loop
      vertex 3.09017 9.51056 80
      vertex 5 8.66025 110
      vertex 3.09017 9.51056 110
    endloop
  endfacet
  facet normal -0.406736 -0.913546 -0
    outer loop
      vertex 5 8.66025 110
      vertex 3.09017 9.51056 80
      vertex 5 8.66025 80
    endloop
  endfacet
  facet normal 0.406736 0.913546 -0
    outer loop
      vertex 5 8.66025 76.5
      vertex 3.09017 9.51056 77.5
      vertex 5 8.66025 77.5
    endloop
  endfacet
  facet normal 0.406736 0.913546 0
    outer loop
      vertex 3.09017 9.51056 77.5
      vertex 5 8.66025 76.5
      vertex 3.09017 9.51056 76.5
    endloop
  endfacet
  facet normal 0.406736 0.913546 -0
    outer loop
      vertex 5 8.66025 -69.5
      vertex 3.09017 9.51056 69.5
      vertex 5 8.66025 69.5
    endloop
  endfacet
  facet normal 0.406736 0.913546 0
    outer loop
      vertex 3.09017 9.51056 69.5
      vertex 5 8.66025 -69.5
      vertex 3.09017 9.51056 -69.5
    endloop
  endfacet
  facet normal 0.406736 0.913546 -0
    outer loop
      vertex 5 8.66025 -77.5
      vertex 3.09017 9.51056 -76.5
      vertex 5 8.66025 -76.5
    endloop
  endfacet
  facet normal 0.406736 0.913546 0
    outer loop
      vertex 3.09017 9.51056 -76.5
      vertex 5 8.66025 -77.5
      vertex 3.09017 9.51056 -77.5
    endloop
  endfacet
  facet normal -0.406736 -0.913546 0
    outer loop
      vertex 3.09017 9.51056 -110
      vertex 5 8.66025 -80
      vertex 3.09017 9.51056 -80
    endloop
  endfacet
  facet normal -0.406736 -0.913546 -0
    outer loop
      vertex 5 8.66025 -80
      vertex 3.09017 9.51056 -110
      vertex 5 8.66025 -110
    endloop
  endfacet
  facet normal -0.743147 -0.669129 0
    outer loop
      vertex 8.09017 5.87785 80
      vertex 6.69131 7.43145 110
      vertex 6.69131 7.43145 80
    endloop
  endfacet
  facet normal -0.743147 -0.669129 0
    outer loop
      vertex 6.69131 7.43145 110
      vertex 8.09017 5.87785 80
      vertex 8.09017 5.87785 110
    endloop
  endfacet
  facet normal 0.743147 0.669129 0
    outer loop
      vertex 8.09017 5.87785 77.5
      vertex 6.69131 7.43145 76.5
      vertex 6.69131 7.43145 77.5
    endloop
  endfacet
  facet normal 0.743147 0.669129 0
    outer loop
      vertex 6.69131 7.43145 76.5
      vertex 8.09017 5.87785 77.5
      vertex 8.09017 5.87785 76.5
    endloop
  endfacet
  facet normal 0.743147 0.669129 0
    outer loop
      vertex 8.09017 5.87785 69.5
      vertex 6.69131 7.43145 -69.5
      vertex 6.69131 7.43145 69.5
    endloop
  endfacet
  facet normal 0.743147 0.669129 0
    outer loop
      vertex 6.69131 7.43145 -69.5
      vertex 8.09017 5.87785 69.5
      vertex 8.09017 5.87785 -69.5
    endloop
  endfacet
  facet normal 0.743147 0.669129 0
    outer loop
      vertex 8.09017 5.87785 -76.5
      vertex 6.69131 7.43145 -77.5
      vertex 6.69131 7.43145 -76.5
    endloop
  endfacet
  facet normal 0.743147 0.669129 0
    outer loop
      vertex 6.69131 7.43145 -77.5
      vertex 8.09017 5.87785 -76.5
      vertex 8.09017 5.87785 -77.5
    endloop
  endfacet
  facet normal -0.743147 -0.669129 0
    outer loop
      vertex 8.09017 5.87785 -110
      vertex 6.69131 7.43145 -80
      vertex 6.69131 7.43145 -110
    endloop
  endfacet
  facet normal -0.743147 -0.669129 0
    outer loop
      vertex 6.69131 7.43145 -80
      vertex 8.09017 5.87785 -110
      vertex 8.09017 5.87785 -80
    endloop
  endfacet
  facet normal -0.587783 -0.809019 0
    outer loop
      vertex -6.69131 -7.43145 76.5
      vertex -5 -8.66025 77.5
      vertex -6.69131 -7.43145 77.5
    endloop
  endfacet
  facet normal -0.587783 -0.809019 -0
    outer loop
      vertex -5 -8.66025 77.5
      vertex -6.69131 -7.43145 76.5
      vertex -5 -8.66025 76.5
    endloop
  endfacet
  facet normal -0.587783 -0.809019 0
    outer loop
      vertex -6.69131 -7.43145 -69.5
      vertex -5 -8.66025 69.5
      vertex -6.69131 -7.43145 69.5
    endloop
  endfacet
  facet normal -0.587783 -0.809019 -0
    outer loop
      vertex -5 -8.66025 69.5
      vertex -6.69131 -7.43145 -69.5
      vertex -5 -8.66025 -69.5
    endloop
  endfacet
  facet normal -0.587783 -0.809019 0
    outer loop
      vertex -6.69131 -7.43145 -77.5
      vertex -5 -8.66025 -76.5
      vertex -6.69131 -7.43145 -76.5
    endloop
  endfacet
  facet normal -0.587783 -0.809019 -0
    outer loop
      vertex -5 -8.66025 -76.5
      vertex -6.69131 -7.43145 -77.5
      vertex -5 -8.66025 -77.5
    endloop
  endfacet
  facet normal 0.587783 0.809019 -0
    outer loop
      vertex -5 -8.66025 80
      vertex -6.69131 -7.43145 110
      vertex -5 -8.66025 110
    endloop
  endfacet
  facet normal 0.587783 0.809019 0
    outer loop
      vertex -6.69131 -7.43145 110
      vertex -5 -8.66025 80
      vertex -6.69131 -7.43145 80
    endloop
  endfacet
  facet normal 0.587783 0.809019 -0
    outer loop
      vertex -5 -8.66025 -110
      vertex -6.69131 -7.43145 -80
      vertex -5 -8.66025 -80
    endloop
  endfacet
  facet normal 0.587783 0.809019 0
    outer loop
      vertex -6.69131 -7.43145 -80
      vertex -5 -8.66025 -110
      vertex -6.69131 -7.43145 -110
    endloop
  endfacet
  facet normal 0.743147 -0.669129 0
    outer loop
      vertex -8.09017 5.87785 110
      vertex -6.69131 7.43145 80
      vertex -6.69131 7.43145 110
    endloop
  endfacet
  facet normal 0.743147 -0.669129 0
    outer loop
      vertex -6.69131 7.43145 80
      vertex -8.09017 5.87785 110
      vertex -8.09017 5.87785 80
    endloop
  endfacet
  facet normal -0.743147 0.669129 0
    outer loop
      vertex -8.09017 5.87785 76.5
      vertex -6.69131 7.43145 77.5
      vertex -6.69131 7.43145 76.5
    endloop
  endfacet
  facet normal -0.743147 0.669129 0
    outer loop
      vertex -6.69131 7.43145 77.5
      vertex -8.09017 5.87785 76.5
      vertex -8.09017 5.87785 77.5
    endloop
  endfacet
  facet normal -0.743147 0.669129 0
    outer loop
      vertex -8.09017 5.87785 -69.5
      vertex -6.69131 7.43145 69.5
      vertex -6.69131 7.43145 -69.5
    endloop
  endfacet
  facet normal -0.743147 0.669129 0
    outer loop
      vertex -6.69131 7.43145 69.5
      vertex -8.09017 5.87785 -69.5
      vertex -8.09017 5.87785 69.5
    endloop
  endfacet
  facet normal -0.743147 0.669129 0
    outer loop
      vertex -8.09017 5.87785 -77.5
      vertex -6.69131 7.43145 -76.5
      vertex -6.69131 7.43145 -77.5
    endloop
  endfacet
  facet normal -0.743147 0.669129 0
    outer loop
      vertex -6.69131 7.43145 -76.5
      vertex -8.09017 5.87785 -77.5
      vertex -8.09017 5.87785 -76.5
    endloop
  endfacet
  facet normal 0.743147 -0.669129 0
    outer loop
      vertex -8.09017 5.87785 -80
      vertex -6.69131 7.43145 -110
      vertex -6.69131 7.43145 -80
    endloop
  endfacet
  facet normal 0.743147 -0.669129 0
    outer loop
      vertex -6.69131 7.43145 -110
      vertex -8.09017 5.87785 -80
      vertex -8.09017 5.87785 -110
    endloop
  endfacet
  facet normal 0 -1 0
    outer loop
      vertex -1.04528 9.94522 80
      vertex 1.04528 9.94522 110
      vertex -1.04528 9.94522 110
    endloop
  endfacet
  facet normal 0 -1 -0
    outer loop
      vertex 1.04528 9.94522 110
      vertex -1.04528 9.94522 80
      vertex 1.04528 9.94522 80
    endloop
  endfacet
  facet normal 0 1 -0
    outer loop
      vertex 1.04528 9.94522 76.5
      vertex -1.04528 9.94522 77.5
      vertex 1.04528 9.94522 77.5
    endloop
  endfacet
  facet normal 0 1 0
    outer loop
      vertex -1.04528 9.94522 77.5
      vertex 1.04528 9.94522 76.5
      vertex -1.04528 9.94522 76.5
    endloop
  endfacet
  facet normal 0 1 -0
    outer loop
      vertex 1.04528 9.94522 -69.5
      vertex -1.04528 9.94522 69.5
      vertex 1.04528 9.94522 69.5
    endloop
  endfacet
  facet normal 0 1 0
    outer loop
      vertex -1.04528 9.94522 69.5
      vertex 1.04528 9.94522 -69.5
      vertex -1.04528 9.94522 -69.5
    endloop
  endfacet
  facet normal 0 1 -0
    outer loop
      vertex 1.04528 9.94522 -77.5
      vertex -1.04528 9.94522 -76.5
      vertex 1.04528 9.94522 -76.5
    endloop
  endfacet
  facet normal 0 1 0
    outer loop
      vertex -1.04528 9.94522 -76.5
      vertex 1.04528 9.94522 -77.5
      vertex -1.04528 9.94522 -77.5
    endloop
  endfacet
  facet normal 0 -1 0
    outer loop
      vertex -1.04528 9.94522 -110
      vertex 1.04528 9.94522 -80
      vertex -1.04528 9.94522 -80
    endloop
  endfacet
  facet normal 0 -1 -0
    outer loop
      vertex 1.04528 9.94522 -80
      vertex -1.04528 9.94522 -110
      vertex 1.04528 9.94522 -110
    endloop
  endfacet
  facet normal 0.406736 -0.913546 0
    outer loop
      vertex 3.09017 -9.51056 76.5
      vertex 5 -8.66025 77.5
      vertex 3.09017 -9.51056 77.5
    endloop
  endfacet
  facet normal 0.406736 -0.913546 0
    outer loop
      vertex 5 -8.66025 77.5
      vertex 3.09017 -9.51056 76.5
      vertex 5 -8.66025 76.5
    endloop
  endfacet
  facet normal 0.406736 -0.913546 0
    outer loop
      vertex 3.09017 -9.51056 -69.5
      vertex 5 -8.66025 69.5
      vertex 3.09017 -9.51056 69.5
    endloop
  endfacet
  facet normal 0.406736 -0.913546 0
    outer loop
      vertex 5 -8.66025 69.5
      vertex 3.09017 -9.51056 -69.5
      vertex 5 -8.66025 -69.5
    endloop
  endfacet
  facet normal 0.406736 -0.913546 0
    outer loop
      vertex 3.09017 -9.51056 -77.5
      vertex 5 -8.66025 -76.5
      vertex 3.09017 -9.51056 -76.5
    endloop
  endfacet
  facet normal 0.406736 -0.913546 0
    outer loop
      vertex 5 -8.66025 -76.5
      vertex 3.09017 -9.51056 -77.5
      vertex 5 -8.66025 -77.5
    endloop
  endfacet
  facet normal -0.406736 0.913546 0
    outer loop
      vertex 5 -8.66025 80
      vertex 3.09017 -9.51056 110
      vertex 5 -8.66025 110
    endloop
  endfacet
  facet normal -0.406736 0.913546 0
    outer loop
      vertex 3.09017 -9.51056 110
      vertex 5 -8.66025 80
      vertex 3.09017 -9.51056 80
    endloop
  endfacet
  facet normal -0.406736 0.913546 0
    outer loop
      vertex 5 -8.66025 -110
      vertex 3.09017 -9.51056 -80
      vertex 5 -8.66025 -80
    endloop
  endfacet
  facet normal -0.406736 0.913546 0
    outer loop
      vertex 3.09017 -9.51056 -80
      vertex 5 -8.66025 -110
      vertex 3.09017 -9.51056 -110
    endloop
  endfacet
  facet normal 0.207914 -0.978147 0
    outer loop
      vertex 1.04528 -9.94522 76.5
      vertex 3.09017 -9.51056 77.5
      vertex 1.04528 -9.94522 77.5
    endloop
  endfacet
  facet normal 0.207914 -0.978147 0
    outer loop
      vertex 3.09017 -9.51056 77.5
      vertex 1.04528 -9.94522 76.5
      vertex 3.09017 -9.51056 76.5
    endloop
  endfacet
  facet normal 0.207914 -0.978147 0
    outer loop
      vertex 1.04528 -9.94522 -69.5
      vertex 3.09017 -9.51056 69.5
      vertex 1.04528 -9.94522 69.5
    endloop
  endfacet
  facet normal 0.207914 -0.978147 0
    outer loop
      vertex 3.09017 -9.51056 69.5
      vertex 1.04528 -9.94522 -69.5
      vertex 3.09017 -9.51056 -69.5
    endloop
  endfacet
  facet normal 0.207914 -0.978147 0
    outer loop
      vertex 1.04528 -9.94522 -77.5
      vertex 3.09017 -9.51056 -76.5
      vertex 1.04528 -9.94522 -76.5
    endloop
  endfacet
  facet normal 0.207914 -0.978147 0
    outer loop
      vertex 3.09017 -9.51056 -76.5
      vertex 1.04528 -9.94522 -77.5
      vertex 3.09017 -9.51056 -77.5
    endloop
  endfacet
  facet normal -0.207914 0.978147 0
    outer loop
      vertex 3.09017 -9.51056 80
      vertex 1.04528 -9.94522 110
      vertex 3.09017 -9.51056 110
    endloop
  endfacet
  facet normal -0.207914 0.978147 0
    outer loop
      vertex 1.04528 -9.94522 110
      vertex 3.09017 -9.51056 80
      vertex 1.04528 -9.94522 80
    endloop
  endfacet
  facet normal -0.207914 0.978147 0
    outer loop
      vertex 3.09017 -9.51056 -110
      vertex 1.04528 -9.94522 -80
      vertex 3.09017 -9.51056 -80
    endloop
  endfacet
  facet normal -0.207914 0.978147 0
    outer loop
      vertex 1.04528 -9.94522 -80
      vertex 3.09017 -9.51056 -110
      vertex 1.04528 -9.94522 -110
    endloop
  endfacet
  facet normal 0.951055 -0.309021 0
    outer loop
      vertex -9.78148 2.07912 110
      vertex -9.13545 4.06737 80
      vertex -9.13545 4.06737 110
    endloop
  endfacet
  facet normal 0.951055 -0.309021 0
    outer loop
      vertex -9.13545 4.06737 80
      vertex -9.78148 2.07912 110
      vertex -9.78148 2.07912 80
    endloop
  endfacet
  facet normal -0.951055 0.309021 0
    outer loop
      vertex -9.78148 2.07912 76.5
      vertex -9.13545 4.06737 77.5
      vertex -9.13545 4.06737 76.5
    endloop
  endfacet
  facet normal -0.951055 0.309021 0
    outer loop
      vertex -9.13545 4.06737 77.5
      vertex -9.78148 2.07912 76.5
      vertex -9.78148 2.07912 77.5
    endloop
  endfacet
  facet normal -0.951055 0.309021 0
    outer loop
      vertex -9.78148 2.07912 -69.5
      vertex -9.13545 4.06737 69.5
      vertex -9.13545 4.06737 -69.5
    endloop
  endfacet
  facet normal -0.951055 0.309021 0
    outer loop
      vertex -9.13545 4.06737 69.5
      vertex -9.78148 2.07912 -69.5
      vertex -9.78148 2.07912 69.5
    endloop
  endfacet
  facet normal -0.951055 0.309021 0
    outer loop
      vertex -9.78148 2.07912 -77.5
      vertex -9.13545 4.06737 -76.5
      vertex -9.13545 4.06737 -77.5
    endloop
  endfacet
  facet normal -0.951055 0.309021 0
    outer loop
      vertex -9.13545 4.06737 -76.5
      vertex -9.78148 2.07912 -77.5
      vertex -9.78148 2.07912 -76.5
    endloop
  endfacet
  facet normal 0.951055 -0.309021 0
    outer loop
      vertex -9.78148 2.07912 -80
      vertex -9.13545 4.06737 -110
      vertex -9.13545 4.06737 -80
    endloop
  endfacet
  facet normal 0.951055 -0.309021 0
    outer loop
      vertex -9.13545 4.06737 -110
      vertex -9.78148 2.07912 -80
      vertex -9.78148 2.07912 -110
    endloop
  endfacet
  facet normal -0.951055 -0.309021 0
    outer loop
      vertex -9.13545 -4.06737 76.5
      vertex -9.78148 -2.07912 77.5
      vertex -9.78148 -2.07912 76.5
    endloop
  endfacet
  facet normal -0.951055 -0.309021 0
    outer loop
      vertex -9.78148 -2.07912 77.5
      vertex -9.13545 -4.06737 76.5
      vertex -9.13545 -4.06737 77.5
    endloop
  endfacet
  facet normal -0.951055 -0.309021 0
    outer loop
      vertex -9.13545 -4.06737 -69.5
      vertex -9.78148 -2.07912 69.5
      vertex -9.78148 -2.07912 -69.5
    endloop
  endfacet
  facet normal -0.951055 -0.309021 0
    outer loop
      vertex -9.78148 -2.07912 69.5
      vertex -9.13545 -4.06737 -69.5
      vertex -9.13545 -4.06737 69.5
    endloop
  endfacet
  facet normal -0.951055 -0.309021 0
    outer loop
      vertex -9.13545 -4.06737 -77.5
      vertex -9.78148 -2.07912 -76.5
      vertex -9.78148 -2.07912 -77.5
    endloop
  endfacet
  facet normal -0.951055 -0.309021 0
    outer loop
      vertex -9.78148 -2.07912 -76.5
      vertex -9.13545 -4.06737 -77.5
      vertex -9.13545 -4.06737 -76.5
    endloop
  endfacet
  facet normal 0.951055 0.309021 0
    outer loop
      vertex -9.13545 -4.06737 110
      vertex -9.78148 -2.07912 80
      vertex -9.78148 -2.07912 110
    endloop
  endfacet
  facet normal 0.951055 0.309021 0
    outer loop
      vertex -9.78148 -2.07912 80
      vertex -9.13545 -4.06737 110
      vertex -9.13545 -4.06737 80
    endloop
  endfacet
  facet normal 0.951055 0.309021 0
    outer loop
      vertex -9.13545 -4.06737 -80
      vertex -9.78148 -2.07912 -110
      vertex -9.78148 -2.07912 -80
    endloop
  endfacet
  facet normal 0.951055 0.309021 0
    outer loop
      vertex -9.78148 -2.07912 -110
      vertex -9.13545 -4.06737 -80
      vertex -9.13545 -4.06737 -110
    endloop
  endfacet
  facet normal 0.406736 -0.913546 0
    outer loop
      vertex -5 8.66025 80
      vertex -3.09017 9.51056 110
      vertex -5 8.66025 110
    endloop
  endfacet
  facet normal 0.406736 -0.913546 0
    outer loop
      vertex -3.09017 9.51056 110
      vertex -5 8.66025 80
      vertex -3.09017 9.51056 80
    endloop
  endfacet
  facet normal -0.406736 0.913546 0
    outer loop
      vertex -3.09017 9.51056 76.5
      vertex -5 8.66025 77.5
      vertex -3.09017 9.51056 77.5
    endloop
  endfacet
  facet normal -0.406736 0.913546 0
    outer loop
      vertex -5 8.66025 77.5
      vertex -3.09017 9.51056 76.5
      vertex -5 8.66025 76.5
    endloop
  endfacet
  facet normal -0.406736 0.913546 0
    outer loop
      vertex -3.09017 9.51056 -69.5
      vertex -5 8.66025 69.5
      vertex -3.09017 9.51056 69.5
    endloop
  endfacet
  facet normal -0.406736 0.913546 0
    outer loop
      vertex -5 8.66025 69.5
      vertex -3.09017 9.51056 -69.5
      vertex -5 8.66025 -69.5
    endloop
  endfacet
  facet normal -0.406736 0.913546 0
    outer loop
      vertex -3.09017 9.51056 -77.5
      vertex -5 8.66025 -76.5
      vertex -3.09017 9.51056 -76.5
    endloop
  endfacet
  facet normal -0.406736 0.913546 0
    outer loop
      vertex -5 8.66025 -76.5
      vertex -3.09017 9.51056 -77.5
      vertex -5 8.66025 -77.5
    endloop
  endfacet
  facet normal 0.406736 -0.913546 0
    outer loop
      vertex -5 8.66025 -110
      vertex -3.09017 9.51056 -80
      vertex -5 8.66025 -80
    endloop
  endfacet
  facet normal 0.406736 -0.913546 0
    outer loop
      vertex -3.09017 9.51056 -80
      vertex -5 8.66025 -110
      vertex -3.09017 9.51056 -110
    endloop
  endfacet
  facet normal -0.207914 -0.978147 0
    outer loop
      vertex -3.09017 -9.51056 76.5
      vertex -1.04528 -9.94522 77.5
      vertex -3.09017 -9.51056 77.5
    endloop
  endfacet
  facet normal -0.207914 -0.978147 -0
    outer loop
      vertex -1.04528 -9.94522 77.5
      vertex -3.09017 -9.51056 76.5
      vertex -1.04528 -9.94522 76.5
    endloop
  endfacet
  facet normal -0.207914 -0.978147 0
    outer loop
      vertex -3.09017 -9.51056 -69.5
      vertex -1.04528 -9.94522 69.5
      vertex -3.09017 -9.51056 69.5
    endloop
  endfacet
  facet normal -0.207914 -0.978147 -0
    outer loop
      vertex -1.04528 -9.94522 69.5
      vertex -3.09017 -9.51056 -69.5
      vertex -1.04528 -9.94522 -69.5
    endloop
  endfacet
  facet normal -0.207914 -0.978147 0
    outer loop
      vertex -3.09017 -9.51056 -77.5
      vertex -1.04528 -9.94522 -76.5
      vertex -3.09017 -9.51056 -76.5
    endloop
  endfacet
  facet normal -0.207914 -0.978147 -0
    outer loop
      vertex -1.04528 -9.94522 -76.5
      vertex -3.09017 -9.51056 -77.5
      vertex -1.04528 -9.94522 -77.5
    endloop
  endfacet
  facet normal 0.207914 0.978147 -0
    outer loop
      vertex -1.04528 -9.94522 80
      vertex -3.09017 -9.51056 110
      vertex -1.04528 -9.94522 110
    endloop
  endfacet
  facet normal 0.207914 0.978147 0
    outer loop
      vertex -3.09017 -9.51056 110
      vertex -1.04528 -9.94522 80
      vertex -3.09017 -9.51056 80
    endloop
  endfacet
  facet normal 0.207914 0.978147 -0
    outer loop
      vertex -1.04528 -9.94522 -110
      vertex -3.09017 -9.51056 -80
      vertex -1.04528 -9.94522 -80
    endloop
  endfacet
  facet normal 0.207914 0.978147 0
    outer loop
      vertex -3.09017 -9.51056 -80
      vertex -1.04528 -9.94522 -110
      vertex -3.09017 -9.51056 -110
    endloop
  endfacet
  facet normal -0.207914 -0.978147 0
    outer loop
      vertex 1.04528 9.94522 80
      vertex 3.09017 9.51056 110
      vertex 1.04528 9.94522 110
    endloop
  endfacet
  facet normal -0.207914 -0.978147 -0
    outer loop
      vertex 3.09017 9.51056 110
      vertex 1.04528 9.94522 80
      vertex 3.09017 9.51056 80
    endloop
  endfacet
  facet normal 0.207914 0.978147 -0
    outer loop
      vertex 3.09017 9.51056 76.5
      vertex 1.04528 9.94522 77.5
      vertex 3.09017 9.51056 77.5
    endloop
  endfacet
  facet normal 0.207914 0.978147 0
    outer loop
      vertex 1.04528 9.94522 77.5
      vertex 3.09017 9.51056 76.5
      vertex 1.04528 9.94522 76.5
    endloop
  endfacet
  facet normal 0.207914 0.978147 -0
    outer loop
      vertex 3.09017 9.51056 -69.5
      vertex 1.04528 9.94522 69.5
      vertex 3.09017 9.51056 69.5
    endloop
  endfacet
  facet normal 0.207914 0.978147 0
    outer loop
      vertex 1.04528 9.94522 69.5
      vertex 3.09017 9.51056 -69.5
      vertex 1.04528 9.94522 -69.5
    endloop
  endfacet
  facet normal 0.207914 0.978147 -0
    outer loop
      vertex 3.09017 9.51056 -77.5
      vertex 1.04528 9.94522 -76.5
      vertex 3.09017 9.51056 -76.5
    endloop
  endfacet
  facet normal 0.207914 0.978147 0
    outer loop
      vertex 1.04528 9.94522 -76.5
      vertex 3.09017 9.51056 -77.5
      vertex 1.04528 9.94522 -77.5
    endloop
  endfacet
  facet normal -0.207914 -0.978147 0
    outer loop
      vertex 1.04528 9.94522 -110
      vertex 3.09017 9.51056 -80
      vertex 1.04528 9.94522 -80
    endloop
  endfacet
  facet normal -0.207914 -0.978147 -0
    outer loop
      vertex 3.09017 9.51056 -80
      vertex 1.04528 9.94522 -110
      vertex 3.09017 9.51056 -110
    endloop
  endfacet
  facet normal -0.994522 -0.104526 0
    outer loop
      vertex -9.78148 -2.07912 76.5
      vertex -10 0 77.5
      vertex -10 0 76.5
    endloop
  endfacet
  facet normal -0.994522 -0.104526 0
    outer loop
      vertex -10 0 77.5
      vertex -9.78148 -2.07912 76.5
      vertex -9.78148 -2.07912 77.5
    endloop
  endfacet
  facet normal -0.994522 -0.104526 0
    outer loop
      vertex -9.78148 -2.07912 -69.5
      vertex -10 0 69.5
      vertex -10 0 -69.5
    endloop
  endfacet
  facet normal -0.994522 -0.104526 0
    outer loop
      vertex -10 0 69.5
      vertex -9.78148 -2.07912 -69.5
      vertex -9.78148 -2.07912 69.5
    endloop
  endfacet
  facet normal -0.994522 -0.104526 0
    outer loop
      vertex -9.78148 -2.07912 -77.5
      vertex -10 0 -76.5
      vertex -10 0 -77.5
    endloop
  endfacet
  facet normal -0.994522 -0.104526 0
    outer loop
      vertex -10 0 -76.5
      vertex -9.78148 -2.07912 -77.5
      vertex -9.78148 -2.07912 -76.5
    endloop
  endfacet
  facet normal 0.994522 0.104526 0
    outer loop
      vertex -9.78148 -2.07912 110
      vertex -10 0 80
      vertex -10 0 110
    endloop
  endfacet
  facet normal 0.994522 0.104526 0
    outer loop
      vertex -10 0 80
      vertex -9.78148 -2.07912 110
      vertex -9.78148 -2.07912 80
    endloop
  endfacet
  facet normal 0.994522 0.104526 0
    outer loop
      vertex -9.78148 -2.07912 -80
      vertex -10 0 -110
      vertex -10 0 -80
    endloop
  endfacet
  facet normal 0.994522 0.104526 0
    outer loop
      vertex -10 0 -110
      vertex -9.78148 -2.07912 -80
      vertex -9.78148 -2.07912 -110
    endloop
  endfacet
  facet normal -0.866026 -0.5 0
    outer loop
      vertex -8.09017 -5.87785 76.5
      vertex -9.13545 -4.06737 77.5
      vertex -9.13545 -4.06737 76.5
    endloop
  endfacet
  facet normal -0.866026 -0.5 0
    outer loop
      vertex -9.13545 -4.06737 77.5
      vertex -8.09017 -5.87785 76.5
      vertex -8.09017 -5.87785 77.5
    endloop
  endfacet
  facet normal -0.866026 -0.5 0
    outer loop
      vertex -8.09017 -5.87785 -69.5
      vertex -9.13545 -4.06737 69.5
      vertex -9.13545 -4.06737 -69.5
    endloop
  endfacet
  facet normal -0.866026 -0.5 0
    outer loop
      vertex -9.13545 -4.06737 69.5
      vertex -8.09017 -5.87785 -69.5
      vertex -8.09017 -5.87785 69.5
    endloop
  endfacet
  facet normal -0.866026 -0.5 0
    outer loop
      vertex -8.09017 -5.87785 -77.5
      vertex -9.13545 -4.06737 -76.5
      vertex -9.13545 -4.06737 -77.5
    endloop
  endfacet
  facet normal -0.866026 -0.5 0
    outer loop
      vertex -9.13545 -4.06737 -76.5
      vertex -8.09017 -5.87785 -77.5
      vertex -8.09017 -5.87785 -76.5
    endloop
  endfacet
  facet normal 0.866026 0.5 0
    outer loop
      vertex -8.09017 -5.87785 110
      vertex -9.13545 -4.06737 80
      vertex -9.13545 -4.06737 110
    endloop
  endfacet
  facet normal 0.866026 0.5 0
    outer loop
      vertex -9.13545 -4.06737 80
      vertex -8.09017 -5.87785 110
      vertex -8.09017 -5.87785 80
    endloop
  endfacet
  facet normal 0.866026 0.5 0
    outer loop
      vertex -8.09017 -5.87785 -80
      vertex -9.13545 -4.06737 -110
      vertex -9.13545 -4.06737 -80
    endloop
  endfacet
  facet normal 0.866026 0.5 0
    outer loop
      vertex -9.13545 -4.06737 -110
      vertex -8.09017 -5.87785 -80
      vertex -8.09017 -5.87785 -110
    endloop
  endfacet
  facet normal 0.866026 -0.5 0
    outer loop
      vertex -9.13545 4.06737 110
      vertex -8.09017 5.87785 80
      vertex -8.09017 5.87785 110
    endloop
  endfacet
  facet normal 0.866026 -0.5 0
    outer loop
      vertex -8.09017 5.87785 80
      vertex -9.13545 4.06737 110
      vertex -9.13545 4.06737 80
    endloop
  endfacet
  facet normal -0.866026 0.5 0
    outer loop
      vertex -9.13545 4.06737 76.5
      vertex -8.09017 5.87785 77.5
      vertex -8.09017 5.87785 76.5
    endloop
  endfacet
  facet normal -0.866026 0.5 0
    outer loop
      vertex -8.09017 5.87785 77.5
      vertex -9.13545 4.06737 76.5
      vertex -9.13545 4.06737 77.5
    endloop
  endfacet
  facet normal -0.866026 0.5 0
    outer loop
      vertex -9.13545 4.06737 -69.5
      vertex -8.09017 5.87785 69.5
      vertex -8.09017 5.87785 -69.5
    endloop
  endfacet
  facet normal -0.866026 0.5 0
    outer loop
      vertex -8.09017 5.87785 69.5
      vertex -9.13545 4.06737 -69.5
      vertex -9.13545 4.06737 69.5
    endloop
  endfacet
  facet normal -0.866026 0.5 0
    outer loop
      vertex -9.13545 4.06737 -77.5
      vertex -8.09017 5.87785 -76.5
      vertex -8.09017 5.87785 -77.5
    endloop
  endfacet
  facet normal -0.866026 0.5 0
    outer loop
      vertex -8.09017 5.87785 -76.5
      vertex -9.13545 4.06737 -77.5
      vertex -9.13545 4.06737 -76.5
    endloop
  endfacet
  facet normal 0.866026 -0.5 0
    outer loop
      vertex -9.13545 4.06737 -80
      vertex -8.09017 5.87785 -110
      vertex -8.09017 5.87785 -80
    endloop
  endfacet
  facet normal 0.866026 -0.5 0
    outer loop
      vertex -8.09017 5.87785 -110
      vertex -9.13545 4.06737 -80
      vertex -9.13545 4.06737 -110
    endloop
  endfacet
  facet normal 0.866026 -0.5 0
    outer loop
      vertex 8.09017 -5.87785 77.5
      vertex 9.13545 -4.06737 76.5
      vertex 9.13545 -4.06737 77.5
    endloop
  endfacet
  facet normal 0.866026 -0.5 0
    outer loop
      vertex 9.13545 -4.06737 76.5
      vertex 8.09017 -5.87785 77.5
      vertex 8.09017 -5.87785 76.5
    endloop
  endfacet
  facet normal 0.866026 -0.5 0
    outer loop
      vertex 8.09017 -5.87785 69.5
      vertex 9.13545 -4.06737 -69.5
      vertex 9.13545 -4.06737 69.5
    endloop
  endfacet
  facet normal 0.866026 -0.5 0
    outer loop
      vertex 9.13545 -4.06737 -69.5
      vertex 8.09017 -5.87785 69.5
      vertex 8.09017 -5.87785 -69.5
    endloop
  endfacet
  facet normal 0.866026 -0.5 0
    outer loop
      vertex 8.09017 -5.87785 -76.5
      vertex 9.13545 -4.06737 -77.5
      vertex 9.13545 -4.06737 -76.5
    endloop
  endfacet
  facet normal 0.866026 -0.5 0
    outer loop
      vertex 9.13545 -4.06737 -77.5
      vertex 8.09017 -5.87785 -76.5
      vertex 8.09017 -5.87785 -77.5
    endloop
  endfacet
  facet normal -0.866026 0.5 0
    outer loop
      vertex 8.09017 -5.87785 80
      vertex 9.13545 -4.06737 110
      vertex 9.13545 -4.06737 80
    endloop
  endfacet
  facet normal -0.866026 0.5 0
    outer loop
      vertex 9.13545 -4.06737 110
      vertex 8.09017 -5.87785 80
      vertex 8.09017 -5.87785 110
    endloop
  endfacet
  facet normal -0.866026 0.5 0
    outer loop
      vertex 8.09017 -5.87785 -110
      vertex 9.13545 -4.06737 -80
      vertex 9.13545 -4.06737 -110
    endloop
  endfacet
  facet normal -0.866026 0.5 0
    outer loop
      vertex 9.13545 -4.06737 -80
      vertex 8.09017 -5.87785 -110
      vertex 8.09017 -5.87785 -80
    endloop
  endfacet
  facet normal -0.587783 -0.809019 0
    outer loop
      vertex 5 8.66025 80
      vertex 6.69131 7.43145 110
      vertex 5 8.66025 110
    endloop
  endfacet
  facet normal -0.587783 -0.809019 -0
    outer loop
      vertex 6.69131 7.43145 110
      vertex 5 8.66025 80
      vertex 6.69131 7.43145 80
    endloop
  endfacet
  facet normal 0.587783 0.809019 -0
    outer loop
      vertex 6.69131 7.43145 76.5
      vertex 5 8.66025 77.5
      vertex 6.69131 7.43145 77.5
    endloop
  endfacet
  facet normal 0.587783 0.809019 0
    outer loop
      vertex 5 8.66025 77.5
      vertex 6.69131 7.43145 76.5
      vertex 5 8.66025 76.5
    endloop
  endfacet
  facet normal 0.587783 0.809019 -0
    outer loop
      vertex 6.69131 7.43145 -69.5
      vertex 5 8.66025 69.5
      vertex 6.69131 7.43145 69.5
    endloop
  endfacet
  facet normal 0.587783 0.809019 0
    outer loop
      vertex 5 8.66025 69.5
      vertex 6.69131 7.43145 -69.5
      vertex 5 8.66025 -69.5
    endloop
  endfacet
  facet normal 0.587783 0.809019 -0
    outer loop
      vertex 6.69131 7.43145 -77.5
      vertex 5 8.66025 -76.5
      vertex 6.69131 7.43145 -76.5
    endloop
  endfacet
  facet normal 0.587783 0.809019 0
    outer loop
      vertex 5 8.66025 -76.5
      vertex 6.69131 7.43145 -77.5
      vertex 5 8.66025 -77.5
    endloop
  endfacet
  facet normal -0.587783 -0.809019 0
    outer loop
      vertex 5 8.66025 -110
      vertex 6.69131 7.43145 -80
      vertex 5 8.66025 -80
    endloop
  endfacet
  facet normal -0.587783 -0.809019 -0
    outer loop
      vertex 6.69131 7.43145 -80
      vertex 5 8.66025 -110
      vertex 6.69131 7.43145 -110
    endloop
  endfacet
  facet normal 0.587783 -0.809019 0
    outer loop
      vertex -6.69131 7.43145 80
      vertex -5 8.66025 110
      vertex -6.69131 7.43145 110
    endloop
  endfacet
  facet normal 0.587783 -0.809019 0
    outer loop
      vertex -5 8.66025 110
      vertex -6.69131 7.43145 80
      vertex -5 8.66025 80
    endloop
  endfacet
  facet normal -0.587783 0.809019 0
    outer loop
      vertex -5 8.66025 76.5
      vertex -6.69131 7.43145 77.5
      vertex -5 8.66025 77.5
    endloop
  endfacet
  facet normal -0.587783 0.809019 0
    outer loop
      vertex -6.69131 7.43145 77.5
      vertex -5 8.66025 76.5
      vertex -6.69131 7.43145 76.5
    endloop
  endfacet
  facet normal -0.587783 0.809019 0
    outer loop
      vertex -5 8.66025 -69.5
      vertex -6.69131 7.43145 69.5
      vertex -5 8.66025 69.5
    endloop
  endfacet
  facet normal -0.587783 0.809019 0
    outer loop
      vertex -6.69131 7.43145 69.5
      vertex -5 8.66025 -69.5
      vertex -6.69131 7.43145 -69.5
    endloop
  endfacet
  facet normal -0.587783 0.809019 0
    outer loop
      vertex -5 8.66025 -77.5
      vertex -6.69131 7.43145 -76.5
      vertex -5 8.66025 -76.5
    endloop
  endfacet
  facet normal -0.587783 0.809019 0
    outer loop
      vertex -6.69131 7.43145 -76.5
      vertex -5 8.66025 -77.5
      vertex -6.69131 7.43145 -77.5
    endloop
  endfacet
  facet normal 0.587783 -0.809019 0
    outer loop
      vertex -6.69131 7.43145 -110
      vertex -5 8.66025 -80
      vertex -6.69131 7.43145 -80
    endloop
  endfacet
  facet normal 0.587783 -0.809019 0
    outer loop
      vertex -5 8.66025 -80
      vertex -6.69131 7.43145 -110
      vertex -5 8.66025 -110
    endloop
  endfacet
  facet normal 0.207914 -0.978147 0
    outer loop
      vertex -3.09017 9.51056 80
      vertex -1.04528 9.94522 110
      vertex -3.09017 9.51056 110
    endloop
  endfacet
  facet normal 0.207914 -0.978147 0
    outer loop
      vertex -1.04528 9.94522 110
      vertex -3.09017 9.51056 80
      vertex -1.04528 9.94522 80
    endloop
  endfacet
  facet normal -0.207914 0.978147 0
    outer loop
      vertex -1.04528 9.94522 76.5
      vertex -3.09017 9.51056 77.5
      vertex -1.04528 9.94522 77.5
    endloop
  endfacet
  facet normal -0.207914 0.978147 0
    outer loop
      vertex -3.09017 9.51056 77.5
      vertex -1.04528 9.94522 76.5
      vertex -3.09017 9.51056 76.5
    endloop
  endfacet
  facet normal -0.207914 0.978147 0
    outer loop
      vertex -1.04528 9.94522 -69.5
      vertex -3.09017 9.51056 69.5
      vertex -1.04528 9.94522 69.5
    endloop
  endfacet
  facet normal -0.207914 0.978147 0
    outer loop
      vertex -3.09017 9.51056 69.5
      vertex -1.04528 9.94522 -69.5
      vertex -3.09017 9.51056 -69.5
    endloop
  endfacet
  facet normal -0.207914 0.978147 0
    outer loop
      vertex -1.04528 9.94522 -77.5
      vertex -3.09017 9.51056 -76.5
      vertex -1.04528 9.94522 -76.5
    endloop
  endfacet
  facet normal -0.207914 0.978147 0
    outer loop
      vertex -3.09017 9.51056 -76.5
      vertex -1.04528 9.94522 -77.5
      vertex -3.09017 9.51056 -77.5
    endloop
  endfacet
  facet normal 0.207914 -0.978147 0
    outer loop
      vertex -3.09017 9.51056 -110
      vertex -1.04528 9.94522 -80
      vertex -3.09017 9.51056 -80
    endloop
  endfacet
  facet normal 0.207914 -0.978147 0
    outer loop
      vertex -1.04528 9.94522 -80
      vertex -3.09017 9.51056 -110
      vertex -1.04528 9.94522 -110
    endloop
  endfacet
  facet normal 0 -1 0
    outer loop
      vertex -1.04528 -9.94522 76.5
      vertex 1.04528 -9.94522 77.5
      vertex -1.04528 -9.94522 77.5
    endloop
  endfacet
  facet normal 0 -1 -0
    outer loop
      vertex 1.04528 -9.94522 77.5
      vertex -1.04528 -9.94522 76.5
      vertex 1.04528 -9.94522 76.5
    endloop
  endfacet
  facet normal 0 -1 0
    outer loop
      vertex -1.04528 -9.94522 -69.5
      vertex 1.04528 -9.94522 69.5
      vertex -1.04528 -9.94522 69.5
    endloop
  endfacet
  facet normal 0 -1 -0
    outer loop
      vertex 1.04528 -9.94522 69.5
      vertex -1.04528 -9.94522 -69.5
      vertex 1.04528 -9.94522 -69.5
    endloop
  endfacet
  facet normal 0 -1 0
    outer loop
      vertex -1.04528 -9.94522 -77.5
      vertex 1.04528 -9.94522 -76.5
      vertex -1.04528 -9.94522 -76.5
    endloop
  endfacet
  facet normal 0 -1 -0
    outer loop
      vertex 1.04528 -9.94522 -76.5
      vertex -1.04528 -9.94522 -77.5
      vertex 1.04528 -9.94522 -77.5
    endloop
  endfacet
  facet normal 0 1 -0
    outer loop
      vertex 1.04528 -9.94522 80
      vertex -1.04528 -9.94522 110
      vertex 1.04528 -9.94522 110
    endloop
  endfacet
  facet normal 0 1 0
    outer loop
      vertex -1.04528 -9.94522 110
      vertex 1.04528 -9.94522 80
      vertex -1.04528 -9.94522 80
    endloop
  endfacet
  facet normal 0 1 -0
    outer loop
      vertex 1.04528 -9.94522 -110
      vertex -1.04528 -9.94522 -80
      vertex 1.04528 -9.94522 -80
    endloop
  endfacet
  facet normal 0 1 0
    outer loop
      vertex -1.04528 -9.94522 -80
      vertex 1.04528 -9.94522 -110
      vertex -1.04528 -9.94522 -110
    endloop
  endfacet
  facet normal 0.994522 -0.104526 0
    outer loop
      vertex -10 0 110
      vertex -9.78148 2.07912 80
      vertex -9.78148 2.07912 110
    endloop
  endfacet
  facet normal 0.994522 -0.104526 0
    outer loop
      vertex -9.78148 2.07912 80
      vertex -10 0 110
      vertex -10 0 80
    endloop
  endfacet
  facet normal -0.994522 0.104526 0
    outer loop
      vertex -10 0 76.5
      vertex -9.78148 2.07912 77.5
      vertex -9.78148 2.07912 76.5
    endloop
  endfacet
  facet normal -0.994522 0.104526 0
    outer loop
      vertex -9.78148 2.07912 77.5
      vertex -10 0 76.5
      vertex -10 0 77.5
    endloop
  endfacet
  facet normal -0.994522 0.104526 0
    outer loop
      vertex -10 0 -69.5
      vertex -9.78148 2.07912 69.5
      vertex -9.78148 2.07912 -69.5
    endloop
  endfacet
  facet normal -0.994522 0.104526 0
    outer loop
      vertex -9.78148 2.07912 69.5
      vertex -10 0 -69.5
      vertex -10 0 69.5
    endloop
  endfacet
  facet normal -0.994522 0.104526 0
    outer loop
      vertex -10 0 -77.5
      vertex -9.78148 2.07912 -76.5
      vertex -9.78148 2.07912 -77.5
    endloop
  endfacet
  facet normal -0.994522 0.104526 0
    outer loop
      vertex -9.78148 2.07912 -76.5
      vertex -10 0 -77.5
      vertex -10 0 -76.5
    endloop
  endfacet
  facet normal 0.994522 -0.104526 0
    outer loop
      vertex -10 0 -80
      vertex -9.78148 2.07912 -110
      vertex -9.78148 2.07912 -80
    endloop
  endfacet
  facet normal 0.994522 -0.104526 0
    outer loop
      vertex -9.78148 2.07912 -110
      vertex -10 0 -80
      vertex -10 0 -110
    endloop
  endfacet
  facet normal 0.382676 0.923883 -0
    outer loop
      vertex 26.7678 1.76777 76.5
      vertex 25 2.5 77.5
      vertex 26.7678 1.76777 77.5
    endloop
  endfacet
  facet normal 0.382676 0.923883 0
    outer loop
      vertex 25 2.5 77.5
      vertex 26.7678 1.76777 76.5
      vertex 25 2.5 76.5
    endloop
  endfacet
  facet normal 0.382676 0.923883 -0
    outer loop
      vertex 26.7678 1.76777 82.5
      vertex 25 2.5 90.5
      vertex 26.7678 1.76777 90.5
    endloop
  endfacet
  facet normal 0.382676 0.923883 0
    outer loop
      vertex 25 2.5 90.5
      vertex 26.7678 1.76777 82.5
      vertex 25 2.5 82.5
    endloop
  endfacet
  facet normal 0.382676 0.923883 -0
    outer loop
      vertex 26.7678 1.76777 67.5
      vertex 25 2.5 69.5
      vertex 26.7678 1.76777 69.5
    endloop
  endfacet
  facet normal 0.382676 0.923883 0
    outer loop
      vertex 25 2.5 69.5
      vertex 26.7678 1.76777 67.5
      vertex 25 2.5 67.5
    endloop
  endfacet
  facet normal 0.923886 0.382668 0
    outer loop
      vertex 27.5 0 77.5
      vertex 26.7678 1.76777 76.5
      vertex 26.7678 1.76777 77.5
    endloop
  endfacet
  facet normal 0.923886 0.382668 0
    outer loop
      vertex 26.7678 1.76777 76.5
      vertex 27.5 0 77.5
      vertex 27.5 0 76.5
    endloop
  endfacet
  facet normal 0.923886 0.382668 0
    outer loop
      vertex 27.5 0 90.5
      vertex 26.7678 1.76777 82.5
      vertex 26.7678 1.76777 90.5
    endloop
  endfacet
  facet normal 0.923886 0.382668 0
    outer loop
      vertex 26.7678 1.76777 82.5
      vertex 27.5 0 90.5
      vertex 27.5 0 82.5
    endloop
  endfacet
  facet normal 0.923886 0.382668 0
    outer loop
      vertex 27.5 0 69.5
      vertex 26.7678 1.76777 67.5
      vertex 26.7678 1.76777 69.5
    endloop
  endfacet
  facet normal 0.923886 0.382668 0
    outer loop
      vertex 26.7678 1.76777 67.5
      vertex 27.5 0 69.5
      vertex 27.5 0 67.5
    endloop
  endfacet
  facet normal 0.923886 -0.382668 0
    outer loop
      vertex 26.7678 -1.76777 77.5
      vertex 27.5 0 76.5
      vertex 27.5 0 77.5
    endloop
  endfacet
  facet normal 0.923886 -0.382668 0
    outer loop
      vertex 27.5 0 76.5
      vertex 26.7678 -1.76777 77.5
      vertex 26.7678 -1.76777 76.5
    endloop
  endfacet
  facet normal 0.923886 -0.382668 0
    outer loop
      vertex 26.7678 -1.76777 90.5
      vertex 27.5 0 82.5
      vertex 27.5 0 90.5
    endloop
  endfacet
  facet normal 0.923886 -0.382668 0
    outer loop
      vertex 27.5 0 82.5
      vertex 26.7678 -1.76777 90.5
      vertex 26.7678 -1.76777 82.5
    endloop
  endfacet
  facet normal 0.923886 -0.382668 0
    outer loop
      vertex 26.7678 -1.76777 69.5
      vertex 27.5 0 67.5
      vertex 27.5 0 69.5
    endloop
  endfacet
  facet normal 0.923886 -0.382668 0
    outer loop
      vertex 27.5 0 67.5
      vertex 26.7678 -1.76777 69.5
      vertex 26.7678 -1.76777 67.5
    endloop
  endfacet
  facet normal 0.382676 -0.923883 0
    outer loop
      vertex 25 -2.5 76.5
      vertex 26.7678 -1.76777 77.5
      vertex 25 -2.5 77.5
    endloop
  endfacet
  facet normal 0.382676 -0.923883 0
    outer loop
      vertex 26.7678 -1.76777 77.5
      vertex 25 -2.5 76.5
      vertex 26.7678 -1.76777 76.5
    endloop
  endfacet
  facet normal 0.382676 -0.923883 0
    outer loop
      vertex 25 -2.5 82.5
      vertex 26.7678 -1.76777 90.5
      vertex 25 -2.5 90.5
    endloop
  endfacet
  facet normal 0.382676 -0.923883 0
    outer loop
      vertex 26.7678 -1.76777 90.5
      vertex 25 -2.5 82.5
      vertex 26.7678 -1.76777 82.5
    endloop
  endfacet
  facet normal 0.382676 -0.923883 0
    outer loop
      vertex 25 -2.5 67.5
      vertex 26.7678 -1.76777 69.5
      vertex 25 -2.5 69.5
    endloop
  endfacet
  facet normal 0.382676 -0.923883 0
    outer loop
      vertex 26.7678 -1.76777 69.5
      vertex 25 -2.5 67.5
      vertex 26.7678 -1.76777 67.5
    endloop
  endfacet
  facet normal 0.382663 0.923888 -0
    outer loop
      vertex 14.2678 23.4184 76.5
      vertex 12.5 24.1506 77.5
      vertex 14.2678 23.4184 77.5
    endloop
  endfacet
  facet normal 0.382663 0.923888 0
    outer loop
      vertex 12.5 24.1506 77.5
      vertex 14.2678 23.4184 76.5
      vertex 12.5 24.1506 76.5
    endloop
  endfacet
  facet normal 0.382663 0.923888 -0
    outer loop
      vertex 14.2678 23.4184 82.5
      vertex 12.5 24.1506 90.5
      vertex 14.2678 23.4184 90.5
    endloop
  endfacet
  facet normal 0.382663 0.923888 0
    outer loop
      vertex 12.5 24.1506 90.5
      vertex 14.2678 23.4184 82.5
      vertex 12.5 24.1506 82.5
    endloop
  endfacet
  facet normal 0.382663 0.923888 -0
    outer loop
      vertex 14.2678 23.4184 67.5
      vertex 12.5 24.1506 69.5
      vertex 14.2678 23.4184 69.5
    endloop
  endfacet
  facet normal 0.382663 0.923888 0
    outer loop
      vertex 12.5 24.1506 69.5
      vertex 14.2678 23.4184 67.5
      vertex 12.5 24.1506 67.5
    endloop
  endfacet
  facet normal 0.923888 0.382663 0
    outer loop
      vertex 15 21.6506 77.5
      vertex 14.2678 23.4184 76.5
      vertex 14.2678 23.4184 77.5
    endloop
  endfacet
  facet normal 0.923888 0.382663 0
    outer loop
      vertex 14.2678 23.4184 76.5
      vertex 15 21.6506 77.5
      vertex 15 21.6506 76.5
    endloop
  endfacet
  facet normal 0.923888 0.382663 0
    outer loop
      vertex 15 21.6506 90.5
      vertex 14.2678 23.4184 82.5
      vertex 14.2678 23.4184 90.5
    endloop
  endfacet
  facet normal 0.923888 0.382663 0
    outer loop
      vertex 14.2678 23.4184 82.5
      vertex 15 21.6506 90.5
      vertex 15 21.6506 82.5
    endloop
  endfacet
  facet normal 0.923888 0.382663 0
    outer loop
      vertex 15 21.6506 69.5
      vertex 14.2678 23.4184 67.5
      vertex 14.2678 23.4184 69.5
    endloop
  endfacet
  facet normal 0.923888 0.382663 0
    outer loop
      vertex 14.2678 23.4184 67.5
      vertex 15 21.6506 69.5
      vertex 15 21.6506 67.5
    endloop
  endfacet
  facet normal -0.382663 0.923888 0
    outer loop
      vertex 12.5 24.1506 76.5
      vertex 10.7322 23.4184 77.5
      vertex 12.5 24.1506 77.5
    endloop
  endfacet
  facet normal -0.382663 0.923888 0
    outer loop
      vertex 10.7322 23.4184 77.5
      vertex 12.5 24.1506 76.5
      vertex 10.7322 23.4184 76.5
    endloop
  endfacet
  facet normal -0.382663 0.923888 0
    outer loop
      vertex 12.5 24.1506 82.5
      vertex 10.7322 23.4184 90.5
      vertex 12.5 24.1506 90.5
    endloop
  endfacet
  facet normal -0.382663 0.923888 0
    outer loop
      vertex 10.7322 23.4184 90.5
      vertex 12.5 24.1506 82.5
      vertex 10.7322 23.4184 82.5
    endloop
  endfacet
  facet normal -0.382663 0.923888 0
    outer loop
      vertex 12.5 24.1506 67.5
      vertex 10.7322 23.4184 69.5
      vertex 12.5 24.1506 69.5
    endloop
  endfacet
  facet normal -0.382663 0.923888 0
    outer loop
      vertex 10.7322 23.4184 69.5
      vertex 12.5 24.1506 67.5
      vertex 10.7322 23.4184 67.5
    endloop
  endfacet
  facet normal 0.382663 0.923888 -0
    outer loop
      vertex -10.7322 23.4184 76.5
      vertex -12.5 24.1506 77.5
      vertex -10.7322 23.4184 77.5
    endloop
  endfacet
  facet normal 0.382663 0.923888 0
    outer loop
      vertex -12.5 24.1506 77.5
      vertex -10.7322 23.4184 76.5
      vertex -12.5 24.1506 76.5
    endloop
  endfacet
  facet normal 0.382663 0.923888 -0
    outer loop
      vertex -10.7322 23.4184 82.5
      vertex -12.5 24.1506 90.5
      vertex -10.7322 23.4184 90.5
    endloop
  endfacet
  facet normal 0.382663 0.923888 0
    outer loop
      vertex -12.5 24.1506 90.5
      vertex -10.7322 23.4184 82.5
      vertex -12.5 24.1506 82.5
    endloop
  endfacet
  facet normal 0.382663 0.923888 -0
    outer loop
      vertex -10.7322 23.4184 67.5
      vertex -12.5 24.1506 69.5
      vertex -10.7322 23.4184 69.5
    endloop
  endfacet
  facet normal 0.382663 0.923888 0
    outer loop
      vertex -12.5 24.1506 69.5
      vertex -10.7322 23.4184 67.5
      vertex -12.5 24.1506 67.5
    endloop
  endfacet
  facet normal -0.923888 0.382663 0
    outer loop
      vertex -15 21.6506 76.5
      vertex -14.2678 23.4184 77.5
      vertex -14.2678 23.4184 76.5
    endloop
  endfacet
  facet normal -0.923888 0.382663 0
    outer loop
      vertex -14.2678 23.4184 77.5
      vertex -15 21.6506 76.5
      vertex -15 21.6506 77.5
    endloop
  endfacet
  facet normal -0.923888 0.382663 0
    outer loop
      vertex -15 21.6506 82.5
      vertex -14.2678 23.4184 90.5
      vertex -14.2678 23.4184 82.5
    endloop
  endfacet
  facet normal -0.923888 0.382663 0
    outer loop
      vertex -14.2678 23.4184 90.5
      vertex -15 21.6506 82.5
      vertex -15 21.6506 90.5
    endloop
  endfacet
  facet normal -0.923888 0.382663 0
    outer loop
      vertex -15 21.6506 67.5
      vertex -14.2678 23.4184 69.5
      vertex -14.2678 23.4184 67.5
    endloop
  endfacet
  facet normal -0.923888 0.382663 0
    outer loop
      vertex -14.2678 23.4184 69.5
      vertex -15 21.6506 67.5
      vertex -15 21.6506 69.5
    endloop
  endfacet
  facet normal -0.382663 0.923888 0
    outer loop
      vertex -12.5 24.1506 76.5
      vertex -14.2678 23.4184 77.5
      vertex -12.5 24.1506 77.5
    endloop
  endfacet
  facet normal -0.382663 0.923888 0
    outer loop
      vertex -14.2678 23.4184 77.5
      vertex -12.5 24.1506 76.5
      vertex -14.2678 23.4184 76.5
    endloop
  endfacet
  facet normal -0.382663 0.923888 0
    outer loop
      vertex -12.5 24.1506 82.5
      vertex -14.2678 23.4184 90.5
      vertex -12.5 24.1506 90.5
    endloop
  endfacet
  facet normal -0.382663 0.923888 0
    outer loop
      vertex -14.2678 23.4184 90.5
      vertex -12.5 24.1506 82.5
      vertex -14.2678 23.4184 82.5
    endloop
  endfacet
  facet normal -0.382663 0.923888 0
    outer loop
      vertex -12.5 24.1506 67.5
      vertex -14.2678 23.4184 69.5
      vertex -12.5 24.1506 69.5
    endloop
  endfacet
  facet normal -0.382663 0.923888 0
    outer loop
      vertex -14.2678 23.4184 69.5
      vertex -12.5 24.1506 67.5
      vertex -14.2678 23.4184 67.5
    endloop
  endfacet
  facet normal -0.923886 -0.382668 0
    outer loop
      vertex -26.7678 -1.76777 76.5
      vertex -27.5 0 77.5
      vertex -27.5 0 76.5
    endloop
  endfacet
  facet normal -0.923886 -0.382668 0
    outer loop
      vertex -27.5 0 77.5
      vertex -26.7678 -1.76777 76.5
      vertex -26.7678 -1.76777 77.5
    endloop
  endfacet
  facet normal -0.923886 -0.382668 0
    outer loop
      vertex -26.7678 -1.76777 82.5
      vertex -27.5 0 90.5
      vertex -27.5 0 82.5
    endloop
  endfacet
  facet normal -0.923886 -0.382668 0
    outer loop
      vertex -27.5 0 90.5
      vertex -26.7678 -1.76777 82.5
      vertex -26.7678 -1.76777 90.5
    endloop
  endfacet
  facet normal -0.923886 -0.382668 0
    outer loop
      vertex -26.7678 -1.76777 67.5
      vertex -27.5 0 69.5
      vertex -27.5 0 67.5
    endloop
  endfacet
  facet normal -0.923886 -0.382668 0
    outer loop
      vertex -27.5 0 69.5
      vertex -26.7678 -1.76777 67.5
      vertex -26.7678 -1.76777 69.5
    endloop
  endfacet
  facet normal -0.382676 0.923883 0
    outer loop
      vertex -25 2.5 76.5
      vertex -26.7678 1.76777 77.5
      vertex -25 2.5 77.5
    endloop
  endfacet
  facet normal -0.382676 0.923883 0
    outer loop
      vertex -26.7678 1.76777 77.5
      vertex -25 2.5 76.5
      vertex -26.7678 1.76777 76.5
    endloop
  endfacet
  facet normal -0.382676 0.923883 0
    outer loop
      vertex -25 2.5 82.5
      vertex -26.7678 1.76777 90.5
      vertex -25 2.5 90.5
    endloop
  endfacet
  facet normal -0.382676 0.923883 0
    outer loop
      vertex -26.7678 1.76777 90.5
      vertex -25 2.5 82.5
      vertex -26.7678 1.76777 82.5
    endloop
  endfacet
  facet normal -0.382676 0.923883 0
    outer loop
      vertex -25 2.5 67.5
      vertex -26.7678 1.76777 69.5
      vertex -25 2.5 69.5
    endloop
  endfacet
  facet normal -0.382676 0.923883 0
    outer loop
      vertex -26.7678 1.76777 69.5
      vertex -25 2.5 67.5
      vertex -26.7678 1.76777 67.5
    endloop
  endfacet
  facet normal -0.382676 -0.923883 0
    outer loop
      vertex -26.7678 -1.76777 76.5
      vertex -25 -2.5 77.5
      vertex -26.7678 -1.76777 77.5
    endloop
  endfacet
  facet normal -0.382676 -0.923883 -0
    outer loop
      vertex -25 -2.5 77.5
      vertex -26.7678 -1.76777 76.5
      vertex -25 -2.5 76.5
    endloop
  endfacet
  facet normal -0.382676 -0.923883 0
    outer loop
      vertex -26.7678 -1.76777 82.5
      vertex -25 -2.5 90.5
      vertex -26.7678 -1.76777 90.5
    endloop
  endfacet
  facet normal -0.382676 -0.923883 -0
    outer loop
      vertex -25 -2.5 90.5
      vertex -26.7678 -1.76777 82.5
      vertex -25 -2.5 82.5
    endloop
  endfacet
  facet normal -0.382676 -0.923883 0
    outer loop
      vertex -26.7678 -1.76777 67.5
      vertex -25 -2.5 69.5
      vertex -26.7678 -1.76777 69.5
    endloop
  endfacet
  facet normal -0.382676 -0.923883 -0
    outer loop
      vertex -25 -2.5 69.5
      vertex -26.7678 -1.76777 67.5
      vertex -25 -2.5 67.5
    endloop
  endfacet
  facet normal -0.923886 0.382668 0
    outer loop
      vertex -27.5 0 76.5
      vertex -26.7678 1.76777 77.5
      vertex -26.7678 1.76777 76.5
    endloop
  endfacet
  facet normal -0.923886 0.382668 0
    outer loop
      vertex -26.7678 1.76777 77.5
      vertex -27.5 0 76.5
      vertex -27.5 0 77.5
    endloop
  endfacet
  facet normal -0.923886 0.382668 0
    outer loop
      vertex -27.5 0 82.5
      vertex -26.7678 1.76777 90.5
      vertex -26.7678 1.76777 82.5
    endloop
  endfacet
  facet normal -0.923886 0.382668 0
    outer loop
      vertex -26.7678 1.76777 90.5
      vertex -27.5 0 82.5
      vertex -27.5 0 90.5
    endloop
  endfacet
  facet normal -0.923886 0.382668 0
    outer loop
      vertex -27.5 0 67.5
      vertex -26.7678 1.76777 69.5
      vertex -26.7678 1.76777 67.5
    endloop
  endfacet
  facet normal -0.923886 0.382668 0
    outer loop
      vertex -26.7678 1.76777 69.5
      vertex -27.5 0 67.5
      vertex -27.5 0 69.5
    endloop
  endfacet
  facet normal -0.923888 -0.382663 0
    outer loop
      vertex -14.2678 -23.4184 76.5
      vertex -15 -21.6506 77.5
      vertex -15 -21.6506 76.5
    endloop
  endfacet
  facet normal -0.923888 -0.382663 0
    outer loop
      vertex -15 -21.6506 77.5
      vertex -14.2678 -23.4184 76.5
      vertex -14.2678 -23.4184 77.5
    endloop
  endfacet
  facet normal -0.923888 -0.382663 0
    outer loop
      vertex -14.2678 -23.4184 82.5
      vertex -15 -21.6506 90.5
      vertex -15 -21.6506 82.5
    endloop
  endfacet
  facet normal -0.923888 -0.382663 0
    outer loop
      vertex -15 -21.6506 90.5
      vertex -14.2678 -23.4184 82.5
      vertex -14.2678 -23.4184 90.5
    endloop
  endfacet
  facet normal -0.923888 -0.382663 0
    outer loop
      vertex -14.2678 -23.4184 67.5
      vertex -15 -21.6506 69.5
      vertex -15 -21.6506 67.5
    endloop
  endfacet
  facet normal -0.923888 -0.382663 0
    outer loop
      vertex -15 -21.6506 69.5
      vertex -14.2678 -23.4184 67.5
      vertex -14.2678 -23.4184 69.5
    endloop
  endfacet
  facet normal 0.382663 -0.923888 0
    outer loop
      vertex -12.5 -24.1506 76.5
      vertex -10.7322 -23.4184 77.5
      vertex -12.5 -24.1506 77.5
    endloop
  endfacet
  facet normal 0.382663 -0.923888 0
    outer loop
      vertex -10.7322 -23.4184 77.5
      vertex -12.5 -24.1506 76.5
      vertex -10.7322 -23.4184 76.5
    endloop
  endfacet
  facet normal 0.382663 -0.923888 0
    outer loop
      vertex -12.5 -24.1506 82.5
      vertex -10.7322 -23.4184 90.5
      vertex -12.5 -24.1506 90.5
    endloop
  endfacet
  facet normal 0.382663 -0.923888 0
    outer loop
      vertex -10.7322 -23.4184 90.5
      vertex -12.5 -24.1506 82.5
      vertex -10.7322 -23.4184 82.5
    endloop
  endfacet
  facet normal 0.382663 -0.923888 0
    outer loop
      vertex -12.5 -24.1506 67.5
      vertex -10.7322 -23.4184 69.5
      vertex -12.5 -24.1506 69.5
    endloop
  endfacet
  facet normal 0.382663 -0.923888 0
    outer loop
      vertex -10.7322 -23.4184 69.5
      vertex -12.5 -24.1506 67.5
      vertex -10.7322 -23.4184 67.5
    endloop
  endfacet
  facet normal -0.382663 -0.923888 0
    outer loop
      vertex -14.2678 -23.4184 76.5
      vertex -12.5 -24.1506 77.5
      vertex -14.2678 -23.4184 77.5
    endloop
  endfacet
  facet normal -0.382663 -0.923888 -0
    outer loop
      vertex -12.5 -24.1506 77.5
      vertex -14.2678 -23.4184 76.5
      vertex -12.5 -24.1506 76.5
    endloop
  endfacet
  facet normal -0.382663 -0.923888 0
    outer loop
      vertex -14.2678 -23.4184 82.5
      vertex -12.5 -24.1506 90.5
      vertex -14.2678 -23.4184 90.5
    endloop
  endfacet
  facet normal -0.382663 -0.923888 -0
    outer loop
      vertex -12.5 -24.1506 90.5
      vertex -14.2678 -23.4184 82.5
      vertex -12.5 -24.1506 82.5
    endloop
  endfacet
  facet normal -0.382663 -0.923888 0
    outer loop
      vertex -14.2678 -23.4184 67.5
      vertex -12.5 -24.1506 69.5
      vertex -14.2678 -23.4184 69.5
    endloop
  endfacet
  facet normal -0.382663 -0.923888 -0
    outer loop
      vertex -12.5 -24.1506 69.5
      vertex -14.2678 -23.4184 67.5
      vertex -12.5 -24.1506 67.5
    endloop
  endfacet
  facet normal 0.923888 -0.382663 0
    outer loop
      vertex 14.2678 -23.4184 77.5
      vertex 15 -21.6506 76.5
      vertex 15 -21.6506 77.5
    endloop
  endfacet
  facet normal 0.923888 -0.382663 0
    outer loop
      vertex 15 -21.6506 76.5
      vertex 14.2678 -23.4184 77.5
      vertex 14.2678 -23.4184 76.5
    endloop
  endfacet
  facet normal 0.923888 -0.382663 0
    outer loop
      vertex 14.2678 -23.4184 90.5
      vertex 15 -21.6506 82.5
      vertex 15 -21.6506 90.5
    endloop
  endfacet
  facet normal 0.923888 -0.382663 0
    outer loop
      vertex 15 -21.6506 82.5
      vertex 14.2678 -23.4184 90.5
      vertex 14.2678 -23.4184 82.5
    endloop
  endfacet
  facet normal 0.923888 -0.382663 0
    outer loop
      vertex 14.2678 -23.4184 69.5
      vertex 15 -21.6506 67.5
      vertex 15 -21.6506 69.5
    endloop
  endfacet
  facet normal 0.923888 -0.382663 0
    outer loop
      vertex 15 -21.6506 67.5
      vertex 14.2678 -23.4184 69.5
      vertex 14.2678 -23.4184 67.5
    endloop
  endfacet
  facet normal -0.382663 -0.923888 0
    outer loop
      vertex 10.7322 -23.4184 76.5
      vertex 12.5 -24.1506 77.5
      vertex 10.7322 -23.4184 77.5
    endloop
  endfacet
  facet normal -0.382663 -0.923888 -0
    outer loop
      vertex 12.5 -24.1506 77.5
      vertex 10.7322 -23.4184 76.5
      vertex 12.5 -24.1506 76.5
    endloop
  endfacet
  facet normal -0.382663 -0.923888 0
    outer loop
      vertex 10.7322 -23.4184 82.5
      vertex 12.5 -24.1506 90.5
      vertex 10.7322 -23.4184 90.5
    endloop
  endfacet
  facet normal -0.382663 -0.923888 -0
    outer loop
      vertex 12.5 -24.1506 90.5
      vertex 10.7322 -23.4184 82.5
      vertex 12.5 -24.1506 82.5
    endloop
  endfacet
  facet normal -0.382663 -0.923888 0
    outer loop
      vertex 10.7322 -23.4184 67.5
      vertex 12.5 -24.1506 69.5
      vertex 10.7322 -23.4184 69.5
    endloop
  endfacet
  facet normal -0.382663 -0.923888 -0
    outer loop
      vertex 12.5 -24.1506 69.5
      vertex 10.7322 -23.4184 67.5
      vertex 12.5 -24.1506 67.5
    endloop
  endfacet
  facet normal 0.382663 -0.923888 0
    outer loop
      vertex 12.5 -24.1506 76.5
      vertex 14.2678 -23.4184 77.5
      vertex 12.5 -24.1506 77.5
    endloop
  endfacet
  facet normal 0.382663 -0.923888 0
    outer loop
      vertex 14.2678 -23.4184 77.5
      vertex 12.5 -24.1506 76.5
      vertex 14.2678 -23.4184 76.5
    endloop
  endfacet
  facet normal 0.382663 -0.923888 0
    outer loop
      vertex 12.5 -24.1506 82.5
      vertex 14.2678 -23.4184 90.5
      vertex 12.5 -24.1506 90.5
    endloop
  endfacet
  facet normal 0.382663 -0.923888 0
    outer loop
      vertex 14.2678 -23.4184 90.5
      vertex 12.5 -24.1506 82.5
      vertex 14.2678 -23.4184 82.5
    endloop
  endfacet
  facet normal 0.382663 -0.923888 0
    outer loop
      vertex 12.5 -24.1506 67.5
      vertex 14.2678 -23.4184 69.5
      vertex 12.5 -24.1506 69.5
    endloop
  endfacet
  facet normal 0.382663 -0.923888 0
    outer loop
      vertex 14.2678 -23.4184 69.5
      vertex 12.5 -24.1506 67.5
      vertex 14.2678 -23.4184 67.5
    endloop
  endfacet
  facet normal -0.743138 -0.669138 0
    outer loop
      vertex -20.0739 -22.2943 77.5
      vertex -24.2705 -17.6336 82.5
      vertex -24.2705 -17.6336 77.5
    endloop
  endfacet
  facet normal -0.743138 -0.669138 0
    outer loop
      vertex -24.2705 -17.6336 82.5
      vertex -20.0739 -22.2943 77.5
      vertex -20.0739 -22.2943 82.5
    endloop
  endfacet
  facet normal 0.95106 0.309008 0
    outer loop
      vertex 29.3444 6.23735 82.5
      vertex 27.4064 12.2021 77.5
      vertex 27.4064 12.2021 82.5
    endloop
  endfacet
  facet normal 0.95106 0.309008 0
    outer loop
      vertex 27.4064 12.2021 77.5
      vertex 29.3444 6.23735 82.5
      vertex 29.3444 6.23735 77.5
    endloop
  endfacet
  facet normal 0.994521 0.104533 0
    outer loop
      vertex 30 0 82.5
      vertex 29.3444 6.23735 77.5
      vertex 29.3444 6.23735 82.5
    endloop
  endfacet
  facet normal 0.994521 0.104533 0
    outer loop
      vertex 29.3444 6.23735 77.5
      vertex 30 0 82.5
      vertex 30 0 77.5
    endloop
  endfacet
  facet normal 0.866024 0.500003 0
    outer loop
      vertex 27.4064 12.2021 82.5
      vertex 24.2705 17.6336 77.5
      vertex 24.2705 17.6336 82.5
    endloop
  endfacet
  facet normal 0.866024 0.500003 0
    outer loop
      vertex 24.2705 17.6336 77.5
      vertex 27.4064 12.2021 82.5
      vertex 27.4064 12.2021 77.5
    endloop
  endfacet
  facet normal 0.95106 -0.309008 0
    outer loop
      vertex 27.4064 -12.2021 82.5
      vertex 29.3444 -6.23735 77.5
      vertex 29.3444 -6.23735 82.5
    endloop
  endfacet
  facet normal 0.95106 -0.309008 0
    outer loop
      vertex 29.3444 -6.23735 77.5
      vertex 27.4064 -12.2021 82.5
      vertex 27.4064 -12.2021 77.5
    endloop
  endfacet
  facet normal -0.587795 0.80901 0
    outer loop
      vertex -15 25.9808 77.5
      vertex -20.0739 22.2943 82.5
      vertex -15 25.9808 82.5
    endloop
  endfacet
  facet normal -0.587795 0.80901 0
    outer loop
      vertex -20.0739 22.2943 82.5
      vertex -15 25.9808 77.5
      vertex -20.0739 22.2943 77.5
    endloop
  endfacet
  facet normal 0.587795 -0.80901 0
    outer loop
      vertex 15 -25.9808 77.5
      vertex 20.0739 -22.2943 82.5
      vertex 15 -25.9808 82.5
    endloop
  endfacet
  facet normal 0.587795 -0.80901 0
    outer loop
      vertex 20.0739 -22.2943 82.5
      vertex 15 -25.9808 77.5
      vertex 20.0739 -22.2943 77.5
    endloop
  endfacet
  facet normal 0.743138 -0.669138 0
    outer loop
      vertex 20.0739 -22.2943 82.5
      vertex 24.2705 -17.6336 77.5
      vertex 24.2705 -17.6336 82.5
    endloop
  endfacet
  facet normal 0.743138 -0.669138 0
    outer loop
      vertex 24.2705 -17.6336 77.5
      vertex 20.0739 -22.2943 82.5
      vertex 20.0739 -22.2943 77.5
    endloop
  endfacet
  facet normal 0.994521 -0.104533 0
    outer loop
      vertex 29.3444 -6.23735 82.5
      vertex 30 0 77.5
      vertex 30 0 82.5
    endloop
  endfacet
  facet normal 0.994521 -0.104533 0
    outer loop
      vertex 30 0 77.5
      vertex 29.3444 -6.23735 82.5
      vertex 29.3444 -6.23735 77.5
    endloop
  endfacet
  facet normal -0.406732 -0.913547 0
    outer loop
      vertex -15 -25.9808 77.5
      vertex -9.27051 -28.5317 82.5
      vertex -15 -25.9808 82.5
    endloop
  endfacet
  facet normal -0.406732 -0.913547 -0
    outer loop
      vertex -9.27051 -28.5317 82.5
      vertex -15 -25.9808 77.5
      vertex -9.27051 -28.5317 77.5
    endloop
  endfacet
  facet normal 0.406732 0.913547 -0
    outer loop
      vertex 15 25.9808 77.5
      vertex 9.27051 28.5317 82.5
      vertex 15 25.9808 82.5
    endloop
  endfacet
  facet normal 0.406732 0.913547 0
    outer loop
      vertex 9.27051 28.5317 82.5
      vertex 15 25.9808 77.5
      vertex 9.27051 28.5317 77.5
    endloop
  endfacet
  facet normal 0.743138 0.669138 0
    outer loop
      vertex 24.2705 17.6336 82.5
      vertex 20.0739 22.2943 77.5
      vertex 20.0739 22.2943 82.5
    endloop
  endfacet
  facet normal 0.743138 0.669138 0
    outer loop
      vertex 20.0739 22.2943 77.5
      vertex 24.2705 17.6336 82.5
      vertex 24.2705 17.6336 77.5
    endloop
  endfacet
  facet normal -0.587795 -0.80901 0
    outer loop
      vertex -20.0739 -22.2943 77.5
      vertex -15 -25.9808 82.5
      vertex -20.0739 -22.2943 82.5
    endloop
  endfacet
  facet normal -0.587795 -0.80901 -0
    outer loop
      vertex -15 -25.9808 82.5
      vertex -20.0739 -22.2943 77.5
      vertex -15 -25.9808 77.5
    endloop
  endfacet
  facet normal -0.743138 0.669138 0
    outer loop
      vertex -24.2705 17.6336 77.5
      vertex -20.0739 22.2943 82.5
      vertex -20.0739 22.2943 77.5
    endloop
  endfacet
  facet normal -0.743138 0.669138 0
    outer loop
      vertex -20.0739 22.2943 82.5
      vertex -24.2705 17.6336 77.5
      vertex -24.2705 17.6336 82.5
    endloop
  endfacet
  facet normal 0 1 -0
    outer loop
      vertex 3.13585 29.8357 77.5
      vertex -3.13585 29.8357 82.5
      vertex 3.13585 29.8357 82.5
    endloop
  endfacet
  facet normal 0 1 0
    outer loop
      vertex -3.13585 29.8357 82.5
      vertex 3.13585 29.8357 77.5
      vertex -3.13585 29.8357 77.5
    endloop
  endfacet
  facet normal 0.406732 -0.913547 0
    outer loop
      vertex 9.27051 -28.5317 77.5
      vertex 15 -25.9808 82.5
      vertex 9.27051 -28.5317 82.5
    endloop
  endfacet
  facet normal 0.406732 -0.913547 0
    outer loop
      vertex 15 -25.9808 82.5
      vertex 9.27051 -28.5317 77.5
      vertex 15 -25.9808 77.5
    endloop
  endfacet
  facet normal 0.207917 -0.978146 0
    outer loop
      vertex 3.13585 -29.8357 77.5
      vertex 9.27051 -28.5317 82.5
      vertex 3.13585 -29.8357 82.5
    endloop
  endfacet
  facet normal 0.207917 -0.978146 0
    outer loop
      vertex 9.27051 -28.5317 82.5
      vertex 3.13585 -29.8357 77.5
      vertex 9.27051 -28.5317 77.5
    endloop
  endfacet
  facet normal -0.95106 0.309008 0
    outer loop
      vertex -29.3444 6.23735 77.5
      vertex -27.4064 12.2021 82.5
      vertex -27.4064 12.2021 77.5
    endloop
  endfacet
  facet normal -0.95106 0.309008 0
    outer loop
      vertex -27.4064 12.2021 82.5
      vertex -29.3444 6.23735 77.5
      vertex -29.3444 6.23735 82.5
    endloop
  endfacet
  facet normal 0 0 -1
    outer loop
      vertex -24.2705 17.6336 77.5
      vertex -14.2678 19.8829 77.5
      vertex -23.2322 1.76777 77.5
    endloop
  endfacet
  facet normal -0 0 -1
    outer loop
      vertex -14.2678 19.8829 77.5
      vertex -24.2705 17.6336 77.5
      vertex -20.0739 22.2943 77.5
    endloop
  endfacet
  facet normal 0 0 -1
    outer loop
      vertex -27.4064 12.2021 77.5
      vertex -23.2322 1.76777 77.5
      vertex -25 2.5 77.5
    endloop
  endfacet
  facet normal 0 0 -1
    outer loop
      vertex -29.3444 6.23735 77.5
      vertex -25 2.5 77.5
      vertex -26.7678 1.76777 77.5
    endloop
  endfacet
  facet normal 0 0 -1
    outer loop
      vertex -23.2322 1.76777 77.5
      vertex -27.4064 12.2021 77.5
      vertex -24.2705 17.6336 77.5
    endloop
  endfacet
  facet normal 0 0 -1
    outer loop
      vertex -30 0 77.5
      vertex -26.7678 1.76777 77.5
      vertex -27.5 0 77.5
    endloop
  endfacet
  facet normal 0 0 -1
    outer loop
      vertex -26.7678 -1.76777 77.5
      vertex -30 0 77.5
      vertex -27.5 0 77.5
    endloop
  endfacet
  facet normal 0 0 -1
    outer loop
      vertex -25 2.5 77.5
      vertex -29.3444 6.23735 77.5
      vertex -27.4064 12.2021 77.5
    endloop
  endfacet
  facet normal -0 0 -1
    outer loop
      vertex -26.7678 1.76777 77.5
      vertex -30 0 77.5
      vertex -29.3444 6.23735 77.5
    endloop
  endfacet
  facet normal 0 0 -1
    outer loop
      vertex -14.2678 -19.8829 77.5
      vertex -8.09017 -5.87785 77.5
      vertex -12.5 -19.1506 77.5
    endloop
  endfacet
  facet normal 0 0 -1
    outer loop
      vertex -8.09017 -5.87785 77.5
      vertex -23.2322 -1.76777 77.5
      vertex -9.13545 -4.06737 77.5
    endloop
  endfacet
  facet normal 0 0 -1
    outer loop
      vertex -9.13545 -4.06737 77.5
      vertex -23.2322 -1.76777 77.5
      vertex -9.78148 -2.07912 77.5
    endloop
  endfacet
  facet normal 0 0 -1
    outer loop
      vertex -10 0 77.5
      vertex -10.7322 19.8829 77.5
      vertex -10 21.6506 77.5
    endloop
  endfacet
  facet normal 0 -0 -1
    outer loop
      vertex -22.5 0 77.5
      vertex -9.78148 -2.07912 77.5
      vertex -23.2322 -1.76777 77.5
    endloop
  endfacet
  facet normal 0 0 -1
    outer loop
      vertex -23.2322 1.76777 77.5
      vertex -10 0 77.5
      vertex -22.5 0 77.5
    endloop
  endfacet
  facet normal -0 0 -1
    outer loop
      vertex -8.09017 -5.87785 77.5
      vertex -14.2678 -19.8829 77.5
      vertex -23.2322 -1.76777 77.5
    endloop
  endfacet
  facet normal 0 0 -1
    outer loop
      vertex -10 0 77.5
      vertex -12.5 19.1506 77.5
      vertex -10.7322 19.8829 77.5
    endloop
  endfacet
  facet normal 0 0 -1
    outer loop
      vertex -20.0739 -22.2943 77.5
      vertex -14.2678 -19.8829 77.5
      vertex -15 -21.6506 77.5
    endloop
  endfacet
  facet normal 0 0 -1
    outer loop
      vertex -10 0 77.5
      vertex -23.2322 1.76777 77.5
      vertex -12.5 19.1506 77.5
    endloop
  endfacet
  facet normal 0 -0 -1
    outer loop
      vertex 9.78148 -2.07912 77.5
      vertex 23.2322 -1.76777 77.5
      vertex 9.13545 -4.06737 77.5
    endloop
  endfacet
  facet normal 0 0 -1
    outer loop
      vertex 22.5 0 77.5
      vertex 14.2678 19.8829 77.5
      vertex 15 21.6506 77.5
    endloop
  endfacet
  facet normal 0 0 -1
    outer loop
      vertex 8.09017 -5.87785 77.5
      vertex 14.2678 -19.8829 77.5
      vertex 12.5 -19.1506 77.5
    endloop
  endfacet
  facet normal 0 0 -1
    outer loop
      vertex 9.78148 2.07912 77.5
      vertex 22.5 0 77.5
      vertex 10 0 77.5
    endloop
  endfacet
  facet normal 0 0 -1
    outer loop
      vertex 5 -8.66025 77.5
      vertex 12.5 -19.1506 77.5
      vertex 10.7322 -19.8829 77.5
    endloop
  endfacet
  facet normal 0 0 -1
    outer loop
      vertex 9.13545 4.06737 77.5
      vertex 22.5 0 77.5
      vertex 9.78148 2.07912 77.5
    endloop
  endfacet
  facet normal 0 0 -1
    outer loop
      vertex 1.04528 -9.94522 77.5
      vertex 10.7322 -19.8829 77.5
      vertex 10 -21.6506 77.5
    endloop
  endfacet
  facet normal 0 0 -1
    outer loop
      vertex 22.5 0 77.5
      vertex 9.13545 4.06737 77.5
      vertex 14.2678 19.8829 77.5
    endloop
  endfacet
  facet normal 0 0 -1
    outer loop
      vertex 8.09017 5.87785 77.5
      vertex 14.2678 19.8829 77.5
      vertex 9.13545 4.06737 77.5
    endloop
  endfacet
  facet normal 0 0 -1
    outer loop
      vertex 14.2678 19.8829 77.5
      vertex 8.09017 5.87785 77.5
      vertex 12.5 19.1506 77.5
    endloop
  endfacet
  facet normal -0 0 -1
    outer loop
      vertex 20.0739 -22.2943 77.5
      vertex 14.2678 -23.4184 77.5
      vertex 15 -21.6506 77.5
    endloop
  endfacet
  facet normal 0 0 -1
    outer loop
      vertex 15 -25.9808 77.5
      vertex 12.5 -24.1506 77.5
      vertex 14.2678 -23.4184 77.5
    endloop
  endfacet
  facet normal 0 0 -1
    outer loop
      vertex 9.27051 -28.5317 77.5
      vertex 12.5 -24.1506 77.5
      vertex 15 -25.9808 77.5
    endloop
  endfacet
  facet normal -0 0 -1
    outer loop
      vertex 22.5 0 77.5
      vertex 9.78148 -2.07912 77.5
      vertex 10 0 77.5
    endloop
  endfacet
  facet normal -0 0 -1
    outer loop
      vertex 12.5 -24.1506 77.5
      vertex 9.27051 -28.5317 77.5
      vertex 10.7322 -23.4184 77.5
    endloop
  endfacet
  facet normal 0 0 -1
    outer loop
      vertex 9.27051 -28.5317 77.5
      vertex 10 -21.6506 77.5
      vertex 10.7322 -23.4184 77.5
    endloop
  endfacet
  facet normal 0 0 -1
    outer loop
      vertex 3.13585 -29.8357 77.5
      vertex 10 -21.6506 77.5
      vertex 9.27051 -28.5317 77.5
    endloop
  endfacet
  facet normal -0 0 -1
    outer loop
      vertex 23.2322 -1.76777 77.5
      vertex 9.78148 -2.07912 77.5
      vertex 22.5 0 77.5
    endloop
  endfacet
  facet normal 0 0 -1
    outer loop
      vertex 14.2678 -19.8829 77.5
      vertex 8.09017 -5.87785 77.5
      vertex 9.13545 -4.06737 77.5
    endloop
  endfacet
  facet normal 0 0 -1
    outer loop
      vertex 12.5 -19.1506 77.5
      vertex 6.69131 -7.43145 77.5
      vertex 8.09017 -5.87785 77.5
    endloop
  endfacet
  facet normal 0 0 -1
    outer loop
      vertex 12.5 -19.1506 77.5
      vertex 5 -8.66025 77.5
      vertex 6.69131 -7.43145 77.5
    endloop
  endfacet
  facet normal 0 0 -1
    outer loop
      vertex -10 -21.6506 77.5
      vertex 10 -21.6506 77.5
      vertex 3.13585 -29.8357 77.5
    endloop
  endfacet
  facet normal 0 0 -1
    outer loop
      vertex 10.7322 -19.8829 77.5
      vertex 3.09017 -9.51056 77.5
      vertex 5 -8.66025 77.5
    endloop
  endfacet
  facet normal 0 0 -1
    outer loop
      vertex 10.7322 -19.8829 77.5
      vertex 1.04528 -9.94522 77.5
      vertex 3.09017 -9.51056 77.5
    endloop
  endfacet
  facet normal 0 0 -1
    outer loop
      vertex 10 -21.6506 77.5
      vertex -1.04528 -9.94522 77.5
      vertex 1.04528 -9.94522 77.5
    endloop
  endfacet
  facet normal 0 0 -1
    outer loop
      vertex 10 -21.6506 77.5
      vertex -10 -21.6506 77.5
      vertex -1.04528 -9.94522 77.5
    endloop
  endfacet
  facet normal 0 0 -1
    outer loop
      vertex -10 -21.6506 77.5
      vertex 3.13585 -29.8357 77.5
      vertex -3.13585 -29.8357 77.5
    endloop
  endfacet
  facet normal 0 0 -1
    outer loop
      vertex -10.7322 -19.8829 77.5
      vertex -1.04528 -9.94522 77.5
      vertex -10 -21.6506 77.5
    endloop
  endfacet
  facet normal -0 0 -1
    outer loop
      vertex -1.04528 -9.94522 77.5
      vertex -10.7322 -19.8829 77.5
      vertex -3.09017 -9.51056 77.5
    endloop
  endfacet
  facet normal -0 0 -1
    outer loop
      vertex -3.09017 -9.51056 77.5
      vertex -10.7322 -19.8829 77.5
      vertex -5 -8.66025 77.5
    endloop
  endfacet
  facet normal 0 0 -1
    outer loop
      vertex -12.5 -19.1506 77.5
      vertex -5 -8.66025 77.5
      vertex -10.7322 -19.8829 77.5
    endloop
  endfacet
  facet normal 0 0 -1
    outer loop
      vertex -10 -21.6506 77.5
      vertex -3.13585 -29.8357 77.5
      vertex -9.27051 -28.5317 77.5
    endloop
  endfacet
  facet normal -0 0 -1
    outer loop
      vertex -5 -8.66025 77.5
      vertex -12.5 -19.1506 77.5
      vertex -6.69131 -7.43145 77.5
    endloop
  endfacet
  facet normal -0 0 -1
    outer loop
      vertex -6.69131 -7.43145 77.5
      vertex -12.5 -19.1506 77.5
      vertex -8.09017 -5.87785 77.5
    endloop
  endfacet
  facet normal 0 0 -1
    outer loop
      vertex -9.27051 -28.5317 77.5
      vertex -10.7322 -23.4184 77.5
      vertex -10 -21.6506 77.5
    endloop
  endfacet
  facet normal 0 0 -1
    outer loop
      vertex -9.27051 -28.5317 77.5
      vertex -12.5 -24.1506 77.5
      vertex -10.7322 -23.4184 77.5
    endloop
  endfacet
  facet normal 0 0 -1
    outer loop
      vertex -15 -25.9808 77.5
      vertex -12.5 -24.1506 77.5
      vertex -9.27051 -28.5317 77.5
    endloop
  endfacet
  facet normal -0 0 -1
    outer loop
      vertex -12.5 -24.1506 77.5
      vertex -15 -25.9808 77.5
      vertex -14.2678 -23.4184 77.5
    endloop
  endfacet
  facet normal 0 0 -1
    outer loop
      vertex -20.0739 -22.2943 77.5
      vertex -14.2678 -23.4184 77.5
      vertex -15 -25.9808 77.5
    endloop
  endfacet
  facet normal 0 0 -1
    outer loop
      vertex -14.2678 -23.4184 77.5
      vertex -20.0739 -22.2943 77.5
      vertex -15 -21.6506 77.5
    endloop
  endfacet
  facet normal -0 0 -1
    outer loop
      vertex -12.5 19.1506 77.5
      vertex -23.2322 1.76777 77.5
      vertex -14.2678 19.8829 77.5
    endloop
  endfacet
  facet normal -0 0 -1
    outer loop
      vertex -14.2678 -19.8829 77.5
      vertex -20.0739 -22.2943 77.5
      vertex -24.2705 -17.6336 77.5
    endloop
  endfacet
  facet normal 0 0 -1
    outer loop
      vertex -14.2678 19.8829 77.5
      vertex -20.0739 22.2943 77.5
      vertex -15 21.6506 77.5
    endloop
  endfacet
  facet normal 0 0 -1
    outer loop
      vertex -15 21.6506 77.5
      vertex -20.0739 22.2943 77.5
      vertex -15 25.9808 77.5
    endloop
  endfacet
  facet normal 0 0 -1
    outer loop
      vertex -9.78148 -2.07912 77.5
      vertex -22.5 0 77.5
      vertex -10 0 77.5
    endloop
  endfacet
  facet normal 0 0 -1
    outer loop
      vertex -14.2678 -19.8829 77.5
      vertex -24.2705 -17.6336 77.5
      vertex -23.2322 -1.76777 77.5
    endloop
  endfacet
  facet normal 0 0 -1
    outer loop
      vertex -27.4064 -12.2021 77.5
      vertex -23.2322 -1.76777 77.5
      vertex -24.2705 -17.6336 77.5
    endloop
  endfacet
  facet normal 0 0 -1
    outer loop
      vertex -23.2322 -1.76777 77.5
      vertex -27.4064 -12.2021 77.5
      vertex -25 -2.5 77.5
    endloop
  endfacet
  facet normal 0 0 -1
    outer loop
      vertex -29.3444 -6.23735 77.5
      vertex -25 -2.5 77.5
      vertex -27.4064 -12.2021 77.5
    endloop
  endfacet
  facet normal -0 0 -1
    outer loop
      vertex -25 -2.5 77.5
      vertex -29.3444 -6.23735 77.5
      vertex -26.7678 -1.76777 77.5
    endloop
  endfacet
  facet normal 0 0 -1
    outer loop
      vertex -30 0 77.5
      vertex -26.7678 -1.76777 77.5
      vertex -29.3444 -6.23735 77.5
    endloop
  endfacet
  facet normal 0 0 -1
    outer loop
      vertex 26.7678 -1.76777 77.5
      vertex 30 0 77.5
      vertex 29.3444 -6.23735 77.5
    endloop
  endfacet
  facet normal 0 0 -1
    outer loop
      vertex 26.7678 1.76777 77.5
      vertex 30 0 77.5
      vertex 27.5 0 77.5
    endloop
  endfacet
  facet normal 0 0 -1
    outer loop
      vertex 25 -2.5 77.5
      vertex 29.3444 -6.23735 77.5
      vertex 27.4064 -12.2021 77.5
    endloop
  endfacet
  facet normal -0 0 -1
    outer loop
      vertex 30 0 77.5
      vertex 26.7678 -1.76777 77.5
      vertex 27.5 0 77.5
    endloop
  endfacet
  facet normal 0 0 -1
    outer loop
      vertex 29.3444 -6.23735 77.5
      vertex 25 -2.5 77.5
      vertex 26.7678 -1.76777 77.5
    endloop
  endfacet
  facet normal 0 0 -1
    outer loop
      vertex 23.2322 -1.76777 77.5
      vertex 27.4064 -12.2021 77.5
      vertex 24.2705 -17.6336 77.5
    endloop
  endfacet
  facet normal 0 0 -1
    outer loop
      vertex 27.4064 -12.2021 77.5
      vertex 23.2322 -1.76777 77.5
      vertex 25 -2.5 77.5
    endloop
  endfacet
  facet normal 0 0 -1
    outer loop
      vertex 20.0739 -22.2943 77.5
      vertex 14.2678 -19.8829 77.5
      vertex 24.2705 -17.6336 77.5
    endloop
  endfacet
  facet normal 0 0 -1
    outer loop
      vertex 14.2678 -19.8829 77.5
      vertex 20.0739 -22.2943 77.5
      vertex 15 -21.6506 77.5
    endloop
  endfacet
  facet normal 0 0 -1
    outer loop
      vertex 30 0 77.5
      vertex 26.7678 1.76777 77.5
      vertex 29.3444 6.23735 77.5
    endloop
  endfacet
  facet normal 0 0 -1
    outer loop
      vertex 25 2.5 77.5
      vertex 29.3444 6.23735 77.5
      vertex 26.7678 1.76777 77.5
    endloop
  endfacet
  facet normal -0 0 -1
    outer loop
      vertex 29.3444 6.23735 77.5
      vertex 25 2.5 77.5
      vertex 27.4064 12.2021 77.5
    endloop
  endfacet
  facet normal 0 0 -1
    outer loop
      vertex 23.2322 1.76777 77.5
      vertex 27.4064 12.2021 77.5
      vertex 25 2.5 77.5
    endloop
  endfacet
  facet normal -0 0 -1
    outer loop
      vertex 27.4064 12.2021 77.5
      vertex 23.2322 1.76777 77.5
      vertex 24.2705 17.6336 77.5
    endloop
  endfacet
  facet normal 0 0 -1
    outer loop
      vertex 15 21.6506 77.5
      vertex 23.2322 1.76777 77.5
      vertex 22.5 0 77.5
    endloop
  endfacet
  facet normal -0 0 -1
    outer loop
      vertex 24.2705 -17.6336 77.5
      vertex 14.2678 -19.8829 77.5
      vertex 23.2322 -1.76777 77.5
    endloop
  endfacet
  facet normal 0 0 -1
    outer loop
      vertex 9.13545 -4.06737 77.5
      vertex 23.2322 -1.76777 77.5
      vertex 14.2678 -19.8829 77.5
    endloop
  endfacet
  facet normal 0 0 -1
    outer loop
      vertex 14.2678 -23.4184 77.5
      vertex 20.0739 -22.2943 77.5
      vertex 15 -25.9808 77.5
    endloop
  endfacet
  facet normal 0 0 -1
    outer loop
      vertex 23.2322 1.76777 77.5
      vertex 15 21.6506 77.5
      vertex 24.2705 17.6336 77.5
    endloop
  endfacet
  facet normal 0 0 -1
    outer loop
      vertex 24.2705 17.6336 77.5
      vertex 15 21.6506 77.5
      vertex 20.0739 22.2943 77.5
    endloop
  endfacet
  facet normal 0 0 -1
    outer loop
      vertex 14.2678 23.4184 77.5
      vertex 20.0739 22.2943 77.5
      vertex 15 21.6506 77.5
    endloop
  endfacet
  facet normal 0 0 -1
    outer loop
      vertex 20.0739 22.2943 77.5
      vertex 14.2678 23.4184 77.5
      vertex 15 25.9808 77.5
    endloop
  endfacet
  facet normal 0 0 -1
    outer loop
      vertex 12.5 24.1506 77.5
      vertex 15 25.9808 77.5
      vertex 14.2678 23.4184 77.5
    endloop
  endfacet
  facet normal 0 0 -1
    outer loop
      vertex 9.27051 28.5317 77.5
      vertex 12.5 24.1506 77.5
      vertex 10.7322 23.4184 77.5
    endloop
  endfacet
  facet normal 0 0 -1
    outer loop
      vertex 12.5 24.1506 77.5
      vertex 9.27051 28.5317 77.5
      vertex 15 25.9808 77.5
    endloop
  endfacet
  facet normal 0 0 -1
    outer loop
      vertex 10 21.6506 77.5
      vertex 9.27051 28.5317 77.5
      vertex 10.7322 23.4184 77.5
    endloop
  endfacet
  facet normal 0 0 -1
    outer loop
      vertex 6.69131 7.43145 77.5
      vertex 12.5 19.1506 77.5
      vertex 8.09017 5.87785 77.5
    endloop
  endfacet
  facet normal 0 0 -1
    outer loop
      vertex 5 8.66025 77.5
      vertex 12.5 19.1506 77.5
      vertex 6.69131 7.43145 77.5
    endloop
  endfacet
  facet normal -0 0 -1
    outer loop
      vertex 12.5 19.1506 77.5
      vertex 5 8.66025 77.5
      vertex 10.7322 19.8829 77.5
    endloop
  endfacet
  facet normal 0 0 -1
    outer loop
      vertex 3.09017 9.51056 77.5
      vertex 10.7322 19.8829 77.5
      vertex 5 8.66025 77.5
    endloop
  endfacet
  facet normal 0 0 -1
    outer loop
      vertex 1.04528 9.94522 77.5
      vertex 10.7322 19.8829 77.5
      vertex 3.09017 9.51056 77.5
    endloop
  endfacet
  facet normal -0 0 -1
    outer loop
      vertex 10.7322 19.8829 77.5
      vertex 1.04528 9.94522 77.5
      vertex 10 21.6506 77.5
    endloop
  endfacet
  facet normal 0 0 -1
    outer loop
      vertex 10 21.6506 77.5
      vertex 3.13585 29.8357 77.5
      vertex 9.27051 28.5317 77.5
    endloop
  endfacet
  facet normal 0 0 -1
    outer loop
      vertex -1.04528 9.94522 77.5
      vertex 10 21.6506 77.5
      vertex 1.04528 9.94522 77.5
    endloop
  endfacet
  facet normal 0 0 -1
    outer loop
      vertex -10 21.6506 77.5
      vertex 10 21.6506 77.5
      vertex -1.04528 9.94522 77.5
    endloop
  endfacet
  facet normal 0 0 -1
    outer loop
      vertex -10 21.6506 77.5
      vertex -1.04528 9.94522 77.5
      vertex -3.09017 9.51056 77.5
    endloop
  endfacet
  facet normal 0 0 -1
    outer loop
      vertex 10 21.6506 77.5
      vertex -10 21.6506 77.5
      vertex 3.13585 29.8357 77.5
    endloop
  endfacet
  facet normal 0 0 -1
    outer loop
      vertex -10 21.6506 77.5
      vertex -3.09017 9.51056 77.5
      vertex -5 8.66025 77.5
    endloop
  endfacet
  facet normal 0 0 -1
    outer loop
      vertex -10 21.6506 77.5
      vertex -5 8.66025 77.5
      vertex -6.69131 7.43145 77.5
    endloop
  endfacet
  facet normal 0 0 -1
    outer loop
      vertex -10 21.6506 77.5
      vertex -6.69131 7.43145 77.5
      vertex -8.09017 5.87785 77.5
    endloop
  endfacet
  facet normal 0 0 -1
    outer loop
      vertex -10 21.6506 77.5
      vertex -8.09017 5.87785 77.5
      vertex -9.13545 4.06737 77.5
    endloop
  endfacet
  facet normal -0 0 -1
    outer loop
      vertex 3.13585 29.8357 77.5
      vertex -10 21.6506 77.5
      vertex -3.13585 29.8357 77.5
    endloop
  endfacet
  facet normal 0 0 -1
    outer loop
      vertex -10 21.6506 77.5
      vertex -9.13545 4.06737 77.5
      vertex -9.78148 2.07912 77.5
    endloop
  endfacet
  facet normal 0 0 -1
    outer loop
      vertex -10 21.6506 77.5
      vertex -9.78148 2.07912 77.5
      vertex -10 0 77.5
    endloop
  endfacet
  facet normal 0 0 -1
    outer loop
      vertex -3.13585 29.8357 77.5
      vertex -10 21.6506 77.5
      vertex -9.27051 28.5317 77.5
    endloop
  endfacet
  facet normal 0 0 -1
    outer loop
      vertex -10.7322 23.4184 77.5
      vertex -9.27051 28.5317 77.5
      vertex -10 21.6506 77.5
    endloop
  endfacet
  facet normal 0 0 -1
    outer loop
      vertex -12.5 24.1506 77.5
      vertex -9.27051 28.5317 77.5
      vertex -10.7322 23.4184 77.5
    endloop
  endfacet
  facet normal 0 0 -1
    outer loop
      vertex -15 25.9808 77.5
      vertex -12.5 24.1506 77.5
      vertex -14.2678 23.4184 77.5
    endloop
  endfacet
  facet normal 0 0 -1
    outer loop
      vertex -12.5 24.1506 77.5
      vertex -15 25.9808 77.5
      vertex -9.27051 28.5317 77.5
    endloop
  endfacet
  facet normal 0 0 -1
    outer loop
      vertex -15 25.9808 77.5
      vertex -14.2678 23.4184 77.5
      vertex -15 21.6506 77.5
    endloop
  endfacet
  facet normal -0.95106 -0.309008 0
    outer loop
      vertex -27.4064 -12.2021 77.5
      vertex -29.3444 -6.23735 82.5
      vertex -29.3444 -6.23735 77.5
    endloop
  endfacet
  facet normal -0.95106 -0.309008 0
    outer loop
      vertex -29.3444 -6.23735 82.5
      vertex -27.4064 -12.2021 77.5
      vertex -27.4064 -12.2021 82.5
    endloop
  endfacet
  facet normal -0.406732 0.913547 0
    outer loop
      vertex -9.27051 28.5317 77.5
      vertex -15 25.9808 82.5
      vertex -9.27051 28.5317 82.5
    endloop
  endfacet
  facet normal -0.406732 0.913547 0
    outer loop
      vertex -15 25.9808 82.5
      vertex -9.27051 28.5317 77.5
      vertex -15 25.9808 77.5
    endloop
  endfacet
  facet normal 0 0 1
    outer loop
      vertex -16.7283 -18.5786 82.5
      vertex -15 -21.6506 82.5
      vertex -14.4217 -20.2545 82.5
    endloop
  endfacet
  facet normal 0 0 1
    outer loop
      vertex -20.0739 -22.2943 82.5
      vertex -15 -21.6506 82.5
      vertex -16.7283 -18.5786 82.5
    endloop
  endfacet
  facet normal 0 0 1
    outer loop
      vertex -15 -21.6506 82.5
      vertex -20.0739 -22.2943 82.5
      vertex -15 -25.9808 82.5
    endloop
  endfacet
  facet normal 0 0 1
    outer loop
      vertex -20.2254 -14.6946 82.5
      vertex -20.0739 -22.2943 82.5
      vertex -16.7283 -18.5786 82.5
    endloop
  endfacet
  facet normal 0 0 1
    outer loop
      vertex -24.2705 -17.6336 82.5
      vertex -20.2254 -14.6946 82.5
      vertex -22.8386 -10.1684 82.5
    endloop
  endfacet
  facet normal 0 0 1
    outer loop
      vertex -20.2254 -14.6946 82.5
      vertex -24.2705 -17.6336 82.5
      vertex -20.0739 -22.2943 82.5
    endloop
  endfacet
  facet normal 0 0 1
    outer loop
      vertex -27.4064 -12.2021 82.5
      vertex -22.8386 -10.1684 82.5
      vertex -24.4537 -5.19779 82.5
    endloop
  endfacet
  facet normal -0 0 1
    outer loop
      vertex -25 -2.5 82.5
      vertex -24.4537 -5.19779 82.5
      vertex -24.7482 -2.3957 82.5
    endloop
  endfacet
  facet normal 0 0 1
    outer loop
      vertex -26.7678 -1.76777 82.5
      vertex -24.4537 -5.19779 82.5
      vertex -25 -2.5 82.5
    endloop
  endfacet
  facet normal 0 0 1
    outer loop
      vertex -24.4537 -5.19779 82.5
      vertex -26.7678 -1.76777 82.5
      vertex -29.3444 -6.23735 82.5
    endloop
  endfacet
  facet normal 0 0 1
    outer loop
      vertex -22.8386 -10.1684 82.5
      vertex -27.4064 -12.2021 82.5
      vertex -24.2705 -17.6336 82.5
    endloop
  endfacet
  facet normal -0 0 1
    outer loop
      vertex -30 0 82.5
      vertex -26.7678 -1.76777 82.5
      vertex -27.5 0 82.5
    endloop
  endfacet
  facet normal 0 0 1
    outer loop
      vertex -26.7678 1.76777 82.5
      vertex -30 0 82.5
      vertex -27.5 0 82.5
    endloop
  endfacet
  facet normal 0 0 1
    outer loop
      vertex -24.4537 -5.19779 82.5
      vertex -29.3444 -6.23735 82.5
      vertex -27.4064 -12.2021 82.5
    endloop
  endfacet
  facet normal 0 0 1
    outer loop
      vertex -26.7678 -1.76777 82.5
      vertex -30 0 82.5
      vertex -29.3444 -6.23735 82.5
    endloop
  endfacet
  facet normal 0 0 1
    outer loop
      vertex 16.7283 -18.5786 82.5
      vertex 14.4217 -20.2545 82.5
      vertex 15 -21.6506 82.5
    endloop
  endfacet
  facet normal 0 0 1
    outer loop
      vertex 20.0739 22.2943 82.5
      vertex 14.2678 23.4184 82.5
      vertex 15 21.6506 82.5
    endloop
  endfacet
  facet normal 0 0 1
    outer loop
      vertex 15 25.9808 82.5
      vertex 12.5 24.1506 82.5
      vertex 14.2678 23.4184 82.5
    endloop
  endfacet
  facet normal 0 0 1
    outer loop
      vertex 9.27051 28.5317 82.5
      vertex 12.5 24.1506 82.5
      vertex 15 25.9808 82.5
    endloop
  endfacet
  facet normal 0 0 1
    outer loop
      vertex 12.5 24.1506 82.5
      vertex 9.27051 28.5317 82.5
      vertex 10.7322 23.4184 82.5
    endloop
  endfacet
  facet normal -0 0 1
    outer loop
      vertex 7.72542 23.7764 82.5
      vertex 10.7322 23.4184 82.5
      vertex 9.27051 28.5317 82.5
    endloop
  endfacet
  facet normal 0 0 1
    outer loop
      vertex 10.7322 23.4184 82.5
      vertex 7.72542 23.7764 82.5
      vertex 10.3893 22.5904 82.5
    endloop
  endfacet
  facet normal 0 0 1
    outer loop
      vertex 3.13585 29.8357 82.5
      vertex 7.72542 23.7764 82.5
      vertex 9.27051 28.5317 82.5
    endloop
  endfacet
  facet normal 0 0 1
    outer loop
      vertex 3.13585 29.8357 82.5
      vertex 2.61321 24.863 82.5
      vertex 7.72542 23.7764 82.5
    endloop
  endfacet
  facet normal 0 0 1
    outer loop
      vertex 3.13585 29.8357 82.5
      vertex -2.61321 24.863 82.5
      vertex 2.61321 24.863 82.5
    endloop
  endfacet
  facet normal -0 0 1
    outer loop
      vertex -3.13585 29.8357 82.5
      vertex -2.61321 24.863 82.5
      vertex 3.13585 29.8357 82.5
    endloop
  endfacet
  facet normal 0 0 1
    outer loop
      vertex -3.13585 29.8357 82.5
      vertex -7.72542 23.7764 82.5
      vertex -2.61321 24.863 82.5
    endloop
  endfacet
  facet normal -0 0 1
    outer loop
      vertex -9.27051 28.5317 82.5
      vertex -7.72542 23.7764 82.5
      vertex -3.13585 29.8357 82.5
    endloop
  endfacet
  facet normal 0 0 1
    outer loop
      vertex -10.7322 23.4184 82.5
      vertex -7.72542 23.7764 82.5
      vertex -9.27051 28.5317 82.5
    endloop
  endfacet
  facet normal 0 0 1
    outer loop
      vertex -7.72542 23.7764 82.5
      vertex -10.7322 23.4184 82.5
      vertex -10.3893 22.5904 82.5
    endloop
  endfacet
  facet normal 0 0 1
    outer loop
      vertex -9.27051 28.5317 82.5
      vertex -12.5 24.1506 82.5
      vertex -10.7322 23.4184 82.5
    endloop
  endfacet
  facet normal -0 0 1
    outer loop
      vertex -15 25.9808 82.5
      vertex -12.5 24.1506 82.5
      vertex -9.27051 28.5317 82.5
    endloop
  endfacet
  facet normal 0 0 1
    outer loop
      vertex -12.5 24.1506 82.5
      vertex -15 25.9808 82.5
      vertex -14.2678 23.4184 82.5
    endloop
  endfacet
  facet normal 0 0 1
    outer loop
      vertex -20.0739 22.2943 82.5
      vertex -14.2678 23.4184 82.5
      vertex -15 25.9808 82.5
    endloop
  endfacet
  facet normal 0 0 1
    outer loop
      vertex -14.2678 23.4184 82.5
      vertex -20.0739 22.2943 82.5
      vertex -15 21.6506 82.5
    endloop
  endfacet
  facet normal 0 0 1
    outer loop
      vertex -15 21.6506 82.5
      vertex -20.0739 22.2943 82.5
      vertex -16.7283 18.5786 82.5
    endloop
  endfacet
  facet normal 0 0 1
    outer loop
      vertex -20.0739 22.2943 82.5
      vertex -20.2254 14.6946 82.5
      vertex -16.7283 18.5786 82.5
    endloop
  endfacet
  facet normal -0 0 1
    outer loop
      vertex -24.2705 17.6336 82.5
      vertex -20.2254 14.6946 82.5
      vertex -20.0739 22.2943 82.5
    endloop
  endfacet
  facet normal 0 0 1
    outer loop
      vertex -20.2254 14.6946 82.5
      vertex -24.2705 17.6336 82.5
      vertex -22.8386 10.1684 82.5
    endloop
  endfacet
  facet normal -0 0 1
    outer loop
      vertex -27.4064 12.2021 82.5
      vertex -22.8386 10.1684 82.5
      vertex -24.2705 17.6336 82.5
    endloop
  endfacet
  facet normal 0 0 1
    outer loop
      vertex -22.8386 10.1684 82.5
      vertex -27.4064 12.2021 82.5
      vertex -24.4537 5.19779 82.5
    endloop
  endfacet
  facet normal -0 0 1
    outer loop
      vertex -29.3444 6.23735 82.5
      vertex -24.4537 5.19779 82.5
      vertex -27.4064 12.2021 82.5
    endloop
  endfacet
  facet normal 0 0 1
    outer loop
      vertex -24.4537 5.19779 82.5
      vertex -25 2.5 82.5
      vertex -24.7482 2.3957 82.5
    endloop
  endfacet
  facet normal 0 -0 1
    outer loop
      vertex -26.7678 1.76777 82.5
      vertex -24.4537 5.19779 82.5
      vertex -29.3444 6.23735 82.5
    endloop
  endfacet
  facet normal 0 0 1
    outer loop
      vertex -24.4537 5.19779 82.5
      vertex -26.7678 1.76777 82.5
      vertex -25 2.5 82.5
    endloop
  endfacet
  facet normal 0 0 1
    outer loop
      vertex -30 0 82.5
      vertex -26.7678 1.76777 82.5
      vertex -29.3444 6.23735 82.5
    endloop
  endfacet
  facet normal -0 0 1
    outer loop
      vertex 26.7678 1.76777 82.5
      vertex 30 0 82.5
      vertex 29.3444 6.23735 82.5
    endloop
  endfacet
  facet normal 0 0 1
    outer loop
      vertex 26.7678 -1.76777 82.5
      vertex 30 0 82.5
      vertex 27.5 0 82.5
    endloop
  endfacet
  facet normal 0 0 1
    outer loop
      vertex 24.4537 5.19779 82.5
      vertex 29.3444 6.23735 82.5
      vertex 27.4064 12.2021 82.5
    endloop
  endfacet
  facet normal 0 0 1
    outer loop
      vertex 30 0 82.5
      vertex 26.7678 1.76777 82.5
      vertex 27.5 0 82.5
    endloop
  endfacet
  facet normal 0 0 1
    outer loop
      vertex 29.3444 6.23735 82.5
      vertex 24.4537 5.19779 82.5
      vertex 26.7678 1.76777 82.5
    endloop
  endfacet
  facet normal 0 0 1
    outer loop
      vertex 26.7678 1.76777 82.5
      vertex 24.4537 5.19779 82.5
      vertex 25 2.5 82.5
    endloop
  endfacet
  facet normal 0 0 1
    outer loop
      vertex 25 2.5 82.5
      vertex 24.4537 5.19779 82.5
      vertex 24.7482 2.3957 82.5
    endloop
  endfacet
  facet normal 0 0 1
    outer loop
      vertex 22.8386 10.1684 82.5
      vertex 27.4064 12.2021 82.5
      vertex 24.2705 17.6336 82.5
    endloop
  endfacet
  facet normal 0 0 1
    outer loop
      vertex 27.4064 12.2021 82.5
      vertex 22.8386 10.1684 82.5
      vertex 24.4537 5.19779 82.5
    endloop
  endfacet
  facet normal 0 0 1
    outer loop
      vertex 24.2705 17.6336 82.5
      vertex 20.2254 14.6946 82.5
      vertex 22.8386 10.1684 82.5
    endloop
  endfacet
  facet normal 0 0 1
    outer loop
      vertex 20.0739 22.2943 82.5
      vertex 20.2254 14.6946 82.5
      vertex 24.2705 17.6336 82.5
    endloop
  endfacet
  facet normal 0 0 1
    outer loop
      vertex 20.0739 22.2943 82.5
      vertex 16.7283 18.5786 82.5
      vertex 20.2254 14.6946 82.5
    endloop
  endfacet
  facet normal -0 0 1
    outer loop
      vertex 14.2678 23.4184 82.5
      vertex 20.0739 22.2943 82.5
      vertex 15 25.9808 82.5
    endloop
  endfacet
  facet normal 0 0 1
    outer loop
      vertex 20.0739 22.2943 82.5
      vertex 15 21.6506 82.5
      vertex 16.7283 18.5786 82.5
    endloop
  endfacet
  facet normal 0 0 1
    outer loop
      vertex 16.7283 18.5786 82.5
      vertex 15 21.6506 82.5
      vertex 14.4217 20.2545 82.5
    endloop
  endfacet
  facet normal 0 0 1
    outer loop
      vertex 30 0 82.5
      vertex 26.7678 -1.76777 82.5
      vertex 29.3444 -6.23735 82.5
    endloop
  endfacet
  facet normal -0 0 1
    outer loop
      vertex 24.4537 -5.19779 82.5
      vertex 29.3444 -6.23735 82.5
      vertex 26.7678 -1.76777 82.5
    endloop
  endfacet
  facet normal 0 0 1
    outer loop
      vertex 24.4537 -5.19779 82.5
      vertex 26.7678 -1.76777 82.5
      vertex 25 -2.5 82.5
    endloop
  endfacet
  facet normal 0 0 1
    outer loop
      vertex 24.4537 -5.19779 82.5
      vertex 25 -2.5 82.5
      vertex 24.7482 -2.3957 82.5
    endloop
  endfacet
  facet normal 0 0 1
    outer loop
      vertex 29.3444 -6.23735 82.5
      vertex 24.4537 -5.19779 82.5
      vertex 27.4064 -12.2021 82.5
    endloop
  endfacet
  facet normal -0 0 1
    outer loop
      vertex 22.8386 -10.1684 82.5
      vertex 27.4064 -12.2021 82.5
      vertex 24.4537 -5.19779 82.5
    endloop
  endfacet
  facet normal 0 0 1
    outer loop
      vertex 27.4064 -12.2021 82.5
      vertex 22.8386 -10.1684 82.5
      vertex 24.2705 -17.6336 82.5
    endloop
  endfacet
  facet normal -0 0 1
    outer loop
      vertex 20.2254 -14.6946 82.5
      vertex 24.2705 -17.6336 82.5
      vertex 22.8386 -10.1684 82.5
    endloop
  endfacet
  facet normal 0 0 1
    outer loop
      vertex 20.2254 -14.6946 82.5
      vertex 20.0739 -22.2943 82.5
      vertex 24.2705 -17.6336 82.5
    endloop
  endfacet
  facet normal -0 0 1
    outer loop
      vertex 16.7283 -18.5786 82.5
      vertex 20.0739 -22.2943 82.5
      vertex 20.2254 -14.6946 82.5
    endloop
  endfacet
  facet normal -0 0 1
    outer loop
      vertex 15 -21.6506 82.5
      vertex 20.0739 -22.2943 82.5
      vertex 16.7283 -18.5786 82.5
    endloop
  endfacet
  facet normal 0 0 1
    outer loop
      vertex 14.2678 -23.4184 82.5
      vertex 20.0739 -22.2943 82.5
      vertex 15 -21.6506 82.5
    endloop
  endfacet
  facet normal 0 0 1
    outer loop
      vertex 20.0739 -22.2943 82.5
      vertex 14.2678 -23.4184 82.5
      vertex 15 -25.9808 82.5
    endloop
  endfacet
  facet normal -0 0 1
    outer loop
      vertex 12.5 -24.1506 82.5
      vertex 15 -25.9808 82.5
      vertex 14.2678 -23.4184 82.5
    endloop
  endfacet
  facet normal 0 0 1
    outer loop
      vertex 9.27051 -28.5317 82.5
      vertex 12.5 -24.1506 82.5
      vertex 10.7322 -23.4184 82.5
    endloop
  endfacet
  facet normal 0 0 1
    outer loop
      vertex 12.5 -24.1506 82.5
      vertex 9.27051 -28.5317 82.5
      vertex 15 -25.9808 82.5
    endloop
  endfacet
  facet normal 0 0 1
    outer loop
      vertex 7.72542 -23.7764 82.5
      vertex 10.7322 -23.4184 82.5
      vertex 10.3893 -22.5904 82.5
    endloop
  endfacet
  facet normal 0 0 1
    outer loop
      vertex 10.7322 -23.4184 82.5
      vertex 7.72542 -23.7764 82.5
      vertex 9.27051 -28.5317 82.5
    endloop
  endfacet
  facet normal 0 0 1
    outer loop
      vertex 7.72542 -23.7764 82.5
      vertex 3.13585 -29.8357 82.5
      vertex 9.27051 -28.5317 82.5
    endloop
  endfacet
  facet normal -0 0 1
    outer loop
      vertex 2.61321 -24.863 82.5
      vertex 3.13585 -29.8357 82.5
      vertex 7.72542 -23.7764 82.5
    endloop
  endfacet
  facet normal -0 0 1
    outer loop
      vertex -2.61321 -24.863 82.5
      vertex 3.13585 -29.8357 82.5
      vertex 2.61321 -24.863 82.5
    endloop
  endfacet
  facet normal 0 0 1
    outer loop
      vertex -2.61321 -24.863 82.5
      vertex -3.13585 -29.8357 82.5
      vertex 3.13585 -29.8357 82.5
    endloop
  endfacet
  facet normal 0 0 1
    outer loop
      vertex -7.72542 -23.7764 82.5
      vertex -3.13585 -29.8357 82.5
      vertex -2.61321 -24.863 82.5
    endloop
  endfacet
  facet normal 0 0 1
    outer loop
      vertex -7.72542 -23.7764 82.5
      vertex -9.27051 -28.5317 82.5
      vertex -3.13585 -29.8357 82.5
    endloop
  endfacet
  facet normal -0 0 1
    outer loop
      vertex -10.7322 -23.4184 82.5
      vertex -7.72542 -23.7764 82.5
      vertex -10.3893 -22.5904 82.5
    endloop
  endfacet
  facet normal 0 0 1
    outer loop
      vertex -7.72542 -23.7764 82.5
      vertex -10.7322 -23.4184 82.5
      vertex -9.27051 -28.5317 82.5
    endloop
  endfacet
  facet normal -0 0 1
    outer loop
      vertex -12.5 -24.1506 82.5
      vertex -9.27051 -28.5317 82.5
      vertex -10.7322 -23.4184 82.5
    endloop
  endfacet
  facet normal 0 0 1
    outer loop
      vertex -15 -25.9808 82.5
      vertex -12.5 -24.1506 82.5
      vertex -14.2678 -23.4184 82.5
    endloop
  endfacet
  facet normal 0 0 1
    outer loop
      vertex -12.5 -24.1506 82.5
      vertex -15 -25.9808 82.5
      vertex -9.27051 -28.5317 82.5
    endloop
  endfacet
  facet normal 0 0 1
    outer loop
      vertex -15 -25.9808 82.5
      vertex -14.2678 -23.4184 82.5
      vertex -15 -21.6506 82.5
    endloop
  endfacet
  facet normal 0 0 1
    outer loop
      vertex -14.4217 20.2545 82.5
      vertex -15 21.6506 82.5
      vertex -16.7283 18.5786 82.5
    endloop
  endfacet
  facet normal -0.207917 -0.978146 0
    outer loop
      vertex -9.27051 -28.5317 77.5
      vertex -3.13585 -29.8357 82.5
      vertex -9.27051 -28.5317 82.5
    endloop
  endfacet
  facet normal -0.207917 -0.978146 -0
    outer loop
      vertex -3.13585 -29.8357 82.5
      vertex -9.27051 -28.5317 77.5
      vertex -3.13585 -29.8357 77.5
    endloop
  endfacet
  facet normal 0.207917 0.978146 -0
    outer loop
      vertex 9.27051 28.5317 77.5
      vertex 3.13585 29.8357 82.5
      vertex 9.27051 28.5317 82.5
    endloop
  endfacet
  facet normal 0.207917 0.978146 0
    outer loop
      vertex 3.13585 29.8357 82.5
      vertex 9.27051 28.5317 77.5
      vertex 3.13585 29.8357 77.5
    endloop
  endfacet
  facet normal -0.994521 -0.104533 0
    outer loop
      vertex -29.3444 -6.23735 77.5
      vertex -30 0 82.5
      vertex -30 0 77.5
    endloop
  endfacet
  facet normal -0.994521 -0.104533 0
    outer loop
      vertex -30 0 82.5
      vertex -29.3444 -6.23735 77.5
      vertex -29.3444 -6.23735 82.5
    endloop
  endfacet
  facet normal -0.994521 0.104533 0
    outer loop
      vertex -30 0 77.5
      vertex -29.3444 6.23735 82.5
      vertex -29.3444 6.23735 77.5
    endloop
  endfacet
  facet normal -0.994521 0.104533 0
    outer loop
      vertex -29.3444 6.23735 82.5
      vertex -30 0 77.5
      vertex -30 0 82.5
    endloop
  endfacet
  facet normal -0.866024 -0.500003 0
    outer loop
      vertex -24.2705 -17.6336 77.5
      vertex -27.4064 -12.2021 82.5
      vertex -27.4064 -12.2021 77.5
    endloop
  endfacet
  facet normal -0.866024 -0.500003 0
    outer loop
      vertex -27.4064 -12.2021 82.5
      vertex -24.2705 -17.6336 77.5
      vertex -24.2705 -17.6336 82.5
    endloop
  endfacet
  facet normal -0.866024 0.500003 0
    outer loop
      vertex -27.4064 12.2021 77.5
      vertex -24.2705 17.6336 82.5
      vertex -24.2705 17.6336 77.5
    endloop
  endfacet
  facet normal -0.866024 0.500003 0
    outer loop
      vertex -24.2705 17.6336 82.5
      vertex -27.4064 12.2021 77.5
      vertex -27.4064 12.2021 82.5
    endloop
  endfacet
  facet normal 0.866024 -0.500003 0
    outer loop
      vertex 24.2705 -17.6336 82.5
      vertex 27.4064 -12.2021 77.5
      vertex 27.4064 -12.2021 82.5
    endloop
  endfacet
  facet normal 0.866024 -0.500003 0
    outer loop
      vertex 27.4064 -12.2021 77.5
      vertex 24.2705 -17.6336 82.5
      vertex 24.2705 -17.6336 77.5
    endloop
  endfacet
  facet normal 0.587795 0.80901 -0
    outer loop
      vertex 20.0739 22.2943 77.5
      vertex 15 25.9808 82.5
      vertex 20.0739 22.2943 82.5
    endloop
  endfacet
  facet normal 0.587795 0.80901 0
    outer loop
      vertex 15 25.9808 82.5
      vertex 20.0739 22.2943 77.5
      vertex 15 25.9808 77.5
    endloop
  endfacet
  facet normal -0.207917 0.978146 0
    outer loop
      vertex -3.13585 29.8357 77.5
      vertex -9.27051 28.5317 82.5
      vertex -3.13585 29.8357 82.5
    endloop
  endfacet
  facet normal -0.207917 0.978146 0
    outer loop
      vertex -9.27051 28.5317 82.5
      vertex -3.13585 29.8357 77.5
      vertex -9.27051 28.5317 77.5
    endloop
  endfacet
  facet normal 0 -1 0
    outer loop
      vertex -3.13585 -29.8357 77.5
      vertex 3.13585 -29.8357 82.5
      vertex -3.13585 -29.8357 82.5
    endloop
  endfacet
  facet normal 0 -1 -0
    outer loop
      vertex 3.13585 -29.8357 82.5
      vertex -3.13585 -29.8357 77.5
      vertex 3.13585 -29.8357 77.5
    endloop
  endfacet
  facet normal -0.207912 -0.978148 0
    outer loop
      vertex -8.49797 -26.1541 74.5
      vertex -2.87453 -27.3494 76.5
      vertex -8.49797 -26.1541 76.5
    endloop
  endfacet
  facet normal -0.207912 -0.978148 -0
    outer loop
      vertex -2.87453 -27.3494 76.5
      vertex -8.49797 -26.1541 74.5
      vertex -2.87453 -27.3494 74.5
    endloop
  endfacet
  facet normal 0.951055 0.309021 0
    outer loop
      vertex 26.8991 5.71757 76.5
      vertex 25.1225 11.1853 74.5
      vertex 25.1225 11.1853 76.5
    endloop
  endfacet
  facet normal 0.951055 0.309021 0
    outer loop
      vertex 25.1225 11.1853 74.5
      vertex 26.8991 5.71757 76.5
      vertex 26.8991 5.71757 74.5
    endloop
  endfacet
  facet normal 0.994523 0.104521 0
    outer loop
      vertex 27.5 0 76.5
      vertex 26.8991 5.71757 74.5
      vertex 26.8991 5.71757 76.5
    endloop
  endfacet
  facet normal 0.994523 0.104521 0
    outer loop
      vertex 26.8991 5.71757 74.5
      vertex 27.5 0 76.5
      vertex 27.5 0 74.5
    endloop
  endfacet
  facet normal 0.866026 0.499998 0
    outer loop
      vertex 25.1225 11.1853 76.5
      vertex 22.248 16.1641 74.5
      vertex 22.248 16.1641 76.5
    endloop
  endfacet
  facet normal 0.866026 0.499998 0
    outer loop
      vertex 22.248 16.1641 74.5
      vertex 25.1225 11.1853 76.5
      vertex 25.1225 11.1853 74.5
    endloop
  endfacet
  facet normal 0.994523 -0.104521 0
    outer loop
      vertex 26.8991 -5.71757 76.5
      vertex 27.5 0 74.5
      vertex 27.5 0 76.5
    endloop
  endfacet
  facet normal 0.994523 -0.104521 0
    outer loop
      vertex 27.5 0 74.5
      vertex 26.8991 -5.71757 76.5
      vertex 26.8991 -5.71757 74.5
    endloop
  endfacet
  facet normal 0.743144 0.669132 0
    outer loop
      vertex 22.248 16.1641 76.5
      vertex 18.4011 20.4365 74.5
      vertex 18.4011 20.4365 76.5
    endloop
  endfacet
  facet normal 0.743144 0.669132 0
    outer loop
      vertex 18.4011 20.4365 74.5
      vertex 22.248 16.1641 76.5
      vertex 22.248 16.1641 74.5
    endloop
  endfacet
  facet normal -0.951055 -0.309021 0
    outer loop
      vertex -25.1225 -11.1853 74.5
      vertex -26.8991 -5.71757 76.5
      vertex -26.8991 -5.71757 74.5
    endloop
  endfacet
  facet normal -0.951055 -0.309021 0
    outer loop
      vertex -26.8991 -5.71757 76.5
      vertex -25.1225 -11.1853 74.5
      vertex -25.1225 -11.1853 76.5
    endloop
  endfacet
  facet normal -0.743144 0.669132 0
    outer loop
      vertex -22.248 16.1641 74.5
      vertex -18.4011 20.4365 76.5
      vertex -18.4011 20.4365 74.5
    endloop
  endfacet
  facet normal -0.743144 0.669132 0
    outer loop
      vertex -18.4011 20.4365 76.5
      vertex -22.248 16.1641 74.5
      vertex -22.248 16.1641 76.5
    endloop
  endfacet
  facet normal -0.951055 0.309021 0
    outer loop
      vertex -26.8991 5.71757 74.5
      vertex -25.1225 11.1853 76.5
      vertex -25.1225 11.1853 74.5
    endloop
  endfacet
  facet normal -0.951055 0.309021 0
    outer loop
      vertex -25.1225 11.1853 76.5
      vertex -26.8991 5.71757 74.5
      vertex -26.8991 5.71757 76.5
    endloop
  endfacet
  facet normal 0.587783 -0.809019 0
    outer loop
      vertex 13.75 -23.8157 74.5
      vertex 18.4011 -20.4365 76.5
      vertex 13.75 -23.8157 76.5
    endloop
  endfacet
  facet normal 0.587783 -0.809019 0
    outer loop
      vertex 18.4011 -20.4365 76.5
      vertex 13.75 -23.8157 74.5
      vertex 18.4011 -20.4365 74.5
    endloop
  endfacet
  facet normal -0.587783 -0.809019 0
    outer loop
      vertex -18.4011 -20.4365 74.5
      vertex -13.75 -23.8157 76.5
      vertex -18.4011 -20.4365 76.5
    endloop
  endfacet
  facet normal -0.587783 -0.809019 -0
    outer loop
      vertex -13.75 -23.8157 76.5
      vertex -18.4011 -20.4365 74.5
      vertex -13.75 -23.8157 74.5
    endloop
  endfacet
  facet normal -0.587783 0.809019 0
    outer loop
      vertex -13.75 23.8157 74.5
      vertex -18.4011 20.4365 76.5
      vertex -13.75 23.8157 76.5
    endloop
  endfacet
  facet normal -0.587783 0.809019 0
    outer loop
      vertex -18.4011 20.4365 76.5
      vertex -13.75 23.8157 74.5
      vertex -18.4011 20.4365 74.5
    endloop
  endfacet
  facet normal -0.866026 0.499998 0
    outer loop
      vertex -25.1225 11.1853 74.5
      vertex -22.248 16.1641 76.5
      vertex -22.248 16.1641 74.5
    endloop
  endfacet
  facet normal -0.866026 0.499998 0
    outer loop
      vertex -22.248 16.1641 76.5
      vertex -25.1225 11.1853 74.5
      vertex -25.1225 11.1853 76.5
    endloop
  endfacet
  facet normal -0.406743 0.913543 0
    outer loop
      vertex -8.49797 26.1541 74.5
      vertex -13.75 23.8157 76.5
      vertex -8.49797 26.1541 76.5
    endloop
  endfacet
  facet normal -0.406743 0.913543 0
    outer loop
      vertex -13.75 23.8157 76.5
      vertex -8.49797 26.1541 74.5
      vertex -13.75 23.8157 74.5
    endloop
  endfacet
  facet normal -0.406743 -0.913543 0
    outer loop
      vertex -13.75 -23.8157 74.5
      vertex -8.49797 -26.1541 76.5
      vertex -13.75 -23.8157 76.5
    endloop
  endfacet
  facet normal -0.406743 -0.913543 -0
    outer loop
      vertex -8.49797 -26.1541 76.5
      vertex -13.75 -23.8157 74.5
      vertex -8.49797 -26.1541 74.5
    endloop
  endfacet
  facet normal -0.207912 0.978148 0
    outer loop
      vertex -2.87453 27.3494 74.5
      vertex -8.49797 26.1541 76.5
      vertex -2.87453 27.3494 76.5
    endloop
  endfacet
  facet normal -0.207912 0.978148 0
    outer loop
      vertex -8.49797 26.1541 76.5
      vertex -2.87453 27.3494 74.5
      vertex -8.49797 26.1541 74.5
    endloop
  endfacet
  facet normal 0.866026 -0.499998 0
    outer loop
      vertex 22.248 -16.1641 76.5
      vertex 25.1225 -11.1853 74.5
      vertex 25.1225 -11.1853 76.5
    endloop
  endfacet
  facet normal 0.866026 -0.499998 0
    outer loop
      vertex 25.1225 -11.1853 74.5
      vertex 22.248 -16.1641 76.5
      vertex 22.248 -16.1641 74.5
    endloop
  endfacet
  facet normal 0.743144 -0.669132 0
    outer loop
      vertex 18.4011 -20.4365 76.5
      vertex 22.248 -16.1641 74.5
      vertex 22.248 -16.1641 76.5
    endloop
  endfacet
  facet normal 0.743144 -0.669132 0
    outer loop
      vertex 22.248 -16.1641 74.5
      vertex 18.4011 -20.4365 76.5
      vertex 18.4011 -20.4365 74.5
    endloop
  endfacet
  facet normal 0 0 1
    outer loop
      vertex -25.1225 -11.1853 76.5
      vertex -10 0 76.5
      vertex -23.2322 -1.76777 76.5
    endloop
  endfacet
  facet normal 0 0 1
    outer loop
      vertex -26.8991 -5.71757 76.5
      vertex -23.2322 -1.76777 76.5
      vertex -25 -2.5 76.5
    endloop
  endfacet
  facet normal 0 0 1
    outer loop
      vertex -10 0 76.5
      vertex -25.1225 -11.1853 76.5
      vertex -22.248 -16.1641 76.5
    endloop
  endfacet
  facet normal 0 0 1
    outer loop
      vertex -26.8991 -5.71757 76.5
      vertex -25 -2.5 76.5
      vertex -26.7678 -1.76777 76.5
    endloop
  endfacet
  facet normal 0 0 1
    outer loop
      vertex -23.2322 -1.76777 76.5
      vertex -26.8991 -5.71757 76.5
      vertex -25.1225 -11.1853 76.5
    endloop
  endfacet
  facet normal 0 -0 1
    outer loop
      vertex -26.8991 -5.71757 76.5
      vertex -26.7678 -1.76777 76.5
      vertex -27.5 0 76.5
    endloop
  endfacet
  facet normal 0 0 1
    outer loop
      vertex 26.8991 5.71757 76.5
      vertex 26.7678 1.76777 76.5
      vertex 27.5 0 76.5
    endloop
  endfacet
  facet normal 0 0 1
    outer loop
      vertex 23.2322 1.76777 76.5
      vertex 26.8991 5.71757 76.5
      vertex 25.1225 11.1853 76.5
    endloop
  endfacet
  facet normal 0 0 1
    outer loop
      vertex 26.8991 5.71757 76.5
      vertex 25 2.5 76.5
      vertex 26.7678 1.76777 76.5
    endloop
  endfacet
  facet normal 0 0 1
    outer loop
      vertex 26.8991 5.71757 76.5
      vertex 23.2322 1.76777 76.5
      vertex 25 2.5 76.5
    endloop
  endfacet
  facet normal -0 0 1
    outer loop
      vertex 9.78148 2.07912 76.5
      vertex 23.2322 1.76777 76.5
      vertex 25.1225 11.1853 76.5
    endloop
  endfacet
  facet normal 0 0 1
    outer loop
      vertex 9.78148 2.07912 76.5
      vertex 25.1225 11.1853 76.5
      vertex 22.248 16.1641 76.5
    endloop
  endfacet
  facet normal -0 0 1
    outer loop
      vertex 26.7678 -1.76777 76.5
      vertex 26.8991 -5.71757 76.5
      vertex 27.5 0 76.5
    endloop
  endfacet
  facet normal -0 0 1
    outer loop
      vertex 25 -2.5 76.5
      vertex 26.8991 -5.71757 76.5
      vertex 26.7678 -1.76777 76.5
    endloop
  endfacet
  facet normal 0 0 1
    outer loop
      vertex 23.2322 -1.76777 76.5
      vertex 26.8991 -5.71757 76.5
      vertex 25 -2.5 76.5
    endloop
  endfacet
  facet normal 0 0 1
    outer loop
      vertex 26.8991 -5.71757 76.5
      vertex 23.2322 -1.76777 76.5
      vertex 25.1225 -11.1853 76.5
    endloop
  endfacet
  facet normal 0 0 1
    outer loop
      vertex 9.78148 -2.07912 76.5
      vertex 23.2322 -1.76777 76.5
      vertex 22.5 0 76.5
    endloop
  endfacet
  facet normal 0 0 1
    outer loop
      vertex 23.2322 -1.76777 76.5
      vertex 9.13545 -4.06737 76.5
      vertex 25.1225 -11.1853 76.5
    endloop
  endfacet
  facet normal 0 0 1
    outer loop
      vertex 23.2322 1.76777 76.5
      vertex 9.78148 2.07912 76.5
      vertex 22.5 0 76.5
    endloop
  endfacet
  facet normal -0 0 1
    outer loop
      vertex 14.2678 19.8829 76.5
      vertex 22.248 16.1641 76.5
      vertex 18.4011 20.4365 76.5
    endloop
  endfacet
  facet normal 0 0 1
    outer loop
      vertex 9.78148 -2.07912 76.5
      vertex 22.5 0 76.5
      vertex 10 0 76.5
    endloop
  endfacet
  facet normal 0 0 1
    outer loop
      vertex 14.2678 19.8829 76.5
      vertex 18.4011 20.4365 76.5
      vertex 15 21.6506 76.5
    endloop
  endfacet
  facet normal 0 0 1
    outer loop
      vertex 18.4011 20.4365 76.5
      vertex 14.2678 23.4184 76.5
      vertex 15 21.6506 76.5
    endloop
  endfacet
  facet normal 0 0 1
    outer loop
      vertex 13.75 23.8157 76.5
      vertex 14.2678 23.4184 76.5
      vertex 18.4011 20.4365 76.5
    endloop
  endfacet
  facet normal 0 0 1
    outer loop
      vertex 13.75 23.8157 76.5
      vertex 12.5 24.1506 76.5
      vertex 14.2678 23.4184 76.5
    endloop
  endfacet
  facet normal 0 0 1
    outer loop
      vertex 22.5 0 76.5
      vertex 9.78148 2.07912 76.5
      vertex 10 0 76.5
    endloop
  endfacet
  facet normal 0 0 1
    outer loop
      vertex 10.7322 19.8829 76.5
      vertex 9.13545 4.06737 76.5
      vertex 9.78148 2.07912 76.5
    endloop
  endfacet
  facet normal 0 0 1
    outer loop
      vertex 8.49797 26.1541 76.5
      vertex 12.5 24.1506 76.5
      vertex 13.75 23.8157 76.5
    endloop
  endfacet
  facet normal 0 0 1
    outer loop
      vertex 8.49797 26.1541 76.5
      vertex 10.7322 23.4184 76.5
      vertex 12.5 24.1506 76.5
    endloop
  endfacet
  facet normal 0 0 1
    outer loop
      vertex 8.49797 26.1541 76.5
      vertex 10 21.6506 76.5
      vertex 10.7322 23.4184 76.5
    endloop
  endfacet
  facet normal 0 0 1
    outer loop
      vertex 2.87453 27.3494 76.5
      vertex 10 21.6506 76.5
      vertex 8.49797 26.1541 76.5
    endloop
  endfacet
  facet normal 0 0 1
    outer loop
      vertex 10.7322 19.8829 76.5
      vertex 8.09017 5.87785 76.5
      vertex 9.13545 4.06737 76.5
    endloop
  endfacet
  facet normal 0 0 1
    outer loop
      vertex 10.7322 19.8829 76.5
      vertex 6.69131 7.43145 76.5
      vertex 8.09017 5.87785 76.5
    endloop
  endfacet
  facet normal 0 0 1
    outer loop
      vertex 10.7322 19.8829 76.5
      vertex 5 8.66025 76.5
      vertex 6.69131 7.43145 76.5
    endloop
  endfacet
  facet normal 0 0 1
    outer loop
      vertex 10.7322 19.8829 76.5
      vertex 3.09017 9.51056 76.5
      vertex 5 8.66025 76.5
    endloop
  endfacet
  facet normal 0 0 1
    outer loop
      vertex 1.04528 9.94522 76.5
      vertex 10 21.6506 76.5
      vertex 2.87453 27.3494 76.5
    endloop
  endfacet
  facet normal 0 0 1
    outer loop
      vertex 10.7322 19.8829 76.5
      vertex 1.04528 9.94522 76.5
      vertex 3.09017 9.51056 76.5
    endloop
  endfacet
  facet normal 0 0 1
    outer loop
      vertex 2.87453 27.3494 76.5
      vertex -1.04528 9.94522 76.5
      vertex 1.04528 9.94522 76.5
    endloop
  endfacet
  facet normal -0 0 1
    outer loop
      vertex -2.87453 27.3494 76.5
      vertex -1.04528 9.94522 76.5
      vertex 2.87453 27.3494 76.5
    endloop
  endfacet
  facet normal -0 0 1
    outer loop
      vertex -10 21.6506 76.5
      vertex -1.04528 9.94522 76.5
      vertex -2.87453 27.3494 76.5
    endloop
  endfacet
  facet normal -0 0 1
    outer loop
      vertex -10.7322 19.8829 76.5
      vertex -1.04528 9.94522 76.5
      vertex -10 21.6506 76.5
    endloop
  endfacet
  facet normal 0 0 1
    outer loop
      vertex -1.04528 9.94522 76.5
      vertex -10.7322 19.8829 76.5
      vertex -3.09017 9.51056 76.5
    endloop
  endfacet
  facet normal -0 0 1
    outer loop
      vertex -12.5 19.1506 76.5
      vertex -5 8.66025 76.5
      vertex -10.7322 19.8829 76.5
    endloop
  endfacet
  facet normal 0 0 1
    outer loop
      vertex -10 21.6506 76.5
      vertex -2.87453 27.3494 76.5
      vertex -8.49797 26.1541 76.5
    endloop
  endfacet
  facet normal 0 0 1
    outer loop
      vertex -3.09017 9.51056 76.5
      vertex -10.7322 19.8829 76.5
      vertex -5 8.66025 76.5
    endloop
  endfacet
  facet normal 0 0 1
    outer loop
      vertex -5 8.66025 76.5
      vertex -12.5 19.1506 76.5
      vertex -6.69131 7.43145 76.5
    endloop
  endfacet
  facet normal 0 0 1
    outer loop
      vertex -6.69131 7.43145 76.5
      vertex -12.5 19.1506 76.5
      vertex -8.09017 5.87785 76.5
    endloop
  endfacet
  facet normal 0 0 1
    outer loop
      vertex -8.49797 26.1541 76.5
      vertex -10.7322 23.4184 76.5
      vertex -10 21.6506 76.5
    endloop
  endfacet
  facet normal 0 0 1
    outer loop
      vertex -8.49797 26.1541 76.5
      vertex -12.5 24.1506 76.5
      vertex -10.7322 23.4184 76.5
    endloop
  endfacet
  facet normal 0 0 1
    outer loop
      vertex -13.75 23.8157 76.5
      vertex -12.5 24.1506 76.5
      vertex -8.49797 26.1541 76.5
    endloop
  endfacet
  facet normal -0 0 1
    outer loop
      vertex -13.75 23.8157 76.5
      vertex -14.2678 23.4184 76.5
      vertex -12.5 24.1506 76.5
    endloop
  endfacet
  facet normal 0 0 1
    outer loop
      vertex -10 0 76.5
      vertex -22.248 -16.1641 76.5
      vertex -12.5 -19.1506 76.5
    endloop
  endfacet
  facet normal 0 0 1
    outer loop
      vertex -14.2678 23.4184 76.5
      vertex -18.4011 20.4365 76.5
      vertex -15 21.6506 76.5
    endloop
  endfacet
  facet normal 0 0 1
    outer loop
      vertex -18.4011 20.4365 76.5
      vertex -14.2678 23.4184 76.5
      vertex -13.75 23.8157 76.5
    endloop
  endfacet
  facet normal -0 0 1
    outer loop
      vertex -22.248 16.1641 76.5
      vertex -8.09017 5.87785 76.5
      vertex -12.5 19.1506 76.5
    endloop
  endfacet
  facet normal 0 0 1
    outer loop
      vertex -22.248 16.1641 76.5
      vertex -12.5 19.1506 76.5
      vertex -14.2678 19.8829 76.5
    endloop
  endfacet
  facet normal 0 0 1
    outer loop
      vertex -22.248 16.1641 76.5
      vertex -14.2678 19.8829 76.5
      vertex -18.4011 20.4365 76.5
    endloop
  endfacet
  facet normal 0 0 1
    outer loop
      vertex -10 0 76.5
      vertex -10.7322 -19.8829 76.5
      vertex -10 -21.6506 76.5
    endloop
  endfacet
  facet normal 0 0 1
    outer loop
      vertex -8.09017 5.87785 76.5
      vertex -22.248 16.1641 76.5
      vertex -9.13545 4.06737 76.5
    endloop
  endfacet
  facet normal 0 0 1
    outer loop
      vertex -10 0 76.5
      vertex -12.5 -19.1506 76.5
      vertex -10.7322 -19.8829 76.5
    endloop
  endfacet
  facet normal 0 0 1
    outer loop
      vertex -9.13545 4.06737 76.5
      vertex -22.5 0 76.5
      vertex -9.78148 2.07912 76.5
    endloop
  endfacet
  facet normal 0 0 1
    outer loop
      vertex -23.2322 -1.76777 76.5
      vertex -10 0 76.5
      vertex -22.5 0 76.5
    endloop
  endfacet
  facet normal -0 0 1
    outer loop
      vertex -18.4011 20.4365 76.5
      vertex -14.2678 19.8829 76.5
      vertex -15 21.6506 76.5
    endloop
  endfacet
  facet normal 0 0 1
    outer loop
      vertex -9.78148 2.07912 76.5
      vertex -22.5 0 76.5
      vertex -10 0 76.5
    endloop
  endfacet
  facet normal 0 0 1
    outer loop
      vertex 23.2322 -1.76777 76.5
      vertex 9.78148 -2.07912 76.5
      vertex 9.13545 -4.06737 76.5
    endloop
  endfacet
  facet normal 0 0 1
    outer loop
      vertex 18.4011 -20.4365 76.5
      vertex 14.2678 -19.8829 76.5
      vertex 15 -21.6506 76.5
    endloop
  endfacet
  facet normal 0 0 1
    outer loop
      vertex 22.248 16.1641 76.5
      vertex 12.5 19.1506 76.5
      vertex 9.78148 2.07912 76.5
    endloop
  endfacet
  facet normal 0 0 1
    outer loop
      vertex 25.1225 -11.1853 76.5
      vertex 9.13545 -4.06737 76.5
      vertex 22.248 -16.1641 76.5
    endloop
  endfacet
  facet normal 0 0 1
    outer loop
      vertex 9.78148 2.07912 76.5
      vertex 12.5 19.1506 76.5
      vertex 10.7322 19.8829 76.5
    endloop
  endfacet
  facet normal -0 0 1
    outer loop
      vertex 8.09017 -5.87785 76.5
      vertex 22.248 -16.1641 76.5
      vertex 9.13545 -4.06737 76.5
    endloop
  endfacet
  facet normal 0 0 1
    outer loop
      vertex 1.04528 9.94522 76.5
      vertex 10.7322 19.8829 76.5
      vertex 10 21.6506 76.5
    endloop
  endfacet
  facet normal 0 0 1
    outer loop
      vertex 22.248 -16.1641 76.5
      vertex 14.2678 -19.8829 76.5
      vertex 18.4011 -20.4365 76.5
    endloop
  endfacet
  facet normal 0 -0 1
    outer loop
      vertex 12.5 -19.1506 76.5
      vertex 22.248 -16.1641 76.5
      vertex 8.09017 -5.87785 76.5
    endloop
  endfacet
  facet normal 0 0 1
    outer loop
      vertex 22.248 -16.1641 76.5
      vertex 12.5 -19.1506 76.5
      vertex 14.2678 -19.8829 76.5
    endloop
  endfacet
  facet normal -0 0 1
    outer loop
      vertex 12.5 19.1506 76.5
      vertex 22.248 16.1641 76.5
      vertex 14.2678 19.8829 76.5
    endloop
  endfacet
  facet normal 0 0 1
    outer loop
      vertex 14.2678 -23.4184 76.5
      vertex 18.4011 -20.4365 76.5
      vertex 15 -21.6506 76.5
    endloop
  endfacet
  facet normal -0 0 1
    outer loop
      vertex 14.2678 -23.4184 76.5
      vertex 13.75 -23.8157 76.5
      vertex 18.4011 -20.4365 76.5
    endloop
  endfacet
  facet normal 0 0 1
    outer loop
      vertex 12.5 -24.1506 76.5
      vertex 13.75 -23.8157 76.5
      vertex 14.2678 -23.4184 76.5
    endloop
  endfacet
  facet normal -0 0 1
    outer loop
      vertex 6.69131 -7.43145 76.5
      vertex 12.5 -19.1506 76.5
      vertex 8.09017 -5.87785 76.5
    endloop
  endfacet
  facet normal -0 0 1
    outer loop
      vertex 12.5 -24.1506 76.5
      vertex 8.49797 -26.1541 76.5
      vertex 13.75 -23.8157 76.5
    endloop
  endfacet
  facet normal 0 0 1
    outer loop
      vertex 10.7322 -23.4184 76.5
      vertex 8.49797 -26.1541 76.5
      vertex 12.5 -24.1506 76.5
    endloop
  endfacet
  facet normal 0 0 1
    outer loop
      vertex 10 -21.6506 76.5
      vertex 8.49797 -26.1541 76.5
      vertex 10.7322 -23.4184 76.5
    endloop
  endfacet
  facet normal -0 0 1
    outer loop
      vertex 5 -8.66025 76.5
      vertex 12.5 -19.1506 76.5
      vertex 6.69131 -7.43145 76.5
    endloop
  endfacet
  facet normal 0 0 1
    outer loop
      vertex 12.5 -19.1506 76.5
      vertex 5 -8.66025 76.5
      vertex 10.7322 -19.8829 76.5
    endloop
  endfacet
  facet normal -0 0 1
    outer loop
      vertex 3.09017 -9.51056 76.5
      vertex 10.7322 -19.8829 76.5
      vertex 5 -8.66025 76.5
    endloop
  endfacet
  facet normal -0 0 1
    outer loop
      vertex 1.04528 -9.94522 76.5
      vertex 10.7322 -19.8829 76.5
      vertex 3.09017 -9.51056 76.5
    endloop
  endfacet
  facet normal 0 0 1
    outer loop
      vertex 10.7322 -19.8829 76.5
      vertex 1.04528 -9.94522 76.5
      vertex 10 -21.6506 76.5
    endloop
  endfacet
  facet normal 0 0 1
    outer loop
      vertex 10 -21.6506 76.5
      vertex 2.87453 -27.3494 76.5
      vertex 8.49797 -26.1541 76.5
    endloop
  endfacet
  facet normal 0 0 1
    outer loop
      vertex 10 -21.6506 76.5
      vertex 1.04528 -9.94522 76.5
      vertex 2.87453 -27.3494 76.5
    endloop
  endfacet
  facet normal -0 0 1
    outer loop
      vertex -1.04528 -9.94522 76.5
      vertex 2.87453 -27.3494 76.5
      vertex 1.04528 -9.94522 76.5
    endloop
  endfacet
  facet normal 0 0 1
    outer loop
      vertex -1.04528 -9.94522 76.5
      vertex -2.87453 -27.3494 76.5
      vertex 2.87453 -27.3494 76.5
    endloop
  endfacet
  facet normal 0 0 1
    outer loop
      vertex -10 -21.6506 76.5
      vertex -1.04528 -9.94522 76.5
      vertex -3.09017 -9.51056 76.5
    endloop
  endfacet
  facet normal 0 0 1
    outer loop
      vertex -10 -21.6506 76.5
      vertex -3.09017 -9.51056 76.5
      vertex -5 -8.66025 76.5
    endloop
  endfacet
  facet normal 0 0 1
    outer loop
      vertex -10 -21.6506 76.5
      vertex -5 -8.66025 76.5
      vertex -6.69131 -7.43145 76.5
    endloop
  endfacet
  facet normal 0 0 1
    outer loop
      vertex -10 -21.6506 76.5
      vertex -6.69131 -7.43145 76.5
      vertex -8.09017 -5.87785 76.5
    endloop
  endfacet
  facet normal 0 0 1
    outer loop
      vertex -1.04528 -9.94522 76.5
      vertex -10 -21.6506 76.5
      vertex -2.87453 -27.3494 76.5
    endloop
  endfacet
  facet normal 0 0 1
    outer loop
      vertex -10 -21.6506 76.5
      vertex -8.09017 -5.87785 76.5
      vertex -9.13545 -4.06737 76.5
    endloop
  endfacet
  facet normal 0 0 1
    outer loop
      vertex -10 -21.6506 76.5
      vertex -9.13545 -4.06737 76.5
      vertex -9.78148 -2.07912 76.5
    endloop
  endfacet
  facet normal 0 0 1
    outer loop
      vertex -10 -21.6506 76.5
      vertex -9.78148 -2.07912 76.5
      vertex -10 0 76.5
    endloop
  endfacet
  facet normal 0 0 1
    outer loop
      vertex -2.87453 -27.3494 76.5
      vertex -10 -21.6506 76.5
      vertex -8.49797 -26.1541 76.5
    endloop
  endfacet
  facet normal -0 0 1
    outer loop
      vertex -10.7322 -23.4184 76.5
      vertex -8.49797 -26.1541 76.5
      vertex -10 -21.6506 76.5
    endloop
  endfacet
  facet normal -0 0 1
    outer loop
      vertex -12.5 -24.1506 76.5
      vertex -8.49797 -26.1541 76.5
      vertex -10.7322 -23.4184 76.5
    endloop
  endfacet
  facet normal 0 0 1
    outer loop
      vertex -12.5 -24.1506 76.5
      vertex -13.75 -23.8157 76.5
      vertex -8.49797 -26.1541 76.5
    endloop
  endfacet
  facet normal 0 0 1
    outer loop
      vertex -14.2678 -23.4184 76.5
      vertex -13.75 -23.8157 76.5
      vertex -12.5 -24.1506 76.5
    endloop
  endfacet
  facet normal 0 0 1
    outer loop
      vertex -14.2678 -23.4184 76.5
      vertex -18.4011 -20.4365 76.5
      vertex -13.75 -23.8157 76.5
    endloop
  endfacet
  facet normal 0 0 1
    outer loop
      vertex -15 -21.6506 76.5
      vertex -18.4011 -20.4365 76.5
      vertex -14.2678 -23.4184 76.5
    endloop
  endfacet
  facet normal 0 0 1
    outer loop
      vertex -12.5 -19.1506 76.5
      vertex -22.248 -16.1641 76.5
      vertex -14.2678 -19.8829 76.5
    endloop
  endfacet
  facet normal -0 0 1
    outer loop
      vertex -25.1225 11.1853 76.5
      vertex -9.13545 4.06737 76.5
      vertex -22.248 16.1641 76.5
    endloop
  endfacet
  facet normal 0 -0 1
    outer loop
      vertex -18.4011 -20.4365 76.5
      vertex -14.2678 -19.8829 76.5
      vertex -22.248 -16.1641 76.5
    endloop
  endfacet
  facet normal 0 0 1
    outer loop
      vertex -14.2678 -19.8829 76.5
      vertex -18.4011 -20.4365 76.5
      vertex -15 -21.6506 76.5
    endloop
  endfacet
  facet normal 0 0 1
    outer loop
      vertex -9.13545 4.06737 76.5
      vertex -23.2322 1.76777 76.5
      vertex -22.5 0 76.5
    endloop
  endfacet
  facet normal 0 0 1
    outer loop
      vertex -9.13545 4.06737 76.5
      vertex -25.1225 11.1853 76.5
      vertex -23.2322 1.76777 76.5
    endloop
  endfacet
  facet normal -0 0 1
    outer loop
      vertex -26.8991 5.71757 76.5
      vertex -23.2322 1.76777 76.5
      vertex -25.1225 11.1853 76.5
    endloop
  endfacet
  facet normal 0 0 1
    outer loop
      vertex -23.2322 1.76777 76.5
      vertex -26.8991 5.71757 76.5
      vertex -25 2.5 76.5
    endloop
  endfacet
  facet normal 0 0 1
    outer loop
      vertex -25 2.5 76.5
      vertex -26.8991 5.71757 76.5
      vertex -26.7678 1.76777 76.5
    endloop
  endfacet
  facet normal 0 0 1
    outer loop
      vertex -26.7678 1.76777 76.5
      vertex -26.8991 5.71757 76.5
      vertex -27.5 0 76.5
    endloop
  endfacet
  facet normal 0.207912 -0.978148 0
    outer loop
      vertex 2.87453 -27.3494 74.5
      vertex 8.49797 -26.1541 76.5
      vertex 2.87453 -27.3494 76.5
    endloop
  endfacet
  facet normal 0.207912 -0.978148 0
    outer loop
      vertex 8.49797 -26.1541 76.5
      vertex 2.87453 -27.3494 74.5
      vertex 8.49797 -26.1541 74.5
    endloop
  endfacet
  facet normal 0 1 -0
    outer loop
      vertex 2.87453 27.3494 74.5
      vertex -2.87453 27.3494 76.5
      vertex 2.87453 27.3494 76.5
    endloop
  endfacet
  facet normal 0 1 0
    outer loop
      vertex -2.87453 27.3494 76.5
      vertex 2.87453 27.3494 74.5
      vertex -2.87453 27.3494 74.5
    endloop
  endfacet
  facet normal 0.951055 -0.309021 0
    outer loop
      vertex 25.1225 -11.1853 76.5
      vertex 26.8991 -5.71757 74.5
      vertex 26.8991 -5.71757 76.5
    endloop
  endfacet
  facet normal 0.951055 -0.309021 0
    outer loop
      vertex 26.8991 -5.71757 74.5
      vertex 25.1225 -11.1853 76.5
      vertex 25.1225 -11.1853 74.5
    endloop
  endfacet
  facet normal 0.587783 0.809019 -0
    outer loop
      vertex 18.4011 20.4365 74.5
      vertex 13.75 23.8157 76.5
      vertex 18.4011 20.4365 76.5
    endloop
  endfacet
  facet normal 0.587783 0.809019 0
    outer loop
      vertex 13.75 23.8157 76.5
      vertex 18.4011 20.4365 74.5
      vertex 13.75 23.8157 74.5
    endloop
  endfacet
  facet normal -0.994523 0.104521 0
    outer loop
      vertex -27.5 0 74.5
      vertex -26.8991 5.71757 76.5
      vertex -26.8991 5.71757 74.5
    endloop
  endfacet
  facet normal -0.994523 0.104521 0
    outer loop
      vertex -26.8991 5.71757 76.5
      vertex -27.5 0 74.5
      vertex -27.5 0 76.5
    endloop
  endfacet
  facet normal -0.866026 -0.499998 0
    outer loop
      vertex -22.248 -16.1641 74.5
      vertex -25.1225 -11.1853 76.5
      vertex -25.1225 -11.1853 74.5
    endloop
  endfacet
  facet normal -0.866026 -0.499998 0
    outer loop
      vertex -25.1225 -11.1853 76.5
      vertex -22.248 -16.1641 74.5
      vertex -22.248 -16.1641 76.5
    endloop
  endfacet
  facet normal 0.406743 0.913543 -0
    outer loop
      vertex 13.75 23.8157 74.5
      vertex 8.49797 26.1541 76.5
      vertex 13.75 23.8157 76.5
    endloop
  endfacet
  facet normal 0.406743 0.913543 0
    outer loop
      vertex 8.49797 26.1541 76.5
      vertex 13.75 23.8157 74.5
      vertex 8.49797 26.1541 74.5
    endloop
  endfacet
  facet normal 0 -1 0
    outer loop
      vertex -2.87453 -27.3494 74.5
      vertex 2.87453 -27.3494 76.5
      vertex -2.87453 -27.3494 76.5
    endloop
  endfacet
  facet normal 0 -1 -0
    outer loop
      vertex 2.87453 -27.3494 76.5
      vertex -2.87453 -27.3494 74.5
      vertex 2.87453 -27.3494 74.5
    endloop
  endfacet
  facet normal -0.994523 -0.104521 0
    outer loop
      vertex -26.8991 -5.71757 74.5
      vertex -27.5 0 76.5
      vertex -27.5 0 74.5
    endloop
  endfacet
  facet normal -0.994523 -0.104521 0
    outer loop
      vertex -27.5 0 76.5
      vertex -26.8991 -5.71757 74.5
      vertex -26.8991 -5.71757 76.5
    endloop
  endfacet
  facet normal 0.406743 -0.913543 0
    outer loop
      vertex 8.49797 -26.1541 74.5
      vertex 13.75 -23.8157 76.5
      vertex 8.49797 -26.1541 76.5
    endloop
  endfacet
  facet normal 0.406743 -0.913543 0
    outer loop
      vertex 13.75 -23.8157 76.5
      vertex 8.49797 -26.1541 74.5
      vertex 13.75 -23.8157 74.5
    endloop
  endfacet
  facet normal -0.743144 -0.669132 0
    outer loop
      vertex -18.4011 -20.4365 74.5
      vertex -22.248 -16.1641 76.5
      vertex -22.248 -16.1641 74.5
    endloop
  endfacet
  facet normal -0.743144 -0.669132 0
    outer loop
      vertex -22.248 -16.1641 76.5
      vertex -18.4011 -20.4365 74.5
      vertex -18.4011 -20.4365 76.5
    endloop
  endfacet
  facet normal 0.207912 0.978148 -0
    outer loop
      vertex 8.49797 26.1541 74.5
      vertex 2.87453 27.3494 76.5
      vertex 8.49797 26.1541 76.5
    endloop
  endfacet
  facet normal 0.207912 0.978148 0
    outer loop
      vertex 2.87453 27.3494 76.5
      vertex 8.49797 26.1541 74.5
      vertex 2.87453 27.3494 74.5
    endloop
  endfacet
  facet normal -0.743138 -0.669138 0
    outer loop
      vertex -20.0739 -22.2943 69.5
      vertex -24.2705 -17.6336 74.5
      vertex -24.2705 -17.6336 69.5
    endloop
  endfacet
  facet normal -0.743138 -0.669138 0
    outer loop
      vertex -24.2705 -17.6336 74.5
      vertex -20.0739 -22.2943 69.5
      vertex -20.0739 -22.2943 74.5
    endloop
  endfacet
  facet normal 0.95106 0.309008 0
    outer loop
      vertex 29.3444 6.23735 74.5
      vertex 27.4064 12.2021 69.5
      vertex 27.4064 12.2021 74.5
    endloop
  endfacet
  facet normal 0.95106 0.309008 0
    outer loop
      vertex 27.4064 12.2021 69.5
      vertex 29.3444 6.23735 74.5
      vertex 29.3444 6.23735 69.5
    endloop
  endfacet
  facet normal 0.994521 0.104533 0
    outer loop
      vertex 30 0 74.5
      vertex 29.3444 6.23735 69.5
      vertex 29.3444 6.23735 74.5
    endloop
  endfacet
  facet normal 0.994521 0.104533 0
    outer loop
      vertex 29.3444 6.23735 69.5
      vertex 30 0 74.5
      vertex 30 0 69.5
    endloop
  endfacet
  facet normal 0.866024 0.500003 0
    outer loop
      vertex 27.4064 12.2021 74.5
      vertex 24.2705 17.6336 69.5
      vertex 24.2705 17.6336 74.5
    endloop
  endfacet
  facet normal 0.866024 0.500003 0
    outer loop
      vertex 24.2705 17.6336 69.5
      vertex 27.4064 12.2021 74.5
      vertex 27.4064 12.2021 69.5
    endloop
  endfacet
  facet normal 0.95106 -0.309008 0
    outer loop
      vertex 27.4064 -12.2021 74.5
      vertex 29.3444 -6.23735 69.5
      vertex 29.3444 -6.23735 74.5
    endloop
  endfacet
  facet normal 0.95106 -0.309008 0
    outer loop
      vertex 29.3444 -6.23735 69.5
      vertex 27.4064 -12.2021 74.5
      vertex 27.4064 -12.2021 69.5
    endloop
  endfacet
  facet normal -0.587795 0.80901 0
    outer loop
      vertex -15 25.9808 69.5
      vertex -20.0739 22.2943 74.5
      vertex -15 25.9808 74.5
    endloop
  endfacet
  facet normal -0.587795 0.80901 0
    outer loop
      vertex -20.0739 22.2943 74.5
      vertex -15 25.9808 69.5
      vertex -20.0739 22.2943 69.5
    endloop
  endfacet
  facet normal 0.587795 -0.80901 0
    outer loop
      vertex 15 -25.9808 69.5
      vertex 20.0739 -22.2943 74.5
      vertex 15 -25.9808 74.5
    endloop
  endfacet
  facet normal 0.587795 -0.80901 0
    outer loop
      vertex 20.0739 -22.2943 74.5
      vertex 15 -25.9808 69.5
      vertex 20.0739 -22.2943 69.5
    endloop
  endfacet
  facet normal 0.743138 -0.669138 0
    outer loop
      vertex 20.0739 -22.2943 74.5
      vertex 24.2705 -17.6336 69.5
      vertex 24.2705 -17.6336 74.5
    endloop
  endfacet
  facet normal 0.743138 -0.669138 0
    outer loop
      vertex 24.2705 -17.6336 69.5
      vertex 20.0739 -22.2943 74.5
      vertex 20.0739 -22.2943 69.5
    endloop
  endfacet
  facet normal 0.994521 -0.104533 0
    outer loop
      vertex 29.3444 -6.23735 74.5
      vertex 30 0 69.5
      vertex 30 0 74.5
    endloop
  endfacet
  facet normal 0.994521 -0.104533 0
    outer loop
      vertex 30 0 69.5
      vertex 29.3444 -6.23735 74.5
      vertex 29.3444 -6.23735 69.5
    endloop
  endfacet
  facet normal -0.406732 -0.913547 0
    outer loop
      vertex -15 -25.9808 69.5
      vertex -9.27051 -28.5317 74.5
      vertex -15 -25.9808 74.5
    endloop
  endfacet
  facet normal -0.406732 -0.913547 -0
    outer loop
      vertex -9.27051 -28.5317 74.5
      vertex -15 -25.9808 69.5
      vertex -9.27051 -28.5317 69.5
    endloop
  endfacet
  facet normal 0.406732 0.913547 -0
    outer loop
      vertex 15 25.9808 69.5
      vertex 9.27051 28.5317 74.5
      vertex 15 25.9808 74.5
    endloop
  endfacet
  facet normal 0.406732 0.913547 0
    outer loop
      vertex 9.27051 28.5317 74.5
      vertex 15 25.9808 69.5
      vertex 9.27051 28.5317 69.5
    endloop
  endfacet
  facet normal 0.743138 0.669138 0
    outer loop
      vertex 24.2705 17.6336 74.5
      vertex 20.0739 22.2943 69.5
      vertex 20.0739 22.2943 74.5
    endloop
  endfacet
  facet normal 0.743138 0.669138 0
    outer loop
      vertex 20.0739 22.2943 69.5
      vertex 24.2705 17.6336 74.5
      vertex 24.2705 17.6336 69.5
    endloop
  endfacet
  facet normal -0.587795 -0.80901 0
    outer loop
      vertex -20.0739 -22.2943 69.5
      vertex -15 -25.9808 74.5
      vertex -20.0739 -22.2943 74.5
    endloop
  endfacet
  facet normal -0.587795 -0.80901 -0
    outer loop
      vertex -15 -25.9808 74.5
      vertex -20.0739 -22.2943 69.5
      vertex -15 -25.9808 69.5
    endloop
  endfacet
  facet normal -0.743138 0.669138 0
    outer loop
      vertex -24.2705 17.6336 69.5
      vertex -20.0739 22.2943 74.5
      vertex -20.0739 22.2943 69.5
    endloop
  endfacet
  facet normal -0.743138 0.669138 0
    outer loop
      vertex -20.0739 22.2943 74.5
      vertex -24.2705 17.6336 69.5
      vertex -24.2705 17.6336 74.5
    endloop
  endfacet
  facet normal 0 1 -0
    outer loop
      vertex 3.13585 29.8357 69.5
      vertex -3.13585 29.8357 74.5
      vertex 3.13585 29.8357 74.5
    endloop
  endfacet
  facet normal 0 1 0
    outer loop
      vertex -3.13585 29.8357 74.5
      vertex 3.13585 29.8357 69.5
      vertex -3.13585 29.8357 69.5
    endloop
  endfacet
  facet normal 0.406732 -0.913547 0
    outer loop
      vertex 9.27051 -28.5317 69.5
      vertex 15 -25.9808 74.5
      vertex 9.27051 -28.5317 74.5
    endloop
  endfacet
  facet normal 0.406732 -0.913547 0
    outer loop
      vertex 15 -25.9808 74.5
      vertex 9.27051 -28.5317 69.5
      vertex 15 -25.9808 69.5
    endloop
  endfacet
  facet normal 0.207917 -0.978146 0
    outer loop
      vertex 3.13585 -29.8357 69.5
      vertex 9.27051 -28.5317 74.5
      vertex 3.13585 -29.8357 74.5
    endloop
  endfacet
  facet normal 0.207917 -0.978146 0
    outer loop
      vertex 9.27051 -28.5317 74.5
      vertex 3.13585 -29.8357 69.5
      vertex 9.27051 -28.5317 69.5
    endloop
  endfacet
  facet normal -0.95106 0.309008 0
    outer loop
      vertex -29.3444 6.23735 69.5
      vertex -27.4064 12.2021 74.5
      vertex -27.4064 12.2021 69.5
    endloop
  endfacet
  facet normal -0.95106 0.309008 0
    outer loop
      vertex -27.4064 12.2021 74.5
      vertex -29.3444 6.23735 69.5
      vertex -29.3444 6.23735 74.5
    endloop
  endfacet
  facet normal 0 0 -1
    outer loop
      vertex -24.2705 17.6336 69.5
      vertex -14.2678 19.8829 69.5
      vertex -23.2322 1.76777 69.5
    endloop
  endfacet
  facet normal -0 0 -1
    outer loop
      vertex -14.2678 19.8829 69.5
      vertex -24.2705 17.6336 69.5
      vertex -20.0739 22.2943 69.5
    endloop
  endfacet
  facet normal 0 0 -1
    outer loop
      vertex -27.4064 12.2021 69.5
      vertex -23.2322 1.76777 69.5
      vertex -25 2.5 69.5
    endloop
  endfacet
  facet normal 0 0 -1
    outer loop
      vertex -29.3444 6.23735 69.5
      vertex -25 2.5 69.5
      vertex -26.7678 1.76777 69.5
    endloop
  endfacet
  facet normal 0 0 -1
    outer loop
      vertex -23.2322 1.76777 69.5
      vertex -27.4064 12.2021 69.5
      vertex -24.2705 17.6336 69.5
    endloop
  endfacet
  facet normal 0 0 -1
    outer loop
      vertex -30 0 69.5
      vertex -26.7678 1.76777 69.5
      vertex -27.5 0 69.5
    endloop
  endfacet
  facet normal 0 0 -1
    outer loop
      vertex -26.7678 -1.76777 69.5
      vertex -30 0 69.5
      vertex -27.5 0 69.5
    endloop
  endfacet
  facet normal 0 0 -1
    outer loop
      vertex -25 2.5 69.5
      vertex -29.3444 6.23735 69.5
      vertex -27.4064 12.2021 69.5
    endloop
  endfacet
  facet normal -0 0 -1
    outer loop
      vertex -26.7678 1.76777 69.5
      vertex -30 0 69.5
      vertex -29.3444 6.23735 69.5
    endloop
  endfacet
  facet normal 0 0 -1
    outer loop
      vertex -14.2678 -19.8829 69.5
      vertex -8.09017 -5.87785 69.5
      vertex -12.5 -19.1506 69.5
    endloop
  endfacet
  facet normal 0 0 -1
    outer loop
      vertex -8.09017 -5.87785 69.5
      vertex -23.2322 -1.76777 69.5
      vertex -9.13545 -4.06737 69.5
    endloop
  endfacet
  facet normal 0 0 -1
    outer loop
      vertex -9.13545 -4.06737 69.5
      vertex -23.2322 -1.76777 69.5
      vertex -9.78148 -2.07912 69.5
    endloop
  endfacet
  facet normal 0 0 -1
    outer loop
      vertex -10 0 69.5
      vertex -10.7322 19.8829 69.5
      vertex -10 21.6506 69.5
    endloop
  endfacet
  facet normal 0 -0 -1
    outer loop
      vertex -22.5 0 69.5
      vertex -9.78148 -2.07912 69.5
      vertex -23.2322 -1.76777 69.5
    endloop
  endfacet
  facet normal 0 0 -1
    outer loop
      vertex -23.2322 1.76777 69.5
      vertex -10 0 69.5
      vertex -22.5 0 69.5
    endloop
  endfacet
  facet normal -0 0 -1
    outer loop
      vertex -8.09017 -5.87785 69.5
      vertex -14.2678 -19.8829 69.5
      vertex -23.2322 -1.76777 69.5
    endloop
  endfacet
  facet normal 0 0 -1
    outer loop
      vertex -10 0 69.5
      vertex -12.5 19.1506 69.5
      vertex -10.7322 19.8829 69.5
    endloop
  endfacet
  facet normal 0 0 -1
    outer loop
      vertex -20.0739 -22.2943 69.5
      vertex -14.2678 -19.8829 69.5
      vertex -15 -21.6506 69.5
    endloop
  endfacet
  facet normal 0 0 -1
    outer loop
      vertex -10 0 69.5
      vertex -23.2322 1.76777 69.5
      vertex -12.5 19.1506 69.5
    endloop
  endfacet
  facet normal 0 -0 -1
    outer loop
      vertex 9.78148 -2.07912 69.5
      vertex 23.2322 -1.76777 69.5
      vertex 9.13545 -4.06737 69.5
    endloop
  endfacet
  facet normal 0 0 -1
    outer loop
      vertex 22.5 0 69.5
      vertex 14.2678 19.8829 69.5
      vertex 15 21.6506 69.5
    endloop
  endfacet
  facet normal 0 0 -1
    outer loop
      vertex 8.09017 -5.87785 69.5
      vertex 14.2678 -19.8829 69.5
      vertex 12.5 -19.1506 69.5
    endloop
  endfacet
  facet normal 0 0 -1
    outer loop
      vertex 9.78148 2.07912 69.5
      vertex 22.5 0 69.5
      vertex 10 0 69.5
    endloop
  endfacet
  facet normal 0 0 -1
    outer loop
      vertex 5 -8.66025 69.5
      vertex 12.5 -19.1506 69.5
      vertex 10.7322 -19.8829 69.5
    endloop
  endfacet
  facet normal 0 0 -1
    outer loop
      vertex 9.13545 4.06737 69.5
      vertex 22.5 0 69.5
      vertex 9.78148 2.07912 69.5
    endloop
  endfacet
  facet normal 0 0 -1
    outer loop
      vertex 1.04528 -9.94522 69.5
      vertex 10.7322 -19.8829 69.5
      vertex 10 -21.6506 69.5
    endloop
  endfacet
  facet normal 0 0 -1
    outer loop
      vertex 22.5 0 69.5
      vertex 9.13545 4.06737 69.5
      vertex 14.2678 19.8829 69.5
    endloop
  endfacet
  facet normal 0 0 -1
    outer loop
      vertex 8.09017 5.87785 69.5
      vertex 14.2678 19.8829 69.5
      vertex 9.13545 4.06737 69.5
    endloop
  endfacet
  facet normal 0 0 -1
    outer loop
      vertex 14.2678 19.8829 69.5
      vertex 8.09017 5.87785 69.5
      vertex 12.5 19.1506 69.5
    endloop
  endfacet
  facet normal -0 0 -1
    outer loop
      vertex 20.0739 -22.2943 69.5
      vertex 14.2678 -23.4184 69.5
      vertex 15 -21.6506 69.5
    endloop
  endfacet
  facet normal 0 0 -1
    outer loop
      vertex 15 -25.9808 69.5
      vertex 12.5 -24.1506 69.5
      vertex 14.2678 -23.4184 69.5
    endloop
  endfacet
  facet normal 0 0 -1
    outer loop
      vertex 9.27051 -28.5317 69.5
      vertex 12.5 -24.1506 69.5
      vertex 15 -25.9808 69.5
    endloop
  endfacet
  facet normal -0 0 -1
    outer loop
      vertex 22.5 0 69.5
      vertex 9.78148 -2.07912 69.5
      vertex 10 0 69.5
    endloop
  endfacet
  facet normal -0 0 -1
    outer loop
      vertex 12.5 -24.1506 69.5
      vertex 9.27051 -28.5317 69.5
      vertex 10.7322 -23.4184 69.5
    endloop
  endfacet
  facet normal 0 0 -1
    outer loop
      vertex 9.27051 -28.5317 69.5
      vertex 10 -21.6506 69.5
      vertex 10.7322 -23.4184 69.5
    endloop
  endfacet
  facet normal 0 0 -1
    outer loop
      vertex 3.13585 -29.8357 69.5
      vertex 10 -21.6506 69.5
      vertex 9.27051 -28.5317 69.5
    endloop
  endfacet
  facet normal -0 0 -1
    outer loop
      vertex 23.2322 -1.76777 69.5
      vertex 9.78148 -2.07912 69.5
      vertex 22.5 0 69.5
    endloop
  endfacet
  facet normal 0 0 -1
    outer loop
      vertex 14.2678 -19.8829 69.5
      vertex 8.09017 -5.87785 69.5
      vertex 9.13545 -4.06737 69.5
    endloop
  endfacet
  facet normal 0 0 -1
    outer loop
      vertex 12.5 -19.1506 69.5
      vertex 6.69131 -7.43145 69.5
      vertex 8.09017 -5.87785 69.5
    endloop
  endfacet
  facet normal 0 0 -1
    outer loop
      vertex 12.5 -19.1506 69.5
      vertex 5 -8.66025 69.5
      vertex 6.69131 -7.43145 69.5
    endloop
  endfacet
  facet normal 0 0 -1
    outer loop
      vertex -10 -21.6506 69.5
      vertex 10 -21.6506 69.5
      vertex 3.13585 -29.8357 69.5
    endloop
  endfacet
  facet normal 0 0 -1
    outer loop
      vertex 10.7322 -19.8829 69.5
      vertex 3.09017 -9.51056 69.5
      vertex 5 -8.66025 69.5
    endloop
  endfacet
  facet normal 0 0 -1
    outer loop
      vertex 10.7322 -19.8829 69.5
      vertex 1.04528 -9.94522 69.5
      vertex 3.09017 -9.51056 69.5
    endloop
  endfacet
  facet normal 0 0 -1
    outer loop
      vertex 10 -21.6506 69.5
      vertex -1.04528 -9.94522 69.5
      vertex 1.04528 -9.94522 69.5
    endloop
  endfacet
  facet normal 0 0 -1
    outer loop
      vertex 10 -21.6506 69.5
      vertex -10 -21.6506 69.5
      vertex -1.04528 -9.94522 69.5
    endloop
  endfacet
  facet normal 0 0 -1
    outer loop
      vertex -10 -21.6506 69.5
      vertex 3.13585 -29.8357 69.5
      vertex -3.13585 -29.8357 69.5
    endloop
  endfacet
  facet normal 0 0 -1
    outer loop
      vertex -10.7322 -19.8829 69.5
      vertex -1.04528 -9.94522 69.5
      vertex -10 -21.6506 69.5
    endloop
  endfacet
  facet normal -0 0 -1
    outer loop
      vertex -1.04528 -9.94522 69.5
      vertex -10.7322 -19.8829 69.5
      vertex -3.09017 -9.51056 69.5
    endloop
  endfacet
  facet normal -0 0 -1
    outer loop
      vertex -3.09017 -9.51056 69.5
      vertex -10.7322 -19.8829 69.5
      vertex -5 -8.66025 69.5
    endloop
  endfacet
  facet normal 0 0 -1
    outer loop
      vertex -12.5 -19.1506 69.5
      vertex -5 -8.66025 69.5
      vertex -10.7322 -19.8829 69.5
    endloop
  endfacet
  facet normal 0 0 -1
    outer loop
      vertex -10 -21.6506 69.5
      vertex -3.13585 -29.8357 69.5
      vertex -9.27051 -28.5317 69.5
    endloop
  endfacet
  facet normal -0 0 -1
    outer loop
      vertex -5 -8.66025 69.5
      vertex -12.5 -19.1506 69.5
      vertex -6.69131 -7.43145 69.5
    endloop
  endfacet
  facet normal -0 0 -1
    outer loop
      vertex -6.69131 -7.43145 69.5
      vertex -12.5 -19.1506 69.5
      vertex -8.09017 -5.87785 69.5
    endloop
  endfacet
  facet normal 0 0 -1
    outer loop
      vertex -9.27051 -28.5317 69.5
      vertex -10.7322 -23.4184 69.5
      vertex -10 -21.6506 69.5
    endloop
  endfacet
  facet normal 0 0 -1
    outer loop
      vertex -9.27051 -28.5317 69.5
      vertex -12.5 -24.1506 69.5
      vertex -10.7322 -23.4184 69.5
    endloop
  endfacet
  facet normal 0 0 -1
    outer loop
      vertex -15 -25.9808 69.5
      vertex -12.5 -24.1506 69.5
      vertex -9.27051 -28.5317 69.5
    endloop
  endfacet
  facet normal -0 0 -1
    outer loop
      vertex -12.5 -24.1506 69.5
      vertex -15 -25.9808 69.5
      vertex -14.2678 -23.4184 69.5
    endloop
  endfacet
  facet normal 0 0 -1
    outer loop
      vertex -20.0739 -22.2943 69.5
      vertex -14.2678 -23.4184 69.5
      vertex -15 -25.9808 69.5
    endloop
  endfacet
  facet normal 0 0 -1
    outer loop
      vertex -14.2678 -23.4184 69.5
      vertex -20.0739 -22.2943 69.5
      vertex -15 -21.6506 69.5
    endloop
  endfacet
  facet normal -0 0 -1
    outer loop
      vertex -12.5 19.1506 69.5
      vertex -23.2322 1.76777 69.5
      vertex -14.2678 19.8829 69.5
    endloop
  endfacet
  facet normal -0 0 -1
    outer loop
      vertex -14.2678 -19.8829 69.5
      vertex -20.0739 -22.2943 69.5
      vertex -24.2705 -17.6336 69.5
    endloop
  endfacet
  facet normal 0 0 -1
    outer loop
      vertex -14.2678 19.8829 69.5
      vertex -20.0739 22.2943 69.5
      vertex -15 21.6506 69.5
    endloop
  endfacet
  facet normal 0 0 -1
    outer loop
      vertex -15 21.6506 69.5
      vertex -20.0739 22.2943 69.5
      vertex -15 25.9808 69.5
    endloop
  endfacet
  facet normal 0 0 -1
    outer loop
      vertex -9.78148 -2.07912 69.5
      vertex -22.5 0 69.5
      vertex -10 0 69.5
    endloop
  endfacet
  facet normal 0 0 -1
    outer loop
      vertex -14.2678 -19.8829 69.5
      vertex -24.2705 -17.6336 69.5
      vertex -23.2322 -1.76777 69.5
    endloop
  endfacet
  facet normal 0 0 -1
    outer loop
      vertex -27.4064 -12.2021 69.5
      vertex -23.2322 -1.76777 69.5
      vertex -24.2705 -17.6336 69.5
    endloop
  endfacet
  facet normal 0 0 -1
    outer loop
      vertex -23.2322 -1.76777 69.5
      vertex -27.4064 -12.2021 69.5
      vertex -25 -2.5 69.5
    endloop
  endfacet
  facet normal 0 0 -1
    outer loop
      vertex -29.3444 -6.23735 69.5
      vertex -25 -2.5 69.5
      vertex -27.4064 -12.2021 69.5
    endloop
  endfacet
  facet normal -0 0 -1
    outer loop
      vertex -25 -2.5 69.5
      vertex -29.3444 -6.23735 69.5
      vertex -26.7678 -1.76777 69.5
    endloop
  endfacet
  facet normal 0 0 -1
    outer loop
      vertex -30 0 69.5
      vertex -26.7678 -1.76777 69.5
      vertex -29.3444 -6.23735 69.5
    endloop
  endfacet
  facet normal 0 0 -1
    outer loop
      vertex 26.7678 -1.76777 69.5
      vertex 30 0 69.5
      vertex 29.3444 -6.23735 69.5
    endloop
  endfacet
  facet normal 0 0 -1
    outer loop
      vertex 26.7678 1.76777 69.5
      vertex 30 0 69.5
      vertex 27.5 0 69.5
    endloop
  endfacet
  facet normal 0 0 -1
    outer loop
      vertex 25 -2.5 69.5
      vertex 29.3444 -6.23735 69.5
      vertex 27.4064 -12.2021 69.5
    endloop
  endfacet
  facet normal -0 0 -1
    outer loop
      vertex 30 0 69.5
      vertex 26.7678 -1.76777 69.5
      vertex 27.5 0 69.5
    endloop
  endfacet
  facet normal 0 0 -1
    outer loop
      vertex 29.3444 -6.23735 69.5
      vertex 25 -2.5 69.5
      vertex 26.7678 -1.76777 69.5
    endloop
  endfacet
  facet normal 0 0 -1
    outer loop
      vertex 23.2322 -1.76777 69.5
      vertex 27.4064 -12.2021 69.5
      vertex 24.2705 -17.6336 69.5
    endloop
  endfacet
  facet normal 0 0 -1
    outer loop
      vertex 27.4064 -12.2021 69.5
      vertex 23.2322 -1.76777 69.5
      vertex 25 -2.5 69.5
    endloop
  endfacet
  facet normal 0 0 -1
    outer loop
      vertex 20.0739 -22.2943 69.5
      vertex 14.2678 -19.8829 69.5
      vertex 24.2705 -17.6336 69.5
    endloop
  endfacet
  facet normal 0 0 -1
    outer loop
      vertex 14.2678 -19.8829 69.5
      vertex 20.0739 -22.2943 69.5
      vertex 15 -21.6506 69.5
    endloop
  endfacet
  facet normal 0 0 -1
    outer loop
      vertex 30 0 69.5
      vertex 26.7678 1.76777 69.5
      vertex 29.3444 6.23735 69.5
    endloop
  endfacet
  facet normal 0 0 -1
    outer loop
      vertex 25 2.5 69.5
      vertex 29.3444 6.23735 69.5
      vertex 26.7678 1.76777 69.5
    endloop
  endfacet
  facet normal -0 0 -1
    outer loop
      vertex 29.3444 6.23735 69.5
      vertex 25 2.5 69.5
      vertex 27.4064 12.2021 69.5
    endloop
  endfacet
  facet normal 0 0 -1
    outer loop
      vertex 23.2322 1.76777 69.5
      vertex 27.4064 12.2021 69.5
      vertex 25 2.5 69.5
    endloop
  endfacet
  facet normal -0 0 -1
    outer loop
      vertex 27.4064 12.2021 69.5
      vertex 23.2322 1.76777 69.5
      vertex 24.2705 17.6336 69.5
    endloop
  endfacet
  facet normal 0 0 -1
    outer loop
      vertex 15 21.6506 69.5
      vertex 23.2322 1.76777 69.5
      vertex 22.5 0 69.5
    endloop
  endfacet
  facet normal -0 0 -1
    outer loop
      vertex 24.2705 -17.6336 69.5
      vertex 14.2678 -19.8829 69.5
      vertex 23.2322 -1.76777 69.5
    endloop
  endfacet
  facet normal 0 0 -1
    outer loop
      vertex 9.13545 -4.06737 69.5
      vertex 23.2322 -1.76777 69.5
      vertex 14.2678 -19.8829 69.5
    endloop
  endfacet
  facet normal 0 0 -1
    outer loop
      vertex 14.2678 -23.4184 69.5
      vertex 20.0739 -22.2943 69.5
      vertex 15 -25.9808 69.5
    endloop
  endfacet
  facet normal 0 0 -1
    outer loop
      vertex 23.2322 1.76777 69.5
      vertex 15 21.6506 69.5
      vertex 24.2705 17.6336 69.5
    endloop
  endfacet
  facet normal 0 0 -1
    outer loop
      vertex 24.2705 17.6336 69.5
      vertex 15 21.6506 69.5
      vertex 20.0739 22.2943 69.5
    endloop
  endfacet
  facet normal 0 0 -1
    outer loop
      vertex 14.2678 23.4184 69.5
      vertex 20.0739 22.2943 69.5
      vertex 15 21.6506 69.5
    endloop
  endfacet
  facet normal 0 0 -1
    outer loop
      vertex 20.0739 22.2943 69.5
      vertex 14.2678 23.4184 69.5
      vertex 15 25.9808 69.5
    endloop
  endfacet
  facet normal 0 0 -1
    outer loop
      vertex 12.5 24.1506 69.5
      vertex 15 25.9808 69.5
      vertex 14.2678 23.4184 69.5
    endloop
  endfacet
  facet normal 0 0 -1
    outer loop
      vertex 9.27051 28.5317 69.5
      vertex 12.5 24.1506 69.5
      vertex 10.7322 23.4184 69.5
    endloop
  endfacet
  facet normal 0 0 -1
    outer loop
      vertex 12.5 24.1506 69.5
      vertex 9.27051 28.5317 69.5
      vertex 15 25.9808 69.5
    endloop
  endfacet
  facet normal 0 0 -1
    outer loop
      vertex 10 21.6506 69.5
      vertex 9.27051 28.5317 69.5
      vertex 10.7322 23.4184 69.5
    endloop
  endfacet
  facet normal 0 0 -1
    outer loop
      vertex 6.69131 7.43145 69.5
      vertex 12.5 19.1506 69.5
      vertex 8.09017 5.87785 69.5
    endloop
  endfacet
  facet normal 0 0 -1
    outer loop
      vertex 5 8.66025 69.5
      vertex 12.5 19.1506 69.5
      vertex 6.69131 7.43145 69.5
    endloop
  endfacet
  facet normal -0 0 -1
    outer loop
      vertex 12.5 19.1506 69.5
      vertex 5 8.66025 69.5
      vertex 10.7322 19.8829 69.5
    endloop
  endfacet
  facet normal 0 0 -1
    outer loop
      vertex 3.09017 9.51056 69.5
      vertex 10.7322 19.8829 69.5
      vertex 5 8.66025 69.5
    endloop
  endfacet
  facet normal 0 0 -1
    outer loop
      vertex 1.04528 9.94522 69.5
      vertex 10.7322 19.8829 69.5
      vertex 3.09017 9.51056 69.5
    endloop
  endfacet
  facet normal -0 0 -1
    outer loop
      vertex 10.7322 19.8829 69.5
      vertex 1.04528 9.94522 69.5
      vertex 10 21.6506 69.5
    endloop
  endfacet
  facet normal 0 0 -1
    outer loop
      vertex 10 21.6506 69.5
      vertex 3.13585 29.8357 69.5
      vertex 9.27051 28.5317 69.5
    endloop
  endfacet
  facet normal 0 0 -1
    outer loop
      vertex -1.04528 9.94522 69.5
      vertex 10 21.6506 69.5
      vertex 1.04528 9.94522 69.5
    endloop
  endfacet
  facet normal 0 0 -1
    outer loop
      vertex -10 21.6506 69.5
      vertex 10 21.6506 69.5
      vertex -1.04528 9.94522 69.5
    endloop
  endfacet
  facet normal 0 0 -1
    outer loop
      vertex -10 21.6506 69.5
      vertex -1.04528 9.94522 69.5
      vertex -3.09017 9.51056 69.5
    endloop
  endfacet
  facet normal 0 0 -1
    outer loop
      vertex 10 21.6506 69.5
      vertex -10 21.6506 69.5
      vertex 3.13585 29.8357 69.5
    endloop
  endfacet
  facet normal 0 0 -1
    outer loop
      vertex -10 21.6506 69.5
      vertex -3.09017 9.51056 69.5
      vertex -5 8.66025 69.5
    endloop
  endfacet
  facet normal 0 0 -1
    outer loop
      vertex -10 21.6506 69.5
      vertex -5 8.66025 69.5
      vertex -6.69131 7.43145 69.5
    endloop
  endfacet
  facet normal 0 0 -1
    outer loop
      vertex -10 21.6506 69.5
      vertex -6.69131 7.43145 69.5
      vertex -8.09017 5.87785 69.5
    endloop
  endfacet
  facet normal 0 0 -1
    outer loop
      vertex -10 21.6506 69.5
      vertex -8.09017 5.87785 69.5
      vertex -9.13545 4.06737 69.5
    endloop
  endfacet
  facet normal -0 0 -1
    outer loop
      vertex 3.13585 29.8357 69.5
      vertex -10 21.6506 69.5
      vertex -3.13585 29.8357 69.5
    endloop
  endfacet
  facet normal 0 0 -1
    outer loop
      vertex -10 21.6506 69.5
      vertex -9.13545 4.06737 69.5
      vertex -9.78148 2.07912 69.5
    endloop
  endfacet
  facet normal 0 0 -1
    outer loop
      vertex -10 21.6506 69.5
      vertex -9.78148 2.07912 69.5
      vertex -10 0 69.5
    endloop
  endfacet
  facet normal 0 0 -1
    outer loop
      vertex -3.13585 29.8357 69.5
      vertex -10 21.6506 69.5
      vertex -9.27051 28.5317 69.5
    endloop
  endfacet
  facet normal 0 0 -1
    outer loop
      vertex -10.7322 23.4184 69.5
      vertex -9.27051 28.5317 69.5
      vertex -10 21.6506 69.5
    endloop
  endfacet
  facet normal 0 0 -1
    outer loop
      vertex -12.5 24.1506 69.5
      vertex -9.27051 28.5317 69.5
      vertex -10.7322 23.4184 69.5
    endloop
  endfacet
  facet normal 0 0 -1
    outer loop
      vertex -15 25.9808 69.5
      vertex -12.5 24.1506 69.5
      vertex -14.2678 23.4184 69.5
    endloop
  endfacet
  facet normal 0 0 -1
    outer loop
      vertex -12.5 24.1506 69.5
      vertex -15 25.9808 69.5
      vertex -9.27051 28.5317 69.5
    endloop
  endfacet
  facet normal 0 0 -1
    outer loop
      vertex -15 25.9808 69.5
      vertex -14.2678 23.4184 69.5
      vertex -15 21.6506 69.5
    endloop
  endfacet
  facet normal -0.95106 -0.309008 0
    outer loop
      vertex -27.4064 -12.2021 69.5
      vertex -29.3444 -6.23735 74.5
      vertex -29.3444 -6.23735 69.5
    endloop
  endfacet
  facet normal -0.95106 -0.309008 0
    outer loop
      vertex -29.3444 -6.23735 74.5
      vertex -27.4064 -12.2021 69.5
      vertex -27.4064 -12.2021 74.5
    endloop
  endfacet
  facet normal -0.406732 0.913547 0
    outer loop
      vertex -9.27051 28.5317 69.5
      vertex -15 25.9808 74.5
      vertex -9.27051 28.5317 74.5
    endloop
  endfacet
  facet normal -0.406732 0.913547 0
    outer loop
      vertex -15 25.9808 74.5
      vertex -9.27051 28.5317 69.5
      vertex -15 25.9808 69.5
    endloop
  endfacet
  facet normal 0 0 1
    outer loop
      vertex 27.5 0 74.5
      vertex 30 0 74.5
      vertex 29.3444 6.23735 74.5
    endloop
  endfacet
  facet normal 0 0 1
    outer loop
      vertex 30 0 74.5
      vertex 27.5 0 74.5
      vertex 29.3444 -6.23735 74.5
    endloop
  endfacet
  facet normal 0 0 1
    outer loop
      vertex 26.8991 5.71757 74.5
      vertex 29.3444 6.23735 74.5
      vertex 27.4064 12.2021 74.5
    endloop
  endfacet
  facet normal 0 0 1
    outer loop
      vertex 29.3444 6.23735 74.5
      vertex 26.8991 5.71757 74.5
      vertex 27.5 0 74.5
    endloop
  endfacet
  facet normal 0 0 1
    outer loop
      vertex 27.4064 12.2021 74.5
      vertex 25.1225 11.1853 74.5
      vertex 26.8991 5.71757 74.5
    endloop
  endfacet
  facet normal 0 0 1
    outer loop
      vertex 24.2705 17.6336 74.5
      vertex 25.1225 11.1853 74.5
      vertex 27.4064 12.2021 74.5
    endloop
  endfacet
  facet normal 0 0 1
    outer loop
      vertex 24.2705 17.6336 74.5
      vertex 22.248 16.1641 74.5
      vertex 25.1225 11.1853 74.5
    endloop
  endfacet
  facet normal 0 0 1
    outer loop
      vertex 20.0739 22.2943 74.5
      vertex 22.248 16.1641 74.5
      vertex 24.2705 17.6336 74.5
    endloop
  endfacet
  facet normal 0 0 1
    outer loop
      vertex 20.0739 22.2943 74.5
      vertex 18.4011 20.4365 74.5
      vertex 22.248 16.1641 74.5
    endloop
  endfacet
  facet normal 0 0 1
    outer loop
      vertex 15 25.9808 74.5
      vertex 18.4011 20.4365 74.5
      vertex 20.0739 22.2943 74.5
    endloop
  endfacet
  facet normal 0 0 1
    outer loop
      vertex 15 25.9808 74.5
      vertex 13.75 23.8157 74.5
      vertex 18.4011 20.4365 74.5
    endloop
  endfacet
  facet normal 0 0 1
    outer loop
      vertex 9.27051 28.5317 74.5
      vertex 13.75 23.8157 74.5
      vertex 15 25.9808 74.5
    endloop
  endfacet
  facet normal 0 0 1
    outer loop
      vertex 9.27051 28.5317 74.5
      vertex 8.49797 26.1541 74.5
      vertex 13.75 23.8157 74.5
    endloop
  endfacet
  facet normal 0 0 1
    outer loop
      vertex 3.13585 29.8357 74.5
      vertex 8.49797 26.1541 74.5
      vertex 9.27051 28.5317 74.5
    endloop
  endfacet
  facet normal 0 0 1
    outer loop
      vertex 3.13585 29.8357 74.5
      vertex 2.87453 27.3494 74.5
      vertex 8.49797 26.1541 74.5
    endloop
  endfacet
  facet normal 0 0 1
    outer loop
      vertex 3.13585 29.8357 74.5
      vertex -2.87453 27.3494 74.5
      vertex 2.87453 27.3494 74.5
    endloop
  endfacet
  facet normal -0 0 1
    outer loop
      vertex -3.13585 29.8357 74.5
      vertex -2.87453 27.3494 74.5
      vertex 3.13585 29.8357 74.5
    endloop
  endfacet
  facet normal 0 0 1
    outer loop
      vertex -3.13585 29.8357 74.5
      vertex -8.49797 26.1541 74.5
      vertex -2.87453 27.3494 74.5
    endloop
  endfacet
  facet normal -0 0 1
    outer loop
      vertex -9.27051 28.5317 74.5
      vertex -8.49797 26.1541 74.5
      vertex -3.13585 29.8357 74.5
    endloop
  endfacet
  facet normal 0 0 1
    outer loop
      vertex -9.27051 28.5317 74.5
      vertex -13.75 23.8157 74.5
      vertex -8.49797 26.1541 74.5
    endloop
  endfacet
  facet normal -0 0 1
    outer loop
      vertex -15 25.9808 74.5
      vertex -13.75 23.8157 74.5
      vertex -9.27051 28.5317 74.5
    endloop
  endfacet
  facet normal 0 0 1
    outer loop
      vertex -15 25.9808 74.5
      vertex -18.4011 20.4365 74.5
      vertex -13.75 23.8157 74.5
    endloop
  endfacet
  facet normal -0 0 1
    outer loop
      vertex -20.0739 22.2943 74.5
      vertex -18.4011 20.4365 74.5
      vertex -15 25.9808 74.5
    endloop
  endfacet
  facet normal 0 0 1
    outer loop
      vertex -20.0739 22.2943 74.5
      vertex -22.248 16.1641 74.5
      vertex -18.4011 20.4365 74.5
    endloop
  endfacet
  facet normal -0 0 1
    outer loop
      vertex -24.2705 17.6336 74.5
      vertex -22.248 16.1641 74.5
      vertex -20.0739 22.2943 74.5
    endloop
  endfacet
  facet normal 0 0 1
    outer loop
      vertex -24.2705 17.6336 74.5
      vertex -25.1225 11.1853 74.5
      vertex -22.248 16.1641 74.5
    endloop
  endfacet
  facet normal -0 0 1
    outer loop
      vertex -27.4064 12.2021 74.5
      vertex -25.1225 11.1853 74.5
      vertex -24.2705 17.6336 74.5
    endloop
  endfacet
  facet normal 0 0 1
    outer loop
      vertex -25.1225 11.1853 74.5
      vertex -27.4064 12.2021 74.5
      vertex -26.8991 5.71757 74.5
    endloop
  endfacet
  facet normal -0 0 1
    outer loop
      vertex -29.3444 6.23735 74.5
      vertex -26.8991 5.71757 74.5
      vertex -27.4064 12.2021 74.5
    endloop
  endfacet
  facet normal 0 0 1
    outer loop
      vertex -26.8991 5.71757 74.5
      vertex -29.3444 6.23735 74.5
      vertex -27.5 0 74.5
    endloop
  endfacet
  facet normal -0 0 1
    outer loop
      vertex 26.8991 -5.71757 74.5
      vertex 29.3444 -6.23735 74.5
      vertex 27.5 0 74.5
    endloop
  endfacet
  facet normal 0 0 1
    outer loop
      vertex 29.3444 -6.23735 74.5
      vertex 26.8991 -5.71757 74.5
      vertex 27.4064 -12.2021 74.5
    endloop
  endfacet
  facet normal -0 0 1
    outer loop
      vertex 25.1225 -11.1853 74.5
      vertex 27.4064 -12.2021 74.5
      vertex 26.8991 -5.71757 74.5
    endloop
  endfacet
  facet normal 0 0 1
    outer loop
      vertex 25.1225 -11.1853 74.5
      vertex 24.2705 -17.6336 74.5
      vertex 27.4064 -12.2021 74.5
    endloop
  endfacet
  facet normal -0 0 1
    outer loop
      vertex 22.248 -16.1641 74.5
      vertex 24.2705 -17.6336 74.5
      vertex 25.1225 -11.1853 74.5
    endloop
  endfacet
  facet normal 0 0 1
    outer loop
      vertex 22.248 -16.1641 74.5
      vertex 20.0739 -22.2943 74.5
      vertex 24.2705 -17.6336 74.5
    endloop
  endfacet
  facet normal -0 0 1
    outer loop
      vertex 18.4011 -20.4365 74.5
      vertex 20.0739 -22.2943 74.5
      vertex 22.248 -16.1641 74.5
    endloop
  endfacet
  facet normal 0 0 1
    outer loop
      vertex 18.4011 -20.4365 74.5
      vertex 15 -25.9808 74.5
      vertex 20.0739 -22.2943 74.5
    endloop
  endfacet
  facet normal -0 0 1
    outer loop
      vertex 13.75 -23.8157 74.5
      vertex 15 -25.9808 74.5
      vertex 18.4011 -20.4365 74.5
    endloop
  endfacet
  facet normal 0 0 1
    outer loop
      vertex 13.75 -23.8157 74.5
      vertex 9.27051 -28.5317 74.5
      vertex 15 -25.9808 74.5
    endloop
  endfacet
  facet normal -0 0 1
    outer loop
      vertex 8.49797 -26.1541 74.5
      vertex 9.27051 -28.5317 74.5
      vertex 13.75 -23.8157 74.5
    endloop
  endfacet
  facet normal 0 0 1
    outer loop
      vertex 8.49797 -26.1541 74.5
      vertex 3.13585 -29.8357 74.5
      vertex 9.27051 -28.5317 74.5
    endloop
  endfacet
  facet normal -0 0 1
    outer loop
      vertex 2.87453 -27.3494 74.5
      vertex 3.13585 -29.8357 74.5
      vertex 8.49797 -26.1541 74.5
    endloop
  endfacet
  facet normal -0 0 1
    outer loop
      vertex -2.87453 -27.3494 74.5
      vertex 3.13585 -29.8357 74.5
      vertex 2.87453 -27.3494 74.5
    endloop
  endfacet
  facet normal 0 0 1
    outer loop
      vertex -2.87453 -27.3494 74.5
      vertex -3.13585 -29.8357 74.5
      vertex 3.13585 -29.8357 74.5
    endloop
  endfacet
  facet normal 0 0 1
    outer loop
      vertex -8.49797 -26.1541 74.5
      vertex -3.13585 -29.8357 74.5
      vertex -2.87453 -27.3494 74.5
    endloop
  endfacet
  facet normal 0 0 1
    outer loop
      vertex -8.49797 -26.1541 74.5
      vertex -9.27051 -28.5317 74.5
      vertex -3.13585 -29.8357 74.5
    endloop
  endfacet
  facet normal 0 0 1
    outer loop
      vertex -13.75 -23.8157 74.5
      vertex -9.27051 -28.5317 74.5
      vertex -8.49797 -26.1541 74.5
    endloop
  endfacet
  facet normal 0 0 1
    outer loop
      vertex -13.75 -23.8157 74.5
      vertex -15 -25.9808 74.5
      vertex -9.27051 -28.5317 74.5
    endloop
  endfacet
  facet normal 0 0 1
    outer loop
      vertex -18.4011 -20.4365 74.5
      vertex -15 -25.9808 74.5
      vertex -13.75 -23.8157 74.5
    endloop
  endfacet
  facet normal 0 0 1
    outer loop
      vertex -18.4011 -20.4365 74.5
      vertex -20.0739 -22.2943 74.5
      vertex -15 -25.9808 74.5
    endloop
  endfacet
  facet normal 0 0 1
    outer loop
      vertex -22.248 -16.1641 74.5
      vertex -20.0739 -22.2943 74.5
      vertex -18.4011 -20.4365 74.5
    endloop
  endfacet
  facet normal 0 0 1
    outer loop
      vertex -22.248 -16.1641 74.5
      vertex -24.2705 -17.6336 74.5
      vertex -20.0739 -22.2943 74.5
    endloop
  endfacet
  facet normal 0 0 1
    outer loop
      vertex -25.1225 -11.1853 74.5
      vertex -24.2705 -17.6336 74.5
      vertex -22.248 -16.1641 74.5
    endloop
  endfacet
  facet normal 0 0 1
    outer loop
      vertex -27.4064 -12.2021 74.5
      vertex -25.1225 -11.1853 74.5
      vertex -26.8991 -5.71757 74.5
    endloop
  endfacet
  facet normal 0 0 1
    outer loop
      vertex -25.1225 -11.1853 74.5
      vertex -27.4064 -12.2021 74.5
      vertex -24.2705 -17.6336 74.5
    endloop
  endfacet
  facet normal 0 0 1
    outer loop
      vertex -29.3444 -6.23735 74.5
      vertex -26.8991 -5.71757 74.5
      vertex -27.5 0 74.5
    endloop
  endfacet
  facet normal 0 0 1
    outer loop
      vertex -30 0 74.5
      vertex -27.5 0 74.5
      vertex -29.3444 6.23735 74.5
    endloop
  endfacet
  facet normal 0 0 1
    outer loop
      vertex -26.8991 -5.71757 74.5
      vertex -29.3444 -6.23735 74.5
      vertex -27.4064 -12.2021 74.5
    endloop
  endfacet
  facet normal 0 0 1
    outer loop
      vertex -27.5 0 74.5
      vertex -30 0 74.5
      vertex -29.3444 -6.23735 74.5
    endloop
  endfacet
  facet normal -0.207917 -0.978146 0
    outer loop
      vertex -9.27051 -28.5317 69.5
      vertex -3.13585 -29.8357 74.5
      vertex -9.27051 -28.5317 74.5
    endloop
  endfacet
  facet normal -0.207917 -0.978146 -0
    outer loop
      vertex -3.13585 -29.8357 74.5
      vertex -9.27051 -28.5317 69.5
      vertex -3.13585 -29.8357 69.5
    endloop
  endfacet
  facet normal 0.207917 0.978146 -0
    outer loop
      vertex 9.27051 28.5317 69.5
      vertex 3.13585 29.8357 74.5
      vertex 9.27051 28.5317 74.5
    endloop
  endfacet
  facet normal 0.207917 0.978146 0
    outer loop
      vertex 3.13585 29.8357 74.5
      vertex 9.27051 28.5317 69.5
      vertex 3.13585 29.8357 69.5
    endloop
  endfacet
  facet normal -0.994521 -0.104533 0
    outer loop
      vertex -29.3444 -6.23735 69.5
      vertex -30 0 74.5
      vertex -30 0 69.5
    endloop
  endfacet
  facet normal -0.994521 -0.104533 0
    outer loop
      vertex -30 0 74.5
      vertex -29.3444 -6.23735 69.5
      vertex -29.3444 -6.23735 74.5
    endloop
  endfacet
  facet normal -0.994521 0.104533 0
    outer loop
      vertex -30 0 69.5
      vertex -29.3444 6.23735 74.5
      vertex -29.3444 6.23735 69.5
    endloop
  endfacet
  facet normal -0.994521 0.104533 0
    outer loop
      vertex -29.3444 6.23735 74.5
      vertex -30 0 69.5
      vertex -30 0 74.5
    endloop
  endfacet
  facet normal -0.866024 -0.500003 0
    outer loop
      vertex -24.2705 -17.6336 69.5
      vertex -27.4064 -12.2021 74.5
      vertex -27.4064 -12.2021 69.5
    endloop
  endfacet
  facet normal -0.866024 -0.500003 0
    outer loop
      vertex -27.4064 -12.2021 74.5
      vertex -24.2705 -17.6336 69.5
      vertex -24.2705 -17.6336 74.5
    endloop
  endfacet
  facet normal -0.866024 0.500003 0
    outer loop
      vertex -27.4064 12.2021 69.5
      vertex -24.2705 17.6336 74.5
      vertex -24.2705 17.6336 69.5
    endloop
  endfacet
  facet normal -0.866024 0.500003 0
    outer loop
      vertex -24.2705 17.6336 74.5
      vertex -27.4064 12.2021 69.5
      vertex -27.4064 12.2021 74.5
    endloop
  endfacet
  facet normal 0.866024 -0.500003 0
    outer loop
      vertex 24.2705 -17.6336 74.5
      vertex 27.4064 -12.2021 69.5
      vertex 27.4064 -12.2021 74.5
    endloop
  endfacet
  facet normal 0.866024 -0.500003 0
    outer loop
      vertex 27.4064 -12.2021 69.5
      vertex 24.2705 -17.6336 74.5
      vertex 24.2705 -17.6336 69.5
    endloop
  endfacet
  facet normal 0.587795 0.80901 -0
    outer loop
      vertex 20.0739 22.2943 69.5
      vertex 15 25.9808 74.5
      vertex 20.0739 22.2943 74.5
    endloop
  endfacet
  facet normal 0.587795 0.80901 0
    outer loop
      vertex 15 25.9808 74.5
      vertex 20.0739 22.2943 69.5
      vertex 15 25.9808 69.5
    endloop
  endfacet
  facet normal -0.207917 0.978146 0
    outer loop
      vertex -3.13585 29.8357 69.5
      vertex -9.27051 28.5317 74.5
      vertex -3.13585 29.8357 74.5
    endloop
  endfacet
  facet normal -0.207917 0.978146 0
    outer loop
      vertex -9.27051 28.5317 74.5
      vertex -3.13585 29.8357 69.5
      vertex -9.27051 28.5317 69.5
    endloop
  endfacet
  facet normal 0 -1 0
    outer loop
      vertex -3.13585 -29.8357 69.5
      vertex 3.13585 -29.8357 74.5
      vertex -3.13585 -29.8357 74.5
    endloop
  endfacet
  facet normal 0 -1 -0
    outer loop
      vertex 3.13585 -29.8357 74.5
      vertex -3.13585 -29.8357 69.5
      vertex 3.13585 -29.8357 69.5
    endloop
  endfacet
  facet normal 0.382676 0.923883 -0
    outer loop
      vertex 26.7678 1.76777 -69.5
      vertex 25 2.5 -67.5
      vertex 26.7678 1.76777 -67.5
    endloop
  endfacet
  facet normal 0.382676 0.923883 0
    outer loop
      vertex 25 2.5 -67.5
      vertex 26.7678 1.76777 -69.5
      vertex 25 2.5 -69.5
    endloop
  endfacet
  facet normal 0.382676 0.923883 -0
    outer loop
      vertex 26.7678 1.76777 -90.5
      vertex 25 2.5 -82.5
      vertex 26.7678 1.76777 -82.5
    endloop
  endfacet
  facet normal 0.382676 0.923883 0
    outer loop
      vertex 25 2.5 -82.5
      vertex 26.7678 1.76777 -90.5
      vertex 25 2.5 -90.5
    endloop
  endfacet
  facet normal 0.382676 0.923883 -0
    outer loop
      vertex 26.7678 1.76777 -77.5
      vertex 25 2.5 -76.5
      vertex 26.7678 1.76777 -76.5
    endloop
  endfacet
  facet normal 0.382676 0.923883 0
    outer loop
      vertex 25 2.5 -76.5
      vertex 26.7678 1.76777 -77.5
      vertex 25 2.5 -77.5
    endloop
  endfacet
  facet normal 0.923886 0.382668 0
    outer loop
      vertex 27.5 0 -67.5
      vertex 26.7678 1.76777 -69.5
      vertex 26.7678 1.76777 -67.5
    endloop
  endfacet
  facet normal 0.923886 0.382668 0
    outer loop
      vertex 26.7678 1.76777 -69.5
      vertex 27.5 0 -67.5
      vertex 27.5 0 -69.5
    endloop
  endfacet
  facet normal 0.923886 0.382668 0
    outer loop
      vertex 27.5 0 -82.5
      vertex 26.7678 1.76777 -90.5
      vertex 26.7678 1.76777 -82.5
    endloop
  endfacet
  facet normal 0.923886 0.382668 0
    outer loop
      vertex 26.7678 1.76777 -90.5
      vertex 27.5 0 -82.5
      vertex 27.5 0 -90.5
    endloop
  endfacet
  facet normal 0.923886 0.382668 0
    outer loop
      vertex 27.5 0 -76.5
      vertex 26.7678 1.76777 -77.5
      vertex 26.7678 1.76777 -76.5
    endloop
  endfacet
  facet normal 0.923886 0.382668 0
    outer loop
      vertex 26.7678 1.76777 -77.5
      vertex 27.5 0 -76.5
      vertex 27.5 0 -77.5
    endloop
  endfacet
  facet normal -0.382676 0.923883 0
    outer loop
      vertex 25 2.5 -69.5
      vertex 23.2322 1.76777 -67.5
      vertex 25 2.5 -67.5
    endloop
  endfacet
  facet normal -0.382676 0.923883 0
    outer loop
      vertex 23.2322 1.76777 -67.5
      vertex 25 2.5 -69.5
      vertex 23.2322 1.76777 -69.5
    endloop
  endfacet
  facet normal -0.382687 0.923878 0
    outer loop
      vertex 25 2.5 -90.5
      vertex 24.7482 2.3957 -82.5
      vertex 25 2.5 -82.5
    endloop
  endfacet
  facet normal -0.382687 0.923878 0
    outer loop
      vertex 24.7482 2.3957 -82.5
      vertex 25 2.5 -90.5
      vertex 24.7482 2.3957 -90.5
    endloop
  endfacet
  facet normal -0.382676 0.923883 0
    outer loop
      vertex 25 2.5 -77.5
      vertex 23.2322 1.76777 -76.5
      vertex 25 2.5 -76.5
    endloop
  endfacet
  facet normal -0.382676 0.923883 0
    outer loop
      vertex 23.2322 1.76777 -76.5
      vertex 25 2.5 -77.5
      vertex 23.2322 1.76777 -77.5
    endloop
  endfacet
  facet normal 0.382674 -0.923883 0
    outer loop
      vertex 23.2322 1.76777 -110
      vertex 24.7482 2.3957 -94.5
      vertex 23.2322 1.76777 -94.5
    endloop
  endfacet
  facet normal 0.382674 -0.923883 0
    outer loop
      vertex 24.7482 2.3957 -94.5
      vertex 23.2322 1.76777 -110
      vertex 24.7482 2.3957 -110
    endloop
  endfacet
  facet normal 0.923886 -0.382668 0
    outer loop
      vertex 26.7678 -1.76777 -67.5
      vertex 27.5 0 -69.5
      vertex 27.5 0 -67.5
    endloop
  endfacet
  facet normal 0.923886 -0.382668 0
    outer loop
      vertex 27.5 0 -69.5
      vertex 26.7678 -1.76777 -67.5
      vertex 26.7678 -1.76777 -69.5
    endloop
  endfacet
  facet normal 0.923886 -0.382668 0
    outer loop
      vertex 26.7678 -1.76777 -82.5
      vertex 27.5 0 -90.5
      vertex 27.5 0 -82.5
    endloop
  endfacet
  facet normal 0.923886 -0.382668 0
    outer loop
      vertex 27.5 0 -90.5
      vertex 26.7678 -1.76777 -82.5
      vertex 26.7678 -1.76777 -90.5
    endloop
  endfacet
  facet normal 0.923886 -0.382668 0
    outer loop
      vertex 26.7678 -1.76777 -76.5
      vertex 27.5 0 -77.5
      vertex 27.5 0 -76.5
    endloop
  endfacet
  facet normal 0.923886 -0.382668 0
    outer loop
      vertex 27.5 0 -77.5
      vertex 26.7678 -1.76777 -76.5
      vertex 26.7678 -1.76777 -77.5
    endloop
  endfacet
  facet normal -0.923886 0.382668 0
    outer loop
      vertex 22.5 0 -69.5
      vertex 23.2322 1.76777 -67.5
      vertex 23.2322 1.76777 -69.5
    endloop
  endfacet
  facet normal -0.923886 0.382668 0
    outer loop
      vertex 23.2322 1.76777 -67.5
      vertex 22.5 0 -69.5
      vertex 22.5 0 -67.5
    endloop
  endfacet
  facet normal -0.923886 0.382668 0
    outer loop
      vertex 22.5 0 -77.5
      vertex 23.2322 1.76777 -76.5
      vertex 23.2322 1.76777 -77.5
    endloop
  endfacet
  facet normal -0.923886 0.382668 0
    outer loop
      vertex 23.2322 1.76777 -76.5
      vertex 22.5 0 -77.5
      vertex 22.5 0 -76.5
    endloop
  endfacet
  facet normal 0.923886 -0.382668 0
    outer loop
      vertex 22.5 0 -94.5
      vertex 23.2322 1.76777 -110
      vertex 23.2322 1.76777 -94.5
    endloop
  endfacet
  facet normal 0.923886 -0.382668 0
    outer loop
      vertex 23.2322 1.76777 -110
      vertex 22.5 0 -94.5
      vertex 22.5 0 -110
    endloop
  endfacet
  facet normal -0.382676 -0.923883 0
    outer loop
      vertex 23.2322 -1.76777 -69.5
      vertex 25 -2.5 -67.5
      vertex 23.2322 -1.76777 -67.5
    endloop
  endfacet
  facet normal -0.382676 -0.923883 -0
    outer loop
      vertex 25 -2.5 -67.5
      vertex 23.2322 -1.76777 -69.5
      vertex 25 -2.5 -69.5
    endloop
  endfacet
  facet normal -0.382687 -0.923878 0
    outer loop
      vertex 24.7482 -2.3957 -90.5
      vertex 25 -2.5 -82.5
      vertex 24.7482 -2.3957 -82.5
    endloop
  endfacet
  facet normal -0.382687 -0.923878 -0
    outer loop
      vertex 25 -2.5 -82.5
      vertex 24.7482 -2.3957 -90.5
      vertex 25 -2.5 -90.5
    endloop
  endfacet
  facet normal -0.382676 -0.923883 0
    outer loop
      vertex 23.2322 -1.76777 -77.5
      vertex 25 -2.5 -76.5
      vertex 23.2322 -1.76777 -76.5
    endloop
  endfacet
  facet normal -0.382676 -0.923883 -0
    outer loop
      vertex 25 -2.5 -76.5
      vertex 23.2322 -1.76777 -77.5
      vertex 25 -2.5 -77.5
    endloop
  endfacet
  facet normal 0.382674 0.923883 -0
    outer loop
      vertex 24.7482 -2.3957 -110
      vertex 23.2322 -1.76777 -94.5
      vertex 24.7482 -2.3957 -94.5
    endloop
  endfacet
  facet normal 0.382674 0.923883 0
    outer loop
      vertex 23.2322 -1.76777 -94.5
      vertex 24.7482 -2.3957 -110
      vertex 23.2322 -1.76777 -110
    endloop
  endfacet
  facet normal 0.382676 -0.923883 0
    outer loop
      vertex 25 -2.5 -69.5
      vertex 26.7678 -1.76777 -67.5
      vertex 25 -2.5 -67.5
    endloop
  endfacet
  facet normal 0.382676 -0.923883 0
    outer loop
      vertex 26.7678 -1.76777 -67.5
      vertex 25 -2.5 -69.5
      vertex 26.7678 -1.76777 -69.5
    endloop
  endfacet
  facet normal 0.382676 -0.923883 0
    outer loop
      vertex 25 -2.5 -90.5
      vertex 26.7678 -1.76777 -82.5
      vertex 25 -2.5 -82.5
    endloop
  endfacet
  facet normal 0.382676 -0.923883 0
    outer loop
      vertex 26.7678 -1.76777 -82.5
      vertex 25 -2.5 -90.5
      vertex 26.7678 -1.76777 -90.5
    endloop
  endfacet
  facet normal 0.382676 -0.923883 0
    outer loop
      vertex 25 -2.5 -77.5
      vertex 26.7678 -1.76777 -76.5
      vertex 25 -2.5 -76.5
    endloop
  endfacet
  facet normal 0.382676 -0.923883 0
    outer loop
      vertex 26.7678 -1.76777 -76.5
      vertex 25 -2.5 -77.5
      vertex 26.7678 -1.76777 -77.5
    endloop
  endfacet
  facet normal -0.923886 -0.382668 0
    outer loop
      vertex 23.2322 -1.76777 -69.5
      vertex 22.5 0 -67.5
      vertex 22.5 0 -69.5
    endloop
  endfacet
  facet normal -0.923886 -0.382668 0
    outer loop
      vertex 22.5 0 -67.5
      vertex 23.2322 -1.76777 -69.5
      vertex 23.2322 -1.76777 -67.5
    endloop
  endfacet
  facet normal -0.923886 -0.382668 0
    outer loop
      vertex 23.2322 -1.76777 -77.5
      vertex 22.5 0 -76.5
      vertex 22.5 0 -77.5
    endloop
  endfacet
  facet normal -0.923886 -0.382668 0
    outer loop
      vertex 22.5 0 -76.5
      vertex 23.2322 -1.76777 -77.5
      vertex 23.2322 -1.76777 -76.5
    endloop
  endfacet
  facet normal 0.923886 0.382668 0
    outer loop
      vertex 23.2322 -1.76777 -94.5
      vertex 22.5 0 -110
      vertex 22.5 0 -94.5
    endloop
  endfacet
  facet normal 0.923886 0.382668 0
    outer loop
      vertex 22.5 0 -110
      vertex 23.2322 -1.76777 -94.5
      vertex 23.2322 -1.76777 -110
    endloop
  endfacet
  facet normal 0.382663 0.923888 -0
    outer loop
      vertex 14.2678 23.4184 -69.5
      vertex 12.5 24.1506 -67.5
      vertex 14.2678 23.4184 -67.5
    endloop
  endfacet
  facet normal 0.382663 0.923888 0
    outer loop
      vertex 12.5 24.1506 -67.5
      vertex 14.2678 23.4184 -69.5
      vertex 12.5 24.1506 -69.5
    endloop
  endfacet
  facet normal 0.382663 0.923888 -0
    outer loop
      vertex 14.2678 23.4184 -90.5
      vertex 12.5 24.1506 -82.5
      vertex 14.2678 23.4184 -82.5
    endloop
  endfacet
  facet normal 0.382663 0.923888 0
    outer loop
      vertex 12.5 24.1506 -82.5
      vertex 14.2678 23.4184 -90.5
      vertex 12.5 24.1506 -90.5
    endloop
  endfacet
  facet normal 0.382663 0.923888 -0
    outer loop
      vertex 14.2678 23.4184 -77.5
      vertex 12.5 24.1506 -76.5
      vertex 14.2678 23.4184 -76.5
    endloop
  endfacet
  facet normal 0.382663 0.923888 0
    outer loop
      vertex 12.5 24.1506 -76.5
      vertex 14.2678 23.4184 -77.5
      vertex 12.5 24.1506 -77.5
    endloop
  endfacet
  facet normal 0.923888 0.382663 0
    outer loop
      vertex 15 21.6506 -67.5
      vertex 14.2678 23.4184 -69.5
      vertex 14.2678 23.4184 -67.5
    endloop
  endfacet
  facet normal 0.923888 0.382663 0
    outer loop
      vertex 14.2678 23.4184 -69.5
      vertex 15 21.6506 -67.5
      vertex 15 21.6506 -69.5
    endloop
  endfacet
  facet normal 0.923888 0.382663 0
    outer loop
      vertex 15 21.6506 -82.5
      vertex 14.2678 23.4184 -90.5
      vertex 14.2678 23.4184 -82.5
    endloop
  endfacet
  facet normal 0.923888 0.382663 0
    outer loop
      vertex 14.2678 23.4184 -90.5
      vertex 15 21.6506 -82.5
      vertex 15 21.6506 -90.5
    endloop
  endfacet
  facet normal 0.923888 0.382663 0
    outer loop
      vertex 15 21.6506 -76.5
      vertex 14.2678 23.4184 -77.5
      vertex 14.2678 23.4184 -76.5
    endloop
  endfacet
  facet normal 0.923888 0.382663 0
    outer loop
      vertex 14.2678 23.4184 -77.5
      vertex 15 21.6506 -76.5
      vertex 15 21.6506 -77.5
    endloop
  endfacet
  facet normal -0.382663 0.923888 0
    outer loop
      vertex 12.5 24.1506 -69.5
      vertex 10.7322 23.4184 -67.5
      vertex 12.5 24.1506 -67.5
    endloop
  endfacet
  facet normal -0.382663 0.923888 0
    outer loop
      vertex 10.7322 23.4184 -67.5
      vertex 12.5 24.1506 -69.5
      vertex 10.7322 23.4184 -69.5
    endloop
  endfacet
  facet normal -0.382663 0.923888 0
    outer loop
      vertex 12.5 24.1506 -90.5
      vertex 10.7322 23.4184 -82.5
      vertex 12.5 24.1506 -82.5
    endloop
  endfacet
  facet normal -0.382663 0.923888 0
    outer loop
      vertex 10.7322 23.4184 -82.5
      vertex 12.5 24.1506 -90.5
      vertex 10.7322 23.4184 -90.5
    endloop
  endfacet
  facet normal -0.382663 0.923888 0
    outer loop
      vertex 12.5 24.1506 -77.5
      vertex 10.7322 23.4184 -76.5
      vertex 12.5 24.1506 -76.5
    endloop
  endfacet
  facet normal -0.382663 0.923888 0
    outer loop
      vertex 10.7322 23.4184 -76.5
      vertex 12.5 24.1506 -77.5
      vertex 10.7322 23.4184 -77.5
    endloop
  endfacet
  facet normal 0.923881 -0.382681 0
    outer loop
      vertex 14.2678 19.8829 -67.5
      vertex 15 21.6506 -69.5
      vertex 15 21.6506 -67.5
    endloop
  endfacet
  facet normal 0.923881 -0.382681 0
    outer loop
      vertex 15 21.6506 -69.5
      vertex 14.2678 19.8829 -67.5
      vertex 14.2678 19.8829 -69.5
    endloop
  endfacet
  facet normal 0.923876 -0.382693 0
    outer loop
      vertex 14.4217 20.2545 -82.5
      vertex 15 21.6506 -90.5
      vertex 15 21.6506 -82.5
    endloop
  endfacet
  facet normal 0.923876 -0.382693 0
    outer loop
      vertex 15 21.6506 -90.5
      vertex 14.4217 20.2545 -82.5
      vertex 14.4217 20.2545 -90.5
    endloop
  endfacet
  facet normal 0.923881 -0.382681 0
    outer loop
      vertex 14.2678 19.8829 -76.5
      vertex 15 21.6506 -77.5
      vertex 15 21.6506 -76.5
    endloop
  endfacet
  facet normal 0.923881 -0.382681 0
    outer loop
      vertex 15 21.6506 -77.5
      vertex 14.2678 19.8829 -76.5
      vertex 14.2678 19.8829 -77.5
    endloop
  endfacet
  facet normal -0.923899 0.382637 0
    outer loop
      vertex 14.2678 19.8829 -110
      vertex 14.4217 20.2545 -94.5
      vertex 14.4217 20.2545 -110
    endloop
  endfacet
  facet normal -0.923899 0.382637 0
    outer loop
      vertex 14.4217 20.2545 -94.5
      vertex 14.2678 19.8829 -110
      vertex 14.2678 19.8829 -94.5
    endloop
  endfacet
  facet normal -0.923888 0.382663 0
    outer loop
      vertex 10 21.6506 -69.5
      vertex 10.7322 23.4184 -67.5
      vertex 10.7322 23.4184 -69.5
    endloop
  endfacet
  facet normal -0.923888 0.382663 0
    outer loop
      vertex 10.7322 23.4184 -67.5
      vertex 10 21.6506 -69.5
      vertex 10 21.6506 -67.5
    endloop
  endfacet
  facet normal -0.923907 0.382618 0
    outer loop
      vertex 10.3893 22.5904 -90.5
      vertex 10.7322 23.4184 -82.5
      vertex 10.7322 23.4184 -90.5
    endloop
  endfacet
  facet normal -0.923907 0.382618 0
    outer loop
      vertex 10.7322 23.4184 -82.5
      vertex 10.3893 22.5904 -90.5
      vertex 10.3893 22.5904 -82.5
    endloop
  endfacet
  facet normal -0.923888 0.382663 0
    outer loop
      vertex 10 21.6506 -77.5
      vertex 10.7322 23.4184 -76.5
      vertex 10.7322 23.4184 -77.5
    endloop
  endfacet
  facet normal -0.923888 0.382663 0
    outer loop
      vertex 10.7322 23.4184 -76.5
      vertex 10 21.6506 -77.5
      vertex 10 21.6506 -76.5
    endloop
  endfacet
  facet normal 0.923872 -0.382702 0
    outer loop
      vertex 10 21.6506 -94.5
      vertex 10.3893 22.5904 -110
      vertex 10.3893 22.5904 -94.5
    endloop
  endfacet
  facet normal 0.923872 -0.382702 0
    outer loop
      vertex 10.3893 22.5904 -110
      vertex 10 21.6506 -94.5
      vertex 10 21.6506 -110
    endloop
  endfacet
  facet normal -0.382707 -0.92387 0
    outer loop
      vertex 10.7322 19.8829 -69.5
      vertex 12.5 19.1506 -67.5
      vertex 10.7322 19.8829 -67.5
    endloop
  endfacet
  facet normal -0.382707 -0.92387 -0
    outer loop
      vertex 12.5 19.1506 -67.5
      vertex 10.7322 19.8829 -69.5
      vertex 12.5 19.1506 -69.5
    endloop
  endfacet
  facet normal -0.382707 -0.92387 0
    outer loop
      vertex 10.7322 19.8829 -77.5
      vertex 12.5 19.1506 -76.5
      vertex 10.7322 19.8829 -76.5
    endloop
  endfacet
  facet normal -0.382707 -0.92387 -0
    outer loop
      vertex 12.5 19.1506 -76.5
      vertex 10.7322 19.8829 -77.5
      vertex 12.5 19.1506 -77.5
    endloop
  endfacet
  facet normal 0.382707 0.92387 -0
    outer loop
      vertex 12.5 19.1506 -110
      vertex 10.7322 19.8829 -94.5
      vertex 12.5 19.1506 -94.5
    endloop
  endfacet
  facet normal 0.382707 0.92387 0
    outer loop
      vertex 10.7322 19.8829 -94.5
      vertex 12.5 19.1506 -110
      vertex 10.7322 19.8829 -110
    endloop
  endfacet
  facet normal 0.382707 -0.92387 0
    outer loop
      vertex 12.5 19.1506 -69.5
      vertex 14.2678 19.8829 -67.5
      vertex 12.5 19.1506 -67.5
    endloop
  endfacet
  facet normal 0.382707 -0.92387 0
    outer loop
      vertex 14.2678 19.8829 -67.5
      vertex 12.5 19.1506 -69.5
      vertex 14.2678 19.8829 -69.5
    endloop
  endfacet
  facet normal 0.382707 -0.92387 0
    outer loop
      vertex 12.5 19.1506 -77.5
      vertex 14.2678 19.8829 -76.5
      vertex 12.5 19.1506 -76.5
    endloop
  endfacet
  facet normal 0.382707 -0.92387 0
    outer loop
      vertex 14.2678 19.8829 -76.5
      vertex 12.5 19.1506 -77.5
      vertex 14.2678 19.8829 -77.5
    endloop
  endfacet
  facet normal -0.382707 0.92387 0
    outer loop
      vertex 14.2678 19.8829 -110
      vertex 12.5 19.1506 -94.5
      vertex 14.2678 19.8829 -94.5
    endloop
  endfacet
  facet normal -0.382707 0.92387 0
    outer loop
      vertex 12.5 19.1506 -94.5
      vertex 14.2678 19.8829 -110
      vertex 12.5 19.1506 -110
    endloop
  endfacet
  facet normal -0.923881 -0.382681 0
    outer loop
      vertex 10.7322 19.8829 -69.5
      vertex 10 21.6506 -67.5
      vertex 10 21.6506 -69.5
    endloop
  endfacet
  facet normal -0.923881 -0.382681 0
    outer loop
      vertex 10 21.6506 -67.5
      vertex 10.7322 19.8829 -69.5
      vertex 10.7322 19.8829 -67.5
    endloop
  endfacet
  facet normal -0.923881 -0.382681 0
    outer loop
      vertex 10.7322 19.8829 -77.5
      vertex 10 21.6506 -76.5
      vertex 10 21.6506 -77.5
    endloop
  endfacet
  facet normal -0.923881 -0.382681 0
    outer loop
      vertex 10 21.6506 -76.5
      vertex 10.7322 19.8829 -77.5
      vertex 10.7322 19.8829 -76.5
    endloop
  endfacet
  facet normal 0.923881 0.382681 0
    outer loop
      vertex 10.7322 19.8829 -94.5
      vertex 10 21.6506 -110
      vertex 10 21.6506 -94.5
    endloop
  endfacet
  facet normal 0.923881 0.382681 0
    outer loop
      vertex 10 21.6506 -110
      vertex 10.7322 19.8829 -94.5
      vertex 10.7322 19.8829 -110
    endloop
  endfacet
  facet normal -0.923881 -0.382681 0
    outer loop
      vertex -14.2678 19.8829 -69.5
      vertex -15 21.6506 -67.5
      vertex -15 21.6506 -69.5
    endloop
  endfacet
  facet normal -0.923881 -0.382681 0
    outer loop
      vertex -15 21.6506 -67.5
      vertex -14.2678 19.8829 -69.5
      vertex -14.2678 19.8829 -67.5
    endloop
  endfacet
  facet normal -0.923876 -0.382693 0
    outer loop
      vertex -14.4217 20.2545 -90.5
      vertex -15 21.6506 -82.5
      vertex -15 21.6506 -90.5
    endloop
  endfacet
  facet normal -0.923876 -0.382693 0
    outer loop
      vertex -15 21.6506 -82.5
      vertex -14.4217 20.2545 -90.5
      vertex -14.4217 20.2545 -82.5
    endloop
  endfacet
  facet normal -0.923881 -0.382681 0
    outer loop
      vertex -14.2678 19.8829 -77.5
      vertex -15 21.6506 -76.5
      vertex -15 21.6506 -77.5
    endloop
  endfacet
  facet normal -0.923881 -0.382681 0
    outer loop
      vertex -15 21.6506 -76.5
      vertex -14.2678 19.8829 -77.5
      vertex -14.2678 19.8829 -76.5
    endloop
  endfacet
  facet normal 0.923899 0.382637 0
    outer loop
      vertex -14.2678 19.8829 -94.5
      vertex -14.4217 20.2545 -110
      vertex -14.4217 20.2545 -94.5
    endloop
  endfacet
  facet normal 0.923899 0.382637 0
    outer loop
      vertex -14.4217 20.2545 -110
      vertex -14.2678 19.8829 -94.5
      vertex -14.2678 19.8829 -110
    endloop
  endfacet
  facet normal 0.382663 0.923888 -0
    outer loop
      vertex -10.7322 23.4184 -69.5
      vertex -12.5 24.1506 -67.5
      vertex -10.7322 23.4184 -67.5
    endloop
  endfacet
  facet normal 0.382663 0.923888 0
    outer loop
      vertex -12.5 24.1506 -67.5
      vertex -10.7322 23.4184 -69.5
      vertex -12.5 24.1506 -69.5
    endloop
  endfacet
  facet normal 0.382663 0.923888 -0
    outer loop
      vertex -10.7322 23.4184 -90.5
      vertex -12.5 24.1506 -82.5
      vertex -10.7322 23.4184 -82.5
    endloop
  endfacet
  facet normal 0.382663 0.923888 0
    outer loop
      vertex -12.5 24.1506 -82.5
      vertex -10.7322 23.4184 -90.5
      vertex -12.5 24.1506 -90.5
    endloop
  endfacet
  facet normal 0.382663 0.923888 -0
    outer loop
      vertex -10.7322 23.4184 -77.5
      vertex -12.5 24.1506 -76.5
      vertex -10.7322 23.4184 -76.5
    endloop
  endfacet
  facet normal 0.382663 0.923888 0
    outer loop
      vertex -12.5 24.1506 -76.5
      vertex -10.7322 23.4184 -77.5
      vertex -12.5 24.1506 -77.5
    endloop
  endfacet
  facet normal 0.923888 0.382663 0
    outer loop
      vertex -10 21.6506 -67.5
      vertex -10.7322 23.4184 -69.5
      vertex -10.7322 23.4184 -67.5
    endloop
  endfacet
  facet normal 0.923888 0.382663 0
    outer loop
      vertex -10.7322 23.4184 -69.5
      vertex -10 21.6506 -67.5
      vertex -10 21.6506 -69.5
    endloop
  endfacet
  facet normal 0.923907 0.382618 0
    outer loop
      vertex -10.3893 22.5904 -82.5
      vertex -10.7322 23.4184 -90.5
      vertex -10.7322 23.4184 -82.5
    endloop
  endfacet
  facet normal 0.923907 0.382618 0
    outer loop
      vertex -10.7322 23.4184 -90.5
      vertex -10.3893 22.5904 -82.5
      vertex -10.3893 22.5904 -90.5
    endloop
  endfacet
  facet normal 0.923888 0.382663 0
    outer loop
      vertex -10 21.6506 -76.5
      vertex -10.7322 23.4184 -77.5
      vertex -10.7322 23.4184 -76.5
    endloop
  endfacet
  facet normal 0.923888 0.382663 0
    outer loop
      vertex -10.7322 23.4184 -77.5
      vertex -10 21.6506 -76.5
      vertex -10 21.6506 -77.5
    endloop
  endfacet
  facet normal -0.923872 -0.382702 0
    outer loop
      vertex -10 21.6506 -110
      vertex -10.3893 22.5904 -94.5
      vertex -10.3893 22.5904 -110
    endloop
  endfacet
  facet normal -0.923872 -0.382702 0
    outer loop
      vertex -10.3893 22.5904 -94.5
      vertex -10 21.6506 -110
      vertex -10 21.6506 -94.5
    endloop
  endfacet
  facet normal 0.382707 -0.92387 0
    outer loop
      vertex -12.5 19.1506 -69.5
      vertex -10.7322 19.8829 -67.5
      vertex -12.5 19.1506 -67.5
    endloop
  endfacet
  facet normal 0.382707 -0.92387 0
    outer loop
      vertex -10.7322 19.8829 -67.5
      vertex -12.5 19.1506 -69.5
      vertex -10.7322 19.8829 -69.5
    endloop
  endfacet
  facet normal 0.382707 -0.92387 0
    outer loop
      vertex -12.5 19.1506 -77.5
      vertex -10.7322 19.8829 -76.5
      vertex -12.5 19.1506 -76.5
    endloop
  endfacet
  facet normal 0.382707 -0.92387 0
    outer loop
      vertex -10.7322 19.8829 -76.5
      vertex -12.5 19.1506 -77.5
      vertex -10.7322 19.8829 -77.5
    endloop
  endfacet
  facet normal -0.382707 0.92387 0
    outer loop
      vertex -10.7322 19.8829 -110
      vertex -12.5 19.1506 -94.5
      vertex -10.7322 19.8829 -94.5
    endloop
  endfacet
  facet normal -0.382707 0.92387 0
    outer loop
      vertex -12.5 19.1506 -94.5
      vertex -10.7322 19.8829 -110
      vertex -12.5 19.1506 -110
    endloop
  endfacet
  facet normal -0.382707 -0.92387 0
    outer loop
      vertex -14.2678 19.8829 -69.5
      vertex -12.5 19.1506 -67.5
      vertex -14.2678 19.8829 -67.5
    endloop
  endfacet
  facet normal -0.382707 -0.92387 -0
    outer loop
      vertex -12.5 19.1506 -67.5
      vertex -14.2678 19.8829 -69.5
      vertex -12.5 19.1506 -69.5
    endloop
  endfacet
  facet normal -0.382707 -0.92387 0
    outer loop
      vertex -14.2678 19.8829 -77.5
      vertex -12.5 19.1506 -76.5
      vertex -14.2678 19.8829 -76.5
    endloop
  endfacet
  facet normal -0.382707 -0.92387 -0
    outer loop
      vertex -12.5 19.1506 -76.5
      vertex -14.2678 19.8829 -77.5
      vertex -12.5 19.1506 -77.5
    endloop
  endfacet
  facet normal 0.382707 0.92387 -0
    outer loop
      vertex -12.5 19.1506 -110
      vertex -14.2678 19.8829 -94.5
      vertex -12.5 19.1506 -94.5
    endloop
  endfacet
  facet normal 0.382707 0.92387 0
    outer loop
      vertex -14.2678 19.8829 -94.5
      vertex -12.5 19.1506 -110
      vertex -14.2678 19.8829 -110
    endloop
  endfacet
  facet normal 0.923881 -0.382681 0
    outer loop
      vertex -10.7322 19.8829 -67.5
      vertex -10 21.6506 -69.5
      vertex -10 21.6506 -67.5
    endloop
  endfacet
  facet normal 0.923881 -0.382681 0
    outer loop
      vertex -10 21.6506 -69.5
      vertex -10.7322 19.8829 -67.5
      vertex -10.7322 19.8829 -69.5
    endloop
  endfacet
  facet normal 0.923881 -0.382681 0
    outer loop
      vertex -10.7322 19.8829 -76.5
      vertex -10 21.6506 -77.5
      vertex -10 21.6506 -76.5
    endloop
  endfacet
  facet normal 0.923881 -0.382681 0
    outer loop
      vertex -10 21.6506 -77.5
      vertex -10.7322 19.8829 -76.5
      vertex -10.7322 19.8829 -77.5
    endloop
  endfacet
  facet normal -0.923881 0.382681 0
    outer loop
      vertex -10.7322 19.8829 -110
      vertex -10 21.6506 -94.5
      vertex -10 21.6506 -110
    endloop
  endfacet
  facet normal -0.923881 0.382681 0
    outer loop
      vertex -10 21.6506 -94.5
      vertex -10.7322 19.8829 -110
      vertex -10.7322 19.8829 -94.5
    endloop
  endfacet
  facet normal -0.923888 0.382663 0
    outer loop
      vertex -15 21.6506 -69.5
      vertex -14.2678 23.4184 -67.5
      vertex -14.2678 23.4184 -69.5
    endloop
  endfacet
  facet normal -0.923888 0.382663 0
    outer loop
      vertex -14.2678 23.4184 -67.5
      vertex -15 21.6506 -69.5
      vertex -15 21.6506 -67.5
    endloop
  endfacet
  facet normal -0.923888 0.382663 0
    outer loop
      vertex -15 21.6506 -90.5
      vertex -14.2678 23.4184 -82.5
      vertex -14.2678 23.4184 -90.5
    endloop
  endfacet
  facet normal -0.923888 0.382663 0
    outer loop
      vertex -14.2678 23.4184 -82.5
      vertex -15 21.6506 -90.5
      vertex -15 21.6506 -82.5
    endloop
  endfacet
  facet normal -0.923888 0.382663 0
    outer loop
      vertex -15 21.6506 -77.5
      vertex -14.2678 23.4184 -76.5
      vertex -14.2678 23.4184 -77.5
    endloop
  endfacet
  facet normal -0.923888 0.382663 0
    outer loop
      vertex -14.2678 23.4184 -76.5
      vertex -15 21.6506 -77.5
      vertex -15 21.6506 -76.5
    endloop
  endfacet
  facet normal -0.382663 0.923888 0
    outer loop
      vertex -12.5 24.1506 -69.5
      vertex -14.2678 23.4184 -67.5
      vertex -12.5 24.1506 -67.5
    endloop
  endfacet
  facet normal -0.382663 0.923888 0
    outer loop
      vertex -14.2678 23.4184 -67.5
      vertex -12.5 24.1506 -69.5
      vertex -14.2678 23.4184 -69.5
    endloop
  endfacet
  facet normal -0.382663 0.923888 0
    outer loop
      vertex -12.5 24.1506 -90.5
      vertex -14.2678 23.4184 -82.5
      vertex -12.5 24.1506 -82.5
    endloop
  endfacet
  facet normal -0.382663 0.923888 0
    outer loop
      vertex -14.2678 23.4184 -82.5
      vertex -12.5 24.1506 -90.5
      vertex -14.2678 23.4184 -90.5
    endloop
  endfacet
  facet normal -0.382663 0.923888 0
    outer loop
      vertex -12.5 24.1506 -77.5
      vertex -14.2678 23.4184 -76.5
      vertex -12.5 24.1506 -76.5
    endloop
  endfacet
  facet normal -0.382663 0.923888 0
    outer loop
      vertex -14.2678 23.4184 -76.5
      vertex -12.5 24.1506 -77.5
      vertex -14.2678 23.4184 -77.5
    endloop
  endfacet
  facet normal -0.923886 -0.382668 0
    outer loop
      vertex -26.7678 -1.76777 -69.5
      vertex -27.5 0 -67.5
      vertex -27.5 0 -69.5
    endloop
  endfacet
  facet normal -0.923886 -0.382668 0
    outer loop
      vertex -27.5 0 -67.5
      vertex -26.7678 -1.76777 -69.5
      vertex -26.7678 -1.76777 -67.5
    endloop
  endfacet
  facet normal -0.923886 -0.382668 0
    outer loop
      vertex -26.7678 -1.76777 -90.5
      vertex -27.5 0 -82.5
      vertex -27.5 0 -90.5
    endloop
  endfacet
  facet normal -0.923886 -0.382668 0
    outer loop
      vertex -27.5 0 -82.5
      vertex -26.7678 -1.76777 -90.5
      vertex -26.7678 -1.76777 -82.5
    endloop
  endfacet
  facet normal -0.923886 -0.382668 0
    outer loop
      vertex -26.7678 -1.76777 -77.5
      vertex -27.5 0 -76.5
      vertex -27.5 0 -77.5
    endloop
  endfacet
  facet normal -0.923886 -0.382668 0
    outer loop
      vertex -27.5 0 -76.5
      vertex -26.7678 -1.76777 -77.5
      vertex -26.7678 -1.76777 -76.5
    endloop
  endfacet
  facet normal 0.382676 0.923883 -0
    outer loop
      vertex -23.2322 1.76777 -69.5
      vertex -25 2.5 -67.5
      vertex -23.2322 1.76777 -67.5
    endloop
  endfacet
  facet normal 0.382676 0.923883 0
    outer loop
      vertex -25 2.5 -67.5
      vertex -23.2322 1.76777 -69.5
      vertex -25 2.5 -69.5
    endloop
  endfacet
  facet normal 0.382687 0.923878 -0
    outer loop
      vertex -24.7482 2.3957 -90.5
      vertex -25 2.5 -82.5
      vertex -24.7482 2.3957 -82.5
    endloop
  endfacet
  facet normal 0.382687 0.923878 0
    outer loop
      vertex -25 2.5 -82.5
      vertex -24.7482 2.3957 -90.5
      vertex -25 2.5 -90.5
    endloop
  endfacet
  facet normal 0.382676 0.923883 -0
    outer loop
      vertex -23.2322 1.76777 -77.5
      vertex -25 2.5 -76.5
      vertex -23.2322 1.76777 -76.5
    endloop
  endfacet
  facet normal 0.382676 0.923883 0
    outer loop
      vertex -25 2.5 -76.5
      vertex -23.2322 1.76777 -77.5
      vertex -25 2.5 -77.5
    endloop
  endfacet
  facet normal -0.382674 -0.923883 0
    outer loop
      vertex -24.7482 2.3957 -110
      vertex -23.2322 1.76777 -94.5
      vertex -24.7482 2.3957 -94.5
    endloop
  endfacet
  facet normal -0.382674 -0.923883 -0
    outer loop
      vertex -23.2322 1.76777 -94.5
      vertex -24.7482 2.3957 -110
      vertex -23.2322 1.76777 -110
    endloop
  endfacet
  facet normal 0.923886 0.382668 0
    outer loop
      vertex -22.5 0 -67.5
      vertex -23.2322 1.76777 -69.5
      vertex -23.2322 1.76777 -67.5
    endloop
  endfacet
  facet normal 0.923886 0.382668 0
    outer loop
      vertex -23.2322 1.76777 -69.5
      vertex -22.5 0 -67.5
      vertex -22.5 0 -69.5
    endloop
  endfacet
  facet normal 0.923886 0.382668 0
    outer loop
      vertex -22.5 0 -76.5
      vertex -23.2322 1.76777 -77.5
      vertex -23.2322 1.76777 -76.5
    endloop
  endfacet
  facet normal 0.923886 0.382668 0
    outer loop
      vertex -23.2322 1.76777 -77.5
      vertex -22.5 0 -76.5
      vertex -22.5 0 -77.5
    endloop
  endfacet
  facet normal -0.923886 -0.382668 0
    outer loop
      vertex -22.5 0 -110
      vertex -23.2322 1.76777 -94.5
      vertex -23.2322 1.76777 -110
    endloop
  endfacet
  facet normal -0.923886 -0.382668 0
    outer loop
      vertex -23.2322 1.76777 -94.5
      vertex -22.5 0 -110
      vertex -22.5 0 -94.5
    endloop
  endfacet
  facet normal -0.382676 0.923883 0
    outer loop
      vertex -25 2.5 -69.5
      vertex -26.7678 1.76777 -67.5
      vertex -25 2.5 -67.5
    endloop
  endfacet
  facet normal -0.382676 0.923883 0
    outer loop
      vertex -26.7678 1.76777 -67.5
      vertex -25 2.5 -69.5
      vertex -26.7678 1.76777 -69.5
    endloop
  endfacet
  facet normal -0.382676 0.923883 0
    outer loop
      vertex -25 2.5 -90.5
      vertex -26.7678 1.76777 -82.5
      vertex -25 2.5 -82.5
    endloop
  endfacet
  facet normal -0.382676 0.923883 0
    outer loop
      vertex -26.7678 1.76777 -82.5
      vertex -25 2.5 -90.5
      vertex -26.7678 1.76777 -90.5
    endloop
  endfacet
  facet normal -0.382676 0.923883 0
    outer loop
      vertex -25 2.5 -77.5
      vertex -26.7678 1.76777 -76.5
      vertex -25 2.5 -76.5
    endloop
  endfacet
  facet normal -0.382676 0.923883 0
    outer loop
      vertex -26.7678 1.76777 -76.5
      vertex -25 2.5 -77.5
      vertex -26.7678 1.76777 -77.5
    endloop
  endfacet
  facet normal 0.382676 -0.923883 0
    outer loop
      vertex -25 -2.5 -69.5
      vertex -23.2322 -1.76777 -67.5
      vertex -25 -2.5 -67.5
    endloop
  endfacet
  facet normal 0.382676 -0.923883 0
    outer loop
      vertex -23.2322 -1.76777 -67.5
      vertex -25 -2.5 -69.5
      vertex -23.2322 -1.76777 -69.5
    endloop
  endfacet
  facet normal 0.382687 -0.923878 0
    outer loop
      vertex -25 -2.5 -90.5
      vertex -24.7482 -2.3957 -82.5
      vertex -25 -2.5 -82.5
    endloop
  endfacet
  facet normal 0.382687 -0.923878 0
    outer loop
      vertex -24.7482 -2.3957 -82.5
      vertex -25 -2.5 -90.5
      vertex -24.7482 -2.3957 -90.5
    endloop
  endfacet
  facet normal 0.382676 -0.923883 0
    outer loop
      vertex -25 -2.5 -77.5
      vertex -23.2322 -1.76777 -76.5
      vertex -25 -2.5 -76.5
    endloop
  endfacet
  facet normal 0.382676 -0.923883 0
    outer loop
      vertex -23.2322 -1.76777 -76.5
      vertex -25 -2.5 -77.5
      vertex -23.2322 -1.76777 -77.5
    endloop
  endfacet
  facet normal -0.382674 0.923883 0
    outer loop
      vertex -23.2322 -1.76777 -110
      vertex -24.7482 -2.3957 -94.5
      vertex -23.2322 -1.76777 -94.5
    endloop
  endfacet
  facet normal -0.382674 0.923883 0
    outer loop
      vertex -24.7482 -2.3957 -94.5
      vertex -23.2322 -1.76777 -110
      vertex -24.7482 -2.3957 -110
    endloop
  endfacet
  facet normal -0.382676 -0.923883 0
    outer loop
      vertex -26.7678 -1.76777 -69.5
      vertex -25 -2.5 -67.5
      vertex -26.7678 -1.76777 -67.5
    endloop
  endfacet
  facet normal -0.382676 -0.923883 -0
    outer loop
      vertex -25 -2.5 -67.5
      vertex -26.7678 -1.76777 -69.5
      vertex -25 -2.5 -69.5
    endloop
  endfacet
  facet normal -0.382676 -0.923883 0
    outer loop
      vertex -26.7678 -1.76777 -90.5
      vertex -25 -2.5 -82.5
      vertex -26.7678 -1.76777 -82.5
    endloop
  endfacet
  facet normal -0.382676 -0.923883 -0
    outer loop
      vertex -25 -2.5 -82.5
      vertex -26.7678 -1.76777 -90.5
      vertex -25 -2.5 -90.5
    endloop
  endfacet
  facet normal -0.382676 -0.923883 0
    outer loop
      vertex -26.7678 -1.76777 -77.5
      vertex -25 -2.5 -76.5
      vertex -26.7678 -1.76777 -76.5
    endloop
  endfacet
  facet normal -0.382676 -0.923883 -0
    outer loop
      vertex -25 -2.5 -76.5
      vertex -26.7678 -1.76777 -77.5
      vertex -25 -2.5 -77.5
    endloop
  endfacet
  facet normal 0.923886 -0.382668 0
    outer loop
      vertex -23.2322 -1.76777 -67.5
      vertex -22.5 0 -69.5
      vertex -22.5 0 -67.5
    endloop
  endfacet
  facet normal 0.923886 -0.382668 0
    outer loop
      vertex -22.5 0 -69.5
      vertex -23.2322 -1.76777 -67.5
      vertex -23.2322 -1.76777 -69.5
    endloop
  endfacet
  facet normal 0.923886 -0.382668 0
    outer loop
      vertex -23.2322 -1.76777 -76.5
      vertex -22.5 0 -77.5
      vertex -22.5 0 -76.5
    endloop
  endfacet
  facet normal 0.923886 -0.382668 0
    outer loop
      vertex -22.5 0 -77.5
      vertex -23.2322 -1.76777 -76.5
      vertex -23.2322 -1.76777 -77.5
    endloop
  endfacet
  facet normal -0.923886 0.382668 0
    outer loop
      vertex -23.2322 -1.76777 -110
      vertex -22.5 0 -94.5
      vertex -22.5 0 -110
    endloop
  endfacet
  facet normal -0.923886 0.382668 0
    outer loop
      vertex -22.5 0 -94.5
      vertex -23.2322 -1.76777 -110
      vertex -23.2322 -1.76777 -94.5
    endloop
  endfacet
  facet normal -0.923886 0.382668 0
    outer loop
      vertex -27.5 0 -69.5
      vertex -26.7678 1.76777 -67.5
      vertex -26.7678 1.76777 -69.5
    endloop
  endfacet
  facet normal -0.923886 0.382668 0
    outer loop
      vertex -26.7678 1.76777 -67.5
      vertex -27.5 0 -69.5
      vertex -27.5 0 -67.5
    endloop
  endfacet
  facet normal -0.923886 0.382668 0
    outer loop
      vertex -27.5 0 -90.5
      vertex -26.7678 1.76777 -82.5
      vertex -26.7678 1.76777 -90.5
    endloop
  endfacet
  facet normal -0.923886 0.382668 0
    outer loop
      vertex -26.7678 1.76777 -82.5
      vertex -27.5 0 -90.5
      vertex -27.5 0 -82.5
    endloop
  endfacet
  facet normal -0.923886 0.382668 0
    outer loop
      vertex -27.5 0 -77.5
      vertex -26.7678 1.76777 -76.5
      vertex -26.7678 1.76777 -77.5
    endloop
  endfacet
  facet normal -0.923886 0.382668 0
    outer loop
      vertex -26.7678 1.76777 -76.5
      vertex -27.5 0 -77.5
      vertex -27.5 0 -76.5
    endloop
  endfacet
  facet normal -0.923888 -0.382663 0
    outer loop
      vertex -14.2678 -23.4184 -69.5
      vertex -15 -21.6506 -67.5
      vertex -15 -21.6506 -69.5
    endloop
  endfacet
  facet normal -0.923888 -0.382663 0
    outer loop
      vertex -15 -21.6506 -67.5
      vertex -14.2678 -23.4184 -69.5
      vertex -14.2678 -23.4184 -67.5
    endloop
  endfacet
  facet normal -0.923888 -0.382663 0
    outer loop
      vertex -14.2678 -23.4184 -90.5
      vertex -15 -21.6506 -82.5
      vertex -15 -21.6506 -90.5
    endloop
  endfacet
  facet normal -0.923888 -0.382663 0
    outer loop
      vertex -15 -21.6506 -82.5
      vertex -14.2678 -23.4184 -90.5
      vertex -14.2678 -23.4184 -82.5
    endloop
  endfacet
  facet normal -0.923888 -0.382663 0
    outer loop
      vertex -14.2678 -23.4184 -77.5
      vertex -15 -21.6506 -76.5
      vertex -15 -21.6506 -77.5
    endloop
  endfacet
  facet normal -0.923888 -0.382663 0
    outer loop
      vertex -15 -21.6506 -76.5
      vertex -14.2678 -23.4184 -77.5
      vertex -14.2678 -23.4184 -76.5
    endloop
  endfacet
  facet normal 0.382707 0.92387 -0
    outer loop
      vertex -10.7322 -19.8829 -69.5
      vertex -12.5 -19.1506 -67.5
      vertex -10.7322 -19.8829 -67.5
    endloop
  endfacet
  facet normal 0.382707 0.92387 0
    outer loop
      vertex -12.5 -19.1506 -67.5
      vertex -10.7322 -19.8829 -69.5
      vertex -12.5 -19.1506 -69.5
    endloop
  endfacet
  facet normal 0.382707 0.92387 -0
    outer loop
      vertex -10.7322 -19.8829 -77.5
      vertex -12.5 -19.1506 -76.5
      vertex -10.7322 -19.8829 -76.5
    endloop
  endfacet
  facet normal 0.382707 0.92387 0
    outer loop
      vertex -12.5 -19.1506 -76.5
      vertex -10.7322 -19.8829 -77.5
      vertex -12.5 -19.1506 -77.5
    endloop
  endfacet
  facet normal -0.382707 -0.92387 0
    outer loop
      vertex -12.5 -19.1506 -110
      vertex -10.7322 -19.8829 -94.5
      vertex -12.5 -19.1506 -94.5
    endloop
  endfacet
  facet normal -0.382707 -0.92387 -0
    outer loop
      vertex -10.7322 -19.8829 -94.5
      vertex -12.5 -19.1506 -110
      vertex -10.7322 -19.8829 -110
    endloop
  endfacet
  facet normal 0.923881 0.382681 0
    outer loop
      vertex -10 -21.6506 -67.5
      vertex -10.7322 -19.8829 -69.5
      vertex -10.7322 -19.8829 -67.5
    endloop
  endfacet
  facet normal 0.923881 0.382681 0
    outer loop
      vertex -10.7322 -19.8829 -69.5
      vertex -10 -21.6506 -67.5
      vertex -10 -21.6506 -69.5
    endloop
  endfacet
  facet normal 0.923881 0.382681 0
    outer loop
      vertex -10 -21.6506 -76.5
      vertex -10.7322 -19.8829 -77.5
      vertex -10.7322 -19.8829 -76.5
    endloop
  endfacet
  facet normal 0.923881 0.382681 0
    outer loop
      vertex -10.7322 -19.8829 -77.5
      vertex -10 -21.6506 -76.5
      vertex -10 -21.6506 -77.5
    endloop
  endfacet
  facet normal -0.923881 -0.382681 0
    outer loop
      vertex -10 -21.6506 -110
      vertex -10.7322 -19.8829 -94.5
      vertex -10.7322 -19.8829 -110
    endloop
  endfacet
  facet normal -0.923881 -0.382681 0
    outer loop
      vertex -10.7322 -19.8829 -94.5
      vertex -10 -21.6506 -110
      vertex -10 -21.6506 -94.5
    endloop
  endfacet
  facet normal -0.382707 0.92387 0
    outer loop
      vertex -12.5 -19.1506 -69.5
      vertex -14.2678 -19.8829 -67.5
      vertex -12.5 -19.1506 -67.5
    endloop
  endfacet
  facet normal -0.382707 0.92387 0
    outer loop
      vertex -14.2678 -19.8829 -67.5
      vertex -12.5 -19.1506 -69.5
      vertex -14.2678 -19.8829 -69.5
    endloop
  endfacet
  facet normal -0.382707 0.92387 0
    outer loop
      vertex -12.5 -19.1506 -77.5
      vertex -14.2678 -19.8829 -76.5
      vertex -12.5 -19.1506 -76.5
    endloop
  endfacet
  facet normal -0.382707 0.92387 0
    outer loop
      vertex -14.2678 -19.8829 -76.5
      vertex -12.5 -19.1506 -77.5
      vertex -14.2678 -19.8829 -77.5
    endloop
  endfacet
  facet normal 0.382707 -0.92387 0
    outer loop
      vertex -14.2678 -19.8829 -110
      vertex -12.5 -19.1506 -94.5
      vertex -14.2678 -19.8829 -94.5
    endloop
  endfacet
  facet normal 0.382707 -0.92387 0
    outer loop
      vertex -12.5 -19.1506 -94.5
      vertex -14.2678 -19.8829 -110
      vertex -12.5 -19.1506 -110
    endloop
  endfacet
  facet normal 0.382663 -0.923888 0
    outer loop
      vertex -12.5 -24.1506 -69.5
      vertex -10.7322 -23.4184 -67.5
      vertex -12.5 -24.1506 -67.5
    endloop
  endfacet
  facet normal 0.382663 -0.923888 0
    outer loop
      vertex -10.7322 -23.4184 -67.5
      vertex -12.5 -24.1506 -69.5
      vertex -10.7322 -23.4184 -69.5
    endloop
  endfacet
  facet normal 0.382663 -0.923888 0
    outer loop
      vertex -12.5 -24.1506 -90.5
      vertex -10.7322 -23.4184 -82.5
      vertex -12.5 -24.1506 -82.5
    endloop
  endfacet
  facet normal 0.382663 -0.923888 0
    outer loop
      vertex -10.7322 -23.4184 -82.5
      vertex -12.5 -24.1506 -90.5
      vertex -10.7322 -23.4184 -90.5
    endloop
  endfacet
  facet normal 0.382663 -0.923888 0
    outer loop
      vertex -12.5 -24.1506 -77.5
      vertex -10.7322 -23.4184 -76.5
      vertex -12.5 -24.1506 -76.5
    endloop
  endfacet
  facet normal 0.382663 -0.923888 0
    outer loop
      vertex -10.7322 -23.4184 -76.5
      vertex -12.5 -24.1506 -77.5
      vertex -10.7322 -23.4184 -77.5
    endloop
  endfacet
  facet normal -0.382663 -0.923888 0
    outer loop
      vertex -14.2678 -23.4184 -69.5
      vertex -12.5 -24.1506 -67.5
      vertex -14.2678 -23.4184 -67.5
    endloop
  endfacet
  facet normal -0.382663 -0.923888 -0
    outer loop
      vertex -12.5 -24.1506 -67.5
      vertex -14.2678 -23.4184 -69.5
      vertex -12.5 -24.1506 -69.5
    endloop
  endfacet
  facet normal -0.382663 -0.923888 0
    outer loop
      vertex -14.2678 -23.4184 -90.5
      vertex -12.5 -24.1506 -82.5
      vertex -14.2678 -23.4184 -82.5
    endloop
  endfacet
  facet normal -0.382663 -0.923888 -0
    outer loop
      vertex -12.5 -24.1506 -82.5
      vertex -14.2678 -23.4184 -90.5
      vertex -12.5 -24.1506 -90.5
    endloop
  endfacet
  facet normal -0.382663 -0.923888 0
    outer loop
      vertex -14.2678 -23.4184 -77.5
      vertex -12.5 -24.1506 -76.5
      vertex -14.2678 -23.4184 -76.5
    endloop
  endfacet
  facet normal -0.382663 -0.923888 -0
    outer loop
      vertex -12.5 -24.1506 -76.5
      vertex -14.2678 -23.4184 -77.5
      vertex -12.5 -24.1506 -77.5
    endloop
  endfacet
  facet normal 0.923888 -0.382663 0
    outer loop
      vertex -10.7322 -23.4184 -67.5
      vertex -10 -21.6506 -69.5
      vertex -10 -21.6506 -67.5
    endloop
  endfacet
  facet normal 0.923888 -0.382663 0
    outer loop
      vertex -10 -21.6506 -69.5
      vertex -10.7322 -23.4184 -67.5
      vertex -10.7322 -23.4184 -69.5
    endloop
  endfacet
  facet normal 0.923907 -0.382618 0
    outer loop
      vertex -10.7322 -23.4184 -82.5
      vertex -10.3893 -22.5904 -90.5
      vertex -10.3893 -22.5904 -82.5
    endloop
  endfacet
  facet normal 0.923907 -0.382618 0
    outer loop
      vertex -10.3893 -22.5904 -90.5
      vertex -10.7322 -23.4184 -82.5
      vertex -10.7322 -23.4184 -90.5
    endloop
  endfacet
  facet normal 0.923888 -0.382663 0
    outer loop
      vertex -10.7322 -23.4184 -76.5
      vertex -10 -21.6506 -77.5
      vertex -10 -21.6506 -76.5
    endloop
  endfacet
  facet normal 0.923888 -0.382663 0
    outer loop
      vertex -10 -21.6506 -77.5
      vertex -10.7322 -23.4184 -76.5
      vertex -10.7322 -23.4184 -77.5
    endloop
  endfacet
  facet normal -0.923872 0.382702 0
    outer loop
      vertex -10.3893 -22.5904 -110
      vertex -10 -21.6506 -94.5
      vertex -10 -21.6506 -110
    endloop
  endfacet
  facet normal -0.923872 0.382702 0
    outer loop
      vertex -10 -21.6506 -94.5
      vertex -10.3893 -22.5904 -110
      vertex -10.3893 -22.5904 -94.5
    endloop
  endfacet
  facet normal -0.923881 0.382681 0
    outer loop
      vertex -15 -21.6506 -69.5
      vertex -14.2678 -19.8829 -67.5
      vertex -14.2678 -19.8829 -69.5
    endloop
  endfacet
  facet normal -0.923881 0.382681 0
    outer loop
      vertex -14.2678 -19.8829 -67.5
      vertex -15 -21.6506 -69.5
      vertex -15 -21.6506 -67.5
    endloop
  endfacet
  facet normal -0.923876 0.382693 0
    outer loop
      vertex -15 -21.6506 -90.5
      vertex -14.4217 -20.2545 -82.5
      vertex -14.4217 -20.2545 -90.5
    endloop
  endfacet
  facet normal -0.923876 0.382693 0
    outer loop
      vertex -14.4217 -20.2545 -82.5
      vertex -15 -21.6506 -90.5
      vertex -15 -21.6506 -82.5
    endloop
  endfacet
  facet normal -0.923881 0.382681 0
    outer loop
      vertex -15 -21.6506 -77.5
      vertex -14.2678 -19.8829 -76.5
      vertex -14.2678 -19.8829 -77.5
    endloop
  endfacet
  facet normal -0.923881 0.382681 0
    outer loop
      vertex -14.2678 -19.8829 -76.5
      vertex -15 -21.6506 -77.5
      vertex -15 -21.6506 -76.5
    endloop
  endfacet
  facet normal 0.923899 -0.382637 0
    outer loop
      vertex -14.4217 -20.2545 -94.5
      vertex -14.2678 -19.8829 -110
      vertex -14.2678 -19.8829 -94.5
    endloop
  endfacet
  facet normal 0.923899 -0.382637 0
    outer loop
      vertex -14.2678 -19.8829 -110
      vertex -14.4217 -20.2545 -94.5
      vertex -14.4217 -20.2545 -110
    endloop
  endfacet
  facet normal 0.382707 0.92387 -0
    outer loop
      vertex 14.2678 -19.8829 -69.5
      vertex 12.5 -19.1506 -67.5
      vertex 14.2678 -19.8829 -67.5
    endloop
  endfacet
  facet normal 0.382707 0.92387 0
    outer loop
      vertex 12.5 -19.1506 -67.5
      vertex 14.2678 -19.8829 -69.5
      vertex 12.5 -19.1506 -69.5
    endloop
  endfacet
  facet normal 0.382707 0.92387 -0
    outer loop
      vertex 14.2678 -19.8829 -77.5
      vertex 12.5 -19.1506 -76.5
      vertex 14.2678 -19.8829 -76.5
    endloop
  endfacet
  facet normal 0.382707 0.92387 0
    outer loop
      vertex 12.5 -19.1506 -76.5
      vertex 14.2678 -19.8829 -77.5
      vertex 12.5 -19.1506 -77.5
    endloop
  endfacet
  facet normal -0.382707 -0.92387 0
    outer loop
      vertex 12.5 -19.1506 -110
      vertex 14.2678 -19.8829 -94.5
      vertex 12.5 -19.1506 -94.5
    endloop
  endfacet
  facet normal -0.382707 -0.92387 -0
    outer loop
      vertex 14.2678 -19.8829 -94.5
      vertex 12.5 -19.1506 -110
      vertex 14.2678 -19.8829 -110
    endloop
  endfacet
  facet normal 0.923881 0.382681 0
    outer loop
      vertex 15 -21.6506 -67.5
      vertex 14.2678 -19.8829 -69.5
      vertex 14.2678 -19.8829 -67.5
    endloop
  endfacet
  facet normal 0.923881 0.382681 0
    outer loop
      vertex 14.2678 -19.8829 -69.5
      vertex 15 -21.6506 -67.5
      vertex 15 -21.6506 -69.5
    endloop
  endfacet
  facet normal 0.923876 0.382693 0
    outer loop
      vertex 15 -21.6506 -82.5
      vertex 14.4217 -20.2545 -90.5
      vertex 14.4217 -20.2545 -82.5
    endloop
  endfacet
  facet normal 0.923876 0.382693 0
    outer loop
      vertex 14.4217 -20.2545 -90.5
      vertex 15 -21.6506 -82.5
      vertex 15 -21.6506 -90.5
    endloop
  endfacet
  facet normal 0.923881 0.382681 0
    outer loop
      vertex 15 -21.6506 -76.5
      vertex 14.2678 -19.8829 -77.5
      vertex 14.2678 -19.8829 -76.5
    endloop
  endfacet
  facet normal 0.923881 0.382681 0
    outer loop
      vertex 14.2678 -19.8829 -77.5
      vertex 15 -21.6506 -76.5
      vertex 15 -21.6506 -77.5
    endloop
  endfacet
  facet normal -0.923899 -0.382637 0
    outer loop
      vertex 14.4217 -20.2545 -110
      vertex 14.2678 -19.8829 -94.5
      vertex 14.2678 -19.8829 -110
    endloop
  endfacet
  facet normal -0.923899 -0.382637 0
    outer loop
      vertex 14.2678 -19.8829 -94.5
      vertex 14.4217 -20.2545 -110
      vertex 14.4217 -20.2545 -94.5
    endloop
  endfacet
  facet normal -0.382707 0.92387 0
    outer loop
      vertex 12.5 -19.1506 -69.5
      vertex 10.7322 -19.8829 -67.5
      vertex 12.5 -19.1506 -67.5
    endloop
  endfacet
  facet normal -0.382707 0.92387 0
    outer loop
      vertex 10.7322 -19.8829 -67.5
      vertex 12.5 -19.1506 -69.5
      vertex 10.7322 -19.8829 -69.5
    endloop
  endfacet
  facet normal -0.382707 0.92387 0
    outer loop
      vertex 12.5 -19.1506 -77.5
      vertex 10.7322 -19.8829 -76.5
      vertex 12.5 -19.1506 -76.5
    endloop
  endfacet
  facet normal -0.382707 0.92387 0
    outer loop
      vertex 10.7322 -19.8829 -76.5
      vertex 12.5 -19.1506 -77.5
      vertex 10.7322 -19.8829 -77.5
    endloop
  endfacet
  facet normal 0.382707 -0.92387 0
    outer loop
      vertex 10.7322 -19.8829 -110
      vertex 12.5 -19.1506 -94.5
      vertex 10.7322 -19.8829 -94.5
    endloop
  endfacet
  facet normal 0.382707 -0.92387 0
    outer loop
      vertex 12.5 -19.1506 -94.5
      vertex 10.7322 -19.8829 -110
      vertex 12.5 -19.1506 -110
    endloop
  endfacet
  facet normal 0.923888 -0.382663 0
    outer loop
      vertex 14.2678 -23.4184 -67.5
      vertex 15 -21.6506 -69.5
      vertex 15 -21.6506 -67.5
    endloop
  endfacet
  facet normal 0.923888 -0.382663 0
    outer loop
      vertex 15 -21.6506 -69.5
      vertex 14.2678 -23.4184 -67.5
      vertex 14.2678 -23.4184 -69.5
    endloop
  endfacet
  facet normal 0.923888 -0.382663 0
    outer loop
      vertex 14.2678 -23.4184 -82.5
      vertex 15 -21.6506 -90.5
      vertex 15 -21.6506 -82.5
    endloop
  endfacet
  facet normal 0.923888 -0.382663 0
    outer loop
      vertex 15 -21.6506 -90.5
      vertex 14.2678 -23.4184 -82.5
      vertex 14.2678 -23.4184 -90.5
    endloop
  endfacet
  facet normal 0.923888 -0.382663 0
    outer loop
      vertex 14.2678 -23.4184 -76.5
      vertex 15 -21.6506 -77.5
      vertex 15 -21.6506 -76.5
    endloop
  endfacet
  facet normal 0.923888 -0.382663 0
    outer loop
      vertex 15 -21.6506 -77.5
      vertex 14.2678 -23.4184 -76.5
      vertex 14.2678 -23.4184 -77.5
    endloop
  endfacet
  facet normal -0.923881 0.382681 0
    outer loop
      vertex 10 -21.6506 -69.5
      vertex 10.7322 -19.8829 -67.5
      vertex 10.7322 -19.8829 -69.5
    endloop
  endfacet
  facet normal -0.923881 0.382681 0
    outer loop
      vertex 10.7322 -19.8829 -67.5
      vertex 10 -21.6506 -69.5
      vertex 10 -21.6506 -67.5
    endloop
  endfacet
  facet normal -0.923881 0.382681 0
    outer loop
      vertex 10 -21.6506 -77.5
      vertex 10.7322 -19.8829 -76.5
      vertex 10.7322 -19.8829 -77.5
    endloop
  endfacet
  facet normal -0.923881 0.382681 0
    outer loop
      vertex 10.7322 -19.8829 -76.5
      vertex 10 -21.6506 -77.5
      vertex 10 -21.6506 -76.5
    endloop
  endfacet
  facet normal 0.923881 -0.382681 0
    outer loop
      vertex 10 -21.6506 -94.5
      vertex 10.7322 -19.8829 -110
      vertex 10.7322 -19.8829 -94.5
    endloop
  endfacet
  facet normal 0.923881 -0.382681 0
    outer loop
      vertex 10.7322 -19.8829 -110
      vertex 10 -21.6506 -94.5
      vertex 10 -21.6506 -110
    endloop
  endfacet
  facet normal -0.382663 -0.923888 0
    outer loop
      vertex 10.7322 -23.4184 -69.5
      vertex 12.5 -24.1506 -67.5
      vertex 10.7322 -23.4184 -67.5
    endloop
  endfacet
  facet normal -0.382663 -0.923888 -0
    outer loop
      vertex 12.5 -24.1506 -67.5
      vertex 10.7322 -23.4184 -69.5
      vertex 12.5 -24.1506 -69.5
    endloop
  endfacet
  facet normal -0.382663 -0.923888 0
    outer loop
      vertex 10.7322 -23.4184 -90.5
      vertex 12.5 -24.1506 -82.5
      vertex 10.7322 -23.4184 -82.5
    endloop
  endfacet
  facet normal -0.382663 -0.923888 -0
    outer loop
      vertex 12.5 -24.1506 -82.5
      vertex 10.7322 -23.4184 -90.5
      vertex 12.5 -24.1506 -90.5
    endloop
  endfacet
  facet normal -0.382663 -0.923888 0
    outer loop
      vertex 10.7322 -23.4184 -77.5
      vertex 12.5 -24.1506 -76.5
      vertex 10.7322 -23.4184 -76.5
    endloop
  endfacet
  facet normal -0.382663 -0.923888 -0
    outer loop
      vertex 12.5 -24.1506 -76.5
      vertex 10.7322 -23.4184 -77.5
      vertex 12.5 -24.1506 -77.5
    endloop
  endfacet
  facet normal 0.382663 -0.923888 0
    outer loop
      vertex 12.5 -24.1506 -69.5
      vertex 14.2678 -23.4184 -67.5
      vertex 12.5 -24.1506 -67.5
    endloop
  endfacet
  facet normal 0.382663 -0.923888 0
    outer loop
      vertex 14.2678 -23.4184 -67.5
      vertex 12.5 -24.1506 -69.5
      vertex 14.2678 -23.4184 -69.5
    endloop
  endfacet
  facet normal 0.382663 -0.923888 0
    outer loop
      vertex 12.5 -24.1506 -90.5
      vertex 14.2678 -23.4184 -82.5
      vertex 12.5 -24.1506 -82.5
    endloop
  endfacet
  facet normal 0.382663 -0.923888 0
    outer loop
      vertex 14.2678 -23.4184 -82.5
      vertex 12.5 -24.1506 -90.5
      vertex 14.2678 -23.4184 -90.5
    endloop
  endfacet
  facet normal 0.382663 -0.923888 0
    outer loop
      vertex 12.5 -24.1506 -77.5
      vertex 14.2678 -23.4184 -76.5
      vertex 12.5 -24.1506 -76.5
    endloop
  endfacet
  facet normal 0.382663 -0.923888 0
    outer loop
      vertex 14.2678 -23.4184 -76.5
      vertex 12.5 -24.1506 -77.5
      vertex 14.2678 -23.4184 -77.5
    endloop
  endfacet
  facet normal -0.923888 -0.382663 0
    outer loop
      vertex 10.7322 -23.4184 -69.5
      vertex 10 -21.6506 -67.5
      vertex 10 -21.6506 -69.5
    endloop
  endfacet
  facet normal -0.923888 -0.382663 0
    outer loop
      vertex 10 -21.6506 -67.5
      vertex 10.7322 -23.4184 -69.5
      vertex 10.7322 -23.4184 -67.5
    endloop
  endfacet
  facet normal -0.923907 -0.382618 0
    outer loop
      vertex 10.7322 -23.4184 -90.5
      vertex 10.3893 -22.5904 -82.5
      vertex 10.3893 -22.5904 -90.5
    endloop
  endfacet
  facet normal -0.923907 -0.382618 0
    outer loop
      vertex 10.3893 -22.5904 -82.5
      vertex 10.7322 -23.4184 -90.5
      vertex 10.7322 -23.4184 -82.5
    endloop
  endfacet
  facet normal -0.923888 -0.382663 0
    outer loop
      vertex 10.7322 -23.4184 -77.5
      vertex 10 -21.6506 -76.5
      vertex 10 -21.6506 -77.5
    endloop
  endfacet
  facet normal -0.923888 -0.382663 0
    outer loop
      vertex 10 -21.6506 -76.5
      vertex 10.7322 -23.4184 -77.5
      vertex 10.7322 -23.4184 -76.5
    endloop
  endfacet
  facet normal 0.923872 0.382702 0
    outer loop
      vertex 10.3893 -22.5904 -94.5
      vertex 10 -21.6506 -110
      vertex 10 -21.6506 -94.5
    endloop
  endfacet
  facet normal 0.923872 0.382702 0
    outer loop
      vertex 10 -21.6506 -110
      vertex 10.3893 -22.5904 -94.5
      vertex 10.3893 -22.5904 -110
    endloop
  endfacet
  facet normal -0.743138 -0.669138 0
    outer loop
      vertex -20.0739 -22.2943 -74.5
      vertex -24.2705 -17.6336 -69.5
      vertex -24.2705 -17.6336 -74.5
    endloop
  endfacet
  facet normal -0.743138 -0.669138 0
    outer loop
      vertex -24.2705 -17.6336 -69.5
      vertex -20.0739 -22.2943 -74.5
      vertex -20.0739 -22.2943 -69.5
    endloop
  endfacet
  facet normal 0.95106 0.309008 0
    outer loop
      vertex 29.3444 6.23735 -69.5
      vertex 27.4064 12.2021 -74.5
      vertex 27.4064 12.2021 -69.5
    endloop
  endfacet
  facet normal 0.95106 0.309008 0
    outer loop
      vertex 27.4064 12.2021 -74.5
      vertex 29.3444 6.23735 -69.5
      vertex 29.3444 6.23735 -74.5
    endloop
  endfacet
  facet normal 0.994521 0.104533 0
    outer loop
      vertex 30 0 -69.5
      vertex 29.3444 6.23735 -74.5
      vertex 29.3444 6.23735 -69.5
    endloop
  endfacet
  facet normal 0.994521 0.104533 0
    outer loop
      vertex 29.3444 6.23735 -74.5
      vertex 30 0 -69.5
      vertex 30 0 -74.5
    endloop
  endfacet
  facet normal 0.866024 0.500003 0
    outer loop
      vertex 27.4064 12.2021 -69.5
      vertex 24.2705 17.6336 -74.5
      vertex 24.2705 17.6336 -69.5
    endloop
  endfacet
  facet normal 0.866024 0.500003 0
    outer loop
      vertex 24.2705 17.6336 -74.5
      vertex 27.4064 12.2021 -69.5
      vertex 27.4064 12.2021 -74.5
    endloop
  endfacet
  facet normal 0.95106 -0.309008 0
    outer loop
      vertex 27.4064 -12.2021 -69.5
      vertex 29.3444 -6.23735 -74.5
      vertex 29.3444 -6.23735 -69.5
    endloop
  endfacet
  facet normal 0.95106 -0.309008 0
    outer loop
      vertex 29.3444 -6.23735 -74.5
      vertex 27.4064 -12.2021 -69.5
      vertex 27.4064 -12.2021 -74.5
    endloop
  endfacet
  facet normal -0.587795 0.80901 0
    outer loop
      vertex -15 25.9808 -74.5
      vertex -20.0739 22.2943 -69.5
      vertex -15 25.9808 -69.5
    endloop
  endfacet
  facet normal -0.587795 0.80901 0
    outer loop
      vertex -20.0739 22.2943 -69.5
      vertex -15 25.9808 -74.5
      vertex -20.0739 22.2943 -74.5
    endloop
  endfacet
  facet normal 0.587795 -0.80901 0
    outer loop
      vertex 15 -25.9808 -74.5
      vertex 20.0739 -22.2943 -69.5
      vertex 15 -25.9808 -69.5
    endloop
  endfacet
  facet normal 0.587795 -0.80901 0
    outer loop
      vertex 20.0739 -22.2943 -69.5
      vertex 15 -25.9808 -74.5
      vertex 20.0739 -22.2943 -74.5
    endloop
  endfacet
  facet normal 0.743138 -0.669138 0
    outer loop
      vertex 20.0739 -22.2943 -69.5
      vertex 24.2705 -17.6336 -74.5
      vertex 24.2705 -17.6336 -69.5
    endloop
  endfacet
  facet normal 0.743138 -0.669138 0
    outer loop
      vertex 24.2705 -17.6336 -74.5
      vertex 20.0739 -22.2943 -69.5
      vertex 20.0739 -22.2943 -74.5
    endloop
  endfacet
  facet normal 0.994521 -0.104533 0
    outer loop
      vertex 29.3444 -6.23735 -69.5
      vertex 30 0 -74.5
      vertex 30 0 -69.5
    endloop
  endfacet
  facet normal 0.994521 -0.104533 0
    outer loop
      vertex 30 0 -74.5
      vertex 29.3444 -6.23735 -69.5
      vertex 29.3444 -6.23735 -74.5
    endloop
  endfacet
  facet normal -0.406732 -0.913547 0
    outer loop
      vertex -15 -25.9808 -74.5
      vertex -9.27051 -28.5317 -69.5
      vertex -15 -25.9808 -69.5
    endloop
  endfacet
  facet normal -0.406732 -0.913547 -0
    outer loop
      vertex -9.27051 -28.5317 -69.5
      vertex -15 -25.9808 -74.5
      vertex -9.27051 -28.5317 -74.5
    endloop
  endfacet
  facet normal 0.406732 0.913547 -0
    outer loop
      vertex 15 25.9808 -74.5
      vertex 9.27051 28.5317 -69.5
      vertex 15 25.9808 -69.5
    endloop
  endfacet
  facet normal 0.406732 0.913547 0
    outer loop
      vertex 9.27051 28.5317 -69.5
      vertex 15 25.9808 -74.5
      vertex 9.27051 28.5317 -74.5
    endloop
  endfacet
  facet normal 0.743138 0.669138 0
    outer loop
      vertex 24.2705 17.6336 -69.5
      vertex 20.0739 22.2943 -74.5
      vertex 20.0739 22.2943 -69.5
    endloop
  endfacet
  facet normal 0.743138 0.669138 0
    outer loop
      vertex 20.0739 22.2943 -74.5
      vertex 24.2705 17.6336 -69.5
      vertex 24.2705 17.6336 -74.5
    endloop
  endfacet
  facet normal -0.587795 -0.80901 0
    outer loop
      vertex -20.0739 -22.2943 -74.5
      vertex -15 -25.9808 -69.5
      vertex -20.0739 -22.2943 -69.5
    endloop
  endfacet
  facet normal -0.587795 -0.80901 -0
    outer loop
      vertex -15 -25.9808 -69.5
      vertex -20.0739 -22.2943 -74.5
      vertex -15 -25.9808 -74.5
    endloop
  endfacet
  facet normal -0.743138 0.669138 0
    outer loop
      vertex -24.2705 17.6336 -74.5
      vertex -20.0739 22.2943 -69.5
      vertex -20.0739 22.2943 -74.5
    endloop
  endfacet
  facet normal -0.743138 0.669138 0
    outer loop
      vertex -20.0739 22.2943 -69.5
      vertex -24.2705 17.6336 -74.5
      vertex -24.2705 17.6336 -69.5
    endloop
  endfacet
  facet normal 0 1 -0
    outer loop
      vertex 3.13585 29.8357 -74.5
      vertex -3.13585 29.8357 -69.5
      vertex 3.13585 29.8357 -69.5
    endloop
  endfacet
  facet normal 0 1 0
    outer loop
      vertex -3.13585 29.8357 -69.5
      vertex 3.13585 29.8357 -74.5
      vertex -3.13585 29.8357 -74.5
    endloop
  endfacet
  facet normal 0.406732 -0.913547 0
    outer loop
      vertex 9.27051 -28.5317 -74.5
      vertex 15 -25.9808 -69.5
      vertex 9.27051 -28.5317 -69.5
    endloop
  endfacet
  facet normal 0.406732 -0.913547 0
    outer loop
      vertex 15 -25.9808 -69.5
      vertex 9.27051 -28.5317 -74.5
      vertex 15 -25.9808 -74.5
    endloop
  endfacet
  facet normal 0.207917 -0.978146 0
    outer loop
      vertex 3.13585 -29.8357 -74.5
      vertex 9.27051 -28.5317 -69.5
      vertex 3.13585 -29.8357 -69.5
    endloop
  endfacet
  facet normal 0.207917 -0.978146 0
    outer loop
      vertex 9.27051 -28.5317 -69.5
      vertex 3.13585 -29.8357 -74.5
      vertex 9.27051 -28.5317 -74.5
    endloop
  endfacet
  facet normal -0.95106 0.309008 0
    outer loop
      vertex -29.3444 6.23735 -74.5
      vertex -27.4064 12.2021 -69.5
      vertex -27.4064 12.2021 -74.5
    endloop
  endfacet
  facet normal -0.95106 0.309008 0
    outer loop
      vertex -27.4064 12.2021 -69.5
      vertex -29.3444 6.23735 -74.5
      vertex -29.3444 6.23735 -69.5
    endloop
  endfacet
  facet normal 0 0 -1
    outer loop
      vertex 27.5 0 -74.5
      vertex 30 0 -74.5
      vertex 29.3444 -6.23735 -74.5
    endloop
  endfacet
  facet normal 0 0 -1
    outer loop
      vertex 30 0 -74.5
      vertex 27.5 0 -74.5
      vertex 29.3444 6.23735 -74.5
    endloop
  endfacet
  facet normal 0 0 -1
    outer loop
      vertex 26.8991 -5.71757 -74.5
      vertex 29.3444 -6.23735 -74.5
      vertex 27.4064 -12.2021 -74.5
    endloop
  endfacet
  facet normal 0 0 -1
    outer loop
      vertex 29.3444 -6.23735 -74.5
      vertex 26.8991 -5.71757 -74.5
      vertex 27.5 0 -74.5
    endloop
  endfacet
  facet normal 0 0 -1
    outer loop
      vertex 27.4064 -12.2021 -74.5
      vertex 25.1225 -11.1853 -74.5
      vertex 26.8991 -5.71757 -74.5
    endloop
  endfacet
  facet normal 0 0 -1
    outer loop
      vertex 24.2705 -17.6336 -74.5
      vertex 25.1225 -11.1853 -74.5
      vertex 27.4064 -12.2021 -74.5
    endloop
  endfacet
  facet normal 0 0 -1
    outer loop
      vertex 24.2705 -17.6336 -74.5
      vertex 22.248 -16.1641 -74.5
      vertex 25.1225 -11.1853 -74.5
    endloop
  endfacet
  facet normal 0 0 -1
    outer loop
      vertex 20.0739 -22.2943 -74.5
      vertex 22.248 -16.1641 -74.5
      vertex 24.2705 -17.6336 -74.5
    endloop
  endfacet
  facet normal 0 0 -1
    outer loop
      vertex 20.0739 -22.2943 -74.5
      vertex 18.4011 -20.4365 -74.5
      vertex 22.248 -16.1641 -74.5
    endloop
  endfacet
  facet normal 0 0 -1
    outer loop
      vertex 15 -25.9808 -74.5
      vertex 18.4011 -20.4365 -74.5
      vertex 20.0739 -22.2943 -74.5
    endloop
  endfacet
  facet normal 0 0 -1
    outer loop
      vertex 15 -25.9808 -74.5
      vertex 13.75 -23.8157 -74.5
      vertex 18.4011 -20.4365 -74.5
    endloop
  endfacet
  facet normal 0 0 -1
    outer loop
      vertex 9.27051 -28.5317 -74.5
      vertex 13.75 -23.8157 -74.5
      vertex 15 -25.9808 -74.5
    endloop
  endfacet
  facet normal 0 0 -1
    outer loop
      vertex 9.27051 -28.5317 -74.5
      vertex 8.49797 -26.1541 -74.5
      vertex 13.75 -23.8157 -74.5
    endloop
  endfacet
  facet normal 0 0 -1
    outer loop
      vertex 3.13585 -29.8357 -74.5
      vertex 8.49797 -26.1541 -74.5
      vertex 9.27051 -28.5317 -74.5
    endloop
  endfacet
  facet normal 0 0 -1
    outer loop
      vertex 3.13585 -29.8357 -74.5
      vertex 2.87453 -27.3494 -74.5
      vertex 8.49797 -26.1541 -74.5
    endloop
  endfacet
  facet normal 0 0 -1
    outer loop
      vertex 3.13585 -29.8357 -74.5
      vertex -2.87453 -27.3494 -74.5
      vertex 2.87453 -27.3494 -74.5
    endloop
  endfacet
  facet normal 0 0 -1
    outer loop
      vertex -3.13585 -29.8357 -74.5
      vertex -2.87453 -27.3494 -74.5
      vertex 3.13585 -29.8357 -74.5
    endloop
  endfacet
  facet normal 0 0 -1
    outer loop
      vertex -3.13585 -29.8357 -74.5
      vertex -8.49797 -26.1541 -74.5
      vertex -2.87453 -27.3494 -74.5
    endloop
  endfacet
  facet normal 0 0 -1
    outer loop
      vertex -9.27051 -28.5317 -74.5
      vertex -8.49797 -26.1541 -74.5
      vertex -3.13585 -29.8357 -74.5
    endloop
  endfacet
  facet normal 0 0 -1
    outer loop
      vertex -9.27051 -28.5317 -74.5
      vertex -13.75 -23.8157 -74.5
      vertex -8.49797 -26.1541 -74.5
    endloop
  endfacet
  facet normal 0 0 -1
    outer loop
      vertex -15 -25.9808 -74.5
      vertex -13.75 -23.8157 -74.5
      vertex -9.27051 -28.5317 -74.5
    endloop
  endfacet
  facet normal 0 0 -1
    outer loop
      vertex -15 -25.9808 -74.5
      vertex -18.4011 -20.4365 -74.5
      vertex -13.75 -23.8157 -74.5
    endloop
  endfacet
  facet normal 0 0 -1
    outer loop
      vertex -20.0739 -22.2943 -74.5
      vertex -18.4011 -20.4365 -74.5
      vertex -15 -25.9808 -74.5
    endloop
  endfacet
  facet normal 0 0 -1
    outer loop
      vertex -20.0739 -22.2943 -74.5
      vertex -22.248 -16.1641 -74.5
      vertex -18.4011 -20.4365 -74.5
    endloop
  endfacet
  facet normal 0 0 -1
    outer loop
      vertex -24.2705 -17.6336 -74.5
      vertex -22.248 -16.1641 -74.5
      vertex -20.0739 -22.2943 -74.5
    endloop
  endfacet
  facet normal 0 0 -1
    outer loop
      vertex -24.2705 -17.6336 -74.5
      vertex -25.1225 -11.1853 -74.5
      vertex -22.248 -16.1641 -74.5
    endloop
  endfacet
  facet normal 0 0 -1
    outer loop
      vertex -27.4064 -12.2021 -74.5
      vertex -25.1225 -11.1853 -74.5
      vertex -24.2705 -17.6336 -74.5
    endloop
  endfacet
  facet normal -0 0 -1
    outer loop
      vertex -25.1225 -11.1853 -74.5
      vertex -27.4064 -12.2021 -74.5
      vertex -26.8991 -5.71757 -74.5
    endloop
  endfacet
  facet normal 0 0 -1
    outer loop
      vertex -29.3444 -6.23735 -74.5
      vertex -26.8991 -5.71757 -74.5
      vertex -27.4064 -12.2021 -74.5
    endloop
  endfacet
  facet normal -0 0 -1
    outer loop
      vertex -26.8991 -5.71757 -74.5
      vertex -29.3444 -6.23735 -74.5
      vertex -27.5 0 -74.5
    endloop
  endfacet
  facet normal 0 0 -1
    outer loop
      vertex 26.8991 5.71757 -74.5
      vertex 29.3444 6.23735 -74.5
      vertex 27.5 0 -74.5
    endloop
  endfacet
  facet normal -0 0 -1
    outer loop
      vertex 29.3444 6.23735 -74.5
      vertex 26.8991 5.71757 -74.5
      vertex 27.4064 12.2021 -74.5
    endloop
  endfacet
  facet normal 0 0 -1
    outer loop
      vertex 25.1225 11.1853 -74.5
      vertex 27.4064 12.2021 -74.5
      vertex 26.8991 5.71757 -74.5
    endloop
  endfacet
  facet normal 0 0 -1
    outer loop
      vertex 25.1225 11.1853 -74.5
      vertex 24.2705 17.6336 -74.5
      vertex 27.4064 12.2021 -74.5
    endloop
  endfacet
  facet normal 0 0 -1
    outer loop
      vertex 22.248 16.1641 -74.5
      vertex 24.2705 17.6336 -74.5
      vertex 25.1225 11.1853 -74.5
    endloop
  endfacet
  facet normal 0 0 -1
    outer loop
      vertex 22.248 16.1641 -74.5
      vertex 20.0739 22.2943 -74.5
      vertex 24.2705 17.6336 -74.5
    endloop
  endfacet
  facet normal 0 0 -1
    outer loop
      vertex 18.4011 20.4365 -74.5
      vertex 20.0739 22.2943 -74.5
      vertex 22.248 16.1641 -74.5
    endloop
  endfacet
  facet normal 0 0 -1
    outer loop
      vertex 18.4011 20.4365 -74.5
      vertex 15 25.9808 -74.5
      vertex 20.0739 22.2943 -74.5
    endloop
  endfacet
  facet normal 0 0 -1
    outer loop
      vertex 13.75 23.8157 -74.5
      vertex 15 25.9808 -74.5
      vertex 18.4011 20.4365 -74.5
    endloop
  endfacet
  facet normal 0 0 -1
    outer loop
      vertex 13.75 23.8157 -74.5
      vertex 9.27051 28.5317 -74.5
      vertex 15 25.9808 -74.5
    endloop
  endfacet
  facet normal 0 0 -1
    outer loop
      vertex 8.49797 26.1541 -74.5
      vertex 9.27051 28.5317 -74.5
      vertex 13.75 23.8157 -74.5
    endloop
  endfacet
  facet normal 0 0 -1
    outer loop
      vertex 8.49797 26.1541 -74.5
      vertex 3.13585 29.8357 -74.5
      vertex 9.27051 28.5317 -74.5
    endloop
  endfacet
  facet normal 0 0 -1
    outer loop
      vertex 2.87453 27.3494 -74.5
      vertex 3.13585 29.8357 -74.5
      vertex 8.49797 26.1541 -74.5
    endloop
  endfacet
  facet normal 0 0 -1
    outer loop
      vertex -2.87453 27.3494 -74.5
      vertex 3.13585 29.8357 -74.5
      vertex 2.87453 27.3494 -74.5
    endloop
  endfacet
  facet normal 0 0 -1
    outer loop
      vertex -2.87453 27.3494 -74.5
      vertex -3.13585 29.8357 -74.5
      vertex 3.13585 29.8357 -74.5
    endloop
  endfacet
  facet normal 0 0 -1
    outer loop
      vertex -8.49797 26.1541 -74.5
      vertex -3.13585 29.8357 -74.5
      vertex -2.87453 27.3494 -74.5
    endloop
  endfacet
  facet normal 0 0 -1
    outer loop
      vertex -8.49797 26.1541 -74.5
      vertex -9.27051 28.5317 -74.5
      vertex -3.13585 29.8357 -74.5
    endloop
  endfacet
  facet normal 0 0 -1
    outer loop
      vertex -13.75 23.8157 -74.5
      vertex -9.27051 28.5317 -74.5
      vertex -8.49797 26.1541 -74.5
    endloop
  endfacet
  facet normal 0 0 -1
    outer loop
      vertex -13.75 23.8157 -74.5
      vertex -15 25.9808 -74.5
      vertex -9.27051 28.5317 -74.5
    endloop
  endfacet
  facet normal 0 0 -1
    outer loop
      vertex -18.4011 20.4365 -74.5
      vertex -15 25.9808 -74.5
      vertex -13.75 23.8157 -74.5
    endloop
  endfacet
  facet normal 0 0 -1
    outer loop
      vertex -18.4011 20.4365 -74.5
      vertex -20.0739 22.2943 -74.5
      vertex -15 25.9808 -74.5
    endloop
  endfacet
  facet normal 0 0 -1
    outer loop
      vertex -22.248 16.1641 -74.5
      vertex -20.0739 22.2943 -74.5
      vertex -18.4011 20.4365 -74.5
    endloop
  endfacet
  facet normal 0 0 -1
    outer loop
      vertex -22.248 16.1641 -74.5
      vertex -24.2705 17.6336 -74.5
      vertex -20.0739 22.2943 -74.5
    endloop
  endfacet
  facet normal 0 0 -1
    outer loop
      vertex -25.1225 11.1853 -74.5
      vertex -24.2705 17.6336 -74.5
      vertex -22.248 16.1641 -74.5
    endloop
  endfacet
  facet normal 0 0 -1
    outer loop
      vertex -27.4064 12.2021 -74.5
      vertex -25.1225 11.1853 -74.5
      vertex -26.8991 5.71757 -74.5
    endloop
  endfacet
  facet normal 0 0 -1
    outer loop
      vertex -25.1225 11.1853 -74.5
      vertex -27.4064 12.2021 -74.5
      vertex -24.2705 17.6336 -74.5
    endloop
  endfacet
  facet normal 0 0 -1
    outer loop
      vertex -29.3444 6.23735 -74.5
      vertex -26.8991 5.71757 -74.5
      vertex -27.5 0 -74.5
    endloop
  endfacet
  facet normal 0 0 -1
    outer loop
      vertex -30 0 -74.5
      vertex -27.5 0 -74.5
      vertex -29.3444 -6.23735 -74.5
    endloop
  endfacet
  facet normal 0 0 -1
    outer loop
      vertex -26.8991 5.71757 -74.5
      vertex -29.3444 6.23735 -74.5
      vertex -27.4064 12.2021 -74.5
    endloop
  endfacet
  facet normal 0 0 -1
    outer loop
      vertex -27.5 0 -74.5
      vertex -30 0 -74.5
      vertex -29.3444 6.23735 -74.5
    endloop
  endfacet
  facet normal -0.95106 -0.309008 0
    outer loop
      vertex -27.4064 -12.2021 -74.5
      vertex -29.3444 -6.23735 -69.5
      vertex -29.3444 -6.23735 -74.5
    endloop
  endfacet
  facet normal -0.95106 -0.309008 0
    outer loop
      vertex -29.3444 -6.23735 -69.5
      vertex -27.4064 -12.2021 -74.5
      vertex -27.4064 -12.2021 -69.5
    endloop
  endfacet
  facet normal -0.406732 0.913547 0
    outer loop
      vertex -9.27051 28.5317 -74.5
      vertex -15 25.9808 -69.5
      vertex -9.27051 28.5317 -69.5
    endloop
  endfacet
  facet normal -0.406732 0.913547 0
    outer loop
      vertex -15 25.9808 -69.5
      vertex -9.27051 28.5317 -74.5
      vertex -15 25.9808 -74.5
    endloop
  endfacet
  facet normal -0 0 1
    outer loop
      vertex -24.2705 -17.6336 -69.5
      vertex -14.2678 -19.8829 -69.5
      vertex -23.2322 -1.76777 -69.5
    endloop
  endfacet
  facet normal 0 0 1
    outer loop
      vertex -14.2678 -19.8829 -69.5
      vertex -24.2705 -17.6336 -69.5
      vertex -20.0739 -22.2943 -69.5
    endloop
  endfacet
  facet normal 0 0 1
    outer loop
      vertex -27.4064 -12.2021 -69.5
      vertex -23.2322 -1.76777 -69.5
      vertex -25 -2.5 -69.5
    endloop
  endfacet
  facet normal 0 0 1
    outer loop
      vertex -29.3444 -6.23735 -69.5
      vertex -25 -2.5 -69.5
      vertex -26.7678 -1.76777 -69.5
    endloop
  endfacet
  facet normal 0 0 1
    outer loop
      vertex -23.2322 -1.76777 -69.5
      vertex -27.4064 -12.2021 -69.5
      vertex -24.2705 -17.6336 -69.5
    endloop
  endfacet
  facet normal -0 0 1
    outer loop
      vertex -30 0 -69.5
      vertex -26.7678 -1.76777 -69.5
      vertex -27.5 0 -69.5
    endloop
  endfacet
  facet normal 0 0 1
    outer loop
      vertex -26.7678 1.76777 -69.5
      vertex -30 0 -69.5
      vertex -27.5 0 -69.5
    endloop
  endfacet
  facet normal 0 0 1
    outer loop
      vertex -25 -2.5 -69.5
      vertex -29.3444 -6.23735 -69.5
      vertex -27.4064 -12.2021 -69.5
    endloop
  endfacet
  facet normal 0 0 1
    outer loop
      vertex -26.7678 -1.76777 -69.5
      vertex -30 0 -69.5
      vertex -29.3444 -6.23735 -69.5
    endloop
  endfacet
  facet normal 0 0 1
    outer loop
      vertex -14.2678 19.8829 -69.5
      vertex -8.09017 5.87785 -69.5
      vertex -12.5 19.1506 -69.5
    endloop
  endfacet
  facet normal 0 0 1
    outer loop
      vertex -8.09017 5.87785 -69.5
      vertex -23.2322 1.76777 -69.5
      vertex -9.13545 4.06737 -69.5
    endloop
  endfacet
  facet normal 0 0 1
    outer loop
      vertex -9.13545 4.06737 -69.5
      vertex -23.2322 1.76777 -69.5
      vertex -9.78148 2.07912 -69.5
    endloop
  endfacet
  facet normal 0 0 1
    outer loop
      vertex -10 0 -69.5
      vertex -10.7322 -19.8829 -69.5
      vertex -10 -21.6506 -69.5
    endloop
  endfacet
  facet normal 0 -0 1
    outer loop
      vertex -22.5 0 -69.5
      vertex -9.78148 2.07912 -69.5
      vertex -23.2322 1.76777 -69.5
    endloop
  endfacet
  facet normal 0 0 1
    outer loop
      vertex -23.2322 -1.76777 -69.5
      vertex -10 0 -69.5
      vertex -22.5 0 -69.5
    endloop
  endfacet
  facet normal 0 0 1
    outer loop
      vertex -8.09017 5.87785 -69.5
      vertex -14.2678 19.8829 -69.5
      vertex -23.2322 1.76777 -69.5
    endloop
  endfacet
  facet normal 0 0 1
    outer loop
      vertex -10 0 -69.5
      vertex -12.5 -19.1506 -69.5
      vertex -10.7322 -19.8829 -69.5
    endloop
  endfacet
  facet normal 0 0 1
    outer loop
      vertex -20.0739 22.2943 -69.5
      vertex -14.2678 19.8829 -69.5
      vertex -15 21.6506 -69.5
    endloop
  endfacet
  facet normal 0 0 1
    outer loop
      vertex -10 0 -69.5
      vertex -23.2322 -1.76777 -69.5
      vertex -12.5 -19.1506 -69.5
    endloop
  endfacet
  facet normal -0 -0 1
    outer loop
      vertex 9.78148 2.07912 -69.5
      vertex 23.2322 1.76777 -69.5
      vertex 9.13545 4.06737 -69.5
    endloop
  endfacet
  facet normal 0 0 1
    outer loop
      vertex 22.5 0 -69.5
      vertex 14.2678 -19.8829 -69.5
      vertex 15 -21.6506 -69.5
    endloop
  endfacet
  facet normal 0 0 1
    outer loop
      vertex 8.09017 5.87785 -69.5
      vertex 14.2678 19.8829 -69.5
      vertex 12.5 19.1506 -69.5
    endloop
  endfacet
  facet normal 0 0 1
    outer loop
      vertex 9.78148 -2.07912 -69.5
      vertex 22.5 0 -69.5
      vertex 10 0 -69.5
    endloop
  endfacet
  facet normal 0 0 1
    outer loop
      vertex 5 8.66025 -69.5
      vertex 12.5 19.1506 -69.5
      vertex 10.7322 19.8829 -69.5
    endloop
  endfacet
  facet normal 0 0 1
    outer loop
      vertex 9.13545 -4.06737 -69.5
      vertex 22.5 0 -69.5
      vertex 9.78148 -2.07912 -69.5
    endloop
  endfacet
  facet normal 0 0 1
    outer loop
      vertex 1.04528 9.94522 -69.5
      vertex 10.7322 19.8829 -69.5
      vertex 10 21.6506 -69.5
    endloop
  endfacet
  facet normal 0 0 1
    outer loop
      vertex 22.5 0 -69.5
      vertex 9.13545 -4.06737 -69.5
      vertex 14.2678 -19.8829 -69.5
    endloop
  endfacet
  facet normal -0 0 1
    outer loop
      vertex 8.09017 -5.87785 -69.5
      vertex 14.2678 -19.8829 -69.5
      vertex 9.13545 -4.06737 -69.5
    endloop
  endfacet
  facet normal 0 0 1
    outer loop
      vertex 14.2678 -19.8829 -69.5
      vertex 8.09017 -5.87785 -69.5
      vertex 12.5 -19.1506 -69.5
    endloop
  endfacet
  facet normal 0 0 1
    outer loop
      vertex 20.0739 22.2943 -69.5
      vertex 14.2678 23.4184 -69.5
      vertex 15 21.6506 -69.5
    endloop
  endfacet
  facet normal 0 0 1
    outer loop
      vertex 15 25.9808 -69.5
      vertex 12.5 24.1506 -69.5
      vertex 14.2678 23.4184 -69.5
    endloop
  endfacet
  facet normal 0 0 1
    outer loop
      vertex 9.27051 28.5317 -69.5
      vertex 12.5 24.1506 -69.5
      vertex 15 25.9808 -69.5
    endloop
  endfacet
  facet normal 0 0 1
    outer loop
      vertex 22.5 0 -69.5
      vertex 9.78148 2.07912 -69.5
      vertex 10 0 -69.5
    endloop
  endfacet
  facet normal 0 0 1
    outer loop
      vertex 12.5 24.1506 -69.5
      vertex 9.27051 28.5317 -69.5
      vertex 10.7322 23.4184 -69.5
    endloop
  endfacet
  facet normal 0 0 1
    outer loop
      vertex 9.27051 28.5317 -69.5
      vertex 10 21.6506 -69.5
      vertex 10.7322 23.4184 -69.5
    endloop
  endfacet
  facet normal 0 0 1
    outer loop
      vertex 3.13585 29.8357 -69.5
      vertex 10 21.6506 -69.5
      vertex 9.27051 28.5317 -69.5
    endloop
  endfacet
  facet normal 0 0 1
    outer loop
      vertex 23.2322 1.76777 -69.5
      vertex 9.78148 2.07912 -69.5
      vertex 22.5 0 -69.5
    endloop
  endfacet
  facet normal 0 0 1
    outer loop
      vertex 14.2678 19.8829 -69.5
      vertex 8.09017 5.87785 -69.5
      vertex 9.13545 4.06737 -69.5
    endloop
  endfacet
  facet normal 0 0 1
    outer loop
      vertex 12.5 19.1506 -69.5
      vertex 6.69131 7.43145 -69.5
      vertex 8.09017 5.87785 -69.5
    endloop
  endfacet
  facet normal 0 0 1
    outer loop
      vertex 12.5 19.1506 -69.5
      vertex 5 8.66025 -69.5
      vertex 6.69131 7.43145 -69.5
    endloop
  endfacet
  facet normal 0 0 1
    outer loop
      vertex -10 21.6506 -69.5
      vertex 10 21.6506 -69.5
      vertex 3.13585 29.8357 -69.5
    endloop
  endfacet
  facet normal 0 0 1
    outer loop
      vertex 10.7322 19.8829 -69.5
      vertex 3.09017 9.51056 -69.5
      vertex 5 8.66025 -69.5
    endloop
  endfacet
  facet normal 0 0 1
    outer loop
      vertex 10.7322 19.8829 -69.5
      vertex 1.04528 9.94522 -69.5
      vertex 3.09017 9.51056 -69.5
    endloop
  endfacet
  facet normal 0 0 1
    outer loop
      vertex 10 21.6506 -69.5
      vertex -1.04528 9.94522 -69.5
      vertex 1.04528 9.94522 -69.5
    endloop
  endfacet
  facet normal 0 0 1
    outer loop
      vertex 10 21.6506 -69.5
      vertex -10 21.6506 -69.5
      vertex -1.04528 9.94522 -69.5
    endloop
  endfacet
  facet normal 0 0 1
    outer loop
      vertex -10 21.6506 -69.5
      vertex 3.13585 29.8357 -69.5
      vertex -3.13585 29.8357 -69.5
    endloop
  endfacet
  facet normal -0 0 1
    outer loop
      vertex -10.7322 19.8829 -69.5
      vertex -1.04528 9.94522 -69.5
      vertex -10 21.6506 -69.5
    endloop
  endfacet
  facet normal 0 0 1
    outer loop
      vertex -1.04528 9.94522 -69.5
      vertex -10.7322 19.8829 -69.5
      vertex -3.09017 9.51056 -69.5
    endloop
  endfacet
  facet normal 0 0 1
    outer loop
      vertex -3.09017 9.51056 -69.5
      vertex -10.7322 19.8829 -69.5
      vertex -5 8.66025 -69.5
    endloop
  endfacet
  facet normal -0 0 1
    outer loop
      vertex -12.5 19.1506 -69.5
      vertex -5 8.66025 -69.5
      vertex -10.7322 19.8829 -69.5
    endloop
  endfacet
  facet normal 0 0 1
    outer loop
      vertex -10 21.6506 -69.5
      vertex -3.13585 29.8357 -69.5
      vertex -9.27051 28.5317 -69.5
    endloop
  endfacet
  facet normal 0 0 1
    outer loop
      vertex -5 8.66025 -69.5
      vertex -12.5 19.1506 -69.5
      vertex -6.69131 7.43145 -69.5
    endloop
  endfacet
  facet normal 0 0 1
    outer loop
      vertex -6.69131 7.43145 -69.5
      vertex -12.5 19.1506 -69.5
      vertex -8.09017 5.87785 -69.5
    endloop
  endfacet
  facet normal 0 0 1
    outer loop
      vertex -9.27051 28.5317 -69.5
      vertex -10.7322 23.4184 -69.5
      vertex -10 21.6506 -69.5
    endloop
  endfacet
  facet normal 0 0 1
    outer loop
      vertex -9.27051 28.5317 -69.5
      vertex -12.5 24.1506 -69.5
      vertex -10.7322 23.4184 -69.5
    endloop
  endfacet
  facet normal -0 0 1
    outer loop
      vertex -15 25.9808 -69.5
      vertex -12.5 24.1506 -69.5
      vertex -9.27051 28.5317 -69.5
    endloop
  endfacet
  facet normal 0 0 1
    outer loop
      vertex -12.5 24.1506 -69.5
      vertex -15 25.9808 -69.5
      vertex -14.2678 23.4184 -69.5
    endloop
  endfacet
  facet normal 0 0 1
    outer loop
      vertex -20.0739 22.2943 -69.5
      vertex -14.2678 23.4184 -69.5
      vertex -15 25.9808 -69.5
    endloop
  endfacet
  facet normal 0 0 1
    outer loop
      vertex -14.2678 23.4184 -69.5
      vertex -20.0739 22.2943 -69.5
      vertex -15 21.6506 -69.5
    endloop
  endfacet
  facet normal 0 0 1
    outer loop
      vertex -12.5 -19.1506 -69.5
      vertex -23.2322 -1.76777 -69.5
      vertex -14.2678 -19.8829 -69.5
    endloop
  endfacet
  facet normal 0 0 1
    outer loop
      vertex -14.2678 19.8829 -69.5
      vertex -20.0739 22.2943 -69.5
      vertex -24.2705 17.6336 -69.5
    endloop
  endfacet
  facet normal 0 0 1
    outer loop
      vertex -14.2678 -19.8829 -69.5
      vertex -20.0739 -22.2943 -69.5
      vertex -15 -21.6506 -69.5
    endloop
  endfacet
  facet normal 0 0 1
    outer loop
      vertex -15 -21.6506 -69.5
      vertex -20.0739 -22.2943 -69.5
      vertex -15 -25.9808 -69.5
    endloop
  endfacet
  facet normal 0 0 1
    outer loop
      vertex -9.78148 2.07912 -69.5
      vertex -22.5 0 -69.5
      vertex -10 0 -69.5
    endloop
  endfacet
  facet normal 0 0 1
    outer loop
      vertex -14.2678 19.8829 -69.5
      vertex -24.2705 17.6336 -69.5
      vertex -23.2322 1.76777 -69.5
    endloop
  endfacet
  facet normal -0 0 1
    outer loop
      vertex -27.4064 12.2021 -69.5
      vertex -23.2322 1.76777 -69.5
      vertex -24.2705 17.6336 -69.5
    endloop
  endfacet
  facet normal 0 0 1
    outer loop
      vertex -23.2322 1.76777 -69.5
      vertex -27.4064 12.2021 -69.5
      vertex -25 2.5 -69.5
    endloop
  endfacet
  facet normal -0 0 1
    outer loop
      vertex -29.3444 6.23735 -69.5
      vertex -25 2.5 -69.5
      vertex -27.4064 12.2021 -69.5
    endloop
  endfacet
  facet normal 0 0 1
    outer loop
      vertex -25 2.5 -69.5
      vertex -29.3444 6.23735 -69.5
      vertex -26.7678 1.76777 -69.5
    endloop
  endfacet
  facet normal 0 0 1
    outer loop
      vertex -30 0 -69.5
      vertex -26.7678 1.76777 -69.5
      vertex -29.3444 6.23735 -69.5
    endloop
  endfacet
  facet normal -0 0 1
    outer loop
      vertex 26.7678 1.76777 -69.5
      vertex 30 0 -69.5
      vertex 29.3444 6.23735 -69.5
    endloop
  endfacet
  facet normal 0 0 1
    outer loop
      vertex 26.7678 -1.76777 -69.5
      vertex 30 0 -69.5
      vertex 27.5 0 -69.5
    endloop
  endfacet
  facet normal 0 0 1
    outer loop
      vertex 25 2.5 -69.5
      vertex 29.3444 6.23735 -69.5
      vertex 27.4064 12.2021 -69.5
    endloop
  endfacet
  facet normal 0 0 1
    outer loop
      vertex 30 0 -69.5
      vertex 26.7678 1.76777 -69.5
      vertex 27.5 0 -69.5
    endloop
  endfacet
  facet normal 0 0 1
    outer loop
      vertex 29.3444 6.23735 -69.5
      vertex 25 2.5 -69.5
      vertex 26.7678 1.76777 -69.5
    endloop
  endfacet
  facet normal 0 0 1
    outer loop
      vertex 23.2322 1.76777 -69.5
      vertex 27.4064 12.2021 -69.5
      vertex 24.2705 17.6336 -69.5
    endloop
  endfacet
  facet normal 0 0 1
    outer loop
      vertex 27.4064 12.2021 -69.5
      vertex 23.2322 1.76777 -69.5
      vertex 25 2.5 -69.5
    endloop
  endfacet
  facet normal 0 0 1
    outer loop
      vertex 20.0739 22.2943 -69.5
      vertex 14.2678 19.8829 -69.5
      vertex 24.2705 17.6336 -69.5
    endloop
  endfacet
  facet normal 0 0 1
    outer loop
      vertex 14.2678 19.8829 -69.5
      vertex 20.0739 22.2943 -69.5
      vertex 15 21.6506 -69.5
    endloop
  endfacet
  facet normal 0 0 1
    outer loop
      vertex 30 0 -69.5
      vertex 26.7678 -1.76777 -69.5
      vertex 29.3444 -6.23735 -69.5
    endloop
  endfacet
  facet normal -0 0 1
    outer loop
      vertex 25 -2.5 -69.5
      vertex 29.3444 -6.23735 -69.5
      vertex 26.7678 -1.76777 -69.5
    endloop
  endfacet
  facet normal 0 0 1
    outer loop
      vertex 29.3444 -6.23735 -69.5
      vertex 25 -2.5 -69.5
      vertex 27.4064 -12.2021 -69.5
    endloop
  endfacet
  facet normal 0 0 1
    outer loop
      vertex 23.2322 -1.76777 -69.5
      vertex 27.4064 -12.2021 -69.5
      vertex 25 -2.5 -69.5
    endloop
  endfacet
  facet normal 0 0 1
    outer loop
      vertex 27.4064 -12.2021 -69.5
      vertex 23.2322 -1.76777 -69.5
      vertex 24.2705 -17.6336 -69.5
    endloop
  endfacet
  facet normal 0 0 1
    outer loop
      vertex 15 -21.6506 -69.5
      vertex 23.2322 -1.76777 -69.5
      vertex 22.5 0 -69.5
    endloop
  endfacet
  facet normal 0 0 1
    outer loop
      vertex 24.2705 17.6336 -69.5
      vertex 14.2678 19.8829 -69.5
      vertex 23.2322 1.76777 -69.5
    endloop
  endfacet
  facet normal -0 0 1
    outer loop
      vertex 9.13545 4.06737 -69.5
      vertex 23.2322 1.76777 -69.5
      vertex 14.2678 19.8829 -69.5
    endloop
  endfacet
  facet normal -0 0 1
    outer loop
      vertex 14.2678 23.4184 -69.5
      vertex 20.0739 22.2943 -69.5
      vertex 15 25.9808 -69.5
    endloop
  endfacet
  facet normal 0 0 1
    outer loop
      vertex 23.2322 -1.76777 -69.5
      vertex 15 -21.6506 -69.5
      vertex 24.2705 -17.6336 -69.5
    endloop
  endfacet
  facet normal 0 0 1
    outer loop
      vertex 24.2705 -17.6336 -69.5
      vertex 15 -21.6506 -69.5
      vertex 20.0739 -22.2943 -69.5
    endloop
  endfacet
  facet normal 0 0 1
    outer loop
      vertex 14.2678 -23.4184 -69.5
      vertex 20.0739 -22.2943 -69.5
      vertex 15 -21.6506 -69.5
    endloop
  endfacet
  facet normal 0 0 1
    outer loop
      vertex 20.0739 -22.2943 -69.5
      vertex 14.2678 -23.4184 -69.5
      vertex 15 -25.9808 -69.5
    endloop
  endfacet
  facet normal -0 0 1
    outer loop
      vertex 12.5 -24.1506 -69.5
      vertex 15 -25.9808 -69.5
      vertex 14.2678 -23.4184 -69.5
    endloop
  endfacet
  facet normal 0 0 1
    outer loop
      vertex 9.27051 -28.5317 -69.5
      vertex 12.5 -24.1506 -69.5
      vertex 10.7322 -23.4184 -69.5
    endloop
  endfacet
  facet normal 0 0 1
    outer loop
      vertex 12.5 -24.1506 -69.5
      vertex 9.27051 -28.5317 -69.5
      vertex 15 -25.9808 -69.5
    endloop
  endfacet
  facet normal 0 0 1
    outer loop
      vertex 10 -21.6506 -69.5
      vertex 9.27051 -28.5317 -69.5
      vertex 10.7322 -23.4184 -69.5
    endloop
  endfacet
  facet normal -0 0 1
    outer loop
      vertex 6.69131 -7.43145 -69.5
      vertex 12.5 -19.1506 -69.5
      vertex 8.09017 -5.87785 -69.5
    endloop
  endfacet
  facet normal -0 0 1
    outer loop
      vertex 5 -8.66025 -69.5
      vertex 12.5 -19.1506 -69.5
      vertex 6.69131 -7.43145 -69.5
    endloop
  endfacet
  facet normal 0 0 1
    outer loop
      vertex 12.5 -19.1506 -69.5
      vertex 5 -8.66025 -69.5
      vertex 10.7322 -19.8829 -69.5
    endloop
  endfacet
  facet normal -0 0 1
    outer loop
      vertex 3.09017 -9.51056 -69.5
      vertex 10.7322 -19.8829 -69.5
      vertex 5 -8.66025 -69.5
    endloop
  endfacet
  facet normal -0 0 1
    outer loop
      vertex 1.04528 -9.94522 -69.5
      vertex 10.7322 -19.8829 -69.5
      vertex 3.09017 -9.51056 -69.5
    endloop
  endfacet
  facet normal 0 0 1
    outer loop
      vertex 10.7322 -19.8829 -69.5
      vertex 1.04528 -9.94522 -69.5
      vertex 10 -21.6506 -69.5
    endloop
  endfacet
  facet normal 0 0 1
    outer loop
      vertex 10 -21.6506 -69.5
      vertex 3.13585 -29.8357 -69.5
      vertex 9.27051 -28.5317 -69.5
    endloop
  endfacet
  facet normal -0 0 1
    outer loop
      vertex -1.04528 -9.94522 -69.5
      vertex 10 -21.6506 -69.5
      vertex 1.04528 -9.94522 -69.5
    endloop
  endfacet
  facet normal 0 0 1
    outer loop
      vertex -10 -21.6506 -69.5
      vertex 10 -21.6506 -69.5
      vertex -1.04528 -9.94522 -69.5
    endloop
  endfacet
  facet normal 0 0 1
    outer loop
      vertex -10 -21.6506 -69.5
      vertex -1.04528 -9.94522 -69.5
      vertex -3.09017 -9.51056 -69.5
    endloop
  endfacet
  facet normal 0 0 1
    outer loop
      vertex 10 -21.6506 -69.5
      vertex -10 -21.6506 -69.5
      vertex 3.13585 -29.8357 -69.5
    endloop
  endfacet
  facet normal 0 0 1
    outer loop
      vertex -10 -21.6506 -69.5
      vertex -3.09017 -9.51056 -69.5
      vertex -5 -8.66025 -69.5
    endloop
  endfacet
  facet normal 0 0 1
    outer loop
      vertex -10 -21.6506 -69.5
      vertex -5 -8.66025 -69.5
      vertex -6.69131 -7.43145 -69.5
    endloop
  endfacet
  facet normal 0 0 1
    outer loop
      vertex -10 -21.6506 -69.5
      vertex -6.69131 -7.43145 -69.5
      vertex -8.09017 -5.87785 -69.5
    endloop
  endfacet
  facet normal 0 0 1
    outer loop
      vertex -10 -21.6506 -69.5
      vertex -8.09017 -5.87785 -69.5
      vertex -9.13545 -4.06737 -69.5
    endloop
  endfacet
  facet normal 0 0 1
    outer loop
      vertex 3.13585 -29.8357 -69.5
      vertex -10 -21.6506 -69.5
      vertex -3.13585 -29.8357 -69.5
    endloop
  endfacet
  facet normal 0 0 1
    outer loop
      vertex -10 -21.6506 -69.5
      vertex -9.13545 -4.06737 -69.5
      vertex -9.78148 -2.07912 -69.5
    endloop
  endfacet
  facet normal 0 0 1
    outer loop
      vertex -10 -21.6506 -69.5
      vertex -9.78148 -2.07912 -69.5
      vertex -10 0 -69.5
    endloop
  endfacet
  facet normal 0 0 1
    outer loop
      vertex -3.13585 -29.8357 -69.5
      vertex -10 -21.6506 -69.5
      vertex -9.27051 -28.5317 -69.5
    endloop
  endfacet
  facet normal -0 0 1
    outer loop
      vertex -10.7322 -23.4184 -69.5
      vertex -9.27051 -28.5317 -69.5
      vertex -10 -21.6506 -69.5
    endloop
  endfacet
  facet normal -0 0 1
    outer loop
      vertex -12.5 -24.1506 -69.5
      vertex -9.27051 -28.5317 -69.5
      vertex -10.7322 -23.4184 -69.5
    endloop
  endfacet
  facet normal 0 0 1
    outer loop
      vertex -15 -25.9808 -69.5
      vertex -12.5 -24.1506 -69.5
      vertex -14.2678 -23.4184 -69.5
    endloop
  endfacet
  facet normal 0 0 1
    outer loop
      vertex -12.5 -24.1506 -69.5
      vertex -15 -25.9808 -69.5
      vertex -9.27051 -28.5317 -69.5
    endloop
  endfacet
  facet normal 0 0 1
    outer loop
      vertex -15 -25.9808 -69.5
      vertex -14.2678 -23.4184 -69.5
      vertex -15 -21.6506 -69.5
    endloop
  endfacet
  facet normal -0.207917 -0.978146 0
    outer loop
      vertex -9.27051 -28.5317 -74.5
      vertex -3.13585 -29.8357 -69.5
      vertex -9.27051 -28.5317 -69.5
    endloop
  endfacet
  facet normal -0.207917 -0.978146 -0
    outer loop
      vertex -3.13585 -29.8357 -69.5
      vertex -9.27051 -28.5317 -74.5
      vertex -3.13585 -29.8357 -74.5
    endloop
  endfacet
  facet normal 0.207917 0.978146 -0
    outer loop
      vertex 9.27051 28.5317 -74.5
      vertex 3.13585 29.8357 -69.5
      vertex 9.27051 28.5317 -69.5
    endloop
  endfacet
  facet normal 0.207917 0.978146 0
    outer loop
      vertex 3.13585 29.8357 -69.5
      vertex 9.27051 28.5317 -74.5
      vertex 3.13585 29.8357 -74.5
    endloop
  endfacet
  facet normal -0.994521 -0.104533 0
    outer loop
      vertex -29.3444 -6.23735 -74.5
      vertex -30 0 -69.5
      vertex -30 0 -74.5
    endloop
  endfacet
  facet normal -0.994521 -0.104533 0
    outer loop
      vertex -30 0 -69.5
      vertex -29.3444 -6.23735 -74.5
      vertex -29.3444 -6.23735 -69.5
    endloop
  endfacet
  facet normal -0.994521 0.104533 0
    outer loop
      vertex -30 0 -74.5
      vertex -29.3444 6.23735 -69.5
      vertex -29.3444 6.23735 -74.5
    endloop
  endfacet
  facet normal -0.994521 0.104533 0
    outer loop
      vertex -29.3444 6.23735 -69.5
      vertex -30 0 -74.5
      vertex -30 0 -69.5
    endloop
  endfacet
  facet normal -0.866024 -0.500003 0
    outer loop
      vertex -24.2705 -17.6336 -74.5
      vertex -27.4064 -12.2021 -69.5
      vertex -27.4064 -12.2021 -74.5
    endloop
  endfacet
  facet normal -0.866024 -0.500003 0
    outer loop
      vertex -27.4064 -12.2021 -69.5
      vertex -24.2705 -17.6336 -74.5
      vertex -24.2705 -17.6336 -69.5
    endloop
  endfacet
  facet normal -0.866024 0.500003 0
    outer loop
      vertex -27.4064 12.2021 -74.5
      vertex -24.2705 17.6336 -69.5
      vertex -24.2705 17.6336 -74.5
    endloop
  endfacet
  facet normal -0.866024 0.500003 0
    outer loop
      vertex -24.2705 17.6336 -69.5
      vertex -27.4064 12.2021 -74.5
      vertex -27.4064 12.2021 -69.5
    endloop
  endfacet
  facet normal 0.866024 -0.500003 0
    outer loop
      vertex 24.2705 -17.6336 -69.5
      vertex 27.4064 -12.2021 -74.5
      vertex 27.4064 -12.2021 -69.5
    endloop
  endfacet
  facet normal 0.866024 -0.500003 0
    outer loop
      vertex 27.4064 -12.2021 -74.5
      vertex 24.2705 -17.6336 -69.5
      vertex 24.2705 -17.6336 -74.5
    endloop
  endfacet
  facet normal 0.587795 0.80901 -0
    outer loop
      vertex 20.0739 22.2943 -74.5
      vertex 15 25.9808 -69.5
      vertex 20.0739 22.2943 -69.5
    endloop
  endfacet
  facet normal 0.587795 0.80901 0
    outer loop
      vertex 15 25.9808 -69.5
      vertex 20.0739 22.2943 -74.5
      vertex 15 25.9808 -74.5
    endloop
  endfacet
  facet normal -0.207917 0.978146 0
    outer loop
      vertex -3.13585 29.8357 -74.5
      vertex -9.27051 28.5317 -69.5
      vertex -3.13585 29.8357 -69.5
    endloop
  endfacet
  facet normal -0.207917 0.978146 0
    outer loop
      vertex -9.27051 28.5317 -69.5
      vertex -3.13585 29.8357 -74.5
      vertex -9.27051 28.5317 -74.5
    endloop
  endfacet
  facet normal 0 -1 0
    outer loop
      vertex -3.13585 -29.8357 -74.5
      vertex 3.13585 -29.8357 -69.5
      vertex -3.13585 -29.8357 -69.5
    endloop
  endfacet
  facet normal 0 -1 -0
    outer loop
      vertex 3.13585 -29.8357 -69.5
      vertex -3.13585 -29.8357 -74.5
      vertex 3.13585 -29.8357 -74.5
    endloop
  endfacet
  facet normal -0.207912 -0.978148 0
    outer loop
      vertex -8.49797 -26.1541 -76.5
      vertex -2.87453 -27.3494 -74.5
      vertex -8.49797 -26.1541 -74.5
    endloop
  endfacet
  facet normal -0.207912 -0.978148 -0
    outer loop
      vertex -2.87453 -27.3494 -74.5
      vertex -8.49797 -26.1541 -76.5
      vertex -2.87453 -27.3494 -76.5
    endloop
  endfacet
  facet normal 0.951055 0.309021 0
    outer loop
      vertex 26.8991 5.71757 -74.5
      vertex 25.1225 11.1853 -76.5
      vertex 25.1225 11.1853 -74.5
    endloop
  endfacet
  facet normal 0.951055 0.309021 0
    outer loop
      vertex 25.1225 11.1853 -76.5
      vertex 26.8991 5.71757 -74.5
      vertex 26.8991 5.71757 -76.5
    endloop
  endfacet
  facet normal 0.994523 0.104521 0
    outer loop
      vertex 27.5 0 -74.5
      vertex 26.8991 5.71757 -76.5
      vertex 26.8991 5.71757 -74.5
    endloop
  endfacet
  facet normal 0.994523 0.104521 0
    outer loop
      vertex 26.8991 5.71757 -76.5
      vertex 27.5 0 -74.5
      vertex 27.5 0 -76.5
    endloop
  endfacet
  facet normal 0.866026 0.499998 0
    outer loop
      vertex 25.1225 11.1853 -74.5
      vertex 22.248 16.1641 -76.5
      vertex 22.248 16.1641 -74.5
    endloop
  endfacet
  facet normal 0.866026 0.499998 0
    outer loop
      vertex 22.248 16.1641 -76.5
      vertex 25.1225 11.1853 -74.5
      vertex 25.1225 11.1853 -76.5
    endloop
  endfacet
  facet normal 0.994523 -0.104521 0
    outer loop
      vertex 26.8991 -5.71757 -74.5
      vertex 27.5 0 -76.5
      vertex 27.5 0 -74.5
    endloop
  endfacet
  facet normal 0.994523 -0.104521 0
    outer loop
      vertex 27.5 0 -76.5
      vertex 26.8991 -5.71757 -74.5
      vertex 26.8991 -5.71757 -76.5
    endloop
  endfacet
  facet normal 0.743144 0.669132 0
    outer loop
      vertex 22.248 16.1641 -74.5
      vertex 18.4011 20.4365 -76.5
      vertex 18.4011 20.4365 -74.5
    endloop
  endfacet
  facet normal 0.743144 0.669132 0
    outer loop
      vertex 18.4011 20.4365 -76.5
      vertex 22.248 16.1641 -74.5
      vertex 22.248 16.1641 -76.5
    endloop
  endfacet
  facet normal -0.951055 -0.309021 0
    outer loop
      vertex -25.1225 -11.1853 -76.5
      vertex -26.8991 -5.71757 -74.5
      vertex -26.8991 -5.71757 -76.5
    endloop
  endfacet
  facet normal -0.951055 -0.309021 0
    outer loop
      vertex -26.8991 -5.71757 -74.5
      vertex -25.1225 -11.1853 -76.5
      vertex -25.1225 -11.1853 -74.5
    endloop
  endfacet
  facet normal -0.743144 0.669132 0
    outer loop
      vertex -22.248 16.1641 -76.5
      vertex -18.4011 20.4365 -74.5
      vertex -18.4011 20.4365 -76.5
    endloop
  endfacet
  facet normal -0.743144 0.669132 0
    outer loop
      vertex -18.4011 20.4365 -74.5
      vertex -22.248 16.1641 -76.5
      vertex -22.248 16.1641 -74.5
    endloop
  endfacet
  facet normal -0.951055 0.309021 0
    outer loop
      vertex -26.8991 5.71757 -76.5
      vertex -25.1225 11.1853 -74.5
      vertex -25.1225 11.1853 -76.5
    endloop
  endfacet
  facet normal -0.951055 0.309021 0
    outer loop
      vertex -25.1225 11.1853 -74.5
      vertex -26.8991 5.71757 -76.5
      vertex -26.8991 5.71757 -74.5
    endloop
  endfacet
  facet normal 0.587783 -0.809019 0
    outer loop
      vertex 13.75 -23.8157 -76.5
      vertex 18.4011 -20.4365 -74.5
      vertex 13.75 -23.8157 -74.5
    endloop
  endfacet
  facet normal 0.587783 -0.809019 0
    outer loop
      vertex 18.4011 -20.4365 -74.5
      vertex 13.75 -23.8157 -76.5
      vertex 18.4011 -20.4365 -76.5
    endloop
  endfacet
  facet normal -0.587783 -0.809019 0
    outer loop
      vertex -18.4011 -20.4365 -76.5
      vertex -13.75 -23.8157 -74.5
      vertex -18.4011 -20.4365 -74.5
    endloop
  endfacet
  facet normal -0.587783 -0.809019 -0
    outer loop
      vertex -13.75 -23.8157 -74.5
      vertex -18.4011 -20.4365 -76.5
      vertex -13.75 -23.8157 -76.5
    endloop
  endfacet
  facet normal -0.587783 0.809019 0
    outer loop
      vertex -13.75 23.8157 -76.5
      vertex -18.4011 20.4365 -74.5
      vertex -13.75 23.8157 -74.5
    endloop
  endfacet
  facet normal -0.587783 0.809019 0
    outer loop
      vertex -18.4011 20.4365 -74.5
      vertex -13.75 23.8157 -76.5
      vertex -18.4011 20.4365 -76.5
    endloop
  endfacet
  facet normal -0.866026 0.499998 0
    outer loop
      vertex -25.1225 11.1853 -76.5
      vertex -22.248 16.1641 -74.5
      vertex -22.248 16.1641 -76.5
    endloop
  endfacet
  facet normal -0.866026 0.499998 0
    outer loop
      vertex -22.248 16.1641 -74.5
      vertex -25.1225 11.1853 -76.5
      vertex -25.1225 11.1853 -74.5
    endloop
  endfacet
  facet normal -0.406743 0.913543 0
    outer loop
      vertex -8.49797 26.1541 -76.5
      vertex -13.75 23.8157 -74.5
      vertex -8.49797 26.1541 -74.5
    endloop
  endfacet
  facet normal -0.406743 0.913543 0
    outer loop
      vertex -13.75 23.8157 -74.5
      vertex -8.49797 26.1541 -76.5
      vertex -13.75 23.8157 -76.5
    endloop
  endfacet
  facet normal -0.406743 -0.913543 0
    outer loop
      vertex -13.75 -23.8157 -76.5
      vertex -8.49797 -26.1541 -74.5
      vertex -13.75 -23.8157 -74.5
    endloop
  endfacet
  facet normal -0.406743 -0.913543 -0
    outer loop
      vertex -8.49797 -26.1541 -74.5
      vertex -13.75 -23.8157 -76.5
      vertex -8.49797 -26.1541 -76.5
    endloop
  endfacet
  facet normal -0.207912 0.978148 0
    outer loop
      vertex -2.87453 27.3494 -76.5
      vertex -8.49797 26.1541 -74.5
      vertex -2.87453 27.3494 -74.5
    endloop
  endfacet
  facet normal -0.207912 0.978148 0
    outer loop
      vertex -8.49797 26.1541 -74.5
      vertex -2.87453 27.3494 -76.5
      vertex -8.49797 26.1541 -76.5
    endloop
  endfacet
  facet normal 0.866026 -0.499998 0
    outer loop
      vertex 22.248 -16.1641 -74.5
      vertex 25.1225 -11.1853 -76.5
      vertex 25.1225 -11.1853 -74.5
    endloop
  endfacet
  facet normal 0.866026 -0.499998 0
    outer loop
      vertex 25.1225 -11.1853 -76.5
      vertex 22.248 -16.1641 -74.5
      vertex 22.248 -16.1641 -76.5
    endloop
  endfacet
  facet normal 0.743144 -0.669132 0
    outer loop
      vertex 18.4011 -20.4365 -74.5
      vertex 22.248 -16.1641 -76.5
      vertex 22.248 -16.1641 -74.5
    endloop
  endfacet
  facet normal 0.743144 -0.669132 0
    outer loop
      vertex 22.248 -16.1641 -76.5
      vertex 18.4011 -20.4365 -74.5
      vertex 18.4011 -20.4365 -76.5
    endloop
  endfacet
  facet normal 0.207912 -0.978148 0
    outer loop
      vertex 2.87453 -27.3494 -76.5
      vertex 8.49797 -26.1541 -74.5
      vertex 2.87453 -27.3494 -74.5
    endloop
  endfacet
  facet normal 0.207912 -0.978148 0
    outer loop
      vertex 8.49797 -26.1541 -74.5
      vertex 2.87453 -27.3494 -76.5
      vertex 8.49797 -26.1541 -76.5
    endloop
  endfacet
  facet normal 0 1 -0
    outer loop
      vertex 2.87453 27.3494 -76.5
      vertex -2.87453 27.3494 -74.5
      vertex 2.87453 27.3494 -74.5
    endloop
  endfacet
  facet normal 0 1 0
    outer loop
      vertex -2.87453 27.3494 -74.5
      vertex 2.87453 27.3494 -76.5
      vertex -2.87453 27.3494 -76.5
    endloop
  endfacet
  facet normal 0.951055 -0.309021 0
    outer loop
      vertex 25.1225 -11.1853 -74.5
      vertex 26.8991 -5.71757 -76.5
      vertex 26.8991 -5.71757 -74.5
    endloop
  endfacet
  facet normal 0.951055 -0.309021 0
    outer loop
      vertex 26.8991 -5.71757 -76.5
      vertex 25.1225 -11.1853 -74.5
      vertex 25.1225 -11.1853 -76.5
    endloop
  endfacet
  facet normal 0.587783 0.809019 -0
    outer loop
      vertex 18.4011 20.4365 -76.5
      vertex 13.75 23.8157 -74.5
      vertex 18.4011 20.4365 -74.5
    endloop
  endfacet
  facet normal 0.587783 0.809019 0
    outer loop
      vertex 13.75 23.8157 -74.5
      vertex 18.4011 20.4365 -76.5
      vertex 13.75 23.8157 -76.5
    endloop
  endfacet
  facet normal -0.994523 0.104521 0
    outer loop
      vertex -27.5 0 -76.5
      vertex -26.8991 5.71757 -74.5
      vertex -26.8991 5.71757 -76.5
    endloop
  endfacet
  facet normal -0.994523 0.104521 0
    outer loop
      vertex -26.8991 5.71757 -74.5
      vertex -27.5 0 -76.5
      vertex -27.5 0 -74.5
    endloop
  endfacet
  facet normal -0.866026 -0.499998 0
    outer loop
      vertex -22.248 -16.1641 -76.5
      vertex -25.1225 -11.1853 -74.5
      vertex -25.1225 -11.1853 -76.5
    endloop
  endfacet
  facet normal -0.866026 -0.499998 0
    outer loop
      vertex -25.1225 -11.1853 -74.5
      vertex -22.248 -16.1641 -76.5
      vertex -22.248 -16.1641 -74.5
    endloop
  endfacet
  facet normal 0.406743 0.913543 -0
    outer loop
      vertex 13.75 23.8157 -76.5
      vertex 8.49797 26.1541 -74.5
      vertex 13.75 23.8157 -74.5
    endloop
  endfacet
  facet normal 0.406743 0.913543 0
    outer loop
      vertex 8.49797 26.1541 -74.5
      vertex 13.75 23.8157 -76.5
      vertex 8.49797 26.1541 -76.5
    endloop
  endfacet
  facet normal 0 -1 0
    outer loop
      vertex -2.87453 -27.3494 -76.5
      vertex 2.87453 -27.3494 -74.5
      vertex -2.87453 -27.3494 -74.5
    endloop
  endfacet
  facet normal 0 -1 -0
    outer loop
      vertex 2.87453 -27.3494 -74.5
      vertex -2.87453 -27.3494 -76.5
      vertex 2.87453 -27.3494 -76.5
    endloop
  endfacet
  facet normal -0.994523 -0.104521 0
    outer loop
      vertex -26.8991 -5.71757 -76.5
      vertex -27.5 0 -74.5
      vertex -27.5 0 -76.5
    endloop
  endfacet
  facet normal -0.994523 -0.104521 0
    outer loop
      vertex -27.5 0 -74.5
      vertex -26.8991 -5.71757 -76.5
      vertex -26.8991 -5.71757 -74.5
    endloop
  endfacet
  facet normal 0.406743 -0.913543 0
    outer loop
      vertex 8.49797 -26.1541 -76.5
      vertex 13.75 -23.8157 -74.5
      vertex 8.49797 -26.1541 -74.5
    endloop
  endfacet
  facet normal 0.406743 -0.913543 0
    outer loop
      vertex 13.75 -23.8157 -74.5
      vertex 8.49797 -26.1541 -76.5
      vertex 13.75 -23.8157 -76.5
    endloop
  endfacet
  facet normal -0.743144 -0.669132 0
    outer loop
      vertex -18.4011 -20.4365 -76.5
      vertex -22.248 -16.1641 -74.5
      vertex -22.248 -16.1641 -76.5
    endloop
  endfacet
  facet normal -0.743144 -0.669132 0
    outer loop
      vertex -22.248 -16.1641 -74.5
      vertex -18.4011 -20.4365 -76.5
      vertex -18.4011 -20.4365 -74.5
    endloop
  endfacet
  facet normal 0.207912 0.978148 -0
    outer loop
      vertex 8.49797 26.1541 -76.5
      vertex 2.87453 27.3494 -74.5
      vertex 8.49797 26.1541 -74.5
    endloop
  endfacet
  facet normal 0.207912 0.978148 0
    outer loop
      vertex 2.87453 27.3494 -74.5
      vertex 8.49797 26.1541 -76.5
      vertex 2.87453 27.3494 -76.5
    endloop
  endfacet
  facet normal 0 0 -1
    outer loop
      vertex -25.1225 11.1853 -76.5
      vertex -10 0 -76.5
      vertex -23.2322 1.76777 -76.5
    endloop
  endfacet
  facet normal 0 0 -1
    outer loop
      vertex -26.8991 5.71757 -76.5
      vertex -23.2322 1.76777 -76.5
      vertex -25 2.5 -76.5
    endloop
  endfacet
  facet normal 0 0 -1
    outer loop
      vertex -10 0 -76.5
      vertex -25.1225 11.1853 -76.5
      vertex -22.248 16.1641 -76.5
    endloop
  endfacet
  facet normal 0 0 -1
    outer loop
      vertex -26.8991 5.71757 -76.5
      vertex -25 2.5 -76.5
      vertex -26.7678 1.76777 -76.5
    endloop
  endfacet
  facet normal 0 0 -1
    outer loop
      vertex -23.2322 1.76777 -76.5
      vertex -26.8991 5.71757 -76.5
      vertex -25.1225 11.1853 -76.5
    endloop
  endfacet
  facet normal 0 -0 -1
    outer loop
      vertex -26.8991 5.71757 -76.5
      vertex -26.7678 1.76777 -76.5
      vertex -27.5 0 -76.5
    endloop
  endfacet
  facet normal 0 0 -1
    outer loop
      vertex 26.8991 -5.71757 -76.5
      vertex 26.7678 -1.76777 -76.5
      vertex 27.5 0 -76.5
    endloop
  endfacet
  facet normal 0 0 -1
    outer loop
      vertex 23.2322 -1.76777 -76.5
      vertex 26.8991 -5.71757 -76.5
      vertex 25.1225 -11.1853 -76.5
    endloop
  endfacet
  facet normal 0 0 -1
    outer loop
      vertex 26.8991 -5.71757 -76.5
      vertex 25 -2.5 -76.5
      vertex 26.7678 -1.76777 -76.5
    endloop
  endfacet
  facet normal 0 0 -1
    outer loop
      vertex 26.8991 -5.71757 -76.5
      vertex 23.2322 -1.76777 -76.5
      vertex 25 -2.5 -76.5
    endloop
  endfacet
  facet normal 0 0 -1
    outer loop
      vertex 9.78148 -2.07912 -76.5
      vertex 23.2322 -1.76777 -76.5
      vertex 25.1225 -11.1853 -76.5
    endloop
  endfacet
  facet normal 0 0 -1
    outer loop
      vertex 9.78148 -2.07912 -76.5
      vertex 25.1225 -11.1853 -76.5
      vertex 22.248 -16.1641 -76.5
    endloop
  endfacet
  facet normal 0 0 -1
    outer loop
      vertex 26.7678 1.76777 -76.5
      vertex 26.8991 5.71757 -76.5
      vertex 27.5 0 -76.5
    endloop
  endfacet
  facet normal 0 0 -1
    outer loop
      vertex 25 2.5 -76.5
      vertex 26.8991 5.71757 -76.5
      vertex 26.7678 1.76777 -76.5
    endloop
  endfacet
  facet normal 0 0 -1
    outer loop
      vertex 23.2322 1.76777 -76.5
      vertex 26.8991 5.71757 -76.5
      vertex 25 2.5 -76.5
    endloop
  endfacet
  facet normal -0 0 -1
    outer loop
      vertex 26.8991 5.71757 -76.5
      vertex 23.2322 1.76777 -76.5
      vertex 25.1225 11.1853 -76.5
    endloop
  endfacet
  facet normal 0 0 -1
    outer loop
      vertex 9.78148 2.07912 -76.5
      vertex 23.2322 1.76777 -76.5
      vertex 22.5 0 -76.5
    endloop
  endfacet
  facet normal 0 0 -1
    outer loop
      vertex 23.2322 1.76777 -76.5
      vertex 9.13545 4.06737 -76.5
      vertex 25.1225 11.1853 -76.5
    endloop
  endfacet
  facet normal -0 0 -1
    outer loop
      vertex 23.2322 -1.76777 -76.5
      vertex 9.78148 -2.07912 -76.5
      vertex 22.5 0 -76.5
    endloop
  endfacet
  facet normal 0 0 -1
    outer loop
      vertex 14.2678 -19.8829 -76.5
      vertex 22.248 -16.1641 -76.5
      vertex 18.4011 -20.4365 -76.5
    endloop
  endfacet
  facet normal 0 0 -1
    outer loop
      vertex 9.78148 2.07912 -76.5
      vertex 22.5 0 -76.5
      vertex 10 0 -76.5
    endloop
  endfacet
  facet normal 0 0 -1
    outer loop
      vertex 14.2678 -19.8829 -76.5
      vertex 18.4011 -20.4365 -76.5
      vertex 15 -21.6506 -76.5
    endloop
  endfacet
  facet normal 0 0 -1
    outer loop
      vertex 18.4011 -20.4365 -76.5
      vertex 14.2678 -23.4184 -76.5
      vertex 15 -21.6506 -76.5
    endloop
  endfacet
  facet normal 0 0 -1
    outer loop
      vertex 13.75 -23.8157 -76.5
      vertex 14.2678 -23.4184 -76.5
      vertex 18.4011 -20.4365 -76.5
    endloop
  endfacet
  facet normal -0 0 -1
    outer loop
      vertex 13.75 -23.8157 -76.5
      vertex 12.5 -24.1506 -76.5
      vertex 14.2678 -23.4184 -76.5
    endloop
  endfacet
  facet normal -0 0 -1
    outer loop
      vertex 22.5 0 -76.5
      vertex 9.78148 -2.07912 -76.5
      vertex 10 0 -76.5
    endloop
  endfacet
  facet normal 0 0 -1
    outer loop
      vertex 10.7322 -19.8829 -76.5
      vertex 9.13545 -4.06737 -76.5
      vertex 9.78148 -2.07912 -76.5
    endloop
  endfacet
  facet normal 0 0 -1
    outer loop
      vertex 8.49797 -26.1541 -76.5
      vertex 12.5 -24.1506 -76.5
      vertex 13.75 -23.8157 -76.5
    endloop
  endfacet
  facet normal 0 0 -1
    outer loop
      vertex 8.49797 -26.1541 -76.5
      vertex 10.7322 -23.4184 -76.5
      vertex 12.5 -24.1506 -76.5
    endloop
  endfacet
  facet normal 0 0 -1
    outer loop
      vertex 8.49797 -26.1541 -76.5
      vertex 10 -21.6506 -76.5
      vertex 10.7322 -23.4184 -76.5
    endloop
  endfacet
  facet normal 0 0 -1
    outer loop
      vertex 2.87453 -27.3494 -76.5
      vertex 10 -21.6506 -76.5
      vertex 8.49797 -26.1541 -76.5
    endloop
  endfacet
  facet normal 0 0 -1
    outer loop
      vertex 10.7322 -19.8829 -76.5
      vertex 8.09017 -5.87785 -76.5
      vertex 9.13545 -4.06737 -76.5
    endloop
  endfacet
  facet normal 0 0 -1
    outer loop
      vertex 10.7322 -19.8829 -76.5
      vertex 6.69131 -7.43145 -76.5
      vertex 8.09017 -5.87785 -76.5
    endloop
  endfacet
  facet normal 0 0 -1
    outer loop
      vertex 10.7322 -19.8829 -76.5
      vertex 5 -8.66025 -76.5
      vertex 6.69131 -7.43145 -76.5
    endloop
  endfacet
  facet normal 0 0 -1
    outer loop
      vertex 10.7322 -19.8829 -76.5
      vertex 3.09017 -9.51056 -76.5
      vertex 5 -8.66025 -76.5
    endloop
  endfacet
  facet normal 0 0 -1
    outer loop
      vertex 1.04528 -9.94522 -76.5
      vertex 10 -21.6506 -76.5
      vertex 2.87453 -27.3494 -76.5
    endloop
  endfacet
  facet normal 0 0 -1
    outer loop
      vertex 10.7322 -19.8829 -76.5
      vertex 1.04528 -9.94522 -76.5
      vertex 3.09017 -9.51056 -76.5
    endloop
  endfacet
  facet normal 0 0 -1
    outer loop
      vertex 2.87453 -27.3494 -76.5
      vertex -1.04528 -9.94522 -76.5
      vertex 1.04528 -9.94522 -76.5
    endloop
  endfacet
  facet normal 0 0 -1
    outer loop
      vertex -2.87453 -27.3494 -76.5
      vertex -1.04528 -9.94522 -76.5
      vertex 2.87453 -27.3494 -76.5
    endloop
  endfacet
  facet normal 0 0 -1
    outer loop
      vertex -10 -21.6506 -76.5
      vertex -1.04528 -9.94522 -76.5
      vertex -2.87453 -27.3494 -76.5
    endloop
  endfacet
  facet normal 0 0 -1
    outer loop
      vertex -10.7322 -19.8829 -76.5
      vertex -1.04528 -9.94522 -76.5
      vertex -10 -21.6506 -76.5
    endloop
  endfacet
  facet normal -0 0 -1
    outer loop
      vertex -1.04528 -9.94522 -76.5
      vertex -10.7322 -19.8829 -76.5
      vertex -3.09017 -9.51056 -76.5
    endloop
  endfacet
  facet normal 0 0 -1
    outer loop
      vertex -12.5 -19.1506 -76.5
      vertex -5 -8.66025 -76.5
      vertex -10.7322 -19.8829 -76.5
    endloop
  endfacet
  facet normal 0 0 -1
    outer loop
      vertex -10 -21.6506 -76.5
      vertex -2.87453 -27.3494 -76.5
      vertex -8.49797 -26.1541 -76.5
    endloop
  endfacet
  facet normal -0 0 -1
    outer loop
      vertex -3.09017 -9.51056 -76.5
      vertex -10.7322 -19.8829 -76.5
      vertex -5 -8.66025 -76.5
    endloop
  endfacet
  facet normal -0 0 -1
    outer loop
      vertex -5 -8.66025 -76.5
      vertex -12.5 -19.1506 -76.5
      vertex -6.69131 -7.43145 -76.5
    endloop
  endfacet
  facet normal -0 0 -1
    outer loop
      vertex -6.69131 -7.43145 -76.5
      vertex -12.5 -19.1506 -76.5
      vertex -8.09017 -5.87785 -76.5
    endloop
  endfacet
  facet normal 0 0 -1
    outer loop
      vertex -8.49797 -26.1541 -76.5
      vertex -10.7322 -23.4184 -76.5
      vertex -10 -21.6506 -76.5
    endloop
  endfacet
  facet normal 0 0 -1
    outer loop
      vertex -8.49797 -26.1541 -76.5
      vertex -12.5 -24.1506 -76.5
      vertex -10.7322 -23.4184 -76.5
    endloop
  endfacet
  facet normal 0 0 -1
    outer loop
      vertex -13.75 -23.8157 -76.5
      vertex -12.5 -24.1506 -76.5
      vertex -8.49797 -26.1541 -76.5
    endloop
  endfacet
  facet normal 0 0 -1
    outer loop
      vertex -13.75 -23.8157 -76.5
      vertex -14.2678 -23.4184 -76.5
      vertex -12.5 -24.1506 -76.5
    endloop
  endfacet
  facet normal 0 0 -1
    outer loop
      vertex -10 0 -76.5
      vertex -22.248 16.1641 -76.5
      vertex -12.5 19.1506 -76.5
    endloop
  endfacet
  facet normal 0 0 -1
    outer loop
      vertex -14.2678 -23.4184 -76.5
      vertex -18.4011 -20.4365 -76.5
      vertex -15 -21.6506 -76.5
    endloop
  endfacet
  facet normal 0 0 -1
    outer loop
      vertex -18.4011 -20.4365 -76.5
      vertex -14.2678 -23.4184 -76.5
      vertex -13.75 -23.8157 -76.5
    endloop
  endfacet
  facet normal 0 0 -1
    outer loop
      vertex -22.248 -16.1641 -76.5
      vertex -8.09017 -5.87785 -76.5
      vertex -12.5 -19.1506 -76.5
    endloop
  endfacet
  facet normal 0 0 -1
    outer loop
      vertex -22.248 -16.1641 -76.5
      vertex -12.5 -19.1506 -76.5
      vertex -14.2678 -19.8829 -76.5
    endloop
  endfacet
  facet normal 0 0 -1
    outer loop
      vertex -22.248 -16.1641 -76.5
      vertex -14.2678 -19.8829 -76.5
      vertex -18.4011 -20.4365 -76.5
    endloop
  endfacet
  facet normal 0 0 -1
    outer loop
      vertex -10 0 -76.5
      vertex -10.7322 19.8829 -76.5
      vertex -10 21.6506 -76.5
    endloop
  endfacet
  facet normal -0 0 -1
    outer loop
      vertex -8.09017 -5.87785 -76.5
      vertex -22.248 -16.1641 -76.5
      vertex -9.13545 -4.06737 -76.5
    endloop
  endfacet
  facet normal 0 0 -1
    outer loop
      vertex -10 0 -76.5
      vertex -12.5 19.1506 -76.5
      vertex -10.7322 19.8829 -76.5
    endloop
  endfacet
  facet normal 0 0 -1
    outer loop
      vertex -9.13545 -4.06737 -76.5
      vertex -22.5 0 -76.5
      vertex -9.78148 -2.07912 -76.5
    endloop
  endfacet
  facet normal 0 0 -1
    outer loop
      vertex -23.2322 1.76777 -76.5
      vertex -10 0 -76.5
      vertex -22.5 0 -76.5
    endloop
  endfacet
  facet normal 0 0 -1
    outer loop
      vertex -18.4011 -20.4365 -76.5
      vertex -14.2678 -19.8829 -76.5
      vertex -15 -21.6506 -76.5
    endloop
  endfacet
  facet normal 0 0 -1
    outer loop
      vertex -9.78148 -2.07912 -76.5
      vertex -22.5 0 -76.5
      vertex -10 0 -76.5
    endloop
  endfacet
  facet normal 0 0 -1
    outer loop
      vertex 23.2322 1.76777 -76.5
      vertex 9.78148 2.07912 -76.5
      vertex 9.13545 4.06737 -76.5
    endloop
  endfacet
  facet normal -0 0 -1
    outer loop
      vertex 18.4011 20.4365 -76.5
      vertex 14.2678 19.8829 -76.5
      vertex 15 21.6506 -76.5
    endloop
  endfacet
  facet normal -0 0 -1
    outer loop
      vertex 22.248 -16.1641 -76.5
      vertex 12.5 -19.1506 -76.5
      vertex 9.78148 -2.07912 -76.5
    endloop
  endfacet
  facet normal -0 0 -1
    outer loop
      vertex 25.1225 11.1853 -76.5
      vertex 9.13545 4.06737 -76.5
      vertex 22.248 16.1641 -76.5
    endloop
  endfacet
  facet normal 0 0 -1
    outer loop
      vertex 9.78148 -2.07912 -76.5
      vertex 12.5 -19.1506 -76.5
      vertex 10.7322 -19.8829 -76.5
    endloop
  endfacet
  facet normal 0 0 -1
    outer loop
      vertex 8.09017 5.87785 -76.5
      vertex 22.248 16.1641 -76.5
      vertex 9.13545 4.06737 -76.5
    endloop
  endfacet
  facet normal 0 0 -1
    outer loop
      vertex 1.04528 -9.94522 -76.5
      vertex 10.7322 -19.8829 -76.5
      vertex 10 -21.6506 -76.5
    endloop
  endfacet
  facet normal 0 0 -1
    outer loop
      vertex 22.248 16.1641 -76.5
      vertex 14.2678 19.8829 -76.5
      vertex 18.4011 20.4365 -76.5
    endloop
  endfacet
  facet normal 0 -0 -1
    outer loop
      vertex 12.5 19.1506 -76.5
      vertex 22.248 16.1641 -76.5
      vertex 8.09017 5.87785 -76.5
    endloop
  endfacet
  facet normal 0 0 -1
    outer loop
      vertex 22.248 16.1641 -76.5
      vertex 12.5 19.1506 -76.5
      vertex 14.2678 19.8829 -76.5
    endloop
  endfacet
  facet normal 0 0 -1
    outer loop
      vertex 12.5 -19.1506 -76.5
      vertex 22.248 -16.1641 -76.5
      vertex 14.2678 -19.8829 -76.5
    endloop
  endfacet
  facet normal 0 0 -1
    outer loop
      vertex 14.2678 23.4184 -76.5
      vertex 18.4011 20.4365 -76.5
      vertex 15 21.6506 -76.5
    endloop
  endfacet
  facet normal 0 0 -1
    outer loop
      vertex 14.2678 23.4184 -76.5
      vertex 13.75 23.8157 -76.5
      vertex 18.4011 20.4365 -76.5
    endloop
  endfacet
  facet normal 0 0 -1
    outer loop
      vertex 12.5 24.1506 -76.5
      vertex 13.75 23.8157 -76.5
      vertex 14.2678 23.4184 -76.5
    endloop
  endfacet
  facet normal 0 0 -1
    outer loop
      vertex 6.69131 7.43145 -76.5
      vertex 12.5 19.1506 -76.5
      vertex 8.09017 5.87785 -76.5
    endloop
  endfacet
  facet normal 0 0 -1
    outer loop
      vertex 12.5 24.1506 -76.5
      vertex 8.49797 26.1541 -76.5
      vertex 13.75 23.8157 -76.5
    endloop
  endfacet
  facet normal 0 0 -1
    outer loop
      vertex 10.7322 23.4184 -76.5
      vertex 8.49797 26.1541 -76.5
      vertex 12.5 24.1506 -76.5
    endloop
  endfacet
  facet normal 0 0 -1
    outer loop
      vertex 10 21.6506 -76.5
      vertex 8.49797 26.1541 -76.5
      vertex 10.7322 23.4184 -76.5
    endloop
  endfacet
  facet normal 0 0 -1
    outer loop
      vertex 5 8.66025 -76.5
      vertex 12.5 19.1506 -76.5
      vertex 6.69131 7.43145 -76.5
    endloop
  endfacet
  facet normal -0 0 -1
    outer loop
      vertex 12.5 19.1506 -76.5
      vertex 5 8.66025 -76.5
      vertex 10.7322 19.8829 -76.5
    endloop
  endfacet
  facet normal 0 0 -1
    outer loop
      vertex 3.09017 9.51056 -76.5
      vertex 10.7322 19.8829 -76.5
      vertex 5 8.66025 -76.5
    endloop
  endfacet
  facet normal 0 0 -1
    outer loop
      vertex 1.04528 9.94522 -76.5
      vertex 10.7322 19.8829 -76.5
      vertex 3.09017 9.51056 -76.5
    endloop
  endfacet
  facet normal -0 0 -1
    outer loop
      vertex 10.7322 19.8829 -76.5
      vertex 1.04528 9.94522 -76.5
      vertex 10 21.6506 -76.5
    endloop
  endfacet
  facet normal 0 0 -1
    outer loop
      vertex 10 21.6506 -76.5
      vertex 2.87453 27.3494 -76.5
      vertex 8.49797 26.1541 -76.5
    endloop
  endfacet
  facet normal -0 0 -1
    outer loop
      vertex 10 21.6506 -76.5
      vertex 1.04528 9.94522 -76.5
      vertex 2.87453 27.3494 -76.5
    endloop
  endfacet
  facet normal 0 0 -1
    outer loop
      vertex -1.04528 9.94522 -76.5
      vertex 2.87453 27.3494 -76.5
      vertex 1.04528 9.94522 -76.5
    endloop
  endfacet
  facet normal 0 0 -1
    outer loop
      vertex -1.04528 9.94522 -76.5
      vertex -2.87453 27.3494 -76.5
      vertex 2.87453 27.3494 -76.5
    endloop
  endfacet
  facet normal 0 0 -1
    outer loop
      vertex -10 21.6506 -76.5
      vertex -1.04528 9.94522 -76.5
      vertex -3.09017 9.51056 -76.5
    endloop
  endfacet
  facet normal 0 0 -1
    outer loop
      vertex -10 21.6506 -76.5
      vertex -3.09017 9.51056 -76.5
      vertex -5 8.66025 -76.5
    endloop
  endfacet
  facet normal 0 0 -1
    outer loop
      vertex -10 21.6506 -76.5
      vertex -5 8.66025 -76.5
      vertex -6.69131 7.43145 -76.5
    endloop
  endfacet
  facet normal 0 0 -1
    outer loop
      vertex -10 21.6506 -76.5
      vertex -6.69131 7.43145 -76.5
      vertex -8.09017 5.87785 -76.5
    endloop
  endfacet
  facet normal 0 0 -1
    outer loop
      vertex -1.04528 9.94522 -76.5
      vertex -10 21.6506 -76.5
      vertex -2.87453 27.3494 -76.5
    endloop
  endfacet
  facet normal 0 0 -1
    outer loop
      vertex -10 21.6506 -76.5
      vertex -8.09017 5.87785 -76.5
      vertex -9.13545 4.06737 -76.5
    endloop
  endfacet
  facet normal 0 0 -1
    outer loop
      vertex -10 21.6506 -76.5
      vertex -9.13545 4.06737 -76.5
      vertex -9.78148 2.07912 -76.5
    endloop
  endfacet
  facet normal 0 0 -1
    outer loop
      vertex -10 21.6506 -76.5
      vertex -9.78148 2.07912 -76.5
      vertex -10 0 -76.5
    endloop
  endfacet
  facet normal 0 0 -1
    outer loop
      vertex -2.87453 27.3494 -76.5
      vertex -10 21.6506 -76.5
      vertex -8.49797 26.1541 -76.5
    endloop
  endfacet
  facet normal 0 0 -1
    outer loop
      vertex -10.7322 23.4184 -76.5
      vertex -8.49797 26.1541 -76.5
      vertex -10 21.6506 -76.5
    endloop
  endfacet
  facet normal 0 0 -1
    outer loop
      vertex -12.5 24.1506 -76.5
      vertex -8.49797 26.1541 -76.5
      vertex -10.7322 23.4184 -76.5
    endloop
  endfacet
  facet normal -0 0 -1
    outer loop
      vertex -12.5 24.1506 -76.5
      vertex -13.75 23.8157 -76.5
      vertex -8.49797 26.1541 -76.5
    endloop
  endfacet
  facet normal 0 0 -1
    outer loop
      vertex -14.2678 23.4184 -76.5
      vertex -13.75 23.8157 -76.5
      vertex -12.5 24.1506 -76.5
    endloop
  endfacet
  facet normal -0 0 -1
    outer loop
      vertex -14.2678 23.4184 -76.5
      vertex -18.4011 20.4365 -76.5
      vertex -13.75 23.8157 -76.5
    endloop
  endfacet
  facet normal -0 0 -1
    outer loop
      vertex -15 21.6506 -76.5
      vertex -18.4011 20.4365 -76.5
      vertex -14.2678 23.4184 -76.5
    endloop
  endfacet
  facet normal -0 0 -1
    outer loop
      vertex -12.5 19.1506 -76.5
      vertex -22.248 16.1641 -76.5
      vertex -14.2678 19.8829 -76.5
    endloop
  endfacet
  facet normal 0 0 -1
    outer loop
      vertex -25.1225 -11.1853 -76.5
      vertex -9.13545 -4.06737 -76.5
      vertex -22.248 -16.1641 -76.5
    endloop
  endfacet
  facet normal 0 -0 -1
    outer loop
      vertex -18.4011 20.4365 -76.5
      vertex -14.2678 19.8829 -76.5
      vertex -22.248 16.1641 -76.5
    endloop
  endfacet
  facet normal 0 0 -1
    outer loop
      vertex -14.2678 19.8829 -76.5
      vertex -18.4011 20.4365 -76.5
      vertex -15 21.6506 -76.5
    endloop
  endfacet
  facet normal 0 0 -1
    outer loop
      vertex -9.13545 -4.06737 -76.5
      vertex -23.2322 -1.76777 -76.5
      vertex -22.5 0 -76.5
    endloop
  endfacet
  facet normal -0 0 -1
    outer loop
      vertex -9.13545 -4.06737 -76.5
      vertex -25.1225 -11.1853 -76.5
      vertex -23.2322 -1.76777 -76.5
    endloop
  endfacet
  facet normal 0 0 -1
    outer loop
      vertex -26.8991 -5.71757 -76.5
      vertex -23.2322 -1.76777 -76.5
      vertex -25.1225 -11.1853 -76.5
    endloop
  endfacet
  facet normal 0 0 -1
    outer loop
      vertex -23.2322 -1.76777 -76.5
      vertex -26.8991 -5.71757 -76.5
      vertex -25 -2.5 -76.5
    endloop
  endfacet
  facet normal -0 0 -1
    outer loop
      vertex -25 -2.5 -76.5
      vertex -26.8991 -5.71757 -76.5
      vertex -26.7678 -1.76777 -76.5
    endloop
  endfacet
  facet normal -0 0 -1
    outer loop
      vertex -26.7678 -1.76777 -76.5
      vertex -26.8991 -5.71757 -76.5
      vertex -27.5 0 -76.5
    endloop
  endfacet
  facet normal -0.743138 -0.669138 0
    outer loop
      vertex -20.0739 -22.2943 -82.5
      vertex -24.2705 -17.6336 -77.5
      vertex -24.2705 -17.6336 -82.5
    endloop
  endfacet
  facet normal -0.743138 -0.669138 0
    outer loop
      vertex -24.2705 -17.6336 -77.5
      vertex -20.0739 -22.2943 -82.5
      vertex -20.0739 -22.2943 -77.5
    endloop
  endfacet
  facet normal 0.95106 0.309008 0
    outer loop
      vertex 29.3444 6.23735 -77.5
      vertex 27.4064 12.2021 -82.5
      vertex 27.4064 12.2021 -77.5
    endloop
  endfacet
  facet normal 0.95106 0.309008 0
    outer loop
      vertex 27.4064 12.2021 -82.5
      vertex 29.3444 6.23735 -77.5
      vertex 29.3444 6.23735 -82.5
    endloop
  endfacet
  facet normal 0.994521 0.104533 0
    outer loop
      vertex 30 0 -77.5
      vertex 29.3444 6.23735 -82.5
      vertex 29.3444 6.23735 -77.5
    endloop
  endfacet
  facet normal 0.994521 0.104533 0
    outer loop
      vertex 29.3444 6.23735 -82.5
      vertex 30 0 -77.5
      vertex 30 0 -82.5
    endloop
  endfacet
  facet normal 0.866024 0.500003 0
    outer loop
      vertex 27.4064 12.2021 -77.5
      vertex 24.2705 17.6336 -82.5
      vertex 24.2705 17.6336 -77.5
    endloop
  endfacet
  facet normal 0.866024 0.500003 0
    outer loop
      vertex 24.2705 17.6336 -82.5
      vertex 27.4064 12.2021 -77.5
      vertex 27.4064 12.2021 -82.5
    endloop
  endfacet
  facet normal 0.95106 -0.309008 0
    outer loop
      vertex 27.4064 -12.2021 -77.5
      vertex 29.3444 -6.23735 -82.5
      vertex 29.3444 -6.23735 -77.5
    endloop
  endfacet
  facet normal 0.95106 -0.309008 0
    outer loop
      vertex 29.3444 -6.23735 -82.5
      vertex 27.4064 -12.2021 -77.5
      vertex 27.4064 -12.2021 -82.5
    endloop
  endfacet
  facet normal -0.587795 0.80901 0
    outer loop
      vertex -15 25.9808 -82.5
      vertex -20.0739 22.2943 -77.5
      vertex -15 25.9808 -77.5
    endloop
  endfacet
  facet normal -0.587795 0.80901 0
    outer loop
      vertex -20.0739 22.2943 -77.5
      vertex -15 25.9808 -82.5
      vertex -20.0739 22.2943 -82.5
    endloop
  endfacet
  facet normal 0.587795 -0.80901 0
    outer loop
      vertex 15 -25.9808 -82.5
      vertex 20.0739 -22.2943 -77.5
      vertex 15 -25.9808 -77.5
    endloop
  endfacet
  facet normal 0.587795 -0.80901 0
    outer loop
      vertex 20.0739 -22.2943 -77.5
      vertex 15 -25.9808 -82.5
      vertex 20.0739 -22.2943 -82.5
    endloop
  endfacet
  facet normal 0.743138 -0.669138 0
    outer loop
      vertex 20.0739 -22.2943 -77.5
      vertex 24.2705 -17.6336 -82.5
      vertex 24.2705 -17.6336 -77.5
    endloop
  endfacet
  facet normal 0.743138 -0.669138 0
    outer loop
      vertex 24.2705 -17.6336 -82.5
      vertex 20.0739 -22.2943 -77.5
      vertex 20.0739 -22.2943 -82.5
    endloop
  endfacet
  facet normal 0.994521 -0.104533 0
    outer loop
      vertex 29.3444 -6.23735 -77.5
      vertex 30 0 -82.5
      vertex 30 0 -77.5
    endloop
  endfacet
  facet normal 0.994521 -0.104533 0
    outer loop
      vertex 30 0 -82.5
      vertex 29.3444 -6.23735 -77.5
      vertex 29.3444 -6.23735 -82.5
    endloop
  endfacet
  facet normal -0.406732 -0.913547 0
    outer loop
      vertex -15 -25.9808 -82.5
      vertex -9.27051 -28.5317 -77.5
      vertex -15 -25.9808 -77.5
    endloop
  endfacet
  facet normal -0.406732 -0.913547 -0
    outer loop
      vertex -9.27051 -28.5317 -77.5
      vertex -15 -25.9808 -82.5
      vertex -9.27051 -28.5317 -82.5
    endloop
  endfacet
  facet normal 0.406732 0.913547 -0
    outer loop
      vertex 15 25.9808 -82.5
      vertex 9.27051 28.5317 -77.5
      vertex 15 25.9808 -77.5
    endloop
  endfacet
  facet normal 0.406732 0.913547 0
    outer loop
      vertex 9.27051 28.5317 -77.5
      vertex 15 25.9808 -82.5
      vertex 9.27051 28.5317 -82.5
    endloop
  endfacet
  facet normal 0.743138 0.669138 0
    outer loop
      vertex 24.2705 17.6336 -77.5
      vertex 20.0739 22.2943 -82.5
      vertex 20.0739 22.2943 -77.5
    endloop
  endfacet
  facet normal 0.743138 0.669138 0
    outer loop
      vertex 20.0739 22.2943 -82.5
      vertex 24.2705 17.6336 -77.5
      vertex 24.2705 17.6336 -82.5
    endloop
  endfacet
  facet normal -0.587795 -0.80901 0
    outer loop
      vertex -20.0739 -22.2943 -82.5
      vertex -15 -25.9808 -77.5
      vertex -20.0739 -22.2943 -77.5
    endloop
  endfacet
  facet normal -0.587795 -0.80901 -0
    outer loop
      vertex -15 -25.9808 -77.5
      vertex -20.0739 -22.2943 -82.5
      vertex -15 -25.9808 -82.5
    endloop
  endfacet
  facet normal -0.743138 0.669138 0
    outer loop
      vertex -24.2705 17.6336 -82.5
      vertex -20.0739 22.2943 -77.5
      vertex -20.0739 22.2943 -82.5
    endloop
  endfacet
  facet normal -0.743138 0.669138 0
    outer loop
      vertex -20.0739 22.2943 -77.5
      vertex -24.2705 17.6336 -82.5
      vertex -24.2705 17.6336 -77.5
    endloop
  endfacet
  facet normal 0 1 -0
    outer loop
      vertex 3.13585 29.8357 -82.5
      vertex -3.13585 29.8357 -77.5
      vertex 3.13585 29.8357 -77.5
    endloop
  endfacet
  facet normal 0 1 0
    outer loop
      vertex -3.13585 29.8357 -77.5
      vertex 3.13585 29.8357 -82.5
      vertex -3.13585 29.8357 -82.5
    endloop
  endfacet
  facet normal 0.406732 -0.913547 0
    outer loop
      vertex 9.27051 -28.5317 -82.5
      vertex 15 -25.9808 -77.5
      vertex 9.27051 -28.5317 -77.5
    endloop
  endfacet
  facet normal 0.406732 -0.913547 0
    outer loop
      vertex 15 -25.9808 -77.5
      vertex 9.27051 -28.5317 -82.5
      vertex 15 -25.9808 -82.5
    endloop
  endfacet
  facet normal 0.207917 -0.978146 0
    outer loop
      vertex 3.13585 -29.8357 -82.5
      vertex 9.27051 -28.5317 -77.5
      vertex 3.13585 -29.8357 -77.5
    endloop
  endfacet
  facet normal 0.207917 -0.978146 0
    outer loop
      vertex 9.27051 -28.5317 -77.5
      vertex 3.13585 -29.8357 -82.5
      vertex 9.27051 -28.5317 -82.5
    endloop
  endfacet
  facet normal -0.95106 0.309008 0
    outer loop
      vertex -29.3444 6.23735 -82.5
      vertex -27.4064 12.2021 -77.5
      vertex -27.4064 12.2021 -82.5
    endloop
  endfacet
  facet normal -0.95106 0.309008 0
    outer loop
      vertex -27.4064 12.2021 -77.5
      vertex -29.3444 6.23735 -82.5
      vertex -29.3444 6.23735 -77.5
    endloop
  endfacet
  facet normal 0 0 -1
    outer loop
      vertex -16.7283 18.5786 -82.5
      vertex -15 21.6506 -82.5
      vertex -14.4217 20.2545 -82.5
    endloop
  endfacet
  facet normal 0 0 -1
    outer loop
      vertex -20.0739 22.2943 -82.5
      vertex -15 21.6506 -82.5
      vertex -16.7283 18.5786 -82.5
    endloop
  endfacet
  facet normal 0 0 -1
    outer loop
      vertex -15 21.6506 -82.5
      vertex -20.0739 22.2943 -82.5
      vertex -15 25.9808 -82.5
    endloop
  endfacet
  facet normal 0 0 -1
    outer loop
      vertex -20.2254 14.6946 -82.5
      vertex -20.0739 22.2943 -82.5
      vertex -16.7283 18.5786 -82.5
    endloop
  endfacet
  facet normal 0 0 -1
    outer loop
      vertex -24.2705 17.6336 -82.5
      vertex -20.2254 14.6946 -82.5
      vertex -22.8386 10.1684 -82.5
    endloop
  endfacet
  facet normal 0 0 -1
    outer loop
      vertex -20.2254 14.6946 -82.5
      vertex -24.2705 17.6336 -82.5
      vertex -20.0739 22.2943 -82.5
    endloop
  endfacet
  facet normal 0 0 -1
    outer loop
      vertex -27.4064 12.2021 -82.5
      vertex -22.8386 10.1684 -82.5
      vertex -24.4537 5.19779 -82.5
    endloop
  endfacet
  facet normal 0 0 -1
    outer loop
      vertex -25 2.5 -82.5
      vertex -24.4537 5.19779 -82.5
      vertex -24.7482 2.3957 -82.5
    endloop
  endfacet
  facet normal 0 0 -1
    outer loop
      vertex -26.7678 1.76777 -82.5
      vertex -24.4537 5.19779 -82.5
      vertex -25 2.5 -82.5
    endloop
  endfacet
  facet normal -0 0 -1
    outer loop
      vertex -24.4537 5.19779 -82.5
      vertex -26.7678 1.76777 -82.5
      vertex -29.3444 6.23735 -82.5
    endloop
  endfacet
  facet normal 0 0 -1
    outer loop
      vertex -22.8386 10.1684 -82.5
      vertex -27.4064 12.2021 -82.5
      vertex -24.2705 17.6336 -82.5
    endloop
  endfacet
  facet normal 0 0 -1
    outer loop
      vertex -30 0 -82.5
      vertex -26.7678 1.76777 -82.5
      vertex -27.5 0 -82.5
    endloop
  endfacet
  facet normal 0 0 -1
    outer loop
      vertex -26.7678 -1.76777 -82.5
      vertex -30 0 -82.5
      vertex -27.5 0 -82.5
    endloop
  endfacet
  facet normal 0 0 -1
    outer loop
      vertex -24.4537 5.19779 -82.5
      vertex -29.3444 6.23735 -82.5
      vertex -27.4064 12.2021 -82.5
    endloop
  endfacet
  facet normal -0 0 -1
    outer loop
      vertex -26.7678 1.76777 -82.5
      vertex -30 0 -82.5
      vertex -29.3444 6.23735 -82.5
    endloop
  endfacet
  facet normal 0 0 -1
    outer loop
      vertex 16.7283 18.5786 -82.5
      vertex 14.4217 20.2545 -82.5
      vertex 15 21.6506 -82.5
    endloop
  endfacet
  facet normal -0 0 -1
    outer loop
      vertex 20.0739 -22.2943 -82.5
      vertex 14.2678 -23.4184 -82.5
      vertex 15 -21.6506 -82.5
    endloop
  endfacet
  facet normal 0 0 -1
    outer loop
      vertex 15 -25.9808 -82.5
      vertex 12.5 -24.1506 -82.5
      vertex 14.2678 -23.4184 -82.5
    endloop
  endfacet
  facet normal 0 0 -1
    outer loop
      vertex 9.27051 -28.5317 -82.5
      vertex 12.5 -24.1506 -82.5
      vertex 15 -25.9808 -82.5
    endloop
  endfacet
  facet normal -0 0 -1
    outer loop
      vertex 12.5 -24.1506 -82.5
      vertex 9.27051 -28.5317 -82.5
      vertex 10.7322 -23.4184 -82.5
    endloop
  endfacet
  facet normal 0 0 -1
    outer loop
      vertex 7.72542 -23.7764 -82.5
      vertex 10.7322 -23.4184 -82.5
      vertex 9.27051 -28.5317 -82.5
    endloop
  endfacet
  facet normal -0 0 -1
    outer loop
      vertex 10.7322 -23.4184 -82.5
      vertex 7.72542 -23.7764 -82.5
      vertex 10.3893 -22.5904 -82.5
    endloop
  endfacet
  facet normal 0 0 -1
    outer loop
      vertex 3.13585 -29.8357 -82.5
      vertex 7.72542 -23.7764 -82.5
      vertex 9.27051 -28.5317 -82.5
    endloop
  endfacet
  facet normal 0 0 -1
    outer loop
      vertex 3.13585 -29.8357 -82.5
      vertex 2.61321 -24.863 -82.5
      vertex 7.72542 -23.7764 -82.5
    endloop
  endfacet
  facet normal 0 0 -1
    outer loop
      vertex 3.13585 -29.8357 -82.5
      vertex -2.61321 -24.863 -82.5
      vertex 2.61321 -24.863 -82.5
    endloop
  endfacet
  facet normal 0 0 -1
    outer loop
      vertex -3.13585 -29.8357 -82.5
      vertex -2.61321 -24.863 -82.5
      vertex 3.13585 -29.8357 -82.5
    endloop
  endfacet
  facet normal 0 0 -1
    outer loop
      vertex -3.13585 -29.8357 -82.5
      vertex -7.72542 -23.7764 -82.5
      vertex -2.61321 -24.863 -82.5
    endloop
  endfacet
  facet normal 0 0 -1
    outer loop
      vertex -9.27051 -28.5317 -82.5
      vertex -7.72542 -23.7764 -82.5
      vertex -3.13585 -29.8357 -82.5
    endloop
  endfacet
  facet normal 0 0 -1
    outer loop
      vertex -10.7322 -23.4184 -82.5
      vertex -7.72542 -23.7764 -82.5
      vertex -9.27051 -28.5317 -82.5
    endloop
  endfacet
  facet normal 0 0 -1
    outer loop
      vertex -7.72542 -23.7764 -82.5
      vertex -10.7322 -23.4184 -82.5
      vertex -10.3893 -22.5904 -82.5
    endloop
  endfacet
  facet normal 0 0 -1
    outer loop
      vertex -9.27051 -28.5317 -82.5
      vertex -12.5 -24.1506 -82.5
      vertex -10.7322 -23.4184 -82.5
    endloop
  endfacet
  facet normal 0 0 -1
    outer loop
      vertex -15 -25.9808 -82.5
      vertex -12.5 -24.1506 -82.5
      vertex -9.27051 -28.5317 -82.5
    endloop
  endfacet
  facet normal -0 0 -1
    outer loop
      vertex -12.5 -24.1506 -82.5
      vertex -15 -25.9808 -82.5
      vertex -14.2678 -23.4184 -82.5
    endloop
  endfacet
  facet normal 0 0 -1
    outer loop
      vertex -20.0739 -22.2943 -82.5
      vertex -14.2678 -23.4184 -82.5
      vertex -15 -25.9808 -82.5
    endloop
  endfacet
  facet normal 0 0 -1
    outer loop
      vertex -14.2678 -23.4184 -82.5
      vertex -20.0739 -22.2943 -82.5
      vertex -15 -21.6506 -82.5
    endloop
  endfacet
  facet normal -0 0 -1
    outer loop
      vertex -15 -21.6506 -82.5
      vertex -20.0739 -22.2943 -82.5
      vertex -16.7283 -18.5786 -82.5
    endloop
  endfacet
  facet normal 0 0 -1
    outer loop
      vertex -20.0739 -22.2943 -82.5
      vertex -20.2254 -14.6946 -82.5
      vertex -16.7283 -18.5786 -82.5
    endloop
  endfacet
  facet normal 0 0 -1
    outer loop
      vertex -24.2705 -17.6336 -82.5
      vertex -20.2254 -14.6946 -82.5
      vertex -20.0739 -22.2943 -82.5
    endloop
  endfacet
  facet normal -0 0 -1
    outer loop
      vertex -20.2254 -14.6946 -82.5
      vertex -24.2705 -17.6336 -82.5
      vertex -22.8386 -10.1684 -82.5
    endloop
  endfacet
  facet normal 0 0 -1
    outer loop
      vertex -27.4064 -12.2021 -82.5
      vertex -22.8386 -10.1684 -82.5
      vertex -24.2705 -17.6336 -82.5
    endloop
  endfacet
  facet normal -0 0 -1
    outer loop
      vertex -22.8386 -10.1684 -82.5
      vertex -27.4064 -12.2021 -82.5
      vertex -24.4537 -5.19779 -82.5
    endloop
  endfacet
  facet normal 0 0 -1
    outer loop
      vertex -29.3444 -6.23735 -82.5
      vertex -24.4537 -5.19779 -82.5
      vertex -27.4064 -12.2021 -82.5
    endloop
  endfacet
  facet normal 0 0 -1
    outer loop
      vertex -24.4537 -5.19779 -82.5
      vertex -25 -2.5 -82.5
      vertex -24.7482 -2.3957 -82.5
    endloop
  endfacet
  facet normal 0 -0 -1
    outer loop
      vertex -26.7678 -1.76777 -82.5
      vertex -24.4537 -5.19779 -82.5
      vertex -29.3444 -6.23735 -82.5
    endloop
  endfacet
  facet normal 0 0 -1
    outer loop
      vertex -24.4537 -5.19779 -82.5
      vertex -26.7678 -1.76777 -82.5
      vertex -25 -2.5 -82.5
    endloop
  endfacet
  facet normal 0 0 -1
    outer loop
      vertex -30 0 -82.5
      vertex -26.7678 -1.76777 -82.5
      vertex -29.3444 -6.23735 -82.5
    endloop
  endfacet
  facet normal 0 0 -1
    outer loop
      vertex 26.7678 -1.76777 -82.5
      vertex 30 0 -82.5
      vertex 29.3444 -6.23735 -82.5
    endloop
  endfacet
  facet normal 0 0 -1
    outer loop
      vertex 26.7678 1.76777 -82.5
      vertex 30 0 -82.5
      vertex 27.5 0 -82.5
    endloop
  endfacet
  facet normal 0 0 -1
    outer loop
      vertex 24.4537 -5.19779 -82.5
      vertex 29.3444 -6.23735 -82.5
      vertex 27.4064 -12.2021 -82.5
    endloop
  endfacet
  facet normal -0 0 -1
    outer loop
      vertex 30 0 -82.5
      vertex 26.7678 -1.76777 -82.5
      vertex 27.5 0 -82.5
    endloop
  endfacet
  facet normal 0 0 -1
    outer loop
      vertex 29.3444 -6.23735 -82.5
      vertex 24.4537 -5.19779 -82.5
      vertex 26.7678 -1.76777 -82.5
    endloop
  endfacet
  facet normal 0 0 -1
    outer loop
      vertex 26.7678 -1.76777 -82.5
      vertex 24.4537 -5.19779 -82.5
      vertex 25 -2.5 -82.5
    endloop
  endfacet
  facet normal -0 0 -1
    outer loop
      vertex 25 -2.5 -82.5
      vertex 24.4537 -5.19779 -82.5
      vertex 24.7482 -2.3957 -82.5
    endloop
  endfacet
  facet normal 0 0 -1
    outer loop
      vertex 22.8386 -10.1684 -82.5
      vertex 27.4064 -12.2021 -82.5
      vertex 24.2705 -17.6336 -82.5
    endloop
  endfacet
  facet normal 0 0 -1
    outer loop
      vertex 27.4064 -12.2021 -82.5
      vertex 22.8386 -10.1684 -82.5
      vertex 24.4537 -5.19779 -82.5
    endloop
  endfacet
  facet normal 0 0 -1
    outer loop
      vertex 24.2705 -17.6336 -82.5
      vertex 20.2254 -14.6946 -82.5
      vertex 22.8386 -10.1684 -82.5
    endloop
  endfacet
  facet normal 0 0 -1
    outer loop
      vertex 20.0739 -22.2943 -82.5
      vertex 20.2254 -14.6946 -82.5
      vertex 24.2705 -17.6336 -82.5
    endloop
  endfacet
  facet normal 0 0 -1
    outer loop
      vertex 20.0739 -22.2943 -82.5
      vertex 16.7283 -18.5786 -82.5
      vertex 20.2254 -14.6946 -82.5
    endloop
  endfacet
  facet normal 0 0 -1
    outer loop
      vertex 14.2678 -23.4184 -82.5
      vertex 20.0739 -22.2943 -82.5
      vertex 15 -25.9808 -82.5
    endloop
  endfacet
  facet normal 0 0 -1
    outer loop
      vertex 20.0739 -22.2943 -82.5
      vertex 15 -21.6506 -82.5
      vertex 16.7283 -18.5786 -82.5
    endloop
  endfacet
  facet normal 0 0 -1
    outer loop
      vertex 16.7283 -18.5786 -82.5
      vertex 15 -21.6506 -82.5
      vertex 14.4217 -20.2545 -82.5
    endloop
  endfacet
  facet normal 0 0 -1
    outer loop
      vertex 30 0 -82.5
      vertex 26.7678 1.76777 -82.5
      vertex 29.3444 6.23735 -82.5
    endloop
  endfacet
  facet normal 0 0 -1
    outer loop
      vertex 24.4537 5.19779 -82.5
      vertex 29.3444 6.23735 -82.5
      vertex 26.7678 1.76777 -82.5
    endloop
  endfacet
  facet normal 0 0 -1
    outer loop
      vertex 24.4537 5.19779 -82.5
      vertex 26.7678 1.76777 -82.5
      vertex 25 2.5 -82.5
    endloop
  endfacet
  facet normal 0 0 -1
    outer loop
      vertex 24.4537 5.19779 -82.5
      vertex 25 2.5 -82.5
      vertex 24.7482 2.3957 -82.5
    endloop
  endfacet
  facet normal -0 0 -1
    outer loop
      vertex 29.3444 6.23735 -82.5
      vertex 24.4537 5.19779 -82.5
      vertex 27.4064 12.2021 -82.5
    endloop
  endfacet
  facet normal 0 0 -1
    outer loop
      vertex 22.8386 10.1684 -82.5
      vertex 27.4064 12.2021 -82.5
      vertex 24.4537 5.19779 -82.5
    endloop
  endfacet
  facet normal -0 0 -1
    outer loop
      vertex 27.4064 12.2021 -82.5
      vertex 22.8386 10.1684 -82.5
      vertex 24.2705 17.6336 -82.5
    endloop
  endfacet
  facet normal 0 0 -1
    outer loop
      vertex 20.2254 14.6946 -82.5
      vertex 24.2705 17.6336 -82.5
      vertex 22.8386 10.1684 -82.5
    endloop
  endfacet
  facet normal 0 0 -1
    outer loop
      vertex 20.2254 14.6946 -82.5
      vertex 20.0739 22.2943 -82.5
      vertex 24.2705 17.6336 -82.5
    endloop
  endfacet
  facet normal 0 0 -1
    outer loop
      vertex 16.7283 18.5786 -82.5
      vertex 20.0739 22.2943 -82.5
      vertex 20.2254 14.6946 -82.5
    endloop
  endfacet
  facet normal 0 0 -1
    outer loop
      vertex 15 21.6506 -82.5
      vertex 20.0739 22.2943 -82.5
      vertex 16.7283 18.5786 -82.5
    endloop
  endfacet
  facet normal 0 0 -1
    outer loop
      vertex 14.2678 23.4184 -82.5
      vertex 20.0739 22.2943 -82.5
      vertex 15 21.6506 -82.5
    endloop
  endfacet
  facet normal 0 0 -1
    outer loop
      vertex 20.0739 22.2943 -82.5
      vertex 14.2678 23.4184 -82.5
      vertex 15 25.9808 -82.5
    endloop
  endfacet
  facet normal 0 0 -1
    outer loop
      vertex 12.5 24.1506 -82.5
      vertex 15 25.9808 -82.5
      vertex 14.2678 23.4184 -82.5
    endloop
  endfacet
  facet normal 0 0 -1
    outer loop
      vertex 9.27051 28.5317 -82.5
      vertex 12.5 24.1506 -82.5
      vertex 10.7322 23.4184 -82.5
    endloop
  endfacet
  facet normal 0 0 -1
    outer loop
      vertex 12.5 24.1506 -82.5
      vertex 9.27051 28.5317 -82.5
      vertex 15 25.9808 -82.5
    endloop
  endfacet
  facet normal 0 0 -1
    outer loop
      vertex 7.72542 23.7764 -82.5
      vertex 10.7322 23.4184 -82.5
      vertex 10.3893 22.5904 -82.5
    endloop
  endfacet
  facet normal 0 0 -1
    outer loop
      vertex 10.7322 23.4184 -82.5
      vertex 7.72542 23.7764 -82.5
      vertex 9.27051 28.5317 -82.5
    endloop
  endfacet
  facet normal 0 0 -1
    outer loop
      vertex 7.72542 23.7764 -82.5
      vertex 3.13585 29.8357 -82.5
      vertex 9.27051 28.5317 -82.5
    endloop
  endfacet
  facet normal 0 0 -1
    outer loop
      vertex 2.61321 24.863 -82.5
      vertex 3.13585 29.8357 -82.5
      vertex 7.72542 23.7764 -82.5
    endloop
  endfacet
  facet normal 0 0 -1
    outer loop
      vertex -2.61321 24.863 -82.5
      vertex 3.13585 29.8357 -82.5
      vertex 2.61321 24.863 -82.5
    endloop
  endfacet
  facet normal 0 0 -1
    outer loop
      vertex -2.61321 24.863 -82.5
      vertex -3.13585 29.8357 -82.5
      vertex 3.13585 29.8357 -82.5
    endloop
  endfacet
  facet normal 0 0 -1
    outer loop
      vertex -7.72542 23.7764 -82.5
      vertex -3.13585 29.8357 -82.5
      vertex -2.61321 24.863 -82.5
    endloop
  endfacet
  facet normal 0 0 -1
    outer loop
      vertex -7.72542 23.7764 -82.5
      vertex -9.27051 28.5317 -82.5
      vertex -3.13585 29.8357 -82.5
    endloop
  endfacet
  facet normal 0 0 -1
    outer loop
      vertex -10.7322 23.4184 -82.5
      vertex -7.72542 23.7764 -82.5
      vertex -10.3893 22.5904 -82.5
    endloop
  endfacet
  facet normal -0 0 -1
    outer loop
      vertex -7.72542 23.7764 -82.5
      vertex -10.7322 23.4184 -82.5
      vertex -9.27051 28.5317 -82.5
    endloop
  endfacet
  facet normal 0 0 -1
    outer loop
      vertex -12.5 24.1506 -82.5
      vertex -9.27051 28.5317 -82.5
      vertex -10.7322 23.4184 -82.5
    endloop
  endfacet
  facet normal 0 0 -1
    outer loop
      vertex -15 25.9808 -82.5
      vertex -12.5 24.1506 -82.5
      vertex -14.2678 23.4184 -82.5
    endloop
  endfacet
  facet normal 0 0 -1
    outer loop
      vertex -12.5 24.1506 -82.5
      vertex -15 25.9808 -82.5
      vertex -9.27051 28.5317 -82.5
    endloop
  endfacet
  facet normal 0 0 -1
    outer loop
      vertex -15 25.9808 -82.5
      vertex -14.2678 23.4184 -82.5
      vertex -15 21.6506 -82.5
    endloop
  endfacet
  facet normal -0 0 -1
    outer loop
      vertex -14.4217 -20.2545 -82.5
      vertex -15 -21.6506 -82.5
      vertex -16.7283 -18.5786 -82.5
    endloop
  endfacet
  facet normal -0.95106 -0.309008 0
    outer loop
      vertex -27.4064 -12.2021 -82.5
      vertex -29.3444 -6.23735 -77.5
      vertex -29.3444 -6.23735 -82.5
    endloop
  endfacet
  facet normal -0.95106 -0.309008 0
    outer loop
      vertex -29.3444 -6.23735 -77.5
      vertex -27.4064 -12.2021 -82.5
      vertex -27.4064 -12.2021 -77.5
    endloop
  endfacet
  facet normal -0.406732 0.913547 0
    outer loop
      vertex -9.27051 28.5317 -82.5
      vertex -15 25.9808 -77.5
      vertex -9.27051 28.5317 -77.5
    endloop
  endfacet
  facet normal -0.406732 0.913547 0
    outer loop
      vertex -15 25.9808 -77.5
      vertex -9.27051 28.5317 -82.5
      vertex -15 25.9808 -82.5
    endloop
  endfacet
  facet normal -0 0 1
    outer loop
      vertex -24.2705 -17.6336 -77.5
      vertex -14.2678 -19.8829 -77.5
      vertex -23.2322 -1.76777 -77.5
    endloop
  endfacet
  facet normal 0 0 1
    outer loop
      vertex -14.2678 -19.8829 -77.5
      vertex -24.2705 -17.6336 -77.5
      vertex -20.0739 -22.2943 -77.5
    endloop
  endfacet
  facet normal 0 0 1
    outer loop
      vertex -27.4064 -12.2021 -77.5
      vertex -23.2322 -1.76777 -77.5
      vertex -25 -2.5 -77.5
    endloop
  endfacet
  facet normal 0 0 1
    outer loop
      vertex -29.3444 -6.23735 -77.5
      vertex -25 -2.5 -77.5
      vertex -26.7678 -1.76777 -77.5
    endloop
  endfacet
  facet normal 0 0 1
    outer loop
      vertex -23.2322 -1.76777 -77.5
      vertex -27.4064 -12.2021 -77.5
      vertex -24.2705 -17.6336 -77.5
    endloop
  endfacet
  facet normal -0 0 1
    outer loop
      vertex -30 0 -77.5
      vertex -26.7678 -1.76777 -77.5
      vertex -27.5 0 -77.5
    endloop
  endfacet
  facet normal 0 0 1
    outer loop
      vertex -26.7678 1.76777 -77.5
      vertex -30 0 -77.5
      vertex -27.5 0 -77.5
    endloop
  endfacet
  facet normal 0 0 1
    outer loop
      vertex -25 -2.5 -77.5
      vertex -29.3444 -6.23735 -77.5
      vertex -27.4064 -12.2021 -77.5
    endloop
  endfacet
  facet normal 0 0 1
    outer loop
      vertex -26.7678 -1.76777 -77.5
      vertex -30 0 -77.5
      vertex -29.3444 -6.23735 -77.5
    endloop
  endfacet
  facet normal 0 0 1
    outer loop
      vertex -14.2678 19.8829 -77.5
      vertex -8.09017 5.87785 -77.5
      vertex -12.5 19.1506 -77.5
    endloop
  endfacet
  facet normal 0 0 1
    outer loop
      vertex -8.09017 5.87785 -77.5
      vertex -23.2322 1.76777 -77.5
      vertex -9.13545 4.06737 -77.5
    endloop
  endfacet
  facet normal 0 0 1
    outer loop
      vertex -9.13545 4.06737 -77.5
      vertex -23.2322 1.76777 -77.5
      vertex -9.78148 2.07912 -77.5
    endloop
  endfacet
  facet normal 0 0 1
    outer loop
      vertex -10 0 -77.5
      vertex -10.7322 -19.8829 -77.5
      vertex -10 -21.6506 -77.5
    endloop
  endfacet
  facet normal 0 -0 1
    outer loop
      vertex -22.5 0 -77.5
      vertex -9.78148 2.07912 -77.5
      vertex -23.2322 1.76777 -77.5
    endloop
  endfacet
  facet normal 0 0 1
    outer loop
      vertex -23.2322 -1.76777 -77.5
      vertex -10 0 -77.5
      vertex -22.5 0 -77.5
    endloop
  endfacet
  facet normal 0 0 1
    outer loop
      vertex -8.09017 5.87785 -77.5
      vertex -14.2678 19.8829 -77.5
      vertex -23.2322 1.76777 -77.5
    endloop
  endfacet
  facet normal 0 0 1
    outer loop
      vertex -10 0 -77.5
      vertex -12.5 -19.1506 -77.5
      vertex -10.7322 -19.8829 -77.5
    endloop
  endfacet
  facet normal 0 0 1
    outer loop
      vertex -20.0739 22.2943 -77.5
      vertex -14.2678 19.8829 -77.5
      vertex -15 21.6506 -77.5
    endloop
  endfacet
  facet normal 0 0 1
    outer loop
      vertex -10 0 -77.5
      vertex -23.2322 -1.76777 -77.5
      vertex -12.5 -19.1506 -77.5
    endloop
  endfacet
  facet normal -0 -0 1
    outer loop
      vertex 9.78148 2.07912 -77.5
      vertex 23.2322 1.76777 -77.5
      vertex 9.13545 4.06737 -77.5
    endloop
  endfacet
  facet normal 0 0 1
    outer loop
      vertex 22.5 0 -77.5
      vertex 14.2678 -19.8829 -77.5
      vertex 15 -21.6506 -77.5
    endloop
  endfacet
  facet normal 0 0 1
    outer loop
      vertex 8.09017 5.87785 -77.5
      vertex 14.2678 19.8829 -77.5
      vertex 12.5 19.1506 -77.5
    endloop
  endfacet
  facet normal 0 0 1
    outer loop
      vertex 9.78148 -2.07912 -77.5
      vertex 22.5 0 -77.5
      vertex 10 0 -77.5
    endloop
  endfacet
  facet normal 0 0 1
    outer loop
      vertex 5 8.66025 -77.5
      vertex 12.5 19.1506 -77.5
      vertex 10.7322 19.8829 -77.5
    endloop
  endfacet
  facet normal 0 0 1
    outer loop
      vertex 9.13545 -4.06737 -77.5
      vertex 22.5 0 -77.5
      vertex 9.78148 -2.07912 -77.5
    endloop
  endfacet
  facet normal 0 0 1
    outer loop
      vertex 1.04528 9.94522 -77.5
      vertex 10.7322 19.8829 -77.5
      vertex 10 21.6506 -77.5
    endloop
  endfacet
  facet normal 0 0 1
    outer loop
      vertex 22.5 0 -77.5
      vertex 9.13545 -4.06737 -77.5
      vertex 14.2678 -19.8829 -77.5
    endloop
  endfacet
  facet normal -0 0 1
    outer loop
      vertex 8.09017 -5.87785 -77.5
      vertex 14.2678 -19.8829 -77.5
      vertex 9.13545 -4.06737 -77.5
    endloop
  endfacet
  facet normal 0 0 1
    outer loop
      vertex 14.2678 -19.8829 -77.5
      vertex 8.09017 -5.87785 -77.5
      vertex 12.5 -19.1506 -77.5
    endloop
  endfacet
  facet normal 0 0 1
    outer loop
      vertex 20.0739 22.2943 -77.5
      vertex 14.2678 23.4184 -77.5
      vertex 15 21.6506 -77.5
    endloop
  endfacet
  facet normal 0 0 1
    outer loop
      vertex 15 25.9808 -77.5
      vertex 12.5 24.1506 -77.5
      vertex 14.2678 23.4184 -77.5
    endloop
  endfacet
  facet normal 0 0 1
    outer loop
      vertex 9.27051 28.5317 -77.5
      vertex 12.5 24.1506 -77.5
      vertex 15 25.9808 -77.5
    endloop
  endfacet
  facet normal 0 0 1
    outer loop
      vertex 22.5 0 -77.5
      vertex 9.78148 2.07912 -77.5
      vertex 10 0 -77.5
    endloop
  endfacet
  facet normal 0 0 1
    outer loop
      vertex 12.5 24.1506 -77.5
      vertex 9.27051 28.5317 -77.5
      vertex 10.7322 23.4184 -77.5
    endloop
  endfacet
  facet normal 0 0 1
    outer loop
      vertex 9.27051 28.5317 -77.5
      vertex 10 21.6506 -77.5
      vertex 10.7322 23.4184 -77.5
    endloop
  endfacet
  facet normal 0 0 1
    outer loop
      vertex 3.13585 29.8357 -77.5
      vertex 10 21.6506 -77.5
      vertex 9.27051 28.5317 -77.5
    endloop
  endfacet
  facet normal 0 0 1
    outer loop
      vertex 23.2322 1.76777 -77.5
      vertex 9.78148 2.07912 -77.5
      vertex 22.5 0 -77.5
    endloop
  endfacet
  facet normal 0 0 1
    outer loop
      vertex 14.2678 19.8829 -77.5
      vertex 8.09017 5.87785 -77.5
      vertex 9.13545 4.06737 -77.5
    endloop
  endfacet
  facet normal 0 0 1
    outer loop
      vertex 12.5 19.1506 -77.5
      vertex 6.69131 7.43145 -77.5
      vertex 8.09017 5.87785 -77.5
    endloop
  endfacet
  facet normal 0 0 1
    outer loop
      vertex 12.5 19.1506 -77.5
      vertex 5 8.66025 -77.5
      vertex 6.69131 7.43145 -77.5
    endloop
  endfacet
  facet normal 0 0 1
    outer loop
      vertex -10 21.6506 -77.5
      vertex 10 21.6506 -77.5
      vertex 3.13585 29.8357 -77.5
    endloop
  endfacet
  facet normal 0 0 1
    outer loop
      vertex 10.7322 19.8829 -77.5
      vertex 3.09017 9.51056 -77.5
      vertex 5 8.66025 -77.5
    endloop
  endfacet
  facet normal 0 0 1
    outer loop
      vertex 10.7322 19.8829 -77.5
      vertex 1.04528 9.94522 -77.5
      vertex 3.09017 9.51056 -77.5
    endloop
  endfacet
  facet normal 0 0 1
    outer loop
      vertex 10 21.6506 -77.5
      vertex -1.04528 9.94522 -77.5
      vertex 1.04528 9.94522 -77.5
    endloop
  endfacet
  facet normal 0 0 1
    outer loop
      vertex 10 21.6506 -77.5
      vertex -10 21.6506 -77.5
      vertex -1.04528 9.94522 -77.5
    endloop
  endfacet
  facet normal 0 0 1
    outer loop
      vertex -10 21.6506 -77.5
      vertex 3.13585 29.8357 -77.5
      vertex -3.13585 29.8357 -77.5
    endloop
  endfacet
  facet normal -0 0 1
    outer loop
      vertex -10.7322 19.8829 -77.5
      vertex -1.04528 9.94522 -77.5
      vertex -10 21.6506 -77.5
    endloop
  endfacet
  facet normal 0 0 1
    outer loop
      vertex -1.04528 9.94522 -77.5
      vertex -10.7322 19.8829 -77.5
      vertex -3.09017 9.51056 -77.5
    endloop
  endfacet
  facet normal 0 0 1
    outer loop
      vertex -3.09017 9.51056 -77.5
      vertex -10.7322 19.8829 -77.5
      vertex -5 8.66025 -77.5
    endloop
  endfacet
  facet normal -0 0 1
    outer loop
      vertex -12.5 19.1506 -77.5
      vertex -5 8.66025 -77.5
      vertex -10.7322 19.8829 -77.5
    endloop
  endfacet
  facet normal 0 0 1
    outer loop
      vertex -10 21.6506 -77.5
      vertex -3.13585 29.8357 -77.5
      vertex -9.27051 28.5317 -77.5
    endloop
  endfacet
  facet normal 0 0 1
    outer loop
      vertex -5 8.66025 -77.5
      vertex -12.5 19.1506 -77.5
      vertex -6.69131 7.43145 -77.5
    endloop
  endfacet
  facet normal 0 0 1
    outer loop
      vertex -6.69131 7.43145 -77.5
      vertex -12.5 19.1506 -77.5
      vertex -8.09017 5.87785 -77.5
    endloop
  endfacet
  facet normal 0 0 1
    outer loop
      vertex -9.27051 28.5317 -77.5
      vertex -10.7322 23.4184 -77.5
      vertex -10 21.6506 -77.5
    endloop
  endfacet
  facet normal 0 0 1
    outer loop
      vertex -9.27051 28.5317 -77.5
      vertex -12.5 24.1506 -77.5
      vertex -10.7322 23.4184 -77.5
    endloop
  endfacet
  facet normal -0 0 1
    outer loop
      vertex -15 25.9808 -77.5
      vertex -12.5 24.1506 -77.5
      vertex -9.27051 28.5317 -77.5
    endloop
  endfacet
  facet normal 0 0 1
    outer loop
      vertex -12.5 24.1506 -77.5
      vertex -15 25.9808 -77.5
      vertex -14.2678 23.4184 -77.5
    endloop
  endfacet
  facet normal 0 0 1
    outer loop
      vertex -20.0739 22.2943 -77.5
      vertex -14.2678 23.4184 -77.5
      vertex -15 25.9808 -77.5
    endloop
  endfacet
  facet normal 0 0 1
    outer loop
      vertex -14.2678 23.4184 -77.5
      vertex -20.0739 22.2943 -77.5
      vertex -15 21.6506 -77.5
    endloop
  endfacet
  facet normal 0 0 1
    outer loop
      vertex -12.5 -19.1506 -77.5
      vertex -23.2322 -1.76777 -77.5
      vertex -14.2678 -19.8829 -77.5
    endloop
  endfacet
  facet normal 0 0 1
    outer loop
      vertex -14.2678 19.8829 -77.5
      vertex -20.0739 22.2943 -77.5
      vertex -24.2705 17.6336 -77.5
    endloop
  endfacet
  facet normal 0 0 1
    outer loop
      vertex -14.2678 -19.8829 -77.5
      vertex -20.0739 -22.2943 -77.5
      vertex -15 -21.6506 -77.5
    endloop
  endfacet
  facet normal 0 0 1
    outer loop
      vertex -15 -21.6506 -77.5
      vertex -20.0739 -22.2943 -77.5
      vertex -15 -25.9808 -77.5
    endloop
  endfacet
  facet normal 0 0 1
    outer loop
      vertex -9.78148 2.07912 -77.5
      vertex -22.5 0 -77.5
      vertex -10 0 -77.5
    endloop
  endfacet
  facet normal 0 0 1
    outer loop
      vertex -14.2678 19.8829 -77.5
      vertex -24.2705 17.6336 -77.5
      vertex -23.2322 1.76777 -77.5
    endloop
  endfacet
  facet normal -0 0 1
    outer loop
      vertex -27.4064 12.2021 -77.5
      vertex -23.2322 1.76777 -77.5
      vertex -24.2705 17.6336 -77.5
    endloop
  endfacet
  facet normal 0 0 1
    outer loop
      vertex -23.2322 1.76777 -77.5
      vertex -27.4064 12.2021 -77.5
      vertex -25 2.5 -77.5
    endloop
  endfacet
  facet normal -0 0 1
    outer loop
      vertex -29.3444 6.23735 -77.5
      vertex -25 2.5 -77.5
      vertex -27.4064 12.2021 -77.5
    endloop
  endfacet
  facet normal 0 0 1
    outer loop
      vertex -25 2.5 -77.5
      vertex -29.3444 6.23735 -77.5
      vertex -26.7678 1.76777 -77.5
    endloop
  endfacet
  facet normal 0 0 1
    outer loop
      vertex -30 0 -77.5
      vertex -26.7678 1.76777 -77.5
      vertex -29.3444 6.23735 -77.5
    endloop
  endfacet
  facet normal -0 0 1
    outer loop
      vertex 26.7678 1.76777 -77.5
      vertex 30 0 -77.5
      vertex 29.3444 6.23735 -77.5
    endloop
  endfacet
  facet normal 0 0 1
    outer loop
      vertex 26.7678 -1.76777 -77.5
      vertex 30 0 -77.5
      vertex 27.5 0 -77.5
    endloop
  endfacet
  facet normal 0 0 1
    outer loop
      vertex 25 2.5 -77.5
      vertex 29.3444 6.23735 -77.5
      vertex 27.4064 12.2021 -77.5
    endloop
  endfacet
  facet normal 0 0 1
    outer loop
      vertex 30 0 -77.5
      vertex 26.7678 1.76777 -77.5
      vertex 27.5 0 -77.5
    endloop
  endfacet
  facet normal 0 0 1
    outer loop
      vertex 29.3444 6.23735 -77.5
      vertex 25 2.5 -77.5
      vertex 26.7678 1.76777 -77.5
    endloop
  endfacet
  facet normal 0 0 1
    outer loop
      vertex 23.2322 1.76777 -77.5
      vertex 27.4064 12.2021 -77.5
      vertex 24.2705 17.6336 -77.5
    endloop
  endfacet
  facet normal 0 0 1
    outer loop
      vertex 27.4064 12.2021 -77.5
      vertex 23.2322 1.76777 -77.5
      vertex 25 2.5 -77.5
    endloop
  endfacet
  facet normal 0 0 1
    outer loop
      vertex 20.0739 22.2943 -77.5
      vertex 14.2678 19.8829 -77.5
      vertex 24.2705 17.6336 -77.5
    endloop
  endfacet
  facet normal 0 0 1
    outer loop
      vertex 14.2678 19.8829 -77.5
      vertex 20.0739 22.2943 -77.5
      vertex 15 21.6506 -77.5
    endloop
  endfacet
  facet normal 0 0 1
    outer loop
      vertex 30 0 -77.5
      vertex 26.7678 -1.76777 -77.5
      vertex 29.3444 -6.23735 -77.5
    endloop
  endfacet
  facet normal -0 0 1
    outer loop
      vertex 25 -2.5 -77.5
      vertex 29.3444 -6.23735 -77.5
      vertex 26.7678 -1.76777 -77.5
    endloop
  endfacet
  facet normal 0 0 1
    outer loop
      vertex 29.3444 -6.23735 -77.5
      vertex 25 -2.5 -77.5
      vertex 27.4064 -12.2021 -77.5
    endloop
  endfacet
  facet normal 0 0 1
    outer loop
      vertex 23.2322 -1.76777 -77.5
      vertex 27.4064 -12.2021 -77.5
      vertex 25 -2.5 -77.5
    endloop
  endfacet
  facet normal 0 0 1
    outer loop
      vertex 27.4064 -12.2021 -77.5
      vertex 23.2322 -1.76777 -77.5
      vertex 24.2705 -17.6336 -77.5
    endloop
  endfacet
  facet normal 0 0 1
    outer loop
      vertex 15 -21.6506 -77.5
      vertex 23.2322 -1.76777 -77.5
      vertex 22.5 0 -77.5
    endloop
  endfacet
  facet normal 0 0 1
    outer loop
      vertex 24.2705 17.6336 -77.5
      vertex 14.2678 19.8829 -77.5
      vertex 23.2322 1.76777 -77.5
    endloop
  endfacet
  facet normal -0 0 1
    outer loop
      vertex 9.13545 4.06737 -77.5
      vertex 23.2322 1.76777 -77.5
      vertex 14.2678 19.8829 -77.5
    endloop
  endfacet
  facet normal -0 0 1
    outer loop
      vertex 14.2678 23.4184 -77.5
      vertex 20.0739 22.2943 -77.5
      vertex 15 25.9808 -77.5
    endloop
  endfacet
  facet normal 0 0 1
    outer loop
      vertex 23.2322 -1.76777 -77.5
      vertex 15 -21.6506 -77.5
      vertex 24.2705 -17.6336 -77.5
    endloop
  endfacet
  facet normal 0 0 1
    outer loop
      vertex 24.2705 -17.6336 -77.5
      vertex 15 -21.6506 -77.5
      vertex 20.0739 -22.2943 -77.5
    endloop
  endfacet
  facet normal 0 0 1
    outer loop
      vertex 14.2678 -23.4184 -77.5
      vertex 20.0739 -22.2943 -77.5
      vertex 15 -21.6506 -77.5
    endloop
  endfacet
  facet normal 0 0 1
    outer loop
      vertex 20.0739 -22.2943 -77.5
      vertex 14.2678 -23.4184 -77.5
      vertex 15 -25.9808 -77.5
    endloop
  endfacet
  facet normal -0 0 1
    outer loop
      vertex 12.5 -24.1506 -77.5
      vertex 15 -25.9808 -77.5
      vertex 14.2678 -23.4184 -77.5
    endloop
  endfacet
  facet normal 0 0 1
    outer loop
      vertex 9.27051 -28.5317 -77.5
      vertex 12.5 -24.1506 -77.5
      vertex 10.7322 -23.4184 -77.5
    endloop
  endfacet
  facet normal 0 0 1
    outer loop
      vertex 12.5 -24.1506 -77.5
      vertex 9.27051 -28.5317 -77.5
      vertex 15 -25.9808 -77.5
    endloop
  endfacet
  facet normal 0 0 1
    outer loop
      vertex 10 -21.6506 -77.5
      vertex 9.27051 -28.5317 -77.5
      vertex 10.7322 -23.4184 -77.5
    endloop
  endfacet
  facet normal -0 0 1
    outer loop
      vertex 6.69131 -7.43145 -77.5
      vertex 12.5 -19.1506 -77.5
      vertex 8.09017 -5.87785 -77.5
    endloop
  endfacet
  facet normal -0 0 1
    outer loop
      vertex 5 -8.66025 -77.5
      vertex 12.5 -19.1506 -77.5
      vertex 6.69131 -7.43145 -77.5
    endloop
  endfacet
  facet normal 0 0 1
    outer loop
      vertex 12.5 -19.1506 -77.5
      vertex 5 -8.66025 -77.5
      vertex 10.7322 -19.8829 -77.5
    endloop
  endfacet
  facet normal -0 0 1
    outer loop
      vertex 3.09017 -9.51056 -77.5
      vertex 10.7322 -19.8829 -77.5
      vertex 5 -8.66025 -77.5
    endloop
  endfacet
  facet normal -0 0 1
    outer loop
      vertex 1.04528 -9.94522 -77.5
      vertex 10.7322 -19.8829 -77.5
      vertex 3.09017 -9.51056 -77.5
    endloop
  endfacet
  facet normal 0 0 1
    outer loop
      vertex 10.7322 -19.8829 -77.5
      vertex 1.04528 -9.94522 -77.5
      vertex 10 -21.6506 -77.5
    endloop
  endfacet
  facet normal 0 0 1
    outer loop
      vertex 10 -21.6506 -77.5
      vertex 3.13585 -29.8357 -77.5
      vertex 9.27051 -28.5317 -77.5
    endloop
  endfacet
  facet normal -0 0 1
    outer loop
      vertex -1.04528 -9.94522 -77.5
      vertex 10 -21.6506 -77.5
      vertex 1.04528 -9.94522 -77.5
    endloop
  endfacet
  facet normal 0 0 1
    outer loop
      vertex -10 -21.6506 -77.5
      vertex 10 -21.6506 -77.5
      vertex -1.04528 -9.94522 -77.5
    endloop
  endfacet
  facet normal 0 0 1
    outer loop
      vertex -10 -21.6506 -77.5
      vertex -1.04528 -9.94522 -77.5
      vertex -3.09017 -9.51056 -77.5
    endloop
  endfacet
  facet normal 0 0 1
    outer loop
      vertex 10 -21.6506 -77.5
      vertex -10 -21.6506 -77.5
      vertex 3.13585 -29.8357 -77.5
    endloop
  endfacet
  facet normal 0 0 1
    outer loop
      vertex -10 -21.6506 -77.5
      vertex -3.09017 -9.51056 -77.5
      vertex -5 -8.66025 -77.5
    endloop
  endfacet
  facet normal 0 0 1
    outer loop
      vertex -10 -21.6506 -77.5
      vertex -5 -8.66025 -77.5
      vertex -6.69131 -7.43145 -77.5
    endloop
  endfacet
  facet normal 0 0 1
    outer loop
      vertex -10 -21.6506 -77.5
      vertex -6.69131 -7.43145 -77.5
      vertex -8.09017 -5.87785 -77.5
    endloop
  endfacet
  facet normal 0 0 1
    outer loop
      vertex -10 -21.6506 -77.5
      vertex -8.09017 -5.87785 -77.5
      vertex -9.13545 -4.06737 -77.5
    endloop
  endfacet
  facet normal 0 0 1
    outer loop
      vertex 3.13585 -29.8357 -77.5
      vertex -10 -21.6506 -77.5
      vertex -3.13585 -29.8357 -77.5
    endloop
  endfacet
  facet normal 0 0 1
    outer loop
      vertex -10 -21.6506 -77.5
      vertex -9.13545 -4.06737 -77.5
      vertex -9.78148 -2.07912 -77.5
    endloop
  endfacet
  facet normal 0 0 1
    outer loop
      vertex -10 -21.6506 -77.5
      vertex -9.78148 -2.07912 -77.5
      vertex -10 0 -77.5
    endloop
  endfacet
  facet normal 0 0 1
    outer loop
      vertex -3.13585 -29.8357 -77.5
      vertex -10 -21.6506 -77.5
      vertex -9.27051 -28.5317 -77.5
    endloop
  endfacet
  facet normal -0 0 1
    outer loop
      vertex -10.7322 -23.4184 -77.5
      vertex -9.27051 -28.5317 -77.5
      vertex -10 -21.6506 -77.5
    endloop
  endfacet
  facet normal -0 0 1
    outer loop
      vertex -12.5 -24.1506 -77.5
      vertex -9.27051 -28.5317 -77.5
      vertex -10.7322 -23.4184 -77.5
    endloop
  endfacet
  facet normal 0 0 1
    outer loop
      vertex -15 -25.9808 -77.5
      vertex -12.5 -24.1506 -77.5
      vertex -14.2678 -23.4184 -77.5
    endloop
  endfacet
  facet normal 0 0 1
    outer loop
      vertex -12.5 -24.1506 -77.5
      vertex -15 -25.9808 -77.5
      vertex -9.27051 -28.5317 -77.5
    endloop
  endfacet
  facet normal 0 0 1
    outer loop
      vertex -15 -25.9808 -77.5
      vertex -14.2678 -23.4184 -77.5
      vertex -15 -21.6506 -77.5
    endloop
  endfacet
  facet normal -0.207917 -0.978146 0
    outer loop
      vertex -9.27051 -28.5317 -82.5
      vertex -3.13585 -29.8357 -77.5
      vertex -9.27051 -28.5317 -77.5
    endloop
  endfacet
  facet normal -0.207917 -0.978146 -0
    outer loop
      vertex -3.13585 -29.8357 -77.5
      vertex -9.27051 -28.5317 -82.5
      vertex -3.13585 -29.8357 -82.5
    endloop
  endfacet
  facet normal 0.207917 0.978146 -0
    outer loop
      vertex 9.27051 28.5317 -82.5
      vertex 3.13585 29.8357 -77.5
      vertex 9.27051 28.5317 -77.5
    endloop
  endfacet
  facet normal 0.207917 0.978146 0
    outer loop
      vertex 3.13585 29.8357 -77.5
      vertex 9.27051 28.5317 -82.5
      vertex 3.13585 29.8357 -82.5
    endloop
  endfacet
  facet normal -0.994521 -0.104533 0
    outer loop
      vertex -29.3444 -6.23735 -82.5
      vertex -30 0 -77.5
      vertex -30 0 -82.5
    endloop
  endfacet
  facet normal -0.994521 -0.104533 0
    outer loop
      vertex -30 0 -77.5
      vertex -29.3444 -6.23735 -82.5
      vertex -29.3444 -6.23735 -77.5
    endloop
  endfacet
  facet normal -0.994521 0.104533 0
    outer loop
      vertex -30 0 -82.5
      vertex -29.3444 6.23735 -77.5
      vertex -29.3444 6.23735 -82.5
    endloop
  endfacet
  facet normal -0.994521 0.104533 0
    outer loop
      vertex -29.3444 6.23735 -77.5
      vertex -30 0 -82.5
      vertex -30 0 -77.5
    endloop
  endfacet
  facet normal -0.866024 -0.500003 0
    outer loop
      vertex -24.2705 -17.6336 -82.5
      vertex -27.4064 -12.2021 -77.5
      vertex -27.4064 -12.2021 -82.5
    endloop
  endfacet
  facet normal -0.866024 -0.500003 0
    outer loop
      vertex -27.4064 -12.2021 -77.5
      vertex -24.2705 -17.6336 -82.5
      vertex -24.2705 -17.6336 -77.5
    endloop
  endfacet
  facet normal -0.866024 0.500003 0
    outer loop
      vertex -27.4064 12.2021 -82.5
      vertex -24.2705 17.6336 -77.5
      vertex -24.2705 17.6336 -82.5
    endloop
  endfacet
  facet normal -0.866024 0.500003 0
    outer loop
      vertex -24.2705 17.6336 -77.5
      vertex -27.4064 12.2021 -82.5
      vertex -27.4064 12.2021 -77.5
    endloop
  endfacet
  facet normal 0.866024 -0.500003 0
    outer loop
      vertex 24.2705 -17.6336 -77.5
      vertex 27.4064 -12.2021 -82.5
      vertex 27.4064 -12.2021 -77.5
    endloop
  endfacet
  facet normal 0.866024 -0.500003 0
    outer loop
      vertex 27.4064 -12.2021 -82.5
      vertex 24.2705 -17.6336 -77.5
      vertex 24.2705 -17.6336 -82.5
    endloop
  endfacet
  facet normal 0.587795 0.80901 -0
    outer loop
      vertex 20.0739 22.2943 -82.5
      vertex 15 25.9808 -77.5
      vertex 20.0739 22.2943 -77.5
    endloop
  endfacet
  facet normal 0.587795 0.80901 0
    outer loop
      vertex 15 25.9808 -77.5
      vertex 20.0739 22.2943 -82.5
      vertex 15 25.9808 -82.5
    endloop
  endfacet
  facet normal -0.207917 0.978146 0
    outer loop
      vertex -3.13585 29.8357 -82.5
      vertex -9.27051 28.5317 -77.5
      vertex -3.13585 29.8357 -77.5
    endloop
  endfacet
  facet normal -0.207917 0.978146 0
    outer loop
      vertex -9.27051 28.5317 -77.5
      vertex -3.13585 29.8357 -82.5
      vertex -9.27051 28.5317 -82.5
    endloop
  endfacet
  facet normal 0 -1 0
    outer loop
      vertex -3.13585 -29.8357 -82.5
      vertex 3.13585 -29.8357 -77.5
      vertex -3.13585 -29.8357 -77.5
    endloop
  endfacet
  facet normal 0 -1 -0
    outer loop
      vertex 3.13585 -29.8357 -77.5
      vertex -3.13585 -29.8357 -82.5
      vertex 3.13585 -29.8357 -82.5
    endloop
  endfacet
  facet normal -0.406706 -0.913559 -0
    outer loop
      vertex -10.3893 -22.5904 -94.5
      vertex -10.3893 -22.5904 -110
      vertex -8.89555 -23.2554 -94.5
    endloop
  endfacet
  facet normal -0.406706 -0.913559 0
    outer loop
      vertex -8.89555 -23.2554 -90.5
      vertex -10.3893 -22.5904 -82.5
      vertex -10.3893 -22.5904 -90.5
    endloop
  endfacet
  facet normal -0.406726 -0.91355 -4.59968e-06
    outer loop
      vertex -10.3893 -22.5904 -82.5
      vertex -8.89555 -23.2554 -90.5
      vertex -7.72542 -23.7764 -82.5
    endloop
  endfacet
  facet normal -0.406753 -0.913538 0
    outer loop
      vertex -8.89555 -23.2554 -94.5
      vertex -7.72542 -23.7764 -82.5
      vertex -8.89555 -23.2554 -90.5
    endloop
  endfacet
  facet normal -0.406726 -0.91355 2.37403e-06
    outer loop
      vertex -7.72542 -23.7764 -110
      vertex -8.89555 -23.2554 -94.5
      vertex -10.3893 -22.5904 -110
    endloop
  endfacet
  facet normal -0.406753 -0.913538 0
    outer loop
      vertex -8.89555 -23.2554 -94.5
      vertex -7.72542 -23.7764 -110
      vertex -7.72542 -23.7764 -82.5
    endloop
  endfacet
  facet normal -0.951054 -0.309026 0
    outer loop
      vertex -22.8386 -10.1684 -110
      vertex -24.4537 -5.19779 -82.5
      vertex -24.4537 -5.19779 -110
    endloop
  endfacet
  facet normal -0.951054 -0.309026 0
    outer loop
      vertex -24.4537 -5.19779 -82.5
      vertex -22.8386 -10.1684 -110
      vertex -22.8386 -10.1684 -82.5
    endloop
  endfacet
  facet normal 0.951054 0.309026 0
    outer loop
      vertex 24.4537 5.19779 -82.5
      vertex 22.8386 10.1684 -110
      vertex 22.8386 10.1684 -82.5
    endloop
  endfacet
  facet normal 0.951054 0.309026 0
    outer loop
      vertex 22.8386 10.1684 -110
      vertex 24.4537 5.19779 -82.5
      vertex 24.4537 5.19779 -110
    endloop
  endfacet
  facet normal 0.994521 0.104534 -0
    outer loop
      vertex 24.594 3.86299 -94.5
      vertex 24.4537 5.19779 -82.5
      vertex 24.594 3.86299 -90.5
    endloop
  endfacet
  facet normal 0.994522 0.104524 1.53623e-06
    outer loop
      vertex 24.7482 2.3957 -82.5
      vertex 24.594 3.86299 -90.5
      vertex 24.4537 5.19779 -82.5
    endloop
  endfacet
  facet normal 0.994523 0.104516 0
    outer loop
      vertex 24.594 3.86299 -90.5
      vertex 24.7482 2.3957 -82.5
      vertex 24.7482 2.3957 -90.5
    endloop
  endfacet
  facet normal 0.994521 0.104534 0
    outer loop
      vertex 24.4537 5.19779 -82.5
      vertex 24.594 3.86299 -94.5
      vertex 24.4537 5.19779 -110
    endloop
  endfacet
  facet normal 0.994523 0.104516 -0
    outer loop
      vertex 24.7482 2.3957 -110
      vertex 24.594 3.86299 -94.5
      vertex 24.7482 2.3957 -94.5
    endloop
  endfacet
  facet normal 0.994522 0.104524 -7.92895e-07
    outer loop
      vertex 24.594 3.86299 -94.5
      vertex 24.7482 2.3957 -110
      vertex 24.4537 5.19779 -110
    endloop
  endfacet
  facet normal 0.866026 0.5 0
    outer loop
      vertex 22.8386 10.1684 -82.5
      vertex 20.2254 14.6946 -110
      vertex 20.2254 14.6946 -82.5
    endloop
  endfacet
  facet normal 0.866026 0.5 0
    outer loop
      vertex 20.2254 14.6946 -110
      vertex 22.8386 10.1684 -82.5
      vertex 22.8386 10.1684 -110
    endloop
  endfacet
  facet normal 0.587806 -0.809002 0
    outer loop
      vertex 14.4217 -20.2545 -94.5
      vertex 14.4217 -20.2545 -110
      vertex 15.6568 -19.3571 -94.5
    endloop
  endfacet
  facet normal 0.587806 -0.809002 0
    outer loop
      vertex 15.6568 -19.3571 -90.5
      vertex 14.4217 -20.2545 -82.5
      vertex 14.4217 -20.2545 -90.5
    endloop
  endfacet
  facet normal 0.587798 -0.809007 -1.69888e-06
    outer loop
      vertex 14.4217 -20.2545 -82.5
      vertex 15.6568 -19.3571 -90.5
      vertex 16.7283 -18.5786 -82.5
    endloop
  endfacet
  facet normal 0.58779 -0.809014 0
    outer loop
      vertex 15.6568 -19.3571 -94.5
      vertex 16.7283 -18.5786 -82.5
      vertex 15.6568 -19.3571 -90.5
    endloop
  endfacet
  facet normal 0.587798 -0.809007 8.7684e-07
    outer loop
      vertex 16.7283 -18.5786 -110
      vertex 15.6568 -19.3571 -94.5
      vertex 14.4217 -20.2545 -110
    endloop
  endfacet
  facet normal 0.58779 -0.809014 0
    outer loop
      vertex 15.6568 -19.3571 -94.5
      vertex 16.7283 -18.5786 -110
      vertex 16.7283 -18.5786 -82.5
    endloop
  endfacet
  facet normal 0.40673 0.913549 0
    outer loop
      vertex 10.3893 22.5904 -94.5
      vertex 10.3893 22.5904 -110
      vertex 8.94462 23.2336 -94.5
    endloop
  endfacet
  facet normal 0.40673 0.913549 0
    outer loop
      vertex 8.94462 23.2336 -90.5
      vertex 10.3893 22.5904 -82.5
      vertex 10.3893 22.5904 -90.5
    endloop
  endfacet
  facet normal 0.406726 0.91355 7.34577e-07
    outer loop
      vertex 10.3893 22.5904 -82.5
      vertex 8.94462 23.2336 -90.5
      vertex 7.72542 23.7764 -82.5
    endloop
  endfacet
  facet normal 0.406722 0.913552 -0
    outer loop
      vertex 8.94462 23.2336 -94.5
      vertex 7.72542 23.7764 -82.5
      vertex 8.94462 23.2336 -90.5
    endloop
  endfacet
  facet normal 0.406726 0.91355 -3.79136e-07
    outer loop
      vertex 7.72542 23.7764 -110
      vertex 8.94462 23.2336 -94.5
      vertex 10.3893 22.5904 -110
    endloop
  endfacet
  facet normal 0.406722 0.913552 0
    outer loop
      vertex 8.94462 23.2336 -94.5
      vertex 7.72542 23.7764 -110
      vertex 7.72542 23.7764 -82.5
    endloop
  endfacet
  facet normal 0.994523 -0.104516 0
    outer loop
      vertex 24.7482 -2.3957 -82.5
      vertex 24.594 -3.86299 -90.5
      vertex 24.7482 -2.3957 -90.5
    endloop
  endfacet
  facet normal 0.994521 -0.104534 0
    outer loop
      vertex 24.594 -3.86299 -90.5
      vertex 24.4537 -5.19779 -82.5
      vertex 24.594 -3.86299 -94.5
    endloop
  endfacet
  facet normal 0.994522 -0.104524 1.53623e-06
    outer loop
      vertex 24.4537 -5.19779 -82.5
      vertex 24.594 -3.86299 -90.5
      vertex 24.7482 -2.3957 -82.5
    endloop
  endfacet
  facet normal 0.994523 -0.104516 0
    outer loop
      vertex 24.594 -3.86299 -94.5
      vertex 24.7482 -2.3957 -110
      vertex 24.7482 -2.3957 -94.5
    endloop
  endfacet
  facet normal 0.994521 -0.104534 0
    outer loop
      vertex 24.4537 -5.19779 -110
      vertex 24.594 -3.86299 -94.5
      vertex 24.4537 -5.19779 -82.5
    endloop
  endfacet
  facet normal 0.994522 -0.104524 -7.92895e-07
    outer loop
      vertex 24.594 -3.86299 -94.5
      vertex 24.4537 -5.19779 -110
      vertex 24.7482 -2.3957 -110
    endloop
  endfacet
  facet normal 0.743151 0.669123 0
    outer loop
      vertex 20.2254 14.6946 -82.5
      vertex 16.7283 18.5786 -110
      vertex 16.7283 18.5786 -82.5
    endloop
  endfacet
  facet normal 0.743151 0.669123 0
    outer loop
      vertex 16.7283 18.5786 -110
      vertex 20.2254 14.6946 -82.5
      vertex 20.2254 14.6946 -110
    endloop
  endfacet
  facet normal -0.866026 0.5 0
    outer loop
      vertex -22.8386 10.1684 -110
      vertex -20.2254 14.6946 -82.5
      vertex -20.2254 14.6946 -110
    endloop
  endfacet
  facet normal -0.866026 0.5 0
    outer loop
      vertex -20.2254 14.6946 -82.5
      vertex -22.8386 10.1684 -110
      vertex -22.8386 10.1684 -82.5
    endloop
  endfacet
  facet normal 0.743151 -0.669123 0
    outer loop
      vertex 16.7283 -18.5786 -82.5
      vertex 20.2254 -14.6946 -110
      vertex 20.2254 -14.6946 -82.5
    endloop
  endfacet
  facet normal 0.743151 -0.669123 0
    outer loop
      vertex 20.2254 -14.6946 -110
      vertex 16.7283 -18.5786 -82.5
      vertex 16.7283 -18.5786 -110
    endloop
  endfacet
  facet normal -0.743151 0.669123 0
    outer loop
      vertex -20.2254 14.6946 -110
      vertex -16.7283 18.5786 -82.5
      vertex -16.7283 18.5786 -110
    endloop
  endfacet
  facet normal -0.743151 0.669123 0
    outer loop
      vertex -16.7283 18.5786 -82.5
      vertex -20.2254 14.6946 -110
      vertex -20.2254 14.6946 -82.5
    endloop
  endfacet
  facet normal 0.866026 -0.5 0
    outer loop
      vertex 20.2254 -14.6946 -82.5
      vertex 22.8386 -10.1684 -110
      vertex 22.8386 -10.1684 -82.5
    endloop
  endfacet
  facet normal 0.866026 -0.5 0
    outer loop
      vertex 22.8386 -10.1684 -110
      vertex 20.2254 -14.6946 -82.5
      vertex 20.2254 -14.6946 -110
    endloop
  endfacet
  facet normal -0.587799 0.809007 0
    outer loop
      vertex -14.4217 20.2545 -94.5
      vertex -14.4217 20.2545 -110
      vertex -15.6754 19.3436 -94.5
    endloop
  endfacet
  facet normal -0.587799 0.809007 0
    outer loop
      vertex -15.6754 19.3436 -90.5
      vertex -14.4217 20.2545 -82.5
      vertex -14.4217 20.2545 -90.5
    endloop
  endfacet
  facet normal -0.587798 0.809007 -2.67875e-07
    outer loop
      vertex -14.4217 20.2545 -82.5
      vertex -15.6754 19.3436 -90.5
      vertex -16.7283 18.5786 -82.5
    endloop
  endfacet
  facet normal -0.587797 0.809008 0
    outer loop
      vertex -15.6754 19.3436 -94.5
      vertex -16.7283 18.5786 -82.5
      vertex -15.6754 19.3436 -90.5
    endloop
  endfacet
  facet normal -0.587798 0.809007 1.38258e-07
    outer loop
      vertex -16.7283 18.5786 -110
      vertex -15.6754 19.3436 -94.5
      vertex -14.4217 20.2545 -110
    endloop
  endfacet
  facet normal -0.587797 0.809008 0
    outer loop
      vertex -15.6754 19.3436 -94.5
      vertex -16.7283 18.5786 -110
      vertex -16.7283 18.5786 -82.5
    endloop
  endfacet
  facet normal 0.951054 -0.309026 0
    outer loop
      vertex 22.8386 -10.1684 -82.5
      vertex 24.4537 -5.19779 -110
      vertex 24.4537 -5.19779 -82.5
    endloop
  endfacet
  facet normal 0.951054 -0.309026 0
    outer loop
      vertex 24.4537 -5.19779 -110
      vertex 22.8386 -10.1684 -82.5
      vertex 22.8386 -10.1684 -110
    endloop
  endfacet
  facet normal 0 1 -0
    outer loop
      vertex 2.61321 24.863 -110
      vertex -2.61321 24.863 -82.5
      vertex 2.61321 24.863 -82.5
    endloop
  endfacet
  facet normal 0 1 0
    outer loop
      vertex -2.61321 24.863 -82.5
      vertex 2.61321 24.863 -110
      vertex -2.61321 24.863 -110
    endloop
  endfacet
  facet normal -0.587798 -0.809007 -2.67875e-07
    outer loop
      vertex -16.7283 -18.5786 -82.5
      vertex -15.6754 -19.3436 -90.5
      vertex -14.4217 -20.2545 -82.5
    endloop
  endfacet
  facet normal -0.587797 -0.809008 0
    outer loop
      vertex -16.7283 -18.5786 -82.5
      vertex -15.6754 -19.3436 -94.5
      vertex -15.6754 -19.3436 -90.5
    endloop
  endfacet
  facet normal -0.587797 -0.809008 0
    outer loop
      vertex -16.7283 -18.5786 -110
      vertex -15.6754 -19.3436 -94.5
      vertex -16.7283 -18.5786 -82.5
    endloop
  endfacet
  facet normal -0.587798 -0.809007 1.38258e-07
    outer loop
      vertex -14.4217 -20.2545 -110
      vertex -15.6754 -19.3436 -94.5
      vertex -16.7283 -18.5786 -110
    endloop
  endfacet
  facet normal -0.587799 -0.809007 0
    outer loop
      vertex -15.6754 -19.3436 -94.5
      vertex -14.4217 -20.2545 -110
      vertex -14.4217 -20.2545 -94.5
    endloop
  endfacet
  facet normal -0.587799 -0.809007 -0
    outer loop
      vertex -14.4217 -20.2545 -82.5
      vertex -15.6754 -19.3436 -90.5
      vertex -14.4217 -20.2545 -90.5
    endloop
  endfacet
  facet normal -0.866026 -0.5 0
    outer loop
      vertex -20.2254 -14.6946 -110
      vertex -22.8386 -10.1684 -82.5
      vertex -22.8386 -10.1684 -110
    endloop
  endfacet
  facet normal -0.866026 -0.5 0
    outer loop
      vertex -22.8386 -10.1684 -82.5
      vertex -20.2254 -14.6946 -110
      vertex -20.2254 -14.6946 -82.5
    endloop
  endfacet
  facet normal -0 0 -1
    outer loop
      vertex 22.5 0 -110
      vertex 9.78148 -2.07912 -110
      vertex 10 0 -110
    endloop
  endfacet
  facet normal 0 0 -1
    outer loop
      vertex 10.7322 -19.8829 -110
      vertex 9.13545 -4.06737 -110
      vertex 9.78148 -2.07912 -110
    endloop
  endfacet
  facet normal 0 0 -1
    outer loop
      vertex 10.7322 -19.8829 -110
      vertex 8.09017 -5.87785 -110
      vertex 9.13545 -4.06737 -110
    endloop
  endfacet
  facet normal 0 0 -1
    outer loop
      vertex 7.72542 -23.7764 -110
      vertex 10 -21.6506 -110
      vertex 10.3893 -22.5904 -110
    endloop
  endfacet
  facet normal 0 0 -1
    outer loop
      vertex 2.61321 -24.863 -110
      vertex 10.7322 -19.8829 -110
      vertex 7.72542 -23.7764 -110
    endloop
  endfacet
  facet normal 0 0 -1
    outer loop
      vertex 10.7322 -19.8829 -110
      vertex 6.69131 -7.43145 -110
      vertex 8.09017 -5.87785 -110
    endloop
  endfacet
  facet normal 0 0 -1
    outer loop
      vertex 10.7322 -19.8829 -110
      vertex 5 -8.66025 -110
      vertex 6.69131 -7.43145 -110
    endloop
  endfacet
  facet normal 0 0 -1
    outer loop
      vertex 10.7322 -19.8829 -110
      vertex 3.09017 -9.51056 -110
      vertex 5 -8.66025 -110
    endloop
  endfacet
  facet normal 0 0 -1
    outer loop
      vertex 1.04528 -9.94522 -110
      vertex 10.7322 -19.8829 -110
      vertex 2.61321 -24.863 -110
    endloop
  endfacet
  facet normal 0 0 -1
    outer loop
      vertex 10.7322 -19.8829 -110
      vertex 1.04528 -9.94522 -110
      vertex 3.09017 -9.51056 -110
    endloop
  endfacet
  facet normal 0 0 -1
    outer loop
      vertex 2.61321 -24.863 -110
      vertex -1.04528 -9.94522 -110
      vertex 1.04528 -9.94522 -110
    endloop
  endfacet
  facet normal 0 0 -1
    outer loop
      vertex -2.61321 -24.863 -110
      vertex -1.04528 -9.94522 -110
      vertex 2.61321 -24.863 -110
    endloop
  endfacet
  facet normal 0 0 -1
    outer loop
      vertex -10.7322 -19.8829 -110
      vertex -1.04528 -9.94522 -110
      vertex -2.61321 -24.863 -110
    endloop
  endfacet
  facet normal -0 0 -1
    outer loop
      vertex -1.04528 -9.94522 -110
      vertex -10.7322 -19.8829 -110
      vertex -3.09017 -9.51056 -110
    endloop
  endfacet
  facet normal -0 0 -1
    outer loop
      vertex -3.09017 -9.51056 -110
      vertex -10.7322 -19.8829 -110
      vertex -5 -8.66025 -110
    endloop
  endfacet
  facet normal 0 0 -1
    outer loop
      vertex -10.7322 -19.8829 -110
      vertex -2.61321 -24.863 -110
      vertex -7.72542 -23.7764 -110
    endloop
  endfacet
  facet normal 0 0 -1
    outer loop
      vertex -12.5 -19.1506 -110
      vertex -5 -8.66025 -110
      vertex -10.7322 -19.8829 -110
    endloop
  endfacet
  facet normal -0 0 -1
    outer loop
      vertex -5 -8.66025 -110
      vertex -12.5 -19.1506 -110
      vertex -6.69131 -7.43145 -110
    endloop
  endfacet
  facet normal -0 0 -1
    outer loop
      vertex -6.69131 -7.43145 -110
      vertex -12.5 -19.1506 -110
      vertex -8.09017 -5.87785 -110
    endloop
  endfacet
  facet normal 0 0 -1
    outer loop
      vertex -10.7322 -19.8829 -110
      vertex -7.72542 -23.7764 -110
      vertex -10 -21.6506 -110
    endloop
  endfacet
  facet normal 0 -0 -1
    outer loop
      vertex -10 -21.6506 -110
      vertex -7.72542 -23.7764 -110
      vertex -10.3893 -22.5904 -110
    endloop
  endfacet
  facet normal 0 0 -1
    outer loop
      vertex 24.4537 -5.19779 -110
      vertex 23.2322 -1.76777 -110
      vertex 24.7482 -2.3957 -110
    endloop
  endfacet
  facet normal 0 0 -1
    outer loop
      vertex 22.8386 -10.1684 -110
      vertex 23.2322 -1.76777 -110
      vertex 24.4537 -5.19779 -110
    endloop
  endfacet
  facet normal 0 0 -1
    outer loop
      vertex 9.78148 -2.07912 -110
      vertex 23.2322 -1.76777 -110
      vertex 22.8386 -10.1684 -110
    endloop
  endfacet
  facet normal 0 0 -1
    outer loop
      vertex 9.78148 -2.07912 -110
      vertex 22.8386 -10.1684 -110
      vertex 20.2254 -14.6946 -110
    endloop
  endfacet
  facet normal 0 0 -1
    outer loop
      vertex 23.2322 1.76777 -110
      vertex 24.4537 5.19779 -110
      vertex 24.7482 2.3957 -110
    endloop
  endfacet
  facet normal 0 0 -1
    outer loop
      vertex 23.2322 1.76777 -110
      vertex 22.8386 10.1684 -110
      vertex 24.4537 5.19779 -110
    endloop
  endfacet
  facet normal 0 0 -1
    outer loop
      vertex 9.78148 2.07912 -110
      vertex 23.2322 1.76777 -110
      vertex 22.5 0 -110
    endloop
  endfacet
  facet normal 0 0 -1
    outer loop
      vertex 9.78148 -2.07912 -110
      vertex 22.5 0 -110
      vertex 23.2322 -1.76777 -110
    endloop
  endfacet
  facet normal 0 0 -1
    outer loop
      vertex 9.78148 2.07912 -110
      vertex 22.5 0 -110
      vertex 10 0 -110
    endloop
  endfacet
  facet normal 0 0 -1
    outer loop
      vertex 12.5 -19.1506 -110
      vertex 20.2254 -14.6946 -110
      vertex 16.7283 -18.5786 -110
    endloop
  endfacet
  facet normal 0 0 -1
    outer loop
      vertex 9.13545 4.06737 -110
      vertex 23.2322 1.76777 -110
      vertex 9.78148 2.07912 -110
    endloop
  endfacet
  facet normal 0 0 -1
    outer loop
      vertex 14.2678 -19.8829 -110
      vertex 16.7283 -18.5786 -110
      vertex 14.4217 -20.2545 -110
    endloop
  endfacet
  facet normal 0 0 -1
    outer loop
      vertex 12.5 -19.1506 -110
      vertex 16.7283 -18.5786 -110
      vertex 14.2678 -19.8829 -110
    endloop
  endfacet
  facet normal 0 0 -1
    outer loop
      vertex 23.2322 1.76777 -110
      vertex 9.13545 4.06737 -110
      vertex 22.8386 10.1684 -110
    endloop
  endfacet
  facet normal 0 0 -1
    outer loop
      vertex 16.7283 18.5786 -110
      vertex 14.2678 19.8829 -110
      vertex 14.4217 20.2545 -110
    endloop
  endfacet
  facet normal 0 0 -1
    outer loop
      vertex 9.78148 -2.07912 -110
      vertex 20.2254 -14.6946 -110
      vertex 12.5 -19.1506 -110
    endloop
  endfacet
  facet normal -0 0 -1
    outer loop
      vertex 22.8386 10.1684 -110
      vertex 9.13545 4.06737 -110
      vertex 20.2254 14.6946 -110
    endloop
  endfacet
  facet normal 0 0 -1
    outer loop
      vertex 9.78148 -2.07912 -110
      vertex 12.5 -19.1506 -110
      vertex 10.7322 -19.8829 -110
    endloop
  endfacet
  facet normal 0 0 -1
    outer loop
      vertex 8.09017 5.87785 -110
      vertex 20.2254 14.6946 -110
      vertex 9.13545 4.06737 -110
    endloop
  endfacet
  facet normal 0 0 -1
    outer loop
      vertex 7.72542 -23.7764 -110
      vertex 10.7322 -19.8829 -110
      vertex 10 -21.6506 -110
    endloop
  endfacet
  facet normal 0 -0 -1
    outer loop
      vertex 12.5 19.1506 -110
      vertex 20.2254 14.6946 -110
      vertex 8.09017 5.87785 -110
    endloop
  endfacet
  facet normal 0 0 -1
    outer loop
      vertex 20.2254 14.6946 -110
      vertex 12.5 19.1506 -110
      vertex 16.7283 18.5786 -110
    endloop
  endfacet
  facet normal 0 0 -1
    outer loop
      vertex 16.7283 18.5786 -110
      vertex 12.5 19.1506 -110
      vertex 14.2678 19.8829 -110
    endloop
  endfacet
  facet normal 0 0 -1
    outer loop
      vertex 6.69131 7.43145 -110
      vertex 12.5 19.1506 -110
      vertex 8.09017 5.87785 -110
    endloop
  endfacet
  facet normal 0 0 -1
    outer loop
      vertex 5 8.66025 -110
      vertex 12.5 19.1506 -110
      vertex 6.69131 7.43145 -110
    endloop
  endfacet
  facet normal 0 0 -1
    outer loop
      vertex 10 21.6506 -110
      vertex 7.72542 23.7764 -110
      vertex 10.3893 22.5904 -110
    endloop
  endfacet
  facet normal -0 0 -1
    outer loop
      vertex 12.5 19.1506 -110
      vertex 5 8.66025 -110
      vertex 10.7322 19.8829 -110
    endloop
  endfacet
  facet normal 0 0 -1
    outer loop
      vertex 3.09017 9.51056 -110
      vertex 10.7322 19.8829 -110
      vertex 5 8.66025 -110
    endloop
  endfacet
  facet normal 0 0 -1
    outer loop
      vertex 1.04528 9.94522 -110
      vertex 10.7322 19.8829 -110
      vertex 3.09017 9.51056 -110
    endloop
  endfacet
  facet normal 0 0 -1
    outer loop
      vertex 10.7322 19.8829 -110
      vertex 7.72542 23.7764 -110
      vertex 10 21.6506 -110
    endloop
  endfacet
  facet normal 0 0 -1
    outer loop
      vertex 10.7322 19.8829 -110
      vertex 2.61321 24.863 -110
      vertex 7.72542 23.7764 -110
    endloop
  endfacet
  facet normal -0 0 -1
    outer loop
      vertex 10.7322 19.8829 -110
      vertex 1.04528 9.94522 -110
      vertex 2.61321 24.863 -110
    endloop
  endfacet
  facet normal 0 0 -1
    outer loop
      vertex -1.04528 9.94522 -110
      vertex 2.61321 24.863 -110
      vertex 1.04528 9.94522 -110
    endloop
  endfacet
  facet normal 0 0 -1
    outer loop
      vertex -1.04528 9.94522 -110
      vertex -2.61321 24.863 -110
      vertex 2.61321 24.863 -110
    endloop
  endfacet
  facet normal 0 0 -1
    outer loop
      vertex -10.7322 19.8829 -110
      vertex -1.04528 9.94522 -110
      vertex -3.09017 9.51056 -110
    endloop
  endfacet
  facet normal 0 0 -1
    outer loop
      vertex -10.7322 19.8829 -110
      vertex -3.09017 9.51056 -110
      vertex -5 8.66025 -110
    endloop
  endfacet
  facet normal 0 0 -1
    outer loop
      vertex -12.5 19.1506 -110
      vertex -5 8.66025 -110
      vertex -6.69131 7.43145 -110
    endloop
  endfacet
  facet normal 0 0 -1
    outer loop
      vertex -1.04528 9.94522 -110
      vertex -10.7322 19.8829 -110
      vertex -2.61321 24.863 -110
    endloop
  endfacet
  facet normal 0 0 -1
    outer loop
      vertex -12.5 19.1506 -110
      vertex -6.69131 7.43145 -110
      vertex -8.09017 5.87785 -110
    endloop
  endfacet
  facet normal 0 0 -1
    outer loop
      vertex -20.2254 14.6946 -110
      vertex -8.09017 5.87785 -110
      vertex -9.13545 4.06737 -110
    endloop
  endfacet
  facet normal 0 0 -1
    outer loop
      vertex -23.2322 1.76777 -110
      vertex -9.13545 4.06737 -110
      vertex -9.78148 2.07912 -110
    endloop
  endfacet
  facet normal 0 0 -1
    outer loop
      vertex -22.5 0 -110
      vertex -9.78148 2.07912 -110
      vertex -10 0 -110
    endloop
  endfacet
  facet normal 0 0 -1
    outer loop
      vertex -2.61321 24.863 -110
      vertex -10.7322 19.8829 -110
      vertex -7.72542 23.7764 -110
    endloop
  endfacet
  facet normal 0 0 -1
    outer loop
      vertex -7.72542 23.7764 -110
      vertex -10 21.6506 -110
      vertex -10.3893 22.5904 -110
    endloop
  endfacet
  facet normal 0 0 -1
    outer loop
      vertex -9.13545 4.06737 -110
      vertex -22.8386 10.1684 -110
      vertex -20.2254 14.6946 -110
    endloop
  endfacet
  facet normal -0 0 -1
    outer loop
      vertex -9.13545 4.06737 -110
      vertex -23.2322 1.76777 -110
      vertex -22.8386 10.1684 -110
    endloop
  endfacet
  facet normal 0 0 -1
    outer loop
      vertex -23.2322 1.76777 -110
      vertex -24.4537 5.19779 -110
      vertex -22.8386 10.1684 -110
    endloop
  endfacet
  facet normal 0 -0 -1
    outer loop
      vertex -24.4537 5.19779 -110
      vertex -23.2322 1.76777 -110
      vertex -24.7482 2.3957 -110
    endloop
  endfacet
  facet normal 0 0 -1
    outer loop
      vertex -20.2254 -14.6946 -110
      vertex -8.09017 -5.87785 -110
      vertex -12.5 -19.1506 -110
    endloop
  endfacet
  facet normal -0 0 -1
    outer loop
      vertex -8.09017 -5.87785 -110
      vertex -20.2254 -14.6946 -110
      vertex -9.13545 -4.06737 -110
    endloop
  endfacet
  facet normal 0 0 -1
    outer loop
      vertex -22.8386 -10.1684 -110
      vertex -9.13545 -4.06737 -110
      vertex -20.2254 -14.6946 -110
    endloop
  endfacet
  facet normal 0 0 -1
    outer loop
      vertex -7.72542 23.7764 -110
      vertex -10.7322 19.8829 -110
      vertex -10 21.6506 -110
    endloop
  endfacet
  facet normal 0 0 -1
    outer loop
      vertex -23.2322 -1.76777 -110
      vertex -9.13545 -4.06737 -110
      vertex -22.8386 -10.1684 -110
    endloop
  endfacet
  facet normal 0 0 -1
    outer loop
      vertex -9.78148 2.07912 -110
      vertex -22.5 0 -110
      vertex -23.2322 1.76777 -110
    endloop
  endfacet
  facet normal 0 0 -1
    outer loop
      vertex -16.7283 -18.5786 -110
      vertex -12.5 -19.1506 -110
      vertex -14.2678 -19.8829 -110
    endloop
  endfacet
  facet normal 0 0 -1
    outer loop
      vertex -5 8.66025 -110
      vertex -12.5 19.1506 -110
      vertex -10.7322 19.8829 -110
    endloop
  endfacet
  facet normal 0 0 -1
    outer loop
      vertex -16.7283 -18.5786 -110
      vertex -14.2678 -19.8829 -110
      vertex -14.4217 -20.2545 -110
    endloop
  endfacet
  facet normal 0 0 -1
    outer loop
      vertex -8.09017 5.87785 -110
      vertex -20.2254 14.6946 -110
      vertex -12.5 19.1506 -110
    endloop
  endfacet
  facet normal 0 0 -1
    outer loop
      vertex -12.5 -19.1506 -110
      vertex -16.7283 -18.5786 -110
      vertex -20.2254 -14.6946 -110
    endloop
  endfacet
  facet normal 0 -0 -1
    outer loop
      vertex -16.7283 18.5786 -110
      vertex -12.5 19.1506 -110
      vertex -20.2254 14.6946 -110
    endloop
  endfacet
  facet normal 0 0 -1
    outer loop
      vertex -9.13545 -4.06737 -110
      vertex -23.2322 -1.76777 -110
      vertex -9.78148 -2.07912 -110
    endloop
  endfacet
  facet normal -0 0 -1
    outer loop
      vertex -14.2678 19.8829 -110
      vertex -16.7283 18.5786 -110
      vertex -14.4217 20.2545 -110
    endloop
  endfacet
  facet normal -0 0 -1
    outer loop
      vertex -12.5 19.1506 -110
      vertex -16.7283 18.5786 -110
      vertex -14.2678 19.8829 -110
    endloop
  endfacet
  facet normal 0 -0 -1
    outer loop
      vertex -22.5 0 -110
      vertex -9.78148 -2.07912 -110
      vertex -23.2322 -1.76777 -110
    endloop
  endfacet
  facet normal 0 0 -1
    outer loop
      vertex -9.78148 -2.07912 -110
      vertex -22.5 0 -110
      vertex -10 0 -110
    endloop
  endfacet
  facet normal 0 0 -1
    outer loop
      vertex -24.4537 -5.19779 -110
      vertex -23.2322 -1.76777 -110
      vertex -22.8386 -10.1684 -110
    endloop
  endfacet
  facet normal 0 0 -1
    outer loop
      vertex -23.2322 -1.76777 -110
      vertex -24.4537 -5.19779 -110
      vertex -24.7482 -2.3957 -110
    endloop
  endfacet
  facet normal -0.406726 0.91355 -4.59968e-06
    outer loop
      vertex -7.72542 23.7764 -82.5
      vertex -8.89555 23.2554 -90.5
      vertex -10.3893 22.5904 -82.5
    endloop
  endfacet
  facet normal -0.406753 0.913538 0
    outer loop
      vertex -7.72542 23.7764 -82.5
      vertex -8.89555 23.2554 -94.5
      vertex -8.89555 23.2554 -90.5
    endloop
  endfacet
  facet normal -0.406753 0.913538 0
    outer loop
      vertex -7.72542 23.7764 -110
      vertex -8.89555 23.2554 -94.5
      vertex -7.72542 23.7764 -82.5
    endloop
  endfacet
  facet normal -0.406726 0.91355 2.37403e-06
    outer loop
      vertex -10.3893 22.5904 -110
      vertex -8.89555 23.2554 -94.5
      vertex -7.72542 23.7764 -110
    endloop
  endfacet
  facet normal -0.406706 0.913559 0
    outer loop
      vertex -8.89555 23.2554 -94.5
      vertex -10.3893 22.5904 -110
      vertex -10.3893 22.5904 -94.5
    endloop
  endfacet
  facet normal -0.406706 0.913559 0
    outer loop
      vertex -10.3893 22.5904 -82.5
      vertex -8.89555 23.2554 -90.5
      vertex -10.3893 22.5904 -90.5
    endloop
  endfacet
  facet normal -0.994523 -0.104518 0
    outer loop
      vertex -24.7482 -2.3957 -110
      vertex -24.5835 -3.96287 -94.5
      vertex -24.7482 -2.3957 -94.5
    endloop
  endfacet
  facet normal -0.994522 -0.104532 -0
    outer loop
      vertex -24.4537 -5.19779 -82.5
      vertex -24.5835 -3.96287 -94.5
      vertex -24.4537 -5.19779 -110
    endloop
  endfacet
  facet normal -0.994522 -0.104524 -6.26082e-07
    outer loop
      vertex -24.4537 -5.19779 -110
      vertex -24.5835 -3.96287 -94.5
      vertex -24.7482 -2.3957 -110
    endloop
  endfacet
  facet normal -0.994523 -0.104518 0
    outer loop
      vertex -24.5835 -3.96287 -90.5
      vertex -24.7482 -2.3957 -82.5
      vertex -24.7482 -2.3957 -90.5
    endloop
  endfacet
  facet normal -0.994522 -0.104524 1.21303e-06
    outer loop
      vertex -24.5835 -3.96287 -90.5
      vertex -24.4537 -5.19779 -82.5
      vertex -24.7482 -2.3957 -82.5
    endloop
  endfacet
  facet normal -0.994522 -0.104532 0
    outer loop
      vertex -24.5835 -3.96287 -94.5
      vertex -24.4537 -5.19779 -82.5
      vertex -24.5835 -3.96287 -90.5
    endloop
  endfacet
  facet normal -0.743151 -0.669123 0
    outer loop
      vertex -16.7283 -18.5786 -110
      vertex -20.2254 -14.6946 -82.5
      vertex -20.2254 -14.6946 -110
    endloop
  endfacet
  facet normal -0.743151 -0.669123 0
    outer loop
      vertex -20.2254 -14.6946 -82.5
      vertex -16.7283 -18.5786 -110
      vertex -16.7283 -18.5786 -82.5
    endloop
  endfacet
  facet normal 0.207906 -0.978149 0
    outer loop
      vertex 2.61321 -24.863 -110
      vertex 7.72542 -23.7764 -82.5
      vertex 2.61321 -24.863 -82.5
    endloop
  endfacet
  facet normal 0.207906 -0.978149 0
    outer loop
      vertex 7.72542 -23.7764 -82.5
      vertex 2.61321 -24.863 -110
      vertex 7.72542 -23.7764 -110
    endloop
  endfacet
  facet normal -0.994522 0.104532 0
    outer loop
      vertex -24.4537 5.19779 -110
      vertex -24.5835 3.96287 -94.5
      vertex -24.4537 5.19779 -82.5
    endloop
  endfacet
  facet normal -0.994522 0.104524 -6.26082e-07
    outer loop
      vertex -24.7482 2.3957 -110
      vertex -24.5835 3.96287 -94.5
      vertex -24.4537 5.19779 -110
    endloop
  endfacet
  facet normal -0.994523 0.104518 0
    outer loop
      vertex -24.5835 3.96287 -94.5
      vertex -24.7482 2.3957 -110
      vertex -24.7482 2.3957 -94.5
    endloop
  endfacet
  facet normal -0.994522 0.104532 0
    outer loop
      vertex -24.5835 3.96287 -90.5
      vertex -24.4537 5.19779 -82.5
      vertex -24.5835 3.96287 -94.5
    endloop
  endfacet
  facet normal -0.994523 0.104518 0
    outer loop
      vertex -24.7482 2.3957 -82.5
      vertex -24.5835 3.96287 -90.5
      vertex -24.7482 2.3957 -90.5
    endloop
  endfacet
  facet normal -0.994522 0.104524 1.21303e-06
    outer loop
      vertex -24.5835 3.96287 -90.5
      vertex -24.7482 2.3957 -82.5
      vertex -24.4537 5.19779 -82.5
    endloop
  endfacet
  facet normal 0.207906 0.978149 -0
    outer loop
      vertex 7.72542 23.7764 -110
      vertex 2.61321 24.863 -82.5
      vertex 7.72542 23.7764 -82.5
    endloop
  endfacet
  facet normal 0.207906 0.978149 0
    outer loop
      vertex 2.61321 24.863 -82.5
      vertex 7.72542 23.7764 -110
      vertex 2.61321 24.863 -110
    endloop
  endfacet
  facet normal 0.587798 0.809007 -1.69888e-06
    outer loop
      vertex 16.7283 18.5786 -82.5
      vertex 15.6568 19.3571 -90.5
      vertex 14.4217 20.2545 -82.5
    endloop
  endfacet
  facet normal 0.58779 0.809014 0
    outer loop
      vertex 16.7283 18.5786 -82.5
      vertex 15.6568 19.3571 -94.5
      vertex 15.6568 19.3571 -90.5
    endloop
  endfacet
  facet normal 0.58779 0.809014 -0
    outer loop
      vertex 16.7283 18.5786 -110
      vertex 15.6568 19.3571 -94.5
      vertex 16.7283 18.5786 -82.5
    endloop
  endfacet
  facet normal 0.587798 0.809007 8.7684e-07
    outer loop
      vertex 14.4217 20.2545 -110
      vertex 15.6568 19.3571 -94.5
      vertex 16.7283 18.5786 -110
    endloop
  endfacet
  facet normal 0.587806 0.809002 0
    outer loop
      vertex 15.6568 19.3571 -94.5
      vertex 14.4217 20.2545 -110
      vertex 14.4217 20.2545 -94.5
    endloop
  endfacet
  facet normal 0.587806 0.809002 0
    outer loop
      vertex 14.4217 20.2545 -82.5
      vertex 15.6568 19.3571 -90.5
      vertex 14.4217 20.2545 -90.5
    endloop
  endfacet
  facet normal -0.207906 0.978149 0
    outer loop
      vertex -2.61321 24.863 -110
      vertex -7.72542 23.7764 -82.5
      vertex -2.61321 24.863 -82.5
    endloop
  endfacet
  facet normal -0.207906 0.978149 0
    outer loop
      vertex -7.72542 23.7764 -82.5
      vertex -2.61321 24.863 -110
      vertex -7.72542 23.7764 -110
    endloop
  endfacet
  facet normal 0.406726 -0.91355 7.34577e-07
    outer loop
      vertex 7.72542 -23.7764 -82.5
      vertex 8.94462 -23.2336 -90.5
      vertex 10.3893 -22.5904 -82.5
    endloop
  endfacet
  facet normal 0.406722 -0.913552 0
    outer loop
      vertex 7.72542 -23.7764 -82.5
      vertex 8.94462 -23.2336 -94.5
      vertex 8.94462 -23.2336 -90.5
    endloop
  endfacet
  facet normal 0.406722 -0.913552 0
    outer loop
      vertex 7.72542 -23.7764 -110
      vertex 8.94462 -23.2336 -94.5
      vertex 7.72542 -23.7764 -82.5
    endloop
  endfacet
  facet normal 0.406726 -0.91355 -3.79136e-07
    outer loop
      vertex 10.3893 -22.5904 -110
      vertex 8.94462 -23.2336 -94.5
      vertex 7.72542 -23.7764 -110
    endloop
  endfacet
  facet normal 0.40673 -0.913549 0
    outer loop
      vertex 8.94462 -23.2336 -94.5
      vertex 10.3893 -22.5904 -110
      vertex 10.3893 -22.5904 -94.5
    endloop
  endfacet
  facet normal 0.40673 -0.913549 0
    outer loop
      vertex 10.3893 -22.5904 -82.5
      vertex 8.94462 -23.2336 -90.5
      vertex 10.3893 -22.5904 -90.5
    endloop
  endfacet
  facet normal 0 -1 0
    outer loop
      vertex -2.61321 -24.863 -110
      vertex 2.61321 -24.863 -82.5
      vertex -2.61321 -24.863 -82.5
    endloop
  endfacet
  facet normal 0 -1 -0
    outer loop
      vertex 2.61321 -24.863 -82.5
      vertex -2.61321 -24.863 -110
      vertex 2.61321 -24.863 -110
    endloop
  endfacet
  facet normal -0.207906 -0.978149 0
    outer loop
      vertex -7.72542 -23.7764 -110
      vertex -2.61321 -24.863 -82.5
      vertex -7.72542 -23.7764 -82.5
    endloop
  endfacet
  facet normal -0.207906 -0.978149 -0
    outer loop
      vertex -2.61321 -24.863 -82.5
      vertex -7.72542 -23.7764 -110
      vertex -2.61321 -24.863 -110
    endloop
  endfacet
  facet normal -0.951054 0.309026 0
    outer loop
      vertex -24.4537 5.19779 -110
      vertex -22.8386 10.1684 -82.5
      vertex -22.8386 10.1684 -110
    endloop
  endfacet
  facet normal -0.951054 0.309026 0
    outer loop
      vertex -22.8386 10.1684 -82.5
      vertex -24.4537 5.19779 -110
      vertex -24.4537 5.19779 -82.5
    endloop
  endfacet
  facet normal 0 0 -1
    outer loop
      vertex 26.7678 -1.76777 67.5
      vertex 26.7678 1.76777 67.5
      vertex 27.5 0 67.5
    endloop
  endfacet
  facet normal 0 0 -1
    outer loop
      vertex 25 -2.5 67.5
      vertex 26.7678 1.76777 67.5
      vertex 26.7678 -1.76777 67.5
    endloop
  endfacet
  facet normal 0 0 -1
    outer loop
      vertex 25 -2.5 67.5
      vertex 25 2.5 67.5
      vertex 26.7678 1.76777 67.5
    endloop
  endfacet
  facet normal 0 0 -1
    outer loop
      vertex 23.2322 -1.76777 67.5
      vertex 25 2.5 67.5
      vertex 25 -2.5 67.5
    endloop
  endfacet
  facet normal 0 0 -1
    outer loop
      vertex 23.2322 -1.76777 67.5
      vertex 23.2322 1.76777 67.5
      vertex 25 2.5 67.5
    endloop
  endfacet
  facet normal 0 -0 -1
    outer loop
      vertex 23.2322 1.76777 67.5
      vertex 23.2322 -1.76777 67.5
      vertex 22.5 0 67.5
    endloop
  endfacet
  facet normal 0 0 1
    outer loop
      vertex 26.7678 1.76777 -67.5
      vertex 26.7678 -1.76777 -67.5
      vertex 27.5 0 -67.5
    endloop
  endfacet
  facet normal 0 0 1
    outer loop
      vertex 25 2.5 -67.5
      vertex 26.7678 -1.76777 -67.5
      vertex 26.7678 1.76777 -67.5
    endloop
  endfacet
  facet normal 0 0 1
    outer loop
      vertex 25 2.5 -67.5
      vertex 25 -2.5 -67.5
      vertex 26.7678 -1.76777 -67.5
    endloop
  endfacet
  facet normal -0 0 1
    outer loop
      vertex 23.2322 1.76777 -67.5
      vertex 25 -2.5 -67.5
      vertex 25 2.5 -67.5
    endloop
  endfacet
  facet normal 0 0 1
    outer loop
      vertex 23.2322 1.76777 -67.5
      vertex 23.2322 -1.76777 -67.5
      vertex 25 -2.5 -67.5
    endloop
  endfacet
  facet normal 0 -0 1
    outer loop
      vertex 23.2322 -1.76777 -67.5
      vertex 23.2322 1.76777 -67.5
      vertex 22.5 0 -67.5
    endloop
  endfacet
  facet normal 0.748527 0.663104 0
    outer loop
      vertex 28.5418 1.85889 94.5
      vertex 27.2723 3.29193 90.5
      vertex 27.2723 3.29193 94.5
    endloop
  endfacet
  facet normal 0.748527 0.663104 0
    outer loop
      vertex 27.2723 3.29193 90.5
      vertex 28.5418 1.85889 94.5
      vertex 28.5418 1.85889 90.5
    endloop
  endfacet
  facet normal 0.970939 0.239328 0
    outer loop
      vertex 29 0 94.5
      vertex 28.5418 1.85889 90.5
      vertex 28.5418 1.85889 94.5
    endloop
  endfacet
  facet normal 0.970939 0.239328 0
    outer loop
      vertex 28.5418 1.85889 90.5
      vertex 29 0 94.5
      vertex 29 0 90.5
    endloop
  endfacet
  facet normal 0.35459 0.935022 -0
    outer loop
      vertex 27.2723 3.29193 90.5
      vertex 25.4821 3.97083 94.5
      vertex 27.2723 3.29193 94.5
    endloop
  endfacet
  facet normal 0.35459 0.935022 0
    outer loop
      vertex 25.4821 3.97083 94.5
      vertex 27.2723 3.29193 90.5
      vertex 25.4821 3.97083 90.5
    endloop
  endfacet
  facet normal 0.970939 -0.239328 0
    outer loop
      vertex 28.5418 -1.85889 94.5
      vertex 29 0 90.5
      vertex 29 0 94.5
    endloop
  endfacet
  facet normal 0.970939 -0.239328 0
    outer loop
      vertex 29 0 90.5
      vertex 28.5418 -1.85889 94.5
      vertex 28.5418 -1.85889 90.5
    endloop
  endfacet
  facet normal 0 0 1
    outer loop
      vertex 22.5 0 94.5
      vertex 24.7482 2.3957 94.5
      vertex 23.2322 1.76777 94.5
    endloop
  endfacet
  facet normal 0 0 1
    outer loop
      vertex 24.7482 2.3957 94.5
      vertex 22.5 0 94.5
      vertex 24.7482 -2.3957 94.5
    endloop
  endfacet
  facet normal 0 0 1
    outer loop
      vertex 24.7482 -2.3957 94.5
      vertex 22.5 0 94.5
      vertex 23.2322 -1.76777 94.5
    endloop
  endfacet
  facet normal 0 0 1
    outer loop
      vertex 24.7482 2.3957 94.5
      vertex 29 0 94.5
      vertex 28.5418 1.85889 94.5
    endloop
  endfacet
  facet normal -0 0 1
    outer loop
      vertex 24.7482 2.3957 94.5
      vertex 28.5418 1.85889 94.5
      vertex 27.2723 3.29193 94.5
    endloop
  endfacet
  facet normal 0 0 1
    outer loop
      vertex 24.7482 -2.3957 94.5
      vertex 29 0 94.5
      vertex 24.7482 2.3957 94.5
    endloop
  endfacet
  facet normal 0 0 1
    outer loop
      vertex 24.7482 2.3957 94.5
      vertex 27.2723 3.29193 94.5
      vertex 25.4821 3.97083 94.5
    endloop
  endfacet
  facet normal 0 0 1
    outer loop
      vertex 29 0 94.5
      vertex 24.7482 -2.3957 94.5
      vertex 28.5418 -1.85889 94.5
    endloop
  endfacet
  facet normal 0 0 1
    outer loop
      vertex 28.5418 -1.85889 94.5
      vertex 24.7482 -2.3957 94.5
      vertex 27.2723 -3.29193 94.5
    endloop
  endfacet
  facet normal 0 -0 1
    outer loop
      vertex 24.7482 2.3957 94.5
      vertex 25.4821 3.97083 94.5
      vertex 24.594 3.86299 94.5
    endloop
  endfacet
  facet normal 0 0 1
    outer loop
      vertex 27.2723 -3.29193 94.5
      vertex 24.7482 -2.3957 94.5
      vertex 25.4821 -3.97083 94.5
    endloop
  endfacet
  facet normal 0 0 1
    outer loop
      vertex 25.4821 -3.97083 94.5
      vertex 24.7482 -2.3957 94.5
      vertex 24.594 -3.86299 94.5
    endloop
  endfacet
  facet normal -0.120542 -0.992708 0
    outer loop
      vertex 24.594 -3.86299 90.5
      vertex 25.4821 -3.97083 94.5
      vertex 24.594 -3.86299 94.5
    endloop
  endfacet
  facet normal -0.120542 -0.992708 -0
    outer loop
      vertex 25.4821 -3.97083 94.5
      vertex 24.594 -3.86299 90.5
      vertex 25.4821 -3.97083 90.5
    endloop
  endfacet
  facet normal 0.748527 -0.663104 0
    outer loop
      vertex 27.2723 -3.29193 94.5
      vertex 28.5418 -1.85889 90.5
      vertex 28.5418 -1.85889 94.5
    endloop
  endfacet
  facet normal 0.748527 -0.663104 0
    outer loop
      vertex 28.5418 -1.85889 90.5
      vertex 27.2723 -3.29193 94.5
      vertex 27.2723 -3.29193 90.5
    endloop
  endfacet
  facet normal 0.35459 -0.935022 0
    outer loop
      vertex 25.4821 -3.97083 90.5
      vertex 27.2723 -3.29193 94.5
      vertex 25.4821 -3.97083 94.5
    endloop
  endfacet
  facet normal 0.35459 -0.935022 0
    outer loop
      vertex 27.2723 -3.29193 94.5
      vertex 25.4821 -3.97083 90.5
      vertex 27.2723 -3.29193 90.5
    endloop
  endfacet
  facet normal -0.120542 0.992708 0
    outer loop
      vertex 25.4821 3.97083 90.5
      vertex 24.594 3.86299 94.5
      vertex 25.4821 3.97083 94.5
    endloop
  endfacet
  facet normal -0.120542 0.992708 0
    outer loop
      vertex 24.594 3.86299 94.5
      vertex 25.4821 3.97083 90.5
      vertex 24.594 3.86299 90.5
    endloop
  endfacet
  facet normal 0 0 -1
    outer loop
      vertex 27.5 0 90.5
      vertex 29 0 90.5
      vertex 28.5418 -1.85889 90.5
    endloop
  endfacet
  facet normal 0 0 -1
    outer loop
      vertex 29 0 90.5
      vertex 27.5 0 90.5
      vertex 28.5418 1.85889 90.5
    endloop
  endfacet
  facet normal 0 0 -1
    outer loop
      vertex 26.7678 -1.76777 90.5
      vertex 28.5418 -1.85889 90.5
      vertex 27.2723 -3.29193 90.5
    endloop
  endfacet
  facet normal 0 0 -1
    outer loop
      vertex 28.5418 -1.85889 90.5
      vertex 26.7678 -1.76777 90.5
      vertex 27.5 0 90.5
    endloop
  endfacet
  facet normal 0 0 -1
    outer loop
      vertex 25 -2.5 90.5
      vertex 27.2723 -3.29193 90.5
      vertex 25.4821 -3.97083 90.5
    endloop
  endfacet
  facet normal 0 0 -1
    outer loop
      vertex 27.2723 -3.29193 90.5
      vertex 25 -2.5 90.5
      vertex 26.7678 -1.76777 90.5
    endloop
  endfacet
  facet normal 0 0 -1
    outer loop
      vertex 24.594 -3.86299 90.5
      vertex 25 -2.5 90.5
      vertex 25.4821 -3.97083 90.5
    endloop
  endfacet
  facet normal -0 0 -1
    outer loop
      vertex 25 -2.5 90.5
      vertex 24.594 -3.86299 90.5
      vertex 24.7482 -2.3957 90.5
    endloop
  endfacet
  facet normal 0 0 -1
    outer loop
      vertex 26.7678 1.76777 90.5
      vertex 28.5418 1.85889 90.5
      vertex 27.5 0 90.5
    endloop
  endfacet
  facet normal -0 0 -1
    outer loop
      vertex 28.5418 1.85889 90.5
      vertex 26.7678 1.76777 90.5
      vertex 27.2723 3.29193 90.5
    endloop
  endfacet
  facet normal 0 0 -1
    outer loop
      vertex 25 2.5 90.5
      vertex 27.2723 3.29193 90.5
      vertex 26.7678 1.76777 90.5
    endloop
  endfacet
  facet normal -0 0 -1
    outer loop
      vertex 27.2723 3.29193 90.5
      vertex 25 2.5 90.5
      vertex 25.4821 3.97083 90.5
    endloop
  endfacet
  facet normal 0 0 -1
    outer loop
      vertex 24.594 3.86299 90.5
      vertex 25 2.5 90.5
      vertex 24.7482 2.3957 90.5
    endloop
  endfacet
  facet normal 0 0 -1
    outer loop
      vertex 25 2.5 90.5
      vertex 24.594 3.86299 90.5
      vertex 25.4821 3.97083 90.5
    endloop
  endfacet
  facet normal 0.748527 0.663104 0
    outer loop
      vertex 28.5418 1.85889 -90.5
      vertex 27.2723 3.29193 -94.5
      vertex 27.2723 3.29193 -90.5
    endloop
  endfacet
  facet normal 0.748527 0.663104 0
    outer loop
      vertex 27.2723 3.29193 -94.5
      vertex 28.5418 1.85889 -90.5
      vertex 28.5418 1.85889 -94.5
    endloop
  endfacet
  facet normal 0.970939 0.239328 0
    outer loop
      vertex 29 0 -90.5
      vertex 28.5418 1.85889 -94.5
      vertex 28.5418 1.85889 -90.5
    endloop
  endfacet
  facet normal 0.970939 0.239328 0
    outer loop
      vertex 28.5418 1.85889 -94.5
      vertex 29 0 -90.5
      vertex 29 0 -94.5
    endloop
  endfacet
  facet normal 0.35459 0.935022 -0
    outer loop
      vertex 27.2723 3.29193 -94.5
      vertex 25.4821 3.97083 -90.5
      vertex 27.2723 3.29193 -90.5
    endloop
  endfacet
  facet normal 0.35459 0.935022 0
    outer loop
      vertex 25.4821 3.97083 -90.5
      vertex 27.2723 3.29193 -94.5
      vertex 25.4821 3.97083 -94.5
    endloop
  endfacet
  facet normal 0.970939 -0.239328 0
    outer loop
      vertex 28.5418 -1.85889 -90.5
      vertex 29 0 -94.5
      vertex 29 0 -90.5
    endloop
  endfacet
  facet normal 0.970939 -0.239328 0
    outer loop
      vertex 29 0 -94.5
      vertex 28.5418 -1.85889 -90.5
      vertex 28.5418 -1.85889 -94.5
    endloop
  endfacet
  facet normal 0 0 1
    outer loop
      vertex 27.5 0 -90.5
      vertex 29 0 -90.5
      vertex 28.5418 1.85889 -90.5
    endloop
  endfacet
  facet normal 0 0 1
    outer loop
      vertex 29 0 -90.5
      vertex 27.5 0 -90.5
      vertex 28.5418 -1.85889 -90.5
    endloop
  endfacet
  facet normal 0 0 1
    outer loop
      vertex 26.7678 1.76777 -90.5
      vertex 28.5418 1.85889 -90.5
      vertex 27.2723 3.29193 -90.5
    endloop
  endfacet
  facet normal 0 0 1
    outer loop
      vertex 28.5418 1.85889 -90.5
      vertex 26.7678 1.76777 -90.5
      vertex 27.5 0 -90.5
    endloop
  endfacet
  facet normal 0 0 1
    outer loop
      vertex 25 2.5 -90.5
      vertex 27.2723 3.29193 -90.5
      vertex 25.4821 3.97083 -90.5
    endloop
  endfacet
  facet normal 0 0 1
    outer loop
      vertex 27.2723 3.29193 -90.5
      vertex 25 2.5 -90.5
      vertex 26.7678 1.76777 -90.5
    endloop
  endfacet
  facet normal -0 0 1
    outer loop
      vertex 24.594 3.86299 -90.5
      vertex 25 2.5 -90.5
      vertex 25.4821 3.97083 -90.5
    endloop
  endfacet
  facet normal 0 0 1
    outer loop
      vertex 25 2.5 -90.5
      vertex 24.594 3.86299 -90.5
      vertex 24.7482 2.3957 -90.5
    endloop
  endfacet
  facet normal -0 0 1
    outer loop
      vertex 26.7678 -1.76777 -90.5
      vertex 28.5418 -1.85889 -90.5
      vertex 27.5 0 -90.5
    endloop
  endfacet
  facet normal 0 0 1
    outer loop
      vertex 28.5418 -1.85889 -90.5
      vertex 26.7678 -1.76777 -90.5
      vertex 27.2723 -3.29193 -90.5
    endloop
  endfacet
  facet normal -0 0 1
    outer loop
      vertex 25 -2.5 -90.5
      vertex 27.2723 -3.29193 -90.5
      vertex 26.7678 -1.76777 -90.5
    endloop
  endfacet
  facet normal 0 0 1
    outer loop
      vertex 27.2723 -3.29193 -90.5
      vertex 25 -2.5 -90.5
      vertex 25.4821 -3.97083 -90.5
    endloop
  endfacet
  facet normal 0 0 1
    outer loop
      vertex 24.594 -3.86299 -90.5
      vertex 25 -2.5 -90.5
      vertex 24.7482 -2.3957 -90.5
    endloop
  endfacet
  facet normal 0 0 1
    outer loop
      vertex 25 -2.5 -90.5
      vertex 24.594 -3.86299 -90.5
      vertex 25.4821 -3.97083 -90.5
    endloop
  endfacet
  facet normal -0.120542 -0.992708 0
    outer loop
      vertex 24.594 -3.86299 -94.5
      vertex 25.4821 -3.97083 -90.5
      vertex 24.594 -3.86299 -90.5
    endloop
  endfacet
  facet normal -0.120542 -0.992708 -0
    outer loop
      vertex 25.4821 -3.97083 -90.5
      vertex 24.594 -3.86299 -94.5
      vertex 25.4821 -3.97083 -94.5
    endloop
  endfacet
  facet normal 0.748527 -0.663104 0
    outer loop
      vertex 27.2723 -3.29193 -90.5
      vertex 28.5418 -1.85889 -94.5
      vertex 28.5418 -1.85889 -90.5
    endloop
  endfacet
  facet normal 0.748527 -0.663104 0
    outer loop
      vertex 28.5418 -1.85889 -94.5
      vertex 27.2723 -3.29193 -90.5
      vertex 27.2723 -3.29193 -94.5
    endloop
  endfacet
  facet normal 0.35459 -0.935022 0
    outer loop
      vertex 25.4821 -3.97083 -94.5
      vertex 27.2723 -3.29193 -90.5
      vertex 25.4821 -3.97083 -90.5
    endloop
  endfacet
  facet normal 0.35459 -0.935022 0
    outer loop
      vertex 27.2723 -3.29193 -90.5
      vertex 25.4821 -3.97083 -94.5
      vertex 27.2723 -3.29193 -94.5
    endloop
  endfacet
  facet normal -0.120542 0.992708 0
    outer loop
      vertex 25.4821 3.97083 -94.5
      vertex 24.594 3.86299 -90.5
      vertex 25.4821 3.97083 -90.5
    endloop
  endfacet
  facet normal -0.120542 0.992708 0
    outer loop
      vertex 24.594 3.86299 -90.5
      vertex 25.4821 3.97083 -94.5
      vertex 24.594 3.86299 -94.5
    endloop
  endfacet
  facet normal 0 0 -1
    outer loop
      vertex 22.5 0 -94.5
      vertex 24.7482 -2.3957 -94.5
      vertex 23.2322 -1.76777 -94.5
    endloop
  endfacet
  facet normal 0 0 -1
    outer loop
      vertex 24.7482 -2.3957 -94.5
      vertex 22.5 0 -94.5
      vertex 24.7482 2.3957 -94.5
    endloop
  endfacet
  facet normal 0 0 -1
    outer loop
      vertex 24.7482 2.3957 -94.5
      vertex 22.5 0 -94.5
      vertex 23.2322 1.76777 -94.5
    endloop
  endfacet
  facet normal 0 0 -1
    outer loop
      vertex 24.7482 -2.3957 -94.5
      vertex 29 0 -94.5
      vertex 28.5418 -1.85889 -94.5
    endloop
  endfacet
  facet normal 0 0 -1
    outer loop
      vertex 24.7482 -2.3957 -94.5
      vertex 28.5418 -1.85889 -94.5
      vertex 27.2723 -3.29193 -94.5
    endloop
  endfacet
  facet normal 0 0 -1
    outer loop
      vertex 24.7482 2.3957 -94.5
      vertex 29 0 -94.5
      vertex 24.7482 -2.3957 -94.5
    endloop
  endfacet
  facet normal 0 0 -1
    outer loop
      vertex 24.7482 -2.3957 -94.5
      vertex 27.2723 -3.29193 -94.5
      vertex 25.4821 -3.97083 -94.5
    endloop
  endfacet
  facet normal 0 0 -1
    outer loop
      vertex 29 0 -94.5
      vertex 24.7482 2.3957 -94.5
      vertex 28.5418 1.85889 -94.5
    endloop
  endfacet
  facet normal 0 0 -1
    outer loop
      vertex 28.5418 1.85889 -94.5
      vertex 24.7482 2.3957 -94.5
      vertex 27.2723 3.29193 -94.5
    endloop
  endfacet
  facet normal 0 -0 -1
    outer loop
      vertex 24.7482 -2.3957 -94.5
      vertex 25.4821 -3.97083 -94.5
      vertex 24.594 -3.86299 -94.5
    endloop
  endfacet
  facet normal -0 0 -1
    outer loop
      vertex 27.2723 3.29193 -94.5
      vertex 24.7482 2.3957 -94.5
      vertex 25.4821 3.97083 -94.5
    endloop
  endfacet
  facet normal 0 0 -1
    outer loop
      vertex 25.4821 3.97083 -94.5
      vertex 24.7482 2.3957 -94.5
      vertex 24.594 3.86299 -94.5
    endloop
  endfacet
  facet normal 0 0 -1
    outer loop
      vertex 14.2678 19.8829 67.5
      vertex 14.2678 23.4184 67.5
      vertex 15 21.6506 67.5
    endloop
  endfacet
  facet normal 0 0 -1
    outer loop
      vertex 12.5 19.1506 67.5
      vertex 14.2678 23.4184 67.5
      vertex 14.2678 19.8829 67.5
    endloop
  endfacet
  facet normal 0 0 -1
    outer loop
      vertex 12.5 19.1506 67.5
      vertex 12.5 24.1506 67.5
      vertex 14.2678 23.4184 67.5
    endloop
  endfacet
  facet normal 0 0 -1
    outer loop
      vertex 10.7322 19.8829 67.5
      vertex 12.5 24.1506 67.5
      vertex 12.5 19.1506 67.5
    endloop
  endfacet
  facet normal 0 0 -1
    outer loop
      vertex 10.7322 19.8829 67.5
      vertex 10.7322 23.4184 67.5
      vertex 12.5 24.1506 67.5
    endloop
  endfacet
  facet normal 0 -0 -1
    outer loop
      vertex 10.7322 23.4184 67.5
      vertex 10.7322 19.8829 67.5
      vertex 10 21.6506 67.5
    endloop
  endfacet
  facet normal 0 0 1
    outer loop
      vertex 14.2678 23.4184 -67.5
      vertex 14.2678 19.8829 -67.5
      vertex 15 21.6506 -67.5
    endloop
  endfacet
  facet normal 0 0 1
    outer loop
      vertex 12.5 24.1506 -67.5
      vertex 14.2678 19.8829 -67.5
      vertex 14.2678 23.4184 -67.5
    endloop
  endfacet
  facet normal 0 0 1
    outer loop
      vertex 12.5 24.1506 -67.5
      vertex 12.5 19.1506 -67.5
      vertex 14.2678 19.8829 -67.5
    endloop
  endfacet
  facet normal -0 0 1
    outer loop
      vertex 10.7322 23.4184 -67.5
      vertex 12.5 19.1506 -67.5
      vertex 12.5 24.1506 -67.5
    endloop
  endfacet
  facet normal 0 0 1
    outer loop
      vertex 10.7322 23.4184 -67.5
      vertex 10.7322 19.8829 -67.5
      vertex 12.5 19.1506 -67.5
    endloop
  endfacet
  facet normal 0 -0 1
    outer loop
      vertex 10.7322 19.8829 -67.5
      vertex 10.7322 23.4184 -67.5
      vertex 10 21.6506 -67.5
    endloop
  endfacet
  facet normal 0.748541 0.663089 0
    outer loop
      vertex 16.0418 23.5095 94.5
      vertex 14.7723 24.9426 90.5
      vertex 14.7723 24.9426 94.5
    endloop
  endfacet
  facet normal 0.748541 0.663089 0
    outer loop
      vertex 14.7723 24.9426 90.5
      vertex 16.0418 23.5095 94.5
      vertex 16.0418 23.5095 90.5
    endloop
  endfacet
  facet normal 0.970939 0.239327 0
    outer loop
      vertex 16.5 21.6506 94.5
      vertex 16.0418 23.5095 90.5
      vertex 16.0418 23.5095 94.5
    endloop
  endfacet
  facet normal 0.970939 0.239327 0
    outer loop
      vertex 16.0418 23.5095 90.5
      vertex 16.5 21.6506 94.5
      vertex 16.5 21.6506 90.5
    endloop
  endfacet
  facet normal 0.35459 0.935022 -0
    outer loop
      vertex 14.7723 24.9426 90.5
      vertex 12.9821 25.6215 94.5
      vertex 14.7723 24.9426 94.5
    endloop
  endfacet
  facet normal 0.35459 0.935022 0
    outer loop
      vertex 12.9821 25.6215 94.5
      vertex 14.7723 24.9426 90.5
      vertex 12.9821 25.6215 90.5
    endloop
  endfacet
  facet normal -0.120556 0.992707 0
    outer loop
      vertex 12.9821 25.6215 90.5
      vertex 11.0816 25.3907 94.5
      vertex 12.9821 25.6215 94.5
    endloop
  endfacet
  facet normal -0.120556 0.992707 0
    outer loop
      vertex 11.0816 25.3907 94.5
      vertex 12.9821 25.6215 90.5
      vertex 11.0816 25.3907 90.5
    endloop
  endfacet
  facet normal -0.56807 0.82298 0
    outer loop
      vertex 11.0816 25.3907 90.5
      vertex 9.50596 24.3031 94.5
      vertex 11.0816 25.3907 94.5
    endloop
  endfacet
  facet normal -0.56807 0.82298 0
    outer loop
      vertex 9.50596 24.3031 94.5
      vertex 11.0816 25.3907 90.5
      vertex 9.50596 24.3031 90.5
    endloop
  endfacet
  facet normal -0.885448 0.464738 0
    outer loop
      vertex 8.94462 23.2336 90.5
      vertex 9.50596 24.3031 94.5
      vertex 9.50596 24.3031 90.5
    endloop
  endfacet
  facet normal -0.885448 0.464738 0
    outer loop
      vertex 9.50596 24.3031 94.5
      vertex 8.94462 23.2336 90.5
      vertex 8.94462 23.2336 94.5
    endloop
  endfacet
  facet normal 0.74853 -0.663101 0
    outer loop
      vertex 15.6568 19.3571 94.5
      vertex 16.0418 19.7917 90.5
      vertex 16.0418 19.7917 94.5
    endloop
  endfacet
  facet normal 0.74853 -0.663101 0
    outer loop
      vertex 16.0418 19.7917 90.5
      vertex 15.6568 19.3571 94.5
      vertex 15.6568 19.3571 90.5
    endloop
  endfacet
  facet normal 0.970939 -0.239327 0
    outer loop
      vertex 16.0418 19.7917 94.5
      vertex 16.5 21.6506 90.5
      vertex 16.5 21.6506 94.5
    endloop
  endfacet
  facet normal 0.970939 -0.239327 0
    outer loop
      vertex 16.5 21.6506 90.5
      vertex 16.0418 19.7917 94.5
      vertex 16.0418 19.7917 90.5
    endloop
  endfacet
  facet normal 0 0 -1
    outer loop
      vertex 16.0418 19.7917 90.5
      vertex 14.4217 20.2545 90.5
      vertex 15 21.6506 90.5
    endloop
  endfacet
  facet normal 0 0 -1
    outer loop
      vertex 15 21.6506 90.5
      vertex 16.5 21.6506 90.5
      vertex 16.0418 19.7917 90.5
    endloop
  endfacet
  facet normal 0 0 -1
    outer loop
      vertex 14.4217 20.2545 90.5
      vertex 16.0418 19.7917 90.5
      vertex 15.6568 19.3571 90.5
    endloop
  endfacet
  facet normal 0 0 -1
    outer loop
      vertex 16.5 21.6506 90.5
      vertex 15 21.6506 90.5
      vertex 16.0418 23.5095 90.5
    endloop
  endfacet
  facet normal 0 0 -1
    outer loop
      vertex 14.2678 23.4184 90.5
      vertex 16.0418 23.5095 90.5
      vertex 15 21.6506 90.5
    endloop
  endfacet
  facet normal -0 0 -1
    outer loop
      vertex 16.0418 23.5095 90.5
      vertex 14.2678 23.4184 90.5
      vertex 14.7723 24.9426 90.5
    endloop
  endfacet
  facet normal 0 0 -1
    outer loop
      vertex 12.5 24.1506 90.5
      vertex 14.7723 24.9426 90.5
      vertex 14.2678 23.4184 90.5
    endloop
  endfacet
  facet normal -0 0 -1
    outer loop
      vertex 14.7723 24.9426 90.5
      vertex 12.5 24.1506 90.5
      vertex 12.9821 25.6215 90.5
    endloop
  endfacet
  facet normal 0 0 -1
    outer loop
      vertex 12.5 24.1506 90.5
      vertex 11.0816 25.3907 90.5
      vertex 12.9821 25.6215 90.5
    endloop
  endfacet
  facet normal 0 0 -1
    outer loop
      vertex 10.7322 23.4184 90.5
      vertex 11.0816 25.3907 90.5
      vertex 12.5 24.1506 90.5
    endloop
  endfacet
  facet normal 0 0 -1
    outer loop
      vertex 8.94462 23.2336 90.5
      vertex 10.7322 23.4184 90.5
      vertex 10.3893 22.5904 90.5
    endloop
  endfacet
  facet normal 0 0 -1
    outer loop
      vertex 10.7322 23.4184 90.5
      vertex 9.50596 24.3031 90.5
      vertex 11.0816 25.3907 90.5
    endloop
  endfacet
  facet normal -0 0 -1
    outer loop
      vertex 10.7322 23.4184 90.5
      vertex 8.94462 23.2336 90.5
      vertex 9.50596 24.3031 90.5
    endloop
  endfacet
  facet normal 0 0 1
    outer loop
      vertex 14.4217 20.2545 94.5
      vertex 16.5 21.6506 94.5
      vertex 16.0418 23.5095 94.5
    endloop
  endfacet
  facet normal 0 0 1
    outer loop
      vertex 16.5 21.6506 94.5
      vertex 14.4217 20.2545 94.5
      vertex 16.0418 19.7917 94.5
    endloop
  endfacet
  facet normal 0 0 1
    outer loop
      vertex 14.4217 20.2545 94.5
      vertex 16.0418 23.5095 94.5
      vertex 14.7723 24.9426 94.5
    endloop
  endfacet
  facet normal 0 0 1
    outer loop
      vertex 16.0418 19.7917 94.5
      vertex 14.4217 20.2545 94.5
      vertex 15.6568 19.3571 94.5
    endloop
  endfacet
  facet normal -0 0 1
    outer loop
      vertex 10.3893 22.5904 94.5
      vertex 14.4217 20.2545 94.5
      vertex 14.7723 24.9426 94.5
    endloop
  endfacet
  facet normal 0 0 1
    outer loop
      vertex 10.3893 22.5904 94.5
      vertex 14.7723 24.9426 94.5
      vertex 12.9821 25.6215 94.5
    endloop
  endfacet
  facet normal 0 -0 1
    outer loop
      vertex 12.5 19.1506 94.5
      vertex 14.4217 20.2545 94.5
      vertex 10.3893 22.5904 94.5
    endloop
  endfacet
  facet normal 0 0 1
    outer loop
      vertex 10.3893 22.5904 94.5
      vertex 12.9821 25.6215 94.5
      vertex 11.0816 25.3907 94.5
    endloop
  endfacet
  facet normal 0 0 1
    outer loop
      vertex 14.4217 20.2545 94.5
      vertex 12.5 19.1506 94.5
      vertex 14.2678 19.8829 94.5
    endloop
  endfacet
  facet normal 0 0 1
    outer loop
      vertex 12.5 19.1506 94.5
      vertex 10.3893 22.5904 94.5
      vertex 10.7322 19.8829 94.5
    endloop
  endfacet
  facet normal -0 0 1
    outer loop
      vertex 9.50596 24.3031 94.5
      vertex 10.3893 22.5904 94.5
      vertex 11.0816 25.3907 94.5
    endloop
  endfacet
  facet normal 0 0 1
    outer loop
      vertex 10.3893 22.5904 94.5
      vertex 9.50596 24.3031 94.5
      vertex 8.94462 23.2336 94.5
    endloop
  endfacet
  facet normal 0 0 1
    outer loop
      vertex 10.7322 19.8829 94.5
      vertex 10.3893 22.5904 94.5
      vertex 10 21.6506 94.5
    endloop
  endfacet
  facet normal 0.748541 0.663089 0
    outer loop
      vertex 16.0418 23.5095 -90.5
      vertex 14.7723 24.9426 -94.5
      vertex 14.7723 24.9426 -90.5
    endloop
  endfacet
  facet normal 0.748541 0.663089 0
    outer loop
      vertex 14.7723 24.9426 -94.5
      vertex 16.0418 23.5095 -90.5
      vertex 16.0418 23.5095 -94.5
    endloop
  endfacet
  facet normal 0.970939 0.239327 0
    outer loop
      vertex 16.5 21.6506 -90.5
      vertex 16.0418 23.5095 -94.5
      vertex 16.0418 23.5095 -90.5
    endloop
  endfacet
  facet normal 0.970939 0.239327 0
    outer loop
      vertex 16.0418 23.5095 -94.5
      vertex 16.5 21.6506 -90.5
      vertex 16.5 21.6506 -94.5
    endloop
  endfacet
  facet normal 0.35459 0.935022 -0
    outer loop
      vertex 14.7723 24.9426 -94.5
      vertex 12.9821 25.6215 -90.5
      vertex 14.7723 24.9426 -90.5
    endloop
  endfacet
  facet normal 0.35459 0.935022 0
    outer loop
      vertex 12.9821 25.6215 -90.5
      vertex 14.7723 24.9426 -94.5
      vertex 12.9821 25.6215 -94.5
    endloop
  endfacet
  facet normal -0.120556 0.992707 0
    outer loop
      vertex 12.9821 25.6215 -94.5
      vertex 11.0816 25.3907 -90.5
      vertex 12.9821 25.6215 -90.5
    endloop
  endfacet
  facet normal -0.120556 0.992707 0
    outer loop
      vertex 11.0816 25.3907 -90.5
      vertex 12.9821 25.6215 -94.5
      vertex 11.0816 25.3907 -94.5
    endloop
  endfacet
  facet normal -0.56807 0.82298 0
    outer loop
      vertex 11.0816 25.3907 -94.5
      vertex 9.50596 24.3031 -90.5
      vertex 11.0816 25.3907 -90.5
    endloop
  endfacet
  facet normal -0.56807 0.82298 0
    outer loop
      vertex 9.50596 24.3031 -90.5
      vertex 11.0816 25.3907 -94.5
      vertex 9.50596 24.3031 -94.5
    endloop
  endfacet
  facet normal -0.885448 0.464738 0
    outer loop
      vertex 8.94462 23.2336 -94.5
      vertex 9.50596 24.3031 -90.5
      vertex 9.50596 24.3031 -94.5
    endloop
  endfacet
  facet normal -0.885448 0.464738 0
    outer loop
      vertex 9.50596 24.3031 -90.5
      vertex 8.94462 23.2336 -94.5
      vertex 8.94462 23.2336 -90.5
    endloop
  endfacet
  facet normal 0.74853 -0.663101 0
    outer loop
      vertex 15.6568 19.3571 -90.5
      vertex 16.0418 19.7917 -94.5
      vertex 16.0418 19.7917 -90.5
    endloop
  endfacet
  facet normal 0.74853 -0.663101 0
    outer loop
      vertex 16.0418 19.7917 -94.5
      vertex 15.6568 19.3571 -90.5
      vertex 15.6568 19.3571 -94.5
    endloop
  endfacet
  facet normal 0.970939 -0.239327 0
    outer loop
      vertex 16.0418 19.7917 -90.5
      vertex 16.5 21.6506 -94.5
      vertex 16.5 21.6506 -90.5
    endloop
  endfacet
  facet normal 0.970939 -0.239327 0
    outer loop
      vertex 16.5 21.6506 -94.5
      vertex 16.0418 19.7917 -90.5
      vertex 16.0418 19.7917 -94.5
    endloop
  endfacet
  facet normal 0 0 -1
    outer loop
      vertex 10.7322 19.8829 -94.5
      vertex 10 21.6506 -94.5
      vertex 10.3893 22.5904 -94.5
    endloop
  endfacet
  facet normal 0 0 -1
    outer loop
      vertex 14.4217 20.2545 -94.5
      vertex 16.5 21.6506 -94.5
      vertex 16.0418 19.7917 -94.5
    endloop
  endfacet
  facet normal 0 0 -1
    outer loop
      vertex 14.4217 20.2545 -94.5
      vertex 16.0418 19.7917 -94.5
      vertex 15.6568 19.3571 -94.5
    endloop
  endfacet
  facet normal -0 0 -1
    outer loop
      vertex 16.5 21.6506 -94.5
      vertex 14.4217 20.2545 -94.5
      vertex 16.0418 23.5095 -94.5
    endloop
  endfacet
  facet normal -0 0 -1
    outer loop
      vertex 16.0418 23.5095 -94.5
      vertex 14.4217 20.2545 -94.5
      vertex 14.7723 24.9426 -94.5
    endloop
  endfacet
  facet normal 0 0 -1
    outer loop
      vertex 12.5 19.1506 -94.5
      vertex 14.4217 20.2545 -94.5
      vertex 14.2678 19.8829 -94.5
    endloop
  endfacet
  facet normal 0 0 -1
    outer loop
      vertex 14.4217 20.2545 -94.5
      vertex 10.3893 22.5904 -94.5
      vertex 14.7723 24.9426 -94.5
    endloop
  endfacet
  facet normal -0 0 -1
    outer loop
      vertex 14.4217 20.2545 -94.5
      vertex 12.5 19.1506 -94.5
      vertex 10.3893 22.5904 -94.5
    endloop
  endfacet
  facet normal -0 0 -1
    outer loop
      vertex 14.7723 24.9426 -94.5
      vertex 10.3893 22.5904 -94.5
      vertex 12.9821 25.6215 -94.5
    endloop
  endfacet
  facet normal 0 0 -1
    outer loop
      vertex 10.3893 22.5904 -94.5
      vertex 12.5 19.1506 -94.5
      vertex 10.7322 19.8829 -94.5
    endloop
  endfacet
  facet normal 0 0 -1
    outer loop
      vertex 12.9821 25.6215 -94.5
      vertex 10.3893 22.5904 -94.5
      vertex 11.0816 25.3907 -94.5
    endloop
  endfacet
  facet normal 0 0 -1
    outer loop
      vertex 10.3893 22.5904 -94.5
      vertex 9.50596 24.3031 -94.5
      vertex 11.0816 25.3907 -94.5
    endloop
  endfacet
  facet normal 0 -0 -1
    outer loop
      vertex 9.50596 24.3031 -94.5
      vertex 10.3893 22.5904 -94.5
      vertex 8.94462 23.2336 -94.5
    endloop
  endfacet
  facet normal 0 0 1
    outer loop
      vertex 15 21.6506 -90.5
      vertex 16.5 21.6506 -90.5
      vertex 16.0418 23.5095 -90.5
    endloop
  endfacet
  facet normal 0 0 1
    outer loop
      vertex 16.5 21.6506 -90.5
      vertex 15 21.6506 -90.5
      vertex 16.0418 19.7917 -90.5
    endloop
  endfacet
  facet normal -0 0 1
    outer loop
      vertex 14.4217 20.2545 -90.5
      vertex 16.0418 19.7917 -90.5
      vertex 15 21.6506 -90.5
    endloop
  endfacet
  facet normal 0 0 1
    outer loop
      vertex 14.2678 23.4184 -90.5
      vertex 16.0418 23.5095 -90.5
      vertex 14.7723 24.9426 -90.5
    endloop
  endfacet
  facet normal 0 0 1
    outer loop
      vertex 16.0418 23.5095 -90.5
      vertex 14.2678 23.4184 -90.5
      vertex 15 21.6506 -90.5
    endloop
  endfacet
  facet normal 0 0 1
    outer loop
      vertex 12.5 24.1506 -90.5
      vertex 14.7723 24.9426 -90.5
      vertex 12.9821 25.6215 -90.5
    endloop
  endfacet
  facet normal 0 0 1
    outer loop
      vertex 14.7723 24.9426 -90.5
      vertex 12.5 24.1506 -90.5
      vertex 14.2678 23.4184 -90.5
    endloop
  endfacet
  facet normal -0 0 1
    outer loop
      vertex 11.0816 25.3907 -90.5
      vertex 12.5 24.1506 -90.5
      vertex 12.9821 25.6215 -90.5
    endloop
  endfacet
  facet normal 0 0 1
    outer loop
      vertex 11.0816 25.3907 -90.5
      vertex 10.7322 23.4184 -90.5
      vertex 12.5 24.1506 -90.5
    endloop
  endfacet
  facet normal -0 0 1
    outer loop
      vertex 9.50596 24.3031 -90.5
      vertex 10.7322 23.4184 -90.5
      vertex 11.0816 25.3907 -90.5
    endloop
  endfacet
  facet normal 0 0 1
    outer loop
      vertex 8.94462 23.2336 -90.5
      vertex 10.7322 23.4184 -90.5
      vertex 9.50596 24.3031 -90.5
    endloop
  endfacet
  facet normal 0 0 1
    outer loop
      vertex 10.7322 23.4184 -90.5
      vertex 8.94462 23.2336 -90.5
      vertex 10.3893 22.5904 -90.5
    endloop
  endfacet
  facet normal 0 0 1
    outer loop
      vertex 16.0418 19.7917 -90.5
      vertex 14.4217 20.2545 -90.5
      vertex 15.6568 19.3571 -90.5
    endloop
  endfacet
  facet normal 0 0 -1
    outer loop
      vertex -10.7322 19.8829 67.5
      vertex -10.7322 23.4184 67.5
      vertex -10 21.6506 67.5
    endloop
  endfacet
  facet normal 0 0 -1
    outer loop
      vertex -12.5 19.1506 67.5
      vertex -10.7322 23.4184 67.5
      vertex -10.7322 19.8829 67.5
    endloop
  endfacet
  facet normal 0 0 -1
    outer loop
      vertex -12.5 19.1506 67.5
      vertex -12.5 24.1506 67.5
      vertex -10.7322 23.4184 67.5
    endloop
  endfacet
  facet normal 0 0 -1
    outer loop
      vertex -14.2678 19.8829 67.5
      vertex -12.5 24.1506 67.5
      vertex -12.5 19.1506 67.5
    endloop
  endfacet
  facet normal 0 0 -1
    outer loop
      vertex -14.2678 19.8829 67.5
      vertex -14.2678 23.4184 67.5
      vertex -12.5 24.1506 67.5
    endloop
  endfacet
  facet normal 0 -0 -1
    outer loop
      vertex -14.2678 23.4184 67.5
      vertex -14.2678 19.8829 67.5
      vertex -15 21.6506 67.5
    endloop
  endfacet
  facet normal 0 0 1
    outer loop
      vertex -10.7322 23.4184 -67.5
      vertex -10.7322 19.8829 -67.5
      vertex -10 21.6506 -67.5
    endloop
  endfacet
  facet normal 0 0 1
    outer loop
      vertex -12.5 24.1506 -67.5
      vertex -10.7322 19.8829 -67.5
      vertex -10.7322 23.4184 -67.5
    endloop
  endfacet
  facet normal 0 0 1
    outer loop
      vertex -12.5 24.1506 -67.5
      vertex -12.5 19.1506 -67.5
      vertex -10.7322 19.8829 -67.5
    endloop
  endfacet
  facet normal -0 0 1
    outer loop
      vertex -14.2678 23.4184 -67.5
      vertex -12.5 19.1506 -67.5
      vertex -12.5 24.1506 -67.5
    endloop
  endfacet
  facet normal 0 0 1
    outer loop
      vertex -14.2678 23.4184 -67.5
      vertex -14.2678 19.8829 -67.5
      vertex -12.5 19.1506 -67.5
    endloop
  endfacet
  facet normal 0 -0 1
    outer loop
      vertex -14.2678 19.8829 -67.5
      vertex -14.2678 23.4184 -67.5
      vertex -15 21.6506 -67.5
    endloop
  endfacet
  facet normal 0.748536 0.663095 0
    outer loop
      vertex -8.95818 23.5095 94.5
      vertex -10.2277 24.9426 90.5
      vertex -10.2277 24.9426 94.5
    endloop
  endfacet
  facet normal 0.748536 0.663095 0
    outer loop
      vertex -10.2277 24.9426 90.5
      vertex -8.95818 23.5095 94.5
      vertex -8.95818 23.5095 90.5
    endloop
  endfacet
  facet normal 0.970942 0.239316 0
    outer loop
      vertex -8.89555 23.2554 94.5
      vertex -8.95818 23.5095 90.5
      vertex -8.95818 23.5095 94.5
    endloop
  endfacet
  facet normal 0.970942 0.239316 0
    outer loop
      vertex -8.95818 23.5095 90.5
      vertex -8.89555 23.2554 94.5
      vertex -8.89555 23.2554 90.5
    endloop
  endfacet
  facet normal 0.35459 0.935022 -0
    outer loop
      vertex -10.2277 24.9426 90.5
      vertex -12.0179 25.6215 94.5
      vertex -10.2277 24.9426 94.5
    endloop
  endfacet
  facet normal 0.35459 0.935022 0
    outer loop
      vertex -12.0179 25.6215 94.5
      vertex -10.2277 24.9426 90.5
      vertex -12.0179 25.6215 90.5
    endloop
  endfacet
  facet normal -0.120556 0.992707 0
    outer loop
      vertex -12.0179 25.6215 90.5
      vertex -13.9184 25.3907 94.5
      vertex -12.0179 25.6215 94.5
    endloop
  endfacet
  facet normal -0.120556 0.992707 0
    outer loop
      vertex -13.9184 25.3907 94.5
      vertex -12.0179 25.6215 90.5
      vertex -13.9184 25.3907 90.5
    endloop
  endfacet
  facet normal -0.885437 0.46476 0
    outer loop
      vertex -16.3838 22.6079 90.5
      vertex -15.494 24.3031 94.5
      vertex -15.494 24.3031 90.5
    endloop
  endfacet
  facet normal -0.885437 0.46476 0
    outer loop
      vertex -15.494 24.3031 94.5
      vertex -16.3838 22.6079 90.5
      vertex -16.3838 22.6079 94.5
    endloop
  endfacet
  facet normal 0 0 1
    outer loop
      vertex -10.3893 22.5904 94.5
      vertex -8.95818 23.5095 94.5
      vertex -10.2277 24.9426 94.5
    endloop
  endfacet
  facet normal 0 0 1
    outer loop
      vertex -8.95818 23.5095 94.5
      vertex -10.3893 22.5904 94.5
      vertex -8.89555 23.2554 94.5
    endloop
  endfacet
  facet normal 0 0 1
    outer loop
      vertex -12.0179 25.6215 94.5
      vertex -10.3893 22.5904 94.5
      vertex -10.2277 24.9426 94.5
    endloop
  endfacet
  facet normal -0 0 1
    outer loop
      vertex -13.9184 25.3907 94.5
      vertex -10.3893 22.5904 94.5
      vertex -12.0179 25.6215 94.5
    endloop
  endfacet
  facet normal 0 0 1
    outer loop
      vertex -10.3893 22.5904 94.5
      vertex -14.4217 20.2545 94.5
      vertex -10.7322 19.8829 94.5
    endloop
  endfacet
  facet normal 0 0 1
    outer loop
      vertex -10.3893 22.5904 94.5
      vertex -13.9184 25.3907 94.5
      vertex -14.4217 20.2545 94.5
    endloop
  endfacet
  facet normal 0 0 1
    outer loop
      vertex -10.7322 19.8829 94.5
      vertex -14.4217 20.2545 94.5
      vertex -12.5 19.1506 94.5
    endloop
  endfacet
  facet normal 0 0 1
    outer loop
      vertex -12.5 19.1506 94.5
      vertex -14.4217 20.2545 94.5
      vertex -14.2678 19.8829 94.5
    endloop
  endfacet
  facet normal -0 0 1
    outer loop
      vertex -15.494 24.3031 94.5
      vertex -14.4217 20.2545 94.5
      vertex -13.9184 25.3907 94.5
    endloop
  endfacet
  facet normal -0 0 1
    outer loop
      vertex -16.3838 22.6079 94.5
      vertex -14.4217 20.2545 94.5
      vertex -15.494 24.3031 94.5
    endloop
  endfacet
  facet normal -0 0 1
    outer loop
      vertex -16.3838 20.6934 94.5
      vertex -14.4217 20.2545 94.5
      vertex -16.3838 22.6079 94.5
    endloop
  endfacet
  facet normal 0 0 1
    outer loop
      vertex -14.4217 20.2545 94.5
      vertex -16.3838 20.6934 94.5
      vertex -15.6754 19.3436 94.5
    endloop
  endfacet
  facet normal 0 0 1
    outer loop
      vertex -10 21.6506 94.5
      vertex -10.3893 22.5904 94.5
      vertex -10.7322 19.8829 94.5
    endloop
  endfacet
  facet normal -1 0 0
    outer loop
      vertex -16.3838 20.6934 90.5
      vertex -16.3838 22.6079 94.5
      vertex -16.3838 22.6079 90.5
    endloop
  endfacet
  facet normal -1 -0 0
    outer loop
      vertex -16.3838 22.6079 94.5
      vertex -16.3838 20.6934 90.5
      vertex -16.3838 20.6934 94.5
    endloop
  endfacet
  facet normal -0.56808 0.822974 0
    outer loop
      vertex -13.9184 25.3907 90.5
      vertex -15.494 24.3031 94.5
      vertex -13.9184 25.3907 94.5
    endloop
  endfacet
  facet normal -0.56808 0.822974 0
    outer loop
      vertex -15.494 24.3031 94.5
      vertex -13.9184 25.3907 90.5
      vertex -15.494 24.3031 90.5
    endloop
  endfacet
  facet normal -0.885464 -0.464708 0
    outer loop
      vertex -15.6754 19.3436 90.5
      vertex -16.3838 20.6934 94.5
      vertex -16.3838 20.6934 90.5
    endloop
  endfacet
  facet normal -0.885464 -0.464708 0
    outer loop
      vertex -16.3838 20.6934 94.5
      vertex -15.6754 19.3436 90.5
      vertex -15.6754 19.3436 94.5
    endloop
  endfacet
  facet normal 0 0 -1
    outer loop
      vertex -16.3838 20.6934 90.5
      vertex -14.4217 20.2545 90.5
      vertex -15.6754 19.3436 90.5
    endloop
  endfacet
  facet normal 0 0 -1
    outer loop
      vertex -14.4217 20.2545 90.5
      vertex -16.3838 20.6934 90.5
      vertex -15 21.6506 90.5
    endloop
  endfacet
  facet normal -0 0 -1
    outer loop
      vertex -15 21.6506 90.5
      vertex -16.3838 20.6934 90.5
      vertex -16.3838 22.6079 90.5
    endloop
  endfacet
  facet normal 0 0 -1
    outer loop
      vertex -15 21.6506 90.5
      vertex -16.3838 22.6079 90.5
      vertex -15.494 24.3031 90.5
    endloop
  endfacet
  facet normal 0 0 -1
    outer loop
      vertex -10.3893 22.5904 90.5
      vertex -8.95818 23.5095 90.5
      vertex -8.89555 23.2554 90.5
    endloop
  endfacet
  facet normal 0 0 -1
    outer loop
      vertex -8.95818 23.5095 90.5
      vertex -10.3893 22.5904 90.5
      vertex -10.7322 23.4184 90.5
    endloop
  endfacet
  facet normal -0 0 -1
    outer loop
      vertex -8.95818 23.5095 90.5
      vertex -10.7322 23.4184 90.5
      vertex -10.2277 24.9426 90.5
    endloop
  endfacet
  facet normal 0 0 -1
    outer loop
      vertex -12.5 24.1506 90.5
      vertex -10.2277 24.9426 90.5
      vertex -10.7322 23.4184 90.5
    endloop
  endfacet
  facet normal -0 0 -1
    outer loop
      vertex -10.2277 24.9426 90.5
      vertex -12.5 24.1506 90.5
      vertex -12.0179 25.6215 90.5
    endloop
  endfacet
  facet normal 0 0 -1
    outer loop
      vertex -12.5 24.1506 90.5
      vertex -13.9184 25.3907 90.5
      vertex -12.0179 25.6215 90.5
    endloop
  endfacet
  facet normal 0 0 -1
    outer loop
      vertex -14.2678 23.4184 90.5
      vertex -13.9184 25.3907 90.5
      vertex -12.5 24.1506 90.5
    endloop
  endfacet
  facet normal 0 0 -1
    outer loop
      vertex -15.494 24.3031 90.5
      vertex -14.2678 23.4184 90.5
      vertex -15 21.6506 90.5
    endloop
  endfacet
  facet normal 0 0 -1
    outer loop
      vertex -14.2678 23.4184 90.5
      vertex -15.494 24.3031 90.5
      vertex -13.9184 25.3907 90.5
    endloop
  endfacet
  facet normal 0.748536 0.663095 0
    outer loop
      vertex -8.95818 23.5095 -90.5
      vertex -10.2277 24.9426 -94.5
      vertex -10.2277 24.9426 -90.5
    endloop
  endfacet
  facet normal 0.748536 0.663095 0
    outer loop
      vertex -10.2277 24.9426 -94.5
      vertex -8.95818 23.5095 -90.5
      vertex -8.95818 23.5095 -94.5
    endloop
  endfacet
  facet normal 0.970942 0.239316 0
    outer loop
      vertex -8.89555 23.2554 -90.5
      vertex -8.95818 23.5095 -94.5
      vertex -8.95818 23.5095 -90.5
    endloop
  endfacet
  facet normal 0.970942 0.239316 0
    outer loop
      vertex -8.95818 23.5095 -94.5
      vertex -8.89555 23.2554 -90.5
      vertex -8.89555 23.2554 -94.5
    endloop
  endfacet
  facet normal 0.35459 0.935022 -0
    outer loop
      vertex -10.2277 24.9426 -94.5
      vertex -12.0179 25.6215 -90.5
      vertex -10.2277 24.9426 -90.5
    endloop
  endfacet
  facet normal 0.35459 0.935022 0
    outer loop
      vertex -12.0179 25.6215 -90.5
      vertex -10.2277 24.9426 -94.5
      vertex -12.0179 25.6215 -94.5
    endloop
  endfacet
  facet normal -0.120556 0.992707 0
    outer loop
      vertex -12.0179 25.6215 -94.5
      vertex -13.9184 25.3907 -90.5
      vertex -12.0179 25.6215 -90.5
    endloop
  endfacet
  facet normal -0.120556 0.992707 0
    outer loop
      vertex -13.9184 25.3907 -90.5
      vertex -12.0179 25.6215 -94.5
      vertex -13.9184 25.3907 -94.5
    endloop
  endfacet
  facet normal -0.885437 0.46476 0
    outer loop
      vertex -16.3838 22.6079 -94.5
      vertex -15.494 24.3031 -90.5
      vertex -15.494 24.3031 -94.5
    endloop
  endfacet
  facet normal -0.885437 0.46476 0
    outer loop
      vertex -15.494 24.3031 -90.5
      vertex -16.3838 22.6079 -94.5
      vertex -16.3838 22.6079 -90.5
    endloop
  endfacet
  facet normal 0 0 1
    outer loop
      vertex -10.7322 23.4184 -90.5
      vertex -8.95818 23.5095 -90.5
      vertex -10.2277 24.9426 -90.5
    endloop
  endfacet
  facet normal 0 -0 1
    outer loop
      vertex -10.3893 22.5904 -90.5
      vertex -8.95818 23.5095 -90.5
      vertex -10.7322 23.4184 -90.5
    endloop
  endfacet
  facet normal 0 0 1
    outer loop
      vertex -8.95818 23.5095 -90.5
      vertex -10.3893 22.5904 -90.5
      vertex -8.89555 23.2554 -90.5
    endloop
  endfacet
  facet normal 0 0 1
    outer loop
      vertex -12.5 24.1506 -90.5
      vertex -10.2277 24.9426 -90.5
      vertex -12.0179 25.6215 -90.5
    endloop
  endfacet
  facet normal 0 0 1
    outer loop
      vertex -10.2277 24.9426 -90.5
      vertex -12.5 24.1506 -90.5
      vertex -10.7322 23.4184 -90.5
    endloop
  endfacet
  facet normal -0 0 1
    outer loop
      vertex -13.9184 25.3907 -90.5
      vertex -12.5 24.1506 -90.5
      vertex -12.0179 25.6215 -90.5
    endloop
  endfacet
  facet normal 0 0 1
    outer loop
      vertex -13.9184 25.3907 -90.5
      vertex -14.2678 23.4184 -90.5
      vertex -12.5 24.1506 -90.5
    endloop
  endfacet
  facet normal -0 0 1
    outer loop
      vertex -15.494 24.3031 -90.5
      vertex -14.2678 23.4184 -90.5
      vertex -13.9184 25.3907 -90.5
    endloop
  endfacet
  facet normal 0 0 1
    outer loop
      vertex -16.3838 22.6079 -90.5
      vertex -14.2678 23.4184 -90.5
      vertex -15.494 24.3031 -90.5
    endloop
  endfacet
  facet normal -0 0 1
    outer loop
      vertex -16.3838 20.6934 -90.5
      vertex -14.4217 20.2545 -90.5
      vertex -15 21.6506 -90.5
    endloop
  endfacet
  facet normal 0 0 1
    outer loop
      vertex -14.2678 23.4184 -90.5
      vertex -16.3838 22.6079 -90.5
      vertex -15 21.6506 -90.5
    endloop
  endfacet
  facet normal 0 0 1
    outer loop
      vertex -16.3838 20.6934 -90.5
      vertex -15 21.6506 -90.5
      vertex -16.3838 22.6079 -90.5
    endloop
  endfacet
  facet normal 0 0 1
    outer loop
      vertex -14.4217 20.2545 -90.5
      vertex -16.3838 20.6934 -90.5
      vertex -15.6754 19.3436 -90.5
    endloop
  endfacet
  facet normal -1 0 0
    outer loop
      vertex -16.3838 20.6934 -94.5
      vertex -16.3838 22.6079 -90.5
      vertex -16.3838 22.6079 -94.5
    endloop
  endfacet
  facet normal -1 -0 0
    outer loop
      vertex -16.3838 22.6079 -90.5
      vertex -16.3838 20.6934 -94.5
      vertex -16.3838 20.6934 -90.5
    endloop
  endfacet
  facet normal -0.56808 0.822974 0
    outer loop
      vertex -13.9184 25.3907 -94.5
      vertex -15.494 24.3031 -90.5
      vertex -13.9184 25.3907 -90.5
    endloop
  endfacet
  facet normal -0.56808 0.822974 0
    outer loop
      vertex -15.494 24.3031 -90.5
      vertex -13.9184 25.3907 -94.5
      vertex -15.494 24.3031 -94.5
    endloop
  endfacet
  facet normal -0.885464 -0.464708 0
    outer loop
      vertex -15.6754 19.3436 -94.5
      vertex -16.3838 20.6934 -90.5
      vertex -16.3838 20.6934 -94.5
    endloop
  endfacet
  facet normal -0.885464 -0.464708 0
    outer loop
      vertex -16.3838 20.6934 -90.5
      vertex -15.6754 19.3436 -94.5
      vertex -15.6754 19.3436 -90.5
    endloop
  endfacet
  facet normal -0 0 -1
    outer loop
      vertex -10 21.6506 -94.5
      vertex -10.7322 19.8829 -94.5
      vertex -10.3893 22.5904 -94.5
    endloop
  endfacet
  facet normal 0 0 -1
    outer loop
      vertex -10.3893 22.5904 -94.5
      vertex -8.95818 23.5095 -94.5
      vertex -8.89555 23.2554 -94.5
    endloop
  endfacet
  facet normal -0 0 -1
    outer loop
      vertex -8.95818 23.5095 -94.5
      vertex -10.3893 22.5904 -94.5
      vertex -10.2277 24.9426 -94.5
    endloop
  endfacet
  facet normal 0 0 -1
    outer loop
      vertex -14.4217 20.2545 -94.5
      vertex -10.3893 22.5904 -94.5
      vertex -10.7322 19.8829 -94.5
    endloop
  endfacet
  facet normal 0 0 -1
    outer loop
      vertex -10.3893 22.5904 -94.5
      vertex -12.0179 25.6215 -94.5
      vertex -10.2277 24.9426 -94.5
    endloop
  endfacet
  facet normal 0 0 -1
    outer loop
      vertex -14.4217 20.2545 -94.5
      vertex -10.7322 19.8829 -94.5
      vertex -12.5 19.1506 -94.5
    endloop
  endfacet
  facet normal 0 -0 -1
    outer loop
      vertex -13.9184 25.3907 -94.5
      vertex -10.3893 22.5904 -94.5
      vertex -14.4217 20.2545 -94.5
    endloop
  endfacet
  facet normal 0 0 -1
    outer loop
      vertex -14.4217 20.2545 -94.5
      vertex -12.5 19.1506 -94.5
      vertex -14.2678 19.8829 -94.5
    endloop
  endfacet
  facet normal 0 0 -1
    outer loop
      vertex -10.3893 22.5904 -94.5
      vertex -13.9184 25.3907 -94.5
      vertex -12.0179 25.6215 -94.5
    endloop
  endfacet
  facet normal 0 0 -1
    outer loop
      vertex -14.4217 20.2545 -94.5
      vertex -15.494 24.3031 -94.5
      vertex -13.9184 25.3907 -94.5
    endloop
  endfacet
  facet normal 0 0 -1
    outer loop
      vertex -16.3838 20.6934 -94.5
      vertex -14.4217 20.2545 -94.5
      vertex -15.6754 19.3436 -94.5
    endloop
  endfacet
  facet normal 0 0 -1
    outer loop
      vertex -14.4217 20.2545 -94.5
      vertex -16.3838 20.6934 -94.5
      vertex -16.3838 22.6079 -94.5
    endloop
  endfacet
  facet normal 0 0 -1
    outer loop
      vertex -14.4217 20.2545 -94.5
      vertex -16.3838 22.6079 -94.5
      vertex -15.494 24.3031 -94.5
    endloop
  endfacet
  facet normal 0 0 -1
    outer loop
      vertex -23.2322 -1.76777 67.5
      vertex -23.2322 1.76777 67.5
      vertex -22.5 0 67.5
    endloop
  endfacet
  facet normal 0 0 -1
    outer loop
      vertex -25 -2.5 67.5
      vertex -23.2322 1.76777 67.5
      vertex -23.2322 -1.76777 67.5
    endloop
  endfacet
  facet normal 0 0 -1
    outer loop
      vertex -25 -2.5 67.5
      vertex -25 2.5 67.5
      vertex -23.2322 1.76777 67.5
    endloop
  endfacet
  facet normal 0 0 -1
    outer loop
      vertex -26.7678 -1.76777 67.5
      vertex -25 2.5 67.5
      vertex -25 -2.5 67.5
    endloop
  endfacet
  facet normal 0 0 -1
    outer loop
      vertex -26.7678 -1.76777 67.5
      vertex -26.7678 1.76777 67.5
      vertex -25 2.5 67.5
    endloop
  endfacet
  facet normal 0 -0 -1
    outer loop
      vertex -26.7678 1.76777 67.5
      vertex -26.7678 -1.76777 67.5
      vertex -27.5 0 67.5
    endloop
  endfacet
  facet normal 0 0 1
    outer loop
      vertex -23.2322 1.76777 -67.5
      vertex -23.2322 -1.76777 -67.5
      vertex -22.5 0 -67.5
    endloop
  endfacet
  facet normal 0 0 1
    outer loop
      vertex -25 2.5 -67.5
      vertex -23.2322 -1.76777 -67.5
      vertex -23.2322 1.76777 -67.5
    endloop
  endfacet
  facet normal 0 0 1
    outer loop
      vertex -25 2.5 -67.5
      vertex -25 -2.5 -67.5
      vertex -23.2322 -1.76777 -67.5
    endloop
  endfacet
  facet normal -0 0 1
    outer loop
      vertex -26.7678 1.76777 -67.5
      vertex -25 -2.5 -67.5
      vertex -25 2.5 -67.5
    endloop
  endfacet
  facet normal 0 0 1
    outer loop
      vertex -26.7678 1.76777 -67.5
      vertex -26.7678 -1.76777 -67.5
      vertex -25 -2.5 -67.5
    endloop
  endfacet
  facet normal 0 -0 1
    outer loop
      vertex -26.7678 -1.76777 -67.5
      vertex -26.7678 1.76777 -67.5
      vertex -27.5 0 -67.5
    endloop
  endfacet
  facet normal -0.120544 -0.992708 0
    outer loop
      vertex -26.4184 -3.74006 90.5
      vertex -24.5835 -3.96287 94.5
      vertex -26.4184 -3.74006 94.5
    endloop
  endfacet
  facet normal -0.120544 -0.992708 -0
    outer loop
      vertex -24.5835 -3.96287 94.5
      vertex -26.4184 -3.74006 90.5
      vertex -24.5835 -3.96287 90.5
    endloop
  endfacet
  facet normal -0.568069 0.822981 0
    outer loop
      vertex -26.4184 3.74006 90.5
      vertex -27.994 2.65249 94.5
      vertex -26.4184 3.74006 94.5
    endloop
  endfacet
  facet normal -0.568069 0.822981 0
    outer loop
      vertex -27.994 2.65249 94.5
      vertex -26.4184 3.74006 90.5
      vertex -27.994 2.65249 90.5
    endloop
  endfacet
  facet normal -0 0 1
    outer loop
      vertex -27.994 2.65249 94.5
      vertex -24.7482 2.3957 94.5
      vertex -26.4184 3.74006 94.5
    endloop
  endfacet
  facet normal -0 0 1
    outer loop
      vertex -26.4184 3.74006 94.5
      vertex -24.7482 2.3957 94.5
      vertex -24.5835 3.96287 94.5
    endloop
  endfacet
  facet normal 0 0 1
    outer loop
      vertex -24.7482 2.3957 94.5
      vertex -22.5 0 94.5
      vertex -23.2322 1.76777 94.5
    endloop
  endfacet
  facet normal 0 0 1
    outer loop
      vertex -24.7482 -2.3957 94.5
      vertex -22.5 0 94.5
      vertex -24.7482 2.3957 94.5
    endloop
  endfacet
  facet normal 0 0 1
    outer loop
      vertex -22.5 0 94.5
      vertex -24.7482 -2.3957 94.5
      vertex -23.2322 -1.76777 94.5
    endloop
  endfacet
  facet normal 0 0 1
    outer loop
      vertex -28.8838 0.957262 94.5
      vertex -24.7482 2.3957 94.5
      vertex -27.994 2.65249 94.5
    endloop
  endfacet
  facet normal 0 0 1
    outer loop
      vertex -24.7482 -2.3957 94.5
      vertex -26.4184 -3.74006 94.5
      vertex -24.5835 -3.96287 94.5
    endloop
  endfacet
  facet normal 0 0 1
    outer loop
      vertex -24.7482 2.3957 94.5
      vertex -28.8838 0.957262 94.5
      vertex -24.7482 -2.3957 94.5
    endloop
  endfacet
  facet normal 0 0 1
    outer loop
      vertex -24.7482 -2.3957 94.5
      vertex -27.994 -2.65249 94.5
      vertex -26.4184 -3.74006 94.5
    endloop
  endfacet
  facet normal -0 0 1
    outer loop
      vertex -28.8838 -0.957262 94.5
      vertex -24.7482 -2.3957 94.5
      vertex -28.8838 0.957262 94.5
    endloop
  endfacet
  facet normal 0 0 1
    outer loop
      vertex -24.7482 -2.3957 94.5
      vertex -28.8838 -0.957262 94.5
      vertex -27.994 -2.65249 94.5
    endloop
  endfacet
  facet normal -1 0 0
    outer loop
      vertex -28.8838 -0.957262 90.5
      vertex -28.8838 0.957262 94.5
      vertex -28.8838 0.957262 90.5
    endloop
  endfacet
  facet normal -1 -0 0
    outer loop
      vertex -28.8838 0.957262 94.5
      vertex -28.8838 -0.957262 90.5
      vertex -28.8838 -0.957262 94.5
    endloop
  endfacet
  facet normal -0.88544 0.464754 0
    outer loop
      vertex -28.8838 0.957262 90.5
      vertex -27.994 2.65249 94.5
      vertex -27.994 2.65249 90.5
    endloop
  endfacet
  facet normal -0.88544 0.464754 0
    outer loop
      vertex -27.994 2.65249 94.5
      vertex -28.8838 0.957262 90.5
      vertex -28.8838 0.957262 94.5
    endloop
  endfacet
  facet normal -0.120544 0.992708 0
    outer loop
      vertex -24.5835 3.96287 90.5
      vertex -26.4184 3.74006 94.5
      vertex -24.5835 3.96287 94.5
    endloop
  endfacet
  facet normal -0.120544 0.992708 0
    outer loop
      vertex -26.4184 3.74006 94.5
      vertex -24.5835 3.96287 90.5
      vertex -26.4184 3.74006 90.5
    endloop
  endfacet
  facet normal -0.568069 -0.822981 0
    outer loop
      vertex -27.994 -2.65249 90.5
      vertex -26.4184 -3.74006 94.5
      vertex -27.994 -2.65249 94.5
    endloop
  endfacet
  facet normal -0.568069 -0.822981 -0
    outer loop
      vertex -26.4184 -3.74006 94.5
      vertex -27.994 -2.65249 90.5
      vertex -26.4184 -3.74006 90.5
    endloop
  endfacet
  facet normal -0.88544 -0.464754 0
    outer loop
      vertex -27.994 -2.65249 90.5
      vertex -28.8838 -0.957262 94.5
      vertex -28.8838 -0.957262 90.5
    endloop
  endfacet
  facet normal -0.88544 -0.464754 0
    outer loop
      vertex -28.8838 -0.957262 94.5
      vertex -27.994 -2.65249 90.5
      vertex -27.994 -2.65249 94.5
    endloop
  endfacet
  facet normal 0 0 -1
    outer loop
      vertex -24.5835 -3.96287 90.5
      vertex -25 -2.5 90.5
      vertex -24.7482 -2.3957 90.5
    endloop
  endfacet
  facet normal 0 0 -1
    outer loop
      vertex -26.4184 -3.74006 90.5
      vertex -25 -2.5 90.5
      vertex -24.5835 -3.96287 90.5
    endloop
  endfacet
  facet normal 0 0 -1
    outer loop
      vertex -26.4184 -3.74006 90.5
      vertex -26.7678 -1.76777 90.5
      vertex -25 -2.5 90.5
    endloop
  endfacet
  facet normal 0 0 -1
    outer loop
      vertex -27.994 -2.65249 90.5
      vertex -26.7678 -1.76777 90.5
      vertex -26.4184 -3.74006 90.5
    endloop
  endfacet
  facet normal 0 0 -1
    outer loop
      vertex -28.8838 -0.957262 90.5
      vertex -26.7678 -1.76777 90.5
      vertex -27.994 -2.65249 90.5
    endloop
  endfacet
  facet normal 0 0 -1
    outer loop
      vertex -25 2.5 90.5
      vertex -24.5835 3.96287 90.5
      vertex -24.7482 2.3957 90.5
    endloop
  endfacet
  facet normal 0 0 -1
    outer loop
      vertex -25 2.5 90.5
      vertex -26.4184 3.74006 90.5
      vertex -24.5835 3.96287 90.5
    endloop
  endfacet
  facet normal 0 0 -1
    outer loop
      vertex -26.7678 1.76777 90.5
      vertex -26.4184 3.74006 90.5
      vertex -25 2.5 90.5
    endloop
  endfacet
  facet normal 0 0 -1
    outer loop
      vertex -28.8838 0.957262 90.5
      vertex -26.7678 1.76777 90.5
      vertex -27.5 0 90.5
    endloop
  endfacet
  facet normal 0 0 -1
    outer loop
      vertex -26.7678 1.76777 90.5
      vertex -27.994 2.65249 90.5
      vertex -26.4184 3.74006 90.5
    endloop
  endfacet
  facet normal 0 0 -1
    outer loop
      vertex -26.7678 -1.76777 90.5
      vertex -28.8838 -0.957262 90.5
      vertex -27.5 0 90.5
    endloop
  endfacet
  facet normal 0 0 -1
    outer loop
      vertex -28.8838 0.957262 90.5
      vertex -27.5 0 90.5
      vertex -28.8838 -0.957262 90.5
    endloop
  endfacet
  facet normal -0 0 -1
    outer loop
      vertex -26.7678 1.76777 90.5
      vertex -28.8838 0.957262 90.5
      vertex -27.994 2.65249 90.5
    endloop
  endfacet
  facet normal -0.120544 -0.992708 0
    outer loop
      vertex -26.4184 -3.74006 -94.5
      vertex -24.5835 -3.96287 -90.5
      vertex -26.4184 -3.74006 -90.5
    endloop
  endfacet
  facet normal -0.120544 -0.992708 -0
    outer loop
      vertex -24.5835 -3.96287 -90.5
      vertex -26.4184 -3.74006 -94.5
      vertex -24.5835 -3.96287 -94.5
    endloop
  endfacet
  facet normal -0.568069 0.822981 0
    outer loop
      vertex -26.4184 3.74006 -94.5
      vertex -27.994 2.65249 -90.5
      vertex -26.4184 3.74006 -90.5
    endloop
  endfacet
  facet normal -0.568069 0.822981 0
    outer loop
      vertex -27.994 2.65249 -90.5
      vertex -26.4184 3.74006 -94.5
      vertex -27.994 2.65249 -94.5
    endloop
  endfacet
  facet normal 0 0 1
    outer loop
      vertex -24.5835 3.96287 -90.5
      vertex -25 2.5 -90.5
      vertex -24.7482 2.3957 -90.5
    endloop
  endfacet
  facet normal -0 0 1
    outer loop
      vertex -26.4184 3.74006 -90.5
      vertex -25 2.5 -90.5
      vertex -24.5835 3.96287 -90.5
    endloop
  endfacet
  facet normal 0 0 1
    outer loop
      vertex -26.4184 3.74006 -90.5
      vertex -26.7678 1.76777 -90.5
      vertex -25 2.5 -90.5
    endloop
  endfacet
  facet normal -0 0 1
    outer loop
      vertex -27.994 2.65249 -90.5
      vertex -26.7678 1.76777 -90.5
      vertex -26.4184 3.74006 -90.5
    endloop
  endfacet
  facet normal 0 0 1
    outer loop
      vertex -28.8838 0.957262 -90.5
      vertex -26.7678 1.76777 -90.5
      vertex -27.994 2.65249 -90.5
    endloop
  endfacet
  facet normal -0 0 1
    outer loop
      vertex -25 -2.5 -90.5
      vertex -24.5835 -3.96287 -90.5
      vertex -24.7482 -2.3957 -90.5
    endloop
  endfacet
  facet normal 0 0 1
    outer loop
      vertex -25 -2.5 -90.5
      vertex -26.4184 -3.74006 -90.5
      vertex -24.5835 -3.96287 -90.5
    endloop
  endfacet
  facet normal 0 0 1
    outer loop
      vertex -26.7678 -1.76777 -90.5
      vertex -26.4184 -3.74006 -90.5
      vertex -25 -2.5 -90.5
    endloop
  endfacet
  facet normal -0 0 1
    outer loop
      vertex -28.8838 -0.957262 -90.5
      vertex -26.7678 -1.76777 -90.5
      vertex -27.5 0 -90.5
    endloop
  endfacet
  facet normal 0 0 1
    outer loop
      vertex -26.7678 -1.76777 -90.5
      vertex -27.994 -2.65249 -90.5
      vertex -26.4184 -3.74006 -90.5
    endloop
  endfacet
  facet normal 0 0 1
    outer loop
      vertex -26.7678 1.76777 -90.5
      vertex -28.8838 0.957262 -90.5
      vertex -27.5 0 -90.5
    endloop
  endfacet
  facet normal 0 0 1
    outer loop
      vertex -28.8838 -0.957262 -90.5
      vertex -27.5 0 -90.5
      vertex -28.8838 0.957262 -90.5
    endloop
  endfacet
  facet normal 0 0 1
    outer loop
      vertex -26.7678 -1.76777 -90.5
      vertex -28.8838 -0.957262 -90.5
      vertex -27.994 -2.65249 -90.5
    endloop
  endfacet
  facet normal -1 0 0
    outer loop
      vertex -28.8838 -0.957262 -94.5
      vertex -28.8838 0.957262 -90.5
      vertex -28.8838 0.957262 -94.5
    endloop
  endfacet
  facet normal -1 -0 0
    outer loop
      vertex -28.8838 0.957262 -90.5
      vertex -28.8838 -0.957262 -94.5
      vertex -28.8838 -0.957262 -90.5
    endloop
  endfacet
  facet normal -0.88544 0.464754 0
    outer loop
      vertex -28.8838 0.957262 -94.5
      vertex -27.994 2.65249 -90.5
      vertex -27.994 2.65249 -94.5
    endloop
  endfacet
  facet normal -0.88544 0.464754 0
    outer loop
      vertex -27.994 2.65249 -90.5
      vertex -28.8838 0.957262 -94.5
      vertex -28.8838 0.957262 -90.5
    endloop
  endfacet
  facet normal -0.120544 0.992708 0
    outer loop
      vertex -24.5835 3.96287 -94.5
      vertex -26.4184 3.74006 -90.5
      vertex -24.5835 3.96287 -90.5
    endloop
  endfacet
  facet normal -0.120544 0.992708 0
    outer loop
      vertex -26.4184 3.74006 -90.5
      vertex -24.5835 3.96287 -94.5
      vertex -26.4184 3.74006 -94.5
    endloop
  endfacet
  facet normal -0.568069 -0.822981 0
    outer loop
      vertex -27.994 -2.65249 -94.5
      vertex -26.4184 -3.74006 -90.5
      vertex -27.994 -2.65249 -90.5
    endloop
  endfacet
  facet normal -0.568069 -0.822981 -0
    outer loop
      vertex -26.4184 -3.74006 -90.5
      vertex -27.994 -2.65249 -94.5
      vertex -26.4184 -3.74006 -94.5
    endloop
  endfacet
  facet normal -0.88544 -0.464754 0
    outer loop
      vertex -27.994 -2.65249 -94.5
      vertex -28.8838 -0.957262 -90.5
      vertex -28.8838 -0.957262 -94.5
    endloop
  endfacet
  facet normal -0.88544 -0.464754 0
    outer loop
      vertex -28.8838 -0.957262 -90.5
      vertex -27.994 -2.65249 -94.5
      vertex -27.994 -2.65249 -90.5
    endloop
  endfacet
  facet normal 0 0 -1
    outer loop
      vertex -27.994 -2.65249 -94.5
      vertex -24.7482 -2.3957 -94.5
      vertex -26.4184 -3.74006 -94.5
    endloop
  endfacet
  facet normal 0 0 -1
    outer loop
      vertex -26.4184 -3.74006 -94.5
      vertex -24.7482 -2.3957 -94.5
      vertex -24.5835 -3.96287 -94.5
    endloop
  endfacet
  facet normal 0 0 -1
    outer loop
      vertex -24.7482 -2.3957 -94.5
      vertex -22.5 0 -94.5
      vertex -23.2322 -1.76777 -94.5
    endloop
  endfacet
  facet normal 0 0 -1
    outer loop
      vertex -24.7482 2.3957 -94.5
      vertex -22.5 0 -94.5
      vertex -24.7482 -2.3957 -94.5
    endloop
  endfacet
  facet normal 0 0 -1
    outer loop
      vertex -22.5 0 -94.5
      vertex -24.7482 2.3957 -94.5
      vertex -23.2322 1.76777 -94.5
    endloop
  endfacet
  facet normal 0 0 -1
    outer loop
      vertex -28.8838 -0.957262 -94.5
      vertex -24.7482 -2.3957 -94.5
      vertex -27.994 -2.65249 -94.5
    endloop
  endfacet
  facet normal 0 0 -1
    outer loop
      vertex -24.7482 2.3957 -94.5
      vertex -26.4184 3.74006 -94.5
      vertex -24.5835 3.96287 -94.5
    endloop
  endfacet
  facet normal 0 0 -1
    outer loop
      vertex -24.7482 -2.3957 -94.5
      vertex -28.8838 -0.957262 -94.5
      vertex -24.7482 2.3957 -94.5
    endloop
  endfacet
  facet normal 0 0 -1
    outer loop
      vertex -24.7482 2.3957 -94.5
      vertex -27.994 2.65249 -94.5
      vertex -26.4184 3.74006 -94.5
    endloop
  endfacet
  facet normal 0 0 -1
    outer loop
      vertex -28.8838 0.957262 -94.5
      vertex -24.7482 2.3957 -94.5
      vertex -28.8838 -0.957262 -94.5
    endloop
  endfacet
  facet normal -0 0 -1
    outer loop
      vertex -24.7482 2.3957 -94.5
      vertex -28.8838 0.957262 -94.5
      vertex -27.994 2.65249 -94.5
    endloop
  endfacet
  facet normal 0 0 -1
    outer loop
      vertex -10.7322 -23.4184 67.5
      vertex -10.7322 -19.8829 67.5
      vertex -10 -21.6506 67.5
    endloop
  endfacet
  facet normal 0 0 -1
    outer loop
      vertex -12.5 -24.1506 67.5
      vertex -10.7322 -19.8829 67.5
      vertex -10.7322 -23.4184 67.5
    endloop
  endfacet
  facet normal 0 0 -1
    outer loop
      vertex -12.5 -24.1506 67.5
      vertex -12.5 -19.1506 67.5
      vertex -10.7322 -19.8829 67.5
    endloop
  endfacet
  facet normal 0 0 -1
    outer loop
      vertex -14.2678 -23.4184 67.5
      vertex -12.5 -19.1506 67.5
      vertex -12.5 -24.1506 67.5
    endloop
  endfacet
  facet normal 0 0 -1
    outer loop
      vertex -14.2678 -23.4184 67.5
      vertex -14.2678 -19.8829 67.5
      vertex -12.5 -19.1506 67.5
    endloop
  endfacet
  facet normal 0 -0 -1
    outer loop
      vertex -14.2678 -19.8829 67.5
      vertex -14.2678 -23.4184 67.5
      vertex -15 -21.6506 67.5
    endloop
  endfacet
  facet normal 0 0 1
    outer loop
      vertex -10.7322 -19.8829 -67.5
      vertex -10.7322 -23.4184 -67.5
      vertex -10 -21.6506 -67.5
    endloop
  endfacet
  facet normal 0 0 1
    outer loop
      vertex -12.5 -19.1506 -67.5
      vertex -10.7322 -23.4184 -67.5
      vertex -10.7322 -19.8829 -67.5
    endloop
  endfacet
  facet normal 0 0 1
    outer loop
      vertex -12.5 -19.1506 -67.5
      vertex -12.5 -24.1506 -67.5
      vertex -10.7322 -23.4184 -67.5
    endloop
  endfacet
  facet normal -0 0 1
    outer loop
      vertex -14.2678 -19.8829 -67.5
      vertex -12.5 -24.1506 -67.5
      vertex -12.5 -19.1506 -67.5
    endloop
  endfacet
  facet normal 0 0 1
    outer loop
      vertex -14.2678 -19.8829 -67.5
      vertex -14.2678 -23.4184 -67.5
      vertex -12.5 -24.1506 -67.5
    endloop
  endfacet
  facet normal 0 -0 1
    outer loop
      vertex -14.2678 -23.4184 -67.5
      vertex -14.2678 -19.8829 -67.5
      vertex -15 -21.6506 -67.5
    endloop
  endfacet
  facet normal -0.885437 -0.46476 0
    outer loop
      vertex -15.494 -24.3031 90.5
      vertex -16.3838 -22.6079 94.5
      vertex -16.3838 -22.6079 90.5
    endloop
  endfacet
  facet normal -0.885437 -0.46476 0
    outer loop
      vertex -16.3838 -22.6079 94.5
      vertex -15.494 -24.3031 90.5
      vertex -15.494 -24.3031 94.5
    endloop
  endfacet
  facet normal 0.748536 -0.663095 0
    outer loop
      vertex -10.2277 -24.9426 94.5
      vertex -8.95818 -23.5095 90.5
      vertex -8.95818 -23.5095 94.5
    endloop
  endfacet
  facet normal 0.748536 -0.663095 0
    outer loop
      vertex -8.95818 -23.5095 90.5
      vertex -10.2277 -24.9426 94.5
      vertex -10.2277 -24.9426 90.5
    endloop
  endfacet
  facet normal 0.35459 -0.935022 0
    outer loop
      vertex -12.0179 -25.6215 90.5
      vertex -10.2277 -24.9426 94.5
      vertex -12.0179 -25.6215 94.5
    endloop
  endfacet
  facet normal 0.35459 -0.935022 0
    outer loop
      vertex -10.2277 -24.9426 94.5
      vertex -12.0179 -25.6215 90.5
      vertex -10.2277 -24.9426 90.5
    endloop
  endfacet
  facet normal 0 0 1
    outer loop
      vertex -10 -21.6506 94.5
      vertex -10.7322 -19.8829 94.5
      vertex -10.3893 -22.5904 94.5
    endloop
  endfacet
  facet normal 0 0 1
    outer loop
      vertex -10.3893 -22.5904 94.5
      vertex -8.95818 -23.5095 94.5
      vertex -8.89555 -23.2554 94.5
    endloop
  endfacet
  facet normal 0 0 1
    outer loop
      vertex -8.95818 -23.5095 94.5
      vertex -10.3893 -22.5904 94.5
      vertex -10.2277 -24.9426 94.5
    endloop
  endfacet
  facet normal -0 0 1
    outer loop
      vertex -14.4217 -20.2545 94.5
      vertex -10.3893 -22.5904 94.5
      vertex -10.7322 -19.8829 94.5
    endloop
  endfacet
  facet normal 0 0 1
    outer loop
      vertex -10.3893 -22.5904 94.5
      vertex -12.0179 -25.6215 94.5
      vertex -10.2277 -24.9426 94.5
    endloop
  endfacet
  facet normal 0 0 1
    outer loop
      vertex -14.4217 -20.2545 94.5
      vertex -10.7322 -19.8829 94.5
      vertex -12.5 -19.1506 94.5
    endloop
  endfacet
  facet normal 0 -0 1
    outer loop
      vertex -13.9184 -25.3907 94.5
      vertex -10.3893 -22.5904 94.5
      vertex -14.4217 -20.2545 94.5
    endloop
  endfacet
  facet normal 0 0 1
    outer loop
      vertex -14.4217 -20.2545 94.5
      vertex -12.5 -19.1506 94.5
      vertex -14.2678 -19.8829 94.5
    endloop
  endfacet
  facet normal 0 0 1
    outer loop
      vertex -10.3893 -22.5904 94.5
      vertex -13.9184 -25.3907 94.5
      vertex -12.0179 -25.6215 94.5
    endloop
  endfacet
  facet normal 0 0 1
    outer loop
      vertex -14.4217 -20.2545 94.5
      vertex -15.494 -24.3031 94.5
      vertex -13.9184 -25.3907 94.5
    endloop
  endfacet
  facet normal 0 0 1
    outer loop
      vertex -16.3838 -20.6934 94.5
      vertex -14.4217 -20.2545 94.5
      vertex -15.6754 -19.3436 94.5
    endloop
  endfacet
  facet normal 0 0 1
    outer loop
      vertex -14.4217 -20.2545 94.5
      vertex -16.3838 -20.6934 94.5
      vertex -16.3838 -22.6079 94.5
    endloop
  endfacet
  facet normal 0 0 1
    outer loop
      vertex -14.4217 -20.2545 94.5
      vertex -16.3838 -22.6079 94.5
      vertex -15.494 -24.3031 94.5
    endloop
  endfacet
  facet normal -0.56808 -0.822974 0
    outer loop
      vertex -15.494 -24.3031 90.5
      vertex -13.9184 -25.3907 94.5
      vertex -15.494 -24.3031 94.5
    endloop
  endfacet
  facet normal -0.56808 -0.822974 -0
    outer loop
      vertex -13.9184 -25.3907 94.5
      vertex -15.494 -24.3031 90.5
      vertex -13.9184 -25.3907 90.5
    endloop
  endfacet
  facet normal -0.120556 -0.992707 0
    outer loop
      vertex -13.9184 -25.3907 90.5
      vertex -12.0179 -25.6215 94.5
      vertex -13.9184 -25.3907 94.5
    endloop
  endfacet
  facet normal -0.120556 -0.992707 -0
    outer loop
      vertex -12.0179 -25.6215 94.5
      vertex -13.9184 -25.3907 90.5
      vertex -12.0179 -25.6215 90.5
    endloop
  endfacet
  facet normal -1 0 0
    outer loop
      vertex -16.3838 -22.6079 90.5
      vertex -16.3838 -20.6934 94.5
      vertex -16.3838 -20.6934 90.5
    endloop
  endfacet
  facet normal -1 -0 0
    outer loop
      vertex -16.3838 -20.6934 94.5
      vertex -16.3838 -22.6079 90.5
      vertex -16.3838 -22.6079 94.5
    endloop
  endfacet
  facet normal 0.970942 -0.239316 0
    outer loop
      vertex -8.95818 -23.5095 94.5
      vertex -8.89555 -23.2554 90.5
      vertex -8.89555 -23.2554 94.5
    endloop
  endfacet
  facet normal 0.970942 -0.239316 0
    outer loop
      vertex -8.89555 -23.2554 90.5
      vertex -8.95818 -23.5095 94.5
      vertex -8.95818 -23.5095 90.5
    endloop
  endfacet
  facet normal 0 0 -1
    outer loop
      vertex -10.7322 -23.4184 90.5
      vertex -8.95818 -23.5095 90.5
      vertex -10.2277 -24.9426 90.5
    endloop
  endfacet
  facet normal 0 -0 -1
    outer loop
      vertex -10.3893 -22.5904 90.5
      vertex -8.95818 -23.5095 90.5
      vertex -10.7322 -23.4184 90.5
    endloop
  endfacet
  facet normal 0 0 -1
    outer loop
      vertex -8.95818 -23.5095 90.5
      vertex -10.3893 -22.5904 90.5
      vertex -8.89555 -23.2554 90.5
    endloop
  endfacet
  facet normal 0 0 -1
    outer loop
      vertex -12.5 -24.1506 90.5
      vertex -10.2277 -24.9426 90.5
      vertex -12.0179 -25.6215 90.5
    endloop
  endfacet
  facet normal 0 0 -1
    outer loop
      vertex -10.2277 -24.9426 90.5
      vertex -12.5 -24.1506 90.5
      vertex -10.7322 -23.4184 90.5
    endloop
  endfacet
  facet normal 0 0 -1
    outer loop
      vertex -13.9184 -25.3907 90.5
      vertex -12.5 -24.1506 90.5
      vertex -12.0179 -25.6215 90.5
    endloop
  endfacet
  facet normal 0 0 -1
    outer loop
      vertex -13.9184 -25.3907 90.5
      vertex -14.2678 -23.4184 90.5
      vertex -12.5 -24.1506 90.5
    endloop
  endfacet
  facet normal 0 0 -1
    outer loop
      vertex -15.494 -24.3031 90.5
      vertex -14.2678 -23.4184 90.5
      vertex -13.9184 -25.3907 90.5
    endloop
  endfacet
  facet normal 0 0 -1
    outer loop
      vertex -16.3838 -22.6079 90.5
      vertex -14.2678 -23.4184 90.5
      vertex -15.494 -24.3031 90.5
    endloop
  endfacet
  facet normal 0 0 -1
    outer loop
      vertex -16.3838 -20.6934 90.5
      vertex -14.4217 -20.2545 90.5
      vertex -15 -21.6506 90.5
    endloop
  endfacet
  facet normal 0 0 -1
    outer loop
      vertex -14.2678 -23.4184 90.5
      vertex -16.3838 -22.6079 90.5
      vertex -15 -21.6506 90.5
    endloop
  endfacet
  facet normal 0 0 -1
    outer loop
      vertex -16.3838 -20.6934 90.5
      vertex -15 -21.6506 90.5
      vertex -16.3838 -22.6079 90.5
    endloop
  endfacet
  facet normal -0 0 -1
    outer loop
      vertex -14.4217 -20.2545 90.5
      vertex -16.3838 -20.6934 90.5
      vertex -15.6754 -19.3436 90.5
    endloop
  endfacet
  facet normal -0.885464 0.464708 0
    outer loop
      vertex -16.3838 -20.6934 90.5
      vertex -15.6754 -19.3436 94.5
      vertex -15.6754 -19.3436 90.5
    endloop
  endfacet
  facet normal -0.885464 0.464708 0
    outer loop
      vertex -15.6754 -19.3436 94.5
      vertex -16.3838 -20.6934 90.5
      vertex -16.3838 -20.6934 94.5
    endloop
  endfacet
  facet normal -0.885437 -0.46476 0
    outer loop
      vertex -15.494 -24.3031 -94.5
      vertex -16.3838 -22.6079 -90.5
      vertex -16.3838 -22.6079 -94.5
    endloop
  endfacet
  facet normal -0.885437 -0.46476 0
    outer loop
      vertex -16.3838 -22.6079 -90.5
      vertex -15.494 -24.3031 -94.5
      vertex -15.494 -24.3031 -90.5
    endloop
  endfacet
  facet normal 0.748536 -0.663095 0
    outer loop
      vertex -10.2277 -24.9426 -90.5
      vertex -8.95818 -23.5095 -94.5
      vertex -8.95818 -23.5095 -90.5
    endloop
  endfacet
  facet normal 0.748536 -0.663095 0
    outer loop
      vertex -8.95818 -23.5095 -94.5
      vertex -10.2277 -24.9426 -90.5
      vertex -10.2277 -24.9426 -94.5
    endloop
  endfacet
  facet normal 0.35459 -0.935022 0
    outer loop
      vertex -12.0179 -25.6215 -94.5
      vertex -10.2277 -24.9426 -90.5
      vertex -12.0179 -25.6215 -90.5
    endloop
  endfacet
  facet normal 0.35459 -0.935022 0
    outer loop
      vertex -10.2277 -24.9426 -90.5
      vertex -12.0179 -25.6215 -94.5
      vertex -10.2277 -24.9426 -94.5
    endloop
  endfacet
  facet normal 0 0 1
    outer loop
      vertex -16.3838 -20.6934 -90.5
      vertex -14.4217 -20.2545 -90.5
      vertex -15.6754 -19.3436 -90.5
    endloop
  endfacet
  facet normal 0 0 1
    outer loop
      vertex -14.4217 -20.2545 -90.5
      vertex -16.3838 -20.6934 -90.5
      vertex -15 -21.6506 -90.5
    endloop
  endfacet
  facet normal 0 0 1
    outer loop
      vertex -15 -21.6506 -90.5
      vertex -16.3838 -20.6934 -90.5
      vertex -16.3838 -22.6079 -90.5
    endloop
  endfacet
  facet normal 0 0 1
    outer loop
      vertex -15 -21.6506 -90.5
      vertex -16.3838 -22.6079 -90.5
      vertex -15.494 -24.3031 -90.5
    endloop
  endfacet
  facet normal 0 0 1
    outer loop
      vertex -10.3893 -22.5904 -90.5
      vertex -8.95818 -23.5095 -90.5
      vertex -8.89555 -23.2554 -90.5
    endloop
  endfacet
  facet normal 0 0 1
    outer loop
      vertex -8.95818 -23.5095 -90.5
      vertex -10.3893 -22.5904 -90.5
      vertex -10.7322 -23.4184 -90.5
    endloop
  endfacet
  facet normal 0 0 1
    outer loop
      vertex -8.95818 -23.5095 -90.5
      vertex -10.7322 -23.4184 -90.5
      vertex -10.2277 -24.9426 -90.5
    endloop
  endfacet
  facet normal -0 0 1
    outer loop
      vertex -12.5 -24.1506 -90.5
      vertex -10.2277 -24.9426 -90.5
      vertex -10.7322 -23.4184 -90.5
    endloop
  endfacet
  facet normal 0 0 1
    outer loop
      vertex -10.2277 -24.9426 -90.5
      vertex -12.5 -24.1506 -90.5
      vertex -12.0179 -25.6215 -90.5
    endloop
  endfacet
  facet normal 0 0 1
    outer loop
      vertex -12.5 -24.1506 -90.5
      vertex -13.9184 -25.3907 -90.5
      vertex -12.0179 -25.6215 -90.5
    endloop
  endfacet
  facet normal 0 0 1
    outer loop
      vertex -14.2678 -23.4184 -90.5
      vertex -13.9184 -25.3907 -90.5
      vertex -12.5 -24.1506 -90.5
    endloop
  endfacet
  facet normal 0 0 1
    outer loop
      vertex -15.494 -24.3031 -90.5
      vertex -14.2678 -23.4184 -90.5
      vertex -15 -21.6506 -90.5
    endloop
  endfacet
  facet normal 0 0 1
    outer loop
      vertex -14.2678 -23.4184 -90.5
      vertex -15.494 -24.3031 -90.5
      vertex -13.9184 -25.3907 -90.5
    endloop
  endfacet
  facet normal -0.56808 -0.822974 0
    outer loop
      vertex -15.494 -24.3031 -94.5
      vertex -13.9184 -25.3907 -90.5
      vertex -15.494 -24.3031 -90.5
    endloop
  endfacet
  facet normal -0.56808 -0.822974 -0
    outer loop
      vertex -13.9184 -25.3907 -90.5
      vertex -15.494 -24.3031 -94.5
      vertex -13.9184 -25.3907 -94.5
    endloop
  endfacet
  facet normal -0.120556 -0.992707 0
    outer loop
      vertex -13.9184 -25.3907 -94.5
      vertex -12.0179 -25.6215 -90.5
      vertex -13.9184 -25.3907 -90.5
    endloop
  endfacet
  facet normal -0.120556 -0.992707 -0
    outer loop
      vertex -12.0179 -25.6215 -90.5
      vertex -13.9184 -25.3907 -94.5
      vertex -12.0179 -25.6215 -94.5
    endloop
  endfacet
  facet normal -1 0 0
    outer loop
      vertex -16.3838 -22.6079 -94.5
      vertex -16.3838 -20.6934 -90.5
      vertex -16.3838 -20.6934 -94.5
    endloop
  endfacet
  facet normal -1 -0 0
    outer loop
      vertex -16.3838 -20.6934 -90.5
      vertex -16.3838 -22.6079 -94.5
      vertex -16.3838 -22.6079 -90.5
    endloop
  endfacet
  facet normal 0.970942 -0.239316 0
    outer loop
      vertex -8.95818 -23.5095 -90.5
      vertex -8.89555 -23.2554 -94.5
      vertex -8.89555 -23.2554 -90.5
    endloop
  endfacet
  facet normal 0.970942 -0.239316 0
    outer loop
      vertex -8.89555 -23.2554 -94.5
      vertex -8.95818 -23.5095 -90.5
      vertex -8.95818 -23.5095 -94.5
    endloop
  endfacet
  facet normal 0 0 -1
    outer loop
      vertex -10.3893 -22.5904 -94.5
      vertex -8.95818 -23.5095 -94.5
      vertex -10.2277 -24.9426 -94.5
    endloop
  endfacet
  facet normal 0 0 -1
    outer loop
      vertex -8.95818 -23.5095 -94.5
      vertex -10.3893 -22.5904 -94.5
      vertex -8.89555 -23.2554 -94.5
    endloop
  endfacet
  facet normal 0 0 -1
    outer loop
      vertex -12.0179 -25.6215 -94.5
      vertex -10.3893 -22.5904 -94.5
      vertex -10.2277 -24.9426 -94.5
    endloop
  endfacet
  facet normal 0 0 -1
    outer loop
      vertex -13.9184 -25.3907 -94.5
      vertex -10.3893 -22.5904 -94.5
      vertex -12.0179 -25.6215 -94.5
    endloop
  endfacet
  facet normal 0 0 -1
    outer loop
      vertex -10.3893 -22.5904 -94.5
      vertex -14.4217 -20.2545 -94.5
      vertex -10.7322 -19.8829 -94.5
    endloop
  endfacet
  facet normal -0 0 -1
    outer loop
      vertex -10.3893 -22.5904 -94.5
      vertex -13.9184 -25.3907 -94.5
      vertex -14.4217 -20.2545 -94.5
    endloop
  endfacet
  facet normal -0 0 -1
    outer loop
      vertex -10.7322 -19.8829 -94.5
      vertex -14.4217 -20.2545 -94.5
      vertex -12.5 -19.1506 -94.5
    endloop
  endfacet
  facet normal 0 0 -1
    outer loop
      vertex -12.5 -19.1506 -94.5
      vertex -14.4217 -20.2545 -94.5
      vertex -14.2678 -19.8829 -94.5
    endloop
  endfacet
  facet normal 0 0 -1
    outer loop
      vertex -15.494 -24.3031 -94.5
      vertex -14.4217 -20.2545 -94.5
      vertex -13.9184 -25.3907 -94.5
    endloop
  endfacet
  facet normal 0 0 -1
    outer loop
      vertex -16.3838 -22.6079 -94.5
      vertex -14.4217 -20.2545 -94.5
      vertex -15.494 -24.3031 -94.5
    endloop
  endfacet
  facet normal 0 0 -1
    outer loop
      vertex -16.3838 -20.6934 -94.5
      vertex -14.4217 -20.2545 -94.5
      vertex -16.3838 -22.6079 -94.5
    endloop
  endfacet
  facet normal -0 0 -1
    outer loop
      vertex -14.4217 -20.2545 -94.5
      vertex -16.3838 -20.6934 -94.5
      vertex -15.6754 -19.3436 -94.5
    endloop
  endfacet
  facet normal -0 0 -1
    outer loop
      vertex -10 -21.6506 -94.5
      vertex -10.3893 -22.5904 -94.5
      vertex -10.7322 -19.8829 -94.5
    endloop
  endfacet
  facet normal -0.885464 0.464708 0
    outer loop
      vertex -16.3838 -20.6934 -94.5
      vertex -15.6754 -19.3436 -90.5
      vertex -15.6754 -19.3436 -94.5
    endloop
  endfacet
  facet normal -0.885464 0.464708 0
    outer loop
      vertex -15.6754 -19.3436 -90.5
      vertex -16.3838 -20.6934 -94.5
      vertex -16.3838 -20.6934 -90.5
    endloop
  endfacet
  facet normal 0 0 -1
    outer loop
      vertex 14.2678 -23.4184 67.5
      vertex 14.2678 -19.8829 67.5
      vertex 15 -21.6506 67.5
    endloop
  endfacet
  facet normal 0 0 -1
    outer loop
      vertex 12.5 -24.1506 67.5
      vertex 14.2678 -19.8829 67.5
      vertex 14.2678 -23.4184 67.5
    endloop
  endfacet
  facet normal 0 0 -1
    outer loop
      vertex 12.5 -24.1506 67.5
      vertex 12.5 -19.1506 67.5
      vertex 14.2678 -19.8829 67.5
    endloop
  endfacet
  facet normal 0 0 -1
    outer loop
      vertex 10.7322 -23.4184 67.5
      vertex 12.5 -19.1506 67.5
      vertex 12.5 -24.1506 67.5
    endloop
  endfacet
  facet normal 0 0 -1
    outer loop
      vertex 10.7322 -23.4184 67.5
      vertex 10.7322 -19.8829 67.5
      vertex 12.5 -19.1506 67.5
    endloop
  endfacet
  facet normal 0 -0 -1
    outer loop
      vertex 10.7322 -19.8829 67.5
      vertex 10.7322 -23.4184 67.5
      vertex 10 -21.6506 67.5
    endloop
  endfacet
  facet normal 0 0 1
    outer loop
      vertex 14.2678 -19.8829 -67.5
      vertex 14.2678 -23.4184 -67.5
      vertex 15 -21.6506 -67.5
    endloop
  endfacet
  facet normal 0 0 1
    outer loop
      vertex 12.5 -19.1506 -67.5
      vertex 14.2678 -23.4184 -67.5
      vertex 14.2678 -19.8829 -67.5
    endloop
  endfacet
  facet normal 0 0 1
    outer loop
      vertex 12.5 -19.1506 -67.5
      vertex 12.5 -24.1506 -67.5
      vertex 14.2678 -23.4184 -67.5
    endloop
  endfacet
  facet normal -0 0 1
    outer loop
      vertex 10.7322 -19.8829 -67.5
      vertex 12.5 -24.1506 -67.5
      vertex 12.5 -19.1506 -67.5
    endloop
  endfacet
  facet normal 0 0 1
    outer loop
      vertex 10.7322 -19.8829 -67.5
      vertex 10.7322 -23.4184 -67.5
      vertex 12.5 -24.1506 -67.5
    endloop
  endfacet
  facet normal 0 -0 1
    outer loop
      vertex 10.7322 -23.4184 -67.5
      vertex 10.7322 -19.8829 -67.5
      vertex 10 -21.6506 -67.5
    endloop
  endfacet
  facet normal -0.885448 -0.464738 0
    outer loop
      vertex 9.50596 -24.3031 90.5
      vertex 8.94462 -23.2336 94.5
      vertex 8.94462 -23.2336 90.5
    endloop
  endfacet
  facet normal -0.885448 -0.464738 0
    outer loop
      vertex 8.94462 -23.2336 94.5
      vertex 9.50596 -24.3031 90.5
      vertex 9.50596 -24.3031 94.5
    endloop
  endfacet
  facet normal 0.74853 0.663101 0
    outer loop
      vertex 16.0418 -19.7917 94.5
      vertex 15.6568 -19.3571 90.5
      vertex 15.6568 -19.3571 94.5
    endloop
  endfacet
  facet normal 0.74853 0.663101 0
    outer loop
      vertex 15.6568 -19.3571 90.5
      vertex 16.0418 -19.7917 94.5
      vertex 16.0418 -19.7917 90.5
    endloop
  endfacet
  facet normal 0.970939 0.239327 0
    outer loop
      vertex 16.5 -21.6506 94.5
      vertex 16.0418 -19.7917 90.5
      vertex 16.0418 -19.7917 94.5
    endloop
  endfacet
  facet normal 0.970939 0.239327 0
    outer loop
      vertex 16.0418 -19.7917 90.5
      vertex 16.5 -21.6506 94.5
      vertex 16.5 -21.6506 90.5
    endloop
  endfacet
  facet normal 0.35459 -0.935022 0
    outer loop
      vertex 12.9821 -25.6215 90.5
      vertex 14.7723 -24.9426 94.5
      vertex 12.9821 -25.6215 94.5
    endloop
  endfacet
  facet normal 0.35459 -0.935022 0
    outer loop
      vertex 14.7723 -24.9426 94.5
      vertex 12.9821 -25.6215 90.5
      vertex 14.7723 -24.9426 90.5
    endloop
  endfacet
  facet normal 0 0 1
    outer loop
      vertex 10.7322 -19.8829 94.5
      vertex 10 -21.6506 94.5
      vertex 10.3893 -22.5904 94.5
    endloop
  endfacet
  facet normal -0 0 1
    outer loop
      vertex 14.4217 -20.2545 94.5
      vertex 16.5 -21.6506 94.5
      vertex 16.0418 -19.7917 94.5
    endloop
  endfacet
  facet normal 0 0 1
    outer loop
      vertex 14.4217 -20.2545 94.5
      vertex 16.0418 -19.7917 94.5
      vertex 15.6568 -19.3571 94.5
    endloop
  endfacet
  facet normal 0 0 1
    outer loop
      vertex 16.5 -21.6506 94.5
      vertex 14.4217 -20.2545 94.5
      vertex 16.0418 -23.5095 94.5
    endloop
  endfacet
  facet normal 0 0 1
    outer loop
      vertex 16.0418 -23.5095 94.5
      vertex 14.4217 -20.2545 94.5
      vertex 14.7723 -24.9426 94.5
    endloop
  endfacet
  facet normal 0 0 1
    outer loop
      vertex 12.5 -19.1506 94.5
      vertex 14.4217 -20.2545 94.5
      vertex 14.2678 -19.8829 94.5
    endloop
  endfacet
  facet normal 0 0 1
    outer loop
      vertex 14.4217 -20.2545 94.5
      vertex 10.3893 -22.5904 94.5
      vertex 14.7723 -24.9426 94.5
    endloop
  endfacet
  facet normal 0 0 1
    outer loop
      vertex 14.4217 -20.2545 94.5
      vertex 12.5 -19.1506 94.5
      vertex 10.3893 -22.5904 94.5
    endloop
  endfacet
  facet normal 0 0 1
    outer loop
      vertex 14.7723 -24.9426 94.5
      vertex 10.3893 -22.5904 94.5
      vertex 12.9821 -25.6215 94.5
    endloop
  endfacet
  facet normal 0 0 1
    outer loop
      vertex 10.3893 -22.5904 94.5
      vertex 12.5 -19.1506 94.5
      vertex 10.7322 -19.8829 94.5
    endloop
  endfacet
  facet normal 0 0 1
    outer loop
      vertex 12.9821 -25.6215 94.5
      vertex 10.3893 -22.5904 94.5
      vertex 11.0816 -25.3907 94.5
    endloop
  endfacet
  facet normal 0 0 1
    outer loop
      vertex 10.3893 -22.5904 94.5
      vertex 9.50596 -24.3031 94.5
      vertex 11.0816 -25.3907 94.5
    endloop
  endfacet
  facet normal 0 -0 1
    outer loop
      vertex 9.50596 -24.3031 94.5
      vertex 10.3893 -22.5904 94.5
      vertex 8.94462 -23.2336 94.5
    endloop
  endfacet
  facet normal 0.970939 -0.239327 0
    outer loop
      vertex 16.0418 -23.5095 94.5
      vertex 16.5 -21.6506 90.5
      vertex 16.5 -21.6506 94.5
    endloop
  endfacet
  facet normal 0.970939 -0.239327 0
    outer loop
      vertex 16.5 -21.6506 90.5
      vertex 16.0418 -23.5095 94.5
      vertex 16.0418 -23.5095 90.5
    endloop
  endfacet
  facet normal -0.120556 -0.992707 0
    outer loop
      vertex 11.0816 -25.3907 90.5
      vertex 12.9821 -25.6215 94.5
      vertex 11.0816 -25.3907 94.5
    endloop
  endfacet
  facet normal -0.120556 -0.992707 -0
    outer loop
      vertex 12.9821 -25.6215 94.5
      vertex 11.0816 -25.3907 90.5
      vertex 12.9821 -25.6215 90.5
    endloop
  endfacet
  facet normal 0.748541 -0.663089 0
    outer loop
      vertex 14.7723 -24.9426 94.5
      vertex 16.0418 -23.5095 90.5
      vertex 16.0418 -23.5095 94.5
    endloop
  endfacet
  facet normal 0.748541 -0.663089 0
    outer loop
      vertex 16.0418 -23.5095 90.5
      vertex 14.7723 -24.9426 94.5
      vertex 14.7723 -24.9426 90.5
    endloop
  endfacet
  facet normal -0.56807 -0.82298 0
    outer loop
      vertex 9.50596 -24.3031 90.5
      vertex 11.0816 -25.3907 94.5
      vertex 9.50596 -24.3031 94.5
    endloop
  endfacet
  facet normal -0.56807 -0.82298 -0
    outer loop
      vertex 11.0816 -25.3907 94.5
      vertex 9.50596 -24.3031 90.5
      vertex 11.0816 -25.3907 90.5
    endloop
  endfacet
  facet normal 0 0 -1
    outer loop
      vertex 15 -21.6506 90.5
      vertex 16.5 -21.6506 90.5
      vertex 16.0418 -23.5095 90.5
    endloop
  endfacet
  facet normal 0 0 -1
    outer loop
      vertex 16.5 -21.6506 90.5
      vertex 15 -21.6506 90.5
      vertex 16.0418 -19.7917 90.5
    endloop
  endfacet
  facet normal 0 0 -1
    outer loop
      vertex 14.4217 -20.2545 90.5
      vertex 16.0418 -19.7917 90.5
      vertex 15 -21.6506 90.5
    endloop
  endfacet
  facet normal 0 0 -1
    outer loop
      vertex 14.2678 -23.4184 90.5
      vertex 16.0418 -23.5095 90.5
      vertex 14.7723 -24.9426 90.5
    endloop
  endfacet
  facet normal 0 0 -1
    outer loop
      vertex 16.0418 -23.5095 90.5
      vertex 14.2678 -23.4184 90.5
      vertex 15 -21.6506 90.5
    endloop
  endfacet
  facet normal 0 0 -1
    outer loop
      vertex 12.5 -24.1506 90.5
      vertex 14.7723 -24.9426 90.5
      vertex 12.9821 -25.6215 90.5
    endloop
  endfacet
  facet normal 0 0 -1
    outer loop
      vertex 14.7723 -24.9426 90.5
      vertex 12.5 -24.1506 90.5
      vertex 14.2678 -23.4184 90.5
    endloop
  endfacet
  facet normal 0 0 -1
    outer loop
      vertex 11.0816 -25.3907 90.5
      vertex 12.5 -24.1506 90.5
      vertex 12.9821 -25.6215 90.5
    endloop
  endfacet
  facet normal 0 0 -1
    outer loop
      vertex 11.0816 -25.3907 90.5
      vertex 10.7322 -23.4184 90.5
      vertex 12.5 -24.1506 90.5
    endloop
  endfacet
  facet normal 0 0 -1
    outer loop
      vertex 9.50596 -24.3031 90.5
      vertex 10.7322 -23.4184 90.5
      vertex 11.0816 -25.3907 90.5
    endloop
  endfacet
  facet normal 0 0 -1
    outer loop
      vertex 8.94462 -23.2336 90.5
      vertex 10.7322 -23.4184 90.5
      vertex 9.50596 -24.3031 90.5
    endloop
  endfacet
  facet normal 0 0 -1
    outer loop
      vertex 10.7322 -23.4184 90.5
      vertex 8.94462 -23.2336 90.5
      vertex 10.3893 -22.5904 90.5
    endloop
  endfacet
  facet normal -0 0 -1
    outer loop
      vertex 16.0418 -19.7917 90.5
      vertex 14.4217 -20.2545 90.5
      vertex 15.6568 -19.3571 90.5
    endloop
  endfacet
  facet normal -0.885448 -0.464738 0
    outer loop
      vertex 9.50596 -24.3031 -94.5
      vertex 8.94462 -23.2336 -90.5
      vertex 8.94462 -23.2336 -94.5
    endloop
  endfacet
  facet normal -0.885448 -0.464738 0
    outer loop
      vertex 8.94462 -23.2336 -90.5
      vertex 9.50596 -24.3031 -94.5
      vertex 9.50596 -24.3031 -90.5
    endloop
  endfacet
  facet normal 0.74853 0.663101 0
    outer loop
      vertex 16.0418 -19.7917 -90.5
      vertex 15.6568 -19.3571 -94.5
      vertex 15.6568 -19.3571 -90.5
    endloop
  endfacet
  facet normal 0.74853 0.663101 0
    outer loop
      vertex 15.6568 -19.3571 -94.5
      vertex 16.0418 -19.7917 -90.5
      vertex 16.0418 -19.7917 -94.5
    endloop
  endfacet
  facet normal 0.970939 0.239327 0
    outer loop
      vertex 16.5 -21.6506 -90.5
      vertex 16.0418 -19.7917 -94.5
      vertex 16.0418 -19.7917 -90.5
    endloop
  endfacet
  facet normal 0.970939 0.239327 0
    outer loop
      vertex 16.0418 -19.7917 -94.5
      vertex 16.5 -21.6506 -90.5
      vertex 16.5 -21.6506 -94.5
    endloop
  endfacet
  facet normal 0.35459 -0.935022 0
    outer loop
      vertex 12.9821 -25.6215 -94.5
      vertex 14.7723 -24.9426 -90.5
      vertex 12.9821 -25.6215 -90.5
    endloop
  endfacet
  facet normal 0.35459 -0.935022 0
    outer loop
      vertex 14.7723 -24.9426 -90.5
      vertex 12.9821 -25.6215 -94.5
      vertex 14.7723 -24.9426 -94.5
    endloop
  endfacet
  facet normal 0 0 1
    outer loop
      vertex 16.0418 -19.7917 -90.5
      vertex 14.4217 -20.2545 -90.5
      vertex 15 -21.6506 -90.5
    endloop
  endfacet
  facet normal 0 0 1
    outer loop
      vertex 15 -21.6506 -90.5
      vertex 16.5 -21.6506 -90.5
      vertex 16.0418 -19.7917 -90.5
    endloop
  endfacet
  facet normal 0 0 1
    outer loop
      vertex 14.4217 -20.2545 -90.5
      vertex 16.0418 -19.7917 -90.5
      vertex 15.6568 -19.3571 -90.5
    endloop
  endfacet
  facet normal 0 0 1
    outer loop
      vertex 16.5 -21.6506 -90.5
      vertex 15 -21.6506 -90.5
      vertex 16.0418 -23.5095 -90.5
    endloop
  endfacet
  facet normal -0 0 1
    outer loop
      vertex 14.2678 -23.4184 -90.5
      vertex 16.0418 -23.5095 -90.5
      vertex 15 -21.6506 -90.5
    endloop
  endfacet
  facet normal 0 0 1
    outer loop
      vertex 16.0418 -23.5095 -90.5
      vertex 14.2678 -23.4184 -90.5
      vertex 14.7723 -24.9426 -90.5
    endloop
  endfacet
  facet normal -0 0 1
    outer loop
      vertex 12.5 -24.1506 -90.5
      vertex 14.7723 -24.9426 -90.5
      vertex 14.2678 -23.4184 -90.5
    endloop
  endfacet
  facet normal 0 0 1
    outer loop
      vertex 14.7723 -24.9426 -90.5
      vertex 12.5 -24.1506 -90.5
      vertex 12.9821 -25.6215 -90.5
    endloop
  endfacet
  facet normal 0 0 1
    outer loop
      vertex 12.5 -24.1506 -90.5
      vertex 11.0816 -25.3907 -90.5
      vertex 12.9821 -25.6215 -90.5
    endloop
  endfacet
  facet normal 0 0 1
    outer loop
      vertex 10.7322 -23.4184 -90.5
      vertex 11.0816 -25.3907 -90.5
      vertex 12.5 -24.1506 -90.5
    endloop
  endfacet
  facet normal -0 0 1
    outer loop
      vertex 8.94462 -23.2336 -90.5
      vertex 10.7322 -23.4184 -90.5
      vertex 10.3893 -22.5904 -90.5
    endloop
  endfacet
  facet normal 0 0 1
    outer loop
      vertex 10.7322 -23.4184 -90.5
      vertex 9.50596 -24.3031 -90.5
      vertex 11.0816 -25.3907 -90.5
    endloop
  endfacet
  facet normal 0 0 1
    outer loop
      vertex 10.7322 -23.4184 -90.5
      vertex 8.94462 -23.2336 -90.5
      vertex 9.50596 -24.3031 -90.5
    endloop
  endfacet
  facet normal 0.970939 -0.239327 0
    outer loop
      vertex 16.0418 -23.5095 -90.5
      vertex 16.5 -21.6506 -94.5
      vertex 16.5 -21.6506 -90.5
    endloop
  endfacet
  facet normal 0.970939 -0.239327 0
    outer loop
      vertex 16.5 -21.6506 -94.5
      vertex 16.0418 -23.5095 -90.5
      vertex 16.0418 -23.5095 -94.5
    endloop
  endfacet
  facet normal -0.120556 -0.992707 0
    outer loop
      vertex 11.0816 -25.3907 -94.5
      vertex 12.9821 -25.6215 -90.5
      vertex 11.0816 -25.3907 -90.5
    endloop
  endfacet
  facet normal -0.120556 -0.992707 -0
    outer loop
      vertex 12.9821 -25.6215 -90.5
      vertex 11.0816 -25.3907 -94.5
      vertex 12.9821 -25.6215 -94.5
    endloop
  endfacet
  facet normal 0.748541 -0.663089 0
    outer loop
      vertex 14.7723 -24.9426 -90.5
      vertex 16.0418 -23.5095 -94.5
      vertex 16.0418 -23.5095 -90.5
    endloop
  endfacet
  facet normal 0.748541 -0.663089 0
    outer loop
      vertex 16.0418 -23.5095 -94.5
      vertex 14.7723 -24.9426 -90.5
      vertex 14.7723 -24.9426 -94.5
    endloop
  endfacet
  facet normal -0.56807 -0.82298 0
    outer loop
      vertex 9.50596 -24.3031 -94.5
      vertex 11.0816 -25.3907 -90.5
      vertex 9.50596 -24.3031 -90.5
    endloop
  endfacet
  facet normal -0.56807 -0.82298 -0
    outer loop
      vertex 11.0816 -25.3907 -90.5
      vertex 9.50596 -24.3031 -94.5
      vertex 11.0816 -25.3907 -94.5
    endloop
  endfacet
  facet normal 0 0 -1
    outer loop
      vertex 14.4217 -20.2545 -94.5
      vertex 16.5 -21.6506 -94.5
      vertex 16.0418 -23.5095 -94.5
    endloop
  endfacet
  facet normal 0 0 -1
    outer loop
      vertex 16.5 -21.6506 -94.5
      vertex 14.4217 -20.2545 -94.5
      vertex 16.0418 -19.7917 -94.5
    endloop
  endfacet
  facet normal 0 0 -1
    outer loop
      vertex 14.4217 -20.2545 -94.5
      vertex 16.0418 -23.5095 -94.5
      vertex 14.7723 -24.9426 -94.5
    endloop
  endfacet
  facet normal -0 0 -1
    outer loop
      vertex 16.0418 -19.7917 -94.5
      vertex 14.4217 -20.2545 -94.5
      vertex 15.6568 -19.3571 -94.5
    endloop
  endfacet
  facet normal 0 0 -1
    outer loop
      vertex 10.3893 -22.5904 -94.5
      vertex 14.4217 -20.2545 -94.5
      vertex 14.7723 -24.9426 -94.5
    endloop
  endfacet
  facet normal 0 0 -1
    outer loop
      vertex 10.3893 -22.5904 -94.5
      vertex 14.7723 -24.9426 -94.5
      vertex 12.9821 -25.6215 -94.5
    endloop
  endfacet
  facet normal 0 -0 -1
    outer loop
      vertex 12.5 -19.1506 -94.5
      vertex 14.4217 -20.2545 -94.5
      vertex 10.3893 -22.5904 -94.5
    endloop
  endfacet
  facet normal 0 0 -1
    outer loop
      vertex 10.3893 -22.5904 -94.5
      vertex 12.9821 -25.6215 -94.5
      vertex 11.0816 -25.3907 -94.5
    endloop
  endfacet
  facet normal 0 0 -1
    outer loop
      vertex 14.4217 -20.2545 -94.5
      vertex 12.5 -19.1506 -94.5
      vertex 14.2678 -19.8829 -94.5
    endloop
  endfacet
  facet normal 0 0 -1
    outer loop
      vertex 12.5 -19.1506 -94.5
      vertex 10.3893 -22.5904 -94.5
      vertex 10.7322 -19.8829 -94.5
    endloop
  endfacet
  facet normal 0 0 -1
    outer loop
      vertex 9.50596 -24.3031 -94.5
      vertex 10.3893 -22.5904 -94.5
      vertex 11.0816 -25.3907 -94.5
    endloop
  endfacet
  facet normal 0 0 -1
    outer loop
      vertex 10.3893 -22.5904 -94.5
      vertex 9.50596 -24.3031 -94.5
      vertex 8.94462 -23.2336 -94.5
    endloop
  endfacet
  facet normal 0 0 -1
    outer loop
      vertex 10.7322 -19.8829 -94.5
      vertex 10.3893 -22.5904 -94.5
      vertex 10 -21.6506 -94.5
    endloop
  endfacet
  facet normal 0 0 -1
    outer loop
      vertex 9.78148 -2.07912 -80
      vertex 9.78148 2.07912 -80
      vertex 10 0 -80
    endloop
  endfacet
  facet normal 0 0 -1
    outer loop
      vertex 9.13545 -4.06737 -80
      vertex 9.78148 2.07912 -80
      vertex 9.78148 -2.07912 -80
    endloop
  endfacet
  facet normal 0 0 -1
    outer loop
      vertex 9.13545 -4.06737 -80
      vertex 9.13545 4.06737 -80
      vertex 9.78148 2.07912 -80
    endloop
  endfacet
  facet normal 0 0 -1
    outer loop
      vertex 8.09017 -5.87785 -80
      vertex 9.13545 4.06737 -80
      vertex 9.13545 -4.06737 -80
    endloop
  endfacet
  facet normal 0 0 -1
    outer loop
      vertex 8.09017 -5.87785 -80
      vertex 8.09017 5.87785 -80
      vertex 9.13545 4.06737 -80
    endloop
  endfacet
  facet normal 0 0 -1
    outer loop
      vertex 6.69131 -7.43145 -80
      vertex 8.09017 5.87785 -80
      vertex 8.09017 -5.87785 -80
    endloop
  endfacet
  facet normal 0 0 -1
    outer loop
      vertex 6.69131 -7.43145 -80
      vertex 6.69131 7.43145 -80
      vertex 8.09017 5.87785 -80
    endloop
  endfacet
  facet normal 0 0 -1
    outer loop
      vertex 5 -8.66025 -80
      vertex 6.69131 7.43145 -80
      vertex 6.69131 -7.43145 -80
    endloop
  endfacet
  facet normal 0 0 -1
    outer loop
      vertex 5 -8.66025 -80
      vertex 5 8.66025 -80
      vertex 6.69131 7.43145 -80
    endloop
  endfacet
  facet normal 0 0 -1
    outer loop
      vertex 3.09017 -9.51056 -80
      vertex 5 8.66025 -80
      vertex 5 -8.66025 -80
    endloop
  endfacet
  facet normal 0 0 -1
    outer loop
      vertex 3.09017 -9.51056 -80
      vertex 3.09017 9.51056 -80
      vertex 5 8.66025 -80
    endloop
  endfacet
  facet normal 0 0 -1
    outer loop
      vertex 1.04528 -9.94522 -80
      vertex 3.09017 9.51056 -80
      vertex 3.09017 -9.51056 -80
    endloop
  endfacet
  facet normal 0 0 -1
    outer loop
      vertex 1.04528 -9.94522 -80
      vertex 1.04528 9.94522 -80
      vertex 3.09017 9.51056 -80
    endloop
  endfacet
  facet normal 0 0 -1
    outer loop
      vertex -1.04528 -9.94522 -80
      vertex 1.04528 9.94522 -80
      vertex 1.04528 -9.94522 -80
    endloop
  endfacet
  facet normal 0 0 -1
    outer loop
      vertex -1.04528 -9.94522 -80
      vertex -1.04528 9.94522 -80
      vertex 1.04528 9.94522 -80
    endloop
  endfacet
  facet normal 0 0 -1
    outer loop
      vertex -3.09017 -9.51056 -80
      vertex -1.04528 9.94522 -80
      vertex -1.04528 -9.94522 -80
    endloop
  endfacet
  facet normal 0 0 -1
    outer loop
      vertex -3.09017 -9.51056 -80
      vertex -3.09017 9.51056 -80
      vertex -1.04528 9.94522 -80
    endloop
  endfacet
  facet normal 0 0 -1
    outer loop
      vertex -5 -8.66025 -80
      vertex -3.09017 9.51056 -80
      vertex -3.09017 -9.51056 -80
    endloop
  endfacet
  facet normal 0 0 -1
    outer loop
      vertex -5 -8.66025 -80
      vertex -5 8.66025 -80
      vertex -3.09017 9.51056 -80
    endloop
  endfacet
  facet normal 0 0 -1
    outer loop
      vertex -6.69131 -7.43145 -80
      vertex -5 8.66025 -80
      vertex -5 -8.66025 -80
    endloop
  endfacet
  facet normal 0 0 -1
    outer loop
      vertex -6.69131 -7.43145 -80
      vertex -6.69131 7.43145 -80
      vertex -5 8.66025 -80
    endloop
  endfacet
  facet normal 0 0 -1
    outer loop
      vertex -8.09017 -5.87785 -80
      vertex -6.69131 7.43145 -80
      vertex -6.69131 -7.43145 -80
    endloop
  endfacet
  facet normal 0 0 -1
    outer loop
      vertex -8.09017 -5.87785 -80
      vertex -8.09017 5.87785 -80
      vertex -6.69131 7.43145 -80
    endloop
  endfacet
  facet normal 0 0 -1
    outer loop
      vertex -9.13545 -4.06737 -80
      vertex -8.09017 5.87785 -80
      vertex -8.09017 -5.87785 -80
    endloop
  endfacet
  facet normal 0 0 -1
    outer loop
      vertex -9.13545 -4.06737 -80
      vertex -9.13545 4.06737 -80
      vertex -8.09017 5.87785 -80
    endloop
  endfacet
  facet normal 0 0 -1
    outer loop
      vertex -9.78148 -2.07912 -80
      vertex -9.13545 4.06737 -80
      vertex -9.13545 -4.06737 -80
    endloop
  endfacet
  facet normal 0 0 -1
    outer loop
      vertex -9.78148 -2.07912 -80
      vertex -9.78148 2.07912 -80
      vertex -9.13545 4.06737 -80
    endloop
  endfacet
  facet normal 0 -0 -1
    outer loop
      vertex -9.78148 2.07912 -80
      vertex -9.78148 -2.07912 -80
      vertex -10 0 -80
    endloop
  endfacet
  facet normal 0 0 1
    outer loop
      vertex 9.78148 2.07912 80
      vertex 9.78148 -2.07912 80
      vertex 10 0 80
    endloop
  endfacet
  facet normal 0 0 1
    outer loop
      vertex 9.13545 4.06737 80
      vertex 9.78148 -2.07912 80
      vertex 9.78148 2.07912 80
    endloop
  endfacet
  facet normal 0 0 1
    outer loop
      vertex 9.13545 4.06737 80
      vertex 9.13545 -4.06737 80
      vertex 9.78148 -2.07912 80
    endloop
  endfacet
  facet normal 0 0 1
    outer loop
      vertex 8.09017 5.87785 80
      vertex 9.13545 -4.06737 80
      vertex 9.13545 4.06737 80
    endloop
  endfacet
  facet normal 0 0 1
    outer loop
      vertex 8.09017 5.87785 80
      vertex 8.09017 -5.87785 80
      vertex 9.13545 -4.06737 80
    endloop
  endfacet
  facet normal 0 0 1
    outer loop
      vertex 6.69131 7.43145 80
      vertex 8.09017 -5.87785 80
      vertex 8.09017 5.87785 80
    endloop
  endfacet
  facet normal 0 0 1
    outer loop
      vertex 6.69131 7.43145 80
      vertex 6.69131 -7.43145 80
      vertex 8.09017 -5.87785 80
    endloop
  endfacet
  facet normal 0 0 1
    outer loop
      vertex 5 8.66025 80
      vertex 6.69131 -7.43145 80
      vertex 6.69131 7.43145 80
    endloop
  endfacet
  facet normal 0 0 1
    outer loop
      vertex 5 8.66025 80
      vertex 5 -8.66025 80
      vertex 6.69131 -7.43145 80
    endloop
  endfacet
  facet normal 0 0 1
    outer loop
      vertex 3.09017 9.51056 80
      vertex 5 -8.66025 80
      vertex 5 8.66025 80
    endloop
  endfacet
  facet normal 0 0 1
    outer loop
      vertex 3.09017 9.51056 80
      vertex 3.09017 -9.51056 80
      vertex 5 -8.66025 80
    endloop
  endfacet
  facet normal 0 0 1
    outer loop
      vertex 1.04528 9.94522 80
      vertex 3.09017 -9.51056 80
      vertex 3.09017 9.51056 80
    endloop
  endfacet
  facet normal 0 0 1
    outer loop
      vertex 1.04528 9.94522 80
      vertex 1.04528 -9.94522 80
      vertex 3.09017 -9.51056 80
    endloop
  endfacet
  facet normal -0 0 1
    outer loop
      vertex -1.04528 9.94522 80
      vertex 1.04528 -9.94522 80
      vertex 1.04528 9.94522 80
    endloop
  endfacet
  facet normal 0 0 1
    outer loop
      vertex -1.04528 9.94522 80
      vertex -1.04528 -9.94522 80
      vertex 1.04528 -9.94522 80
    endloop
  endfacet
  facet normal -0 0 1
    outer loop
      vertex -3.09017 9.51056 80
      vertex -1.04528 -9.94522 80
      vertex -1.04528 9.94522 80
    endloop
  endfacet
  facet normal 0 0 1
    outer loop
      vertex -3.09017 9.51056 80
      vertex -3.09017 -9.51056 80
      vertex -1.04528 -9.94522 80
    endloop
  endfacet
  facet normal -0 0 1
    outer loop
      vertex -5 8.66025 80
      vertex -3.09017 -9.51056 80
      vertex -3.09017 9.51056 80
    endloop
  endfacet
  facet normal 0 0 1
    outer loop
      vertex -5 8.66025 80
      vertex -5 -8.66025 80
      vertex -3.09017 -9.51056 80
    endloop
  endfacet
  facet normal -0 0 1
    outer loop
      vertex -6.69131 7.43145 80
      vertex -5 -8.66025 80
      vertex -5 8.66025 80
    endloop
  endfacet
  facet normal 0 0 1
    outer loop
      vertex -6.69131 7.43145 80
      vertex -6.69131 -7.43145 80
      vertex -5 -8.66025 80
    endloop
  endfacet
  facet normal -0 0 1
    outer loop
      vertex -8.09017 5.87785 80
      vertex -6.69131 -7.43145 80
      vertex -6.69131 7.43145 80
    endloop
  endfacet
  facet normal 0 0 1
    outer loop
      vertex -8.09017 5.87785 80
      vertex -8.09017 -5.87785 80
      vertex -6.69131 -7.43145 80
    endloop
  endfacet
  facet normal -0 0 1
    outer loop
      vertex -9.13545 4.06737 80
      vertex -8.09017 -5.87785 80
      vertex -8.09017 5.87785 80
    endloop
  endfacet
  facet normal 0 0 1
    outer loop
      vertex -9.13545 4.06737 80
      vertex -9.13545 -4.06737 80
      vertex -8.09017 -5.87785 80
    endloop
  endfacet
  facet normal -0 0 1
    outer loop
      vertex -9.78148 2.07912 80
      vertex -9.13545 -4.06737 80
      vertex -9.13545 4.06737 80
    endloop
  endfacet
  facet normal 0 0 1
    outer loop
      vertex -9.78148 2.07912 80
      vertex -9.78148 -2.07912 80
      vertex -9.13545 -4.06737 80
    endloop
  endfacet
  facet normal 0 -0 1
    outer loop
      vertex -9.78148 -2.07912 80
      vertex -9.78148 2.07912 80
      vertex -10 0 80
    endloop
  endfacet
endsolid OpenSCAD_Model
