solid OpenSCAD_Model
  facet normal -0.743147 -0.669129 0
    outer loop
      vertex -6.69131 -7.43145 -25
      vertex -8.09017 -5.87785 -17.5
      vertex -8.09017 -5.87785 -25
    endloop
  endfacet
  facet normal -0.743147 -0.669129 0
    outer loop
      vertex -8.09017 -5.87785 -17.5
      vertex -6.69131 -7.43145 -25
      vertex -6.69131 -7.43145 -17.5
    endloop
  endfacet
  facet normal 0.951055 0.309021 0
    outer loop
      vertex 9.78148 2.07912 -17.5
      vertex 9.13545 4.06737 -25
      vertex 9.13545 4.06737 -17.5
    endloop
  endfacet
  facet normal 0.951055 0.309021 0
    outer loop
      vertex 9.13545 4.06737 -25
      vertex 9.78148 2.07912 -17.5
      vertex 9.78148 2.07912 -25
    endloop
  endfacet
  facet normal 0.994522 0.104526 0
    outer loop
      vertex 9.87032 1.23384 -17.5
      vertex 9.78148 2.07912 -25
      vertex 9.78148 2.07912 -17.5
    endloop
  endfacet
  facet normal 0.994522 0.104526 0
    outer loop
      vertex 9.78148 2.07912 -25
      vertex 9.87032 1.23384 -17.5
      vertex 9.87032 1.23384 -25
    endloop
  endfacet
  facet normal 0.866026 0.5 0
    outer loop
      vertex 9.13545 4.06737 -17.5
      vertex 8.09017 5.87785 -25
      vertex 8.09017 5.87785 -17.5
    endloop
  endfacet
  facet normal 0.866026 0.5 0
    outer loop
      vertex 8.09017 5.87785 -25
      vertex 9.13545 4.06737 -17.5
      vertex 9.13545 4.06737 -25
    endloop
  endfacet
  facet normal 0.951055 -0.309021 0
    outer loop
      vertex 9.13545 -4.06737 -17.5
      vertex 9.78148 -2.07912 -25
      vertex 9.78148 -2.07912 -17.5
    endloop
  endfacet
  facet normal 0.951055 -0.309021 0
    outer loop
      vertex 9.78148 -2.07912 -25
      vertex 9.13545 -4.06737 -17.5
      vertex 9.13545 -4.06737 -25
    endloop
  endfacet
  facet normal 0.587783 -0.809019 0
    outer loop
      vertex 5 -8.66025 -25
      vertex 6.69131 -7.43145 -17.5
      vertex 5 -8.66025 -17.5
    endloop
  endfacet
  facet normal 0.587783 -0.809019 0
    outer loop
      vertex 6.69131 -7.43145 -17.5
      vertex 5 -8.66025 -25
      vertex 6.69131 -7.43145 -25
    endloop
  endfacet
  facet normal 0.743147 -0.669129 0
    outer loop
      vertex 6.69131 -7.43145 -17.5
      vertex 8.09017 -5.87785 -25
      vertex 8.09017 -5.87785 -17.5
    endloop
  endfacet
  facet normal 0.743147 -0.669129 0
    outer loop
      vertex 8.09017 -5.87785 -25
      vertex 6.69131 -7.43145 -17.5
      vertex 6.69131 -7.43145 -25
    endloop
  endfacet
  facet normal 0.994522 -0.104526 0
    outer loop
      vertex 9.78148 -2.07912 -17.5
      vertex 9.87032 -1.23384 -25
      vertex 9.87032 -1.23384 -17.5
    endloop
  endfacet
  facet normal 0.994522 -0.104526 0
    outer loop
      vertex 9.87032 -1.23384 -25
      vertex 9.78148 -2.07912 -17.5
      vertex 9.78148 -2.07912 -25
    endloop
  endfacet
  facet normal -0.406736 -0.913546 0
    outer loop
      vertex -5 -8.66025 -25
      vertex -3.09017 -9.51056 -17.5
      vertex -5 -8.66025 -17.5
    endloop
  endfacet
  facet normal -0.406736 -0.913546 -0
    outer loop
      vertex -3.09017 -9.51056 -17.5
      vertex -5 -8.66025 -25
      vertex -3.09017 -9.51056 -25
    endloop
  endfacet
  facet normal 0.406736 0.913546 -0
    outer loop
      vertex 5 8.66025 -25
      vertex 3.09017 9.51056 -17.5
      vertex 5 8.66025 -17.5
    endloop
  endfacet
  facet normal 0.406736 0.913546 0
    outer loop
      vertex 3.09017 9.51056 -17.5
      vertex 5 8.66025 -25
      vertex 3.09017 9.51056 -25
    endloop
  endfacet
  facet normal 0.743147 0.669129 0
    outer loop
      vertex 8.09017 5.87785 -17.5
      vertex 6.69131 7.43145 -25
      vertex 6.69131 7.43145 -17.5
    endloop
  endfacet
  facet normal 0.743147 0.669129 0
    outer loop
      vertex 6.69131 7.43145 -25
      vertex 8.09017 5.87785 -17.5
      vertex 8.09017 5.87785 -25
    endloop
  endfacet
  facet normal -0.587783 -0.809019 0
    outer loop
      vertex -6.69131 -7.43145 -25
      vertex -5 -8.66025 -17.5
      vertex -6.69131 -7.43145 -17.5
    endloop
  endfacet
  facet normal -0.587783 -0.809019 -0
    outer loop
      vertex -5 -8.66025 -17.5
      vertex -6.69131 -7.43145 -25
      vertex -5 -8.66025 -25
    endloop
  endfacet
  facet normal -0.743147 0.669129 0
    outer loop
      vertex -8.09017 5.87785 -25
      vertex -6.69131 7.43145 -17.5
      vertex -6.69131 7.43145 -25
    endloop
  endfacet
  facet normal -0.743147 0.669129 0
    outer loop
      vertex -6.69131 7.43145 -17.5
      vertex -8.09017 5.87785 -25
      vertex -8.09017 5.87785 -17.5
    endloop
  endfacet
  facet normal 0.406736 -0.913546 0
    outer loop
      vertex 3.09017 -9.51056 -25
      vertex 5 -8.66025 -17.5
      vertex 3.09017 -9.51056 -17.5
    endloop
  endfacet
  facet normal 0.406736 -0.913546 0
    outer loop
      vertex 5 -8.66025 -17.5
      vertex 3.09017 -9.51056 -25
      vertex 5 -8.66025 -25
    endloop
  endfacet
  facet normal 0.207914 -0.978147 0
    outer loop
      vertex 1.24442 -9.90289 -25
      vertex 3.09017 -9.51056 -17.5
      vertex 1.24442 -9.90289 -17.5
    endloop
  endfacet
  facet normal 0.207914 -0.978147 0
    outer loop
      vertex 3.09017 -9.51056 -17.5
      vertex 1.24442 -9.90289 -25
      vertex 3.09017 -9.51056 -25
    endloop
  endfacet
  facet normal -0.951055 0.309021 0
    outer loop
      vertex -9.78148 2.07912 -25
      vertex -9.13545 4.06737 -17.5
      vertex -9.13545 4.06737 -25
    endloop
  endfacet
  facet normal -0.951055 0.309021 0
    outer loop
      vertex -9.13545 4.06737 -17.5
      vertex -9.78148 2.07912 -25
      vertex -9.78148 2.07912 -17.5
    endloop
  endfacet
  facet normal -0.951055 -0.309021 0
    outer loop
      vertex -9.13545 -4.06737 -25
      vertex -9.78148 -2.07912 -17.5
      vertex -9.78148 -2.07912 -25
    endloop
  endfacet
  facet normal -0.951055 -0.309021 0
    outer loop
      vertex -9.78148 -2.07912 -17.5
      vertex -9.13545 -4.06737 -25
      vertex -9.13545 -4.06737 -17.5
    endloop
  endfacet
  facet normal -0.406736 0.913546 0
    outer loop
      vertex -3.09017 9.51056 -25
      vertex -5 8.66025 -17.5
      vertex -3.09017 9.51056 -17.5
    endloop
  endfacet
  facet normal -0.406736 0.913546 0
    outer loop
      vertex -5 8.66025 -17.5
      vertex -3.09017 9.51056 -25
      vertex -5 8.66025 -25
    endloop
  endfacet
  facet normal 0 0 1
    outer loop
      vertex 8.78647 0.881678 -17.5
      vertex 9.78148 2.07912 -17.5
      vertex 9.13545 4.06737 -17.5
    endloop
  endfacet
  facet normal 0 0 1
    outer loop
      vertex 9.78148 2.07912 -17.5
      vertex 8.78647 0.881678 -17.5
      vertex 9.87032 1.23384 -17.5
    endloop
  endfacet
  facet normal 0 0 1
    outer loop
      vertex 9.13545 4.06737 -17.5
      vertex 4.6194 1.91342 -17.5
      vertex 8.78647 0.881678 -17.5
    endloop
  endfacet
  facet normal 0 0 1
    outer loop
      vertex 4.6194 1.91342 -17.5
      vertex 9.13545 4.06737 -17.5
      vertex 8.09017 5.87785 -17.5
    endloop
  endfacet
  facet normal 0 0 1
    outer loop
      vertex 8.78647 -0.881678 -17.5
      vertex 9.78148 -2.07912 -17.5
      vertex 9.87032 -1.23384 -17.5
    endloop
  endfacet
  facet normal 0 0 1
    outer loop
      vertex 9.78148 -2.07912 -17.5
      vertex 8.78647 -0.881678 -17.5
      vertex 9.13545 -4.06737 -17.5
    endloop
  endfacet
  facet normal -0 0 1
    outer loop
      vertex 4.6194 -1.91342 -17.5
      vertex 9.13545 -4.06737 -17.5
      vertex 8.78647 -0.881678 -17.5
    endloop
  endfacet
  facet normal 0 -0 1
    outer loop
      vertex 5 0 -17.5
      vertex 8.78647 0.881678 -17.5
      vertex 4.6194 1.91342 -17.5
    endloop
  endfacet
  facet normal 0 0 1
    outer loop
      vertex 3.53553 3.53553 -17.5
      vertex 8.09017 5.87785 -17.5
      vertex 6.69131 7.43145 -17.5
    endloop
  endfacet
  facet normal 0 0 1
    outer loop
      vertex 4.6194 -1.91342 -17.5
      vertex 8.78647 -0.881678 -17.5
      vertex 5 0 -17.5
    endloop
  endfacet
  facet normal 0 0 1
    outer loop
      vertex 3.53553 3.53553 -17.5
      vertex 6.69131 7.43145 -17.5
      vertex 5 8.66025 -17.5
    endloop
  endfacet
  facet normal 0 0 1
    outer loop
      vertex 9.13545 -4.06737 -17.5
      vertex 4.6194 -1.91342 -17.5
      vertex 8.09017 -5.87785 -17.5
    endloop
  endfacet
  facet normal -0 0 1
    outer loop
      vertex 3.53553 -3.53553 -17.5
      vertex 8.09017 -5.87785 -17.5
      vertex 4.6194 -1.91342 -17.5
    endloop
  endfacet
  facet normal 0 0 1
    outer loop
      vertex 8.09017 -5.87785 -17.5
      vertex 3.53553 -3.53553 -17.5
      vertex 6.69131 -7.43145 -17.5
    endloop
  endfacet
  facet normal 0 0 1
    outer loop
      vertex 6.69131 -7.43145 -17.5
      vertex 3.53553 -3.53553 -17.5
      vertex 5 -8.66025 -17.5
    endloop
  endfacet
  facet normal -0 0 1
    outer loop
      vertex 1.91342 -4.6194 -17.5
      vertex 5 -8.66025 -17.5
      vertex 3.53553 -3.53553 -17.5
    endloop
  endfacet
  facet normal 0 0 1
    outer loop
      vertex 5 -8.66025 -17.5
      vertex 1.91342 -4.6194 -17.5
      vertex 3.09017 -9.51056 -17.5
    endloop
  endfacet
  facet normal -0 0 1
    outer loop
      vertex 0.881678 -8.78647 -17.5
      vertex 3.09017 -9.51056 -17.5
      vertex 1.91342 -4.6194 -17.5
    endloop
  endfacet
  facet normal 0 0 1
    outer loop
      vertex 3.09017 -9.51056 -17.5
      vertex 0.881678 -8.78647 -17.5
      vertex 1.24442 -9.90289 -17.5
    endloop
  endfacet
  facet normal -0 0 1
    outer loop
      vertex 0 -5 -17.5
      vertex 0.881678 -8.78647 -17.5
      vertex 1.91342 -4.6194 -17.5
    endloop
  endfacet
  facet normal 0 0 1
    outer loop
      vertex 0 -5 -17.5
      vertex -0.881678 -8.78647 -17.5
      vertex 0.881678 -8.78647 -17.5
    endloop
  endfacet
  facet normal 0 0 1
    outer loop
      vertex -1.91342 -4.6194 -17.5
      vertex -0.881678 -8.78647 -17.5
      vertex 0 -5 -17.5
    endloop
  endfacet
  facet normal 0 0 1
    outer loop
      vertex -3.09017 -9.51056 -17.5
      vertex -0.881678 -8.78647 -17.5
      vertex -1.91342 -4.6194 -17.5
    endloop
  endfacet
  facet normal 0 0 1
    outer loop
      vertex -0.881678 -8.78647 -17.5
      vertex -3.09017 -9.51056 -17.5
      vertex -1.24442 -9.90289 -17.5
    endloop
  endfacet
  facet normal 0 0 1
    outer loop
      vertex -5 -8.66025 -17.5
      vertex -1.91342 -4.6194 -17.5
      vertex -3.53553 -3.53553 -17.5
    endloop
  endfacet
  facet normal 0 0 1
    outer loop
      vertex -8.09017 -5.87785 -17.5
      vertex -3.53553 -3.53553 -17.5
      vertex -4.6194 -1.91342 -17.5
    endloop
  endfacet
  facet normal 0 0 1
    outer loop
      vertex -1.91342 -4.6194 -17.5
      vertex -5 -8.66025 -17.5
      vertex -3.09017 -9.51056 -17.5
    endloop
  endfacet
  facet normal -0 0 1
    outer loop
      vertex -8.78647 -0.881678 -17.5
      vertex -4.6194 -1.91342 -17.5
      vertex -5 0 -17.5
    endloop
  endfacet
  facet normal 0 0 1
    outer loop
      vertex 8.78647 0.881678 -17.5
      vertex 5 0 -17.5
      vertex 8.78647 -0.881678 -17.5
    endloop
  endfacet
  facet normal 0 0 1
    outer loop
      vertex 8.09017 5.87785 -17.5
      vertex 3.53553 3.53553 -17.5
      vertex 4.6194 1.91342 -17.5
    endloop
  endfacet
  facet normal 0 0 1
    outer loop
      vertex 1.91342 4.6194 -17.5
      vertex 5 8.66025 -17.5
      vertex 3.09017 9.51056 -17.5
    endloop
  endfacet
  facet normal 0 0 1
    outer loop
      vertex 5 8.66025 -17.5
      vertex 1.91342 4.6194 -17.5
      vertex 3.53553 3.53553 -17.5
    endloop
  endfacet
  facet normal 0 0 1
    outer loop
      vertex 0.881678 8.78647 -17.5
      vertex 3.09017 9.51056 -17.5
      vertex 1.24442 9.90289 -17.5
    endloop
  endfacet
  facet normal 0 0 1
    outer loop
      vertex 3.09017 9.51056 -17.5
      vertex 0.881678 8.78647 -17.5
      vertex 1.91342 4.6194 -17.5
    endloop
  endfacet
  facet normal 0 0 1
    outer loop
      vertex 0.881678 8.78647 -17.5
      vertex 0 5 -17.5
      vertex 1.91342 4.6194 -17.5
    endloop
  endfacet
  facet normal -0 0 1
    outer loop
      vertex -0.881678 8.78647 -17.5
      vertex 0 5 -17.5
      vertex 0.881678 8.78647 -17.5
    endloop
  endfacet
  facet normal -0 0 1
    outer loop
      vertex -3.09017 9.51056 -17.5
      vertex -0.881678 8.78647 -17.5
      vertex -1.24442 9.90289 -17.5
    endloop
  endfacet
  facet normal 0 0 1
    outer loop
      vertex -0.881678 8.78647 -17.5
      vertex -1.91342 4.6194 -17.5
      vertex 0 5 -17.5
    endloop
  endfacet
  facet normal 0 0 1
    outer loop
      vertex -0.881678 8.78647 -17.5
      vertex -3.09017 9.51056 -17.5
      vertex -1.91342 4.6194 -17.5
    endloop
  endfacet
  facet normal -0 0 1
    outer loop
      vertex -5 8.66025 -17.5
      vertex -1.91342 4.6194 -17.5
      vertex -3.09017 9.51056 -17.5
    endloop
  endfacet
  facet normal 0 0 1
    outer loop
      vertex -1.91342 4.6194 -17.5
      vertex -5 8.66025 -17.5
      vertex -3.53553 3.53553 -17.5
    endloop
  endfacet
  facet normal -0 0 1
    outer loop
      vertex -6.69131 7.43145 -17.5
      vertex -3.53553 3.53553 -17.5
      vertex -5 8.66025 -17.5
    endloop
  endfacet
  facet normal -0 0 1
    outer loop
      vertex -8.09017 5.87785 -17.5
      vertex -3.53553 3.53553 -17.5
      vertex -6.69131 7.43145 -17.5
    endloop
  endfacet
  facet normal 0 0 1
    outer loop
      vertex -3.53553 3.53553 -17.5
      vertex -8.09017 5.87785 -17.5
      vertex -4.6194 1.91342 -17.5
    endloop
  endfacet
  facet normal -0 0 1
    outer loop
      vertex -9.13545 4.06737 -17.5
      vertex -4.6194 1.91342 -17.5
      vertex -8.09017 5.87785 -17.5
    endloop
  endfacet
  facet normal 0 0 1
    outer loop
      vertex -8.78647 -0.881678 -17.5
      vertex -5 0 -17.5
      vertex -8.78647 0.881678 -17.5
    endloop
  endfacet
  facet normal 0 -0 1
    outer loop
      vertex -8.78647 0.881678 -17.5
      vertex -4.6194 1.91342 -17.5
      vertex -9.13545 4.06737 -17.5
    endloop
  endfacet
  facet normal 0 0 1
    outer loop
      vertex -4.6194 -1.91342 -17.5
      vertex -8.78647 -0.881678 -17.5
      vertex -9.13545 -4.06737 -17.5
    endloop
  endfacet
  facet normal 0 0 1
    outer loop
      vertex -3.53553 -3.53553 -17.5
      vertex -6.69131 -7.43145 -17.5
      vertex -5 -8.66025 -17.5
    endloop
  endfacet
  facet normal 0 0 1
    outer loop
      vertex -4.6194 1.91342 -17.5
      vertex -8.78647 0.881678 -17.5
      vertex -5 0 -17.5
    endloop
  endfacet
  facet normal -0 0 1
    outer loop
      vertex -9.78148 2.07912 -17.5
      vertex -8.78647 0.881678 -17.5
      vertex -9.13545 4.06737 -17.5
    endloop
  endfacet
  facet normal 0 0 1
    outer loop
      vertex -8.78647 0.881678 -17.5
      vertex -9.78148 2.07912 -17.5
      vertex -9.87032 1.23384 -17.5
    endloop
  endfacet
  facet normal 0 0 1
    outer loop
      vertex -3.53553 -3.53553 -17.5
      vertex -8.09017 -5.87785 -17.5
      vertex -6.69131 -7.43145 -17.5
    endloop
  endfacet
  facet normal 0 0 1
    outer loop
      vertex -4.6194 -1.91342 -17.5
      vertex -9.13545 -4.06737 -17.5
      vertex -8.09017 -5.87785 -17.5
    endloop
  endfacet
  facet normal 0 0 1
    outer loop
      vertex -8.78647 -0.881678 -17.5
      vertex -9.78148 -2.07912 -17.5
      vertex -9.13545 -4.06737 -17.5
    endloop
  endfacet
  facet normal 0 -0 1
    outer loop
      vertex -9.78148 -2.07912 -17.5
      vertex -8.78647 -0.881678 -17.5
      vertex -9.87032 -1.23384 -17.5
    endloop
  endfacet
  facet normal -0.207914 -0.978147 0
    outer loop
      vertex -3.09017 -9.51056 -25
      vertex -1.24442 -9.90289 -17.5
      vertex -3.09017 -9.51056 -17.5
    endloop
  endfacet
  facet normal -0.207914 -0.978147 -0
    outer loop
      vertex -1.24442 -9.90289 -17.5
      vertex -3.09017 -9.51056 -25
      vertex -1.24442 -9.90289 -25
    endloop
  endfacet
  facet normal 0.207914 0.978147 -0
    outer loop
      vertex 3.09017 9.51056 -25
      vertex 1.24442 9.90289 -17.5
      vertex 3.09017 9.51056 -17.5
    endloop
  endfacet
  facet normal 0.207914 0.978147 0
    outer loop
      vertex 1.24442 9.90289 -17.5
      vertex 3.09017 9.51056 -25
      vertex 1.24442 9.90289 -25
    endloop
  endfacet
  facet normal -0.994522 -0.104526 0
    outer loop
      vertex -9.78148 -2.07912 -25
      vertex -9.87032 -1.23384 -17.5
      vertex -9.87032 -1.23384 -25
    endloop
  endfacet
  facet normal -0.994522 -0.104526 0
    outer loop
      vertex -9.87032 -1.23384 -17.5
      vertex -9.78148 -2.07912 -25
      vertex -9.78148 -2.07912 -17.5
    endloop
  endfacet
  facet normal -0.866026 -0.5 0
    outer loop
      vertex -8.09017 -5.87785 -25
      vertex -9.13545 -4.06737 -17.5
      vertex -9.13545 -4.06737 -25
    endloop
  endfacet
  facet normal -0.866026 -0.5 0
    outer loop
      vertex -9.13545 -4.06737 -17.5
      vertex -8.09017 -5.87785 -25
      vertex -8.09017 -5.87785 -17.5
    endloop
  endfacet
  facet normal -0.866026 0.5 0
    outer loop
      vertex -9.13545 4.06737 -25
      vertex -8.09017 5.87785 -17.5
      vertex -8.09017 5.87785 -25
    endloop
  endfacet
  facet normal -0.866026 0.5 0
    outer loop
      vertex -8.09017 5.87785 -17.5
      vertex -9.13545 4.06737 -25
      vertex -9.13545 4.06737 -17.5
    endloop
  endfacet
  facet normal 0.866026 -0.5 0
    outer loop
      vertex 8.09017 -5.87785 -17.5
      vertex 9.13545 -4.06737 -25
      vertex 9.13545 -4.06737 -17.5
    endloop
  endfacet
  facet normal 0.866026 -0.5 0
    outer loop
      vertex 9.13545 -4.06737 -25
      vertex 8.09017 -5.87785 -17.5
      vertex 8.09017 -5.87785 -25
    endloop
  endfacet
  facet normal 0.587783 0.809019 -0
    outer loop
      vertex 6.69131 7.43145 -25
      vertex 5 8.66025 -17.5
      vertex 6.69131 7.43145 -17.5
    endloop
  endfacet
  facet normal 0.587783 0.809019 0
    outer loop
      vertex 5 8.66025 -17.5
      vertex 6.69131 7.43145 -25
      vertex 5 8.66025 -25
    endloop
  endfacet
  facet normal -0.587783 0.809019 0
    outer loop
      vertex -5 8.66025 -25
      vertex -6.69131 7.43145 -17.5
      vertex -5 8.66025 -17.5
    endloop
  endfacet
  facet normal -0.587783 0.809019 0
    outer loop
      vertex -6.69131 7.43145 -17.5
      vertex -5 8.66025 -25
      vertex -6.69131 7.43145 -25
    endloop
  endfacet
  facet normal -0.207914 0.978147 0
    outer loop
      vertex -1.24442 9.90289 -25
      vertex -3.09017 9.51056 -17.5
      vertex -1.24442 9.90289 -17.5
    endloop
  endfacet
  facet normal -0.207914 0.978147 0
    outer loop
      vertex -3.09017 9.51056 -17.5
      vertex -1.24442 9.90289 -25
      vertex -3.09017 9.51056 -25
    endloop
  endfacet
  facet normal -0.994522 0.104526 0
    outer loop
      vertex -9.87032 1.23384 -25
      vertex -9.78148 2.07912 -17.5
      vertex -9.78148 2.07912 -25
    endloop
  endfacet
  facet normal -0.994522 0.104526 0
    outer loop
      vertex -9.78148 2.07912 -17.5
      vertex -9.87032 1.23384 -25
      vertex -9.87032 1.23384 -17.5
    endloop
  endfacet
  facet normal -0.555574 0.831467 0
    outer loop
      vertex -1.91342 4.6194 -17.5
      vertex -3.53553 3.53553 25
      vertex -1.91342 4.6194 25
    endloop
  endfacet
  facet normal -0.555574 0.831467 0
    outer loop
      vertex -3.53553 3.53553 25
      vertex -1.91342 4.6194 -17.5
      vertex -3.53553 3.53553 -17.5
    endloop
  endfacet
  facet normal 0.555574 -0.831467 0
    outer loop
      vertex -3.53553 3.53553 -30
      vertex -1.91342 4.6194 -28
      vertex -3.53553 3.53553 -28
    endloop
  endfacet
  facet normal 0.555574 -0.831467 0
    outer loop
      vertex -1.91342 4.6194 -28
      vertex -3.53553 3.53553 -30
      vertex -1.91342 4.6194 -30
    endloop
  endfacet
  facet normal 0.831467 0.555574 0
    outer loop
      vertex 4.6194 1.91342 25
      vertex 3.53553 3.53553 -17.5
      vertex 3.53553 3.53553 25
    endloop
  endfacet
  facet normal 0.831467 0.555574 0
    outer loop
      vertex 3.53553 3.53553 -17.5
      vertex 4.6194 1.91342 25
      vertex 4.6194 1.91342 -17.5
    endloop
  endfacet
  facet normal -0.831467 -0.555574 0
    outer loop
      vertex 4.6194 1.91342 -30
      vertex 3.53553 3.53553 -28
      vertex 3.53553 3.53553 -30
    endloop
  endfacet
  facet normal -0.831467 -0.555574 0
    outer loop
      vertex 3.53553 3.53553 -28
      vertex 4.6194 1.91342 -30
      vertex 4.6194 1.91342 -28
    endloop
  endfacet
  facet normal 0.980786 0.195089 0
    outer loop
      vertex 5 0 25
      vertex 4.6194 1.91342 -17.5
      vertex 4.6194 1.91342 25
    endloop
  endfacet
  facet normal 0.980786 0.195089 0
    outer loop
      vertex 4.6194 1.91342 -17.5
      vertex 5 0 25
      vertex 5 0 -17.5
    endloop
  endfacet
  facet normal -0.980786 -0.195089 0
    outer loop
      vertex 5 0 -30
      vertex 4.6194 1.91342 -28
      vertex 4.6194 1.91342 -30
    endloop
  endfacet
  facet normal -0.980786 -0.195089 0
    outer loop
      vertex 4.6194 1.91342 -28
      vertex 5 0 -30
      vertex 5 0 -28
    endloop
  endfacet
  facet normal -0.831467 0.555574 0
    outer loop
      vertex -4.6194 1.91342 -17.5
      vertex -3.53553 3.53553 25
      vertex -3.53553 3.53553 -17.5
    endloop
  endfacet
  facet normal -0.831467 0.555574 0
    outer loop
      vertex -3.53553 3.53553 25
      vertex -4.6194 1.91342 -17.5
      vertex -4.6194 1.91342 25
    endloop
  endfacet
  facet normal 0.831467 -0.555574 0
    outer loop
      vertex -4.6194 1.91342 -28
      vertex -3.53553 3.53553 -30
      vertex -3.53553 3.53553 -28
    endloop
  endfacet
  facet normal 0.831467 -0.555574 0
    outer loop
      vertex -3.53553 3.53553 -30
      vertex -4.6194 1.91342 -28
      vertex -4.6194 1.91342 -30
    endloop
  endfacet
  facet normal -0.195089 -0.980786 0
    outer loop
      vertex -1.91342 -4.6194 -17.5
      vertex 0 -5 25
      vertex -1.91342 -4.6194 25
    endloop
  endfacet
  facet normal -0.195089 -0.980786 -0
    outer loop
      vertex 0 -5 25
      vertex -1.91342 -4.6194 -17.5
      vertex 0 -5 -17.5
    endloop
  endfacet
  facet normal 0.195089 0.980786 -0
    outer loop
      vertex 0 -5 -30
      vertex -1.91342 -4.6194 -28
      vertex 0 -5 -28
    endloop
  endfacet
  facet normal 0.195089 0.980786 0
    outer loop
      vertex -1.91342 -4.6194 -28
      vertex 0 -5 -30
      vertex -1.91342 -4.6194 -30
    endloop
  endfacet
  facet normal 0.195089 -0.980786 0
    outer loop
      vertex 0 -5 -17.5
      vertex 1.91342 -4.6194 25
      vertex 0 -5 25
    endloop
  endfacet
  facet normal 0.195089 -0.980786 0
    outer loop
      vertex 1.91342 -4.6194 25
      vertex 0 -5 -17.5
      vertex 1.91342 -4.6194 -17.5
    endloop
  endfacet
  facet normal -0.195089 0.980786 0
    outer loop
      vertex 1.91342 -4.6194 -30
      vertex 0 -5 -28
      vertex 1.91342 -4.6194 -28
    endloop
  endfacet
  facet normal -0.195089 0.980786 0
    outer loop
      vertex 0 -5 -28
      vertex 1.91342 -4.6194 -30
      vertex 0 -5 -30
    endloop
  endfacet
  facet normal 0.555574 -0.831467 0
    outer loop
      vertex 1.91342 -4.6194 -17.5
      vertex 3.53553 -3.53553 25
      vertex 1.91342 -4.6194 25
    endloop
  endfacet
  facet normal 0.555574 -0.831467 0
    outer loop
      vertex 3.53553 -3.53553 25
      vertex 1.91342 -4.6194 -17.5
      vertex 3.53553 -3.53553 -17.5
    endloop
  endfacet
  facet normal -0.555574 0.831467 0
    outer loop
      vertex 3.53553 -3.53553 -30
      vertex 1.91342 -4.6194 -28
      vertex 3.53553 -3.53553 -28
    endloop
  endfacet
  facet normal -0.555574 0.831467 0
    outer loop
      vertex 1.91342 -4.6194 -28
      vertex 3.53553 -3.53553 -30
      vertex 1.91342 -4.6194 -30
    endloop
  endfacet
  facet normal 0.831467 -0.555574 0
    outer loop
      vertex 3.53553 -3.53553 25
      vertex 4.6194 -1.91342 -17.5
      vertex 4.6194 -1.91342 25
    endloop
  endfacet
  facet normal 0.831467 -0.555574 0
    outer loop
      vertex 4.6194 -1.91342 -17.5
      vertex 3.53553 -3.53553 25
      vertex 3.53553 -3.53553 -17.5
    endloop
  endfacet
  facet normal -0.831467 0.555574 0
    outer loop
      vertex 3.53553 -3.53553 -30
      vertex 4.6194 -1.91342 -28
      vertex 4.6194 -1.91342 -30
    endloop
  endfacet
  facet normal -0.831467 0.555574 0
    outer loop
      vertex 4.6194 -1.91342 -28
      vertex 3.53553 -3.53553 -30
      vertex 3.53553 -3.53553 -28
    endloop
  endfacet
  facet normal -0.980786 0.195089 0
    outer loop
      vertex -5 0 -17.5
      vertex -4.6194 1.91342 25
      vertex -4.6194 1.91342 -17.5
    endloop
  endfacet
  facet normal -0.980786 0.195089 0
    outer loop
      vertex -4.6194 1.91342 25
      vertex -5 0 -17.5
      vertex -5 0 25
    endloop
  endfacet
  facet normal 0.980786 -0.195089 0
    outer loop
      vertex -5 0 -28
      vertex -4.6194 1.91342 -30
      vertex -4.6194 1.91342 -28
    endloop
  endfacet
  facet normal 0.980786 -0.195089 0
    outer loop
      vertex -4.6194 1.91342 -30
      vertex -5 0 -28
      vertex -5 0 -30
    endloop
  endfacet
  facet normal 0.980786 -0.195089 0
    outer loop
      vertex 4.6194 -1.91342 25
      vertex 5 0 -17.5
      vertex 5 0 25
    endloop
  endfacet
  facet normal 0.980786 -0.195089 0
    outer loop
      vertex 5 0 -17.5
      vertex 4.6194 -1.91342 25
      vertex 4.6194 -1.91342 -17.5
    endloop
  endfacet
  facet normal -0.980786 0.195089 0
    outer loop
      vertex 4.6194 -1.91342 -30
      vertex 5 0 -28
      vertex 5 0 -30
    endloop
  endfacet
  facet normal -0.980786 0.195089 0
    outer loop
      vertex 5 0 -28
      vertex 4.6194 -1.91342 -30
      vertex 4.6194 -1.91342 -28
    endloop
  endfacet
  facet normal -0.195089 0.980786 0
    outer loop
      vertex 0 5 -17.5
      vertex -1.91342 4.6194 25
      vertex 0 5 25
    endloop
  endfacet
  facet normal -0.195089 0.980786 0
    outer loop
      vertex -1.91342 4.6194 25
      vertex 0 5 -17.5
      vertex -1.91342 4.6194 -17.5
    endloop
  endfacet
  facet normal 0.195089 -0.980786 0
    outer loop
      vertex -1.91342 4.6194 -30
      vertex 0 5 -28
      vertex -1.91342 4.6194 -28
    endloop
  endfacet
  facet normal 0.195089 -0.980786 0
    outer loop
      vertex 0 5 -28
      vertex -1.91342 4.6194 -30
      vertex 0 5 -30
    endloop
  endfacet
  facet normal 0.195089 0.980786 -0
    outer loop
      vertex 1.91342 4.6194 -17.5
      vertex 0 5 25
      vertex 1.91342 4.6194 25
    endloop
  endfacet
  facet normal 0.195089 0.980786 0
    outer loop
      vertex 0 5 25
      vertex 1.91342 4.6194 -17.5
      vertex 0 5 -17.5
    endloop
  endfacet
  facet normal -0.195089 -0.980786 0
    outer loop
      vertex 0 5 -30
      vertex 1.91342 4.6194 -28
      vertex 0 5 -28
    endloop
  endfacet
  facet normal -0.195089 -0.980786 -0
    outer loop
      vertex 1.91342 4.6194 -28
      vertex 0 5 -30
      vertex 1.91342 4.6194 -30
    endloop
  endfacet
  facet normal -0.831467 -0.555574 0
    outer loop
      vertex -3.53553 -3.53553 -17.5
      vertex -4.6194 -1.91342 25
      vertex -4.6194 -1.91342 -17.5
    endloop
  endfacet
  facet normal -0.831467 -0.555574 0
    outer loop
      vertex -4.6194 -1.91342 25
      vertex -3.53553 -3.53553 -17.5
      vertex -3.53553 -3.53553 25
    endloop
  endfacet
  facet normal 0.831467 0.555574 0
    outer loop
      vertex -3.53553 -3.53553 -28
      vertex -4.6194 -1.91342 -30
      vertex -4.6194 -1.91342 -28
    endloop
  endfacet
  facet normal 0.831467 0.555574 0
    outer loop
      vertex -4.6194 -1.91342 -30
      vertex -3.53553 -3.53553 -28
      vertex -3.53553 -3.53553 -30
    endloop
  endfacet
  facet normal 0.555574 0.831467 -0
    outer loop
      vertex 3.53553 3.53553 -17.5
      vertex 1.91342 4.6194 25
      vertex 3.53553 3.53553 25
    endloop
  endfacet
  facet normal 0.555574 0.831467 0
    outer loop
      vertex 1.91342 4.6194 25
      vertex 3.53553 3.53553 -17.5
      vertex 1.91342 4.6194 -17.5
    endloop
  endfacet
  facet normal -0.555574 -0.831467 0
    outer loop
      vertex 1.91342 4.6194 -30
      vertex 3.53553 3.53553 -28
      vertex 1.91342 4.6194 -28
    endloop
  endfacet
  facet normal -0.555574 -0.831467 -0
    outer loop
      vertex 3.53553 3.53553 -28
      vertex 1.91342 4.6194 -30
      vertex 3.53553 3.53553 -30
    endloop
  endfacet
  facet normal -0.980786 -0.195089 0
    outer loop
      vertex -4.6194 -1.91342 -17.5
      vertex -5 0 25
      vertex -5 0 -17.5
    endloop
  endfacet
  facet normal -0.980786 -0.195089 0
    outer loop
      vertex -5 0 25
      vertex -4.6194 -1.91342 -17.5
      vertex -4.6194 -1.91342 25
    endloop
  endfacet
  facet normal 0.980786 0.195089 0
    outer loop
      vertex -4.6194 -1.91342 -28
      vertex -5 0 -30
      vertex -5 0 -28
    endloop
  endfacet
  facet normal 0.980786 0.195089 0
    outer loop
      vertex -5 0 -30
      vertex -4.6194 -1.91342 -28
      vertex -4.6194 -1.91342 -30
    endloop
  endfacet
  facet normal -0.555574 -0.831467 0
    outer loop
      vertex -3.53553 -3.53553 -17.5
      vertex -1.91342 -4.6194 25
      vertex -3.53553 -3.53553 25
    endloop
  endfacet
  facet normal -0.555574 -0.831467 -0
    outer loop
      vertex -1.91342 -4.6194 25
      vertex -3.53553 -3.53553 -17.5
      vertex -1.91342 -4.6194 -17.5
    endloop
  endfacet
  facet normal 0.555574 0.831467 -0
    outer loop
      vertex -1.91342 -4.6194 -30
      vertex -3.53553 -3.53553 -28
      vertex -1.91342 -4.6194 -28
    endloop
  endfacet
  facet normal 0.555574 0.831467 0
    outer loop
      vertex -3.53553 -3.53553 -28
      vertex -1.91342 -4.6194 -30
      vertex -3.53553 -3.53553 -30
    endloop
  endfacet
  facet normal 0.951059 0.309008 0
    outer loop
      vertex 14.6722 3.11868 -25
      vertex 13.7032 6.10105 -28
      vertex 13.7032 6.10105 -25
    endloop
  endfacet
  facet normal 0.951059 0.309008 0
    outer loop
      vertex 13.7032 6.10105 -28
      vertex 14.6722 3.11868 -25
      vertex 14.6722 3.11868 -28
    endloop
  endfacet
  facet normal 0.994521 0.104533 0
    outer loop
      vertex 15 0 -25
      vertex 14.6722 3.11868 -28
      vertex 14.6722 3.11868 -25
    endloop
  endfacet
  facet normal 0.994521 0.104533 0
    outer loop
      vertex 14.6722 3.11868 -28
      vertex 15 0 -25
      vertex 15 0 -28
    endloop
  endfacet
  facet normal 0.866029 0.499993 0
    outer loop
      vertex 13.7032 6.10105 -25
      vertex 12.1353 8.81678 -28
      vertex 12.1353 8.81678 -25
    endloop
  endfacet
  facet normal 0.866029 0.499993 0
    outer loop
      vertex 12.1353 8.81678 -28
      vertex 13.7032 6.10105 -25
      vertex 13.7032 6.10105 -28
    endloop
  endfacet
  facet normal 0.587777 0.809023 -0
    outer loop
      vertex 10.037 11.1472 -28
      vertex 7.5 12.9904 -25
      vertex 10.037 11.1472 -25
    endloop
  endfacet
  facet normal 0.587777 0.809023 0
    outer loop
      vertex 7.5 12.9904 -25
      vertex 10.037 11.1472 -28
      vertex 7.5 12.9904 -28
    endloop
  endfacet
  facet normal 0.951059 -0.309008 0
    outer loop
      vertex 13.7032 -6.10105 -25
      vertex 14.6722 -3.11868 -28
      vertex 14.6722 -3.11868 -25
    endloop
  endfacet
  facet normal 0.951059 -0.309008 0
    outer loop
      vertex 14.6722 -3.11868 -28
      vertex 13.7032 -6.10105 -25
      vertex 13.7032 -6.10105 -28
    endloop
  endfacet
  facet normal 0.994521 -0.104533 0
    outer loop
      vertex 14.6722 -3.11868 -25
      vertex 15 0 -28
      vertex 15 0 -25
    endloop
  endfacet
  facet normal 0.994521 -0.104533 0
    outer loop
      vertex 15 0 -28
      vertex 14.6722 -3.11868 -25
      vertex 14.6722 -3.11868 -28
    endloop
  endfacet
  facet normal 0.743148 0.669127 0
    outer loop
      vertex 12.1353 8.81678 -25
      vertex 10.037 11.1472 -28
      vertex 10.037 11.1472 -25
    endloop
  endfacet
  facet normal 0.743148 0.669127 0
    outer loop
      vertex 10.037 11.1472 -28
      vertex 12.1353 8.81678 -25
      vertex 12.1353 8.81678 -28
    endloop
  endfacet
  facet normal -0.951059 -0.309008 0
    outer loop
      vertex -13.7032 -6.10105 -28
      vertex -14.6722 -3.11868 -25
      vertex -14.6722 -3.11868 -28
    endloop
  endfacet
  facet normal -0.951059 -0.309008 0
    outer loop
      vertex -14.6722 -3.11868 -25
      vertex -13.7032 -6.10105 -28
      vertex -13.7032 -6.10105 -25
    endloop
  endfacet
  facet normal -0.743148 0.669127 0
    outer loop
      vertex -12.1353 8.81678 -28
      vertex -10.037 11.1472 -25
      vertex -10.037 11.1472 -28
    endloop
  endfacet
  facet normal -0.743148 0.669127 0
    outer loop
      vertex -10.037 11.1472 -25
      vertex -12.1353 8.81678 -28
      vertex -12.1353 8.81678 -25
    endloop
  endfacet
  facet normal -0.951059 0.309008 0
    outer loop
      vertex -14.6722 3.11868 -28
      vertex -13.7032 6.10105 -25
      vertex -13.7032 6.10105 -28
    endloop
  endfacet
  facet normal -0.951059 0.309008 0
    outer loop
      vertex -13.7032 6.10105 -25
      vertex -14.6722 3.11868 -28
      vertex -14.6722 3.11868 -25
    endloop
  endfacet
  facet normal 0.587777 -0.809023 0
    outer loop
      vertex 7.5 -12.9904 -28
      vertex 10.037 -11.1472 -25
      vertex 7.5 -12.9904 -25
    endloop
  endfacet
  facet normal 0.587777 -0.809023 0
    outer loop
      vertex 10.037 -11.1472 -25
      vertex 7.5 -12.9904 -28
      vertex 10.037 -11.1472 -28
    endloop
  endfacet
  facet normal -0.587777 0.809023 0
    outer loop
      vertex -7.5 12.9904 -28
      vertex -10.037 11.1472 -25
      vertex -7.5 12.9904 -25
    endloop
  endfacet
  facet normal -0.587777 0.809023 0
    outer loop
      vertex -10.037 11.1472 -25
      vertex -7.5 12.9904 -28
      vertex -10.037 11.1472 -28
    endloop
  endfacet
  facet normal 0 0 1
    outer loop
      vertex -3.09017 -9.51056 -25
      vertex -1.42658 -10.4635 -25
      vertex -1.24442 -9.90289 -25
    endloop
  endfacet
  facet normal 0 0 1
    outer loop
      vertex -4.63525 -14.2658 -25
      vertex -1.42658 -10.4635 -25
      vertex -3.09017 -9.51056 -25
    endloop
  endfacet
  facet normal 0 0 1
    outer loop
      vertex -1.42658 -10.4635 -25
      vertex -4.63525 -14.2658 -25
      vertex -1.56793 -14.9178 -25
    endloop
  endfacet
  facet normal 0 0 1
    outer loop
      vertex -5 -8.66025 -25
      vertex -4.63525 -14.2658 -25
      vertex -3.09017 -9.51056 -25
    endloop
  endfacet
  facet normal 0 0 1
    outer loop
      vertex -7.5 -12.9904 -25
      vertex -5 -8.66025 -25
      vertex -6.69131 -7.43145 -25
    endloop
  endfacet
  facet normal 0 0 1
    outer loop
      vertex -5 -8.66025 -25
      vertex -7.5 -12.9904 -25
      vertex -4.63525 -14.2658 -25
    endloop
  endfacet
  facet normal 0 0 1
    outer loop
      vertex -10.037 -11.1472 -25
      vertex -6.69131 -7.43145 -25
      vertex -8.09017 -5.87785 -25
    endloop
  endfacet
  facet normal 0 0 1
    outer loop
      vertex -12.1353 -8.81678 -25
      vertex -8.09017 -5.87785 -25
      vertex -9.13545 -4.06737 -25
    endloop
  endfacet
  facet normal 0 0 1
    outer loop
      vertex -13.7032 -6.10105 -25
      vertex -9.13545 -4.06737 -25
      vertex -9.78148 -2.07912 -25
    endloop
  endfacet
  facet normal 0 0 1
    outer loop
      vertex -6.69131 -7.43145 -25
      vertex -10.037 -11.1472 -25
      vertex -7.5 -12.9904 -25
    endloop
  endfacet
  facet normal -0 0 1
    outer loop
      vertex -10.4635 -1.42658 -25
      vertex -9.78148 -2.07912 -25
      vertex -9.87032 -1.23384 -25
    endloop
  endfacet
  facet normal 0 0 1
    outer loop
      vertex -14.6722 -3.11868 -25
      vertex -9.78148 -2.07912 -25
      vertex -10.4635 -1.42658 -25
    endloop
  endfacet
  facet normal 0 0 1
    outer loop
      vertex -14.6722 -3.11868 -25
      vertex -10.4635 -1.42658 -25
      vertex -11.5 0 -25
    endloop
  endfacet
  facet normal 0 0 1
    outer loop
      vertex -8.09017 -5.87785 -25
      vertex -12.1353 -8.81678 -25
      vertex -10.037 -11.1472 -25
    endloop
  endfacet
  facet normal 0 0 1
    outer loop
      vertex -9.78148 2.07912 -25
      vertex -14.6722 3.11868 -25
      vertex -10.4635 1.42658 -25
    endloop
  endfacet
  facet normal 0 0 1
    outer loop
      vertex -10.4635 1.42658 -25
      vertex -14.6722 3.11868 -25
      vertex -11.5 0 -25
    endloop
  endfacet
  facet normal 0 0 1
    outer loop
      vertex -9.13545 -4.06737 -25
      vertex -13.7032 -6.10105 -25
      vertex -12.1353 -8.81678 -25
    endloop
  endfacet
  facet normal 0 0 1
    outer loop
      vertex -15 0 -25
      vertex -11.5 0 -25
      vertex -14.6722 3.11868 -25
    endloop
  endfacet
  facet normal 0 0 1
    outer loop
      vertex -9.78148 -2.07912 -25
      vertex -14.6722 -3.11868 -25
      vertex -13.7032 -6.10105 -25
    endloop
  endfacet
  facet normal 0 0 1
    outer loop
      vertex -11.5 0 -25
      vertex -15 0 -25
      vertex -14.6722 -3.11868 -25
    endloop
  endfacet
  facet normal 0 0 1
    outer loop
      vertex 1.56793 14.9178 -25
      vertex 0 11.5 -25
      vertex 1.42658 10.4635 -25
    endloop
  endfacet
  facet normal -0 0 1
    outer loop
      vertex -1.56793 14.9178 -25
      vertex 0 11.5 -25
      vertex 1.56793 14.9178 -25
    endloop
  endfacet
  facet normal 0 0 1
    outer loop
      vertex 0 11.5 -25
      vertex -1.56793 14.9178 -25
      vertex -1.42658 10.4635 -25
    endloop
  endfacet
  facet normal 0 0 1
    outer loop
      vertex 11.5 0 -25
      vertex 15 0 -25
      vertex 14.6722 3.11868 -25
    endloop
  endfacet
  facet normal 0 0 1
    outer loop
      vertex 9.78148 2.07912 -25
      vertex 14.6722 3.11868 -25
      vertex 13.7032 6.10105 -25
    endloop
  endfacet
  facet normal 0 0 1
    outer loop
      vertex 15 0 -25
      vertex 11.5 0 -25
      vertex 14.6722 -3.11868 -25
    endloop
  endfacet
  facet normal 0 0 1
    outer loop
      vertex 9.13545 4.06737 -25
      vertex 13.7032 6.10105 -25
      vertex 12.1353 8.81678 -25
    endloop
  endfacet
  facet normal -0 0 1
    outer loop
      vertex 10.4635 -1.42658 -25
      vertex 14.6722 -3.11868 -25
      vertex 11.5 0 -25
    endloop
  endfacet
  facet normal -0 0 1
    outer loop
      vertex 9.78148 -2.07912 -25
      vertex 14.6722 -3.11868 -25
      vertex 10.4635 -1.42658 -25
    endloop
  endfacet
  facet normal 0 0 1
    outer loop
      vertex 14.6722 3.11868 -25
      vertex 10.4635 1.42658 -25
      vertex 11.5 0 -25
    endloop
  endfacet
  facet normal 0 0 1
    outer loop
      vertex 8.09017 5.87785 -25
      vertex 12.1353 8.81678 -25
      vertex 10.037 11.1472 -25
    endloop
  endfacet
  facet normal 0 -0 1
    outer loop
      vertex 9.78148 2.07912 -25
      vertex 13.7032 6.10105 -25
      vertex 9.13545 4.06737 -25
    endloop
  endfacet
  facet normal 0 0 1
    outer loop
      vertex 10.4635 1.42658 -25
      vertex 9.78148 2.07912 -25
      vertex 9.87032 1.23384 -25
    endloop
  endfacet
  facet normal 0 0 1
    outer loop
      vertex 14.6722 3.11868 -25
      vertex 9.78148 2.07912 -25
      vertex 10.4635 1.42658 -25
    endloop
  endfacet
  facet normal 0 0 1
    outer loop
      vertex 12.1353 8.81678 -25
      vertex 8.09017 5.87785 -25
      vertex 9.13545 4.06737 -25
    endloop
  endfacet
  facet normal 0 0 1
    outer loop
      vertex 6.69131 7.43145 -25
      vertex 10.037 11.1472 -25
      vertex 7.5 12.9904 -25
    endloop
  endfacet
  facet normal 0 0 1
    outer loop
      vertex 10.037 11.1472 -25
      vertex 6.69131 7.43145 -25
      vertex 8.09017 5.87785 -25
    endloop
  endfacet
  facet normal 0 0 1
    outer loop
      vertex 7.5 12.9904 -25
      vertex 5 8.66025 -25
      vertex 6.69131 7.43145 -25
    endloop
  endfacet
  facet normal 0 0 1
    outer loop
      vertex 4.63525 14.2658 -25
      vertex 5 8.66025 -25
      vertex 7.5 12.9904 -25
    endloop
  endfacet
  facet normal 0 0 1
    outer loop
      vertex 4.63525 14.2658 -25
      vertex 3.09017 9.51056 -25
      vertex 5 8.66025 -25
    endloop
  endfacet
  facet normal 0 0 1
    outer loop
      vertex 1.42658 10.4635 -25
      vertex 4.63525 14.2658 -25
      vertex 1.56793 14.9178 -25
    endloop
  endfacet
  facet normal 0 0 1
    outer loop
      vertex 4.63525 14.2658 -25
      vertex 1.42658 10.4635 -25
      vertex 3.09017 9.51056 -25
    endloop
  endfacet
  facet normal 0 0 1
    outer loop
      vertex 3.09017 9.51056 -25
      vertex 1.42658 10.4635 -25
      vertex 1.24442 9.90289 -25
    endloop
  endfacet
  facet normal 0 0 1
    outer loop
      vertex 14.6722 -3.11868 -25
      vertex 9.78148 -2.07912 -25
      vertex 13.7032 -6.10105 -25
    endloop
  endfacet
  facet normal 0 0 1
    outer loop
      vertex 13.7032 -6.10105 -25
      vertex 9.13545 -4.06737 -25
      vertex 12.1353 -8.81678 -25
    endloop
  endfacet
  facet normal 0 0 1
    outer loop
      vertex 9.78148 -2.07912 -25
      vertex 10.4635 -1.42658 -25
      vertex 9.87032 -1.23384 -25
    endloop
  endfacet
  facet normal 0 0 1
    outer loop
      vertex 13.7032 -6.10105 -25
      vertex 9.78148 -2.07912 -25
      vertex 9.13545 -4.06737 -25
    endloop
  endfacet
  facet normal -0 0 1
    outer loop
      vertex 8.09017 -5.87785 -25
      vertex 12.1353 -8.81678 -25
      vertex 9.13545 -4.06737 -25
    endloop
  endfacet
  facet normal 0 0 1
    outer loop
      vertex 12.1353 -8.81678 -25
      vertex 8.09017 -5.87785 -25
      vertex 10.037 -11.1472 -25
    endloop
  endfacet
  facet normal -0 0 1
    outer loop
      vertex 6.69131 -7.43145 -25
      vertex 10.037 -11.1472 -25
      vertex 8.09017 -5.87785 -25
    endloop
  endfacet
  facet normal 0 0 1
    outer loop
      vertex 10.037 -11.1472 -25
      vertex 6.69131 -7.43145 -25
      vertex 7.5 -12.9904 -25
    endloop
  endfacet
  facet normal -0 0 1
    outer loop
      vertex 5 -8.66025 -25
      vertex 7.5 -12.9904 -25
      vertex 6.69131 -7.43145 -25
    endloop
  endfacet
  facet normal 0 0 1
    outer loop
      vertex 5 -8.66025 -25
      vertex 4.63525 -14.2658 -25
      vertex 7.5 -12.9904 -25
    endloop
  endfacet
  facet normal -0 0 1
    outer loop
      vertex 3.09017 -9.51056 -25
      vertex 4.63525 -14.2658 -25
      vertex 5 -8.66025 -25
    endloop
  endfacet
  facet normal -0 0 1
    outer loop
      vertex 1.42658 -10.4635 -25
      vertex 4.63525 -14.2658 -25
      vertex 3.09017 -9.51056 -25
    endloop
  endfacet
  facet normal 0 0 1
    outer loop
      vertex 4.63525 -14.2658 -25
      vertex 1.42658 -10.4635 -25
      vertex 1.56793 -14.9178 -25
    endloop
  endfacet
  facet normal 0 -0 1
    outer loop
      vertex 1.42658 -10.4635 -25
      vertex 3.09017 -9.51056 -25
      vertex 1.24442 -9.90289 -25
    endloop
  endfacet
  facet normal -0 0 1
    outer loop
      vertex 0 -11.5 -25
      vertex 1.56793 -14.9178 -25
      vertex 1.42658 -10.4635 -25
    endloop
  endfacet
  facet normal 0 0 1
    outer loop
      vertex -1.56793 -14.9178 -25
      vertex 0 -11.5 -25
      vertex -1.42658 -10.4635 -25
    endloop
  endfacet
  facet normal 0 0 1
    outer loop
      vertex 0 -11.5 -25
      vertex -1.56793 -14.9178 -25
      vertex 1.56793 -14.9178 -25
    endloop
  endfacet
  facet normal 0 0 1
    outer loop
      vertex -1.42658 10.4635 -25
      vertex -3.09017 9.51056 -25
      vertex -1.24442 9.90289 -25
    endloop
  endfacet
  facet normal -0 0 1
    outer loop
      vertex -4.63525 14.2658 -25
      vertex -1.42658 10.4635 -25
      vertex -1.56793 14.9178 -25
    endloop
  endfacet
  facet normal 0 0 1
    outer loop
      vertex -1.42658 10.4635 -25
      vertex -4.63525 14.2658 -25
      vertex -3.09017 9.51056 -25
    endloop
  endfacet
  facet normal 0 0 1
    outer loop
      vertex -4.63525 14.2658 -25
      vertex -5 8.66025 -25
      vertex -3.09017 9.51056 -25
    endloop
  endfacet
  facet normal -0 0 1
    outer loop
      vertex -7.5 12.9904 -25
      vertex -5 8.66025 -25
      vertex -4.63525 14.2658 -25
    endloop
  endfacet
  facet normal 0 0 1
    outer loop
      vertex -5 8.66025 -25
      vertex -7.5 12.9904 -25
      vertex -6.69131 7.43145 -25
    endloop
  endfacet
  facet normal -0 0 1
    outer loop
      vertex -10.037 11.1472 -25
      vertex -6.69131 7.43145 -25
      vertex -7.5 12.9904 -25
    endloop
  endfacet
  facet normal 0 0 1
    outer loop
      vertex -6.69131 7.43145 -25
      vertex -10.037 11.1472 -25
      vertex -8.09017 5.87785 -25
    endloop
  endfacet
  facet normal -0 0 1
    outer loop
      vertex -12.1353 8.81678 -25
      vertex -8.09017 5.87785 -25
      vertex -10.037 11.1472 -25
    endloop
  endfacet
  facet normal 0 0 1
    outer loop
      vertex -8.09017 5.87785 -25
      vertex -12.1353 8.81678 -25
      vertex -9.13545 4.06737 -25
    endloop
  endfacet
  facet normal -0 0 1
    outer loop
      vertex -13.7032 6.10105 -25
      vertex -9.13545 4.06737 -25
      vertex -12.1353 8.81678 -25
    endloop
  endfacet
  facet normal 0 0 1
    outer loop
      vertex -13.7032 6.10105 -25
      vertex -9.78148 2.07912 -25
      vertex -9.13545 4.06737 -25
    endloop
  endfacet
  facet normal 0 0 1
    outer loop
      vertex -9.78148 2.07912 -25
      vertex -10.4635 1.42658 -25
      vertex -9.87032 1.23384 -25
    endloop
  endfacet
  facet normal -0 0 1
    outer loop
      vertex -14.6722 3.11868 -25
      vertex -9.78148 2.07912 -25
      vertex -13.7032 6.10105 -25
    endloop
  endfacet
  facet normal -0.866029 0.499993 0
    outer loop
      vertex -13.7032 6.10105 -28
      vertex -12.1353 8.81678 -25
      vertex -12.1353 8.81678 -28
    endloop
  endfacet
  facet normal -0.866029 0.499993 0
    outer loop
      vertex -12.1353 8.81678 -25
      vertex -13.7032 6.10105 -28
      vertex -13.7032 6.10105 -25
    endloop
  endfacet
  facet normal 0.866029 -0.499993 0
    outer loop
      vertex 12.1353 -8.81678 -25
      vertex 13.7032 -6.10105 -28
      vertex 13.7032 -6.10105 -25
    endloop
  endfacet
  facet normal 0.866029 -0.499993 0
    outer loop
      vertex 13.7032 -6.10105 -28
      vertex 12.1353 -8.81678 -25
      vertex 12.1353 -8.81678 -28
    endloop
  endfacet
  facet normal 0 1 -0
    outer loop
      vertex 1.56793 14.9178 -28
      vertex -1.56793 14.9178 -25
      vertex 1.56793 14.9178 -25
    endloop
  endfacet
  facet normal 0 1 0
    outer loop
      vertex -1.56793 14.9178 -25
      vertex 1.56793 14.9178 -28
      vertex -1.56793 14.9178 -28
    endloop
  endfacet
  facet normal -0.406718 0.913554 0
    outer loop
      vertex -4.63525 14.2658 -28
      vertex -7.5 12.9904 -25
      vertex -4.63525 14.2658 -25
    endloop
  endfacet
  facet normal -0.406718 0.913554 0
    outer loop
      vertex -7.5 12.9904 -25
      vertex -4.63525 14.2658 -28
      vertex -7.5 12.9904 -28
    endloop
  endfacet
  facet normal -0.207918 -0.978146 0
    outer loop
      vertex -4.63525 -14.2658 -28
      vertex -1.56793 -14.9178 -25
      vertex -4.63525 -14.2658 -25
    endloop
  endfacet
  facet normal -0.207918 -0.978146 -0
    outer loop
      vertex -1.56793 -14.9178 -25
      vertex -4.63525 -14.2658 -28
      vertex -1.56793 -14.9178 -28
    endloop
  endfacet
  facet normal 0 -1 0
    outer loop
      vertex -1.56793 -14.9178 -28
      vertex 1.56793 -14.9178 -25
      vertex -1.56793 -14.9178 -25
    endloop
  endfacet
  facet normal 0 -1 -0
    outer loop
      vertex 1.56793 -14.9178 -25
      vertex -1.56793 -14.9178 -28
      vertex 1.56793 -14.9178 -28
    endloop
  endfacet
  facet normal -0.207918 0.978146 0
    outer loop
      vertex -1.56793 14.9178 -28
      vertex -4.63525 14.2658 -25
      vertex -1.56793 14.9178 -25
    endloop
  endfacet
  facet normal -0.207918 0.978146 0
    outer loop
      vertex -4.63525 14.2658 -25
      vertex -1.56793 14.9178 -28
      vertex -4.63525 14.2658 -28
    endloop
  endfacet
  facet normal 0.207918 -0.978146 0
    outer loop
      vertex 1.56793 -14.9178 -28
      vertex 4.63525 -14.2658 -25
      vertex 1.56793 -14.9178 -25
    endloop
  endfacet
  facet normal 0.207918 -0.978146 0
    outer loop
      vertex 4.63525 -14.2658 -25
      vertex 1.56793 -14.9178 -28
      vertex 4.63525 -14.2658 -28
    endloop
  endfacet
  facet normal 0.743148 -0.669127 0
    outer loop
      vertex 10.037 -11.1472 -25
      vertex 12.1353 -8.81678 -28
      vertex 12.1353 -8.81678 -25
    endloop
  endfacet
  facet normal 0.743148 -0.669127 0
    outer loop
      vertex 12.1353 -8.81678 -28
      vertex 10.037 -11.1472 -25
      vertex 10.037 -11.1472 -28
    endloop
  endfacet
  facet normal 0.406718 -0.913554 0
    outer loop
      vertex 4.63525 -14.2658 -28
      vertex 7.5 -12.9904 -25
      vertex 4.63525 -14.2658 -25
    endloop
  endfacet
  facet normal 0.406718 -0.913554 0
    outer loop
      vertex 7.5 -12.9904 -25
      vertex 4.63525 -14.2658 -28
      vertex 7.5 -12.9904 -28
    endloop
  endfacet
  facet normal -0.587777 -0.809023 0
    outer loop
      vertex -10.037 -11.1472 -28
      vertex -7.5 -12.9904 -25
      vertex -10.037 -11.1472 -25
    endloop
  endfacet
  facet normal -0.587777 -0.809023 -0
    outer loop
      vertex -7.5 -12.9904 -25
      vertex -10.037 -11.1472 -28
      vertex -7.5 -12.9904 -28
    endloop
  endfacet
  facet normal -0.994521 0.104533 0
    outer loop
      vertex -15 0 -28
      vertex -14.6722 3.11868 -25
      vertex -14.6722 3.11868 -28
    endloop
  endfacet
  facet normal -0.994521 0.104533 0
    outer loop
      vertex -14.6722 3.11868 -25
      vertex -15 0 -28
      vertex -15 0 -25
    endloop
  endfacet
  facet normal 0.207918 0.978146 -0
    outer loop
      vertex 4.63525 14.2658 -28
      vertex 1.56793 14.9178 -25
      vertex 4.63525 14.2658 -25
    endloop
  endfacet
  facet normal 0.207918 0.978146 0
    outer loop
      vertex 1.56793 14.9178 -25
      vertex 4.63525 14.2658 -28
      vertex 1.56793 14.9178 -28
    endloop
  endfacet
  facet normal -0.866029 -0.499993 0
    outer loop
      vertex -12.1353 -8.81678 -28
      vertex -13.7032 -6.10105 -25
      vertex -13.7032 -6.10105 -28
    endloop
  endfacet
  facet normal -0.866029 -0.499993 0
    outer loop
      vertex -13.7032 -6.10105 -25
      vertex -12.1353 -8.81678 -28
      vertex -12.1353 -8.81678 -25
    endloop
  endfacet
  facet normal 0.406718 0.913554 -0
    outer loop
      vertex 7.5 12.9904 -28
      vertex 4.63525 14.2658 -25
      vertex 7.5 12.9904 -25
    endloop
  endfacet
  facet normal 0.406718 0.913554 0
    outer loop
      vertex 4.63525 14.2658 -25
      vertex 7.5 12.9904 -28
      vertex 4.63525 14.2658 -28
    endloop
  endfacet
  facet normal -0.994521 -0.104533 0
    outer loop
      vertex -14.6722 -3.11868 -28
      vertex -15 0 -25
      vertex -15 0 -28
    endloop
  endfacet
  facet normal -0.994521 -0.104533 0
    outer loop
      vertex -15 0 -25
      vertex -14.6722 -3.11868 -28
      vertex -14.6722 -3.11868 -25
    endloop
  endfacet
  facet normal -0.743148 -0.669127 0
    outer loop
      vertex -10.037 -11.1472 -28
      vertex -12.1353 -8.81678 -25
      vertex -12.1353 -8.81678 -28
    endloop
  endfacet
  facet normal -0.743148 -0.669127 0
    outer loop
      vertex -12.1353 -8.81678 -25
      vertex -10.037 -11.1472 -28
      vertex -10.037 -11.1472 -25
    endloop
  endfacet
  facet normal 0 0 -1
    outer loop
      vertex 14 0 -28
      vertex 15 0 -28
      vertex 14.6722 -3.11868 -28
    endloop
  endfacet
  facet normal 0 0 -1
    outer loop
      vertex 15 0 -28
      vertex 14 0 -28
      vertex 14.6722 3.11868 -28
    endloop
  endfacet
  facet normal 0 0 -1
    outer loop
      vertex 13.6941 -2.91076 -28
      vertex 14.6722 -3.11868 -28
      vertex 13.7032 -6.10105 -28
    endloop
  endfacet
  facet normal 0 0 -1
    outer loop
      vertex 14.6722 -3.11868 -28
      vertex 13.6941 -2.91076 -28
      vertex 14 0 -28
    endloop
  endfacet
  facet normal 0 0 -1
    outer loop
      vertex 13.7032 -6.10105 -28
      vertex 12.7896 -5.69431 -28
      vertex 13.6941 -2.91076 -28
    endloop
  endfacet
  facet normal 0 0 -1
    outer loop
      vertex 12.1353 -8.81678 -28
      vertex 12.7896 -5.69431 -28
      vertex 13.7032 -6.10105 -28
    endloop
  endfacet
  facet normal 0 0 -1
    outer loop
      vertex 12.1353 -8.81678 -28
      vertex 11.3262 -8.22899 -28
      vertex 12.7896 -5.69431 -28
    endloop
  endfacet
  facet normal 0 0 -1
    outer loop
      vertex 10.037 -11.1472 -28
      vertex 11.3262 -8.22899 -28
      vertex 12.1353 -8.81678 -28
    endloop
  endfacet
  facet normal 0 0 -1
    outer loop
      vertex 10.037 -11.1472 -28
      vertex 9.36783 -10.404 -28
      vertex 11.3262 -8.22899 -28
    endloop
  endfacet
  facet normal 0 0 -1
    outer loop
      vertex 7.5 -12.9904 -28
      vertex 9.36783 -10.404 -28
      vertex 10.037 -11.1472 -28
    endloop
  endfacet
  facet normal 0 0 -1
    outer loop
      vertex 7.5 -12.9904 -28
      vertex 7 -12.1244 -28
      vertex 9.36783 -10.404 -28
    endloop
  endfacet
  facet normal 0 0 -1
    outer loop
      vertex 4.63525 -14.2658 -28
      vertex 7 -12.1244 -28
      vertex 7.5 -12.9904 -28
    endloop
  endfacet
  facet normal 0 0 -1
    outer loop
      vertex 4.63525 -14.2658 -28
      vertex 4.32624 -13.3148 -28
      vertex 7 -12.1244 -28
    endloop
  endfacet
  facet normal 0 0 -1
    outer loop
      vertex 1.56793 -14.9178 -28
      vertex 4.32624 -13.3148 -28
      vertex 4.63525 -14.2658 -28
    endloop
  endfacet
  facet normal 0 0 -1
    outer loop
      vertex 1.56793 -14.9178 -28
      vertex 1.4634 -13.9233 -28
      vertex 4.32624 -13.3148 -28
    endloop
  endfacet
  facet normal 0 0 -1
    outer loop
      vertex 1.56793 -14.9178 -28
      vertex -1.4634 -13.9233 -28
      vertex 1.4634 -13.9233 -28
    endloop
  endfacet
  facet normal 0 0 -1
    outer loop
      vertex -1.56793 -14.9178 -28
      vertex -1.4634 -13.9233 -28
      vertex 1.56793 -14.9178 -28
    endloop
  endfacet
  facet normal 0 0 -1
    outer loop
      vertex -1.56793 -14.9178 -28
      vertex -4.32624 -13.3148 -28
      vertex -1.4634 -13.9233 -28
    endloop
  endfacet
  facet normal 0 0 -1
    outer loop
      vertex -4.63525 -14.2658 -28
      vertex -4.32624 -13.3148 -28
      vertex -1.56793 -14.9178 -28
    endloop
  endfacet
  facet normal 0 0 -1
    outer loop
      vertex -4.63525 -14.2658 -28
      vertex -7 -12.1244 -28
      vertex -4.32624 -13.3148 -28
    endloop
  endfacet
  facet normal 0 0 -1
    outer loop
      vertex -7.5 -12.9904 -28
      vertex -7 -12.1244 -28
      vertex -4.63525 -14.2658 -28
    endloop
  endfacet
  facet normal 0 0 -1
    outer loop
      vertex -7.5 -12.9904 -28
      vertex -9.36783 -10.404 -28
      vertex -7 -12.1244 -28
    endloop
  endfacet
  facet normal 0 0 -1
    outer loop
      vertex -10.037 -11.1472 -28
      vertex -9.36783 -10.404 -28
      vertex -7.5 -12.9904 -28
    endloop
  endfacet
  facet normal 0 0 -1
    outer loop
      vertex -10.037 -11.1472 -28
      vertex -11.3262 -8.22899 -28
      vertex -9.36783 -10.404 -28
    endloop
  endfacet
  facet normal 0 0 -1
    outer loop
      vertex -12.1353 -8.81678 -28
      vertex -11.3262 -8.22899 -28
      vertex -10.037 -11.1472 -28
    endloop
  endfacet
  facet normal 0 0 -1
    outer loop
      vertex -12.1353 -8.81678 -28
      vertex -12.7896 -5.69431 -28
      vertex -11.3262 -8.22899 -28
    endloop
  endfacet
  facet normal 0 0 -1
    outer loop
      vertex -13.7032 -6.10105 -28
      vertex -12.7896 -5.69431 -28
      vertex -12.1353 -8.81678 -28
    endloop
  endfacet
  facet normal -0 0 -1
    outer loop
      vertex -12.7896 -5.69431 -28
      vertex -13.7032 -6.10105 -28
      vertex -13.6941 -2.91076 -28
    endloop
  endfacet
  facet normal 0 0 -1
    outer loop
      vertex -14.6722 -3.11868 -28
      vertex -13.6941 -2.91076 -28
      vertex -13.7032 -6.10105 -28
    endloop
  endfacet
  facet normal -0 0 -1
    outer loop
      vertex -13.6941 -2.91076 -28
      vertex -14.6722 -3.11868 -28
      vertex -14 0 -28
    endloop
  endfacet
  facet normal 0 0 -1
    outer loop
      vertex 13.6941 2.91076 -28
      vertex 14.6722 3.11868 -28
      vertex 14 0 -28
    endloop
  endfacet
  facet normal -0 0 -1
    outer loop
      vertex 14.6722 3.11868 -28
      vertex 13.6941 2.91076 -28
      vertex 13.7032 6.10105 -28
    endloop
  endfacet
  facet normal 0 0 -1
    outer loop
      vertex 12.7896 5.69431 -28
      vertex 13.7032 6.10105 -28
      vertex 13.6941 2.91076 -28
    endloop
  endfacet
  facet normal 0 0 -1
    outer loop
      vertex 12.7896 5.69431 -28
      vertex 12.1353 8.81678 -28
      vertex 13.7032 6.10105 -28
    endloop
  endfacet
  facet normal 0 0 -1
    outer loop
      vertex 11.3262 8.22899 -28
      vertex 12.1353 8.81678 -28
      vertex 12.7896 5.69431 -28
    endloop
  endfacet
  facet normal 0 0 -1
    outer loop
      vertex 11.3262 8.22899 -28
      vertex 10.037 11.1472 -28
      vertex 12.1353 8.81678 -28
    endloop
  endfacet
  facet normal 0 0 -1
    outer loop
      vertex 9.36783 10.404 -28
      vertex 10.037 11.1472 -28
      vertex 11.3262 8.22899 -28
    endloop
  endfacet
  facet normal 0 0 -1
    outer loop
      vertex 9.36783 10.404 -28
      vertex 7.5 12.9904 -28
      vertex 10.037 11.1472 -28
    endloop
  endfacet
  facet normal 0 0 -1
    outer loop
      vertex 7 12.1244 -28
      vertex 7.5 12.9904 -28
      vertex 9.36783 10.404 -28
    endloop
  endfacet
  facet normal 0 0 -1
    outer loop
      vertex 7 12.1244 -28
      vertex 4.63525 14.2658 -28
      vertex 7.5 12.9904 -28
    endloop
  endfacet
  facet normal 0 0 -1
    outer loop
      vertex 4.32624 13.3148 -28
      vertex 4.63525 14.2658 -28
      vertex 7 12.1244 -28
    endloop
  endfacet
  facet normal 0 0 -1
    outer loop
      vertex 4.32624 13.3148 -28
      vertex 1.56793 14.9178 -28
      vertex 4.63525 14.2658 -28
    endloop
  endfacet
  facet normal 0 0 -1
    outer loop
      vertex 1.4634 13.9233 -28
      vertex 1.56793 14.9178 -28
      vertex 4.32624 13.3148 -28
    endloop
  endfacet
  facet normal 0 0 -1
    outer loop
      vertex -1.4634 13.9233 -28
      vertex 1.56793 14.9178 -28
      vertex 1.4634 13.9233 -28
    endloop
  endfacet
  facet normal 0 0 -1
    outer loop
      vertex -1.4634 13.9233 -28
      vertex -1.56793 14.9178 -28
      vertex 1.56793 14.9178 -28
    endloop
  endfacet
  facet normal 0 0 -1
    outer loop
      vertex -4.32624 13.3148 -28
      vertex -1.56793 14.9178 -28
      vertex -1.4634 13.9233 -28
    endloop
  endfacet
  facet normal 0 0 -1
    outer loop
      vertex -4.32624 13.3148 -28
      vertex -4.63525 14.2658 -28
      vertex -1.56793 14.9178 -28
    endloop
  endfacet
  facet normal 0 0 -1
    outer loop
      vertex -7 12.1244 -28
      vertex -4.63525 14.2658 -28
      vertex -4.32624 13.3148 -28
    endloop
  endfacet
  facet normal 0 0 -1
    outer loop
      vertex -7 12.1244 -28
      vertex -7.5 12.9904 -28
      vertex -4.63525 14.2658 -28
    endloop
  endfacet
  facet normal 0 0 -1
    outer loop
      vertex -9.36783 10.404 -28
      vertex -7.5 12.9904 -28
      vertex -7 12.1244 -28
    endloop
  endfacet
  facet normal 0 0 -1
    outer loop
      vertex -9.36783 10.404 -28
      vertex -10.037 11.1472 -28
      vertex -7.5 12.9904 -28
    endloop
  endfacet
  facet normal 0 0 -1
    outer loop
      vertex -11.3262 8.22899 -28
      vertex -10.037 11.1472 -28
      vertex -9.36783 10.404 -28
    endloop
  endfacet
  facet normal 0 0 -1
    outer loop
      vertex -11.3262 8.22899 -28
      vertex -12.1353 8.81678 -28
      vertex -10.037 11.1472 -28
    endloop
  endfacet
  facet normal 0 0 -1
    outer loop
      vertex -12.7896 5.69431 -28
      vertex -12.1353 8.81678 -28
      vertex -11.3262 8.22899 -28
    endloop
  endfacet
  facet normal 0 0 -1
    outer loop
      vertex -13.7032 6.10105 -28
      vertex -12.7896 5.69431 -28
      vertex -13.6941 2.91076 -28
    endloop
  endfacet
  facet normal 0 0 -1
    outer loop
      vertex -12.7896 5.69431 -28
      vertex -13.7032 6.10105 -28
      vertex -12.1353 8.81678 -28
    endloop
  endfacet
  facet normal 0 0 -1
    outer loop
      vertex -14.6722 3.11868 -28
      vertex -13.6941 2.91076 -28
      vertex -14 0 -28
    endloop
  endfacet
  facet normal 0 0 -1
    outer loop
      vertex -15 0 -28
      vertex -14 0 -28
      vertex -14.6722 -3.11868 -28
    endloop
  endfacet
  facet normal 0 0 -1
    outer loop
      vertex -13.6941 2.91076 -28
      vertex -14.6722 3.11868 -28
      vertex -13.7032 6.10105 -28
    endloop
  endfacet
  facet normal 0 0 -1
    outer loop
      vertex -14 0 -28
      vertex -15 0 -28
      vertex -14.6722 3.11868 -28
    endloop
  endfacet
  facet normal 0 0 -1
    outer loop
      vertex 4.6194 -1.91342 -28
      vertex 4.6194 1.91342 -28
      vertex 5 0 -28
    endloop
  endfacet
  facet normal 0 0 -1
    outer loop
      vertex 3.53553 -3.53553 -28
      vertex 4.6194 1.91342 -28
      vertex 4.6194 -1.91342 -28
    endloop
  endfacet
  facet normal 0 0 -1
    outer loop
      vertex 3.53553 -3.53553 -28
      vertex 3.53553 3.53553 -28
      vertex 4.6194 1.91342 -28
    endloop
  endfacet
  facet normal 0 0 -1
    outer loop
      vertex 1.91342 -4.6194 -28
      vertex 3.53553 3.53553 -28
      vertex 3.53553 -3.53553 -28
    endloop
  endfacet
  facet normal 0 0 -1
    outer loop
      vertex 1.91342 -4.6194 -28
      vertex 1.91342 4.6194 -28
      vertex 3.53553 3.53553 -28
    endloop
  endfacet
  facet normal 0 0 -1
    outer loop
      vertex 0 -5 -28
      vertex 1.91342 4.6194 -28
      vertex 1.91342 -4.6194 -28
    endloop
  endfacet
  facet normal 0 0 -1
    outer loop
      vertex 0 -5 -28
      vertex 0 5 -28
      vertex 1.91342 4.6194 -28
    endloop
  endfacet
  facet normal 0 0 -1
    outer loop
      vertex -1.91342 -4.6194 -28
      vertex 0 5 -28
      vertex 0 -5 -28
    endloop
  endfacet
  facet normal 0 0 -1
    outer loop
      vertex -1.91342 -4.6194 -28
      vertex -1.91342 4.6194 -28
      vertex 0 5 -28
    endloop
  endfacet
  facet normal 0 0 -1
    outer loop
      vertex -3.53553 -3.53553 -28
      vertex -1.91342 4.6194 -28
      vertex -1.91342 -4.6194 -28
    endloop
  endfacet
  facet normal 0 0 -1
    outer loop
      vertex -3.53553 -3.53553 -28
      vertex -3.53553 3.53553 -28
      vertex -1.91342 4.6194 -28
    endloop
  endfacet
  facet normal 0 0 -1
    outer loop
      vertex -4.6194 -1.91342 -28
      vertex -3.53553 3.53553 -28
      vertex -3.53553 -3.53553 -28
    endloop
  endfacet
  facet normal 0 0 -1
    outer loop
      vertex -4.6194 -1.91342 -28
      vertex -4.6194 1.91342 -28
      vertex -3.53553 3.53553 -28
    endloop
  endfacet
  facet normal 0 -0 -1
    outer loop
      vertex -4.6194 1.91342 -28
      vertex -4.6194 -1.91342 -28
      vertex -5 0 -28
    endloop
  endfacet
  facet normal -0.406718 -0.913554 0
    outer loop
      vertex -7.5 -12.9904 -28
      vertex -4.63525 -14.2658 -25
      vertex -7.5 -12.9904 -25
    endloop
  endfacet
  facet normal -0.406718 -0.913554 -0
    outer loop
      vertex -4.63525 -14.2658 -25
      vertex -7.5 -12.9904 -28
      vertex -4.63525 -14.2658 -28
    endloop
  endfacet
  facet normal 0.95105 0.309039 0
    outer loop
      vertex 13.6941 2.91076 -28
      vertex 12.7896 5.69431 -30
      vertex 12.7896 5.69431 -28
    endloop
  endfacet
  facet normal 0.95105 0.309039 0
    outer loop
      vertex 12.7896 5.69431 -30
      vertex 13.6941 2.91076 -28
      vertex 13.6941 2.91076 -30
    endloop
  endfacet
  facet normal 0.994523 0.104517 0
    outer loop
      vertex 14 0 -28
      vertex 13.6941 2.91076 -30
      vertex 13.6941 2.91076 -28
    endloop
  endfacet
  facet normal 0.994523 0.104517 0
    outer loop
      vertex 13.6941 2.91076 -30
      vertex 14 0 -28
      vertex 14 0 -30
    endloop
  endfacet
  facet normal 0.866025 0.5 0
    outer loop
      vertex 12.7896 5.69431 -28
      vertex 11.3262 8.22899 -30
      vertex 11.3262 8.22899 -28
    endloop
  endfacet
  facet normal 0.866025 0.5 0
    outer loop
      vertex 11.3262 8.22899 -30
      vertex 12.7896 5.69431 -28
      vertex 12.7896 5.69431 -30
    endloop
  endfacet
  facet normal 0.406727 0.91355 -0
    outer loop
      vertex 7 12.1244 -30
      vertex 4.32624 13.3148 -28
      vertex 7 12.1244 -28
    endloop
  endfacet
  facet normal 0.406727 0.91355 0
    outer loop
      vertex 4.32624 13.3148 -28
      vertex 7 12.1244 -30
      vertex 4.32624 13.3148 -30
    endloop
  endfacet
  facet normal 0.994523 -0.104517 0
    outer loop
      vertex 13.6941 -2.91076 -28
      vertex 14 0 -30
      vertex 14 0 -28
    endloop
  endfacet
  facet normal 0.994523 -0.104517 0
    outer loop
      vertex 14 0 -30
      vertex 13.6941 -2.91076 -28
      vertex 13.6941 -2.91076 -30
    endloop
  endfacet
  facet normal -0.95105 -0.309039 0
    outer loop
      vertex -12.7896 -5.69431 -30
      vertex -13.6941 -2.91076 -28
      vertex -13.6941 -2.91076 -30
    endloop
  endfacet
  facet normal -0.95105 -0.309039 0
    outer loop
      vertex -13.6941 -2.91076 -28
      vertex -12.7896 -5.69431 -30
      vertex -12.7896 -5.69431 -28
    endloop
  endfacet
  facet normal -0.95105 0.309039 0
    outer loop
      vertex -13.6941 2.91076 -30
      vertex -12.7896 5.69431 -28
      vertex -12.7896 5.69431 -30
    endloop
  endfacet
  facet normal -0.95105 0.309039 0
    outer loop
      vertex -12.7896 5.69431 -28
      vertex -13.6941 2.91076 -30
      vertex -13.6941 2.91076 -28
    endloop
  endfacet
  facet normal 0.587801 0.809005 -0
    outer loop
      vertex 9.36783 10.404 -30
      vertex 7 12.1244 -28
      vertex 9.36783 10.404 -28
    endloop
  endfacet
  facet normal 0.587801 0.809005 0
    outer loop
      vertex 7 12.1244 -28
      vertex 9.36783 10.404 -30
      vertex 7 12.1244 -30
    endloop
  endfacet
  facet normal -0.743148 -0.669127 0
    outer loop
      vertex -9.36783 -10.404 -30
      vertex -11.3262 -8.22899 -28
      vertex -11.3262 -8.22899 -30
    endloop
  endfacet
  facet normal -0.743148 -0.669127 0
    outer loop
      vertex -11.3262 -8.22899 -28
      vertex -9.36783 -10.404 -30
      vertex -9.36783 -10.404 -28
    endloop
  endfacet
  facet normal -0.994523 -0.104517 0
    outer loop
      vertex -13.6941 -2.91076 -30
      vertex -14 0 -28
      vertex -14 0 -30
    endloop
  endfacet
  facet normal -0.994523 -0.104517 0
    outer loop
      vertex -14 0 -28
      vertex -13.6941 -2.91076 -30
      vertex -13.6941 -2.91076 -28
    endloop
  endfacet
  facet normal 0.743148 -0.669127 0
    outer loop
      vertex 9.36783 -10.404 -28
      vertex 11.3262 -8.22899 -30
      vertex 11.3262 -8.22899 -28
    endloop
  endfacet
  facet normal 0.743148 -0.669127 0
    outer loop
      vertex 11.3262 -8.22899 -30
      vertex 9.36783 -10.404 -28
      vertex 9.36783 -10.404 -30
    endloop
  endfacet
  facet normal -0.866025 -0.5 0
    outer loop
      vertex -11.3262 -8.22899 -30
      vertex -12.7896 -5.69431 -28
      vertex -12.7896 -5.69431 -30
    endloop
  endfacet
  facet normal -0.866025 -0.5 0
    outer loop
      vertex -12.7896 -5.69431 -28
      vertex -11.3262 -8.22899 -30
      vertex -11.3262 -8.22899 -28
    endloop
  endfacet
  facet normal 0.95105 -0.309039 0
    outer loop
      vertex 12.7896 -5.69431 -28
      vertex 13.6941 -2.91076 -30
      vertex 13.6941 -2.91076 -28
    endloop
  endfacet
  facet normal 0.95105 -0.309039 0
    outer loop
      vertex 13.6941 -2.91076 -30
      vertex 12.7896 -5.69431 -28
      vertex 12.7896 -5.69431 -30
    endloop
  endfacet
  facet normal 0 1 -0
    outer loop
      vertex 1.4634 13.9233 -30
      vertex -1.4634 13.9233 -28
      vertex 1.4634 13.9233 -28
    endloop
  endfacet
  facet normal 0 1 0
    outer loop
      vertex -1.4634 13.9233 -28
      vertex 1.4634 13.9233 -30
      vertex -1.4634 13.9233 -30
    endloop
  endfacet
  facet normal -0.587801 0.809005 0
    outer loop
      vertex -7 12.1244 -30
      vertex -9.36783 10.404 -28
      vertex -7 12.1244 -28
    endloop
  endfacet
  facet normal -0.587801 0.809005 0
    outer loop
      vertex -9.36783 10.404 -28
      vertex -7 12.1244 -30
      vertex -9.36783 10.404 -30
    endloop
  endfacet
  facet normal 0.866025 -0.5 0
    outer loop
      vertex 11.3262 -8.22899 -28
      vertex 12.7896 -5.69431 -30
      vertex 12.7896 -5.69431 -28
    endloop
  endfacet
  facet normal 0.866025 -0.5 0
    outer loop
      vertex 12.7896 -5.69431 -30
      vertex 11.3262 -8.22899 -28
      vertex 11.3262 -8.22899 -30
    endloop
  endfacet
  facet normal -0.406727 0.91355 0
    outer loop
      vertex -4.32624 13.3148 -30
      vertex -7 12.1244 -28
      vertex -4.32624 13.3148 -28
    endloop
  endfacet
  facet normal -0.406727 0.91355 0
    outer loop
      vertex -7 12.1244 -28
      vertex -4.32624 13.3148 -30
      vertex -7 12.1244 -30
    endloop
  endfacet
  facet normal -0.994523 0.104517 0
    outer loop
      vertex -14 0 -30
      vertex -13.6941 2.91076 -28
      vertex -13.6941 2.91076 -30
    endloop
  endfacet
  facet normal -0.994523 0.104517 0
    outer loop
      vertex -13.6941 2.91076 -28
      vertex -14 0 -30
      vertex -14 0 -28
    endloop
  endfacet
  facet normal -0.743148 0.669127 0
    outer loop
      vertex -11.3262 8.22899 -30
      vertex -9.36783 10.404 -28
      vertex -9.36783 10.404 -30
    endloop
  endfacet
  facet normal -0.743148 0.669127 0
    outer loop
      vertex -9.36783 10.404 -28
      vertex -11.3262 8.22899 -30
      vertex -11.3262 8.22899 -28
    endloop
  endfacet
  facet normal 0.207907 0.978149 -0
    outer loop
      vertex 4.32624 13.3148 -30
      vertex 1.4634 13.9233 -28
      vertex 4.32624 13.3148 -28
    endloop
  endfacet
  facet normal 0.207907 0.978149 0
    outer loop
      vertex 1.4634 13.9233 -28
      vertex 4.32624 13.3148 -30
      vertex 1.4634 13.9233 -30
    endloop
  endfacet
  facet normal 0.743148 0.669127 0
    outer loop
      vertex 11.3262 8.22899 -28
      vertex 9.36783 10.404 -30
      vertex 9.36783 10.404 -28
    endloop
  endfacet
  facet normal 0.743148 0.669127 0
    outer loop
      vertex 9.36783 10.404 -30
      vertex 11.3262 8.22899 -28
      vertex 11.3262 8.22899 -30
    endloop
  endfacet
  facet normal -0.207907 0.978149 0
    outer loop
      vertex -1.4634 13.9233 -30
      vertex -4.32624 13.3148 -28
      vertex -1.4634 13.9233 -28
    endloop
  endfacet
  facet normal -0.207907 0.978149 0
    outer loop
      vertex -4.32624 13.3148 -28
      vertex -1.4634 13.9233 -30
      vertex -4.32624 13.3148 -30
    endloop
  endfacet
  facet normal -0.406727 -0.91355 0
    outer loop
      vertex -7 -12.1244 -30
      vertex -4.32624 -13.3148 -28
      vertex -7 -12.1244 -28
    endloop
  endfacet
  facet normal -0.406727 -0.91355 -0
    outer loop
      vertex -4.32624 -13.3148 -28
      vertex -7 -12.1244 -30
      vertex -4.32624 -13.3148 -30
    endloop
  endfacet
  facet normal -0.866025 0.5 0
    outer loop
      vertex -12.7896 5.69431 -30
      vertex -11.3262 8.22899 -28
      vertex -11.3262 8.22899 -30
    endloop
  endfacet
  facet normal -0.866025 0.5 0
    outer loop
      vertex -11.3262 8.22899 -28
      vertex -12.7896 5.69431 -30
      vertex -12.7896 5.69431 -28
    endloop
  endfacet
  facet normal 0 -1 0
    outer loop
      vertex -1.4634 -13.9233 -30
      vertex 1.4634 -13.9233 -28
      vertex -1.4634 -13.9233 -28
    endloop
  endfacet
  facet normal 0 -1 -0
    outer loop
      vertex 1.4634 -13.9233 -28
      vertex -1.4634 -13.9233 -30
      vertex 1.4634 -13.9233 -30
    endloop
  endfacet
  facet normal 0.587801 -0.809005 0
    outer loop
      vertex 7 -12.1244 -30
      vertex 9.36783 -10.404 -28
      vertex 7 -12.1244 -28
    endloop
  endfacet
  facet normal 0.587801 -0.809005 0
    outer loop
      vertex 9.36783 -10.404 -28
      vertex 7 -12.1244 -30
      vertex 9.36783 -10.404 -30
    endloop
  endfacet
  facet normal 0.207907 -0.978149 0
    outer loop
      vertex 1.4634 -13.9233 -30
      vertex 4.32624 -13.3148 -28
      vertex 1.4634 -13.9233 -28
    endloop
  endfacet
  facet normal 0.207907 -0.978149 0
    outer loop
      vertex 4.32624 -13.3148 -28
      vertex 1.4634 -13.9233 -30
      vertex 4.32624 -13.3148 -30
    endloop
  endfacet
  facet normal -0.207907 -0.978149 0
    outer loop
      vertex -4.32624 -13.3148 -30
      vertex -1.4634 -13.9233 -28
      vertex -4.32624 -13.3148 -28
    endloop
  endfacet
  facet normal -0.207907 -0.978149 -0
    outer loop
      vertex -1.4634 -13.9233 -28
      vertex -4.32624 -13.3148 -30
      vertex -1.4634 -13.9233 -30
    endloop
  endfacet
  facet normal 0.406727 -0.91355 0
    outer loop
      vertex 4.32624 -13.3148 -30
      vertex 7 -12.1244 -28
      vertex 4.32624 -13.3148 -28
    endloop
  endfacet
  facet normal 0.406727 -0.91355 0
    outer loop
      vertex 7 -12.1244 -28
      vertex 4.32624 -13.3148 -30
      vertex 7 -12.1244 -30
    endloop
  endfacet
  facet normal -0.587801 -0.809005 0
    outer loop
      vertex -9.36783 -10.404 -30
      vertex -7 -12.1244 -28
      vertex -9.36783 -10.404 -28
    endloop
  endfacet
  facet normal -0.587801 -0.809005 -0
    outer loop
      vertex -7 -12.1244 -28
      vertex -9.36783 -10.404 -30
      vertex -7 -12.1244 -30
    endloop
  endfacet
  facet normal 0 0 1
    outer loop
      vertex 14 0 -30
      vertex 15 0 -30
      vertex 14.6722 3.11868 -30
    endloop
  endfacet
  facet normal 0 0 1
    outer loop
      vertex 15 0 -30
      vertex 14 0 -30
      vertex 14.6722 -3.11868 -30
    endloop
  endfacet
  facet normal 0 0 1
    outer loop
      vertex 13.6941 2.91076 -30
      vertex 14.6722 3.11868 -30
      vertex 13.7032 6.10105 -30
    endloop
  endfacet
  facet normal 0 0 1
    outer loop
      vertex 14.6722 3.11868 -30
      vertex 13.6941 2.91076 -30
      vertex 14 0 -30
    endloop
  endfacet
  facet normal 0 0 1
    outer loop
      vertex 13.7032 6.10105 -30
      vertex 12.7896 5.69431 -30
      vertex 13.6941 2.91076 -30
    endloop
  endfacet
  facet normal 0 0 1
    outer loop
      vertex 12.1353 8.81678 -30
      vertex 12.7896 5.69431 -30
      vertex 13.7032 6.10105 -30
    endloop
  endfacet
  facet normal 0 0 1
    outer loop
      vertex 12.1353 8.81678 -30
      vertex 11.3262 8.22899 -30
      vertex 12.7896 5.69431 -30
    endloop
  endfacet
  facet normal 0 0 1
    outer loop
      vertex 10.037 11.1472 -30
      vertex 11.3262 8.22899 -30
      vertex 12.1353 8.81678 -30
    endloop
  endfacet
  facet normal 0 0 1
    outer loop
      vertex 10.037 11.1472 -30
      vertex 9.36783 10.404 -30
      vertex 11.3262 8.22899 -30
    endloop
  endfacet
  facet normal 0 0 1
    outer loop
      vertex 7.5 12.9904 -30
      vertex 9.36783 10.404 -30
      vertex 10.037 11.1472 -30
    endloop
  endfacet
  facet normal 0 0 1
    outer loop
      vertex 7.5 12.9904 -30
      vertex 7 12.1244 -30
      vertex 9.36783 10.404 -30
    endloop
  endfacet
  facet normal 0 0 1
    outer loop
      vertex 4.63525 14.2658 -30
      vertex 7 12.1244 -30
      vertex 7.5 12.9904 -30
    endloop
  endfacet
  facet normal 0 0 1
    outer loop
      vertex 4.63525 14.2658 -30
      vertex 4.32624 13.3148 -30
      vertex 7 12.1244 -30
    endloop
  endfacet
  facet normal 0 0 1
    outer loop
      vertex 1.56793 14.9178 -30
      vertex 4.32624 13.3148 -30
      vertex 4.63525 14.2658 -30
    endloop
  endfacet
  facet normal 0 0 1
    outer loop
      vertex 1.56793 14.9178 -30
      vertex 1.4634 13.9233 -30
      vertex 4.32624 13.3148 -30
    endloop
  endfacet
  facet normal 0 0 1
    outer loop
      vertex 1.56793 14.9178 -30
      vertex -1.4634 13.9233 -30
      vertex 1.4634 13.9233 -30
    endloop
  endfacet
  facet normal -0 0 1
    outer loop
      vertex -1.56793 14.9178 -30
      vertex -1.4634 13.9233 -30
      vertex 1.56793 14.9178 -30
    endloop
  endfacet
  facet normal 0 0 1
    outer loop
      vertex -1.56793 14.9178 -30
      vertex -4.32624 13.3148 -30
      vertex -1.4634 13.9233 -30
    endloop
  endfacet
  facet normal -0 0 1
    outer loop
      vertex -4.63525 14.2658 -30
      vertex -4.32624 13.3148 -30
      vertex -1.56793 14.9178 -30
    endloop
  endfacet
  facet normal 0 0 1
    outer loop
      vertex -4.63525 14.2658 -30
      vertex -7 12.1244 -30
      vertex -4.32624 13.3148 -30
    endloop
  endfacet
  facet normal -0 0 1
    outer loop
      vertex -7.5 12.9904 -30
      vertex -7 12.1244 -30
      vertex -4.63525 14.2658 -30
    endloop
  endfacet
  facet normal 0 0 1
    outer loop
      vertex -7.5 12.9904 -30
      vertex -9.36783 10.404 -30
      vertex -7 12.1244 -30
    endloop
  endfacet
  facet normal -0 0 1
    outer loop
      vertex -10.037 11.1472 -30
      vertex -9.36783 10.404 -30
      vertex -7.5 12.9904 -30
    endloop
  endfacet
  facet normal 0 0 1
    outer loop
      vertex -10.037 11.1472 -30
      vertex -11.3262 8.22899 -30
      vertex -9.36783 10.404 -30
    endloop
  endfacet
  facet normal -0 0 1
    outer loop
      vertex -12.1353 8.81678 -30
      vertex -11.3262 8.22899 -30
      vertex -10.037 11.1472 -30
    endloop
  endfacet
  facet normal 0 0 1
    outer loop
      vertex -12.1353 8.81678 -30
      vertex -12.7896 5.69431 -30
      vertex -11.3262 8.22899 -30
    endloop
  endfacet
  facet normal -0 0 1
    outer loop
      vertex -13.7032 6.10105 -30
      vertex -12.7896 5.69431 -30
      vertex -12.1353 8.81678 -30
    endloop
  endfacet
  facet normal 0 0 1
    outer loop
      vertex -12.7896 5.69431 -30
      vertex -13.7032 6.10105 -30
      vertex -13.6941 2.91076 -30
    endloop
  endfacet
  facet normal -0 0 1
    outer loop
      vertex -14.6722 3.11868 -30
      vertex -13.6941 2.91076 -30
      vertex -13.7032 6.10105 -30
    endloop
  endfacet
  facet normal 0 0 1
    outer loop
      vertex -13.6941 2.91076 -30
      vertex -14.6722 3.11868 -30
      vertex -14 0 -30
    endloop
  endfacet
  facet normal -0 0 1
    outer loop
      vertex 13.6941 -2.91076 -30
      vertex 14.6722 -3.11868 -30
      vertex 14 0 -30
    endloop
  endfacet
  facet normal 0 0 1
    outer loop
      vertex 14.6722 -3.11868 -30
      vertex 13.6941 -2.91076 -30
      vertex 13.7032 -6.10105 -30
    endloop
  endfacet
  facet normal -0 0 1
    outer loop
      vertex 12.7896 -5.69431 -30
      vertex 13.7032 -6.10105 -30
      vertex 13.6941 -2.91076 -30
    endloop
  endfacet
  facet normal 0 0 1
    outer loop
      vertex 12.7896 -5.69431 -30
      vertex 12.1353 -8.81678 -30
      vertex 13.7032 -6.10105 -30
    endloop
  endfacet
  facet normal -0 0 1
    outer loop
      vertex 11.3262 -8.22899 -30
      vertex 12.1353 -8.81678 -30
      vertex 12.7896 -5.69431 -30
    endloop
  endfacet
  facet normal 0 0 1
    outer loop
      vertex 11.3262 -8.22899 -30
      vertex 10.037 -11.1472 -30
      vertex 12.1353 -8.81678 -30
    endloop
  endfacet
  facet normal -0 0 1
    outer loop
      vertex 9.36783 -10.404 -30
      vertex 10.037 -11.1472 -30
      vertex 11.3262 -8.22899 -30
    endloop
  endfacet
  facet normal 0 0 1
    outer loop
      vertex 9.36783 -10.404 -30
      vertex 7.5 -12.9904 -30
      vertex 10.037 -11.1472 -30
    endloop
  endfacet
  facet normal -0 0 1
    outer loop
      vertex 7 -12.1244 -30
      vertex 7.5 -12.9904 -30
      vertex 9.36783 -10.404 -30
    endloop
  endfacet
  facet normal 0 0 1
    outer loop
      vertex 7 -12.1244 -30
      vertex 4.63525 -14.2658 -30
      vertex 7.5 -12.9904 -30
    endloop
  endfacet
  facet normal -0 0 1
    outer loop
      vertex 4.32624 -13.3148 -30
      vertex 4.63525 -14.2658 -30
      vertex 7 -12.1244 -30
    endloop
  endfacet
  facet normal 0 0 1
    outer loop
      vertex 4.32624 -13.3148 -30
      vertex 1.56793 -14.9178 -30
      vertex 4.63525 -14.2658 -30
    endloop
  endfacet
  facet normal -0 0 1
    outer loop
      vertex 1.4634 -13.9233 -30
      vertex 1.56793 -14.9178 -30
      vertex 4.32624 -13.3148 -30
    endloop
  endfacet
  facet normal -0 0 1
    outer loop
      vertex -1.4634 -13.9233 -30
      vertex 1.56793 -14.9178 -30
      vertex 1.4634 -13.9233 -30
    endloop
  endfacet
  facet normal 0 0 1
    outer loop
      vertex -1.4634 -13.9233 -30
      vertex -1.56793 -14.9178 -30
      vertex 1.56793 -14.9178 -30
    endloop
  endfacet
  facet normal 0 0 1
    outer loop
      vertex -4.32624 -13.3148 -30
      vertex -1.56793 -14.9178 -30
      vertex -1.4634 -13.9233 -30
    endloop
  endfacet
  facet normal 0 0 1
    outer loop
      vertex -4.32624 -13.3148 -30
      vertex -4.63525 -14.2658 -30
      vertex -1.56793 -14.9178 -30
    endloop
  endfacet
  facet normal 0 0 1
    outer loop
      vertex -7 -12.1244 -30
      vertex -4.63525 -14.2658 -30
      vertex -4.32624 -13.3148 -30
    endloop
  endfacet
  facet normal 0 0 1
    outer loop
      vertex -7 -12.1244 -30
      vertex -7.5 -12.9904 -30
      vertex -4.63525 -14.2658 -30
    endloop
  endfacet
  facet normal 0 0 1
    outer loop
      vertex -9.36783 -10.404 -30
      vertex -7.5 -12.9904 -30
      vertex -7 -12.1244 -30
    endloop
  endfacet
  facet normal 0 0 1
    outer loop
      vertex -9.36783 -10.404 -30
      vertex -10.037 -11.1472 -30
      vertex -7.5 -12.9904 -30
    endloop
  endfacet
  facet normal 0 0 1
    outer loop
      vertex -11.3262 -8.22899 -30
      vertex -10.037 -11.1472 -30
      vertex -9.36783 -10.404 -30
    endloop
  endfacet
  facet normal 0 0 1
    outer loop
      vertex -11.3262 -8.22899 -30
      vertex -12.1353 -8.81678 -30
      vertex -10.037 -11.1472 -30
    endloop
  endfacet
  facet normal 0 0 1
    outer loop
      vertex -12.7896 -5.69431 -30
      vertex -12.1353 -8.81678 -30
      vertex -11.3262 -8.22899 -30
    endloop
  endfacet
  facet normal 0 0 1
    outer loop
      vertex -13.7032 -6.10105 -30
      vertex -12.7896 -5.69431 -30
      vertex -13.6941 -2.91076 -30
    endloop
  endfacet
  facet normal 0 0 1
    outer loop
      vertex -12.7896 -5.69431 -30
      vertex -13.7032 -6.10105 -30
      vertex -12.1353 -8.81678 -30
    endloop
  endfacet
  facet normal 0 0 1
    outer loop
      vertex -14.6722 -3.11868 -30
      vertex -13.6941 -2.91076 -30
      vertex -14 0 -30
    endloop
  endfacet
  facet normal 0 0 1
    outer loop
      vertex -15 0 -30
      vertex -14 0 -30
      vertex -14.6722 3.11868 -30
    endloop
  endfacet
  facet normal 0 0 1
    outer loop
      vertex -13.6941 -2.91076 -30
      vertex -14.6722 -3.11868 -30
      vertex -13.7032 -6.10105 -30
    endloop
  endfacet
  facet normal 0 0 1
    outer loop
      vertex -14 0 -30
      vertex -15 0 -30
      vertex -14.6722 -3.11868 -30
    endloop
  endfacet
  facet normal 0 0 1
    outer loop
      vertex 4.6194 1.91342 -30
      vertex 4.6194 -1.91342 -30
      vertex 5 0 -30
    endloop
  endfacet
  facet normal 0 0 1
    outer loop
      vertex 3.53553 3.53553 -30
      vertex 4.6194 -1.91342 -30
      vertex 4.6194 1.91342 -30
    endloop
  endfacet
  facet normal 0 0 1
    outer loop
      vertex 3.53553 3.53553 -30
      vertex 3.53553 -3.53553 -30
      vertex 4.6194 -1.91342 -30
    endloop
  endfacet
  facet normal 0 0 1
    outer loop
      vertex 1.91342 4.6194 -30
      vertex 3.53553 -3.53553 -30
      vertex 3.53553 3.53553 -30
    endloop
  endfacet
  facet normal 0 0 1
    outer loop
      vertex 1.91342 4.6194 -30
      vertex 1.91342 -4.6194 -30
      vertex 3.53553 -3.53553 -30
    endloop
  endfacet
  facet normal 0 0 1
    outer loop
      vertex 0 5 -30
      vertex 1.91342 -4.6194 -30
      vertex 1.91342 4.6194 -30
    endloop
  endfacet
  facet normal 0 0 1
    outer loop
      vertex 0 5 -30
      vertex 0 -5 -30
      vertex 1.91342 -4.6194 -30
    endloop
  endfacet
  facet normal -0 0 1
    outer loop
      vertex -1.91342 4.6194 -30
      vertex 0 -5 -30
      vertex 0 5 -30
    endloop
  endfacet
  facet normal 0 0 1
    outer loop
      vertex -1.91342 4.6194 -30
      vertex -1.91342 -4.6194 -30
      vertex 0 -5 -30
    endloop
  endfacet
  facet normal -0 0 1
    outer loop
      vertex -3.53553 3.53553 -30
      vertex -1.91342 -4.6194 -30
      vertex -1.91342 4.6194 -30
    endloop
  endfacet
  facet normal 0 0 1
    outer loop
      vertex -3.53553 3.53553 -30
      vertex -3.53553 -3.53553 -30
      vertex -1.91342 -4.6194 -30
    endloop
  endfacet
  facet normal -0 0 1
    outer loop
      vertex -4.6194 1.91342 -30
      vertex -3.53553 -3.53553 -30
      vertex -3.53553 3.53553 -30
    endloop
  endfacet
  facet normal 0 0 1
    outer loop
      vertex -4.6194 1.91342 -30
      vertex -4.6194 -1.91342 -30
      vertex -3.53553 -3.53553 -30
    endloop
  endfacet
  facet normal 0 -0 1
    outer loop
      vertex -4.6194 -1.91342 -30
      vertex -4.6194 1.91342 -30
      vertex -5 0 -30
    endloop
  endfacet
  facet normal 0.951059 0.309008 0
    outer loop
      vertex 14.6722 3.11868 -30
      vertex 13.7032 6.10105 -33
      vertex 13.7032 6.10105 -30
    endloop
  endfacet
  facet normal 0.951059 0.309008 0
    outer loop
      vertex 13.7032 6.10105 -33
      vertex 14.6722 3.11868 -30
      vertex 14.6722 3.11868 -33
    endloop
  endfacet
  facet normal 0.994521 0.104533 0
    outer loop
      vertex 15 0 -30
      vertex 14.6722 3.11868 -33
      vertex 14.6722 3.11868 -30
    endloop
  endfacet
  facet normal 0.994521 0.104533 0
    outer loop
      vertex 14.6722 3.11868 -33
      vertex 15 0 -30
      vertex 15 0 -33
    endloop
  endfacet
  facet normal 0.866029 0.499993 0
    outer loop
      vertex 13.7032 6.10105 -30
      vertex 12.1353 8.81678 -33
      vertex 12.1353 8.81678 -30
    endloop
  endfacet
  facet normal 0.866029 0.499993 0
    outer loop
      vertex 12.1353 8.81678 -33
      vertex 13.7032 6.10105 -30
      vertex 13.7032 6.10105 -33
    endloop
  endfacet
  facet normal 0.587777 0.809023 -0
    outer loop
      vertex 10.037 11.1472 -33
      vertex 7.5 12.9904 -30
      vertex 10.037 11.1472 -30
    endloop
  endfacet
  facet normal 0.587777 0.809023 0
    outer loop
      vertex 7.5 12.9904 -30
      vertex 10.037 11.1472 -33
      vertex 7.5 12.9904 -33
    endloop
  endfacet
  facet normal 0.951059 -0.309008 0
    outer loop
      vertex 13.7032 -6.10105 -30
      vertex 14.6722 -3.11868 -33
      vertex 14.6722 -3.11868 -30
    endloop
  endfacet
  facet normal 0.951059 -0.309008 0
    outer loop
      vertex 14.6722 -3.11868 -33
      vertex 13.7032 -6.10105 -30
      vertex 13.7032 -6.10105 -33
    endloop
  endfacet
  facet normal 0.994521 -0.104533 0
    outer loop
      vertex 14.6722 -3.11868 -30
      vertex 15 0 -33
      vertex 15 0 -30
    endloop
  endfacet
  facet normal 0.994521 -0.104533 0
    outer loop
      vertex 15 0 -33
      vertex 14.6722 -3.11868 -30
      vertex 14.6722 -3.11868 -33
    endloop
  endfacet
  facet normal 0.743148 0.669127 0
    outer loop
      vertex 12.1353 8.81678 -30
      vertex 10.037 11.1472 -33
      vertex 10.037 11.1472 -30
    endloop
  endfacet
  facet normal 0.743148 0.669127 0
    outer loop
      vertex 10.037 11.1472 -33
      vertex 12.1353 8.81678 -30
      vertex 12.1353 8.81678 -33
    endloop
  endfacet
  facet normal -0.951059 -0.309008 0
    outer loop
      vertex -13.7032 -6.10105 -33
      vertex -14.6722 -3.11868 -30
      vertex -14.6722 -3.11868 -33
    endloop
  endfacet
  facet normal -0.951059 -0.309008 0
    outer loop
      vertex -14.6722 -3.11868 -30
      vertex -13.7032 -6.10105 -33
      vertex -13.7032 -6.10105 -30
    endloop
  endfacet
  facet normal -0.743148 0.669127 0
    outer loop
      vertex -12.1353 8.81678 -33
      vertex -10.037 11.1472 -30
      vertex -10.037 11.1472 -33
    endloop
  endfacet
  facet normal -0.743148 0.669127 0
    outer loop
      vertex -10.037 11.1472 -30
      vertex -12.1353 8.81678 -33
      vertex -12.1353 8.81678 -30
    endloop
  endfacet
  facet normal -0.951059 0.309008 0
    outer loop
      vertex -14.6722 3.11868 -33
      vertex -13.7032 6.10105 -30
      vertex -13.7032 6.10105 -33
    endloop
  endfacet
  facet normal -0.951059 0.309008 0
    outer loop
      vertex -13.7032 6.10105 -30
      vertex -14.6722 3.11868 -33
      vertex -14.6722 3.11868 -30
    endloop
  endfacet
  facet normal 0.587777 -0.809023 0
    outer loop
      vertex 7.5 -12.9904 -33
      vertex 10.037 -11.1472 -30
      vertex 7.5 -12.9904 -30
    endloop
  endfacet
  facet normal 0.587777 -0.809023 0
    outer loop
      vertex 10.037 -11.1472 -30
      vertex 7.5 -12.9904 -33
      vertex 10.037 -11.1472 -33
    endloop
  endfacet
  facet normal -0.587777 0.809023 0
    outer loop
      vertex -7.5 12.9904 -33
      vertex -10.037 11.1472 -30
      vertex -7.5 12.9904 -30
    endloop
  endfacet
  facet normal -0.587777 0.809023 0
    outer loop
      vertex -10.037 11.1472 -30
      vertex -7.5 12.9904 -33
      vertex -10.037 11.1472 -33
    endloop
  endfacet
  facet normal -0.866029 0.499993 0
    outer loop
      vertex -13.7032 6.10105 -33
      vertex -12.1353 8.81678 -30
      vertex -12.1353 8.81678 -33
    endloop
  endfacet
  facet normal -0.866029 0.499993 0
    outer loop
      vertex -12.1353 8.81678 -30
      vertex -13.7032 6.10105 -33
      vertex -13.7032 6.10105 -30
    endloop
  endfacet
  facet normal 0.866029 -0.499993 0
    outer loop
      vertex 12.1353 -8.81678 -30
      vertex 13.7032 -6.10105 -33
      vertex 13.7032 -6.10105 -30
    endloop
  endfacet
  facet normal 0.866029 -0.499993 0
    outer loop
      vertex 13.7032 -6.10105 -33
      vertex 12.1353 -8.81678 -30
      vertex 12.1353 -8.81678 -33
    endloop
  endfacet
  facet normal 0 1 -0
    outer loop
      vertex 1.56793 14.9178 -33
      vertex -1.56793 14.9178 -30
      vertex 1.56793 14.9178 -30
    endloop
  endfacet
  facet normal 0 1 0
    outer loop
      vertex -1.56793 14.9178 -30
      vertex 1.56793 14.9178 -33
      vertex -1.56793 14.9178 -33
    endloop
  endfacet
  facet normal -0.406718 0.913554 0
    outer loop
      vertex -4.63525 14.2658 -33
      vertex -7.5 12.9904 -30
      vertex -4.63525 14.2658 -30
    endloop
  endfacet
  facet normal -0.406718 0.913554 0
    outer loop
      vertex -7.5 12.9904 -30
      vertex -4.63525 14.2658 -33
      vertex -7.5 12.9904 -33
    endloop
  endfacet
  facet normal -0.207918 -0.978146 0
    outer loop
      vertex -4.63525 -14.2658 -33
      vertex -1.56793 -14.9178 -30
      vertex -4.63525 -14.2658 -30
    endloop
  endfacet
  facet normal -0.207918 -0.978146 -0
    outer loop
      vertex -1.56793 -14.9178 -30
      vertex -4.63525 -14.2658 -33
      vertex -1.56793 -14.9178 -33
    endloop
  endfacet
  facet normal 0 -1 0
    outer loop
      vertex -1.56793 -14.9178 -33
      vertex 1.56793 -14.9178 -30
      vertex -1.56793 -14.9178 -30
    endloop
  endfacet
  facet normal 0 -1 -0
    outer loop
      vertex 1.56793 -14.9178 -30
      vertex -1.56793 -14.9178 -33
      vertex 1.56793 -14.9178 -33
    endloop
  endfacet
  facet normal -0.207918 0.978146 0
    outer loop
      vertex -1.56793 14.9178 -33
      vertex -4.63525 14.2658 -30
      vertex -1.56793 14.9178 -30
    endloop
  endfacet
  facet normal -0.207918 0.978146 0
    outer loop
      vertex -4.63525 14.2658 -30
      vertex -1.56793 14.9178 -33
      vertex -4.63525 14.2658 -33
    endloop
  endfacet
  facet normal 0.207918 -0.978146 0
    outer loop
      vertex 1.56793 -14.9178 -33
      vertex 4.63525 -14.2658 -30
      vertex 1.56793 -14.9178 -30
    endloop
  endfacet
  facet normal 0.207918 -0.978146 0
    outer loop
      vertex 4.63525 -14.2658 -30
      vertex 1.56793 -14.9178 -33
      vertex 4.63525 -14.2658 -33
    endloop
  endfacet
  facet normal 0.743148 -0.669127 0
    outer loop
      vertex 10.037 -11.1472 -30
      vertex 12.1353 -8.81678 -33
      vertex 12.1353 -8.81678 -30
    endloop
  endfacet
  facet normal 0.743148 -0.669127 0
    outer loop
      vertex 12.1353 -8.81678 -33
      vertex 10.037 -11.1472 -30
      vertex 10.037 -11.1472 -33
    endloop
  endfacet
  facet normal 0.406718 -0.913554 0
    outer loop
      vertex 4.63525 -14.2658 -33
      vertex 7.5 -12.9904 -30
      vertex 4.63525 -14.2658 -30
    endloop
  endfacet
  facet normal 0.406718 -0.913554 0
    outer loop
      vertex 7.5 -12.9904 -30
      vertex 4.63525 -14.2658 -33
      vertex 7.5 -12.9904 -33
    endloop
  endfacet
  facet normal -0.587777 -0.809023 0
    outer loop
      vertex -10.037 -11.1472 -33
      vertex -7.5 -12.9904 -30
      vertex -10.037 -11.1472 -30
    endloop
  endfacet
  facet normal -0.587777 -0.809023 -0
    outer loop
      vertex -7.5 -12.9904 -30
      vertex -10.037 -11.1472 -33
      vertex -7.5 -12.9904 -33
    endloop
  endfacet
  facet normal -0.994521 0.104533 0
    outer loop
      vertex -15 0 -33
      vertex -14.6722 3.11868 -30
      vertex -14.6722 3.11868 -33
    endloop
  endfacet
  facet normal -0.994521 0.104533 0
    outer loop
      vertex -14.6722 3.11868 -30
      vertex -15 0 -33
      vertex -15 0 -30
    endloop
  endfacet
  facet normal 0.207918 0.978146 -0
    outer loop
      vertex 4.63525 14.2658 -33
      vertex 1.56793 14.9178 -30
      vertex 4.63525 14.2658 -30
    endloop
  endfacet
  facet normal 0.207918 0.978146 0
    outer loop
      vertex 1.56793 14.9178 -30
      vertex 4.63525 14.2658 -33
      vertex 1.56793 14.9178 -33
    endloop
  endfacet
  facet normal -0.866029 -0.499993 0
    outer loop
      vertex -12.1353 -8.81678 -33
      vertex -13.7032 -6.10105 -30
      vertex -13.7032 -6.10105 -33
    endloop
  endfacet
  facet normal -0.866029 -0.499993 0
    outer loop
      vertex -13.7032 -6.10105 -30
      vertex -12.1353 -8.81678 -33
      vertex -12.1353 -8.81678 -30
    endloop
  endfacet
  facet normal 0.406718 0.913554 -0
    outer loop
      vertex 7.5 12.9904 -33
      vertex 4.63525 14.2658 -30
      vertex 7.5 12.9904 -30
    endloop
  endfacet
  facet normal 0.406718 0.913554 0
    outer loop
      vertex 4.63525 14.2658 -30
      vertex 7.5 12.9904 -33
      vertex 4.63525 14.2658 -33
    endloop
  endfacet
  facet normal -0.994521 -0.104533 0
    outer loop
      vertex -14.6722 -3.11868 -33
      vertex -15 0 -30
      vertex -15 0 -33
    endloop
  endfacet
  facet normal -0.994521 -0.104533 0
    outer loop
      vertex -15 0 -30
      vertex -14.6722 -3.11868 -33
      vertex -14.6722 -3.11868 -30
    endloop
  endfacet
  facet normal -0.743148 -0.669127 0
    outer loop
      vertex -10.037 -11.1472 -33
      vertex -12.1353 -8.81678 -30
      vertex -12.1353 -8.81678 -33
    endloop
  endfacet
  facet normal -0.743148 -0.669127 0
    outer loop
      vertex -12.1353 -8.81678 -30
      vertex -10.037 -11.1472 -33
      vertex -10.037 -11.1472 -30
    endloop
  endfacet
  facet normal 0 0 -1
    outer loop
      vertex 14.6722 -3.11868 -33
      vertex 14.6722 3.11868 -33
      vertex 15 0 -33
    endloop
  endfacet
  facet normal 0 0 -1
    outer loop
      vertex 13.7032 -6.10105 -33
      vertex 14.6722 3.11868 -33
      vertex 14.6722 -3.11868 -33
    endloop
  endfacet
  facet normal 0 0 -1
    outer loop
      vertex 13.7032 -6.10105 -33
      vertex 13.7032 6.10105 -33
      vertex 14.6722 3.11868 -33
    endloop
  endfacet
  facet normal 0 0 -1
    outer loop
      vertex 12.1353 -8.81678 -33
      vertex 13.7032 6.10105 -33
      vertex 13.7032 -6.10105 -33
    endloop
  endfacet
  facet normal 0 0 -1
    outer loop
      vertex 12.1353 -8.81678 -33
      vertex 12.1353 8.81678 -33
      vertex 13.7032 6.10105 -33
    endloop
  endfacet
  facet normal 0 0 -1
    outer loop
      vertex 10.037 -11.1472 -33
      vertex 12.1353 8.81678 -33
      vertex 12.1353 -8.81678 -33
    endloop
  endfacet
  facet normal 0 0 -1
    outer loop
      vertex 10.037 -11.1472 -33
      vertex 10.037 11.1472 -33
      vertex 12.1353 8.81678 -33
    endloop
  endfacet
  facet normal 0 0 -1
    outer loop
      vertex 7.5 -12.9904 -33
      vertex 10.037 11.1472 -33
      vertex 10.037 -11.1472 -33
    endloop
  endfacet
  facet normal 0 0 -1
    outer loop
      vertex 7.5 -12.9904 -33
      vertex 7.5 12.9904 -33
      vertex 10.037 11.1472 -33
    endloop
  endfacet
  facet normal 0 0 -1
    outer loop
      vertex 4.63525 -14.2658 -33
      vertex 7.5 12.9904 -33
      vertex 7.5 -12.9904 -33
    endloop
  endfacet
  facet normal 0 0 -1
    outer loop
      vertex 4.63525 -14.2658 -33
      vertex 4.63525 14.2658 -33
      vertex 7.5 12.9904 -33
    endloop
  endfacet
  facet normal 0 0 -1
    outer loop
      vertex 1.56793 -14.9178 -33
      vertex 4.63525 14.2658 -33
      vertex 4.63525 -14.2658 -33
    endloop
  endfacet
  facet normal 0 0 -1
    outer loop
      vertex 1.56793 -14.9178 -33
      vertex 1.56793 14.9178 -33
      vertex 4.63525 14.2658 -33
    endloop
  endfacet
  facet normal 0 0 -1
    outer loop
      vertex -1.56793 -14.9178 -33
      vertex 1.56793 14.9178 -33
      vertex 1.56793 -14.9178 -33
    endloop
  endfacet
  facet normal 0 0 -1
    outer loop
      vertex -1.56793 -14.9178 -33
      vertex -1.56793 14.9178 -33
      vertex 1.56793 14.9178 -33
    endloop
  endfacet
  facet normal 0 0 -1
    outer loop
      vertex -4.63525 -14.2658 -33
      vertex -1.56793 14.9178 -33
      vertex -1.56793 -14.9178 -33
    endloop
  endfacet
  facet normal 0 0 -1
    outer loop
      vertex -4.63525 -14.2658 -33
      vertex -4.63525 14.2658 -33
      vertex -1.56793 14.9178 -33
    endloop
  endfacet
  facet normal 0 0 -1
    outer loop
      vertex -7.5 -12.9904 -33
      vertex -4.63525 14.2658 -33
      vertex -4.63525 -14.2658 -33
    endloop
  endfacet
  facet normal 0 0 -1
    outer loop
      vertex -7.5 -12.9904 -33
      vertex -7.5 12.9904 -33
      vertex -4.63525 14.2658 -33
    endloop
  endfacet
  facet normal 0 0 -1
    outer loop
      vertex -10.037 -11.1472 -33
      vertex -7.5 12.9904 -33
      vertex -7.5 -12.9904 -33
    endloop
  endfacet
  facet normal 0 0 -1
    outer loop
      vertex -10.037 -11.1472 -33
      vertex -10.037 11.1472 -33
      vertex -7.5 12.9904 -33
    endloop
  endfacet
  facet normal 0 0 -1
    outer loop
      vertex -12.1353 -8.81678 -33
      vertex -10.037 11.1472 -33
      vertex -10.037 -11.1472 -33
    endloop
  endfacet
  facet normal 0 0 -1
    outer loop
      vertex -12.1353 -8.81678 -33
      vertex -12.1353 8.81678 -33
      vertex -10.037 11.1472 -33
    endloop
  endfacet
  facet normal 0 0 -1
    outer loop
      vertex -13.7032 -6.10105 -33
      vertex -12.1353 8.81678 -33
      vertex -12.1353 -8.81678 -33
    endloop
  endfacet
  facet normal 0 0 -1
    outer loop
      vertex -13.7032 -6.10105 -33
      vertex -13.7032 6.10105 -33
      vertex -12.1353 8.81678 -33
    endloop
  endfacet
  facet normal 0 0 -1
    outer loop
      vertex -14.6722 -3.11868 -33
      vertex -13.7032 6.10105 -33
      vertex -13.7032 -6.10105 -33
    endloop
  endfacet
  facet normal 0 0 -1
    outer loop
      vertex -14.6722 -3.11868 -33
      vertex -14.6722 3.11868 -33
      vertex -13.7032 6.10105 -33
    endloop
  endfacet
  facet normal 0 -0 -1
    outer loop
      vertex -14.6722 3.11868 -33
      vertex -14.6722 -3.11868 -33
      vertex -15 0 -33
    endloop
  endfacet
  facet normal -0.406718 -0.913554 0
    outer loop
      vertex -7.5 -12.9904 -33
      vertex -4.63525 -14.2658 -30
      vertex -7.5 -12.9904 -30
    endloop
  endfacet
  facet normal -0.406718 -0.913554 -0
    outer loop
      vertex -4.63525 -14.2658 -30
      vertex -7.5 -12.9904 -33
      vertex -4.63525 -14.2658 -33
    endloop
  endfacet
  facet normal -0.309015 -0.951057 -0
    outer loop
      vertex 8.78647 -0.881678 32.5
      vertex 8.78647 -0.881678 32
      vertex 9.87032 -1.23384 32.5
    endloop
  endfacet
  facet normal -0.309023 -0.951055 0
    outer loop
      vertex 9.87032 -1.23384 32.5
      vertex 10.4635 -1.42658 33
      vertex 9.87032 -1.23384 33
    endloop
  endfacet
  facet normal -0.309023 -0.951055 0
    outer loop
      vertex 9.87032 -1.23384 32.5
      vertex 10.4635 -1.42658 32
      vertex 10.4635 -1.42658 33
    endloop
  endfacet
  facet normal -0.309018 -0.951056 6.57146e-06
    outer loop
      vertex 10.4635 -1.42658 32
      vertex 9.87032 -1.23384 32.5
      vertex 8.78647 -0.881678 32
    endloop
  endfacet
  facet normal -0.309023 0.951055 0
    outer loop
      vertex 10.4635 1.42658 33
      vertex 9.87032 1.23384 32.5
      vertex 9.87032 1.23384 33
    endloop
  endfacet
  facet normal -0.309023 0.951055 0
    outer loop
      vertex 10.4635 1.42658 32
      vertex 9.87032 1.23384 32.5
      vertex 10.4635 1.42658 33
    endloop
  endfacet
  facet normal -0.309018 0.951056 6.57146e-06
    outer loop
      vertex 8.78647 0.881678 32
      vertex 9.87032 1.23384 32.5
      vertex 10.4635 1.42658 32
    endloop
  endfacet
  facet normal -0.309015 0.951057 0
    outer loop
      vertex 9.87032 1.23384 32.5
      vertex 8.78647 0.881678 32
      vertex 8.78647 0.881678 32.5
    endloop
  endfacet
  facet normal 0.809009 0.587796 0
    outer loop
      vertex 11.5 0 33
      vertex 10.4635 1.42658 32
      vertex 10.4635 1.42658 33
    endloop
  endfacet
  facet normal 0.809009 0.587796 0
    outer loop
      vertex 10.4635 1.42658 32
      vertex 11.5 0 33
      vertex 11.5 0 32
    endloop
  endfacet
  facet normal -1 0 0
    outer loop
      vertex 8.78647 -0.881678 32
      vertex 8.78647 0.881678 32.5
      vertex 8.78647 0.881678 32
    endloop
  endfacet
  facet normal -1 -0 0
    outer loop
      vertex 8.78647 0.881678 32.5
      vertex 8.78647 -0.881678 32
      vertex 8.78647 -0.881678 32.5
    endloop
  endfacet
  facet normal 0.809009 -0.587796 0
    outer loop
      vertex 10.4635 -1.42658 33
      vertex 11.5 0 32
      vertex 11.5 0 33
    endloop
  endfacet
  facet normal 0.809009 -0.587796 0
    outer loop
      vertex 11.5 0 32
      vertex 10.4635 -1.42658 33
      vertex 10.4635 -1.42658 32
    endloop
  endfacet
  facet normal 0.951053 -0.309027 0
    outer loop
      vertex 1.24442 9.90289 32.5
      vertex 1.42658 10.4635 33
      vertex 1.24442 9.90289 33
    endloop
  endfacet
  facet normal 0.951053 -0.309027 0
    outer loop
      vertex 1.42658 10.4635 33
      vertex 1.24442 9.90289 32.5
      vertex 1.42658 10.4635 32
    endloop
  endfacet
  facet normal 0.951058 -0.309013 0
    outer loop
      vertex 0.881678 8.78647 32
      vertex 1.24442 9.90289 32.5
      vertex 0.881678 8.78647 32.5
    endloop
  endfacet
  facet normal 0.951056 -0.309018 1.16536e-05
    outer loop
      vertex 1.24442 9.90289 32.5
      vertex 0.881678 8.78647 32
      vertex 1.42658 10.4635 32
    endloop
  endfacet
  facet normal -0.951053 -0.309027 0
    outer loop
      vertex -1.42658 10.4635 32
      vertex -1.24442 9.90289 32.5
      vertex -1.42658 10.4635 33
    endloop
  endfacet
  facet normal -0.951056 -0.309018 1.16536e-05
    outer loop
      vertex -0.881678 8.78647 32
      vertex -1.24442 9.90289 32.5
      vertex -1.42658 10.4635 32
    endloop
  endfacet
  facet normal -0.951058 -0.309013 0
    outer loop
      vertex -1.24442 9.90289 32.5
      vertex -0.881678 8.78647 32
      vertex -0.881678 8.78647 32.5
    endloop
  endfacet
  facet normal -0.951053 -0.309027 0
    outer loop
      vertex -1.42658 10.4635 33
      vertex -1.24442 9.90289 32.5
      vertex -1.24442 9.90289 33
    endloop
  endfacet
  facet normal -0.587796 0.809009 0
    outer loop
      vertex 0 11.5 32
      vertex -1.42658 10.4635 33
      vertex 0 11.5 33
    endloop
  endfacet
  facet normal -0.587796 0.809009 0
    outer loop
      vertex -1.42658 10.4635 33
      vertex 0 11.5 32
      vertex -1.42658 10.4635 32
    endloop
  endfacet
  facet normal 0 -1 0
    outer loop
      vertex -0.881678 8.78647 32
      vertex 0.881678 8.78647 32.5
      vertex -0.881678 8.78647 32.5
    endloop
  endfacet
  facet normal 0 -1 -0
    outer loop
      vertex 0.881678 8.78647 32.5
      vertex -0.881678 8.78647 32
      vertex 0.881678 8.78647 32
    endloop
  endfacet
  facet normal 0.587796 0.809009 -0
    outer loop
      vertex 1.42658 10.4635 32
      vertex 0 11.5 33
      vertex 1.42658 10.4635 33
    endloop
  endfacet
  facet normal 0.587796 0.809009 0
    outer loop
      vertex 0 11.5 33
      vertex 1.42658 10.4635 32
      vertex 0 11.5 32
    endloop
  endfacet
  facet normal -0.809009 -0.587796 0
    outer loop
      vertex -10.4635 -1.42658 32
      vertex -11.5 0 33
      vertex -11.5 0 32
    endloop
  endfacet
  facet normal -0.809009 -0.587796 0
    outer loop
      vertex -11.5 0 33
      vertex -10.4635 -1.42658 32
      vertex -10.4635 -1.42658 33
    endloop
  endfacet
  facet normal 0.309023 -0.951055 0
    outer loop
      vertex -10.4635 -1.42658 33
      vertex -9.87032 -1.23384 32.5
      vertex -9.87032 -1.23384 33
    endloop
  endfacet
  facet normal 0.309023 -0.951055 0
    outer loop
      vertex -10.4635 -1.42658 32
      vertex -9.87032 -1.23384 32.5
      vertex -10.4635 -1.42658 33
    endloop
  endfacet
  facet normal 0.309018 -0.951056 6.57146e-06
    outer loop
      vertex -8.78647 -0.881678 32
      vertex -9.87032 -1.23384 32.5
      vertex -10.4635 -1.42658 32
    endloop
  endfacet
  facet normal 0.309015 -0.951057 0
    outer loop
      vertex -9.87032 -1.23384 32.5
      vertex -8.78647 -0.881678 32
      vertex -8.78647 -0.881678 32.5
    endloop
  endfacet
  facet normal 1 -0 0
    outer loop
      vertex -8.78647 -0.881678 32.5
      vertex -8.78647 0.881678 32
      vertex -8.78647 0.881678 32.5
    endloop
  endfacet
  facet normal 1 0 0
    outer loop
      vertex -8.78647 0.881678 32
      vertex -8.78647 -0.881678 32.5
      vertex -8.78647 -0.881678 32
    endloop
  endfacet
  facet normal 0.309015 0.951057 0
    outer loop
      vertex -8.78647 0.881678 32.5
      vertex -8.78647 0.881678 32
      vertex -9.87032 1.23384 32.5
    endloop
  endfacet
  facet normal 0.309023 0.951055 -0
    outer loop
      vertex -9.87032 1.23384 32.5
      vertex -10.4635 1.42658 33
      vertex -9.87032 1.23384 33
    endloop
  endfacet
  facet normal 0.309023 0.951055 0
    outer loop
      vertex -9.87032 1.23384 32.5
      vertex -10.4635 1.42658 32
      vertex -10.4635 1.42658 33
    endloop
  endfacet
  facet normal 0.309018 0.951056 6.57146e-06
    outer loop
      vertex -10.4635 1.42658 32
      vertex -9.87032 1.23384 32.5
      vertex -8.78647 0.881678 32
    endloop
  endfacet
  facet normal -0.809009 0.587796 0
    outer loop
      vertex -11.5 0 32
      vertex -10.4635 1.42658 33
      vertex -10.4635 1.42658 32
    endloop
  endfacet
  facet normal -0.809009 0.587796 0
    outer loop
      vertex -10.4635 1.42658 33
      vertex -11.5 0 32
      vertex -11.5 0 33
    endloop
  endfacet
  facet normal 0.587796 -0.809009 0
    outer loop
      vertex 0 -11.5 32
      vertex 1.42658 -10.4635 33
      vertex 0 -11.5 33
    endloop
  endfacet
  facet normal 0.587796 -0.809009 0
    outer loop
      vertex 1.42658 -10.4635 33
      vertex 0 -11.5 32
      vertex 1.42658 -10.4635 32
    endloop
  endfacet
  facet normal 0.951053 0.309027 0
    outer loop
      vertex 1.24442 -9.90289 33
      vertex 1.42658 -10.4635 33
      vertex 1.24442 -9.90289 32.5
    endloop
  endfacet
  facet normal 0.951058 0.309013 0
    outer loop
      vertex 1.24442 -9.90289 32.5
      vertex 0.881678 -8.78647 32
      vertex 0.881678 -8.78647 32.5
    endloop
  endfacet
  facet normal 0.951056 0.309018 1.16536e-05
    outer loop
      vertex 1.24442 -9.90289 32.5
      vertex 1.42658 -10.4635 32
      vertex 0.881678 -8.78647 32
    endloop
  endfacet
  facet normal 0.951053 0.309027 -0
    outer loop
      vertex 1.42658 -10.4635 32
      vertex 1.24442 -9.90289 32.5
      vertex 1.42658 -10.4635 33
    endloop
  endfacet
  facet normal 0 1 -0
    outer loop
      vertex 0.881678 -8.78647 32
      vertex -0.881678 -8.78647 32.5
      vertex 0.881678 -8.78647 32.5
    endloop
  endfacet
  facet normal 0 1 0
    outer loop
      vertex -0.881678 -8.78647 32.5
      vertex 0.881678 -8.78647 32
      vertex -0.881678 -8.78647 32
    endloop
  endfacet
  facet normal -0.951058 0.309013 0
    outer loop
      vertex -0.881678 -8.78647 32
      vertex -1.24442 -9.90289 32.5
      vertex -0.881678 -8.78647 32.5
    endloop
  endfacet
  facet normal -0.951056 0.309018 1.16536e-05
    outer loop
      vertex -1.42658 -10.4635 32
      vertex -1.24442 -9.90289 32.5
      vertex -0.881678 -8.78647 32
    endloop
  endfacet
  facet normal -0.951053 0.309027 0
    outer loop
      vertex -1.42658 -10.4635 33
      vertex -1.24442 -9.90289 32.5
      vertex -1.42658 -10.4635 32
    endloop
  endfacet
  facet normal -0.951053 0.309027 0
    outer loop
      vertex -1.24442 -9.90289 32.5
      vertex -1.42658 -10.4635 33
      vertex -1.24442 -9.90289 33
    endloop
  endfacet
  facet normal -0.587796 -0.809009 0
    outer loop
      vertex -1.42658 -10.4635 32
      vertex 0 -11.5 33
      vertex -1.42658 -10.4635 33
    endloop
  endfacet
  facet normal -0.587796 -0.809009 -0
    outer loop
      vertex 0 -11.5 33
      vertex -1.42658 -10.4635 32
      vertex 0 -11.5 32
    endloop
  endfacet
  facet normal 0.951059 0.309008 0
    outer loop
      vertex 14.6722 3.11868 31
      vertex 13.7032 6.10105 28
      vertex 13.7032 6.10105 31
    endloop
  endfacet
  facet normal 0.951059 0.309008 0
    outer loop
      vertex 13.7032 6.10105 28
      vertex 14.6722 3.11868 31
      vertex 14.6722 3.11868 28
    endloop
  endfacet
  facet normal 0.994521 0.104533 0
    outer loop
      vertex 15 0 31
      vertex 14.6722 3.11868 28
      vertex 14.6722 3.11868 31
    endloop
  endfacet
  facet normal 0.994521 0.104533 0
    outer loop
      vertex 14.6722 3.11868 28
      vertex 15 0 31
      vertex 15 0 28
    endloop
  endfacet
  facet normal 0.866029 0.499993 0
    outer loop
      vertex 13.7032 6.10105 31
      vertex 12.1353 8.81678 28
      vertex 12.1353 8.81678 31
    endloop
  endfacet
  facet normal 0.866029 0.499993 0
    outer loop
      vertex 12.1353 8.81678 28
      vertex 13.7032 6.10105 31
      vertex 13.7032 6.10105 28
    endloop
  endfacet
  facet normal 0.587777 0.809023 -0
    outer loop
      vertex 10.037 11.1472 28
      vertex 7.5 12.9904 31
      vertex 10.037 11.1472 31
    endloop
  endfacet
  facet normal 0.587777 0.809023 0
    outer loop
      vertex 7.5 12.9904 31
      vertex 10.037 11.1472 28
      vertex 7.5 12.9904 28
    endloop
  endfacet
  facet normal 0.951059 -0.309008 0
    outer loop
      vertex 13.7032 -6.10105 31
      vertex 14.6722 -3.11868 28
      vertex 14.6722 -3.11868 31
    endloop
  endfacet
  facet normal 0.951059 -0.309008 0
    outer loop
      vertex 14.6722 -3.11868 28
      vertex 13.7032 -6.10105 31
      vertex 13.7032 -6.10105 28
    endloop
  endfacet
  facet normal 0.994521 -0.104533 0
    outer loop
      vertex 14.6722 -3.11868 31
      vertex 15 0 28
      vertex 15 0 31
    endloop
  endfacet
  facet normal 0.994521 -0.104533 0
    outer loop
      vertex 15 0 28
      vertex 14.6722 -3.11868 31
      vertex 14.6722 -3.11868 28
    endloop
  endfacet
  facet normal 0.743148 0.669127 0
    outer loop
      vertex 12.1353 8.81678 31
      vertex 10.037 11.1472 28
      vertex 10.037 11.1472 31
    endloop
  endfacet
  facet normal 0.743148 0.669127 0
    outer loop
      vertex 10.037 11.1472 28
      vertex 12.1353 8.81678 31
      vertex 12.1353 8.81678 28
    endloop
  endfacet
  facet normal -0.951059 -0.309008 0
    outer loop
      vertex -13.7032 -6.10105 28
      vertex -14.6722 -3.11868 31
      vertex -14.6722 -3.11868 28
    endloop
  endfacet
  facet normal -0.951059 -0.309008 0
    outer loop
      vertex -14.6722 -3.11868 31
      vertex -13.7032 -6.10105 28
      vertex -13.7032 -6.10105 31
    endloop
  endfacet
  facet normal -0.743148 0.669127 0
    outer loop
      vertex -12.1353 8.81678 28
      vertex -10.037 11.1472 31
      vertex -10.037 11.1472 28
    endloop
  endfacet
  facet normal -0.743148 0.669127 0
    outer loop
      vertex -10.037 11.1472 31
      vertex -12.1353 8.81678 28
      vertex -12.1353 8.81678 31
    endloop
  endfacet
  facet normal -0.951059 0.309008 0
    outer loop
      vertex -14.6722 3.11868 28
      vertex -13.7032 6.10105 31
      vertex -13.7032 6.10105 28
    endloop
  endfacet
  facet normal -0.951059 0.309008 0
    outer loop
      vertex -13.7032 6.10105 31
      vertex -14.6722 3.11868 28
      vertex -14.6722 3.11868 31
    endloop
  endfacet
  facet normal 0.587777 -0.809023 0
    outer loop
      vertex 7.5 -12.9904 28
      vertex 10.037 -11.1472 31
      vertex 7.5 -12.9904 31
    endloop
  endfacet
  facet normal 0.587777 -0.809023 0
    outer loop
      vertex 10.037 -11.1472 31
      vertex 7.5 -12.9904 28
      vertex 10.037 -11.1472 28
    endloop
  endfacet
  facet normal -0.587777 0.809023 0
    outer loop
      vertex -7.5 12.9904 28
      vertex -10.037 11.1472 31
      vertex -7.5 12.9904 31
    endloop
  endfacet
  facet normal -0.587777 0.809023 0
    outer loop
      vertex -10.037 11.1472 31
      vertex -7.5 12.9904 28
      vertex -10.037 11.1472 28
    endloop
  endfacet
  facet normal 0 0 1
    outer loop
      vertex 14 0 31
      vertex 15 0 31
      vertex 14.6722 3.11868 31
    endloop
  endfacet
  facet normal 0 0 1
    outer loop
      vertex 15 0 31
      vertex 14 0 31
      vertex 14.6722 -3.11868 31
    endloop
  endfacet
  facet normal 0 0 1
    outer loop
      vertex 13.6941 2.91076 31
      vertex 14.6722 3.11868 31
      vertex 13.7032 6.10105 31
    endloop
  endfacet
  facet normal 0 0 1
    outer loop
      vertex 14.6722 3.11868 31
      vertex 13.6941 2.91076 31
      vertex 14 0 31
    endloop
  endfacet
  facet normal 0 0 1
    outer loop
      vertex 13.7032 6.10105 31
      vertex 12.7896 5.69431 31
      vertex 13.6941 2.91076 31
    endloop
  endfacet
  facet normal 0 0 1
    outer loop
      vertex 12.1353 8.81678 31
      vertex 12.7896 5.69431 31
      vertex 13.7032 6.10105 31
    endloop
  endfacet
  facet normal 0 0 1
    outer loop
      vertex 12.1353 8.81678 31
      vertex 11.3262 8.22899 31
      vertex 12.7896 5.69431 31
    endloop
  endfacet
  facet normal 0 0 1
    outer loop
      vertex 10.037 11.1472 31
      vertex 11.3262 8.22899 31
      vertex 12.1353 8.81678 31
    endloop
  endfacet
  facet normal 0 0 1
    outer loop
      vertex 10.037 11.1472 31
      vertex 9.36783 10.404 31
      vertex 11.3262 8.22899 31
    endloop
  endfacet
  facet normal 0 0 1
    outer loop
      vertex 7.5 12.9904 31
      vertex 9.36783 10.404 31
      vertex 10.037 11.1472 31
    endloop
  endfacet
  facet normal 0 0 1
    outer loop
      vertex 7.5 12.9904 31
      vertex 7 12.1244 31
      vertex 9.36783 10.404 31
    endloop
  endfacet
  facet normal 0 0 1
    outer loop
      vertex 4.63525 14.2658 31
      vertex 7 12.1244 31
      vertex 7.5 12.9904 31
    endloop
  endfacet
  facet normal 0 0 1
    outer loop
      vertex 4.63525 14.2658 31
      vertex 4.32624 13.3148 31
      vertex 7 12.1244 31
    endloop
  endfacet
  facet normal 0 0 1
    outer loop
      vertex 1.56793 14.9178 31
      vertex 4.32624 13.3148 31
      vertex 4.63525 14.2658 31
    endloop
  endfacet
  facet normal 0 0 1
    outer loop
      vertex 1.56793 14.9178 31
      vertex 1.4634 13.9233 31
      vertex 4.32624 13.3148 31
    endloop
  endfacet
  facet normal 0 0 1
    outer loop
      vertex 1.56793 14.9178 31
      vertex -1.4634 13.9233 31
      vertex 1.4634 13.9233 31
    endloop
  endfacet
  facet normal -0 0 1
    outer loop
      vertex -1.56793 14.9178 31
      vertex -1.4634 13.9233 31
      vertex 1.56793 14.9178 31
    endloop
  endfacet
  facet normal 0 0 1
    outer loop
      vertex -1.56793 14.9178 31
      vertex -4.32624 13.3148 31
      vertex -1.4634 13.9233 31
    endloop
  endfacet
  facet normal -0 0 1
    outer loop
      vertex -4.63525 14.2658 31
      vertex -4.32624 13.3148 31
      vertex -1.56793 14.9178 31
    endloop
  endfacet
  facet normal 0 0 1
    outer loop
      vertex -4.63525 14.2658 31
      vertex -7 12.1244 31
      vertex -4.32624 13.3148 31
    endloop
  endfacet
  facet normal -0 0 1
    outer loop
      vertex -7.5 12.9904 31
      vertex -7 12.1244 31
      vertex -4.63525 14.2658 31
    endloop
  endfacet
  facet normal 0 0 1
    outer loop
      vertex -7.5 12.9904 31
      vertex -9.36783 10.404 31
      vertex -7 12.1244 31
    endloop
  endfacet
  facet normal -0 0 1
    outer loop
      vertex -10.037 11.1472 31
      vertex -9.36783 10.404 31
      vertex -7.5 12.9904 31
    endloop
  endfacet
  facet normal 0 0 1
    outer loop
      vertex -10.037 11.1472 31
      vertex -11.3262 8.22899 31
      vertex -9.36783 10.404 31
    endloop
  endfacet
  facet normal -0 0 1
    outer loop
      vertex -12.1353 8.81678 31
      vertex -11.3262 8.22899 31
      vertex -10.037 11.1472 31
    endloop
  endfacet
  facet normal 0 0 1
    outer loop
      vertex -12.1353 8.81678 31
      vertex -12.7896 5.69431 31
      vertex -11.3262 8.22899 31
    endloop
  endfacet
  facet normal -0 0 1
    outer loop
      vertex -13.7032 6.10105 31
      vertex -12.7896 5.69431 31
      vertex -12.1353 8.81678 31
    endloop
  endfacet
  facet normal 0 0 1
    outer loop
      vertex -12.7896 5.69431 31
      vertex -13.7032 6.10105 31
      vertex -13.6941 2.91076 31
    endloop
  endfacet
  facet normal -0 0 1
    outer loop
      vertex -14.6722 3.11868 31
      vertex -13.6941 2.91076 31
      vertex -13.7032 6.10105 31
    endloop
  endfacet
  facet normal 0 0 1
    outer loop
      vertex -13.6941 2.91076 31
      vertex -14.6722 3.11868 31
      vertex -14 0 31
    endloop
  endfacet
  facet normal -0 0 1
    outer loop
      vertex 13.6941 -2.91076 31
      vertex 14.6722 -3.11868 31
      vertex 14 0 31
    endloop
  endfacet
  facet normal 0 0 1
    outer loop
      vertex 14.6722 -3.11868 31
      vertex 13.6941 -2.91076 31
      vertex 13.7032 -6.10105 31
    endloop
  endfacet
  facet normal -0 0 1
    outer loop
      vertex 12.7896 -5.69431 31
      vertex 13.7032 -6.10105 31
      vertex 13.6941 -2.91076 31
    endloop
  endfacet
  facet normal 0 0 1
    outer loop
      vertex 12.7896 -5.69431 31
      vertex 12.1353 -8.81678 31
      vertex 13.7032 -6.10105 31
    endloop
  endfacet
  facet normal -0 0 1
    outer loop
      vertex 11.3262 -8.22899 31
      vertex 12.1353 -8.81678 31
      vertex 12.7896 -5.69431 31
    endloop
  endfacet
  facet normal 0 0 1
    outer loop
      vertex 11.3262 -8.22899 31
      vertex 10.037 -11.1472 31
      vertex 12.1353 -8.81678 31
    endloop
  endfacet
  facet normal -0 0 1
    outer loop
      vertex 9.36783 -10.404 31
      vertex 10.037 -11.1472 31
      vertex 11.3262 -8.22899 31
    endloop
  endfacet
  facet normal 0 0 1
    outer loop
      vertex 9.36783 -10.404 31
      vertex 7.5 -12.9904 31
      vertex 10.037 -11.1472 31
    endloop
  endfacet
  facet normal -0 0 1
    outer loop
      vertex 7 -12.1244 31
      vertex 7.5 -12.9904 31
      vertex 9.36783 -10.404 31
    endloop
  endfacet
  facet normal 0 0 1
    outer loop
      vertex 7 -12.1244 31
      vertex 4.63525 -14.2658 31
      vertex 7.5 -12.9904 31
    endloop
  endfacet
  facet normal -0 0 1
    outer loop
      vertex 4.32624 -13.3148 31
      vertex 4.63525 -14.2658 31
      vertex 7 -12.1244 31
    endloop
  endfacet
  facet normal 0 0 1
    outer loop
      vertex 4.32624 -13.3148 31
      vertex 1.56793 -14.9178 31
      vertex 4.63525 -14.2658 31
    endloop
  endfacet
  facet normal -0 0 1
    outer loop
      vertex 1.4634 -13.9233 31
      vertex 1.56793 -14.9178 31
      vertex 4.32624 -13.3148 31
    endloop
  endfacet
  facet normal -0 0 1
    outer loop
      vertex -1.4634 -13.9233 31
      vertex 1.56793 -14.9178 31
      vertex 1.4634 -13.9233 31
    endloop
  endfacet
  facet normal 0 0 1
    outer loop
      vertex -1.4634 -13.9233 31
      vertex -1.56793 -14.9178 31
      vertex 1.56793 -14.9178 31
    endloop
  endfacet
  facet normal 0 0 1
    outer loop
      vertex -4.32624 -13.3148 31
      vertex -1.56793 -14.9178 31
      vertex -1.4634 -13.9233 31
    endloop
  endfacet
  facet normal 0 0 1
    outer loop
      vertex -4.32624 -13.3148 31
      vertex -4.63525 -14.2658 31
      vertex -1.56793 -14.9178 31
    endloop
  endfacet
  facet normal 0 0 1
    outer loop
      vertex -7 -12.1244 31
      vertex -4.63525 -14.2658 31
      vertex -4.32624 -13.3148 31
    endloop
  endfacet
  facet normal 0 0 1
    outer loop
      vertex -7 -12.1244 31
      vertex -7.5 -12.9904 31
      vertex -4.63525 -14.2658 31
    endloop
  endfacet
  facet normal 0 0 1
    outer loop
      vertex -9.36783 -10.404 31
      vertex -7.5 -12.9904 31
      vertex -7 -12.1244 31
    endloop
  endfacet
  facet normal 0 0 1
    outer loop
      vertex -9.36783 -10.404 31
      vertex -10.037 -11.1472 31
      vertex -7.5 -12.9904 31
    endloop
  endfacet
  facet normal 0 0 1
    outer loop
      vertex -11.3262 -8.22899 31
      vertex -10.037 -11.1472 31
      vertex -9.36783 -10.404 31
    endloop
  endfacet
  facet normal 0 0 1
    outer loop
      vertex -11.3262 -8.22899 31
      vertex -12.1353 -8.81678 31
      vertex -10.037 -11.1472 31
    endloop
  endfacet
  facet normal 0 0 1
    outer loop
      vertex -12.7896 -5.69431 31
      vertex -12.1353 -8.81678 31
      vertex -11.3262 -8.22899 31
    endloop
  endfacet
  facet normal 0 0 1
    outer loop
      vertex -13.7032 -6.10105 31
      vertex -12.7896 -5.69431 31
      vertex -13.6941 -2.91076 31
    endloop
  endfacet
  facet normal 0 0 1
    outer loop
      vertex -12.7896 -5.69431 31
      vertex -13.7032 -6.10105 31
      vertex -12.1353 -8.81678 31
    endloop
  endfacet
  facet normal 0 0 1
    outer loop
      vertex -14.6722 -3.11868 31
      vertex -13.6941 -2.91076 31
      vertex -14 0 31
    endloop
  endfacet
  facet normal 0 0 1
    outer loop
      vertex -15 0 31
      vertex -14 0 31
      vertex -14.6722 3.11868 31
    endloop
  endfacet
  facet normal 0 0 1
    outer loop
      vertex -13.6941 -2.91076 31
      vertex -14.6722 -3.11868 31
      vertex -13.7032 -6.10105 31
    endloop
  endfacet
  facet normal 0 0 1
    outer loop
      vertex -14 0 31
      vertex -15 0 31
      vertex -14.6722 -3.11868 31
    endloop
  endfacet
  facet normal 0 0 1
    outer loop
      vertex 4.6194 1.91342 31
      vertex 4.6194 -1.91342 31
      vertex 5 0 31
    endloop
  endfacet
  facet normal 0 0 1
    outer loop
      vertex 3.53553 3.53553 31
      vertex 4.6194 -1.91342 31
      vertex 4.6194 1.91342 31
    endloop
  endfacet
  facet normal 0 0 1
    outer loop
      vertex 3.53553 3.53553 31
      vertex 3.53553 -3.53553 31
      vertex 4.6194 -1.91342 31
    endloop
  endfacet
  facet normal 0 0 1
    outer loop
      vertex 1.91342 4.6194 31
      vertex 3.53553 -3.53553 31
      vertex 3.53553 3.53553 31
    endloop
  endfacet
  facet normal 0 0 1
    outer loop
      vertex 1.91342 4.6194 31
      vertex 1.91342 -4.6194 31
      vertex 3.53553 -3.53553 31
    endloop
  endfacet
  facet normal 0 0 1
    outer loop
      vertex 0 5 31
      vertex 1.91342 -4.6194 31
      vertex 1.91342 4.6194 31
    endloop
  endfacet
  facet normal 0 0 1
    outer loop
      vertex 0 5 31
      vertex 0 -5 31
      vertex 1.91342 -4.6194 31
    endloop
  endfacet
  facet normal -0 0 1
    outer loop
      vertex -1.91342 4.6194 31
      vertex 0 -5 31
      vertex 0 5 31
    endloop
  endfacet
  facet normal 0 0 1
    outer loop
      vertex -1.91342 4.6194 31
      vertex -1.91342 -4.6194 31
      vertex 0 -5 31
    endloop
  endfacet
  facet normal -0 0 1
    outer loop
      vertex -3.53553 3.53553 31
      vertex -1.91342 -4.6194 31
      vertex -1.91342 4.6194 31
    endloop
  endfacet
  facet normal 0 0 1
    outer loop
      vertex -3.53553 3.53553 31
      vertex -3.53553 -3.53553 31
      vertex -1.91342 -4.6194 31
    endloop
  endfacet
  facet normal -0 0 1
    outer loop
      vertex -4.6194 1.91342 31
      vertex -3.53553 -3.53553 31
      vertex -3.53553 3.53553 31
    endloop
  endfacet
  facet normal 0 0 1
    outer loop
      vertex -4.6194 1.91342 31
      vertex -4.6194 -1.91342 31
      vertex -3.53553 -3.53553 31
    endloop
  endfacet
  facet normal 0 -0 1
    outer loop
      vertex -4.6194 -1.91342 31
      vertex -4.6194 1.91342 31
      vertex -5 0 31
    endloop
  endfacet
  facet normal -0.866029 0.499993 0
    outer loop
      vertex -13.7032 6.10105 28
      vertex -12.1353 8.81678 31
      vertex -12.1353 8.81678 28
    endloop
  endfacet
  facet normal -0.866029 0.499993 0
    outer loop
      vertex -12.1353 8.81678 31
      vertex -13.7032 6.10105 28
      vertex -13.7032 6.10105 31
    endloop
  endfacet
  facet normal 0.866029 -0.499993 0
    outer loop
      vertex 12.1353 -8.81678 31
      vertex 13.7032 -6.10105 28
      vertex 13.7032 -6.10105 31
    endloop
  endfacet
  facet normal 0.866029 -0.499993 0
    outer loop
      vertex 13.7032 -6.10105 28
      vertex 12.1353 -8.81678 31
      vertex 12.1353 -8.81678 28
    endloop
  endfacet
  facet normal 0 1 -0
    outer loop
      vertex 1.56793 14.9178 28
      vertex -1.56793 14.9178 31
      vertex 1.56793 14.9178 31
    endloop
  endfacet
  facet normal 0 1 0
    outer loop
      vertex -1.56793 14.9178 31
      vertex 1.56793 14.9178 28
      vertex -1.56793 14.9178 28
    endloop
  endfacet
  facet normal -0.406718 0.913554 0
    outer loop
      vertex -4.63525 14.2658 28
      vertex -7.5 12.9904 31
      vertex -4.63525 14.2658 31
    endloop
  endfacet
  facet normal -0.406718 0.913554 0
    outer loop
      vertex -7.5 12.9904 31
      vertex -4.63525 14.2658 28
      vertex -7.5 12.9904 28
    endloop
  endfacet
  facet normal -0.207918 -0.978146 0
    outer loop
      vertex -4.63525 -14.2658 28
      vertex -1.56793 -14.9178 31
      vertex -4.63525 -14.2658 31
    endloop
  endfacet
  facet normal -0.207918 -0.978146 -0
    outer loop
      vertex -1.56793 -14.9178 31
      vertex -4.63525 -14.2658 28
      vertex -1.56793 -14.9178 28
    endloop
  endfacet
  facet normal 0 -1 0
    outer loop
      vertex -1.56793 -14.9178 28
      vertex 1.56793 -14.9178 31
      vertex -1.56793 -14.9178 31
    endloop
  endfacet
  facet normal 0 -1 -0
    outer loop
      vertex 1.56793 -14.9178 31
      vertex -1.56793 -14.9178 28
      vertex 1.56793 -14.9178 28
    endloop
  endfacet
  facet normal -0.207918 0.978146 0
    outer loop
      vertex -1.56793 14.9178 28
      vertex -4.63525 14.2658 31
      vertex -1.56793 14.9178 31
    endloop
  endfacet
  facet normal -0.207918 0.978146 0
    outer loop
      vertex -4.63525 14.2658 31
      vertex -1.56793 14.9178 28
      vertex -4.63525 14.2658 28
    endloop
  endfacet
  facet normal 0.207918 -0.978146 0
    outer loop
      vertex 1.56793 -14.9178 28
      vertex 4.63525 -14.2658 31
      vertex 1.56793 -14.9178 31
    endloop
  endfacet
  facet normal 0.207918 -0.978146 0
    outer loop
      vertex 4.63525 -14.2658 31
      vertex 1.56793 -14.9178 28
      vertex 4.63525 -14.2658 28
    endloop
  endfacet
  facet normal 0.743148 -0.669127 0
    outer loop
      vertex 10.037 -11.1472 31
      vertex 12.1353 -8.81678 28
      vertex 12.1353 -8.81678 31
    endloop
  endfacet
  facet normal 0.743148 -0.669127 0
    outer loop
      vertex 12.1353 -8.81678 28
      vertex 10.037 -11.1472 31
      vertex 10.037 -11.1472 28
    endloop
  endfacet
  facet normal 0.406718 -0.913554 0
    outer loop
      vertex 4.63525 -14.2658 28
      vertex 7.5 -12.9904 31
      vertex 4.63525 -14.2658 31
    endloop
  endfacet
  facet normal 0.406718 -0.913554 0
    outer loop
      vertex 7.5 -12.9904 31
      vertex 4.63525 -14.2658 28
      vertex 7.5 -12.9904 28
    endloop
  endfacet
  facet normal -0.587777 -0.809023 0
    outer loop
      vertex -10.037 -11.1472 28
      vertex -7.5 -12.9904 31
      vertex -10.037 -11.1472 31
    endloop
  endfacet
  facet normal -0.587777 -0.809023 -0
    outer loop
      vertex -7.5 -12.9904 31
      vertex -10.037 -11.1472 28
      vertex -7.5 -12.9904 28
    endloop
  endfacet
  facet normal -0.994521 0.104533 0
    outer loop
      vertex -15 0 28
      vertex -14.6722 3.11868 31
      vertex -14.6722 3.11868 28
    endloop
  endfacet
  facet normal -0.994521 0.104533 0
    outer loop
      vertex -14.6722 3.11868 31
      vertex -15 0 28
      vertex -15 0 31
    endloop
  endfacet
  facet normal 0.207918 0.978146 -0
    outer loop
      vertex 4.63525 14.2658 28
      vertex 1.56793 14.9178 31
      vertex 4.63525 14.2658 31
    endloop
  endfacet
  facet normal 0.207918 0.978146 0
    outer loop
      vertex 1.56793 14.9178 31
      vertex 4.63525 14.2658 28
      vertex 1.56793 14.9178 28
    endloop
  endfacet
  facet normal -0.866029 -0.499993 0
    outer loop
      vertex -12.1353 -8.81678 28
      vertex -13.7032 -6.10105 31
      vertex -13.7032 -6.10105 28
    endloop
  endfacet
  facet normal -0.866029 -0.499993 0
    outer loop
      vertex -13.7032 -6.10105 31
      vertex -12.1353 -8.81678 28
      vertex -12.1353 -8.81678 31
    endloop
  endfacet
  facet normal 0.406718 0.913554 -0
    outer loop
      vertex 7.5 12.9904 28
      vertex 4.63525 14.2658 31
      vertex 7.5 12.9904 31
    endloop
  endfacet
  facet normal 0.406718 0.913554 0
    outer loop
      vertex 4.63525 14.2658 31
      vertex 7.5 12.9904 28
      vertex 4.63525 14.2658 28
    endloop
  endfacet
  facet normal -0.994521 -0.104533 0
    outer loop
      vertex -14.6722 -3.11868 28
      vertex -15 0 31
      vertex -15 0 28
    endloop
  endfacet
  facet normal -0.994521 -0.104533 0
    outer loop
      vertex -15 0 31
      vertex -14.6722 -3.11868 28
      vertex -14.6722 -3.11868 31
    endloop
  endfacet
  facet normal -0.743148 -0.669127 0
    outer loop
      vertex -10.037 -11.1472 28
      vertex -12.1353 -8.81678 31
      vertex -12.1353 -8.81678 28
    endloop
  endfacet
  facet normal -0.743148 -0.669127 0
    outer loop
      vertex -12.1353 -8.81678 31
      vertex -10.037 -11.1472 28
      vertex -10.037 -11.1472 31
    endloop
  endfacet
  facet normal 0 0 -1
    outer loop
      vertex 14.6722 -3.11868 28
      vertex 14.6722 3.11868 28
      vertex 15 0 28
    endloop
  endfacet
  facet normal 0 0 -1
    outer loop
      vertex 13.7032 -6.10105 28
      vertex 14.6722 3.11868 28
      vertex 14.6722 -3.11868 28
    endloop
  endfacet
  facet normal 0 0 -1
    outer loop
      vertex 13.7032 -6.10105 28
      vertex 13.7032 6.10105 28
      vertex 14.6722 3.11868 28
    endloop
  endfacet
  facet normal 0 0 -1
    outer loop
      vertex 12.1353 -8.81678 28
      vertex 13.7032 6.10105 28
      vertex 13.7032 -6.10105 28
    endloop
  endfacet
  facet normal 0 0 -1
    outer loop
      vertex 12.1353 -8.81678 28
      vertex 12.1353 8.81678 28
      vertex 13.7032 6.10105 28
    endloop
  endfacet
  facet normal 0 0 -1
    outer loop
      vertex 10.037 -11.1472 28
      vertex 12.1353 8.81678 28
      vertex 12.1353 -8.81678 28
    endloop
  endfacet
  facet normal 0 0 -1
    outer loop
      vertex 10.037 -11.1472 28
      vertex 10.037 11.1472 28
      vertex 12.1353 8.81678 28
    endloop
  endfacet
  facet normal 0 0 -1
    outer loop
      vertex 7.5 -12.9904 28
      vertex 10.037 11.1472 28
      vertex 10.037 -11.1472 28
    endloop
  endfacet
  facet normal 0 0 -1
    outer loop
      vertex 7.5 -12.9904 28
      vertex 7.5 12.9904 28
      vertex 10.037 11.1472 28
    endloop
  endfacet
  facet normal 0 0 -1
    outer loop
      vertex 4.63525 -14.2658 28
      vertex 7.5 12.9904 28
      vertex 7.5 -12.9904 28
    endloop
  endfacet
  facet normal 0 0 -1
    outer loop
      vertex 4.63525 -14.2658 28
      vertex 4.63525 14.2658 28
      vertex 7.5 12.9904 28
    endloop
  endfacet
  facet normal 0 0 -1
    outer loop
      vertex 1.56793 -14.9178 28
      vertex 4.63525 14.2658 28
      vertex 4.63525 -14.2658 28
    endloop
  endfacet
  facet normal 0 0 -1
    outer loop
      vertex 1.56793 -14.9178 28
      vertex 1.56793 14.9178 28
      vertex 4.63525 14.2658 28
    endloop
  endfacet
  facet normal 0 0 -1
    outer loop
      vertex -1.56793 -14.9178 28
      vertex 1.56793 14.9178 28
      vertex 1.56793 -14.9178 28
    endloop
  endfacet
  facet normal 0 0 -1
    outer loop
      vertex -1.56793 -14.9178 28
      vertex -1.56793 14.9178 28
      vertex 1.56793 14.9178 28
    endloop
  endfacet
  facet normal 0 0 -1
    outer loop
      vertex -4.63525 -14.2658 28
      vertex -1.56793 14.9178 28
      vertex -1.56793 -14.9178 28
    endloop
  endfacet
  facet normal 0 0 -1
    outer loop
      vertex -4.63525 -14.2658 28
      vertex -4.63525 14.2658 28
      vertex -1.56793 14.9178 28
    endloop
  endfacet
  facet normal 0 0 -1
    outer loop
      vertex -7.5 -12.9904 28
      vertex -4.63525 14.2658 28
      vertex -4.63525 -14.2658 28
    endloop
  endfacet
  facet normal 0 0 -1
    outer loop
      vertex -7.5 -12.9904 28
      vertex -7.5 12.9904 28
      vertex -4.63525 14.2658 28
    endloop
  endfacet
  facet normal 0 0 -1
    outer loop
      vertex -10.037 -11.1472 28
      vertex -7.5 12.9904 28
      vertex -7.5 -12.9904 28
    endloop
  endfacet
  facet normal 0 0 -1
    outer loop
      vertex -10.037 -11.1472 28
      vertex -10.037 11.1472 28
      vertex -7.5 12.9904 28
    endloop
  endfacet
  facet normal 0 0 -1
    outer loop
      vertex -12.1353 -8.81678 28
      vertex -10.037 11.1472 28
      vertex -10.037 -11.1472 28
    endloop
  endfacet
  facet normal 0 0 -1
    outer loop
      vertex -12.1353 -8.81678 28
      vertex -12.1353 8.81678 28
      vertex -10.037 11.1472 28
    endloop
  endfacet
  facet normal 0 0 -1
    outer loop
      vertex -13.7032 -6.10105 28
      vertex -12.1353 8.81678 28
      vertex -12.1353 -8.81678 28
    endloop
  endfacet
  facet normal 0 0 -1
    outer loop
      vertex -13.7032 -6.10105 28
      vertex -13.7032 6.10105 28
      vertex -12.1353 8.81678 28
    endloop
  endfacet
  facet normal 0 0 -1
    outer loop
      vertex -14.6722 -3.11868 28
      vertex -13.7032 6.10105 28
      vertex -13.7032 -6.10105 28
    endloop
  endfacet
  facet normal 0 0 -1
    outer loop
      vertex -14.6722 -3.11868 28
      vertex -14.6722 3.11868 28
      vertex -13.7032 6.10105 28
    endloop
  endfacet
  facet normal 0 -0 -1
    outer loop
      vertex -14.6722 3.11868 28
      vertex -14.6722 -3.11868 28
      vertex -15 0 28
    endloop
  endfacet
  facet normal -0.406718 -0.913554 0
    outer loop
      vertex -7.5 -12.9904 28
      vertex -4.63525 -14.2658 31
      vertex -7.5 -12.9904 31
    endloop
  endfacet
  facet normal -0.406718 -0.913554 -0
    outer loop
      vertex -4.63525 -14.2658 31
      vertex -7.5 -12.9904 28
      vertex -4.63525 -14.2658 28
    endloop
  endfacet
  facet normal 0.95105 0.309039 0
    outer loop
      vertex 13.6941 2.91076 32
      vertex 12.7896 5.69431 31
      vertex 12.7896 5.69431 32
    endloop
  endfacet
  facet normal 0.95105 0.309039 0
    outer loop
      vertex 12.7896 5.69431 31
      vertex 13.6941 2.91076 32
      vertex 13.6941 2.91076 31
    endloop
  endfacet
  facet normal 0.994523 0.104517 0
    outer loop
      vertex 14 0 32
      vertex 13.6941 2.91076 31
      vertex 13.6941 2.91076 32
    endloop
  endfacet
  facet normal 0.994523 0.104517 0
    outer loop
      vertex 13.6941 2.91076 31
      vertex 14 0 32
      vertex 14 0 31
    endloop
  endfacet
  facet normal 0.866025 0.5 0
    outer loop
      vertex 12.7896 5.69431 32
      vertex 11.3262 8.22899 31
      vertex 11.3262 8.22899 32
    endloop
  endfacet
  facet normal 0.866025 0.5 0
    outer loop
      vertex 11.3262 8.22899 31
      vertex 12.7896 5.69431 32
      vertex 12.7896 5.69431 31
    endloop
  endfacet
  facet normal 0.406727 0.91355 -0
    outer loop
      vertex 7 12.1244 31
      vertex 4.32624 13.3148 32
      vertex 7 12.1244 32
    endloop
  endfacet
  facet normal 0.406727 0.91355 0
    outer loop
      vertex 4.32624 13.3148 32
      vertex 7 12.1244 31
      vertex 4.32624 13.3148 31
    endloop
  endfacet
  facet normal 0.994523 -0.104517 0
    outer loop
      vertex 13.6941 -2.91076 32
      vertex 14 0 31
      vertex 14 0 32
    endloop
  endfacet
  facet normal 0.994523 -0.104517 0
    outer loop
      vertex 14 0 31
      vertex 13.6941 -2.91076 32
      vertex 13.6941 -2.91076 31
    endloop
  endfacet
  facet normal -0.95105 -0.309039 0
    outer loop
      vertex -12.7896 -5.69431 31
      vertex -13.6941 -2.91076 32
      vertex -13.6941 -2.91076 31
    endloop
  endfacet
  facet normal -0.95105 -0.309039 0
    outer loop
      vertex -13.6941 -2.91076 32
      vertex -12.7896 -5.69431 31
      vertex -12.7896 -5.69431 32
    endloop
  endfacet
  facet normal -0.95105 0.309039 0
    outer loop
      vertex -13.6941 2.91076 31
      vertex -12.7896 5.69431 32
      vertex -12.7896 5.69431 31
    endloop
  endfacet
  facet normal -0.95105 0.309039 0
    outer loop
      vertex -12.7896 5.69431 32
      vertex -13.6941 2.91076 31
      vertex -13.6941 2.91076 32
    endloop
  endfacet
  facet normal 0.587801 0.809005 -0
    outer loop
      vertex 9.36783 10.404 31
      vertex 7 12.1244 32
      vertex 9.36783 10.404 32
    endloop
  endfacet
  facet normal 0.587801 0.809005 0
    outer loop
      vertex 7 12.1244 32
      vertex 9.36783 10.404 31
      vertex 7 12.1244 31
    endloop
  endfacet
  facet normal -0.743148 -0.669127 0
    outer loop
      vertex -9.36783 -10.404 31
      vertex -11.3262 -8.22899 32
      vertex -11.3262 -8.22899 31
    endloop
  endfacet
  facet normal -0.743148 -0.669127 0
    outer loop
      vertex -11.3262 -8.22899 32
      vertex -9.36783 -10.404 31
      vertex -9.36783 -10.404 32
    endloop
  endfacet
  facet normal -0.994523 -0.104517 0
    outer loop
      vertex -13.6941 -2.91076 31
      vertex -14 0 32
      vertex -14 0 31
    endloop
  endfacet
  facet normal -0.994523 -0.104517 0
    outer loop
      vertex -14 0 32
      vertex -13.6941 -2.91076 31
      vertex -13.6941 -2.91076 32
    endloop
  endfacet
  facet normal 0.743148 -0.669127 0
    outer loop
      vertex 9.36783 -10.404 32
      vertex 11.3262 -8.22899 31
      vertex 11.3262 -8.22899 32
    endloop
  endfacet
  facet normal 0.743148 -0.669127 0
    outer loop
      vertex 11.3262 -8.22899 31
      vertex 9.36783 -10.404 32
      vertex 9.36783 -10.404 31
    endloop
  endfacet
  facet normal -0.866025 -0.5 0
    outer loop
      vertex -11.3262 -8.22899 31
      vertex -12.7896 -5.69431 32
      vertex -12.7896 -5.69431 31
    endloop
  endfacet
  facet normal -0.866025 -0.5 0
    outer loop
      vertex -12.7896 -5.69431 32
      vertex -11.3262 -8.22899 31
      vertex -11.3262 -8.22899 32
    endloop
  endfacet
  facet normal 0.95105 -0.309039 0
    outer loop
      vertex 12.7896 -5.69431 32
      vertex 13.6941 -2.91076 31
      vertex 13.6941 -2.91076 32
    endloop
  endfacet
  facet normal 0.95105 -0.309039 0
    outer loop
      vertex 13.6941 -2.91076 31
      vertex 12.7896 -5.69431 32
      vertex 12.7896 -5.69431 31
    endloop
  endfacet
  facet normal 0 1 -0
    outer loop
      vertex 1.4634 13.9233 31
      vertex -1.4634 13.9233 32
      vertex 1.4634 13.9233 32
    endloop
  endfacet
  facet normal 0 1 0
    outer loop
      vertex -1.4634 13.9233 32
      vertex 1.4634 13.9233 31
      vertex -1.4634 13.9233 31
    endloop
  endfacet
  facet normal -0.587801 0.809005 0
    outer loop
      vertex -7 12.1244 31
      vertex -9.36783 10.404 32
      vertex -7 12.1244 32
    endloop
  endfacet
  facet normal -0.587801 0.809005 0
    outer loop
      vertex -9.36783 10.404 32
      vertex -7 12.1244 31
      vertex -9.36783 10.404 31
    endloop
  endfacet
  facet normal 0.866025 -0.5 0
    outer loop
      vertex 11.3262 -8.22899 32
      vertex 12.7896 -5.69431 31
      vertex 12.7896 -5.69431 32
    endloop
  endfacet
  facet normal 0.866025 -0.5 0
    outer loop
      vertex 12.7896 -5.69431 31
      vertex 11.3262 -8.22899 32
      vertex 11.3262 -8.22899 31
    endloop
  endfacet
  facet normal -0.406727 0.91355 0
    outer loop
      vertex -4.32624 13.3148 31
      vertex -7 12.1244 32
      vertex -4.32624 13.3148 32
    endloop
  endfacet
  facet normal -0.406727 0.91355 0
    outer loop
      vertex -7 12.1244 32
      vertex -4.32624 13.3148 31
      vertex -7 12.1244 31
    endloop
  endfacet
  facet normal 0 0 1
    outer loop
      vertex -11.3262 -8.22899 32
      vertex -3.53553 -3.53553 32
      vertex -8.78647 -0.881678 32
    endloop
  endfacet
  facet normal 0 0 1
    outer loop
      vertex -3.53553 -3.53553 32
      vertex -9.36783 -10.404 32
      vertex -7 -12.1244 32
    endloop
  endfacet
  facet normal 0 0 1
    outer loop
      vertex -11.3262 -8.22899 32
      vertex -8.78647 -0.881678 32
      vertex -10.4635 -1.42658 32
    endloop
  endfacet
  facet normal 0 0 1
    outer loop
      vertex -3.53553 -3.53553 32
      vertex -11.3262 -8.22899 32
      vertex -9.36783 -10.404 32
    endloop
  endfacet
  facet normal 0 0 1
    outer loop
      vertex -13.6941 -2.91076 32
      vertex -10.4635 -1.42658 32
      vertex -11.5 0 32
    endloop
  endfacet
  facet normal 0 0 1
    outer loop
      vertex -10.4635 1.42658 32
      vertex -13.6941 2.91076 32
      vertex -11.5 0 32
    endloop
  endfacet
  facet normal 0 0 1
    outer loop
      vertex -10.4635 -1.42658 32
      vertex -12.7896 -5.69431 32
      vertex -11.3262 -8.22899 32
    endloop
  endfacet
  facet normal 0 0 1
    outer loop
      vertex -14 0 32
      vertex -11.5 0 32
      vertex -13.6941 2.91076 32
    endloop
  endfacet
  facet normal 0 0 1
    outer loop
      vertex -10.4635 -1.42658 32
      vertex -13.6941 -2.91076 32
      vertex -12.7896 -5.69431 32
    endloop
  endfacet
  facet normal 0 0 1
    outer loop
      vertex -11.5 0 32
      vertex -14 0 32
      vertex -13.6941 -2.91076 32
    endloop
  endfacet
  facet normal 0 0 1
    outer loop
      vertex 1.4634 13.9233 32
      vertex 0 11.5 32
      vertex 1.42658 10.4635 32
    endloop
  endfacet
  facet normal -0 0 1
    outer loop
      vertex -1.4634 13.9233 32
      vertex 0 11.5 32
      vertex 1.4634 13.9233 32
    endloop
  endfacet
  facet normal 0 0 1
    outer loop
      vertex 0 11.5 32
      vertex -1.4634 13.9233 32
      vertex -1.42658 10.4635 32
    endloop
  endfacet
  facet normal 0 0 1
    outer loop
      vertex 11.3262 -8.22899 32
      vertex 3.53553 -3.53553 32
      vertex 9.36783 -10.404 32
    endloop
  endfacet
  facet normal 0 0 1
    outer loop
      vertex 9.36783 -10.404 32
      vertex 3.53553 -3.53553 32
      vertex 7 -12.1244 32
    endloop
  endfacet
  facet normal -0 0 1
    outer loop
      vertex 0.881678 -8.78647 32
      vertex 7 -12.1244 32
      vertex 3.53553 -3.53553 32
    endloop
  endfacet
  facet normal 0 0 1
    outer loop
      vertex 0.881678 -8.78647 32
      vertex 3.53553 -3.53553 32
      vertex 1.91342 -4.6194 32
    endloop
  endfacet
  facet normal 0 0 1
    outer loop
      vertex 7 -12.1244 32
      vertex 1.42658 -10.4635 32
      vertex 4.32624 -13.3148 32
    endloop
  endfacet
  facet normal 0 0 1
    outer loop
      vertex 4.32624 -13.3148 32
      vertex 1.42658 -10.4635 32
      vertex 1.4634 -13.9233 32
    endloop
  endfacet
  facet normal 0 0 1
    outer loop
      vertex 7 -12.1244 32
      vertex 0.881678 -8.78647 32
      vertex 1.42658 -10.4635 32
    endloop
  endfacet
  facet normal -0 0 1
    outer loop
      vertex 0 -5 32
      vertex 0.881678 -8.78647 32
      vertex 1.91342 -4.6194 32
    endloop
  endfacet
  facet normal 0 0 1
    outer loop
      vertex 0 -5 32
      vertex -0.881678 -8.78647 32
      vertex 0.881678 -8.78647 32
    endloop
  endfacet
  facet normal 0 0 1
    outer loop
      vertex -1.91342 -4.6194 32
      vertex -0.881678 -8.78647 32
      vertex 0 -5 32
    endloop
  endfacet
  facet normal 0 0 1
    outer loop
      vertex -3.53553 -3.53553 32
      vertex -0.881678 -8.78647 32
      vertex -1.91342 -4.6194 32
    endloop
  endfacet
  facet normal 0 0 1
    outer loop
      vertex -0.881678 -8.78647 32
      vertex -7 -12.1244 32
      vertex -1.42658 -10.4635 32
    endloop
  endfacet
  facet normal 0 0 1
    outer loop
      vertex -0.881678 -8.78647 32
      vertex -3.53553 -3.53553 32
      vertex -7 -12.1244 32
    endloop
  endfacet
  facet normal 0 0 1
    outer loop
      vertex -1.42658 -10.4635 32
      vertex -4.32624 -13.3148 32
      vertex -1.4634 -13.9233 32
    endloop
  endfacet
  facet normal 0 0 1
    outer loop
      vertex -8.78647 -0.881678 32
      vertex -3.53553 -3.53553 32
      vertex -4.6194 -1.91342 32
    endloop
  endfacet
  facet normal 0 0 1
    outer loop
      vertex -8.78647 -0.881678 32
      vertex -5 0 32
      vertex -8.78647 0.881678 32
    endloop
  endfacet
  facet normal 0 -0 1
    outer loop
      vertex -8.78647 0.881678 32
      vertex -3.53553 3.53553 32
      vertex -11.3262 8.22899 32
    endloop
  endfacet
  facet normal 0 0 1
    outer loop
      vertex -5 0 32
      vertex -8.78647 -0.881678 32
      vertex -4.6194 -1.91342 32
    endloop
  endfacet
  facet normal 0 0 1
    outer loop
      vertex -1.42658 -10.4635 32
      vertex -7 -12.1244 32
      vertex -4.32624 -13.3148 32
    endloop
  endfacet
  facet normal 0 0 1
    outer loop
      vertex -4.6194 1.91342 32
      vertex -8.78647 0.881678 32
      vertex -5 0 32
    endloop
  endfacet
  facet normal 0 0 1
    outer loop
      vertex -3.53553 3.53553 32
      vertex -8.78647 0.881678 32
      vertex -4.6194 1.91342 32
    endloop
  endfacet
  facet normal 0 0 1
    outer loop
      vertex -8.78647 0.881678 32
      vertex -11.3262 8.22899 32
      vertex -10.4635 1.42658 32
    endloop
  endfacet
  facet normal -0 0 1
    outer loop
      vertex -12.7896 5.69431 32
      vertex -10.4635 1.42658 32
      vertex -11.3262 8.22899 32
    endloop
  endfacet
  facet normal -0 0 1
    outer loop
      vertex -13.6941 2.91076 32
      vertex -10.4635 1.42658 32
      vertex -12.7896 5.69431 32
    endloop
  endfacet
  facet normal -0 0 1
    outer loop
      vertex 0 -11.5 32
      vertex 1.4634 -13.9233 32
      vertex 1.42658 -10.4635 32
    endloop
  endfacet
  facet normal 0 0 1
    outer loop
      vertex -1.4634 -13.9233 32
      vertex 0 -11.5 32
      vertex -1.42658 -10.4635 32
    endloop
  endfacet
  facet normal 0 0 1
    outer loop
      vertex 0 -11.5 32
      vertex -1.4634 -13.9233 32
      vertex 1.4634 -13.9233 32
    endloop
  endfacet
  facet normal 0 0 1
    outer loop
      vertex 11.5 0 32
      vertex 14 0 32
      vertex 13.6941 2.91076 32
    endloop
  endfacet
  facet normal 0 0 1
    outer loop
      vertex 10.4635 1.42658 32
      vertex 13.6941 2.91076 32
      vertex 12.7896 5.69431 32
    endloop
  endfacet
  facet normal 0 0 1
    outer loop
      vertex 14 0 32
      vertex 11.5 0 32
      vertex 13.6941 -2.91076 32
    endloop
  endfacet
  facet normal -0 0 1
    outer loop
      vertex 10.4635 -1.42658 32
      vertex 13.6941 -2.91076 32
      vertex 11.5 0 32
    endloop
  endfacet
  facet normal 0 0 1
    outer loop
      vertex 10.4635 1.42658 32
      vertex 12.7896 5.69431 32
      vertex 11.3262 8.22899 32
    endloop
  endfacet
  facet normal 0 0 1
    outer loop
      vertex 13.6941 2.91076 32
      vertex 10.4635 1.42658 32
      vertex 11.5 0 32
    endloop
  endfacet
  facet normal 0 0 1
    outer loop
      vertex 3.53553 3.53553 32
      vertex 11.3262 8.22899 32
      vertex 9.36783 10.404 32
    endloop
  endfacet
  facet normal 0 0 1
    outer loop
      vertex 11.3262 8.22899 32
      vertex 8.78647 0.881678 32
      vertex 10.4635 1.42658 32
    endloop
  endfacet
  facet normal 0 0 1
    outer loop
      vertex 11.3262 8.22899 32
      vertex 3.53553 3.53553 32
      vertex 8.78647 0.881678 32
    endloop
  endfacet
  facet normal 0 0 1
    outer loop
      vertex 3.53553 3.53553 32
      vertex 9.36783 10.404 32
      vertex 7 12.1244 32
    endloop
  endfacet
  facet normal 0 0 1
    outer loop
      vertex 13.6941 -2.91076 32
      vertex 10.4635 -1.42658 32
      vertex 12.7896 -5.69431 32
    endloop
  endfacet
  facet normal 0 0 1
    outer loop
      vertex 12.7896 -5.69431 32
      vertex 10.4635 -1.42658 32
      vertex 11.3262 -8.22899 32
    endloop
  endfacet
  facet normal 0 0 1
    outer loop
      vertex 8.78647 -0.881678 32
      vertex 11.3262 -8.22899 32
      vertex 10.4635 -1.42658 32
    endloop
  endfacet
  facet normal 0 0 1
    outer loop
      vertex 3.53553 -3.53553 32
      vertex 8.78647 -0.881678 32
      vertex 4.6194 -1.91342 32
    endloop
  endfacet
  facet normal 0 -0 1
    outer loop
      vertex 5 0 32
      vertex 8.78647 0.881678 32
      vertex 4.6194 1.91342 32
    endloop
  endfacet
  facet normal 0 0 1
    outer loop
      vertex 4.6194 -1.91342 32
      vertex 8.78647 -0.881678 32
      vertex 5 0 32
    endloop
  endfacet
  facet normal 0 0 1
    outer loop
      vertex 8.78647 -0.881678 32
      vertex 3.53553 -3.53553 32
      vertex 11.3262 -8.22899 32
    endloop
  endfacet
  facet normal 0 0 1
    outer loop
      vertex 8.78647 0.881678 32
      vertex 5 0 32
      vertex 8.78647 -0.881678 32
    endloop
  endfacet
  facet normal 0 0 1
    outer loop
      vertex 1.42658 10.4635 32
      vertex 7 12.1244 32
      vertex 4.32624 13.3148 32
    endloop
  endfacet
  facet normal 0 0 1
    outer loop
      vertex 8.78647 0.881678 32
      vertex 3.53553 3.53553 32
      vertex 4.6194 1.91342 32
    endloop
  endfacet
  facet normal 0 0 1
    outer loop
      vertex 0.881678 8.78647 32
      vertex 7 12.1244 32
      vertex 1.42658 10.4635 32
    endloop
  endfacet
  facet normal 0 0 1
    outer loop
      vertex 1.42658 10.4635 32
      vertex 4.32624 13.3148 32
      vertex 1.4634 13.9233 32
    endloop
  endfacet
  facet normal 0 0 1
    outer loop
      vertex 7 12.1244 32
      vertex 0.881678 8.78647 32
      vertex 3.53553 3.53553 32
    endloop
  endfacet
  facet normal 0 0 1
    outer loop
      vertex 3.53553 3.53553 32
      vertex 0.881678 8.78647 32
      vertex 1.91342 4.6194 32
    endloop
  endfacet
  facet normal 0 0 1
    outer loop
      vertex 0.881678 8.78647 32
      vertex 0 5 32
      vertex 1.91342 4.6194 32
    endloop
  endfacet
  facet normal -0 0 1
    outer loop
      vertex -0.881678 8.78647 32
      vertex 0 5 32
      vertex 0.881678 8.78647 32
    endloop
  endfacet
  facet normal 0 0 1
    outer loop
      vertex -7 12.1244 32
      vertex -0.881678 8.78647 32
      vertex -1.42658 10.4635 32
    endloop
  endfacet
  facet normal 0 0 1
    outer loop
      vertex -0.881678 8.78647 32
      vertex -1.91342 4.6194 32
      vertex 0 5 32
    endloop
  endfacet
  facet normal -0 0 1
    outer loop
      vertex -4.32624 13.3148 32
      vertex -1.42658 10.4635 32
      vertex -1.4634 13.9233 32
    endloop
  endfacet
  facet normal -0 0 1
    outer loop
      vertex -7 12.1244 32
      vertex -1.42658 10.4635 32
      vertex -4.32624 13.3148 32
    endloop
  endfacet
  facet normal 0 -0 1
    outer loop
      vertex -3.53553 3.53553 32
      vertex -0.881678 8.78647 32
      vertex -7 12.1244 32
    endloop
  endfacet
  facet normal 0 0 1
    outer loop
      vertex -0.881678 8.78647 32
      vertex -3.53553 3.53553 32
      vertex -1.91342 4.6194 32
    endloop
  endfacet
  facet normal -0 0 1
    outer loop
      vertex -9.36783 10.404 32
      vertex -3.53553 3.53553 32
      vertex -7 12.1244 32
    endloop
  endfacet
  facet normal -0 0 1
    outer loop
      vertex -11.3262 8.22899 32
      vertex -3.53553 3.53553 32
      vertex -9.36783 10.404 32
    endloop
  endfacet
  facet normal -0.994523 0.104517 0
    outer loop
      vertex -14 0 31
      vertex -13.6941 2.91076 32
      vertex -13.6941 2.91076 31
    endloop
  endfacet
  facet normal -0.994523 0.104517 0
    outer loop
      vertex -13.6941 2.91076 32
      vertex -14 0 31
      vertex -14 0 32
    endloop
  endfacet
  facet normal -0.743148 0.669127 0
    outer loop
      vertex -11.3262 8.22899 31
      vertex -9.36783 10.404 32
      vertex -9.36783 10.404 31
    endloop
  endfacet
  facet normal -0.743148 0.669127 0
    outer loop
      vertex -9.36783 10.404 32
      vertex -11.3262 8.22899 31
      vertex -11.3262 8.22899 32
    endloop
  endfacet
  facet normal 0.207907 0.978149 -0
    outer loop
      vertex 4.32624 13.3148 31
      vertex 1.4634 13.9233 32
      vertex 4.32624 13.3148 32
    endloop
  endfacet
  facet normal 0.207907 0.978149 0
    outer loop
      vertex 1.4634 13.9233 32
      vertex 4.32624 13.3148 31
      vertex 1.4634 13.9233 31
    endloop
  endfacet
  facet normal 0.743148 0.669127 0
    outer loop
      vertex 11.3262 8.22899 32
      vertex 9.36783 10.404 31
      vertex 9.36783 10.404 32
    endloop
  endfacet
  facet normal 0.743148 0.669127 0
    outer loop
      vertex 9.36783 10.404 31
      vertex 11.3262 8.22899 32
      vertex 11.3262 8.22899 31
    endloop
  endfacet
  facet normal -0.207907 0.978149 0
    outer loop
      vertex -1.4634 13.9233 31
      vertex -4.32624 13.3148 32
      vertex -1.4634 13.9233 32
    endloop
  endfacet
  facet normal -0.207907 0.978149 0
    outer loop
      vertex -4.32624 13.3148 32
      vertex -1.4634 13.9233 31
      vertex -4.32624 13.3148 31
    endloop
  endfacet
  facet normal -0.406727 -0.91355 0
    outer loop
      vertex -7 -12.1244 31
      vertex -4.32624 -13.3148 32
      vertex -7 -12.1244 32
    endloop
  endfacet
  facet normal -0.406727 -0.91355 -0
    outer loop
      vertex -4.32624 -13.3148 32
      vertex -7 -12.1244 31
      vertex -4.32624 -13.3148 31
    endloop
  endfacet
  facet normal -0.866025 0.5 0
    outer loop
      vertex -12.7896 5.69431 31
      vertex -11.3262 8.22899 32
      vertex -11.3262 8.22899 31
    endloop
  endfacet
  facet normal -0.866025 0.5 0
    outer loop
      vertex -11.3262 8.22899 32
      vertex -12.7896 5.69431 31
      vertex -12.7896 5.69431 32
    endloop
  endfacet
  facet normal 0 -1 0
    outer loop
      vertex -1.4634 -13.9233 31
      vertex 1.4634 -13.9233 32
      vertex -1.4634 -13.9233 32
    endloop
  endfacet
  facet normal 0 -1 -0
    outer loop
      vertex 1.4634 -13.9233 32
      vertex -1.4634 -13.9233 31
      vertex 1.4634 -13.9233 31
    endloop
  endfacet
  facet normal 0.587801 -0.809005 0
    outer loop
      vertex 7 -12.1244 31
      vertex 9.36783 -10.404 32
      vertex 7 -12.1244 32
    endloop
  endfacet
  facet normal 0.587801 -0.809005 0
    outer loop
      vertex 9.36783 -10.404 32
      vertex 7 -12.1244 31
      vertex 9.36783 -10.404 31
    endloop
  endfacet
  facet normal 0.207907 -0.978149 0
    outer loop
      vertex 1.4634 -13.9233 31
      vertex 4.32624 -13.3148 32
      vertex 1.4634 -13.9233 32
    endloop
  endfacet
  facet normal 0.207907 -0.978149 0
    outer loop
      vertex 4.32624 -13.3148 32
      vertex 1.4634 -13.9233 31
      vertex 4.32624 -13.3148 31
    endloop
  endfacet
  facet normal -0.207907 -0.978149 0
    outer loop
      vertex -4.32624 -13.3148 31
      vertex -1.4634 -13.9233 32
      vertex -4.32624 -13.3148 32
    endloop
  endfacet
  facet normal -0.207907 -0.978149 -0
    outer loop
      vertex -1.4634 -13.9233 32
      vertex -4.32624 -13.3148 31
      vertex -1.4634 -13.9233 31
    endloop
  endfacet
  facet normal 0.406727 -0.91355 0
    outer loop
      vertex 4.32624 -13.3148 31
      vertex 7 -12.1244 32
      vertex 4.32624 -13.3148 32
    endloop
  endfacet
  facet normal 0.406727 -0.91355 0
    outer loop
      vertex 7 -12.1244 32
      vertex 4.32624 -13.3148 31
      vertex 7 -12.1244 31
    endloop
  endfacet
  facet normal -0.587801 -0.809005 0
    outer loop
      vertex -9.36783 -10.404 31
      vertex -7 -12.1244 32
      vertex -9.36783 -10.404 32
    endloop
  endfacet
  facet normal -0.587801 -0.809005 -0
    outer loop
      vertex -7 -12.1244 32
      vertex -9.36783 -10.404 31
      vertex -7 -12.1244 31
    endloop
  endfacet
  facet normal 0.555574 -0.831467 0
    outer loop
      vertex -3.53553 3.53553 31
      vertex -1.91342 4.6194 32
      vertex -3.53553 3.53553 32
    endloop
  endfacet
  facet normal 0.555574 -0.831467 0
    outer loop
      vertex -1.91342 4.6194 32
      vertex -3.53553 3.53553 31
      vertex -1.91342 4.6194 31
    endloop
  endfacet
  facet normal -0.831467 -0.555574 0
    outer loop
      vertex 4.6194 1.91342 31
      vertex 3.53553 3.53553 32
      vertex 3.53553 3.53553 31
    endloop
  endfacet
  facet normal -0.831467 -0.555574 0
    outer loop
      vertex 3.53553 3.53553 32
      vertex 4.6194 1.91342 31
      vertex 4.6194 1.91342 32
    endloop
  endfacet
  facet normal -0.980786 -0.195089 0
    outer loop
      vertex 5 0 31
      vertex 4.6194 1.91342 32
      vertex 4.6194 1.91342 31
    endloop
  endfacet
  facet normal -0.980786 -0.195089 0
    outer loop
      vertex 4.6194 1.91342 32
      vertex 5 0 31
      vertex 5 0 32
    endloop
  endfacet
  facet normal 0.831467 -0.555574 0
    outer loop
      vertex -4.6194 1.91342 32
      vertex -3.53553 3.53553 31
      vertex -3.53553 3.53553 32
    endloop
  endfacet
  facet normal 0.831467 -0.555574 0
    outer loop
      vertex -3.53553 3.53553 31
      vertex -4.6194 1.91342 32
      vertex -4.6194 1.91342 31
    endloop
  endfacet
  facet normal 0.195089 0.980786 -0
    outer loop
      vertex 0 -5 31
      vertex -1.91342 -4.6194 32
      vertex 0 -5 32
    endloop
  endfacet
  facet normal 0.195089 0.980786 0
    outer loop
      vertex -1.91342 -4.6194 32
      vertex 0 -5 31
      vertex -1.91342 -4.6194 31
    endloop
  endfacet
  facet normal -0.195089 0.980786 0
    outer loop
      vertex 1.91342 -4.6194 31
      vertex 0 -5 32
      vertex 1.91342 -4.6194 32
    endloop
  endfacet
  facet normal -0.195089 0.980786 0
    outer loop
      vertex 0 -5 32
      vertex 1.91342 -4.6194 31
      vertex 0 -5 31
    endloop
  endfacet
  facet normal -0.555574 0.831467 0
    outer loop
      vertex 3.53553 -3.53553 31
      vertex 1.91342 -4.6194 32
      vertex 3.53553 -3.53553 32
    endloop
  endfacet
  facet normal -0.555574 0.831467 0
    outer loop
      vertex 1.91342 -4.6194 32
      vertex 3.53553 -3.53553 31
      vertex 1.91342 -4.6194 31
    endloop
  endfacet
  facet normal -0.831467 0.555574 0
    outer loop
      vertex 3.53553 -3.53553 31
      vertex 4.6194 -1.91342 32
      vertex 4.6194 -1.91342 31
    endloop
  endfacet
  facet normal -0.831467 0.555574 0
    outer loop
      vertex 4.6194 -1.91342 32
      vertex 3.53553 -3.53553 31
      vertex 3.53553 -3.53553 32
    endloop
  endfacet
  facet normal 0.980786 -0.195089 0
    outer loop
      vertex -5 0 32
      vertex -4.6194 1.91342 31
      vertex -4.6194 1.91342 32
    endloop
  endfacet
  facet normal 0.980786 -0.195089 0
    outer loop
      vertex -4.6194 1.91342 31
      vertex -5 0 32
      vertex -5 0 31
    endloop
  endfacet
  facet normal -0.980786 0.195089 0
    outer loop
      vertex 4.6194 -1.91342 31
      vertex 5 0 32
      vertex 5 0 31
    endloop
  endfacet
  facet normal -0.980786 0.195089 0
    outer loop
      vertex 5 0 32
      vertex 4.6194 -1.91342 31
      vertex 4.6194 -1.91342 32
    endloop
  endfacet
  facet normal 0.195089 -0.980786 0
    outer loop
      vertex -1.91342 4.6194 31
      vertex 0 5 32
      vertex -1.91342 4.6194 32
    endloop
  endfacet
  facet normal 0.195089 -0.980786 0
    outer loop
      vertex 0 5 32
      vertex -1.91342 4.6194 31
      vertex 0 5 31
    endloop
  endfacet
  facet normal -0.195089 -0.980786 0
    outer loop
      vertex 0 5 31
      vertex 1.91342 4.6194 32
      vertex 0 5 32
    endloop
  endfacet
  facet normal -0.195089 -0.980786 -0
    outer loop
      vertex 1.91342 4.6194 32
      vertex 0 5 31
      vertex 1.91342 4.6194 31
    endloop
  endfacet
  facet normal 0.831467 0.555574 0
    outer loop
      vertex -3.53553 -3.53553 32
      vertex -4.6194 -1.91342 31
      vertex -4.6194 -1.91342 32
    endloop
  endfacet
  facet normal 0.831467 0.555574 0
    outer loop
      vertex -4.6194 -1.91342 31
      vertex -3.53553 -3.53553 32
      vertex -3.53553 -3.53553 31
    endloop
  endfacet
  facet normal -0.555574 -0.831467 0
    outer loop
      vertex 1.91342 4.6194 31
      vertex 3.53553 3.53553 32
      vertex 1.91342 4.6194 32
    endloop
  endfacet
  facet normal -0.555574 -0.831467 -0
    outer loop
      vertex 3.53553 3.53553 32
      vertex 1.91342 4.6194 31
      vertex 3.53553 3.53553 31
    endloop
  endfacet
  facet normal 0.980786 0.195089 0
    outer loop
      vertex -4.6194 -1.91342 32
      vertex -5 0 31
      vertex -5 0 32
    endloop
  endfacet
  facet normal 0.980786 0.195089 0
    outer loop
      vertex -5 0 31
      vertex -4.6194 -1.91342 32
      vertex -4.6194 -1.91342 31
    endloop
  endfacet
  facet normal 0.555574 0.831467 -0
    outer loop
      vertex -1.91342 -4.6194 31
      vertex -3.53553 -3.53553 32
      vertex -1.91342 -4.6194 32
    endloop
  endfacet
  facet normal 0.555574 0.831467 0
    outer loop
      vertex -3.53553 -3.53553 32
      vertex -1.91342 -4.6194 31
      vertex -3.53553 -3.53553 31
    endloop
  endfacet
  facet normal 0.951059 0.309008 0
    outer loop
      vertex 14.6722 3.11868 36
      vertex 13.7032 6.10105 33
      vertex 13.7032 6.10105 36
    endloop
  endfacet
  facet normal 0.951059 0.309008 0
    outer loop
      vertex 13.7032 6.10105 33
      vertex 14.6722 3.11868 36
      vertex 14.6722 3.11868 33
    endloop
  endfacet
  facet normal 0.994521 0.104533 0
    outer loop
      vertex 15 0 36
      vertex 14.6722 3.11868 33
      vertex 14.6722 3.11868 36
    endloop
  endfacet
  facet normal 0.994521 0.104533 0
    outer loop
      vertex 14.6722 3.11868 33
      vertex 15 0 36
      vertex 15 0 33
    endloop
  endfacet
  facet normal 0.866029 0.499993 0
    outer loop
      vertex 13.7032 6.10105 36
      vertex 12.1353 8.81678 33
      vertex 12.1353 8.81678 36
    endloop
  endfacet
  facet normal 0.866029 0.499993 0
    outer loop
      vertex 12.1353 8.81678 33
      vertex 13.7032 6.10105 36
      vertex 13.7032 6.10105 33
    endloop
  endfacet
  facet normal 0.587777 0.809023 -0
    outer loop
      vertex 10.037 11.1472 33
      vertex 7.5 12.9904 36
      vertex 10.037 11.1472 36
    endloop
  endfacet
  facet normal 0.587777 0.809023 0
    outer loop
      vertex 7.5 12.9904 36
      vertex 10.037 11.1472 33
      vertex 7.5 12.9904 33
    endloop
  endfacet
  facet normal 0.951059 -0.309008 0
    outer loop
      vertex 13.7032 -6.10105 36
      vertex 14.6722 -3.11868 33
      vertex 14.6722 -3.11868 36
    endloop
  endfacet
  facet normal 0.951059 -0.309008 0
    outer loop
      vertex 14.6722 -3.11868 33
      vertex 13.7032 -6.10105 36
      vertex 13.7032 -6.10105 33
    endloop
  endfacet
  facet normal 0.994521 -0.104533 0
    outer loop
      vertex 14.6722 -3.11868 36
      vertex 15 0 33
      vertex 15 0 36
    endloop
  endfacet
  facet normal 0.994521 -0.104533 0
    outer loop
      vertex 15 0 33
      vertex 14.6722 -3.11868 36
      vertex 14.6722 -3.11868 33
    endloop
  endfacet
  facet normal 0.743148 0.669127 0
    outer loop
      vertex 12.1353 8.81678 36
      vertex 10.037 11.1472 33
      vertex 10.037 11.1472 36
    endloop
  endfacet
  facet normal 0.743148 0.669127 0
    outer loop
      vertex 10.037 11.1472 33
      vertex 12.1353 8.81678 36
      vertex 12.1353 8.81678 33
    endloop
  endfacet
  facet normal -0.951059 -0.309008 0
    outer loop
      vertex -13.7032 -6.10105 33
      vertex -14.6722 -3.11868 36
      vertex -14.6722 -3.11868 33
    endloop
  endfacet
  facet normal -0.951059 -0.309008 0
    outer loop
      vertex -14.6722 -3.11868 36
      vertex -13.7032 -6.10105 33
      vertex -13.7032 -6.10105 36
    endloop
  endfacet
  facet normal -0.743148 0.669127 0
    outer loop
      vertex -12.1353 8.81678 33
      vertex -10.037 11.1472 36
      vertex -10.037 11.1472 33
    endloop
  endfacet
  facet normal -0.743148 0.669127 0
    outer loop
      vertex -10.037 11.1472 36
      vertex -12.1353 8.81678 33
      vertex -12.1353 8.81678 36
    endloop
  endfacet
  facet normal -0.951059 0.309008 0
    outer loop
      vertex -14.6722 3.11868 33
      vertex -13.7032 6.10105 36
      vertex -13.7032 6.10105 33
    endloop
  endfacet
  facet normal -0.951059 0.309008 0
    outer loop
      vertex -13.7032 6.10105 36
      vertex -14.6722 3.11868 33
      vertex -14.6722 3.11868 36
    endloop
  endfacet
  facet normal 0.587777 -0.809023 0
    outer loop
      vertex 7.5 -12.9904 33
      vertex 10.037 -11.1472 36
      vertex 7.5 -12.9904 36
    endloop
  endfacet
  facet normal 0.587777 -0.809023 0
    outer loop
      vertex 10.037 -11.1472 36
      vertex 7.5 -12.9904 33
      vertex 10.037 -11.1472 33
    endloop
  endfacet
  facet normal -0.587777 0.809023 0
    outer loop
      vertex -7.5 12.9904 33
      vertex -10.037 11.1472 36
      vertex -7.5 12.9904 36
    endloop
  endfacet
  facet normal -0.587777 0.809023 0
    outer loop
      vertex -10.037 11.1472 36
      vertex -7.5 12.9904 33
      vertex -10.037 11.1472 33
    endloop
  endfacet
  facet normal 0 0 1
    outer loop
      vertex -3.09017 -9.51056 36
      vertex -1.42658 -10.4635 36
      vertex -1.24442 -9.90289 36
    endloop
  endfacet
  facet normal 0 0 1
    outer loop
      vertex -4.63525 -14.2658 36
      vertex -1.42658 -10.4635 36
      vertex -3.09017 -9.51056 36
    endloop
  endfacet
  facet normal 0 0 1
    outer loop
      vertex -1.42658 -10.4635 36
      vertex -4.63525 -14.2658 36
      vertex -1.56793 -14.9178 36
    endloop
  endfacet
  facet normal 0 0 1
    outer loop
      vertex -5 -8.66025 36
      vertex -4.63525 -14.2658 36
      vertex -3.09017 -9.51056 36
    endloop
  endfacet
  facet normal 0 0 1
    outer loop
      vertex -7.5 -12.9904 36
      vertex -5 -8.66025 36
      vertex -6.69131 -7.43145 36
    endloop
  endfacet
  facet normal 0 0 1
    outer loop
      vertex -5 -8.66025 36
      vertex -7.5 -12.9904 36
      vertex -4.63525 -14.2658 36
    endloop
  endfacet
  facet normal 0 0 1
    outer loop
      vertex -10.037 -11.1472 36
      vertex -6.69131 -7.43145 36
      vertex -8.09017 -5.87785 36
    endloop
  endfacet
  facet normal 0 0 1
    outer loop
      vertex -12.1353 -8.81678 36
      vertex -8.09017 -5.87785 36
      vertex -9.13545 -4.06737 36
    endloop
  endfacet
  facet normal 0 0 1
    outer loop
      vertex -13.7032 -6.10105 36
      vertex -9.13545 -4.06737 36
      vertex -9.78148 -2.07912 36
    endloop
  endfacet
  facet normal 0 0 1
    outer loop
      vertex -6.69131 -7.43145 36
      vertex -10.037 -11.1472 36
      vertex -7.5 -12.9904 36
    endloop
  endfacet
  facet normal -0 0 1
    outer loop
      vertex -10.4635 -1.42658 36
      vertex -9.78148 -2.07912 36
      vertex -9.87032 -1.23384 36
    endloop
  endfacet
  facet normal 0 0 1
    outer loop
      vertex -14.6722 -3.11868 36
      vertex -9.78148 -2.07912 36
      vertex -10.4635 -1.42658 36
    endloop
  endfacet
  facet normal 0 0 1
    outer loop
      vertex -14.6722 -3.11868 36
      vertex -10.4635 -1.42658 36
      vertex -11.5 0 36
    endloop
  endfacet
  facet normal 0 0 1
    outer loop
      vertex -8.09017 -5.87785 36
      vertex -12.1353 -8.81678 36
      vertex -10.037 -11.1472 36
    endloop
  endfacet
  facet normal 0 0 1
    outer loop
      vertex -9.78148 2.07912 36
      vertex -14.6722 3.11868 36
      vertex -10.4635 1.42658 36
    endloop
  endfacet
  facet normal 0 0 1
    outer loop
      vertex -10.4635 1.42658 36
      vertex -14.6722 3.11868 36
      vertex -11.5 0 36
    endloop
  endfacet
  facet normal 0 0 1
    outer loop
      vertex -9.13545 -4.06737 36
      vertex -13.7032 -6.10105 36
      vertex -12.1353 -8.81678 36
    endloop
  endfacet
  facet normal 0 0 1
    outer loop
      vertex -15 0 36
      vertex -11.5 0 36
      vertex -14.6722 3.11868 36
    endloop
  endfacet
  facet normal 0 0 1
    outer loop
      vertex -9.78148 -2.07912 36
      vertex -14.6722 -3.11868 36
      vertex -13.7032 -6.10105 36
    endloop
  endfacet
  facet normal 0 0 1
    outer loop
      vertex -11.5 0 36
      vertex -15 0 36
      vertex -14.6722 -3.11868 36
    endloop
  endfacet
  facet normal 0 0 1
    outer loop
      vertex 1.56793 14.9178 36
      vertex 0 11.5 36
      vertex 1.42658 10.4635 36
    endloop
  endfacet
  facet normal -0 0 1
    outer loop
      vertex -1.56793 14.9178 36
      vertex 0 11.5 36
      vertex 1.56793 14.9178 36
    endloop
  endfacet
  facet normal 0 0 1
    outer loop
      vertex 0 11.5 36
      vertex -1.56793 14.9178 36
      vertex -1.42658 10.4635 36
    endloop
  endfacet
  facet normal 0 0 1
    outer loop
      vertex 11.5 0 36
      vertex 15 0 36
      vertex 14.6722 3.11868 36
    endloop
  endfacet
  facet normal 0 0 1
    outer loop
      vertex 9.78148 2.07912 36
      vertex 14.6722 3.11868 36
      vertex 13.7032 6.10105 36
    endloop
  endfacet
  facet normal 0 0 1
    outer loop
      vertex 15 0 36
      vertex 11.5 0 36
      vertex 14.6722 -3.11868 36
    endloop
  endfacet
  facet normal 0 0 1
    outer loop
      vertex 9.13545 4.06737 36
      vertex 13.7032 6.10105 36
      vertex 12.1353 8.81678 36
    endloop
  endfacet
  facet normal -0 0 1
    outer loop
      vertex 10.4635 -1.42658 36
      vertex 14.6722 -3.11868 36
      vertex 11.5 0 36
    endloop
  endfacet
  facet normal -0 0 1
    outer loop
      vertex 9.78148 -2.07912 36
      vertex 14.6722 -3.11868 36
      vertex 10.4635 -1.42658 36
    endloop
  endfacet
  facet normal 0 0 1
    outer loop
      vertex 14.6722 3.11868 36
      vertex 10.4635 1.42658 36
      vertex 11.5 0 36
    endloop
  endfacet
  facet normal 0 0 1
    outer loop
      vertex 8.09017 5.87785 36
      vertex 12.1353 8.81678 36
      vertex 10.037 11.1472 36
    endloop
  endfacet
  facet normal 0 -0 1
    outer loop
      vertex 9.78148 2.07912 36
      vertex 13.7032 6.10105 36
      vertex 9.13545 4.06737 36
    endloop
  endfacet
  facet normal 0 0 1
    outer loop
      vertex 10.4635 1.42658 36
      vertex 9.78148 2.07912 36
      vertex 9.87032 1.23384 36
    endloop
  endfacet
  facet normal 0 0 1
    outer loop
      vertex 14.6722 3.11868 36
      vertex 9.78148 2.07912 36
      vertex 10.4635 1.42658 36
    endloop
  endfacet
  facet normal 0 0 1
    outer loop
      vertex 12.1353 8.81678 36
      vertex 8.09017 5.87785 36
      vertex 9.13545 4.06737 36
    endloop
  endfacet
  facet normal 0 0 1
    outer loop
      vertex 6.69131 7.43145 36
      vertex 10.037 11.1472 36
      vertex 7.5 12.9904 36
    endloop
  endfacet
  facet normal 0 0 1
    outer loop
      vertex 10.037 11.1472 36
      vertex 6.69131 7.43145 36
      vertex 8.09017 5.87785 36
    endloop
  endfacet
  facet normal 0 0 1
    outer loop
      vertex 7.5 12.9904 36
      vertex 5 8.66025 36
      vertex 6.69131 7.43145 36
    endloop
  endfacet
  facet normal 0 0 1
    outer loop
      vertex 4.63525 14.2658 36
      vertex 5 8.66025 36
      vertex 7.5 12.9904 36
    endloop
  endfacet
  facet normal 0 0 1
    outer loop
      vertex 4.63525 14.2658 36
      vertex 3.09017 9.51056 36
      vertex 5 8.66025 36
    endloop
  endfacet
  facet normal 0 0 1
    outer loop
      vertex 1.42658 10.4635 36
      vertex 4.63525 14.2658 36
      vertex 1.56793 14.9178 36
    endloop
  endfacet
  facet normal 0 0 1
    outer loop
      vertex 4.63525 14.2658 36
      vertex 1.42658 10.4635 36
      vertex 3.09017 9.51056 36
    endloop
  endfacet
  facet normal 0 0 1
    outer loop
      vertex 3.09017 9.51056 36
      vertex 1.42658 10.4635 36
      vertex 1.24442 9.90289 36
    endloop
  endfacet
  facet normal 0 0 1
    outer loop
      vertex 14.6722 -3.11868 36
      vertex 9.78148 -2.07912 36
      vertex 13.7032 -6.10105 36
    endloop
  endfacet
  facet normal 0 0 1
    outer loop
      vertex 13.7032 -6.10105 36
      vertex 9.13545 -4.06737 36
      vertex 12.1353 -8.81678 36
    endloop
  endfacet
  facet normal 0 0 1
    outer loop
      vertex 9.78148 -2.07912 36
      vertex 10.4635 -1.42658 36
      vertex 9.87032 -1.23384 36
    endloop
  endfacet
  facet normal 0 0 1
    outer loop
      vertex 13.7032 -6.10105 36
      vertex 9.78148 -2.07912 36
      vertex 9.13545 -4.06737 36
    endloop
  endfacet
  facet normal -0 0 1
    outer loop
      vertex 8.09017 -5.87785 36
      vertex 12.1353 -8.81678 36
      vertex 9.13545 -4.06737 36
    endloop
  endfacet
  facet normal 0 0 1
    outer loop
      vertex 12.1353 -8.81678 36
      vertex 8.09017 -5.87785 36
      vertex 10.037 -11.1472 36
    endloop
  endfacet
  facet normal -0 0 1
    outer loop
      vertex 6.69131 -7.43145 36
      vertex 10.037 -11.1472 36
      vertex 8.09017 -5.87785 36
    endloop
  endfacet
  facet normal 0 0 1
    outer loop
      vertex 10.037 -11.1472 36
      vertex 6.69131 -7.43145 36
      vertex 7.5 -12.9904 36
    endloop
  endfacet
  facet normal -0 0 1
    outer loop
      vertex 5 -8.66025 36
      vertex 7.5 -12.9904 36
      vertex 6.69131 -7.43145 36
    endloop
  endfacet
  facet normal 0 0 1
    outer loop
      vertex 5 -8.66025 36
      vertex 4.63525 -14.2658 36
      vertex 7.5 -12.9904 36
    endloop
  endfacet
  facet normal -0 0 1
    outer loop
      vertex 3.09017 -9.51056 36
      vertex 4.63525 -14.2658 36
      vertex 5 -8.66025 36
    endloop
  endfacet
  facet normal -0 0 1
    outer loop
      vertex 1.42658 -10.4635 36
      vertex 4.63525 -14.2658 36
      vertex 3.09017 -9.51056 36
    endloop
  endfacet
  facet normal 0 0 1
    outer loop
      vertex 4.63525 -14.2658 36
      vertex 1.42658 -10.4635 36
      vertex 1.56793 -14.9178 36
    endloop
  endfacet
  facet normal 0 -0 1
    outer loop
      vertex 1.42658 -10.4635 36
      vertex 3.09017 -9.51056 36
      vertex 1.24442 -9.90289 36
    endloop
  endfacet
  facet normal -0 0 1
    outer loop
      vertex 0 -11.5 36
      vertex 1.56793 -14.9178 36
      vertex 1.42658 -10.4635 36
    endloop
  endfacet
  facet normal 0 0 1
    outer loop
      vertex -1.56793 -14.9178 36
      vertex 0 -11.5 36
      vertex -1.42658 -10.4635 36
    endloop
  endfacet
  facet normal 0 0 1
    outer loop
      vertex 0 -11.5 36
      vertex -1.56793 -14.9178 36
      vertex 1.56793 -14.9178 36
    endloop
  endfacet
  facet normal 0 0 1
    outer loop
      vertex -1.42658 10.4635 36
      vertex -3.09017 9.51056 36
      vertex -1.24442 9.90289 36
    endloop
  endfacet
  facet normal -0 0 1
    outer loop
      vertex -4.63525 14.2658 36
      vertex -1.42658 10.4635 36
      vertex -1.56793 14.9178 36
    endloop
  endfacet
  facet normal 0 0 1
    outer loop
      vertex -1.42658 10.4635 36
      vertex -4.63525 14.2658 36
      vertex -3.09017 9.51056 36
    endloop
  endfacet
  facet normal 0 0 1
    outer loop
      vertex -4.63525 14.2658 36
      vertex -5 8.66025 36
      vertex -3.09017 9.51056 36
    endloop
  endfacet
  facet normal -0 0 1
    outer loop
      vertex -7.5 12.9904 36
      vertex -5 8.66025 36
      vertex -4.63525 14.2658 36
    endloop
  endfacet
  facet normal 0 0 1
    outer loop
      vertex -5 8.66025 36
      vertex -7.5 12.9904 36
      vertex -6.69131 7.43145 36
    endloop
  endfacet
  facet normal -0 0 1
    outer loop
      vertex -10.037 11.1472 36
      vertex -6.69131 7.43145 36
      vertex -7.5 12.9904 36
    endloop
  endfacet
  facet normal 0 0 1
    outer loop
      vertex -6.69131 7.43145 36
      vertex -10.037 11.1472 36
      vertex -8.09017 5.87785 36
    endloop
  endfacet
  facet normal -0 0 1
    outer loop
      vertex -12.1353 8.81678 36
      vertex -8.09017 5.87785 36
      vertex -10.037 11.1472 36
    endloop
  endfacet
  facet normal 0 0 1
    outer loop
      vertex -8.09017 5.87785 36
      vertex -12.1353 8.81678 36
      vertex -9.13545 4.06737 36
    endloop
  endfacet
  facet normal -0 0 1
    outer loop
      vertex -13.7032 6.10105 36
      vertex -9.13545 4.06737 36
      vertex -12.1353 8.81678 36
    endloop
  endfacet
  facet normal 0 0 1
    outer loop
      vertex -13.7032 6.10105 36
      vertex -9.78148 2.07912 36
      vertex -9.13545 4.06737 36
    endloop
  endfacet
  facet normal 0 0 1
    outer loop
      vertex -9.78148 2.07912 36
      vertex -10.4635 1.42658 36
      vertex -9.87032 1.23384 36
    endloop
  endfacet
  facet normal -0 0 1
    outer loop
      vertex -14.6722 3.11868 36
      vertex -9.78148 2.07912 36
      vertex -13.7032 6.10105 36
    endloop
  endfacet
  facet normal 0 0 1
    outer loop
      vertex 4.6194 1.91342 36
      vertex 4.6194 -1.91342 36
      vertex 5 0 36
    endloop
  endfacet
  facet normal 0 0 1
    outer loop
      vertex 3.53553 3.53553 36
      vertex 4.6194 -1.91342 36
      vertex 4.6194 1.91342 36
    endloop
  endfacet
  facet normal 0 0 1
    outer loop
      vertex 3.53553 3.53553 36
      vertex 3.53553 -3.53553 36
      vertex 4.6194 -1.91342 36
    endloop
  endfacet
  facet normal 0 0 1
    outer loop
      vertex 1.91342 4.6194 36
      vertex 3.53553 -3.53553 36
      vertex 3.53553 3.53553 36
    endloop
  endfacet
  facet normal 0 0 1
    outer loop
      vertex 1.91342 4.6194 36
      vertex 1.91342 -4.6194 36
      vertex 3.53553 -3.53553 36
    endloop
  endfacet
  facet normal 0 0 1
    outer loop
      vertex 0 5 36
      vertex 1.91342 -4.6194 36
      vertex 1.91342 4.6194 36
    endloop
  endfacet
  facet normal 0 0 1
    outer loop
      vertex 0 5 36
      vertex 0 -5 36
      vertex 1.91342 -4.6194 36
    endloop
  endfacet
  facet normal -0 0 1
    outer loop
      vertex -1.91342 4.6194 36
      vertex 0 -5 36
      vertex 0 5 36
    endloop
  endfacet
  facet normal 0 0 1
    outer loop
      vertex -1.91342 4.6194 36
      vertex -1.91342 -4.6194 36
      vertex 0 -5 36
    endloop
  endfacet
  facet normal -0 0 1
    outer loop
      vertex -3.53553 3.53553 36
      vertex -1.91342 -4.6194 36
      vertex -1.91342 4.6194 36
    endloop
  endfacet
  facet normal 0 0 1
    outer loop
      vertex -3.53553 3.53553 36
      vertex -3.53553 -3.53553 36
      vertex -1.91342 -4.6194 36
    endloop
  endfacet
  facet normal -0 0 1
    outer loop
      vertex -4.6194 1.91342 36
      vertex -3.53553 -3.53553 36
      vertex -3.53553 3.53553 36
    endloop
  endfacet
  facet normal 0 0 1
    outer loop
      vertex -4.6194 1.91342 36
      vertex -4.6194 -1.91342 36
      vertex -3.53553 -3.53553 36
    endloop
  endfacet
  facet normal 0 -0 1
    outer loop
      vertex -4.6194 -1.91342 36
      vertex -4.6194 1.91342 36
      vertex -5 0 36
    endloop
  endfacet
  facet normal -0.866029 0.499993 0
    outer loop
      vertex -13.7032 6.10105 33
      vertex -12.1353 8.81678 36
      vertex -12.1353 8.81678 33
    endloop
  endfacet
  facet normal -0.866029 0.499993 0
    outer loop
      vertex -12.1353 8.81678 36
      vertex -13.7032 6.10105 33
      vertex -13.7032 6.10105 36
    endloop
  endfacet
  facet normal 0.866029 -0.499993 0
    outer loop
      vertex 12.1353 -8.81678 36
      vertex 13.7032 -6.10105 33
      vertex 13.7032 -6.10105 36
    endloop
  endfacet
  facet normal 0.866029 -0.499993 0
    outer loop
      vertex 13.7032 -6.10105 33
      vertex 12.1353 -8.81678 36
      vertex 12.1353 -8.81678 33
    endloop
  endfacet
  facet normal 0 1 -0
    outer loop
      vertex 1.56793 14.9178 33
      vertex -1.56793 14.9178 36
      vertex 1.56793 14.9178 36
    endloop
  endfacet
  facet normal 0 1 0
    outer loop
      vertex -1.56793 14.9178 36
      vertex 1.56793 14.9178 33
      vertex -1.56793 14.9178 33
    endloop
  endfacet
  facet normal -0.406718 0.913554 0
    outer loop
      vertex -4.63525 14.2658 33
      vertex -7.5 12.9904 36
      vertex -4.63525 14.2658 36
    endloop
  endfacet
  facet normal -0.406718 0.913554 0
    outer loop
      vertex -7.5 12.9904 36
      vertex -4.63525 14.2658 33
      vertex -7.5 12.9904 33
    endloop
  endfacet
  facet normal -0.207918 -0.978146 0
    outer loop
      vertex -4.63525 -14.2658 33
      vertex -1.56793 -14.9178 36
      vertex -4.63525 -14.2658 36
    endloop
  endfacet
  facet normal -0.207918 -0.978146 -0
    outer loop
      vertex -1.56793 -14.9178 36
      vertex -4.63525 -14.2658 33
      vertex -1.56793 -14.9178 33
    endloop
  endfacet
  facet normal 0 -1 0
    outer loop
      vertex -1.56793 -14.9178 33
      vertex 1.56793 -14.9178 36
      vertex -1.56793 -14.9178 36
    endloop
  endfacet
  facet normal 0 -1 -0
    outer loop
      vertex 1.56793 -14.9178 36
      vertex -1.56793 -14.9178 33
      vertex 1.56793 -14.9178 33
    endloop
  endfacet
  facet normal -0.207918 0.978146 0
    outer loop
      vertex -1.56793 14.9178 33
      vertex -4.63525 14.2658 36
      vertex -1.56793 14.9178 36
    endloop
  endfacet
  facet normal -0.207918 0.978146 0
    outer loop
      vertex -4.63525 14.2658 36
      vertex -1.56793 14.9178 33
      vertex -4.63525 14.2658 33
    endloop
  endfacet
  facet normal 0.207918 -0.978146 0
    outer loop
      vertex 1.56793 -14.9178 33
      vertex 4.63525 -14.2658 36
      vertex 1.56793 -14.9178 36
    endloop
  endfacet
  facet normal 0.207918 -0.978146 0
    outer loop
      vertex 4.63525 -14.2658 36
      vertex 1.56793 -14.9178 33
      vertex 4.63525 -14.2658 33
    endloop
  endfacet
  facet normal 0.743148 -0.669127 0
    outer loop
      vertex 10.037 -11.1472 36
      vertex 12.1353 -8.81678 33
      vertex 12.1353 -8.81678 36
    endloop
  endfacet
  facet normal 0.743148 -0.669127 0
    outer loop
      vertex 12.1353 -8.81678 33
      vertex 10.037 -11.1472 36
      vertex 10.037 -11.1472 33
    endloop
  endfacet
  facet normal 0.406718 -0.913554 0
    outer loop
      vertex 4.63525 -14.2658 33
      vertex 7.5 -12.9904 36
      vertex 4.63525 -14.2658 36
    endloop
  endfacet
  facet normal 0.406718 -0.913554 0
    outer loop
      vertex 7.5 -12.9904 36
      vertex 4.63525 -14.2658 33
      vertex 7.5 -12.9904 33
    endloop
  endfacet
  facet normal -0.587777 -0.809023 0
    outer loop
      vertex -10.037 -11.1472 33
      vertex -7.5 -12.9904 36
      vertex -10.037 -11.1472 36
    endloop
  endfacet
  facet normal -0.587777 -0.809023 -0
    outer loop
      vertex -7.5 -12.9904 36
      vertex -10.037 -11.1472 33
      vertex -7.5 -12.9904 33
    endloop
  endfacet
  facet normal -0.994521 0.104533 0
    outer loop
      vertex -15 0 33
      vertex -14.6722 3.11868 36
      vertex -14.6722 3.11868 33
    endloop
  endfacet
  facet normal -0.994521 0.104533 0
    outer loop
      vertex -14.6722 3.11868 36
      vertex -15 0 33
      vertex -15 0 36
    endloop
  endfacet
  facet normal 0.207918 0.978146 -0
    outer loop
      vertex 4.63525 14.2658 33
      vertex 1.56793 14.9178 36
      vertex 4.63525 14.2658 36
    endloop
  endfacet
  facet normal 0.207918 0.978146 0
    outer loop
      vertex 1.56793 14.9178 36
      vertex 4.63525 14.2658 33
      vertex 1.56793 14.9178 33
    endloop
  endfacet
  facet normal -0.866029 -0.499993 0
    outer loop
      vertex -12.1353 -8.81678 33
      vertex -13.7032 -6.10105 36
      vertex -13.7032 -6.10105 33
    endloop
  endfacet
  facet normal -0.866029 -0.499993 0
    outer loop
      vertex -13.7032 -6.10105 36
      vertex -12.1353 -8.81678 33
      vertex -12.1353 -8.81678 36
    endloop
  endfacet
  facet normal 0.406718 0.913554 -0
    outer loop
      vertex 7.5 12.9904 33
      vertex 4.63525 14.2658 36
      vertex 7.5 12.9904 36
    endloop
  endfacet
  facet normal 0.406718 0.913554 0
    outer loop
      vertex 4.63525 14.2658 36
      vertex 7.5 12.9904 33
      vertex 4.63525 14.2658 33
    endloop
  endfacet
  facet normal -0.994521 -0.104533 0
    outer loop
      vertex -14.6722 -3.11868 33
      vertex -15 0 36
      vertex -15 0 33
    endloop
  endfacet
  facet normal -0.994521 -0.104533 0
    outer loop
      vertex -15 0 36
      vertex -14.6722 -3.11868 33
      vertex -14.6722 -3.11868 36
    endloop
  endfacet
  facet normal -0.743148 -0.669127 0
    outer loop
      vertex -10.037 -11.1472 33
      vertex -12.1353 -8.81678 36
      vertex -12.1353 -8.81678 33
    endloop
  endfacet
  facet normal -0.743148 -0.669127 0
    outer loop
      vertex -12.1353 -8.81678 36
      vertex -10.037 -11.1472 33
      vertex -10.037 -11.1472 36
    endloop
  endfacet
  facet normal 0 0 -1
    outer loop
      vertex 1.56793 -14.9178 33
      vertex 0 -11.5 33
      vertex 1.42658 -10.4635 33
    endloop
  endfacet
  facet normal 0 0 -1
    outer loop
      vertex -1.56793 -14.9178 33
      vertex 0 -11.5 33
      vertex 1.56793 -14.9178 33
    endloop
  endfacet
  facet normal -0 0 -1
    outer loop
      vertex 0 -11.5 33
      vertex -1.56793 -14.9178 33
      vertex -1.42658 -10.4635 33
    endloop
  endfacet
  facet normal 0 0 -1
    outer loop
      vertex 11.5 0 33
      vertex 15 0 33
      vertex 14.6722 -3.11868 33
    endloop
  endfacet
  facet normal 0 0 -1
    outer loop
      vertex 9.78148 -2.07912 33
      vertex 14.6722 -3.11868 33
      vertex 13.7032 -6.10105 33
    endloop
  endfacet
  facet normal 0 0 -1
    outer loop
      vertex 15 0 33
      vertex 11.5 0 33
      vertex 14.6722 3.11868 33
    endloop
  endfacet
  facet normal 0 0 -1
    outer loop
      vertex 9.13545 -4.06737 33
      vertex 13.7032 -6.10105 33
      vertex 12.1353 -8.81678 33
    endloop
  endfacet
  facet normal 0 0 -1
    outer loop
      vertex 10.4635 1.42658 33
      vertex 14.6722 3.11868 33
      vertex 11.5 0 33
    endloop
  endfacet
  facet normal 0 0 -1
    outer loop
      vertex 9.78148 2.07912 33
      vertex 14.6722 3.11868 33
      vertex 10.4635 1.42658 33
    endloop
  endfacet
  facet normal 0 0 -1
    outer loop
      vertex 14.6722 -3.11868 33
      vertex 10.4635 -1.42658 33
      vertex 11.5 0 33
    endloop
  endfacet
  facet normal 0 0 -1
    outer loop
      vertex 8.09017 -5.87785 33
      vertex 12.1353 -8.81678 33
      vertex 10.037 -11.1472 33
    endloop
  endfacet
  facet normal 0 -0 -1
    outer loop
      vertex 9.78148 -2.07912 33
      vertex 13.7032 -6.10105 33
      vertex 9.13545 -4.06737 33
    endloop
  endfacet
  facet normal -0 0 -1
    outer loop
      vertex 10.4635 -1.42658 33
      vertex 9.78148 -2.07912 33
      vertex 9.87032 -1.23384 33
    endloop
  endfacet
  facet normal 0 0 -1
    outer loop
      vertex 14.6722 -3.11868 33
      vertex 9.78148 -2.07912 33
      vertex 10.4635 -1.42658 33
    endloop
  endfacet
  facet normal 0 0 -1
    outer loop
      vertex 12.1353 -8.81678 33
      vertex 8.09017 -5.87785 33
      vertex 9.13545 -4.06737 33
    endloop
  endfacet
  facet normal 0 0 -1
    outer loop
      vertex 6.69131 -7.43145 33
      vertex 10.037 -11.1472 33
      vertex 7.5 -12.9904 33
    endloop
  endfacet
  facet normal 0 0 -1
    outer loop
      vertex 10.037 -11.1472 33
      vertex 6.69131 -7.43145 33
      vertex 8.09017 -5.87785 33
    endloop
  endfacet
  facet normal 0 0 -1
    outer loop
      vertex 7.5 -12.9904 33
      vertex 5 -8.66025 33
      vertex 6.69131 -7.43145 33
    endloop
  endfacet
  facet normal 0 0 -1
    outer loop
      vertex 4.63525 -14.2658 33
      vertex 5 -8.66025 33
      vertex 7.5 -12.9904 33
    endloop
  endfacet
  facet normal 0 0 -1
    outer loop
      vertex 4.63525 -14.2658 33
      vertex 3.09017 -9.51056 33
      vertex 5 -8.66025 33
    endloop
  endfacet
  facet normal 0 0 -1
    outer loop
      vertex 1.42658 -10.4635 33
      vertex 4.63525 -14.2658 33
      vertex 1.56793 -14.9178 33
    endloop
  endfacet
  facet normal 0 0 -1
    outer loop
      vertex 4.63525 -14.2658 33
      vertex 1.42658 -10.4635 33
      vertex 3.09017 -9.51056 33
    endloop
  endfacet
  facet normal 0 0 -1
    outer loop
      vertex 3.09017 -9.51056 33
      vertex 1.42658 -10.4635 33
      vertex 1.24442 -9.90289 33
    endloop
  endfacet
  facet normal -0 0 -1
    outer loop
      vertex 14.6722 3.11868 33
      vertex 9.78148 2.07912 33
      vertex 13.7032 6.10105 33
    endloop
  endfacet
  facet normal -0 0 -1
    outer loop
      vertex 13.7032 6.10105 33
      vertex 9.13545 4.06737 33
      vertex 12.1353 8.81678 33
    endloop
  endfacet
  facet normal 0 0 -1
    outer loop
      vertex 9.78148 2.07912 33
      vertex 10.4635 1.42658 33
      vertex 9.87032 1.23384 33
    endloop
  endfacet
  facet normal 0 0 -1
    outer loop
      vertex 13.7032 6.10105 33
      vertex 9.78148 2.07912 33
      vertex 9.13545 4.06737 33
    endloop
  endfacet
  facet normal 0 0 -1
    outer loop
      vertex 8.09017 5.87785 33
      vertex 12.1353 8.81678 33
      vertex 9.13545 4.06737 33
    endloop
  endfacet
  facet normal -0 0 -1
    outer loop
      vertex 12.1353 8.81678 33
      vertex 8.09017 5.87785 33
      vertex 10.037 11.1472 33
    endloop
  endfacet
  facet normal 0 0 -1
    outer loop
      vertex 6.69131 7.43145 33
      vertex 10.037 11.1472 33
      vertex 8.09017 5.87785 33
    endloop
  endfacet
  facet normal -0 0 -1
    outer loop
      vertex 10.037 11.1472 33
      vertex 6.69131 7.43145 33
      vertex 7.5 12.9904 33
    endloop
  endfacet
  facet normal 0 0 -1
    outer loop
      vertex 5 8.66025 33
      vertex 7.5 12.9904 33
      vertex 6.69131 7.43145 33
    endloop
  endfacet
  facet normal 0 0 -1
    outer loop
      vertex 5 8.66025 33
      vertex 4.63525 14.2658 33
      vertex 7.5 12.9904 33
    endloop
  endfacet
  facet normal 0 0 -1
    outer loop
      vertex 3.09017 9.51056 33
      vertex 4.63525 14.2658 33
      vertex 5 8.66025 33
    endloop
  endfacet
  facet normal 0 0 -1
    outer loop
      vertex 1.42658 10.4635 33
      vertex 4.63525 14.2658 33
      vertex 3.09017 9.51056 33
    endloop
  endfacet
  facet normal -0 0 -1
    outer loop
      vertex 4.63525 14.2658 33
      vertex 1.42658 10.4635 33
      vertex 1.56793 14.9178 33
    endloop
  endfacet
  facet normal 0 -0 -1
    outer loop
      vertex 1.42658 10.4635 33
      vertex 3.09017 9.51056 33
      vertex 1.24442 9.90289 33
    endloop
  endfacet
  facet normal 0 0 -1
    outer loop
      vertex 0 11.5 33
      vertex 1.56793 14.9178 33
      vertex 1.42658 10.4635 33
    endloop
  endfacet
  facet normal 0 0 -1
    outer loop
      vertex -1.56793 14.9178 33
      vertex 0 11.5 33
      vertex -1.42658 10.4635 33
    endloop
  endfacet
  facet normal 0 0 -1
    outer loop
      vertex 0 11.5 33
      vertex -1.56793 14.9178 33
      vertex 1.56793 14.9178 33
    endloop
  endfacet
  facet normal 0 0 -1
    outer loop
      vertex -1.42658 -10.4635 33
      vertex -3.09017 -9.51056 33
      vertex -1.24442 -9.90289 33
    endloop
  endfacet
  facet normal 0 0 -1
    outer loop
      vertex -4.63525 -14.2658 33
      vertex -1.42658 -10.4635 33
      vertex -1.56793 -14.9178 33
    endloop
  endfacet
  facet normal -0 0 -1
    outer loop
      vertex -1.42658 -10.4635 33
      vertex -4.63525 -14.2658 33
      vertex -3.09017 -9.51056 33
    endloop
  endfacet
  facet normal 0 0 -1
    outer loop
      vertex -4.63525 -14.2658 33
      vertex -5 -8.66025 33
      vertex -3.09017 -9.51056 33
    endloop
  endfacet
  facet normal 0 0 -1
    outer loop
      vertex -7.5 -12.9904 33
      vertex -5 -8.66025 33
      vertex -4.63525 -14.2658 33
    endloop
  endfacet
  facet normal -0 0 -1
    outer loop
      vertex -5 -8.66025 33
      vertex -7.5 -12.9904 33
      vertex -6.69131 -7.43145 33
    endloop
  endfacet
  facet normal 0 0 -1
    outer loop
      vertex -10.037 -11.1472 33
      vertex -6.69131 -7.43145 33
      vertex -7.5 -12.9904 33
    endloop
  endfacet
  facet normal -0 0 -1
    outer loop
      vertex -6.69131 -7.43145 33
      vertex -10.037 -11.1472 33
      vertex -8.09017 -5.87785 33
    endloop
  endfacet
  facet normal 0 0 -1
    outer loop
      vertex -12.1353 -8.81678 33
      vertex -8.09017 -5.87785 33
      vertex -10.037 -11.1472 33
    endloop
  endfacet
  facet normal -0 0 -1
    outer loop
      vertex -8.09017 -5.87785 33
      vertex -12.1353 -8.81678 33
      vertex -9.13545 -4.06737 33
    endloop
  endfacet
  facet normal 0 0 -1
    outer loop
      vertex -13.7032 -6.10105 33
      vertex -9.13545 -4.06737 33
      vertex -12.1353 -8.81678 33
    endloop
  endfacet
  facet normal -0 0 -1
    outer loop
      vertex -9.13545 -4.06737 33
      vertex -13.7032 -6.10105 33
      vertex -9.78148 -2.07912 33
    endloop
  endfacet
  facet normal 0 0 -1
    outer loop
      vertex -9.78148 -2.07912 33
      vertex -10.4635 -1.42658 33
      vertex -9.87032 -1.23384 33
    endloop
  endfacet
  facet normal 0 0 -1
    outer loop
      vertex -14.6722 -3.11868 33
      vertex -9.78148 -2.07912 33
      vertex -13.7032 -6.10105 33
    endloop
  endfacet
  facet normal 0 0 -1
    outer loop
      vertex -3.09017 9.51056 33
      vertex -1.42658 10.4635 33
      vertex -1.24442 9.90289 33
    endloop
  endfacet
  facet normal 0 0 -1
    outer loop
      vertex -4.63525 14.2658 33
      vertex -1.42658 10.4635 33
      vertex -3.09017 9.51056 33
    endloop
  endfacet
  facet normal 0 0 -1
    outer loop
      vertex -1.42658 10.4635 33
      vertex -4.63525 14.2658 33
      vertex -1.56793 14.9178 33
    endloop
  endfacet
  facet normal 0 0 -1
    outer loop
      vertex -5 8.66025 33
      vertex -4.63525 14.2658 33
      vertex -3.09017 9.51056 33
    endloop
  endfacet
  facet normal 0 0 -1
    outer loop
      vertex -7.5 12.9904 33
      vertex -5 8.66025 33
      vertex -6.69131 7.43145 33
    endloop
  endfacet
  facet normal 0 0 -1
    outer loop
      vertex -5 8.66025 33
      vertex -7.5 12.9904 33
      vertex -4.63525 14.2658 33
    endloop
  endfacet
  facet normal 0 0 -1
    outer loop
      vertex -10.037 11.1472 33
      vertex -6.69131 7.43145 33
      vertex -8.09017 5.87785 33
    endloop
  endfacet
  facet normal 0 0 -1
    outer loop
      vertex -12.1353 8.81678 33
      vertex -8.09017 5.87785 33
      vertex -9.13545 4.06737 33
    endloop
  endfacet
  facet normal 0 0 -1
    outer loop
      vertex -13.7032 6.10105 33
      vertex -9.13545 4.06737 33
      vertex -9.78148 2.07912 33
    endloop
  endfacet
  facet normal 0 0 -1
    outer loop
      vertex -6.69131 7.43145 33
      vertex -10.037 11.1472 33
      vertex -7.5 12.9904 33
    endloop
  endfacet
  facet normal 0 0 -1
    outer loop
      vertex -10.4635 1.42658 33
      vertex -9.78148 2.07912 33
      vertex -9.87032 1.23384 33
    endloop
  endfacet
  facet normal 0 0 -1
    outer loop
      vertex -14.6722 3.11868 33
      vertex -9.78148 2.07912 33
      vertex -10.4635 1.42658 33
    endloop
  endfacet
  facet normal 0 0 -1
    outer loop
      vertex -14.6722 3.11868 33
      vertex -10.4635 1.42658 33
      vertex -11.5 0 33
    endloop
  endfacet
  facet normal 0 0 -1
    outer loop
      vertex -8.09017 5.87785 33
      vertex -12.1353 8.81678 33
      vertex -10.037 11.1472 33
    endloop
  endfacet
  facet normal -0 0 -1
    outer loop
      vertex -9.78148 -2.07912 33
      vertex -14.6722 -3.11868 33
      vertex -10.4635 -1.42658 33
    endloop
  endfacet
  facet normal -0 0 -1
    outer loop
      vertex -10.4635 -1.42658 33
      vertex -14.6722 -3.11868 33
      vertex -11.5 0 33
    endloop
  endfacet
  facet normal 0 0 -1
    outer loop
      vertex -9.13545 4.06737 33
      vertex -13.7032 6.10105 33
      vertex -12.1353 8.81678 33
    endloop
  endfacet
  facet normal 0 0 -1
    outer loop
      vertex -15 0 33
      vertex -11.5 0 33
      vertex -14.6722 -3.11868 33
    endloop
  endfacet
  facet normal 0 0 -1
    outer loop
      vertex -9.78148 2.07912 33
      vertex -14.6722 3.11868 33
      vertex -13.7032 6.10105 33
    endloop
  endfacet
  facet normal 0 0 -1
    outer loop
      vertex -11.5 0 33
      vertex -15 0 33
      vertex -14.6722 3.11868 33
    endloop
  endfacet
  facet normal 0 0 -1
    outer loop
      vertex 4.6194 -1.91342 33
      vertex 4.6194 1.91342 33
      vertex 5 0 33
    endloop
  endfacet
  facet normal 0 0 -1
    outer loop
      vertex 3.53553 -3.53553 33
      vertex 4.6194 1.91342 33
      vertex 4.6194 -1.91342 33
    endloop
  endfacet
  facet normal 0 0 -1
    outer loop
      vertex 3.53553 -3.53553 33
      vertex 3.53553 3.53553 33
      vertex 4.6194 1.91342 33
    endloop
  endfacet
  facet normal 0 0 -1
    outer loop
      vertex 1.91342 -4.6194 33
      vertex 3.53553 3.53553 33
      vertex 3.53553 -3.53553 33
    endloop
  endfacet
  facet normal 0 0 -1
    outer loop
      vertex 1.91342 -4.6194 33
      vertex 1.91342 4.6194 33
      vertex 3.53553 3.53553 33
    endloop
  endfacet
  facet normal 0 0 -1
    outer loop
      vertex 0 -5 33
      vertex 1.91342 4.6194 33
      vertex 1.91342 -4.6194 33
    endloop
  endfacet
  facet normal 0 0 -1
    outer loop
      vertex 0 -5 33
      vertex 0 5 33
      vertex 1.91342 4.6194 33
    endloop
  endfacet
  facet normal 0 0 -1
    outer loop
      vertex -1.91342 -4.6194 33
      vertex 0 5 33
      vertex 0 -5 33
    endloop
  endfacet
  facet normal 0 0 -1
    outer loop
      vertex -1.91342 -4.6194 33
      vertex -1.91342 4.6194 33
      vertex 0 5 33
    endloop
  endfacet
  facet normal 0 0 -1
    outer loop
      vertex -3.53553 -3.53553 33
      vertex -1.91342 4.6194 33
      vertex -1.91342 -4.6194 33
    endloop
  endfacet
  facet normal 0 0 -1
    outer loop
      vertex -3.53553 -3.53553 33
      vertex -3.53553 3.53553 33
      vertex -1.91342 4.6194 33
    endloop
  endfacet
  facet normal 0 0 -1
    outer loop
      vertex -4.6194 -1.91342 33
      vertex -3.53553 3.53553 33
      vertex -3.53553 -3.53553 33
    endloop
  endfacet
  facet normal 0 0 -1
    outer loop
      vertex -4.6194 -1.91342 33
      vertex -4.6194 1.91342 33
      vertex -3.53553 3.53553 33
    endloop
  endfacet
  facet normal 0 -0 -1
    outer loop
      vertex -4.6194 1.91342 33
      vertex -4.6194 -1.91342 33
      vertex -5 0 33
    endloop
  endfacet
  facet normal -0.406718 -0.913554 0
    outer loop
      vertex -7.5 -12.9904 33
      vertex -4.63525 -14.2658 36
      vertex -7.5 -12.9904 36
    endloop
  endfacet
  facet normal -0.406718 -0.913554 -0
    outer loop
      vertex -4.63525 -14.2658 36
      vertex -7.5 -12.9904 33
      vertex -4.63525 -14.2658 33
    endloop
  endfacet
  facet normal -0.743147 -0.669129 0
    outer loop
      vertex -6.69131 -7.43145 36
      vertex -8.09017 -5.87785 47.5
      vertex -8.09017 -5.87785 36
    endloop
  endfacet
  facet normal -0.743147 -0.669129 0
    outer loop
      vertex -8.09017 -5.87785 47.5
      vertex -6.69131 -7.43145 36
      vertex -6.69131 -7.43145 47.5
    endloop
  endfacet
  facet normal -0.743147 -0.669129 0
    outer loop
      vertex -6.69131 -7.43145 32.5
      vertex -8.09017 -5.87785 33
      vertex -8.09017 -5.87785 32.5
    endloop
  endfacet
  facet normal -0.743147 -0.669129 0
    outer loop
      vertex -8.09017 -5.87785 33
      vertex -6.69131 -7.43145 32.5
      vertex -6.69131 -7.43145 33
    endloop
  endfacet
  facet normal 0.951055 0.309021 0
    outer loop
      vertex 9.78148 2.07912 33
      vertex 9.13545 4.06737 32.5
      vertex 9.13545 4.06737 33
    endloop
  endfacet
  facet normal 0.951055 0.309021 0
    outer loop
      vertex 9.13545 4.06737 32.5
      vertex 9.78148 2.07912 33
      vertex 9.78148 2.07912 32.5
    endloop
  endfacet
  facet normal 0.951055 0.309021 0
    outer loop
      vertex 9.78148 2.07912 47.5
      vertex 9.13545 4.06737 36
      vertex 9.13545 4.06737 47.5
    endloop
  endfacet
  facet normal 0.951055 0.309021 0
    outer loop
      vertex 9.13545 4.06737 36
      vertex 9.78148 2.07912 47.5
      vertex 9.78148 2.07912 36
    endloop
  endfacet
  facet normal 0.994522 0.104526 0
    outer loop
      vertex 9.87032 1.23384 33
      vertex 9.78148 2.07912 32.5
      vertex 9.78148 2.07912 33
    endloop
  endfacet
  facet normal 0.994522 0.104526 0
    outer loop
      vertex 9.78148 2.07912 32.5
      vertex 9.87032 1.23384 33
      vertex 9.87032 1.23384 32.5
    endloop
  endfacet
  facet normal 0.994522 0.104526 0
    outer loop
      vertex 9.87032 1.23384 47.5
      vertex 9.78148 2.07912 36
      vertex 9.78148 2.07912 47.5
    endloop
  endfacet
  facet normal 0.994522 0.104526 0
    outer loop
      vertex 9.78148 2.07912 36
      vertex 9.87032 1.23384 47.5
      vertex 9.87032 1.23384 36
    endloop
  endfacet
  facet normal 0.866026 0.5 0
    outer loop
      vertex 9.13545 4.06737 33
      vertex 8.09017 5.87785 32.5
      vertex 8.09017 5.87785 33
    endloop
  endfacet
  facet normal 0.866026 0.5 0
    outer loop
      vertex 8.09017 5.87785 32.5
      vertex 9.13545 4.06737 33
      vertex 9.13545 4.06737 32.5
    endloop
  endfacet
  facet normal 0.866026 0.5 0
    outer loop
      vertex 9.13545 4.06737 47.5
      vertex 8.09017 5.87785 36
      vertex 8.09017 5.87785 47.5
    endloop
  endfacet
  facet normal 0.866026 0.5 0
    outer loop
      vertex 8.09017 5.87785 36
      vertex 9.13545 4.06737 47.5
      vertex 9.13545 4.06737 36
    endloop
  endfacet
  facet normal 0.951055 -0.309021 0
    outer loop
      vertex 9.13545 -4.06737 47.5
      vertex 9.78148 -2.07912 36
      vertex 9.78148 -2.07912 47.5
    endloop
  endfacet
  facet normal 0.951055 -0.309021 0
    outer loop
      vertex 9.78148 -2.07912 36
      vertex 9.13545 -4.06737 47.5
      vertex 9.13545 -4.06737 36
    endloop
  endfacet
  facet normal 0.951055 -0.309021 0
    outer loop
      vertex 9.13545 -4.06737 33
      vertex 9.78148 -2.07912 32.5
      vertex 9.78148 -2.07912 33
    endloop
  endfacet
  facet normal 0.951055 -0.309021 0
    outer loop
      vertex 9.78148 -2.07912 32.5
      vertex 9.13545 -4.06737 33
      vertex 9.13545 -4.06737 32.5
    endloop
  endfacet
  facet normal 0.587783 -0.809019 0
    outer loop
      vertex 5 -8.66025 36
      vertex 6.69131 -7.43145 47.5
      vertex 5 -8.66025 47.5
    endloop
  endfacet
  facet normal 0.587783 -0.809019 0
    outer loop
      vertex 6.69131 -7.43145 47.5
      vertex 5 -8.66025 36
      vertex 6.69131 -7.43145 36
    endloop
  endfacet
  facet normal 0.587783 -0.809019 0
    outer loop
      vertex 5 -8.66025 32.5
      vertex 6.69131 -7.43145 33
      vertex 5 -8.66025 33
    endloop
  endfacet
  facet normal 0.587783 -0.809019 0
    outer loop
      vertex 6.69131 -7.43145 33
      vertex 5 -8.66025 32.5
      vertex 6.69131 -7.43145 32.5
    endloop
  endfacet
  facet normal 0.743147 -0.669129 0
    outer loop
      vertex 6.69131 -7.43145 33
      vertex 8.09017 -5.87785 32.5
      vertex 8.09017 -5.87785 33
    endloop
  endfacet
  facet normal 0.743147 -0.669129 0
    outer loop
      vertex 8.09017 -5.87785 32.5
      vertex 6.69131 -7.43145 33
      vertex 6.69131 -7.43145 32.5
    endloop
  endfacet
  facet normal 0.743147 -0.669129 0
    outer loop
      vertex 6.69131 -7.43145 47.5
      vertex 8.09017 -5.87785 36
      vertex 8.09017 -5.87785 47.5
    endloop
  endfacet
  facet normal 0.743147 -0.669129 0
    outer loop
      vertex 8.09017 -5.87785 36
      vertex 6.69131 -7.43145 47.5
      vertex 6.69131 -7.43145 36
    endloop
  endfacet
  facet normal 0.994522 -0.104526 0
    outer loop
      vertex 9.78148 -2.07912 47.5
      vertex 9.87032 -1.23384 36
      vertex 9.87032 -1.23384 47.5
    endloop
  endfacet
  facet normal 0.994522 -0.104526 0
    outer loop
      vertex 9.87032 -1.23384 36
      vertex 9.78148 -2.07912 47.5
      vertex 9.78148 -2.07912 36
    endloop
  endfacet
  facet normal 0.994522 -0.104526 0
    outer loop
      vertex 9.78148 -2.07912 33
      vertex 9.87032 -1.23384 32.5
      vertex 9.87032 -1.23384 33
    endloop
  endfacet
  facet normal 0.994522 -0.104526 0
    outer loop
      vertex 9.87032 -1.23384 32.5
      vertex 9.78148 -2.07912 33
      vertex 9.78148 -2.07912 32.5
    endloop
  endfacet
  facet normal -0.406736 -0.913546 0
    outer loop
      vertex -5 -8.66025 36
      vertex -3.09017 -9.51056 47.5
      vertex -5 -8.66025 47.5
    endloop
  endfacet
  facet normal -0.406736 -0.913546 -0
    outer loop
      vertex -3.09017 -9.51056 47.5
      vertex -5 -8.66025 36
      vertex -3.09017 -9.51056 36
    endloop
  endfacet
  facet normal -0.406736 -0.913546 0
    outer loop
      vertex -5 -8.66025 32.5
      vertex -3.09017 -9.51056 33
      vertex -5 -8.66025 33
    endloop
  endfacet
  facet normal -0.406736 -0.913546 -0
    outer loop
      vertex -3.09017 -9.51056 33
      vertex -5 -8.66025 32.5
      vertex -3.09017 -9.51056 32.5
    endloop
  endfacet
  facet normal 0.406736 0.913546 -0
    outer loop
      vertex 5 8.66025 36
      vertex 3.09017 9.51056 47.5
      vertex 5 8.66025 47.5
    endloop
  endfacet
  facet normal 0.406736 0.913546 0
    outer loop
      vertex 3.09017 9.51056 47.5
      vertex 5 8.66025 36
      vertex 3.09017 9.51056 36
    endloop
  endfacet
  facet normal 0.406736 0.913546 -0
    outer loop
      vertex 5 8.66025 32.5
      vertex 3.09017 9.51056 33
      vertex 5 8.66025 33
    endloop
  endfacet
  facet normal 0.406736 0.913546 0
    outer loop
      vertex 3.09017 9.51056 33
      vertex 5 8.66025 32.5
      vertex 3.09017 9.51056 32.5
    endloop
  endfacet
  facet normal 0.743147 0.669129 0
    outer loop
      vertex 8.09017 5.87785 33
      vertex 6.69131 7.43145 32.5
      vertex 6.69131 7.43145 33
    endloop
  endfacet
  facet normal 0.743147 0.669129 0
    outer loop
      vertex 6.69131 7.43145 32.5
      vertex 8.09017 5.87785 33
      vertex 8.09017 5.87785 32.5
    endloop
  endfacet
  facet normal 0.743147 0.669129 0
    outer loop
      vertex 8.09017 5.87785 47.5
      vertex 6.69131 7.43145 36
      vertex 6.69131 7.43145 47.5
    endloop
  endfacet
  facet normal 0.743147 0.669129 0
    outer loop
      vertex 6.69131 7.43145 36
      vertex 8.09017 5.87785 47.5
      vertex 8.09017 5.87785 36
    endloop
  endfacet
  facet normal -0.587783 -0.809019 0
    outer loop
      vertex -6.69131 -7.43145 36
      vertex -5 -8.66025 47.5
      vertex -6.69131 -7.43145 47.5
    endloop
  endfacet
  facet normal -0.587783 -0.809019 -0
    outer loop
      vertex -5 -8.66025 47.5
      vertex -6.69131 -7.43145 36
      vertex -5 -8.66025 36
    endloop
  endfacet
  facet normal -0.587783 -0.809019 0
    outer loop
      vertex -6.69131 -7.43145 32.5
      vertex -5 -8.66025 33
      vertex -6.69131 -7.43145 33
    endloop
  endfacet
  facet normal -0.587783 -0.809019 -0
    outer loop
      vertex -5 -8.66025 33
      vertex -6.69131 -7.43145 32.5
      vertex -5 -8.66025 32.5
    endloop
  endfacet
  facet normal -0.743147 0.669129 0
    outer loop
      vertex -8.09017 5.87785 36
      vertex -6.69131 7.43145 47.5
      vertex -6.69131 7.43145 36
    endloop
  endfacet
  facet normal -0.743147 0.669129 0
    outer loop
      vertex -6.69131 7.43145 47.5
      vertex -8.09017 5.87785 36
      vertex -8.09017 5.87785 47.5
    endloop
  endfacet
  facet normal -0.743147 0.669129 0
    outer loop
      vertex -8.09017 5.87785 32.5
      vertex -6.69131 7.43145 33
      vertex -6.69131 7.43145 32.5
    endloop
  endfacet
  facet normal -0.743147 0.669129 0
    outer loop
      vertex -6.69131 7.43145 33
      vertex -8.09017 5.87785 32.5
      vertex -8.09017 5.87785 33
    endloop
  endfacet
  facet normal 0.406736 -0.913546 0
    outer loop
      vertex 3.09017 -9.51056 36
      vertex 5 -8.66025 47.5
      vertex 3.09017 -9.51056 47.5
    endloop
  endfacet
  facet normal 0.406736 -0.913546 0
    outer loop
      vertex 5 -8.66025 47.5
      vertex 3.09017 -9.51056 36
      vertex 5 -8.66025 36
    endloop
  endfacet
  facet normal 0.406736 -0.913546 0
    outer loop
      vertex 3.09017 -9.51056 32.5
      vertex 5 -8.66025 33
      vertex 3.09017 -9.51056 33
    endloop
  endfacet
  facet normal 0.406736 -0.913546 0
    outer loop
      vertex 5 -8.66025 33
      vertex 3.09017 -9.51056 32.5
      vertex 5 -8.66025 32.5
    endloop
  endfacet
  facet normal 0.207914 -0.978147 0
    outer loop
      vertex 1.24442 -9.90289 36
      vertex 3.09017 -9.51056 47.5
      vertex 1.24442 -9.90289 47.5
    endloop
  endfacet
  facet normal 0.207914 -0.978147 0
    outer loop
      vertex 3.09017 -9.51056 47.5
      vertex 1.24442 -9.90289 36
      vertex 3.09017 -9.51056 36
    endloop
  endfacet
  facet normal 0.207914 -0.978147 0
    outer loop
      vertex 1.24442 -9.90289 32.5
      vertex 3.09017 -9.51056 33
      vertex 1.24442 -9.90289 33
    endloop
  endfacet
  facet normal 0.207914 -0.978147 0
    outer loop
      vertex 3.09017 -9.51056 33
      vertex 1.24442 -9.90289 32.5
      vertex 3.09017 -9.51056 32.5
    endloop
  endfacet
  facet normal -0.951055 0.309021 0
    outer loop
      vertex -9.78148 2.07912 32.5
      vertex -9.13545 4.06737 33
      vertex -9.13545 4.06737 32.5
    endloop
  endfacet
  facet normal -0.951055 0.309021 0
    outer loop
      vertex -9.13545 4.06737 33
      vertex -9.78148 2.07912 32.5
      vertex -9.78148 2.07912 33
    endloop
  endfacet
  facet normal -0.951055 0.309021 0
    outer loop
      vertex -9.78148 2.07912 36
      vertex -9.13545 4.06737 47.5
      vertex -9.13545 4.06737 36
    endloop
  endfacet
  facet normal -0.951055 0.309021 0
    outer loop
      vertex -9.13545 4.06737 47.5
      vertex -9.78148 2.07912 36
      vertex -9.78148 2.07912 47.5
    endloop
  endfacet
  facet normal 0 0 -1
    outer loop
      vertex 8.78647 -0.881678 32.5
      vertex 9.78148 -2.07912 32.5
      vertex 9.13545 -4.06737 32.5
    endloop
  endfacet
  facet normal 0 0 -1
    outer loop
      vertex 9.78148 -2.07912 32.5
      vertex 8.78647 -0.881678 32.5
      vertex 9.87032 -1.23384 32.5
    endloop
  endfacet
  facet normal 0 0 -1
    outer loop
      vertex 9.13545 -4.06737 32.5
      vertex 4.6194 -1.91342 32.5
      vertex 8.78647 -0.881678 32.5
    endloop
  endfacet
  facet normal 0 0 -1
    outer loop
      vertex 4.6194 -1.91342 32.5
      vertex 9.13545 -4.06737 32.5
      vertex 8.09017 -5.87785 32.5
    endloop
  endfacet
  facet normal 0 0 -1
    outer loop
      vertex 8.78647 0.881678 32.5
      vertex 9.78148 2.07912 32.5
      vertex 9.87032 1.23384 32.5
    endloop
  endfacet
  facet normal -0 0 -1
    outer loop
      vertex 9.78148 2.07912 32.5
      vertex 8.78647 0.881678 32.5
      vertex 9.13545 4.06737 32.5
    endloop
  endfacet
  facet normal 0 0 -1
    outer loop
      vertex 4.6194 1.91342 32.5
      vertex 9.13545 4.06737 32.5
      vertex 8.78647 0.881678 32.5
    endloop
  endfacet
  facet normal 0 -0 -1
    outer loop
      vertex 5 0 32.5
      vertex 8.78647 -0.881678 32.5
      vertex 4.6194 -1.91342 32.5
    endloop
  endfacet
  facet normal 0 0 -1
    outer loop
      vertex 3.53553 -3.53553 32.5
      vertex 8.09017 -5.87785 32.5
      vertex 6.69131 -7.43145 32.5
    endloop
  endfacet
  facet normal 0 0 -1
    outer loop
      vertex 4.6194 1.91342 32.5
      vertex 8.78647 0.881678 32.5
      vertex 5 0 32.5
    endloop
  endfacet
  facet normal 0 0 -1
    outer loop
      vertex 3.53553 -3.53553 32.5
      vertex 6.69131 -7.43145 32.5
      vertex 5 -8.66025 32.5
    endloop
  endfacet
  facet normal -0 0 -1
    outer loop
      vertex 9.13545 4.06737 32.5
      vertex 4.6194 1.91342 32.5
      vertex 8.09017 5.87785 32.5
    endloop
  endfacet
  facet normal 0 0 -1
    outer loop
      vertex 3.53553 3.53553 32.5
      vertex 8.09017 5.87785 32.5
      vertex 4.6194 1.91342 32.5
    endloop
  endfacet
  facet normal -0 0 -1
    outer loop
      vertex 8.09017 5.87785 32.5
      vertex 3.53553 3.53553 32.5
      vertex 6.69131 7.43145 32.5
    endloop
  endfacet
  facet normal -0 0 -1
    outer loop
      vertex 6.69131 7.43145 32.5
      vertex 3.53553 3.53553 32.5
      vertex 5 8.66025 32.5
    endloop
  endfacet
  facet normal 0 0 -1
    outer loop
      vertex 1.91342 4.6194 32.5
      vertex 5 8.66025 32.5
      vertex 3.53553 3.53553 32.5
    endloop
  endfacet
  facet normal -0 0 -1
    outer loop
      vertex 5 8.66025 32.5
      vertex 1.91342 4.6194 32.5
      vertex 3.09017 9.51056 32.5
    endloop
  endfacet
  facet normal 0 0 -1
    outer loop
      vertex 0.881678 8.78647 32.5
      vertex 3.09017 9.51056 32.5
      vertex 1.91342 4.6194 32.5
    endloop
  endfacet
  facet normal -0 0 -1
    outer loop
      vertex 3.09017 9.51056 32.5
      vertex 0.881678 8.78647 32.5
      vertex 1.24442 9.90289 32.5
    endloop
  endfacet
  facet normal 0 0 -1
    outer loop
      vertex 0 5 32.5
      vertex 0.881678 8.78647 32.5
      vertex 1.91342 4.6194 32.5
    endloop
  endfacet
  facet normal 0 0 -1
    outer loop
      vertex 0 5 32.5
      vertex -0.881678 8.78647 32.5
      vertex 0.881678 8.78647 32.5
    endloop
  endfacet
  facet normal 0 0 -1
    outer loop
      vertex -1.91342 4.6194 32.5
      vertex -0.881678 8.78647 32.5
      vertex 0 5 32.5
    endloop
  endfacet
  facet normal 0 0 -1
    outer loop
      vertex -3.09017 9.51056 32.5
      vertex -0.881678 8.78647 32.5
      vertex -1.91342 4.6194 32.5
    endloop
  endfacet
  facet normal 0 0 -1
    outer loop
      vertex -0.881678 8.78647 32.5
      vertex -3.09017 9.51056 32.5
      vertex -1.24442 9.90289 32.5
    endloop
  endfacet
  facet normal 0 0 -1
    outer loop
      vertex -5 8.66025 32.5
      vertex -1.91342 4.6194 32.5
      vertex -3.53553 3.53553 32.5
    endloop
  endfacet
  facet normal 0 0 -1
    outer loop
      vertex -8.09017 5.87785 32.5
      vertex -3.53553 3.53553 32.5
      vertex -4.6194 1.91342 32.5
    endloop
  endfacet
  facet normal 0 0 -1
    outer loop
      vertex -1.91342 4.6194 32.5
      vertex -5 8.66025 32.5
      vertex -3.09017 9.51056 32.5
    endloop
  endfacet
  facet normal 0 0 -1
    outer loop
      vertex -8.78647 0.881678 32.5
      vertex -4.6194 1.91342 32.5
      vertex -5 0 32.5
    endloop
  endfacet
  facet normal 0 0 -1
    outer loop
      vertex 8.78647 -0.881678 32.5
      vertex 5 0 32.5
      vertex 8.78647 0.881678 32.5
    endloop
  endfacet
  facet normal 0 0 -1
    outer loop
      vertex 8.09017 -5.87785 32.5
      vertex 3.53553 -3.53553 32.5
      vertex 4.6194 -1.91342 32.5
    endloop
  endfacet
  facet normal 0 0 -1
    outer loop
      vertex 1.91342 -4.6194 32.5
      vertex 5 -8.66025 32.5
      vertex 3.09017 -9.51056 32.5
    endloop
  endfacet
  facet normal 0 0 -1
    outer loop
      vertex 5 -8.66025 32.5
      vertex 1.91342 -4.6194 32.5
      vertex 3.53553 -3.53553 32.5
    endloop
  endfacet
  facet normal 0 0 -1
    outer loop
      vertex 0.881678 -8.78647 32.5
      vertex 3.09017 -9.51056 32.5
      vertex 1.24442 -9.90289 32.5
    endloop
  endfacet
  facet normal 0 0 -1
    outer loop
      vertex 3.09017 -9.51056 32.5
      vertex 0.881678 -8.78647 32.5
      vertex 1.91342 -4.6194 32.5
    endloop
  endfacet
  facet normal 0 0 -1
    outer loop
      vertex 0.881678 -8.78647 32.5
      vertex 0 -5 32.5
      vertex 1.91342 -4.6194 32.5
    endloop
  endfacet
  facet normal 0 0 -1
    outer loop
      vertex -0.881678 -8.78647 32.5
      vertex 0 -5 32.5
      vertex 0.881678 -8.78647 32.5
    endloop
  endfacet
  facet normal 0 0 -1
    outer loop
      vertex -3.09017 -9.51056 32.5
      vertex -0.881678 -8.78647 32.5
      vertex -1.24442 -9.90289 32.5
    endloop
  endfacet
  facet normal 0 0 -1
    outer loop
      vertex -0.881678 -8.78647 32.5
      vertex -1.91342 -4.6194 32.5
      vertex 0 -5 32.5
    endloop
  endfacet
  facet normal -0 0 -1
    outer loop
      vertex -0.881678 -8.78647 32.5
      vertex -3.09017 -9.51056 32.5
      vertex -1.91342 -4.6194 32.5
    endloop
  endfacet
  facet normal 0 0 -1
    outer loop
      vertex -5 -8.66025 32.5
      vertex -1.91342 -4.6194 32.5
      vertex -3.09017 -9.51056 32.5
    endloop
  endfacet
  facet normal -0 0 -1
    outer loop
      vertex -1.91342 -4.6194 32.5
      vertex -5 -8.66025 32.5
      vertex -3.53553 -3.53553 32.5
    endloop
  endfacet
  facet normal 0 0 -1
    outer loop
      vertex -6.69131 -7.43145 32.5
      vertex -3.53553 -3.53553 32.5
      vertex -5 -8.66025 32.5
    endloop
  endfacet
  facet normal 0 0 -1
    outer loop
      vertex -8.09017 -5.87785 32.5
      vertex -3.53553 -3.53553 32.5
      vertex -6.69131 -7.43145 32.5
    endloop
  endfacet
  facet normal -0 0 -1
    outer loop
      vertex -3.53553 -3.53553 32.5
      vertex -8.09017 -5.87785 32.5
      vertex -4.6194 -1.91342 32.5
    endloop
  endfacet
  facet normal 0 0 -1
    outer loop
      vertex -9.13545 -4.06737 32.5
      vertex -4.6194 -1.91342 32.5
      vertex -8.09017 -5.87785 32.5
    endloop
  endfacet
  facet normal 0 0 -1
    outer loop
      vertex -8.78647 0.881678 32.5
      vertex -5 0 32.5
      vertex -8.78647 -0.881678 32.5
    endloop
  endfacet
  facet normal 0 -0 -1
    outer loop
      vertex -8.78647 -0.881678 32.5
      vertex -4.6194 -1.91342 32.5
      vertex -9.13545 -4.06737 32.5
    endloop
  endfacet
  facet normal -0 0 -1
    outer loop
      vertex -4.6194 1.91342 32.5
      vertex -8.78647 0.881678 32.5
      vertex -9.13545 4.06737 32.5
    endloop
  endfacet
  facet normal 0 0 -1
    outer loop
      vertex -3.53553 3.53553 32.5
      vertex -6.69131 7.43145 32.5
      vertex -5 8.66025 32.5
    endloop
  endfacet
  facet normal 0 0 -1
    outer loop
      vertex -4.6194 -1.91342 32.5
      vertex -8.78647 -0.881678 32.5
      vertex -5 0 32.5
    endloop
  endfacet
  facet normal 0 0 -1
    outer loop
      vertex -9.78148 -2.07912 32.5
      vertex -8.78647 -0.881678 32.5
      vertex -9.13545 -4.06737 32.5
    endloop
  endfacet
  facet normal 0 0 -1
    outer loop
      vertex -8.78647 -0.881678 32.5
      vertex -9.78148 -2.07912 32.5
      vertex -9.87032 -1.23384 32.5
    endloop
  endfacet
  facet normal 0 0 -1
    outer loop
      vertex -3.53553 3.53553 32.5
      vertex -8.09017 5.87785 32.5
      vertex -6.69131 7.43145 32.5
    endloop
  endfacet
  facet normal 0 0 -1
    outer loop
      vertex -4.6194 1.91342 32.5
      vertex -9.13545 4.06737 32.5
      vertex -8.09017 5.87785 32.5
    endloop
  endfacet
  facet normal 0 0 -1
    outer loop
      vertex -8.78647 0.881678 32.5
      vertex -9.78148 2.07912 32.5
      vertex -9.13545 4.06737 32.5
    endloop
  endfacet
  facet normal 0 -0 -1
    outer loop
      vertex -9.78148 2.07912 32.5
      vertex -8.78647 0.881678 32.5
      vertex -9.87032 1.23384 32.5
    endloop
  endfacet
  facet normal -0.951055 -0.309021 0
    outer loop
      vertex -9.13545 -4.06737 36
      vertex -9.78148 -2.07912 47.5
      vertex -9.78148 -2.07912 36
    endloop
  endfacet
  facet normal -0.951055 -0.309021 0
    outer loop
      vertex -9.78148 -2.07912 47.5
      vertex -9.13545 -4.06737 36
      vertex -9.13545 -4.06737 47.5
    endloop
  endfacet
  facet normal -0.951055 -0.309021 0
    outer loop
      vertex -9.13545 -4.06737 32.5
      vertex -9.78148 -2.07912 33
      vertex -9.78148 -2.07912 32.5
    endloop
  endfacet
  facet normal -0.951055 -0.309021 0
    outer loop
      vertex -9.78148 -2.07912 33
      vertex -9.13545 -4.06737 32.5
      vertex -9.13545 -4.06737 33
    endloop
  endfacet
  facet normal -0.406736 0.913546 0
    outer loop
      vertex -3.09017 9.51056 36
      vertex -5 8.66025 47.5
      vertex -3.09017 9.51056 47.5
    endloop
  endfacet
  facet normal -0.406736 0.913546 0
    outer loop
      vertex -5 8.66025 47.5
      vertex -3.09017 9.51056 36
      vertex -5 8.66025 36
    endloop
  endfacet
  facet normal -0.406736 0.913546 0
    outer loop
      vertex -3.09017 9.51056 32.5
      vertex -5 8.66025 33
      vertex -3.09017 9.51056 33
    endloop
  endfacet
  facet normal -0.406736 0.913546 0
    outer loop
      vertex -5 8.66025 33
      vertex -3.09017 9.51056 32.5
      vertex -5 8.66025 32.5
    endloop
  endfacet
  facet normal 0 0 1
    outer loop
      vertex 8.78647 0.881678 47.5
      vertex 9.78148 2.07912 47.5
      vertex 9.13545 4.06737 47.5
    endloop
  endfacet
  facet normal 0 0 1
    outer loop
      vertex 9.78148 2.07912 47.5
      vertex 8.78647 0.881678 47.5
      vertex 9.87032 1.23384 47.5
    endloop
  endfacet
  facet normal 0 0 1
    outer loop
      vertex 9.13545 4.06737 47.5
      vertex 4.6194 1.91342 47.5
      vertex 8.78647 0.881678 47.5
    endloop
  endfacet
  facet normal 0 0 1
    outer loop
      vertex 4.6194 1.91342 47.5
      vertex 9.13545 4.06737 47.5
      vertex 8.09017 5.87785 47.5
    endloop
  endfacet
  facet normal 0 0 1
    outer loop
      vertex 8.78647 -0.881678 47.5
      vertex 9.78148 -2.07912 47.5
      vertex 9.87032 -1.23384 47.5
    endloop
  endfacet
  facet normal 0 0 1
    outer loop
      vertex 9.78148 -2.07912 47.5
      vertex 8.78647 -0.881678 47.5
      vertex 9.13545 -4.06737 47.5
    endloop
  endfacet
  facet normal -0 0 1
    outer loop
      vertex 4.6194 -1.91342 47.5
      vertex 9.13545 -4.06737 47.5
      vertex 8.78647 -0.881678 47.5
    endloop
  endfacet
  facet normal 0 -0 1
    outer loop
      vertex 5 0 47.5
      vertex 8.78647 0.881678 47.5
      vertex 4.6194 1.91342 47.5
    endloop
  endfacet
  facet normal 0 0 1
    outer loop
      vertex 3.53553 3.53553 47.5
      vertex 8.09017 5.87785 47.5
      vertex 6.69131 7.43145 47.5
    endloop
  endfacet
  facet normal 0 0 1
    outer loop
      vertex 4.6194 -1.91342 47.5
      vertex 8.78647 -0.881678 47.5
      vertex 5 0 47.5
    endloop
  endfacet
  facet normal 0 0 1
    outer loop
      vertex 3.53553 3.53553 47.5
      vertex 6.69131 7.43145 47.5
      vertex 5 8.66025 47.5
    endloop
  endfacet
  facet normal 0 0 1
    outer loop
      vertex 9.13545 -4.06737 47.5
      vertex 4.6194 -1.91342 47.5
      vertex 8.09017 -5.87785 47.5
    endloop
  endfacet
  facet normal -0 0 1
    outer loop
      vertex 3.53553 -3.53553 47.5
      vertex 8.09017 -5.87785 47.5
      vertex 4.6194 -1.91342 47.5
    endloop
  endfacet
  facet normal 0 0 1
    outer loop
      vertex 8.09017 -5.87785 47.5
      vertex 3.53553 -3.53553 47.5
      vertex 6.69131 -7.43145 47.5
    endloop
  endfacet
  facet normal 0 0 1
    outer loop
      vertex 6.69131 -7.43145 47.5
      vertex 3.53553 -3.53553 47.5
      vertex 5 -8.66025 47.5
    endloop
  endfacet
  facet normal -0 0 1
    outer loop
      vertex 1.91342 -4.6194 47.5
      vertex 5 -8.66025 47.5
      vertex 3.53553 -3.53553 47.5
    endloop
  endfacet
  facet normal 0 0 1
    outer loop
      vertex 5 -8.66025 47.5
      vertex 1.91342 -4.6194 47.5
      vertex 3.09017 -9.51056 47.5
    endloop
  endfacet
  facet normal -0 0 1
    outer loop
      vertex 0.881678 -8.78647 47.5
      vertex 3.09017 -9.51056 47.5
      vertex 1.91342 -4.6194 47.5
    endloop
  endfacet
  facet normal 0 0 1
    outer loop
      vertex 3.09017 -9.51056 47.5
      vertex 0.881678 -8.78647 47.5
      vertex 1.24442 -9.90289 47.5
    endloop
  endfacet
  facet normal -0 0 1
    outer loop
      vertex 0 -5 47.5
      vertex 0.881678 -8.78647 47.5
      vertex 1.91342 -4.6194 47.5
    endloop
  endfacet
  facet normal 0 0 1
    outer loop
      vertex 0 -5 47.5
      vertex -0.881678 -8.78647 47.5
      vertex 0.881678 -8.78647 47.5
    endloop
  endfacet
  facet normal 0 0 1
    outer loop
      vertex -1.91342 -4.6194 47.5
      vertex -0.881678 -8.78647 47.5
      vertex 0 -5 47.5
    endloop
  endfacet
  facet normal 0 0 1
    outer loop
      vertex -3.09017 -9.51056 47.5
      vertex -0.881678 -8.78647 47.5
      vertex -1.91342 -4.6194 47.5
    endloop
  endfacet
  facet normal 0 0 1
    outer loop
      vertex -0.881678 -8.78647 47.5
      vertex -3.09017 -9.51056 47.5
      vertex -1.24442 -9.90289 47.5
    endloop
  endfacet
  facet normal 0 0 1
    outer loop
      vertex -5 -8.66025 47.5
      vertex -1.91342 -4.6194 47.5
      vertex -3.53553 -3.53553 47.5
    endloop
  endfacet
  facet normal 0 0 1
    outer loop
      vertex -8.09017 -5.87785 47.5
      vertex -3.53553 -3.53553 47.5
      vertex -4.6194 -1.91342 47.5
    endloop
  endfacet
  facet normal 0 0 1
    outer loop
      vertex -1.91342 -4.6194 47.5
      vertex -5 -8.66025 47.5
      vertex -3.09017 -9.51056 47.5
    endloop
  endfacet
  facet normal -0 0 1
    outer loop
      vertex -8.78647 -0.881678 47.5
      vertex -4.6194 -1.91342 47.5
      vertex -5 0 47.5
    endloop
  endfacet
  facet normal 0 0 1
    outer loop
      vertex 8.78647 0.881678 47.5
      vertex 5 0 47.5
      vertex 8.78647 -0.881678 47.5
    endloop
  endfacet
  facet normal 0 0 1
    outer loop
      vertex 8.09017 5.87785 47.5
      vertex 3.53553 3.53553 47.5
      vertex 4.6194 1.91342 47.5
    endloop
  endfacet
  facet normal 0 0 1
    outer loop
      vertex 1.91342 4.6194 47.5
      vertex 5 8.66025 47.5
      vertex 3.09017 9.51056 47.5
    endloop
  endfacet
  facet normal 0 0 1
    outer loop
      vertex 5 8.66025 47.5
      vertex 1.91342 4.6194 47.5
      vertex 3.53553 3.53553 47.5
    endloop
  endfacet
  facet normal 0 0 1
    outer loop
      vertex 0.881678 8.78647 47.5
      vertex 3.09017 9.51056 47.5
      vertex 1.24442 9.90289 47.5
    endloop
  endfacet
  facet normal 0 0 1
    outer loop
      vertex 3.09017 9.51056 47.5
      vertex 0.881678 8.78647 47.5
      vertex 1.91342 4.6194 47.5
    endloop
  endfacet
  facet normal 0 0 1
    outer loop
      vertex 0.881678 8.78647 47.5
      vertex 0 5 47.5
      vertex 1.91342 4.6194 47.5
    endloop
  endfacet
  facet normal -0 0 1
    outer loop
      vertex -0.881678 8.78647 47.5
      vertex 0 5 47.5
      vertex 0.881678 8.78647 47.5
    endloop
  endfacet
  facet normal -0 0 1
    outer loop
      vertex -3.09017 9.51056 47.5
      vertex -0.881678 8.78647 47.5
      vertex -1.24442 9.90289 47.5
    endloop
  endfacet
  facet normal 0 0 1
    outer loop
      vertex -0.881678 8.78647 47.5
      vertex -1.91342 4.6194 47.5
      vertex 0 5 47.5
    endloop
  endfacet
  facet normal 0 0 1
    outer loop
      vertex -0.881678 8.78647 47.5
      vertex -3.09017 9.51056 47.5
      vertex -1.91342 4.6194 47.5
    endloop
  endfacet
  facet normal -0 0 1
    outer loop
      vertex -5 8.66025 47.5
      vertex -1.91342 4.6194 47.5
      vertex -3.09017 9.51056 47.5
    endloop
  endfacet
  facet normal 0 0 1
    outer loop
      vertex -1.91342 4.6194 47.5
      vertex -5 8.66025 47.5
      vertex -3.53553 3.53553 47.5
    endloop
  endfacet
  facet normal -0 0 1
    outer loop
      vertex -6.69131 7.43145 47.5
      vertex -3.53553 3.53553 47.5
      vertex -5 8.66025 47.5
    endloop
  endfacet
  facet normal -0 0 1
    outer loop
      vertex -8.09017 5.87785 47.5
      vertex -3.53553 3.53553 47.5
      vertex -6.69131 7.43145 47.5
    endloop
  endfacet
  facet normal 0 0 1
    outer loop
      vertex -3.53553 3.53553 47.5
      vertex -8.09017 5.87785 47.5
      vertex -4.6194 1.91342 47.5
    endloop
  endfacet
  facet normal -0 0 1
    outer loop
      vertex -9.13545 4.06737 47.5
      vertex -4.6194 1.91342 47.5
      vertex -8.09017 5.87785 47.5
    endloop
  endfacet
  facet normal 0 0 1
    outer loop
      vertex -8.78647 -0.881678 47.5
      vertex -5 0 47.5
      vertex -8.78647 0.881678 47.5
    endloop
  endfacet
  facet normal 0 -0 1
    outer loop
      vertex -8.78647 0.881678 47.5
      vertex -4.6194 1.91342 47.5
      vertex -9.13545 4.06737 47.5
    endloop
  endfacet
  facet normal 0 0 1
    outer loop
      vertex -4.6194 -1.91342 47.5
      vertex -8.78647 -0.881678 47.5
      vertex -9.13545 -4.06737 47.5
    endloop
  endfacet
  facet normal 0 0 1
    outer loop
      vertex -3.53553 -3.53553 47.5
      vertex -6.69131 -7.43145 47.5
      vertex -5 -8.66025 47.5
    endloop
  endfacet
  facet normal 0 0 1
    outer loop
      vertex -4.6194 1.91342 47.5
      vertex -8.78647 0.881678 47.5
      vertex -5 0 47.5
    endloop
  endfacet
  facet normal -0 0 1
    outer loop
      vertex -9.78148 2.07912 47.5
      vertex -8.78647 0.881678 47.5
      vertex -9.13545 4.06737 47.5
    endloop
  endfacet
  facet normal 0 0 1
    outer loop
      vertex -8.78647 0.881678 47.5
      vertex -9.78148 2.07912 47.5
      vertex -9.87032 1.23384 47.5
    endloop
  endfacet
  facet normal 0 0 1
    outer loop
      vertex -3.53553 -3.53553 47.5
      vertex -8.09017 -5.87785 47.5
      vertex -6.69131 -7.43145 47.5
    endloop
  endfacet
  facet normal 0 0 1
    outer loop
      vertex -4.6194 -1.91342 47.5
      vertex -9.13545 -4.06737 47.5
      vertex -8.09017 -5.87785 47.5
    endloop
  endfacet
  facet normal 0 0 1
    outer loop
      vertex -8.78647 -0.881678 47.5
      vertex -9.78148 -2.07912 47.5
      vertex -9.13545 -4.06737 47.5
    endloop
  endfacet
  facet normal 0 -0 1
    outer loop
      vertex -9.78148 -2.07912 47.5
      vertex -8.78647 -0.881678 47.5
      vertex -9.87032 -1.23384 47.5
    endloop
  endfacet
  facet normal -0.207914 -0.978147 0
    outer loop
      vertex -3.09017 -9.51056 36
      vertex -1.24442 -9.90289 47.5
      vertex -3.09017 -9.51056 47.5
    endloop
  endfacet
  facet normal -0.207914 -0.978147 -0
    outer loop
      vertex -1.24442 -9.90289 47.5
      vertex -3.09017 -9.51056 36
      vertex -1.24442 -9.90289 36
    endloop
  endfacet
  facet normal -0.207914 -0.978147 0
    outer loop
      vertex -3.09017 -9.51056 32.5
      vertex -1.24442 -9.90289 33
      vertex -3.09017 -9.51056 33
    endloop
  endfacet
  facet normal -0.207914 -0.978147 -0
    outer loop
      vertex -1.24442 -9.90289 33
      vertex -3.09017 -9.51056 32.5
      vertex -1.24442 -9.90289 32.5
    endloop
  endfacet
  facet normal 0.207914 0.978147 -0
    outer loop
      vertex 3.09017 9.51056 36
      vertex 1.24442 9.90289 47.5
      vertex 3.09017 9.51056 47.5
    endloop
  endfacet
  facet normal 0.207914 0.978147 0
    outer loop
      vertex 1.24442 9.90289 47.5
      vertex 3.09017 9.51056 36
      vertex 1.24442 9.90289 36
    endloop
  endfacet
  facet normal 0.207914 0.978147 -0
    outer loop
      vertex 3.09017 9.51056 32.5
      vertex 1.24442 9.90289 33
      vertex 3.09017 9.51056 33
    endloop
  endfacet
  facet normal 0.207914 0.978147 0
    outer loop
      vertex 1.24442 9.90289 33
      vertex 3.09017 9.51056 32.5
      vertex 1.24442 9.90289 32.5
    endloop
  endfacet
  facet normal -0.994522 -0.104526 0
    outer loop
      vertex -9.78148 -2.07912 36
      vertex -9.87032 -1.23384 47.5
      vertex -9.87032 -1.23384 36
    endloop
  endfacet
  facet normal -0.994522 -0.104526 0
    outer loop
      vertex -9.87032 -1.23384 47.5
      vertex -9.78148 -2.07912 36
      vertex -9.78148 -2.07912 47.5
    endloop
  endfacet
  facet normal -0.994522 -0.104526 0
    outer loop
      vertex -9.78148 -2.07912 32.5
      vertex -9.87032 -1.23384 33
      vertex -9.87032 -1.23384 32.5
    endloop
  endfacet
  facet normal -0.994522 -0.104526 0
    outer loop
      vertex -9.87032 -1.23384 33
      vertex -9.78148 -2.07912 32.5
      vertex -9.78148 -2.07912 33
    endloop
  endfacet
  facet normal -0.866026 -0.5 0
    outer loop
      vertex -8.09017 -5.87785 36
      vertex -9.13545 -4.06737 47.5
      vertex -9.13545 -4.06737 36
    endloop
  endfacet
  facet normal -0.866026 -0.5 0
    outer loop
      vertex -9.13545 -4.06737 47.5
      vertex -8.09017 -5.87785 36
      vertex -8.09017 -5.87785 47.5
    endloop
  endfacet
  facet normal -0.866026 -0.5 0
    outer loop
      vertex -8.09017 -5.87785 32.5
      vertex -9.13545 -4.06737 33
      vertex -9.13545 -4.06737 32.5
    endloop
  endfacet
  facet normal -0.866026 -0.5 0
    outer loop
      vertex -9.13545 -4.06737 33
      vertex -8.09017 -5.87785 32.5
      vertex -8.09017 -5.87785 33
    endloop
  endfacet
  facet normal -0.866026 0.5 0
    outer loop
      vertex -9.13545 4.06737 32.5
      vertex -8.09017 5.87785 33
      vertex -8.09017 5.87785 32.5
    endloop
  endfacet
  facet normal -0.866026 0.5 0
    outer loop
      vertex -8.09017 5.87785 33
      vertex -9.13545 4.06737 32.5
      vertex -9.13545 4.06737 33
    endloop
  endfacet
  facet normal -0.866026 0.5 0
    outer loop
      vertex -9.13545 4.06737 36
      vertex -8.09017 5.87785 47.5
      vertex -8.09017 5.87785 36
    endloop
  endfacet
  facet normal -0.866026 0.5 0
    outer loop
      vertex -8.09017 5.87785 47.5
      vertex -9.13545 4.06737 36
      vertex -9.13545 4.06737 47.5
    endloop
  endfacet
  facet normal 0.866026 -0.5 0
    outer loop
      vertex 8.09017 -5.87785 47.5
      vertex 9.13545 -4.06737 36
      vertex 9.13545 -4.06737 47.5
    endloop
  endfacet
  facet normal 0.866026 -0.5 0
    outer loop
      vertex 9.13545 -4.06737 36
      vertex 8.09017 -5.87785 47.5
      vertex 8.09017 -5.87785 36
    endloop
  endfacet
  facet normal 0.866026 -0.5 0
    outer loop
      vertex 8.09017 -5.87785 33
      vertex 9.13545 -4.06737 32.5
      vertex 9.13545 -4.06737 33
    endloop
  endfacet
  facet normal 0.866026 -0.5 0
    outer loop
      vertex 9.13545 -4.06737 32.5
      vertex 8.09017 -5.87785 33
      vertex 8.09017 -5.87785 32.5
    endloop
  endfacet
  facet normal 0.587783 0.809019 -0
    outer loop
      vertex 6.69131 7.43145 32.5
      vertex 5 8.66025 33
      vertex 6.69131 7.43145 33
    endloop
  endfacet
  facet normal 0.587783 0.809019 0
    outer loop
      vertex 5 8.66025 33
      vertex 6.69131 7.43145 32.5
      vertex 5 8.66025 32.5
    endloop
  endfacet
  facet normal 0.587783 0.809019 -0
    outer loop
      vertex 6.69131 7.43145 36
      vertex 5 8.66025 47.5
      vertex 6.69131 7.43145 47.5
    endloop
  endfacet
  facet normal 0.587783 0.809019 0
    outer loop
      vertex 5 8.66025 47.5
      vertex 6.69131 7.43145 36
      vertex 5 8.66025 36
    endloop
  endfacet
  facet normal -0.587783 0.809019 0
    outer loop
      vertex -5 8.66025 36
      vertex -6.69131 7.43145 47.5
      vertex -5 8.66025 47.5
    endloop
  endfacet
  facet normal -0.587783 0.809019 0
    outer loop
      vertex -6.69131 7.43145 47.5
      vertex -5 8.66025 36
      vertex -6.69131 7.43145 36
    endloop
  endfacet
  facet normal -0.587783 0.809019 0
    outer loop
      vertex -5 8.66025 32.5
      vertex -6.69131 7.43145 33
      vertex -5 8.66025 33
    endloop
  endfacet
  facet normal -0.587783 0.809019 0
    outer loop
      vertex -6.69131 7.43145 33
      vertex -5 8.66025 32.5
      vertex -6.69131 7.43145 32.5
    endloop
  endfacet
  facet normal -0.207914 0.978147 0
    outer loop
      vertex -1.24442 9.90289 36
      vertex -3.09017 9.51056 47.5
      vertex -1.24442 9.90289 47.5
    endloop
  endfacet
  facet normal -0.207914 0.978147 0
    outer loop
      vertex -3.09017 9.51056 47.5
      vertex -1.24442 9.90289 36
      vertex -3.09017 9.51056 36
    endloop
  endfacet
  facet normal -0.207914 0.978147 0
    outer loop
      vertex -1.24442 9.90289 32.5
      vertex -3.09017 9.51056 33
      vertex -1.24442 9.90289 33
    endloop
  endfacet
  facet normal -0.207914 0.978147 0
    outer loop
      vertex -3.09017 9.51056 33
      vertex -1.24442 9.90289 32.5
      vertex -3.09017 9.51056 32.5
    endloop
  endfacet
  facet normal -0.994522 0.104526 0
    outer loop
      vertex -9.87032 1.23384 32.5
      vertex -9.78148 2.07912 33
      vertex -9.78148 2.07912 32.5
    endloop
  endfacet
  facet normal -0.994522 0.104526 0
    outer loop
      vertex -9.78148 2.07912 33
      vertex -9.87032 1.23384 32.5
      vertex -9.87032 1.23384 33
    endloop
  endfacet
  facet normal -0.994522 0.104526 0
    outer loop
      vertex -9.87032 1.23384 36
      vertex -9.78148 2.07912 47.5
      vertex -9.78148 2.07912 36
    endloop
  endfacet
  facet normal -0.994522 0.104526 0
    outer loop
      vertex -9.78148 2.07912 47.5
      vertex -9.87032 1.23384 36
      vertex -9.87032 1.23384 47.5
    endloop
  endfacet
  facet normal 0.555574 -0.831467 0
    outer loop
      vertex -3.53553 3.53553 36
      vertex -1.91342 4.6194 47.5
      vertex -3.53553 3.53553 47.5
    endloop
  endfacet
  facet normal 0.555574 -0.831467 0
    outer loop
      vertex -1.91342 4.6194 47.5
      vertex -3.53553 3.53553 36
      vertex -1.91342 4.6194 36
    endloop
  endfacet
  facet normal 0.555574 -0.831467 0
    outer loop
      vertex -3.53553 3.53553 32.5
      vertex -1.91342 4.6194 33
      vertex -3.53553 3.53553 33
    endloop
  endfacet
  facet normal 0.555574 -0.831467 0
    outer loop
      vertex -1.91342 4.6194 33
      vertex -3.53553 3.53553 32.5
      vertex -1.91342 4.6194 32.5
    endloop
  endfacet
  facet normal -0.831467 -0.555574 0
    outer loop
      vertex 4.6194 1.91342 36
      vertex 3.53553 3.53553 47.5
      vertex 3.53553 3.53553 36
    endloop
  endfacet
  facet normal -0.831467 -0.555574 0
    outer loop
      vertex 3.53553 3.53553 47.5
      vertex 4.6194 1.91342 36
      vertex 4.6194 1.91342 47.5
    endloop
  endfacet
  facet normal -0.831467 -0.555574 0
    outer loop
      vertex 4.6194 1.91342 32.5
      vertex 3.53553 3.53553 33
      vertex 3.53553 3.53553 32.5
    endloop
  endfacet
  facet normal -0.831467 -0.555574 0
    outer loop
      vertex 3.53553 3.53553 33
      vertex 4.6194 1.91342 32.5
      vertex 4.6194 1.91342 33
    endloop
  endfacet
  facet normal -0.980786 -0.195089 0
    outer loop
      vertex 5 0 36
      vertex 4.6194 1.91342 47.5
      vertex 4.6194 1.91342 36
    endloop
  endfacet
  facet normal -0.980786 -0.195089 0
    outer loop
      vertex 4.6194 1.91342 47.5
      vertex 5 0 36
      vertex 5 0 47.5
    endloop
  endfacet
  facet normal -0.980786 -0.195089 0
    outer loop
      vertex 5 0 32.5
      vertex 4.6194 1.91342 33
      vertex 4.6194 1.91342 32.5
    endloop
  endfacet
  facet normal -0.980786 -0.195089 0
    outer loop
      vertex 4.6194 1.91342 33
      vertex 5 0 32.5
      vertex 5 0 33
    endloop
  endfacet
  facet normal 0.831467 -0.555574 0
    outer loop
      vertex -4.6194 1.91342 47.5
      vertex -3.53553 3.53553 36
      vertex -3.53553 3.53553 47.5
    endloop
  endfacet
  facet normal 0.831467 -0.555574 0
    outer loop
      vertex -3.53553 3.53553 36
      vertex -4.6194 1.91342 47.5
      vertex -4.6194 1.91342 36
    endloop
  endfacet
  facet normal 0.831467 -0.555574 0
    outer loop
      vertex -4.6194 1.91342 33
      vertex -3.53553 3.53553 32.5
      vertex -3.53553 3.53553 33
    endloop
  endfacet
  facet normal 0.831467 -0.555574 0
    outer loop
      vertex -3.53553 3.53553 32.5
      vertex -4.6194 1.91342 33
      vertex -4.6194 1.91342 32.5
    endloop
  endfacet
  facet normal 0.195089 0.980786 -0
    outer loop
      vertex 0 -5 36
      vertex -1.91342 -4.6194 47.5
      vertex 0 -5 47.5
    endloop
  endfacet
  facet normal 0.195089 0.980786 0
    outer loop
      vertex -1.91342 -4.6194 47.5
      vertex 0 -5 36
      vertex -1.91342 -4.6194 36
    endloop
  endfacet
  facet normal 0.195089 0.980786 -0
    outer loop
      vertex 0 -5 32.5
      vertex -1.91342 -4.6194 33
      vertex 0 -5 33
    endloop
  endfacet
  facet normal 0.195089 0.980786 0
    outer loop
      vertex -1.91342 -4.6194 33
      vertex 0 -5 32.5
      vertex -1.91342 -4.6194 32.5
    endloop
  endfacet
  facet normal -0.195089 0.980786 0
    outer loop
      vertex 1.91342 -4.6194 36
      vertex 0 -5 47.5
      vertex 1.91342 -4.6194 47.5
    endloop
  endfacet
  facet normal -0.195089 0.980786 0
    outer loop
      vertex 0 -5 47.5
      vertex 1.91342 -4.6194 36
      vertex 0 -5 36
    endloop
  endfacet
  facet normal -0.195089 0.980786 0
    outer loop
      vertex 1.91342 -4.6194 32.5
      vertex 0 -5 33
      vertex 1.91342 -4.6194 33
    endloop
  endfacet
  facet normal -0.195089 0.980786 0
    outer loop
      vertex 0 -5 33
      vertex 1.91342 -4.6194 32.5
      vertex 0 -5 32.5
    endloop
  endfacet
  facet normal -0.555574 0.831467 0
    outer loop
      vertex 3.53553 -3.53553 36
      vertex 1.91342 -4.6194 47.5
      vertex 3.53553 -3.53553 47.5
    endloop
  endfacet
  facet normal -0.555574 0.831467 0
    outer loop
      vertex 1.91342 -4.6194 47.5
      vertex 3.53553 -3.53553 36
      vertex 1.91342 -4.6194 36
    endloop
  endfacet
  facet normal -0.555574 0.831467 0
    outer loop
      vertex 3.53553 -3.53553 32.5
      vertex 1.91342 -4.6194 33
      vertex 3.53553 -3.53553 33
    endloop
  endfacet
  facet normal -0.555574 0.831467 0
    outer loop
      vertex 1.91342 -4.6194 33
      vertex 3.53553 -3.53553 32.5
      vertex 1.91342 -4.6194 32.5
    endloop
  endfacet
  facet normal -0.831467 0.555574 0
    outer loop
      vertex 3.53553 -3.53553 36
      vertex 4.6194 -1.91342 47.5
      vertex 4.6194 -1.91342 36
    endloop
  endfacet
  facet normal -0.831467 0.555574 0
    outer loop
      vertex 4.6194 -1.91342 47.5
      vertex 3.53553 -3.53553 36
      vertex 3.53553 -3.53553 47.5
    endloop
  endfacet
  facet normal -0.831467 0.555574 0
    outer loop
      vertex 3.53553 -3.53553 32.5
      vertex 4.6194 -1.91342 33
      vertex 4.6194 -1.91342 32.5
    endloop
  endfacet
  facet normal -0.831467 0.555574 0
    outer loop
      vertex 4.6194 -1.91342 33
      vertex 3.53553 -3.53553 32.5
      vertex 3.53553 -3.53553 33
    endloop
  endfacet
  facet normal 0.980786 -0.195089 0
    outer loop
      vertex -5 0 47.5
      vertex -4.6194 1.91342 36
      vertex -4.6194 1.91342 47.5
    endloop
  endfacet
  facet normal 0.980786 -0.195089 0
    outer loop
      vertex -4.6194 1.91342 36
      vertex -5 0 47.5
      vertex -5 0 36
    endloop
  endfacet
  facet normal 0.980786 -0.195089 0
    outer loop
      vertex -5 0 33
      vertex -4.6194 1.91342 32.5
      vertex -4.6194 1.91342 33
    endloop
  endfacet
  facet normal 0.980786 -0.195089 0
    outer loop
      vertex -4.6194 1.91342 32.5
      vertex -5 0 33
      vertex -5 0 32.5
    endloop
  endfacet
  facet normal -0.980786 0.195089 0
    outer loop
      vertex 4.6194 -1.91342 36
      vertex 5 0 47.5
      vertex 5 0 36
    endloop
  endfacet
  facet normal -0.980786 0.195089 0
    outer loop
      vertex 5 0 47.5
      vertex 4.6194 -1.91342 36
      vertex 4.6194 -1.91342 47.5
    endloop
  endfacet
  facet normal -0.980786 0.195089 0
    outer loop
      vertex 4.6194 -1.91342 32.5
      vertex 5 0 33
      vertex 5 0 32.5
    endloop
  endfacet
  facet normal -0.980786 0.195089 0
    outer loop
      vertex 5 0 33
      vertex 4.6194 -1.91342 32.5
      vertex 4.6194 -1.91342 33
    endloop
  endfacet
  facet normal 0.195089 -0.980786 0
    outer loop
      vertex -1.91342 4.6194 36
      vertex 0 5 47.5
      vertex -1.91342 4.6194 47.5
    endloop
  endfacet
  facet normal 0.195089 -0.980786 0
    outer loop
      vertex 0 5 47.5
      vertex -1.91342 4.6194 36
      vertex 0 5 36
    endloop
  endfacet
  facet normal 0.195089 -0.980786 0
    outer loop
      vertex -1.91342 4.6194 32.5
      vertex 0 5 33
      vertex -1.91342 4.6194 33
    endloop
  endfacet
  facet normal 0.195089 -0.980786 0
    outer loop
      vertex 0 5 33
      vertex -1.91342 4.6194 32.5
      vertex 0 5 32.5
    endloop
  endfacet
  facet normal -0.195089 -0.980786 0
    outer loop
      vertex 0 5 36
      vertex 1.91342 4.6194 47.5
      vertex 0 5 47.5
    endloop
  endfacet
  facet normal -0.195089 -0.980786 -0
    outer loop
      vertex 1.91342 4.6194 47.5
      vertex 0 5 36
      vertex 1.91342 4.6194 36
    endloop
  endfacet
  facet normal -0.195089 -0.980786 0
    outer loop
      vertex 0 5 32.5
      vertex 1.91342 4.6194 33
      vertex 0 5 33
    endloop
  endfacet
  facet normal -0.195089 -0.980786 -0
    outer loop
      vertex 1.91342 4.6194 33
      vertex 0 5 32.5
      vertex 1.91342 4.6194 32.5
    endloop
  endfacet
  facet normal 0.831467 0.555574 0
    outer loop
      vertex -3.53553 -3.53553 47.5
      vertex -4.6194 -1.91342 36
      vertex -4.6194 -1.91342 47.5
    endloop
  endfacet
  facet normal 0.831467 0.555574 0
    outer loop
      vertex -4.6194 -1.91342 36
      vertex -3.53553 -3.53553 47.5
      vertex -3.53553 -3.53553 36
    endloop
  endfacet
  facet normal 0.831467 0.555574 0
    outer loop
      vertex -3.53553 -3.53553 33
      vertex -4.6194 -1.91342 32.5
      vertex -4.6194 -1.91342 33
    endloop
  endfacet
  facet normal 0.831467 0.555574 0
    outer loop
      vertex -4.6194 -1.91342 32.5
      vertex -3.53553 -3.53553 33
      vertex -3.53553 -3.53553 32.5
    endloop
  endfacet
  facet normal -0.555574 -0.831467 0
    outer loop
      vertex 1.91342 4.6194 36
      vertex 3.53553 3.53553 47.5
      vertex 1.91342 4.6194 47.5
    endloop
  endfacet
  facet normal -0.555574 -0.831467 -0
    outer loop
      vertex 3.53553 3.53553 47.5
      vertex 1.91342 4.6194 36
      vertex 3.53553 3.53553 36
    endloop
  endfacet
  facet normal -0.555574 -0.831467 0
    outer loop
      vertex 1.91342 4.6194 32.5
      vertex 3.53553 3.53553 33
      vertex 1.91342 4.6194 33
    endloop
  endfacet
  facet normal -0.555574 -0.831467 -0
    outer loop
      vertex 3.53553 3.53553 33
      vertex 1.91342 4.6194 32.5
      vertex 3.53553 3.53553 32.5
    endloop
  endfacet
  facet normal 0.980786 0.195089 0
    outer loop
      vertex -4.6194 -1.91342 47.5
      vertex -5 0 36
      vertex -5 0 47.5
    endloop
  endfacet
  facet normal 0.980786 0.195089 0
    outer loop
      vertex -5 0 36
      vertex -4.6194 -1.91342 47.5
      vertex -4.6194 -1.91342 36
    endloop
  endfacet
  facet normal 0.980786 0.195089 0
    outer loop
      vertex -4.6194 -1.91342 33
      vertex -5 0 32.5
      vertex -5 0 33
    endloop
  endfacet
  facet normal 0.980786 0.195089 0
    outer loop
      vertex -5 0 32.5
      vertex -4.6194 -1.91342 33
      vertex -4.6194 -1.91342 32.5
    endloop
  endfacet
  facet normal 0.555574 0.831467 -0
    outer loop
      vertex -1.91342 -4.6194 36
      vertex -3.53553 -3.53553 47.5
      vertex -1.91342 -4.6194 47.5
    endloop
  endfacet
  facet normal 0.555574 0.831467 0
    outer loop
      vertex -3.53553 -3.53553 47.5
      vertex -1.91342 -4.6194 36
      vertex -3.53553 -3.53553 36
    endloop
  endfacet
  facet normal 0.555574 0.831467 -0
    outer loop
      vertex -1.91342 -4.6194 32.5
      vertex -3.53553 -3.53553 33
      vertex -1.91342 -4.6194 33
    endloop
  endfacet
  facet normal 0.555574 0.831467 0
    outer loop
      vertex -3.53553 -3.53553 33
      vertex -1.91342 -4.6194 32.5
      vertex -3.53553 -3.53553 32.5
    endloop
  endfacet
  facet normal -0.309015 -0.951057 0
    outer loop
      vertex 9.87032 -1.23384 -17.5
      vertex 8.78647 -0.881678 -13
      vertex 8.78647 -0.881678 -17.5
    endloop
  endfacet
  facet normal -0.309018 -0.951056 -7.30162e-07
    outer loop
      vertex 8.78647 -0.881678 -13
      vertex 9.87032 -1.23384 -17.5
      vertex 10.4635 -1.42658 -13
    endloop
  endfacet
  facet normal -0.309023 -0.951055 0
    outer loop
      vertex 10.4635 -1.42658 -25
      vertex 9.87032 -1.23384 -17.5
      vertex 9.87032 -1.23384 -25
    endloop
  endfacet
  facet normal -0.309023 -0.951055 0
    outer loop
      vertex 9.87032 -1.23384 -17.5
      vertex 10.4635 -1.42658 -25
      vertex 10.4635 -1.42658 -13
    endloop
  endfacet
  facet normal -0.309018 0.951056 -7.30162e-07
    outer loop
      vertex 10.4635 1.42658 -13
      vertex 9.87032 1.23384 -17.5
      vertex 8.78647 0.881678 -13
    endloop
  endfacet
  facet normal -0.309023 0.951055 0
    outer loop
      vertex 10.4635 1.42658 -25
      vertex 9.87032 1.23384 -17.5
      vertex 10.4635 1.42658 -13
    endloop
  endfacet
  facet normal -0.309023 0.951055 0
    outer loop
      vertex 9.87032 1.23384 -17.5
      vertex 10.4635 1.42658 -25
      vertex 9.87032 1.23384 -25
    endloop
  endfacet
  facet normal -0.309015 0.951057 0
    outer loop
      vertex 8.78647 0.881678 -13
      vertex 9.87032 1.23384 -17.5
      vertex 8.78647 0.881678 -17.5
    endloop
  endfacet
  facet normal 0.809009 0.587796 0
    outer loop
      vertex 11.5 0 -13
      vertex 10.4635 1.42658 -25
      vertex 10.4635 1.42658 -13
    endloop
  endfacet
  facet normal 0.809009 0.587796 0
    outer loop
      vertex 10.4635 1.42658 -25
      vertex 11.5 0 -13
      vertex 11.5 0 -25
    endloop
  endfacet
  facet normal -1 0 0
    outer loop
      vertex 8.78647 -0.881678 -17.5
      vertex 8.78647 0.881678 -13
      vertex 8.78647 0.881678 -17.5
    endloop
  endfacet
  facet normal -1 -0 0
    outer loop
      vertex 8.78647 0.881678 -13
      vertex 8.78647 -0.881678 -17.5
      vertex 8.78647 -0.881678 -13
    endloop
  endfacet
  facet normal 0 0 1
    outer loop
      vertex 10.4635 1.42658 -13
      vertex 10.4635 -1.42658 -13
      vertex 11.5 0 -13
    endloop
  endfacet
  facet normal -0 0 1
    outer loop
      vertex 8.78647 0.881678 -13
      vertex 10.4635 -1.42658 -13
      vertex 10.4635 1.42658 -13
    endloop
  endfacet
  facet normal 0 0 1
    outer loop
      vertex 10.4635 -1.42658 -13
      vertex 8.78647 0.881678 -13
      vertex 8.78647 -0.881678 -13
    endloop
  endfacet
  facet normal 0.809009 -0.587796 0
    outer loop
      vertex 10.4635 -1.42658 -13
      vertex 11.5 0 -25
      vertex 11.5 0 -13
    endloop
  endfacet
  facet normal 0.809009 -0.587796 0
    outer loop
      vertex 11.5 0 -25
      vertex 10.4635 -1.42658 -13
      vertex 10.4635 -1.42658 -25
    endloop
  endfacet
  facet normal -0.309015 -0.951057 0
    outer loop
      vertex 9.87032 -1.23384 47.5
      vertex 8.78647 -0.881678 48
      vertex 8.78647 -0.881678 47.5
    endloop
  endfacet
  facet normal -0.309018 -0.951056 -6.57146e-06
    outer loop
      vertex 8.78647 -0.881678 48
      vertex 9.87032 -1.23384 47.5
      vertex 10.4635 -1.42658 48
    endloop
  endfacet
  facet normal -0.309023 -0.951055 0
    outer loop
      vertex 10.4635 -1.42658 36
      vertex 9.87032 -1.23384 47.5
      vertex 9.87032 -1.23384 36
    endloop
  endfacet
  facet normal -0.309023 -0.951055 0
    outer loop
      vertex 9.87032 -1.23384 47.5
      vertex 10.4635 -1.42658 36
      vertex 10.4635 -1.42658 48
    endloop
  endfacet
  facet normal -0.309018 0.951056 -6.57146e-06
    outer loop
      vertex 10.4635 1.42658 48
      vertex 9.87032 1.23384 47.5
      vertex 8.78647 0.881678 48
    endloop
  endfacet
  facet normal -0.309023 0.951055 0
    outer loop
      vertex 10.4635 1.42658 36
      vertex 9.87032 1.23384 47.5
      vertex 10.4635 1.42658 48
    endloop
  endfacet
  facet normal -0.309023 0.951055 0
    outer loop
      vertex 9.87032 1.23384 47.5
      vertex 10.4635 1.42658 36
      vertex 9.87032 1.23384 36
    endloop
  endfacet
  facet normal -0.309015 0.951057 0
    outer loop
      vertex 8.78647 0.881678 48
      vertex 9.87032 1.23384 47.5
      vertex 8.78647 0.881678 47.5
    endloop
  endfacet
  facet normal 0.809009 0.587796 0
    outer loop
      vertex 11.5 0 48
      vertex 10.4635 1.42658 36
      vertex 10.4635 1.42658 48
    endloop
  endfacet
  facet normal 0.809009 0.587796 0
    outer loop
      vertex 10.4635 1.42658 36
      vertex 11.5 0 48
      vertex 11.5 0 36
    endloop
  endfacet
  facet normal -1 0 0
    outer loop
      vertex 8.78647 -0.881678 47.5
      vertex 8.78647 0.881678 48
      vertex 8.78647 0.881678 47.5
    endloop
  endfacet
  facet normal -1 -0 0
    outer loop
      vertex 8.78647 0.881678 48
      vertex 8.78647 -0.881678 47.5
      vertex 8.78647 -0.881678 48
    endloop
  endfacet
  facet normal 0 0 1
    outer loop
      vertex 10.4635 1.42658 48
      vertex 10.4635 -1.42658 48
      vertex 11.5 0 48
    endloop
  endfacet
  facet normal -0 0 1
    outer loop
      vertex 8.78647 0.881678 48
      vertex 10.4635 -1.42658 48
      vertex 10.4635 1.42658 48
    endloop
  endfacet
  facet normal 0 0 1
    outer loop
      vertex 10.4635 -1.42658 48
      vertex 8.78647 0.881678 48
      vertex 8.78647 -0.881678 48
    endloop
  endfacet
  facet normal 0.809009 -0.587796 0
    outer loop
      vertex 10.4635 -1.42658 48
      vertex 11.5 0 36
      vertex 11.5 0 48
    endloop
  endfacet
  facet normal 0.809009 -0.587796 0
    outer loop
      vertex 11.5 0 36
      vertex 10.4635 -1.42658 48
      vertex 10.4635 -1.42658 36
    endloop
  endfacet
  facet normal 0.951053 -0.309027 0
    outer loop
      vertex 1.42658 10.4635 -13
      vertex 1.24442 9.90289 -17.5
      vertex 1.42658 10.4635 -25
    endloop
  endfacet
  facet normal 0.951056 -0.309018 -1.29484e-06
    outer loop
      vertex 0.881678 8.78647 -13
      vertex 1.24442 9.90289 -17.5
      vertex 1.42658 10.4635 -13
    endloop
  endfacet
  facet normal 0.951058 -0.309013 0
    outer loop
      vertex 1.24442 9.90289 -17.5
      vertex 0.881678 8.78647 -13
      vertex 0.881678 8.78647 -17.5
    endloop
  endfacet
  facet normal 0.951053 -0.309027 0
    outer loop
      vertex 1.42658 10.4635 -25
      vertex 1.24442 9.90289 -17.5
      vertex 1.24442 9.90289 -25
    endloop
  endfacet
  facet normal -0.951053 -0.309027 -0
    outer loop
      vertex -1.24442 9.90289 -17.5
      vertex -1.42658 10.4635 -25
      vertex -1.24442 9.90289 -25
    endloop
  endfacet
  facet normal -0.951053 -0.309027 0
    outer loop
      vertex -1.42658 10.4635 -25
      vertex -1.24442 9.90289 -17.5
      vertex -1.42658 10.4635 -13
    endloop
  endfacet
  facet normal -0.951058 -0.309013 -0
    outer loop
      vertex -0.881678 8.78647 -13
      vertex -1.24442 9.90289 -17.5
      vertex -0.881678 8.78647 -17.5
    endloop
  endfacet
  facet normal -0.951056 -0.309018 -1.29484e-06
    outer loop
      vertex -1.24442 9.90289 -17.5
      vertex -0.881678 8.78647 -13
      vertex -1.42658 10.4635 -13
    endloop
  endfacet
  facet normal -0.587796 0.809009 0
    outer loop
      vertex 0 11.5 -25
      vertex -1.42658 10.4635 -13
      vertex 0 11.5 -13
    endloop
  endfacet
  facet normal -0.587796 0.809009 0
    outer loop
      vertex -1.42658 10.4635 -13
      vertex 0 11.5 -25
      vertex -1.42658 10.4635 -25
    endloop
  endfacet
  facet normal 0 -1 0
    outer loop
      vertex -0.881678 8.78647 -17.5
      vertex 0.881678 8.78647 -13
      vertex -0.881678 8.78647 -13
    endloop
  endfacet
  facet normal 0 -1 -0
    outer loop
      vertex 0.881678 8.78647 -13
      vertex -0.881678 8.78647 -17.5
      vertex 0.881678 8.78647 -17.5
    endloop
  endfacet
  facet normal 0 0 1
    outer loop
      vertex 0 11.5 -13
      vertex 0.881678 8.78647 -13
      vertex 1.42658 10.4635 -13
    endloop
  endfacet
  facet normal 0 0 1
    outer loop
      vertex 0 11.5 -13
      vertex -0.881678 8.78647 -13
      vertex 0.881678 8.78647 -13
    endloop
  endfacet
  facet normal 0 -0 1
    outer loop
      vertex -0.881678 8.78647 -13
      vertex 0 11.5 -13
      vertex -1.42658 10.4635 -13
    endloop
  endfacet
  facet normal 0.587796 0.809009 -0
    outer loop
      vertex 1.42658 10.4635 -25
      vertex 0 11.5 -13
      vertex 1.42658 10.4635 -13
    endloop
  endfacet
  facet normal 0.587796 0.809009 0
    outer loop
      vertex 0 11.5 -13
      vertex 1.42658 10.4635 -25
      vertex 0 11.5 -25
    endloop
  endfacet
  facet normal 0.951053 -0.309027 0
    outer loop
      vertex 1.42658 10.4635 48
      vertex 1.24442 9.90289 47.5
      vertex 1.42658 10.4635 36
    endloop
  endfacet
  facet normal 0.951056 -0.309018 -1.16536e-05
    outer loop
      vertex 0.881678 8.78647 48
      vertex 1.24442 9.90289 47.5
      vertex 1.42658 10.4635 48
    endloop
  endfacet
  facet normal 0.951058 -0.309013 0
    outer loop
      vertex 1.24442 9.90289 47.5
      vertex 0.881678 8.78647 48
      vertex 0.881678 8.78647 47.5
    endloop
  endfacet
  facet normal 0.951053 -0.309027 0
    outer loop
      vertex 1.42658 10.4635 36
      vertex 1.24442 9.90289 47.5
      vertex 1.24442 9.90289 36
    endloop
  endfacet
  facet normal -0.951053 -0.309027 -0
    outer loop
      vertex -1.24442 9.90289 47.5
      vertex -1.42658 10.4635 36
      vertex -1.24442 9.90289 36
    endloop
  endfacet
  facet normal -0.951053 -0.309027 0
    outer loop
      vertex -1.42658 10.4635 36
      vertex -1.24442 9.90289 47.5
      vertex -1.42658 10.4635 48
    endloop
  endfacet
  facet normal -0.951058 -0.309013 -0
    outer loop
      vertex -0.881678 8.78647 48
      vertex -1.24442 9.90289 47.5
      vertex -0.881678 8.78647 47.5
    endloop
  endfacet
  facet normal -0.951056 -0.309018 -1.16536e-05
    outer loop
      vertex -1.24442 9.90289 47.5
      vertex -0.881678 8.78647 48
      vertex -1.42658 10.4635 48
    endloop
  endfacet
  facet normal -0.587796 0.809009 0
    outer loop
      vertex 0 11.5 36
      vertex -1.42658 10.4635 48
      vertex 0 11.5 48
    endloop
  endfacet
  facet normal -0.587796 0.809009 0
    outer loop
      vertex -1.42658 10.4635 48
      vertex 0 11.5 36
      vertex -1.42658 10.4635 36
    endloop
  endfacet
  facet normal 0 -1 0
    outer loop
      vertex -0.881678 8.78647 47.5
      vertex 0.881678 8.78647 48
      vertex -0.881678 8.78647 48
    endloop
  endfacet
  facet normal 0 -1 -0
    outer loop
      vertex 0.881678 8.78647 48
      vertex -0.881678 8.78647 47.5
      vertex 0.881678 8.78647 47.5
    endloop
  endfacet
  facet normal 0 0 1
    outer loop
      vertex 0 11.5 48
      vertex 0.881678 8.78647 48
      vertex 1.42658 10.4635 48
    endloop
  endfacet
  facet normal 0 0 1
    outer loop
      vertex 0 11.5 48
      vertex -0.881678 8.78647 48
      vertex 0.881678 8.78647 48
    endloop
  endfacet
  facet normal 0 -0 1
    outer loop
      vertex -0.881678 8.78647 48
      vertex 0 11.5 48
      vertex -1.42658 10.4635 48
    endloop
  endfacet
  facet normal 0.587796 0.809009 -0
    outer loop
      vertex 1.42658 10.4635 36
      vertex 0 11.5 48
      vertex 1.42658 10.4635 48
    endloop
  endfacet
  facet normal 0.587796 0.809009 0
    outer loop
      vertex 0 11.5 48
      vertex 1.42658 10.4635 36
      vertex 0 11.5 36
    endloop
  endfacet
  facet normal 0.309015 0.951057 0
    outer loop
      vertex -9.87032 1.23384 -17.5
      vertex -8.78647 0.881678 -13
      vertex -8.78647 0.881678 -17.5
    endloop
  endfacet
  facet normal 0.309018 0.951056 -7.30162e-07
    outer loop
      vertex -8.78647 0.881678 -13
      vertex -9.87032 1.23384 -17.5
      vertex -10.4635 1.42658 -13
    endloop
  endfacet
  facet normal 0.309023 0.951055 0
    outer loop
      vertex -10.4635 1.42658 -25
      vertex -9.87032 1.23384 -17.5
      vertex -9.87032 1.23384 -25
    endloop
  endfacet
  facet normal 0.309023 0.951055 0
    outer loop
      vertex -9.87032 1.23384 -17.5
      vertex -10.4635 1.42658 -25
      vertex -10.4635 1.42658 -13
    endloop
  endfacet
  facet normal 0.309018 -0.951056 -7.30162e-07
    outer loop
      vertex -10.4635 -1.42658 -13
      vertex -9.87032 -1.23384 -17.5
      vertex -8.78647 -0.881678 -13
    endloop
  endfacet
  facet normal 0.309023 -0.951055 0
    outer loop
      vertex -10.4635 -1.42658 -25
      vertex -9.87032 -1.23384 -17.5
      vertex -10.4635 -1.42658 -13
    endloop
  endfacet
  facet normal 0.309023 -0.951055 0
    outer loop
      vertex -9.87032 -1.23384 -17.5
      vertex -10.4635 -1.42658 -25
      vertex -9.87032 -1.23384 -25
    endloop
  endfacet
  facet normal 0.309015 -0.951057 0
    outer loop
      vertex -8.78647 -0.881678 -13
      vertex -9.87032 -1.23384 -17.5
      vertex -8.78647 -0.881678 -17.5
    endloop
  endfacet
  facet normal -0.809009 -0.587796 0
    outer loop
      vertex -10.4635 -1.42658 -25
      vertex -11.5 0 -13
      vertex -11.5 0 -25
    endloop
  endfacet
  facet normal -0.809009 -0.587796 0
    outer loop
      vertex -11.5 0 -13
      vertex -10.4635 -1.42658 -25
      vertex -10.4635 -1.42658 -13
    endloop
  endfacet
  facet normal 1 -0 0
    outer loop
      vertex -8.78647 -0.881678 -13
      vertex -8.78647 0.881678 -17.5
      vertex -8.78647 0.881678 -13
    endloop
  endfacet
  facet normal 1 0 0
    outer loop
      vertex -8.78647 0.881678 -17.5
      vertex -8.78647 -0.881678 -13
      vertex -8.78647 -0.881678 -17.5
    endloop
  endfacet
  facet normal 0 0 1
    outer loop
      vertex -10.4635 1.42658 -13
      vertex -8.78647 -0.881678 -13
      vertex -8.78647 0.881678 -13
    endloop
  endfacet
  facet normal 0 0 1
    outer loop
      vertex -10.4635 1.42658 -13
      vertex -10.4635 -1.42658 -13
      vertex -8.78647 -0.881678 -13
    endloop
  endfacet
  facet normal 0 -0 1
    outer loop
      vertex -10.4635 -1.42658 -13
      vertex -10.4635 1.42658 -13
      vertex -11.5 0 -13
    endloop
  endfacet
  facet normal -0.809009 0.587796 0
    outer loop
      vertex -11.5 0 -25
      vertex -10.4635 1.42658 -13
      vertex -10.4635 1.42658 -25
    endloop
  endfacet
  facet normal -0.809009 0.587796 0
    outer loop
      vertex -10.4635 1.42658 -13
      vertex -11.5 0 -25
      vertex -11.5 0 -13
    endloop
  endfacet
  facet normal 0.309015 0.951057 0
    outer loop
      vertex -9.87032 1.23384 47.5
      vertex -8.78647 0.881678 48
      vertex -8.78647 0.881678 47.5
    endloop
  endfacet
  facet normal 0.309018 0.951056 -6.57146e-06
    outer loop
      vertex -8.78647 0.881678 48
      vertex -9.87032 1.23384 47.5
      vertex -10.4635 1.42658 48
    endloop
  endfacet
  facet normal 0.309023 0.951055 0
    outer loop
      vertex -10.4635 1.42658 36
      vertex -9.87032 1.23384 47.5
      vertex -9.87032 1.23384 36
    endloop
  endfacet
  facet normal 0.309023 0.951055 0
    outer loop
      vertex -9.87032 1.23384 47.5
      vertex -10.4635 1.42658 36
      vertex -10.4635 1.42658 48
    endloop
  endfacet
  facet normal 0.309018 -0.951056 -6.57146e-06
    outer loop
      vertex -10.4635 -1.42658 48
      vertex -9.87032 -1.23384 47.5
      vertex -8.78647 -0.881678 48
    endloop
  endfacet
  facet normal 0.309023 -0.951055 0
    outer loop
      vertex -10.4635 -1.42658 36
      vertex -9.87032 -1.23384 47.5
      vertex -10.4635 -1.42658 48
    endloop
  endfacet
  facet normal 0.309023 -0.951055 0
    outer loop
      vertex -9.87032 -1.23384 47.5
      vertex -10.4635 -1.42658 36
      vertex -9.87032 -1.23384 36
    endloop
  endfacet
  facet normal 0.309015 -0.951057 0
    outer loop
      vertex -8.78647 -0.881678 48
      vertex -9.87032 -1.23384 47.5
      vertex -8.78647 -0.881678 47.5
    endloop
  endfacet
  facet normal -0.809009 -0.587796 0
    outer loop
      vertex -10.4635 -1.42658 36
      vertex -11.5 0 48
      vertex -11.5 0 36
    endloop
  endfacet
  facet normal -0.809009 -0.587796 0
    outer loop
      vertex -11.5 0 48
      vertex -10.4635 -1.42658 36
      vertex -10.4635 -1.42658 48
    endloop
  endfacet
  facet normal 1 -0 0
    outer loop
      vertex -8.78647 -0.881678 48
      vertex -8.78647 0.881678 47.5
      vertex -8.78647 0.881678 48
    endloop
  endfacet
  facet normal 1 0 0
    outer loop
      vertex -8.78647 0.881678 47.5
      vertex -8.78647 -0.881678 48
      vertex -8.78647 -0.881678 47.5
    endloop
  endfacet
  facet normal 0 0 1
    outer loop
      vertex -10.4635 1.42658 48
      vertex -8.78647 -0.881678 48
      vertex -8.78647 0.881678 48
    endloop
  endfacet
  facet normal 0 0 1
    outer loop
      vertex -10.4635 1.42658 48
      vertex -10.4635 -1.42658 48
      vertex -8.78647 -0.881678 48
    endloop
  endfacet
  facet normal 0 -0 1
    outer loop
      vertex -10.4635 -1.42658 48
      vertex -10.4635 1.42658 48
      vertex -11.5 0 48
    endloop
  endfacet
  facet normal -0.809009 0.587796 0
    outer loop
      vertex -11.5 0 36
      vertex -10.4635 1.42658 48
      vertex -10.4635 1.42658 36
    endloop
  endfacet
  facet normal -0.809009 0.587796 0
    outer loop
      vertex -10.4635 1.42658 48
      vertex -11.5 0 36
      vertex -11.5 0 48
    endloop
  endfacet
  facet normal -0.951053 0.309027 0
    outer loop
      vertex -1.24442 -9.90289 -25
      vertex -1.42658 -10.4635 -25
      vertex -1.24442 -9.90289 -17.5
    endloop
  endfacet
  facet normal -0.951058 0.309013 0
    outer loop
      vertex -1.24442 -9.90289 -17.5
      vertex -0.881678 -8.78647 -13
      vertex -0.881678 -8.78647 -17.5
    endloop
  endfacet
  facet normal -0.951056 0.309018 -1.29484e-06
    outer loop
      vertex -1.24442 -9.90289 -17.5
      vertex -1.42658 -10.4635 -13
      vertex -0.881678 -8.78647 -13
    endloop
  endfacet
  facet normal -0.951053 0.309027 0
    outer loop
      vertex -1.42658 -10.4635 -13
      vertex -1.24442 -9.90289 -17.5
      vertex -1.42658 -10.4635 -25
    endloop
  endfacet
  facet normal 0.951058 0.309013 0
    outer loop
      vertex 0.881678 -8.78647 -13
      vertex 1.24442 -9.90289 -17.5
      vertex 0.881678 -8.78647 -17.5
    endloop
  endfacet
  facet normal 0.951056 0.309018 -1.29484e-06
    outer loop
      vertex 1.42658 -10.4635 -13
      vertex 1.24442 -9.90289 -17.5
      vertex 0.881678 -8.78647 -13
    endloop
  endfacet
  facet normal 0.951053 0.309027 -0
    outer loop
      vertex 1.42658 -10.4635 -25
      vertex 1.24442 -9.90289 -17.5
      vertex 1.42658 -10.4635 -13
    endloop
  endfacet
  facet normal 0.951053 0.309027 0
    outer loop
      vertex 1.24442 -9.90289 -17.5
      vertex 1.42658 -10.4635 -25
      vertex 1.24442 -9.90289 -25
    endloop
  endfacet
  facet normal 0.587796 -0.809009 0
    outer loop
      vertex 0 -11.5 -25
      vertex 1.42658 -10.4635 -13
      vertex 0 -11.5 -13
    endloop
  endfacet
  facet normal 0.587796 -0.809009 0
    outer loop
      vertex 1.42658 -10.4635 -13
      vertex 0 -11.5 -25
      vertex 1.42658 -10.4635 -25
    endloop
  endfacet
  facet normal 0 1 -0
    outer loop
      vertex 0.881678 -8.78647 -17.5
      vertex -0.881678 -8.78647 -13
      vertex 0.881678 -8.78647 -13
    endloop
  endfacet
  facet normal 0 1 0
    outer loop
      vertex -0.881678 -8.78647 -13
      vertex 0.881678 -8.78647 -17.5
      vertex -0.881678 -8.78647 -17.5
    endloop
  endfacet
  facet normal 0 0 1
    outer loop
      vertex 0.881678 -8.78647 -13
      vertex 0 -11.5 -13
      vertex 1.42658 -10.4635 -13
    endloop
  endfacet
  facet normal -0 0 1
    outer loop
      vertex -0.881678 -8.78647 -13
      vertex 0 -11.5 -13
      vertex 0.881678 -8.78647 -13
    endloop
  endfacet
  facet normal 0 0 1
    outer loop
      vertex 0 -11.5 -13
      vertex -0.881678 -8.78647 -13
      vertex -1.42658 -10.4635 -13
    endloop
  endfacet
  facet normal -0.587796 -0.809009 0
    outer loop
      vertex -1.42658 -10.4635 -25
      vertex 0 -11.5 -13
      vertex -1.42658 -10.4635 -13
    endloop
  endfacet
  facet normal -0.587796 -0.809009 -0
    outer loop
      vertex 0 -11.5 -13
      vertex -1.42658 -10.4635 -25
      vertex 0 -11.5 -25
    endloop
  endfacet
  facet normal -0.951053 0.309027 0
    outer loop
      vertex -1.24442 -9.90289 36
      vertex -1.42658 -10.4635 36
      vertex -1.24442 -9.90289 47.5
    endloop
  endfacet
  facet normal -0.951058 0.309013 0
    outer loop
      vertex -1.24442 -9.90289 47.5
      vertex -0.881678 -8.78647 48
      vertex -0.881678 -8.78647 47.5
    endloop
  endfacet
  facet normal -0.951056 0.309018 -1.16536e-05
    outer loop
      vertex -1.24442 -9.90289 47.5
      vertex -1.42658 -10.4635 48
      vertex -0.881678 -8.78647 48
    endloop
  endfacet
  facet normal -0.951053 0.309027 0
    outer loop
      vertex -1.42658 -10.4635 48
      vertex -1.24442 -9.90289 47.5
      vertex -1.42658 -10.4635 36
    endloop
  endfacet
  facet normal 0.951058 0.309013 0
    outer loop
      vertex 0.881678 -8.78647 48
      vertex 1.24442 -9.90289 47.5
      vertex 0.881678 -8.78647 47.5
    endloop
  endfacet
  facet normal 0.951056 0.309018 -1.16536e-05
    outer loop
      vertex 1.42658 -10.4635 48
      vertex 1.24442 -9.90289 47.5
      vertex 0.881678 -8.78647 48
    endloop
  endfacet
  facet normal 0.951053 0.309027 -0
    outer loop
      vertex 1.42658 -10.4635 36
      vertex 1.24442 -9.90289 47.5
      vertex 1.42658 -10.4635 48
    endloop
  endfacet
  facet normal 0.951053 0.309027 0
    outer loop
      vertex 1.24442 -9.90289 47.5
      vertex 1.42658 -10.4635 36
      vertex 1.24442 -9.90289 36
    endloop
  endfacet
  facet normal 0.587796 -0.809009 0
    outer loop
      vertex 0 -11.5 36
      vertex 1.42658 -10.4635 48
      vertex 0 -11.5 48
    endloop
  endfacet
  facet normal 0.587796 -0.809009 0
    outer loop
      vertex 1.42658 -10.4635 48
      vertex 0 -11.5 36
      vertex 1.42658 -10.4635 36
    endloop
  endfacet
  facet normal 0 1 -0
    outer loop
      vertex 0.881678 -8.78647 47.5
      vertex -0.881678 -8.78647 48
      vertex 0.881678 -8.78647 48
    endloop
  endfacet
  facet normal 0 1 0
    outer loop
      vertex -0.881678 -8.78647 48
      vertex 0.881678 -8.78647 47.5
      vertex -0.881678 -8.78647 47.5
    endloop
  endfacet
  facet normal 0 0 1
    outer loop
      vertex 0.881678 -8.78647 48
      vertex 0 -11.5 48
      vertex 1.42658 -10.4635 48
    endloop
  endfacet
  facet normal -0 0 1
    outer loop
      vertex -0.881678 -8.78647 48
      vertex 0 -11.5 48
      vertex 0.881678 -8.78647 48
    endloop
  endfacet
  facet normal 0 0 1
    outer loop
      vertex 0 -11.5 48
      vertex -0.881678 -8.78647 48
      vertex -1.42658 -10.4635 48
    endloop
  endfacet
  facet normal -0.587796 -0.809009 0
    outer loop
      vertex -1.42658 -10.4635 36
      vertex 0 -11.5 48
      vertex -1.42658 -10.4635 48
    endloop
  endfacet
  facet normal -0.587796 -0.809009 -0
    outer loop
      vertex 0 -11.5 48
      vertex -1.42658 -10.4635 36
      vertex 0 -11.5 36
    endloop
  endfacet
  facet normal 0 0 1
    outer loop
      vertex 4.6194 1.91342 25
      vertex 4.6194 -1.91342 25
      vertex 5 0 25
    endloop
  endfacet
  facet normal 0 0 1
    outer loop
      vertex 3.53553 3.53553 25
      vertex 4.6194 -1.91342 25
      vertex 4.6194 1.91342 25
    endloop
  endfacet
  facet normal 0 0 1
    outer loop
      vertex 3.53553 3.53553 25
      vertex 3.53553 -3.53553 25
      vertex 4.6194 -1.91342 25
    endloop
  endfacet
  facet normal 0 0 1
    outer loop
      vertex 1.91342 4.6194 25
      vertex 3.53553 -3.53553 25
      vertex 3.53553 3.53553 25
    endloop
  endfacet
  facet normal 0 0 1
    outer loop
      vertex 1.91342 4.6194 25
      vertex 1.91342 -4.6194 25
      vertex 3.53553 -3.53553 25
    endloop
  endfacet
  facet normal 0 0 1
    outer loop
      vertex 0 5 25
      vertex 1.91342 -4.6194 25
      vertex 1.91342 4.6194 25
    endloop
  endfacet
  facet normal 0 0 1
    outer loop
      vertex 0 5 25
      vertex 0 -5 25
      vertex 1.91342 -4.6194 25
    endloop
  endfacet
  facet normal -0 0 1
    outer loop
      vertex -1.91342 4.6194 25
      vertex 0 -5 25
      vertex 0 5 25
    endloop
  endfacet
  facet normal 0 0 1
    outer loop
      vertex -1.91342 4.6194 25
      vertex -1.91342 -4.6194 25
      vertex 0 -5 25
    endloop
  endfacet
  facet normal -0 0 1
    outer loop
      vertex -3.53553 3.53553 25
      vertex -1.91342 -4.6194 25
      vertex -1.91342 4.6194 25
    endloop
  endfacet
  facet normal 0 0 1
    outer loop
      vertex -3.53553 3.53553 25
      vertex -3.53553 -3.53553 25
      vertex -1.91342 -4.6194 25
    endloop
  endfacet
  facet normal -0 0 1
    outer loop
      vertex -4.6194 1.91342 25
      vertex -3.53553 -3.53553 25
      vertex -3.53553 3.53553 25
    endloop
  endfacet
  facet normal 0 0 1
    outer loop
      vertex -4.6194 1.91342 25
      vertex -4.6194 -1.91342 25
      vertex -3.53553 -3.53553 25
    endloop
  endfacet
  facet normal 0 -0 1
    outer loop
      vertex -4.6194 -1.91342 25
      vertex -4.6194 1.91342 25
      vertex -5 0 25
    endloop
  endfacet
endsolid OpenSCAD_Model
