solid OpenSCAD_Model
  facet normal -0.743149 -0.669126 0
    outer loop
      vertex -13.3826 -14.8629 17.5
      vertex -16.1803 -11.7557 45
      vertex -16.1803 -11.7557 17.5
    endloop
  endfacet
  facet normal -0.743149 -0.669126 0
    outer loop
      vertex -16.1803 -11.7557 45
      vertex -13.3826 -14.8629 17.5
      vertex -13.3826 -14.8629 45
    endloop
  endfacet
  facet normal 0.951053 0.309029 0
    outer loop
      vertex 19.563 4.15823 45
      vertex 18.2709 8.13473 17.5
      vertex 18.2709 8.13473 45
    endloop
  endfacet
  facet normal 0.951053 0.309029 0
    outer loop
      vertex 18.2709 8.13473 17.5
      vertex 19.563 4.15823 45
      vertex 19.563 4.15823 17.5
    endloop
  endfacet
  facet normal 0.994523 0.104517 0
    outer loop
      vertex 20 0 45
      vertex 19.563 4.15823 17.5
      vertex 19.563 4.15823 45
    endloop
  endfacet
  facet normal 0.994523 0.104517 0
    outer loop
      vertex 19.563 4.15823 17.5
      vertex 20 0 45
      vertex 20 0 17.5
    endloop
  endfacet
  facet normal 0.866022 0.500006 0
    outer loop
      vertex 18.2709 8.13473 45
      vertex 16.1803 11.7557 17.5
      vertex 16.1803 11.7557 45
    endloop
  endfacet
  facet normal 0.866022 0.500006 0
    outer loop
      vertex 16.1803 11.7557 17.5
      vertex 18.2709 8.13473 45
      vertex 18.2709 8.13473 17.5
    endloop
  endfacet
  facet normal 0.951053 -0.309029 0
    outer loop
      vertex 18.2709 -8.13473 45
      vertex 19.563 -4.15823 17.5
      vertex 19.563 -4.15823 45
    endloop
  endfacet
  facet normal 0.951053 -0.309029 0
    outer loop
      vertex 19.563 -4.15823 17.5
      vertex 18.2709 -8.13473 45
      vertex 18.2709 -8.13473 17.5
    endloop
  endfacet
  facet normal 0.587785 -0.809017 0
    outer loop
      vertex 10 -17.3205 17.5
      vertex 13.3826 -14.8629 45
      vertex 10 -17.3205 45
    endloop
  endfacet
  facet normal 0.587785 -0.809017 0
    outer loop
      vertex 13.3826 -14.8629 45
      vertex 10 -17.3205 17.5
      vertex 13.3826 -14.8629 17.5
    endloop
  endfacet
  facet normal 0.743149 -0.669126 0
    outer loop
      vertex 13.3826 -14.8629 45
      vertex 16.1803 -11.7557 17.5
      vertex 16.1803 -11.7557 45
    endloop
  endfacet
  facet normal 0.743149 -0.669126 0
    outer loop
      vertex 16.1803 -11.7557 17.5
      vertex 13.3826 -14.8629 45
      vertex 13.3826 -14.8629 17.5
    endloop
  endfacet
  facet normal 0.994523 -0.104517 0
    outer loop
      vertex 19.563 -4.15823 45
      vertex 20 0 17.5
      vertex 20 0 45
    endloop
  endfacet
  facet normal 0.994523 -0.104517 0
    outer loop
      vertex 20 0 17.5
      vertex 19.563 -4.15823 45
      vertex 19.563 -4.15823 17.5
    endloop
  endfacet
  facet normal -0.406732 -0.913547 0
    outer loop
      vertex -10 -17.3205 17.5
      vertex -6.18034 -19.0211 45
      vertex -10 -17.3205 45
    endloop
  endfacet
  facet normal -0.406732 -0.913547 -0
    outer loop
      vertex -6.18034 -19.0211 45
      vertex -10 -17.3205 17.5
      vertex -6.18034 -19.0211 17.5
    endloop
  endfacet
  facet normal 0.406732 0.913547 -0
    outer loop
      vertex 10 17.3205 17.5
      vertex 6.18034 19.0211 45
      vertex 10 17.3205 45
    endloop
  endfacet
  facet normal 0.406732 0.913547 0
    outer loop
      vertex 6.18034 19.0211 45
      vertex 10 17.3205 17.5
      vertex 6.18034 19.0211 17.5
    endloop
  endfacet
  facet normal 0.743149 0.669126 0
    outer loop
      vertex 16.1803 11.7557 45
      vertex 13.3826 14.8629 17.5
      vertex 13.3826 14.8629 45
    endloop
  endfacet
  facet normal 0.743149 0.669126 0
    outer loop
      vertex 13.3826 14.8629 17.5
      vertex 16.1803 11.7557 45
      vertex 16.1803 11.7557 17.5
    endloop
  endfacet
  facet normal -0.587785 -0.809017 0
    outer loop
      vertex -13.3826 -14.8629 17.5
      vertex -10 -17.3205 45
      vertex -13.3826 -14.8629 45
    endloop
  endfacet
  facet normal -0.587785 -0.809017 -0
    outer loop
      vertex -10 -17.3205 45
      vertex -13.3826 -14.8629 17.5
      vertex -10 -17.3205 17.5
    endloop
  endfacet
  facet normal -0.743149 0.669126 0
    outer loop
      vertex -16.1803 11.7557 17.5
      vertex -13.3826 14.8629 45
      vertex -13.3826 14.8629 17.5
    endloop
  endfacet
  facet normal -0.743149 0.669126 0
    outer loop
      vertex -13.3826 14.8629 45
      vertex -16.1803 11.7557 17.5
      vertex -16.1803 11.7557 45
    endloop
  endfacet
  facet normal 0 1 -0
    outer loop
      vertex 2.09057 19.8904 17.5
      vertex -2.09057 19.8904 45
      vertex 2.09057 19.8904 45
    endloop
  endfacet
  facet normal 0 1 0
    outer loop
      vertex -2.09057 19.8904 45
      vertex 2.09057 19.8904 17.5
      vertex -2.09057 19.8904 17.5
    endloop
  endfacet
  facet normal 0.406732 -0.913547 0
    outer loop
      vertex 6.18034 -19.0211 17.5
      vertex 10 -17.3205 45
      vertex 6.18034 -19.0211 45
    endloop
  endfacet
  facet normal 0.406732 -0.913547 0
    outer loop
      vertex 10 -17.3205 45
      vertex 6.18034 -19.0211 17.5
      vertex 10 -17.3205 17.5
    endloop
  endfacet
  facet normal 0.20791 -0.978148 0
    outer loop
      vertex 2.09057 -19.8904 17.5
      vertex 6.18034 -19.0211 45
      vertex 2.09057 -19.8904 45
    endloop
  endfacet
  facet normal 0.20791 -0.978148 0
    outer loop
      vertex 6.18034 -19.0211 45
      vertex 2.09057 -19.8904 17.5
      vertex 6.18034 -19.0211 17.5
    endloop
  endfacet
  facet normal -0.951053 0.309029 0
    outer loop
      vertex -19.563 4.15823 17.5
      vertex -18.2709 8.13473 45
      vertex -18.2709 8.13473 17.5
    endloop
  endfacet
  facet normal -0.951053 0.309029 0
    outer loop
      vertex -18.2709 8.13473 45
      vertex -19.563 4.15823 17.5
      vertex -19.563 4.15823 45
    endloop
  endfacet
  facet normal -0.951053 -0.309029 0
    outer loop
      vertex -18.2709 -8.13473 17.5
      vertex -19.563 -4.15823 45
      vertex -19.563 -4.15823 17.5
    endloop
  endfacet
  facet normal -0.951053 -0.309029 0
    outer loop
      vertex -19.563 -4.15823 45
      vertex -18.2709 -8.13473 17.5
      vertex -18.2709 -8.13473 45
    endloop
  endfacet
  facet normal -0.406732 0.913547 0
    outer loop
      vertex -6.18034 19.0211 17.5
      vertex -10 17.3205 45
      vertex -6.18034 19.0211 45
    endloop
  endfacet
  facet normal -0.406732 0.913547 0
    outer loop
      vertex -10 17.3205 45
      vertex -6.18034 19.0211 17.5
      vertex -10 17.3205 17.5
    endloop
  endfacet
  facet normal -0 0 1
    outer loop
      vertex -13.3826 14.8629 45
      vertex -10 2 45
      vertex -10 17.3205 45
    endloop
  endfacet
  facet normal -0 0 1
    outer loop
      vertex -16.1803 11.7557 45
      vertex -10 2 45
      vertex -13.3826 14.8629 45
    endloop
  endfacet
  facet normal -0 0 1
    outer loop
      vertex -18.2709 8.13473 45
      vertex -10 2 45
      vertex -16.1803 11.7557 45
    endloop
  endfacet
  facet normal -0 0 1
    outer loop
      vertex -19.563 4.15823 45
      vertex -10 2 45
      vertex -18.2709 8.13473 45
    endloop
  endfacet
  facet normal 0 0 1
    outer loop
      vertex -10 2 45
      vertex -19.563 4.15823 45
      vertex -19.7898 2 45
    endloop
  endfacet
  facet normal -0 0 1
    outer loop
      vertex -10 2 45
      vertex 20 0 45
      vertex 19.563 4.15823 45
    endloop
  endfacet
  facet normal 0 0 1
    outer loop
      vertex -10 2 45
      vertex 19.563 4.15823 45
      vertex 18.2709 8.13473 45
    endloop
  endfacet
  facet normal 0 0 1
    outer loop
      vertex -10 -2 45
      vertex 20 0 45
      vertex -10 2 45
    endloop
  endfacet
  facet normal 0 0 1
    outer loop
      vertex -10 2 45
      vertex 18.2709 8.13473 45
      vertex 16.1803 11.7557 45
    endloop
  endfacet
  facet normal 0 0 1
    outer loop
      vertex 20 0 45
      vertex -10 -2 45
      vertex 19.563 -4.15823 45
    endloop
  endfacet
  facet normal 0 0 1
    outer loop
      vertex -10 2 45
      vertex 16.1803 11.7557 45
      vertex 13.3826 14.8629 45
    endloop
  endfacet
  facet normal 0 0 1
    outer loop
      vertex 19.563 -4.15823 45
      vertex -10 -2 45
      vertex 18.2709 -8.13473 45
    endloop
  endfacet
  facet normal 0 0 1
    outer loop
      vertex -10 2 45
      vertex 13.3826 14.8629 45
      vertex 10 17.3205 45
    endloop
  endfacet
  facet normal 0 0 1
    outer loop
      vertex 18.2709 -8.13473 45
      vertex -10 -2 45
      vertex 16.1803 -11.7557 45
    endloop
  endfacet
  facet normal 0 0 1
    outer loop
      vertex -10 2 45
      vertex 10 17.3205 45
      vertex 6.18034 19.0211 45
    endloop
  endfacet
  facet normal 0 0 1
    outer loop
      vertex 16.1803 -11.7557 45
      vertex -10 -2 45
      vertex 13.3826 -14.8629 45
    endloop
  endfacet
  facet normal 0 0 1
    outer loop
      vertex -10 2 45
      vertex 6.18034 19.0211 45
      vertex 2.09057 19.8904 45
    endloop
  endfacet
  facet normal 0 0 1
    outer loop
      vertex 13.3826 -14.8629 45
      vertex -10 -2 45
      vertex 10 -17.3205 45
    endloop
  endfacet
  facet normal 0 0 1
    outer loop
      vertex -10 2 45
      vertex 2.09057 19.8904 45
      vertex -2.09057 19.8904 45
    endloop
  endfacet
  facet normal 0 0 1
    outer loop
      vertex 10 -17.3205 45
      vertex -10 -2 45
      vertex 6.18034 -19.0211 45
    endloop
  endfacet
  facet normal 0 0 1
    outer loop
      vertex -10 2 45
      vertex -2.09057 19.8904 45
      vertex -6.18034 19.0211 45
    endloop
  endfacet
  facet normal 0 0 1
    outer loop
      vertex 6.18034 -19.0211 45
      vertex -10 -2 45
      vertex 2.09057 -19.8904 45
    endloop
  endfacet
  facet normal 0 0 1
    outer loop
      vertex -10 2 45
      vertex -6.18034 19.0211 45
      vertex -10 17.3205 45
    endloop
  endfacet
  facet normal 0 0 1
    outer loop
      vertex 2.09057 -19.8904 45
      vertex -10 -2 45
      vertex -2.09057 -19.8904 45
    endloop
  endfacet
  facet normal 0 0 1
    outer loop
      vertex -2.09057 -19.8904 45
      vertex -10 -2 45
      vertex -6.18034 -19.0211 45
    endloop
  endfacet
  facet normal 0 0 1
    outer loop
      vertex -10 -2 45
      vertex -10 -17.3205 45
      vertex -6.18034 -19.0211 45
    endloop
  endfacet
  facet normal 0 0 1
    outer loop
      vertex -10 -2 45
      vertex -13.3826 -14.8629 45
      vertex -10 -17.3205 45
    endloop
  endfacet
  facet normal 0 0 1
    outer loop
      vertex -10 -2 45
      vertex -16.1803 -11.7557 45
      vertex -13.3826 -14.8629 45
    endloop
  endfacet
  facet normal 0 0 1
    outer loop
      vertex -10 -2 45
      vertex -18.2709 -8.13473 45
      vertex -16.1803 -11.7557 45
    endloop
  endfacet
  facet normal 0 0 1
    outer loop
      vertex -10 -2 45
      vertex -19.563 -4.15823 45
      vertex -18.2709 -8.13473 45
    endloop
  endfacet
  facet normal 0 -0 1
    outer loop
      vertex -19.563 -4.15823 45
      vertex -10 -2 45
      vertex -19.7898 -2 45
    endloop
  endfacet
  facet normal -0.20791 -0.978148 0
    outer loop
      vertex -6.18034 -19.0211 17.5
      vertex -2.09057 -19.8904 45
      vertex -6.18034 -19.0211 45
    endloop
  endfacet
  facet normal -0.20791 -0.978148 -0
    outer loop
      vertex -2.09057 -19.8904 45
      vertex -6.18034 -19.0211 17.5
      vertex -2.09057 -19.8904 17.5
    endloop
  endfacet
  facet normal 0.20791 0.978148 -0
    outer loop
      vertex 6.18034 19.0211 17.5
      vertex 2.09057 19.8904 45
      vertex 6.18034 19.0211 45
    endloop
  endfacet
  facet normal 0.20791 0.978148 0
    outer loop
      vertex 2.09057 19.8904 45
      vertex 6.18034 19.0211 17.5
      vertex 2.09057 19.8904 17.5
    endloop
  endfacet
  facet normal -0.994524 -0.104511 0
    outer loop
      vertex -19.563 -4.15823 17.5
      vertex -19.7898 -2 45
      vertex -19.7898 -2 17.5
    endloop
  endfacet
  facet normal -0.994524 -0.104511 0
    outer loop
      vertex -19.7898 -2 45
      vertex -19.563 -4.15823 17.5
      vertex -19.563 -4.15823 45
    endloop
  endfacet
  facet normal -0.866022 -0.500006 0
    outer loop
      vertex -16.1803 -11.7557 17.5
      vertex -18.2709 -8.13473 45
      vertex -18.2709 -8.13473 17.5
    endloop
  endfacet
  facet normal -0.866022 -0.500006 0
    outer loop
      vertex -18.2709 -8.13473 45
      vertex -16.1803 -11.7557 17.5
      vertex -16.1803 -11.7557 45
    endloop
  endfacet
  facet normal -0.866022 0.500006 0
    outer loop
      vertex -18.2709 8.13473 17.5
      vertex -16.1803 11.7557 45
      vertex -16.1803 11.7557 17.5
    endloop
  endfacet
  facet normal -0.866022 0.500006 0
    outer loop
      vertex -16.1803 11.7557 45
      vertex -18.2709 8.13473 17.5
      vertex -18.2709 8.13473 45
    endloop
  endfacet
  facet normal 0.866022 -0.500006 0
    outer loop
      vertex 16.1803 -11.7557 45
      vertex 18.2709 -8.13473 17.5
      vertex 18.2709 -8.13473 45
    endloop
  endfacet
  facet normal 0.866022 -0.500006 0
    outer loop
      vertex 18.2709 -8.13473 17.5
      vertex 16.1803 -11.7557 45
      vertex 16.1803 -11.7557 17.5
    endloop
  endfacet
  facet normal 0.587785 0.809017 -0
    outer loop
      vertex 13.3826 14.8629 17.5
      vertex 10 17.3205 45
      vertex 13.3826 14.8629 45
    endloop
  endfacet
  facet normal 0.587785 0.809017 0
    outer loop
      vertex 10 17.3205 45
      vertex 13.3826 14.8629 17.5
      vertex 10 17.3205 17.5
    endloop
  endfacet
  facet normal -0.587785 0.809017 0
    outer loop
      vertex -10 17.3205 17.5
      vertex -13.3826 14.8629 45
      vertex -10 17.3205 45
    endloop
  endfacet
  facet normal -0.587785 0.809017 0
    outer loop
      vertex -13.3826 14.8629 45
      vertex -10 17.3205 17.5
      vertex -13.3826 14.8629 17.5
    endloop
  endfacet
  facet normal -0.20791 0.978148 0
    outer loop
      vertex -2.09057 19.8904 17.5
      vertex -6.18034 19.0211 45
      vertex -2.09057 19.8904 45
    endloop
  endfacet
  facet normal -0.20791 0.978148 0
    outer loop
      vertex -6.18034 19.0211 45
      vertex -2.09057 19.8904 17.5
      vertex -6.18034 19.0211 17.5
    endloop
  endfacet
  facet normal 0 -1 0
    outer loop
      vertex -2.09057 -19.8904 17.5
      vertex 2.09057 -19.8904 45
      vertex -2.09057 -19.8904 45
    endloop
  endfacet
  facet normal 0 -1 -0
    outer loop
      vertex 2.09057 -19.8904 45
      vertex -2.09057 -19.8904 17.5
      vertex 2.09057 -19.8904 17.5
    endloop
  endfacet
  facet normal -0.994524 0.104511 0
    outer loop
      vertex -19.7898 2 17.5
      vertex -19.563 4.15823 45
      vertex -19.563 4.15823 17.5
    endloop
  endfacet
  facet normal -0.994524 0.104511 0
    outer loop
      vertex -19.563 4.15823 45
      vertex -19.7898 2 17.5
      vertex -19.7898 2 45
    endloop
  endfacet
  facet normal -0.92388 -0.382682 0
    outer loop
      vertex 7.24444 1.94114 17.5
      vertex 6.49519 3.75 30
      vertex 6.49519 3.75 17.5
    endloop
  endfacet
  facet normal -0.92388 -0.382682 0
    outer loop
      vertex 6.49519 3.75 30
      vertex 7.24444 1.94114 17.5
      vertex 7.24444 1.94114 30
    endloop
  endfacet
  facet normal -0.991445 -0.130528 0
    outer loop
      vertex 7.5 0 17.5
      vertex 7.24444 1.94114 30
      vertex 7.24444 1.94114 17.5
    endloop
  endfacet
  facet normal -0.991445 -0.130528 0
    outer loop
      vertex 7.24444 1.94114 30
      vertex 7.5 0 17.5
      vertex 7.5 0 30
    endloop
  endfacet
  facet normal -0.793353 -0.608762 0
    outer loop
      vertex 6.49519 3.75 17.5
      vertex 5.3033 5.3033 30
      vertex 5.3033 5.3033 17.5
    endloop
  endfacet
  facet normal -0.793353 -0.608762 0
    outer loop
      vertex 5.3033 5.3033 30
      vertex 6.49519 3.75 17.5
      vertex 6.49519 3.75 30
    endloop
  endfacet
  facet normal 0.793353 -0.608762 0
    outer loop
      vertex -6.49519 3.75 30
      vertex -5.3033 5.3033 17.5
      vertex -5.3033 5.3033 30
    endloop
  endfacet
  facet normal 0.793353 -0.608762 0
    outer loop
      vertex -5.3033 5.3033 17.5
      vertex -6.49519 3.75 30
      vertex -6.49519 3.75 17.5
    endloop
  endfacet
  facet normal 0.608762 -0.793353 0
    outer loop
      vertex -5.3033 5.3033 17.5
      vertex -3.75 6.49519 30
      vertex -5.3033 5.3033 30
    endloop
  endfacet
  facet normal 0.608762 -0.793353 0
    outer loop
      vertex -3.75 6.49519 30
      vertex -5.3033 5.3033 17.5
      vertex -3.75 6.49519 17.5
    endloop
  endfacet
  facet normal -0.382682 0.92388 0
    outer loop
      vertex 3.75 -6.49519 17.5
      vertex 1.94114 -7.24444 30
      vertex 3.75 -6.49519 30
    endloop
  endfacet
  facet normal -0.382682 0.92388 0
    outer loop
      vertex 1.94114 -7.24444 30
      vertex 3.75 -6.49519 17.5
      vertex 1.94114 -7.24444 17.5
    endloop
  endfacet
  facet normal 0.92388 -0.382682 0
    outer loop
      vertex -7.24444 1.94114 30
      vertex -6.49519 3.75 17.5
      vertex -6.49519 3.75 30
    endloop
  endfacet
  facet normal 0.92388 -0.382682 0
    outer loop
      vertex -6.49519 3.75 17.5
      vertex -7.24444 1.94114 30
      vertex -7.24444 1.94114 17.5
    endloop
  endfacet
  facet normal -0.608762 -0.793353 0
    outer loop
      vertex 3.75 6.49519 17.5
      vertex 5.3033 5.3033 30
      vertex 3.75 6.49519 30
    endloop
  endfacet
  facet normal -0.608762 -0.793353 -0
    outer loop
      vertex 5.3033 5.3033 30
      vertex 3.75 6.49519 17.5
      vertex 5.3033 5.3033 17.5
    endloop
  endfacet
  facet normal -0.130528 -0.991445 0
    outer loop
      vertex 0 7.5 17.5
      vertex 1.94114 7.24444 30
      vertex 0 7.5 30
    endloop
  endfacet
  facet normal -0.130528 -0.991445 -0
    outer loop
      vertex 1.94114 7.24444 30
      vertex 0 7.5 17.5
      vertex 1.94114 7.24444 17.5
    endloop
  endfacet
  facet normal -0.130528 0.991445 0
    outer loop
      vertex 1.94114 -7.24444 17.5
      vertex 0 -7.5 30
      vertex 1.94114 -7.24444 30
    endloop
  endfacet
  facet normal -0.130528 0.991445 0
    outer loop
      vertex 0 -7.5 30
      vertex 1.94114 -7.24444 17.5
      vertex 0 -7.5 17.5
    endloop
  endfacet
  facet normal 0 0 -1
    outer loop
      vertex 7.24444 -1.94114 30
      vertex 7.24444 1.94114 30
      vertex 7.5 0 30
    endloop
  endfacet
  facet normal 0 0 -1
    outer loop
      vertex 6.49519 -3.75 30
      vertex 7.24444 1.94114 30
      vertex 7.24444 -1.94114 30
    endloop
  endfacet
  facet normal 0 0 -1
    outer loop
      vertex 6.49519 -3.75 30
      vertex 6.49519 3.75 30
      vertex 7.24444 1.94114 30
    endloop
  endfacet
  facet normal 0 0 -1
    outer loop
      vertex 5.3033 -5.3033 30
      vertex 6.49519 3.75 30
      vertex 6.49519 -3.75 30
    endloop
  endfacet
  facet normal 0 0 -1
    outer loop
      vertex 5.3033 -5.3033 30
      vertex 5.3033 5.3033 30
      vertex 6.49519 3.75 30
    endloop
  endfacet
  facet normal 0 0 -1
    outer loop
      vertex 3.75 -6.49519 30
      vertex 5.3033 5.3033 30
      vertex 5.3033 -5.3033 30
    endloop
  endfacet
  facet normal 0 0 -1
    outer loop
      vertex 3.75 -6.49519 30
      vertex 3.75 6.49519 30
      vertex 5.3033 5.3033 30
    endloop
  endfacet
  facet normal 0 0 -1
    outer loop
      vertex 1.94114 -7.24444 30
      vertex 3.75 6.49519 30
      vertex 3.75 -6.49519 30
    endloop
  endfacet
  facet normal 0 0 -1
    outer loop
      vertex 1.94114 -7.24444 30
      vertex 1.94114 7.24444 30
      vertex 3.75 6.49519 30
    endloop
  endfacet
  facet normal 0 0 -1
    outer loop
      vertex 0 -7.5 30
      vertex 1.94114 7.24444 30
      vertex 1.94114 -7.24444 30
    endloop
  endfacet
  facet normal 0 0 -1
    outer loop
      vertex 0 -7.5 30
      vertex 0 7.5 30
      vertex 1.94114 7.24444 30
    endloop
  endfacet
  facet normal 0 0 -1
    outer loop
      vertex -1.94114 -7.24444 30
      vertex 0 7.5 30
      vertex 0 -7.5 30
    endloop
  endfacet
  facet normal 0 0 -1
    outer loop
      vertex -1.94114 -7.24444 30
      vertex -1.94114 7.24444 30
      vertex 0 7.5 30
    endloop
  endfacet
  facet normal 0 0 -1
    outer loop
      vertex -3.75 -6.49519 30
      vertex -1.94114 7.24444 30
      vertex -1.94114 -7.24444 30
    endloop
  endfacet
  facet normal 0 0 -1
    outer loop
      vertex -3.75 -6.49519 30
      vertex -3.75 6.49519 30
      vertex -1.94114 7.24444 30
    endloop
  endfacet
  facet normal 0 0 -1
    outer loop
      vertex -5.3033 -5.3033 30
      vertex -3.75 6.49519 30
      vertex -3.75 -6.49519 30
    endloop
  endfacet
  facet normal 0 0 -1
    outer loop
      vertex -5.3033 -5.3033 30
      vertex -5.3033 5.3033 30
      vertex -3.75 6.49519 30
    endloop
  endfacet
  facet normal 0 0 -1
    outer loop
      vertex -6.49519 -3.75 30
      vertex -5.3033 5.3033 30
      vertex -5.3033 -5.3033 30
    endloop
  endfacet
  facet normal 0 0 -1
    outer loop
      vertex -6.49519 -3.75 30
      vertex -6.49519 3.75 30
      vertex -5.3033 5.3033 30
    endloop
  endfacet
  facet normal 0 0 -1
    outer loop
      vertex -7.24444 -1.94114 30
      vertex -6.49519 3.75 30
      vertex -6.49519 -3.75 30
    endloop
  endfacet
  facet normal 0 0 -1
    outer loop
      vertex -7.24444 -1.94114 30
      vertex -7.24444 1.94114 30
      vertex -6.49519 3.75 30
    endloop
  endfacet
  facet normal 0 -0 -1
    outer loop
      vertex -7.24444 1.94114 30
      vertex -7.24444 -1.94114 30
      vertex -7.5 0 30
    endloop
  endfacet
  facet normal -0.793353 0.608762 0
    outer loop
      vertex 5.3033 -5.3033 17.5
      vertex 6.49519 -3.75 30
      vertex 6.49519 -3.75 17.5
    endloop
  endfacet
  facet normal -0.793353 0.608762 0
    outer loop
      vertex 6.49519 -3.75 30
      vertex 5.3033 -5.3033 17.5
      vertex 5.3033 -5.3033 30
    endloop
  endfacet
  facet normal -0.608762 0.793353 0
    outer loop
      vertex 5.3033 -5.3033 17.5
      vertex 3.75 -6.49519 30
      vertex 5.3033 -5.3033 30
    endloop
  endfacet
  facet normal -0.608762 0.793353 0
    outer loop
      vertex 3.75 -6.49519 30
      vertex 5.3033 -5.3033 17.5
      vertex 3.75 -6.49519 17.5
    endloop
  endfacet
  facet normal 0.793353 0.608762 0
    outer loop
      vertex -5.3033 -5.3033 30
      vertex -6.49519 -3.75 17.5
      vertex -6.49519 -3.75 30
    endloop
  endfacet
  facet normal 0.793353 0.608762 0
    outer loop
      vertex -6.49519 -3.75 17.5
      vertex -5.3033 -5.3033 30
      vertex -5.3033 -5.3033 17.5
    endloop
  endfacet
  facet normal -0.991445 0.130528 0
    outer loop
      vertex 7.24444 -1.94114 17.5
      vertex 7.5 0 30
      vertex 7.5 0 17.5
    endloop
  endfacet
  facet normal -0.991445 0.130528 0
    outer loop
      vertex 7.5 0 30
      vertex 7.24444 -1.94114 17.5
      vertex 7.24444 -1.94114 30
    endloop
  endfacet
  facet normal 0.991445 -0.130528 0
    outer loop
      vertex -7.5 0 30
      vertex -7.24444 1.94114 17.5
      vertex -7.24444 1.94114 30
    endloop
  endfacet
  facet normal 0.991445 -0.130528 0
    outer loop
      vertex -7.24444 1.94114 17.5
      vertex -7.5 0 30
      vertex -7.5 0 17.5
    endloop
  endfacet
  facet normal 0.130528 -0.991445 0
    outer loop
      vertex -1.94114 7.24444 17.5
      vertex 0 7.5 30
      vertex -1.94114 7.24444 30
    endloop
  endfacet
  facet normal 0.130528 -0.991445 0
    outer loop
      vertex 0 7.5 30
      vertex -1.94114 7.24444 17.5
      vertex 0 7.5 17.5
    endloop
  endfacet
  facet normal -0.92388 0.382682 0
    outer loop
      vertex 6.49519 -3.75 17.5
      vertex 7.24444 -1.94114 30
      vertex 7.24444 -1.94114 17.5
    endloop
  endfacet
  facet normal -0.92388 0.382682 0
    outer loop
      vertex 7.24444 -1.94114 30
      vertex 6.49519 -3.75 17.5
      vertex 6.49519 -3.75 30
    endloop
  endfacet
  facet normal 0.382682 -0.92388 0
    outer loop
      vertex -3.75 6.49519 17.5
      vertex -1.94114 7.24444 30
      vertex -3.75 6.49519 30
    endloop
  endfacet
  facet normal 0.382682 -0.92388 0
    outer loop
      vertex -1.94114 7.24444 30
      vertex -3.75 6.49519 17.5
      vertex -1.94114 7.24444 17.5
    endloop
  endfacet
  facet normal -0.382682 -0.92388 0
    outer loop
      vertex 1.94114 7.24444 17.5
      vertex 3.75 6.49519 30
      vertex 1.94114 7.24444 30
    endloop
  endfacet
  facet normal -0.382682 -0.92388 -0
    outer loop
      vertex 3.75 6.49519 30
      vertex 1.94114 7.24444 17.5
      vertex 3.75 6.49519 17.5
    endloop
  endfacet
  facet normal 0.130528 0.991445 -0
    outer loop
      vertex 0 -7.5 17.5
      vertex -1.94114 -7.24444 30
      vertex 0 -7.5 30
    endloop
  endfacet
  facet normal 0.130528 0.991445 0
    outer loop
      vertex -1.94114 -7.24444 30
      vertex 0 -7.5 17.5
      vertex -1.94114 -7.24444 17.5
    endloop
  endfacet
  facet normal 0.92388 0.382682 0
    outer loop
      vertex -6.49519 -3.75 30
      vertex -7.24444 -1.94114 17.5
      vertex -7.24444 -1.94114 30
    endloop
  endfacet
  facet normal 0.92388 0.382682 0
    outer loop
      vertex -7.24444 -1.94114 17.5
      vertex -6.49519 -3.75 30
      vertex -6.49519 -3.75 17.5
    endloop
  endfacet
  facet normal 0.991445 0.130528 0
    outer loop
      vertex -7.24444 -1.94114 30
      vertex -7.5 0 17.5
      vertex -7.5 0 30
    endloop
  endfacet
  facet normal 0.991445 0.130528 0
    outer loop
      vertex -7.5 0 17.5
      vertex -7.24444 -1.94114 30
      vertex -7.24444 -1.94114 17.5
    endloop
  endfacet
  facet normal 0.608762 0.793353 -0
    outer loop
      vertex -3.75 -6.49519 17.5
      vertex -5.3033 -5.3033 30
      vertex -3.75 -6.49519 30
    endloop
  endfacet
  facet normal 0.608762 0.793353 0
    outer loop
      vertex -5.3033 -5.3033 30
      vertex -3.75 -6.49519 17.5
      vertex -5.3033 -5.3033 17.5
    endloop
  endfacet
  facet normal 0.382682 0.92388 -0
    outer loop
      vertex -1.94114 -7.24444 17.5
      vertex -3.75 -6.49519 30
      vertex -1.94114 -7.24444 30
    endloop
  endfacet
  facet normal 0.382682 0.92388 0
    outer loop
      vertex -3.75 -6.49519 30
      vertex -1.94114 -7.24444 17.5
      vertex -3.75 -6.49519 17.5
    endloop
  endfacet
  facet normal -1 0 0
    outer loop
      vertex -10 -2 17.5
      vertex -10 2 45
      vertex -10 2 17.5
    endloop
  endfacet
  facet normal -1 -0 0
    outer loop
      vertex -10 2 45
      vertex -10 -2 17.5
      vertex -10 -2 45
    endloop
  endfacet
  facet normal 0 -1 0
    outer loop
      vertex -19.7898 2 17.5
      vertex -10 2 45
      vertex -19.7898 2 45
    endloop
  endfacet
  facet normal 0 -1 -0
    outer loop
      vertex -10 2 45
      vertex -19.7898 2 17.5
      vertex -10 2 17.5
    endloop
  endfacet
  facet normal 0 1 -0
    outer loop
      vertex -10 -2 17.5
      vertex -19.7898 -2 45
      vertex -10 -2 45
    endloop
  endfacet
  facet normal 0 1 0
    outer loop
      vertex -19.7898 -2 45
      vertex -10 -2 17.5
      vertex -19.7898 -2 17.5
    endloop
  endfacet
  facet normal 0.382676 0.923883 -0
    outer loop
      vertex 21.7678 1.76777 7.5
      vertex 20 2.5 9
      vertex 21.7678 1.76777 9
    endloop
  endfacet
  facet normal 0.382676 0.923883 0
    outer loop
      vertex 20 2.5 9
      vertex 21.7678 1.76777 7.5
      vertex 20 2.5 7.5
    endloop
  endfacet
  facet normal 0.382676 0.923883 -0
    outer loop
      vertex 21.7678 1.76777 11
      vertex 20 2.5 12.5
      vertex 21.7678 1.76777 12.5
    endloop
  endfacet
  facet normal 0.382676 0.923883 0
    outer loop
      vertex 20 2.5 12.5
      vertex 21.7678 1.76777 11
      vertex 20 2.5 11
    endloop
  endfacet
  facet normal 0.382676 0.923883 -0
    outer loop
      vertex 21.7678 1.76777 -3.5
      vertex 20 2.5 -1
      vertex 21.7678 1.76777 -1
    endloop
  endfacet
  facet normal 0.382676 0.923883 0
    outer loop
      vertex 20 2.5 -1
      vertex 21.7678 1.76777 -3.5
      vertex 20 2.5 -3.5
    endloop
  endfacet
  facet normal 0.382676 0.923883 -0
    outer loop
      vertex 21.7678 1.76777 1
      vertex 20 2.5 2.5
      vertex 21.7678 1.76777 2.5
    endloop
  endfacet
  facet normal 0.382676 0.923883 0
    outer loop
      vertex 20 2.5 2.5
      vertex 21.7678 1.76777 1
      vertex 20 2.5 1
    endloop
  endfacet
  facet normal 0.923886 0.382668 0
    outer loop
      vertex 22.5 0 9
      vertex 21.7678 1.76777 7.5
      vertex 21.7678 1.76777 9
    endloop
  endfacet
  facet normal 0.923886 0.382668 0
    outer loop
      vertex 21.7678 1.76777 7.5
      vertex 22.5 0 9
      vertex 22.5 0 7.5
    endloop
  endfacet
  facet normal 0.923886 0.382668 0
    outer loop
      vertex 22.5 0 12.5
      vertex 21.7678 1.76777 11
      vertex 21.7678 1.76777 12.5
    endloop
  endfacet
  facet normal 0.923886 0.382668 0
    outer loop
      vertex 21.7678 1.76777 11
      vertex 22.5 0 12.5
      vertex 22.5 0 11
    endloop
  endfacet
  facet normal 0.923886 0.382668 0
    outer loop
      vertex 22.5 0 -1
      vertex 21.7678 1.76777 -3.5
      vertex 21.7678 1.76777 -1
    endloop
  endfacet
  facet normal 0.923886 0.382668 0
    outer loop
      vertex 21.7678 1.76777 -3.5
      vertex 22.5 0 -1
      vertex 22.5 0 -3.5
    endloop
  endfacet
  facet normal 0.923886 0.382668 0
    outer loop
      vertex 22.5 0 2.5
      vertex 21.7678 1.76777 1
      vertex 21.7678 1.76777 2.5
    endloop
  endfacet
  facet normal 0.923886 0.382668 0
    outer loop
      vertex 21.7678 1.76777 1
      vertex 22.5 0 2.5
      vertex 22.5 0 1
    endloop
  endfacet
  facet normal 0.382676 -0.923883 0
    outer loop
      vertex 18.2322 1.76777 12.5
      vertex 20 2.5 13.5
      vertex 18.2322 1.76777 13.5
    endloop
  endfacet
  facet normal 0.382676 -0.923883 0
    outer loop
      vertex 20 2.5 13.5
      vertex 18.2322 1.76777 12.5
      vertex 20 2.5 12.5
    endloop
  endfacet
  facet normal 0.923886 -0.382668 0
    outer loop
      vertex 21.7678 -1.76777 9
      vertex 22.5 0 7.5
      vertex 22.5 0 9
    endloop
  endfacet
  facet normal 0.923886 -0.382668 0
    outer loop
      vertex 22.5 0 7.5
      vertex 21.7678 -1.76777 9
      vertex 21.7678 -1.76777 7.5
    endloop
  endfacet
  facet normal 0.923886 -0.382668 0
    outer loop
      vertex 21.7678 -1.76777 12.5
      vertex 22.5 0 11
      vertex 22.5 0 12.5
    endloop
  endfacet
  facet normal 0.923886 -0.382668 0
    outer loop
      vertex 22.5 0 11
      vertex 21.7678 -1.76777 12.5
      vertex 21.7678 -1.76777 11
    endloop
  endfacet
  facet normal 0.923886 -0.382668 0
    outer loop
      vertex 21.7678 -1.76777 -1
      vertex 22.5 0 -3.5
      vertex 22.5 0 -1
    endloop
  endfacet
  facet normal 0.923886 -0.382668 0
    outer loop
      vertex 22.5 0 -3.5
      vertex 21.7678 -1.76777 -1
      vertex 21.7678 -1.76777 -3.5
    endloop
  endfacet
  facet normal 0.923886 -0.382668 0
    outer loop
      vertex 21.7678 -1.76777 2.5
      vertex 22.5 0 1
      vertex 22.5 0 2.5
    endloop
  endfacet
  facet normal 0.923886 -0.382668 0
    outer loop
      vertex 22.5 0 1
      vertex 21.7678 -1.76777 2.5
      vertex 21.7678 -1.76777 1
    endloop
  endfacet
  facet normal 0.923886 -0.382668 0
    outer loop
      vertex 17.5 0 13.5
      vertex 18.2322 1.76777 12.5
      vertex 18.2322 1.76777 13.5
    endloop
  endfacet
  facet normal 0.923886 -0.382668 0
    outer loop
      vertex 18.2322 1.76777 12.5
      vertex 17.5 0 13.5
      vertex 17.5 0 12.5
    endloop
  endfacet
  facet normal 0.382676 0.923883 -0
    outer loop
      vertex 20 -2.5 12.5
      vertex 18.2322 -1.76777 13.5
      vertex 20 -2.5 13.5
    endloop
  endfacet
  facet normal 0.382676 0.923883 0
    outer loop
      vertex 18.2322 -1.76777 13.5
      vertex 20 -2.5 12.5
      vertex 18.2322 -1.76777 12.5
    endloop
  endfacet
  facet normal 0.382676 -0.923883 0
    outer loop
      vertex 20 -2.5 7.5
      vertex 21.7678 -1.76777 9
      vertex 20 -2.5 9
    endloop
  endfacet
  facet normal 0.382676 -0.923883 0
    outer loop
      vertex 21.7678 -1.76777 9
      vertex 20 -2.5 7.5
      vertex 21.7678 -1.76777 7.5
    endloop
  endfacet
  facet normal 0.382676 -0.923883 0
    outer loop
      vertex 20 -2.5 11
      vertex 21.7678 -1.76777 12.5
      vertex 20 -2.5 12.5
    endloop
  endfacet
  facet normal 0.382676 -0.923883 0
    outer loop
      vertex 21.7678 -1.76777 12.5
      vertex 20 -2.5 11
      vertex 21.7678 -1.76777 11
    endloop
  endfacet
  facet normal 0.382676 -0.923883 0
    outer loop
      vertex 20 -2.5 -3.5
      vertex 21.7678 -1.76777 -1
      vertex 20 -2.5 -1
    endloop
  endfacet
  facet normal 0.382676 -0.923883 0
    outer loop
      vertex 21.7678 -1.76777 -1
      vertex 20 -2.5 -3.5
      vertex 21.7678 -1.76777 -3.5
    endloop
  endfacet
  facet normal 0.382676 -0.923883 0
    outer loop
      vertex 20 -2.5 1
      vertex 21.7678 -1.76777 2.5
      vertex 20 -2.5 2.5
    endloop
  endfacet
  facet normal 0.382676 -0.923883 0
    outer loop
      vertex 21.7678 -1.76777 2.5
      vertex 20 -2.5 1
      vertex 21.7678 -1.76777 1
    endloop
  endfacet
  facet normal 0.923886 0.382668 0
    outer loop
      vertex 18.2322 -1.76777 13.5
      vertex 17.5 0 12.5
      vertex 17.5 0 13.5
    endloop
  endfacet
  facet normal 0.923886 0.382668 0
    outer loop
      vertex 17.5 0 12.5
      vertex 18.2322 -1.76777 13.5
      vertex 18.2322 -1.76777 12.5
    endloop
  endfacet
  facet normal -0.923883 0.382676 0
    outer loop
      vertex -2.5 20 7.5
      vertex -1.76777 21.7678 9
      vertex -1.76777 21.7678 7.5
    endloop
  endfacet
  facet normal -0.923883 0.382676 0
    outer loop
      vertex -1.76777 21.7678 9
      vertex -2.5 20 7.5
      vertex -2.5 20 9
    endloop
  endfacet
  facet normal -0.923883 0.382676 0
    outer loop
      vertex -2.5 20 11
      vertex -1.76777 21.7678 12.5
      vertex -1.76777 21.7678 11
    endloop
  endfacet
  facet normal -0.923883 0.382676 0
    outer loop
      vertex -1.76777 21.7678 12.5
      vertex -2.5 20 11
      vertex -2.5 20 12.5
    endloop
  endfacet
  facet normal -0.923883 0.382676 0
    outer loop
      vertex -2.5 20 -3.5
      vertex -1.76777 21.7678 -1
      vertex -1.76777 21.7678 -3.5
    endloop
  endfacet
  facet normal -0.923883 0.382676 0
    outer loop
      vertex -1.76777 21.7678 -1
      vertex -2.5 20 -3.5
      vertex -2.5 20 -1
    endloop
  endfacet
  facet normal -0.923883 0.382676 0
    outer loop
      vertex -2.5 20 1
      vertex -1.76777 21.7678 2.5
      vertex -1.76777 21.7678 1
    endloop
  endfacet
  facet normal -0.923883 0.382676 0
    outer loop
      vertex -1.76777 21.7678 2.5
      vertex -2.5 20 1
      vertex -2.5 20 2.5
    endloop
  endfacet
  facet normal -0.382668 0.923886 0
    outer loop
      vertex 0 22.5 7.5
      vertex -1.76777 21.7678 9
      vertex 0 22.5 9
    endloop
  endfacet
  facet normal -0.382668 0.923886 0
    outer loop
      vertex -1.76777 21.7678 9
      vertex 0 22.5 7.5
      vertex -1.76777 21.7678 7.5
    endloop
  endfacet
  facet normal -0.382668 0.923886 0
    outer loop
      vertex 0 22.5 11
      vertex -1.76777 21.7678 12.5
      vertex 0 22.5 12.5
    endloop
  endfacet
  facet normal -0.382668 0.923886 0
    outer loop
      vertex -1.76777 21.7678 12.5
      vertex 0 22.5 11
      vertex -1.76777 21.7678 11
    endloop
  endfacet
  facet normal -0.382668 0.923886 0
    outer loop
      vertex 0 22.5 -3.5
      vertex -1.76777 21.7678 -1
      vertex 0 22.5 -1
    endloop
  endfacet
  facet normal -0.382668 0.923886 0
    outer loop
      vertex -1.76777 21.7678 -1
      vertex 0 22.5 -3.5
      vertex -1.76777 21.7678 -3.5
    endloop
  endfacet
  facet normal -0.382668 0.923886 0
    outer loop
      vertex 0 22.5 1
      vertex -1.76777 21.7678 2.5
      vertex 0 22.5 2.5
    endloop
  endfacet
  facet normal -0.382668 0.923886 0
    outer loop
      vertex -1.76777 21.7678 2.5
      vertex 0 22.5 1
      vertex -1.76777 21.7678 1
    endloop
  endfacet
  facet normal 0.923883 0.382676 0
    outer loop
      vertex -1.76777 18.2322 13.5
      vertex -2.5 20 12.5
      vertex -2.5 20 13.5
    endloop
  endfacet
  facet normal 0.923883 0.382676 0
    outer loop
      vertex -2.5 20 12.5
      vertex -1.76777 18.2322 13.5
      vertex -1.76777 18.2322 12.5
    endloop
  endfacet
  facet normal 0.923883 0.382676 0
    outer loop
      vertex 2.5 20 9
      vertex 1.76777 21.7678 7.5
      vertex 1.76777 21.7678 9
    endloop
  endfacet
  facet normal 0.923883 0.382676 0
    outer loop
      vertex 1.76777 21.7678 7.5
      vertex 2.5 20 9
      vertex 2.5 20 7.5
    endloop
  endfacet
  facet normal 0.923883 0.382676 0
    outer loop
      vertex 2.5 20 12.5
      vertex 1.76777 21.7678 11
      vertex 1.76777 21.7678 12.5
    endloop
  endfacet
  facet normal 0.923883 0.382676 0
    outer loop
      vertex 1.76777 21.7678 11
      vertex 2.5 20 12.5
      vertex 2.5 20 11
    endloop
  endfacet
  facet normal 0.923883 0.382676 0
    outer loop
      vertex 2.5 20 -1
      vertex 1.76777 21.7678 -3.5
      vertex 1.76777 21.7678 -1
    endloop
  endfacet
  facet normal 0.923883 0.382676 0
    outer loop
      vertex 1.76777 21.7678 -3.5
      vertex 2.5 20 -1
      vertex 2.5 20 -3.5
    endloop
  endfacet
  facet normal 0.923883 0.382676 0
    outer loop
      vertex 2.5 20 2.5
      vertex 1.76777 21.7678 1
      vertex 1.76777 21.7678 2.5
    endloop
  endfacet
  facet normal 0.923883 0.382676 0
    outer loop
      vertex 1.76777 21.7678 1
      vertex 2.5 20 2.5
      vertex 2.5 20 1
    endloop
  endfacet
  facet normal 0.382668 0.923886 -0
    outer loop
      vertex 1.76777 21.7678 7.5
      vertex 0 22.5 9
      vertex 1.76777 21.7678 9
    endloop
  endfacet
  facet normal 0.382668 0.923886 0
    outer loop
      vertex 0 22.5 9
      vertex 1.76777 21.7678 7.5
      vertex 0 22.5 7.5
    endloop
  endfacet
  facet normal 0.382668 0.923886 -0
    outer loop
      vertex 1.76777 21.7678 11
      vertex 0 22.5 12.5
      vertex 1.76777 21.7678 12.5
    endloop
  endfacet
  facet normal 0.382668 0.923886 0
    outer loop
      vertex 0 22.5 12.5
      vertex 1.76777 21.7678 11
      vertex 0 22.5 11
    endloop
  endfacet
  facet normal 0.382668 0.923886 -0
    outer loop
      vertex 1.76777 21.7678 -3.5
      vertex 0 22.5 -1
      vertex 1.76777 21.7678 -1
    endloop
  endfacet
  facet normal 0.382668 0.923886 0
    outer loop
      vertex 0 22.5 -1
      vertex 1.76777 21.7678 -3.5
      vertex 0 22.5 -3.5
    endloop
  endfacet
  facet normal 0.382668 0.923886 -0
    outer loop
      vertex 1.76777 21.7678 1
      vertex 0 22.5 2.5
      vertex 1.76777 21.7678 2.5
    endloop
  endfacet
  facet normal 0.382668 0.923886 0
    outer loop
      vertex 0 22.5 2.5
      vertex 1.76777 21.7678 1
      vertex 0 22.5 1
    endloop
  endfacet
  facet normal 0.382668 0.923886 -0
    outer loop
      vertex 0 17.5 12.5
      vertex -1.76777 18.2322 13.5
      vertex 0 17.5 13.5
    endloop
  endfacet
  facet normal 0.382668 0.923886 0
    outer loop
      vertex -1.76777 18.2322 13.5
      vertex 0 17.5 12.5
      vertex -1.76777 18.2322 12.5
    endloop
  endfacet
  facet normal -0.923883 0.382676 0
    outer loop
      vertex 1.76777 18.2322 12.5
      vertex 2.5 20 13.5
      vertex 2.5 20 12.5
    endloop
  endfacet
  facet normal -0.923883 0.382676 0
    outer loop
      vertex 2.5 20 13.5
      vertex 1.76777 18.2322 12.5
      vertex 1.76777 18.2322 13.5
    endloop
  endfacet
  facet normal -0.382668 0.923886 0
    outer loop
      vertex 1.76777 18.2322 12.5
      vertex 0 17.5 13.5
      vertex 1.76777 18.2322 13.5
    endloop
  endfacet
  facet normal -0.382668 0.923886 0
    outer loop
      vertex 0 17.5 13.5
      vertex 1.76777 18.2322 12.5
      vertex 0 17.5 12.5
    endloop
  endfacet
  facet normal -0.382676 0.923883 0
    outer loop
      vertex -18.2322 -1.76777 12.5
      vertex -20 -2.5 13.5
      vertex -18.2322 -1.76777 13.5
    endloop
  endfacet
  facet normal -0.382676 0.923883 0
    outer loop
      vertex -20 -2.5 13.5
      vertex -18.2322 -1.76777 12.5
      vertex -20 -2.5 12.5
    endloop
  endfacet
  facet normal -0.923886 -0.382668 0
    outer loop
      vertex -21.7678 -1.76777 7.5
      vertex -22.5 0 9
      vertex -22.5 0 7.5
    endloop
  endfacet
  facet normal -0.923886 -0.382668 0
    outer loop
      vertex -22.5 0 9
      vertex -21.7678 -1.76777 7.5
      vertex -21.7678 -1.76777 9
    endloop
  endfacet
  facet normal -0.923886 -0.382668 0
    outer loop
      vertex -21.7678 -1.76777 11
      vertex -22.5 0 12.5
      vertex -22.5 0 11
    endloop
  endfacet
  facet normal -0.923886 -0.382668 0
    outer loop
      vertex -22.5 0 12.5
      vertex -21.7678 -1.76777 11
      vertex -21.7678 -1.76777 12.5
    endloop
  endfacet
  facet normal -0.923886 -0.382668 0
    outer loop
      vertex -21.7678 -1.76777 -3.5
      vertex -22.5 0 -1
      vertex -22.5 0 -3.5
    endloop
  endfacet
  facet normal -0.923886 -0.382668 0
    outer loop
      vertex -22.5 0 -1
      vertex -21.7678 -1.76777 -3.5
      vertex -21.7678 -1.76777 -1
    endloop
  endfacet
  facet normal -0.923886 -0.382668 0
    outer loop
      vertex -21.7678 -1.76777 1
      vertex -22.5 0 2.5
      vertex -22.5 0 1
    endloop
  endfacet
  facet normal -0.923886 -0.382668 0
    outer loop
      vertex -22.5 0 2.5
      vertex -21.7678 -1.76777 1
      vertex -21.7678 -1.76777 2.5
    endloop
  endfacet
  facet normal -0.382676 0.923883 0
    outer loop
      vertex -20 2.5 7.5
      vertex -21.7678 1.76777 9
      vertex -20 2.5 9
    endloop
  endfacet
  facet normal -0.382676 0.923883 0
    outer loop
      vertex -21.7678 1.76777 9
      vertex -20 2.5 7.5
      vertex -21.7678 1.76777 7.5
    endloop
  endfacet
  facet normal -0.382676 0.923883 0
    outer loop
      vertex -20 2.5 11
      vertex -21.7678 1.76777 12.5
      vertex -20 2.5 12.5
    endloop
  endfacet
  facet normal -0.382676 0.923883 0
    outer loop
      vertex -21.7678 1.76777 12.5
      vertex -20 2.5 11
      vertex -21.7678 1.76777 11
    endloop
  endfacet
  facet normal -0.382676 0.923883 0
    outer loop
      vertex -20 2.5 -3.5
      vertex -21.7678 1.76777 -1
      vertex -20 2.5 -1
    endloop
  endfacet
  facet normal -0.382676 0.923883 0
    outer loop
      vertex -21.7678 1.76777 -1
      vertex -20 2.5 -3.5
      vertex -21.7678 1.76777 -3.5
    endloop
  endfacet
  facet normal -0.382676 0.923883 0
    outer loop
      vertex -20 2.5 1
      vertex -21.7678 1.76777 2.5
      vertex -20 2.5 2.5
    endloop
  endfacet
  facet normal -0.382676 0.923883 0
    outer loop
      vertex -21.7678 1.76777 2.5
      vertex -20 2.5 1
      vertex -21.7678 1.76777 1
    endloop
  endfacet
  facet normal -0.923886 0.382668 0
    outer loop
      vertex -22.5 0 7.5
      vertex -21.7678 1.76777 9
      vertex -21.7678 1.76777 7.5
    endloop
  endfacet
  facet normal -0.923886 0.382668 0
    outer loop
      vertex -21.7678 1.76777 9
      vertex -22.5 0 7.5
      vertex -22.5 0 9
    endloop
  endfacet
  facet normal -0.923886 0.382668 0
    outer loop
      vertex -22.5 0 11
      vertex -21.7678 1.76777 12.5
      vertex -21.7678 1.76777 11
    endloop
  endfacet
  facet normal -0.923886 0.382668 0
    outer loop
      vertex -21.7678 1.76777 12.5
      vertex -22.5 0 11
      vertex -22.5 0 12.5
    endloop
  endfacet
  facet normal -0.923886 0.382668 0
    outer loop
      vertex -22.5 0 -3.5
      vertex -21.7678 1.76777 -1
      vertex -21.7678 1.76777 -3.5
    endloop
  endfacet
  facet normal -0.923886 0.382668 0
    outer loop
      vertex -21.7678 1.76777 -1
      vertex -22.5 0 -3.5
      vertex -22.5 0 -1
    endloop
  endfacet
  facet normal -0.923886 0.382668 0
    outer loop
      vertex -22.5 0 1
      vertex -21.7678 1.76777 2.5
      vertex -21.7678 1.76777 1
    endloop
  endfacet
  facet normal -0.923886 0.382668 0
    outer loop
      vertex -21.7678 1.76777 2.5
      vertex -22.5 0 1
      vertex -22.5 0 2.5
    endloop
  endfacet
  facet normal -0.923886 0.382668 0
    outer loop
      vertex -18.2322 -1.76777 12.5
      vertex -17.5 0 13.5
      vertex -17.5 0 12.5
    endloop
  endfacet
  facet normal -0.923886 0.382668 0
    outer loop
      vertex -17.5 0 13.5
      vertex -18.2322 -1.76777 12.5
      vertex -18.2322 -1.76777 13.5
    endloop
  endfacet
  facet normal -0.382676 -0.923883 0
    outer loop
      vertex -20 2.5 12.5
      vertex -18.2322 1.76777 13.5
      vertex -20 2.5 13.5
    endloop
  endfacet
  facet normal -0.382676 -0.923883 -0
    outer loop
      vertex -18.2322 1.76777 13.5
      vertex -20 2.5 12.5
      vertex -18.2322 1.76777 12.5
    endloop
  endfacet
  facet normal -0.382676 -0.923883 0
    outer loop
      vertex -21.7678 -1.76777 7.5
      vertex -20 -2.5 9
      vertex -21.7678 -1.76777 9
    endloop
  endfacet
  facet normal -0.382676 -0.923883 -0
    outer loop
      vertex -20 -2.5 9
      vertex -21.7678 -1.76777 7.5
      vertex -20 -2.5 7.5
    endloop
  endfacet
  facet normal -0.382676 -0.923883 0
    outer loop
      vertex -21.7678 -1.76777 11
      vertex -20 -2.5 12.5
      vertex -21.7678 -1.76777 12.5
    endloop
  endfacet
  facet normal -0.382676 -0.923883 -0
    outer loop
      vertex -20 -2.5 12.5
      vertex -21.7678 -1.76777 11
      vertex -20 -2.5 11
    endloop
  endfacet
  facet normal -0.382676 -0.923883 0
    outer loop
      vertex -21.7678 -1.76777 -3.5
      vertex -20 -2.5 -1
      vertex -21.7678 -1.76777 -1
    endloop
  endfacet
  facet normal -0.382676 -0.923883 -0
    outer loop
      vertex -20 -2.5 -1
      vertex -21.7678 -1.76777 -3.5
      vertex -20 -2.5 -3.5
    endloop
  endfacet
  facet normal -0.382676 -0.923883 0
    outer loop
      vertex -21.7678 -1.76777 1
      vertex -20 -2.5 2.5
      vertex -21.7678 -1.76777 2.5
    endloop
  endfacet
  facet normal -0.382676 -0.923883 -0
    outer loop
      vertex -20 -2.5 2.5
      vertex -21.7678 -1.76777 1
      vertex -20 -2.5 1
    endloop
  endfacet
  facet normal -0.923886 -0.382668 0
    outer loop
      vertex -17.5 0 12.5
      vertex -18.2322 1.76777 13.5
      vertex -18.2322 1.76777 12.5
    endloop
  endfacet
  facet normal -0.923886 -0.382668 0
    outer loop
      vertex -18.2322 1.76777 13.5
      vertex -17.5 0 12.5
      vertex -17.5 0 13.5
    endloop
  endfacet
  facet normal -0.923883 -0.382676 0
    outer loop
      vertex 2.5 -20 12.5
      vertex 1.76777 -18.2322 13.5
      vertex 1.76777 -18.2322 12.5
    endloop
  endfacet
  facet normal -0.923883 -0.382676 0
    outer loop
      vertex 1.76777 -18.2322 13.5
      vertex 2.5 -20 12.5
      vertex 2.5 -20 13.5
    endloop
  endfacet
  facet normal 0.382668 -0.923886 0
    outer loop
      vertex 0 -22.5 7.5
      vertex 1.76777 -21.7678 9
      vertex 0 -22.5 9
    endloop
  endfacet
  facet normal 0.382668 -0.923886 0
    outer loop
      vertex 1.76777 -21.7678 9
      vertex 0 -22.5 7.5
      vertex 1.76777 -21.7678 7.5
    endloop
  endfacet
  facet normal 0.382668 -0.923886 0
    outer loop
      vertex 0 -22.5 11
      vertex 1.76777 -21.7678 12.5
      vertex 0 -22.5 12.5
    endloop
  endfacet
  facet normal 0.382668 -0.923886 0
    outer loop
      vertex 1.76777 -21.7678 12.5
      vertex 0 -22.5 11
      vertex 1.76777 -21.7678 11
    endloop
  endfacet
  facet normal 0.382668 -0.923886 0
    outer loop
      vertex 0 -22.5 -3.5
      vertex 1.76777 -21.7678 -1
      vertex 0 -22.5 -1
    endloop
  endfacet
  facet normal 0.382668 -0.923886 0
    outer loop
      vertex 1.76777 -21.7678 -1
      vertex 0 -22.5 -3.5
      vertex 1.76777 -21.7678 -3.5
    endloop
  endfacet
  facet normal 0.382668 -0.923886 0
    outer loop
      vertex 0 -22.5 1
      vertex 1.76777 -21.7678 2.5
      vertex 0 -22.5 2.5
    endloop
  endfacet
  facet normal 0.382668 -0.923886 0
    outer loop
      vertex 1.76777 -21.7678 2.5
      vertex 0 -22.5 1
      vertex 1.76777 -21.7678 1
    endloop
  endfacet
  facet normal -0.382668 -0.923886 0
    outer loop
      vertex -1.76777 -21.7678 7.5
      vertex 0 -22.5 9
      vertex -1.76777 -21.7678 9
    endloop
  endfacet
  facet normal -0.382668 -0.923886 -0
    outer loop
      vertex 0 -22.5 9
      vertex -1.76777 -21.7678 7.5
      vertex 0 -22.5 7.5
    endloop
  endfacet
  facet normal -0.382668 -0.923886 0
    outer loop
      vertex -1.76777 -21.7678 11
      vertex 0 -22.5 12.5
      vertex -1.76777 -21.7678 12.5
    endloop
  endfacet
  facet normal -0.382668 -0.923886 -0
    outer loop
      vertex 0 -22.5 12.5
      vertex -1.76777 -21.7678 11
      vertex 0 -22.5 11
    endloop
  endfacet
  facet normal -0.382668 -0.923886 0
    outer loop
      vertex -1.76777 -21.7678 -3.5
      vertex 0 -22.5 -1
      vertex -1.76777 -21.7678 -1
    endloop
  endfacet
  facet normal -0.382668 -0.923886 -0
    outer loop
      vertex 0 -22.5 -1
      vertex -1.76777 -21.7678 -3.5
      vertex 0 -22.5 -3.5
    endloop
  endfacet
  facet normal -0.382668 -0.923886 0
    outer loop
      vertex -1.76777 -21.7678 1
      vertex 0 -22.5 2.5
      vertex -1.76777 -21.7678 2.5
    endloop
  endfacet
  facet normal -0.382668 -0.923886 -0
    outer loop
      vertex 0 -22.5 2.5
      vertex -1.76777 -21.7678 1
      vertex 0 -22.5 1
    endloop
  endfacet
  facet normal -0.382668 -0.923886 0
    outer loop
      vertex 0 -17.5 12.5
      vertex 1.76777 -18.2322 13.5
      vertex 0 -17.5 13.5
    endloop
  endfacet
  facet normal -0.382668 -0.923886 -0
    outer loop
      vertex 1.76777 -18.2322 13.5
      vertex 0 -17.5 12.5
      vertex 1.76777 -18.2322 12.5
    endloop
  endfacet
  facet normal 0.923883 -0.382676 0
    outer loop
      vertex -2.5 -20 13.5
      vertex -1.76777 -18.2322 12.5
      vertex -1.76777 -18.2322 13.5
    endloop
  endfacet
  facet normal 0.923883 -0.382676 0
    outer loop
      vertex -1.76777 -18.2322 12.5
      vertex -2.5 -20 13.5
      vertex -2.5 -20 12.5
    endloop
  endfacet
  facet normal -0.923883 -0.382676 0
    outer loop
      vertex -1.76777 -21.7678 7.5
      vertex -2.5 -20 9
      vertex -2.5 -20 7.5
    endloop
  endfacet
  facet normal -0.923883 -0.382676 0
    outer loop
      vertex -2.5 -20 9
      vertex -1.76777 -21.7678 7.5
      vertex -1.76777 -21.7678 9
    endloop
  endfacet
  facet normal -0.923883 -0.382676 0
    outer loop
      vertex -1.76777 -21.7678 11
      vertex -2.5 -20 12.5
      vertex -2.5 -20 11
    endloop
  endfacet
  facet normal -0.923883 -0.382676 0
    outer loop
      vertex -2.5 -20 12.5
      vertex -1.76777 -21.7678 11
      vertex -1.76777 -21.7678 12.5
    endloop
  endfacet
  facet normal -0.923883 -0.382676 0
    outer loop
      vertex -1.76777 -21.7678 -3.5
      vertex -2.5 -20 -1
      vertex -2.5 -20 -3.5
    endloop
  endfacet
  facet normal -0.923883 -0.382676 0
    outer loop
      vertex -2.5 -20 -1
      vertex -1.76777 -21.7678 -3.5
      vertex -1.76777 -21.7678 -1
    endloop
  endfacet
  facet normal -0.923883 -0.382676 0
    outer loop
      vertex -1.76777 -21.7678 1
      vertex -2.5 -20 2.5
      vertex -2.5 -20 1
    endloop
  endfacet
  facet normal -0.923883 -0.382676 0
    outer loop
      vertex -2.5 -20 2.5
      vertex -1.76777 -21.7678 1
      vertex -1.76777 -21.7678 2.5
    endloop
  endfacet
  facet normal 0.923883 -0.382676 0
    outer loop
      vertex 1.76777 -21.7678 9
      vertex 2.5 -20 7.5
      vertex 2.5 -20 9
    endloop
  endfacet
  facet normal 0.923883 -0.382676 0
    outer loop
      vertex 2.5 -20 7.5
      vertex 1.76777 -21.7678 9
      vertex 1.76777 -21.7678 7.5
    endloop
  endfacet
  facet normal 0.923883 -0.382676 0
    outer loop
      vertex 1.76777 -21.7678 12.5
      vertex 2.5 -20 11
      vertex 2.5 -20 12.5
    endloop
  endfacet
  facet normal 0.923883 -0.382676 0
    outer loop
      vertex 2.5 -20 11
      vertex 1.76777 -21.7678 12.5
      vertex 1.76777 -21.7678 11
    endloop
  endfacet
  facet normal 0.923883 -0.382676 0
    outer loop
      vertex 1.76777 -21.7678 -1
      vertex 2.5 -20 -3.5
      vertex 2.5 -20 -1
    endloop
  endfacet
  facet normal 0.923883 -0.382676 0
    outer loop
      vertex 2.5 -20 -3.5
      vertex 1.76777 -21.7678 -1
      vertex 1.76777 -21.7678 -3.5
    endloop
  endfacet
  facet normal 0.923883 -0.382676 0
    outer loop
      vertex 1.76777 -21.7678 2.5
      vertex 2.5 -20 1
      vertex 2.5 -20 2.5
    endloop
  endfacet
  facet normal 0.923883 -0.382676 0
    outer loop
      vertex 2.5 -20 1
      vertex 1.76777 -21.7678 2.5
      vertex 1.76777 -21.7678 1
    endloop
  endfacet
  facet normal 0.382668 -0.923886 0
    outer loop
      vertex -1.76777 -18.2322 12.5
      vertex 0 -17.5 13.5
      vertex -1.76777 -18.2322 13.5
    endloop
  endfacet
  facet normal 0.382668 -0.923886 0
    outer loop
      vertex 0 -17.5 13.5
      vertex -1.76777 -18.2322 12.5
      vertex 0 -17.5 12.5
    endloop
  endfacet
  facet normal -0.40674 -0.913544 0
    outer loop
      vertex -12.5 -21.6506 12.5
      vertex -7.72542 -23.7764 17.5
      vertex -12.5 -21.6506 17.5
    endloop
  endfacet
  facet normal -0.40674 -0.913544 -0
    outer loop
      vertex -7.72542 -23.7764 17.5
      vertex -12.5 -21.6506 12.5
      vertex -7.72542 -23.7764 12.5
    endloop
  endfacet
  facet normal -0.951054 -0.309026 0
    outer loop
      vertex -22.8386 -10.1684 12.5
      vertex -24.4537 -5.19779 17.5
      vertex -24.4537 -5.19779 12.5
    endloop
  endfacet
  facet normal -0.951054 -0.309026 0
    outer loop
      vertex -24.4537 -5.19779 17.5
      vertex -22.8386 -10.1684 12.5
      vertex -22.8386 -10.1684 17.5
    endloop
  endfacet
  facet normal 0.951054 0.309026 0
    outer loop
      vertex 24.4537 5.19779 17.5
      vertex 22.8386 10.1684 12.5
      vertex 22.8386 10.1684 17.5
    endloop
  endfacet
  facet normal 0.951054 0.309026 0
    outer loop
      vertex 22.8386 10.1684 12.5
      vertex 24.4537 5.19779 17.5
      vertex 24.4537 5.19779 12.5
    endloop
  endfacet
  facet normal 0.994522 0.104527 0
    outer loop
      vertex 25 0 17.5
      vertex 24.4537 5.19779 12.5
      vertex 24.4537 5.19779 17.5
    endloop
  endfacet
  facet normal 0.994522 0.104527 0
    outer loop
      vertex 24.4537 5.19779 12.5
      vertex 25 0 17.5
      vertex 25 0 12.5
    endloop
  endfacet
  facet normal 0.866026 0.5 0
    outer loop
      vertex 22.8386 10.1684 17.5
      vertex 20.2254 14.6946 12.5
      vertex 20.2254 14.6946 17.5
    endloop
  endfacet
  facet normal 0.866026 0.5 0
    outer loop
      vertex 20.2254 14.6946 12.5
      vertex 22.8386 10.1684 17.5
      vertex 22.8386 10.1684 12.5
    endloop
  endfacet
  facet normal 0.58778 -0.809021 0
    outer loop
      vertex 12.5 -21.6506 12.5
      vertex 16.7283 -18.5786 17.5
      vertex 12.5 -21.6506 17.5
    endloop
  endfacet
  facet normal 0.58778 -0.809021 0
    outer loop
      vertex 16.7283 -18.5786 17.5
      vertex 12.5 -21.6506 12.5
      vertex 16.7283 -18.5786 12.5
    endloop
  endfacet
  facet normal 0.40674 0.913544 -0
    outer loop
      vertex 12.5 21.6506 12.5
      vertex 7.72542 23.7764 17.5
      vertex 12.5 21.6506 17.5
    endloop
  endfacet
  facet normal 0.40674 0.913544 0
    outer loop
      vertex 7.72542 23.7764 17.5
      vertex 12.5 21.6506 12.5
      vertex 7.72542 23.7764 12.5
    endloop
  endfacet
  facet normal 0.994522 -0.104527 0
    outer loop
      vertex 24.4537 -5.19779 17.5
      vertex 25 0 12.5
      vertex 25 0 17.5
    endloop
  endfacet
  facet normal 0.994522 -0.104527 0
    outer loop
      vertex 25 0 12.5
      vertex 24.4537 -5.19779 17.5
      vertex 24.4537 -5.19779 12.5
    endloop
  endfacet
  facet normal 0.743151 0.669123 0
    outer loop
      vertex 20.2254 14.6946 17.5
      vertex 16.7283 18.5786 12.5
      vertex 16.7283 18.5786 17.5
    endloop
  endfacet
  facet normal 0.743151 0.669123 0
    outer loop
      vertex 16.7283 18.5786 12.5
      vertex 20.2254 14.6946 17.5
      vertex 20.2254 14.6946 12.5
    endloop
  endfacet
  facet normal -0.866026 0.5 0
    outer loop
      vertex -22.8386 10.1684 12.5
      vertex -20.2254 14.6946 17.5
      vertex -20.2254 14.6946 12.5
    endloop
  endfacet
  facet normal -0.866026 0.5 0
    outer loop
      vertex -20.2254 14.6946 17.5
      vertex -22.8386 10.1684 12.5
      vertex -22.8386 10.1684 17.5
    endloop
  endfacet
  facet normal 0.743151 -0.669123 0
    outer loop
      vertex 16.7283 -18.5786 17.5
      vertex 20.2254 -14.6946 12.5
      vertex 20.2254 -14.6946 17.5
    endloop
  endfacet
  facet normal 0.743151 -0.669123 0
    outer loop
      vertex 20.2254 -14.6946 12.5
      vertex 16.7283 -18.5786 17.5
      vertex 16.7283 -18.5786 12.5
    endloop
  endfacet
  facet normal -0.743151 0.669123 0
    outer loop
      vertex -20.2254 14.6946 12.5
      vertex -16.7283 18.5786 17.5
      vertex -16.7283 18.5786 12.5
    endloop
  endfacet
  facet normal -0.743151 0.669123 0
    outer loop
      vertex -16.7283 18.5786 17.5
      vertex -20.2254 14.6946 12.5
      vertex -20.2254 14.6946 17.5
    endloop
  endfacet
  facet normal 0.866026 -0.5 0
    outer loop
      vertex 20.2254 -14.6946 17.5
      vertex 22.8386 -10.1684 12.5
      vertex 22.8386 -10.1684 17.5
    endloop
  endfacet
  facet normal 0.866026 -0.5 0
    outer loop
      vertex 22.8386 -10.1684 12.5
      vertex 20.2254 -14.6946 17.5
      vertex 20.2254 -14.6946 12.5
    endloop
  endfacet
  facet normal -0.58778 0.809021 0
    outer loop
      vertex -12.5 21.6506 12.5
      vertex -16.7283 18.5786 17.5
      vertex -12.5 21.6506 17.5
    endloop
  endfacet
  facet normal -0.58778 0.809021 0
    outer loop
      vertex -16.7283 18.5786 17.5
      vertex -12.5 21.6506 12.5
      vertex -16.7283 18.5786 12.5
    endloop
  endfacet
  facet normal 0 0 1
    outer loop
      vertex 20 0 17.5
      vertex 25 0 17.5
      vertex 24.4537 5.19779 17.5
    endloop
  endfacet
  facet normal 0 0 1
    outer loop
      vertex 19.563 4.15823 17.5
      vertex 24.4537 5.19779 17.5
      vertex 22.8386 10.1684 17.5
    endloop
  endfacet
  facet normal 0 0 1
    outer loop
      vertex 25 0 17.5
      vertex 20 0 17.5
      vertex 24.4537 -5.19779 17.5
    endloop
  endfacet
  facet normal 0 0 1
    outer loop
      vertex 18.2709 8.13473 17.5
      vertex 22.8386 10.1684 17.5
      vertex 20.2254 14.6946 17.5
    endloop
  endfacet
  facet normal -0 0 1
    outer loop
      vertex 19.563 -4.15823 17.5
      vertex 24.4537 -5.19779 17.5
      vertex 20 0 17.5
    endloop
  endfacet
  facet normal 0 0 1
    outer loop
      vertex 24.4537 -5.19779 17.5
      vertex 19.563 -4.15823 17.5
      vertex 22.8386 -10.1684 17.5
    endloop
  endfacet
  facet normal 0 0 1
    outer loop
      vertex 24.4537 5.19779 17.5
      vertex 19.563 4.15823 17.5
      vertex 20 0 17.5
    endloop
  endfacet
  facet normal 0 0 1
    outer loop
      vertex 22.8386 10.1684 17.5
      vertex 18.2709 8.13473 17.5
      vertex 19.563 4.15823 17.5
    endloop
  endfacet
  facet normal 0 0 1
    outer loop
      vertex 16.1803 11.7557 17.5
      vertex 20.2254 14.6946 17.5
      vertex 16.7283 18.5786 17.5
    endloop
  endfacet
  facet normal 0 0 1
    outer loop
      vertex 20.2254 14.6946 17.5
      vertex 16.1803 11.7557 17.5
      vertex 18.2709 8.13473 17.5
    endloop
  endfacet
  facet normal 0 0 1
    outer loop
      vertex 16.7283 18.5786 17.5
      vertex 13.3826 14.8629 17.5
      vertex 16.1803 11.7557 17.5
    endloop
  endfacet
  facet normal 0 0 1
    outer loop
      vertex 12.5 21.6506 17.5
      vertex 13.3826 14.8629 17.5
      vertex 16.7283 18.5786 17.5
    endloop
  endfacet
  facet normal 0 0 1
    outer loop
      vertex 12.5 21.6506 17.5
      vertex 10 17.3205 17.5
      vertex 13.3826 14.8629 17.5
    endloop
  endfacet
  facet normal 0 0 1
    outer loop
      vertex 7.72542 23.7764 17.5
      vertex 10 17.3205 17.5
      vertex 12.5 21.6506 17.5
    endloop
  endfacet
  facet normal 0 0 1
    outer loop
      vertex 7.72542 23.7764 17.5
      vertex 6.18034 19.0211 17.5
      vertex 10 17.3205 17.5
    endloop
  endfacet
  facet normal 0 0 1
    outer loop
      vertex 2.61321 24.863 17.5
      vertex 6.18034 19.0211 17.5
      vertex 7.72542 23.7764 17.5
    endloop
  endfacet
  facet normal 0 0 1
    outer loop
      vertex 2.61321 24.863 17.5
      vertex 2.09057 19.8904 17.5
      vertex 6.18034 19.0211 17.5
    endloop
  endfacet
  facet normal 0 0 1
    outer loop
      vertex 2.61321 24.863 17.5
      vertex -2.09057 19.8904 17.5
      vertex 2.09057 19.8904 17.5
    endloop
  endfacet
  facet normal -0 0 1
    outer loop
      vertex -2.61321 24.863 17.5
      vertex -2.09057 19.8904 17.5
      vertex 2.61321 24.863 17.5
    endloop
  endfacet
  facet normal 0 0 1
    outer loop
      vertex -2.61321 24.863 17.5
      vertex -6.18034 19.0211 17.5
      vertex -2.09057 19.8904 17.5
    endloop
  endfacet
  facet normal -0 0 1
    outer loop
      vertex -7.72542 23.7764 17.5
      vertex -6.18034 19.0211 17.5
      vertex -2.61321 24.863 17.5
    endloop
  endfacet
  facet normal 0 0 1
    outer loop
      vertex -7.72542 23.7764 17.5
      vertex -10 17.3205 17.5
      vertex -6.18034 19.0211 17.5
    endloop
  endfacet
  facet normal -0 0 1
    outer loop
      vertex -12.5 21.6506 17.5
      vertex -10 17.3205 17.5
      vertex -7.72542 23.7764 17.5
    endloop
  endfacet
  facet normal 0 0 1
    outer loop
      vertex -12.5 21.6506 17.5
      vertex -13.3826 14.8629 17.5
      vertex -10 17.3205 17.5
    endloop
  endfacet
  facet normal -0 0 1
    outer loop
      vertex -16.7283 18.5786 17.5
      vertex -13.3826 14.8629 17.5
      vertex -12.5 21.6506 17.5
    endloop
  endfacet
  facet normal 0 0 1
    outer loop
      vertex -13.3826 14.8629 17.5
      vertex -16.7283 18.5786 17.5
      vertex -16.1803 11.7557 17.5
    endloop
  endfacet
  facet normal -0 0 1
    outer loop
      vertex -20.2254 14.6946 17.5
      vertex -16.1803 11.7557 17.5
      vertex -16.7283 18.5786 17.5
    endloop
  endfacet
  facet normal 0 0 1
    outer loop
      vertex -16.1803 11.7557 17.5
      vertex -20.2254 14.6946 17.5
      vertex -18.2709 8.13473 17.5
    endloop
  endfacet
  facet normal -0 0 1
    outer loop
      vertex -24.4537 5.19779 17.5
      vertex -19.563 4.15823 17.5
      vertex -22.8386 10.1684 17.5
    endloop
  endfacet
  facet normal 0 0 1
    outer loop
      vertex -18.2709 8.13473 17.5
      vertex -22.8386 10.1684 17.5
      vertex -19.563 4.15823 17.5
    endloop
  endfacet
  facet normal -0 0 1
    outer loop
      vertex -22.8386 10.1684 17.5
      vertex -18.2709 8.13473 17.5
      vertex -20.2254 14.6946 17.5
    endloop
  endfacet
  facet normal -0 0 1
    outer loop
      vertex 18.2709 -8.13473 17.5
      vertex 22.8386 -10.1684 17.5
      vertex 19.563 -4.15823 17.5
    endloop
  endfacet
  facet normal 0 0 1
    outer loop
      vertex 22.8386 -10.1684 17.5
      vertex 18.2709 -8.13473 17.5
      vertex 20.2254 -14.6946 17.5
    endloop
  endfacet
  facet normal -0 0 1
    outer loop
      vertex 16.1803 -11.7557 17.5
      vertex 20.2254 -14.6946 17.5
      vertex 18.2709 -8.13473 17.5
    endloop
  endfacet
  facet normal 0 0 1
    outer loop
      vertex 20.2254 -14.6946 17.5
      vertex 16.1803 -11.7557 17.5
      vertex 16.7283 -18.5786 17.5
    endloop
  endfacet
  facet normal -0 0 1
    outer loop
      vertex 13.3826 -14.8629 17.5
      vertex 16.7283 -18.5786 17.5
      vertex 16.1803 -11.7557 17.5
    endloop
  endfacet
  facet normal 0 0 1
    outer loop
      vertex 13.3826 -14.8629 17.5
      vertex 12.5 -21.6506 17.5
      vertex 16.7283 -18.5786 17.5
    endloop
  endfacet
  facet normal -0 0 1
    outer loop
      vertex 10 -17.3205 17.5
      vertex 12.5 -21.6506 17.5
      vertex 13.3826 -14.8629 17.5
    endloop
  endfacet
  facet normal 0 0 1
    outer loop
      vertex 10 -17.3205 17.5
      vertex 7.72542 -23.7764 17.5
      vertex 12.5 -21.6506 17.5
    endloop
  endfacet
  facet normal -0 0 1
    outer loop
      vertex 6.18034 -19.0211 17.5
      vertex 7.72542 -23.7764 17.5
      vertex 10 -17.3205 17.5
    endloop
  endfacet
  facet normal 0 0 1
    outer loop
      vertex 6.18034 -19.0211 17.5
      vertex 2.61321 -24.863 17.5
      vertex 7.72542 -23.7764 17.5
    endloop
  endfacet
  facet normal -0 0 1
    outer loop
      vertex 2.09057 -19.8904 17.5
      vertex 2.61321 -24.863 17.5
      vertex 6.18034 -19.0211 17.5
    endloop
  endfacet
  facet normal -0 0 1
    outer loop
      vertex -2.09057 -19.8904 17.5
      vertex 2.61321 -24.863 17.5
      vertex 2.09057 -19.8904 17.5
    endloop
  endfacet
  facet normal 0 0 1
    outer loop
      vertex -2.09057 -19.8904 17.5
      vertex -2.61321 -24.863 17.5
      vertex 2.61321 -24.863 17.5
    endloop
  endfacet
  facet normal 0 0 1
    outer loop
      vertex -6.18034 -19.0211 17.5
      vertex -2.61321 -24.863 17.5
      vertex -2.09057 -19.8904 17.5
    endloop
  endfacet
  facet normal 0 0 1
    outer loop
      vertex -6.18034 -19.0211 17.5
      vertex -7.72542 -23.7764 17.5
      vertex -2.61321 -24.863 17.5
    endloop
  endfacet
  facet normal 0 0 1
    outer loop
      vertex -10 -17.3205 17.5
      vertex -7.72542 -23.7764 17.5
      vertex -6.18034 -19.0211 17.5
    endloop
  endfacet
  facet normal 0 0 1
    outer loop
      vertex -10 -17.3205 17.5
      vertex -12.5 -21.6506 17.5
      vertex -7.72542 -23.7764 17.5
    endloop
  endfacet
  facet normal 0 0 1
    outer loop
      vertex -13.3826 -14.8629 17.5
      vertex -12.5 -21.6506 17.5
      vertex -10 -17.3205 17.5
    endloop
  endfacet
  facet normal 0 0 1
    outer loop
      vertex -16.7283 -18.5786 17.5
      vertex -13.3826 -14.8629 17.5
      vertex -16.1803 -11.7557 17.5
    endloop
  endfacet
  facet normal 0 0 1
    outer loop
      vertex -13.3826 -14.8629 17.5
      vertex -16.7283 -18.5786 17.5
      vertex -12.5 -21.6506 17.5
    endloop
  endfacet
  facet normal 0 0 1
    outer loop
      vertex -20.2254 -14.6946 17.5
      vertex -16.1803 -11.7557 17.5
      vertex -18.2709 -8.13473 17.5
    endloop
  endfacet
  facet normal 0 0 1
    outer loop
      vertex -22.8386 -10.1684 17.5
      vertex -18.2709 -8.13473 17.5
      vertex -19.563 -4.15823 17.5
    endloop
  endfacet
  facet normal 0 0 1
    outer loop
      vertex -16.1803 -11.7557 17.5
      vertex -20.2254 -14.6946 17.5
      vertex -16.7283 -18.5786 17.5
    endloop
  endfacet
  facet normal 0 0 1
    outer loop
      vertex -24.4537 -5.19779 17.5
      vertex -19.563 -4.15823 17.5
      vertex -19.7898 -2 17.5
    endloop
  endfacet
  facet normal 0 0 1
    outer loop
      vertex -19.563 4.15823 17.5
      vertex -24.4537 5.19779 17.5
      vertex -19.7898 2 17.5
    endloop
  endfacet
  facet normal 0 0 1
    outer loop
      vertex -25 0 17.5
      vertex -19.7898 2 17.5
      vertex -24.4537 5.19779 17.5
    endloop
  endfacet
  facet normal 0 0 1
    outer loop
      vertex -18.2709 -8.13473 17.5
      vertex -22.8386 -10.1684 17.5
      vertex -20.2254 -14.6946 17.5
    endloop
  endfacet
  facet normal 0 0 1
    outer loop
      vertex -19.7898 2 17.5
      vertex -25 0 17.5
      vertex -19.7898 -2 17.5
    endloop
  endfacet
  facet normal 0 0 1
    outer loop
      vertex -19.563 -4.15823 17.5
      vertex -24.4537 -5.19779 17.5
      vertex -22.8386 -10.1684 17.5
    endloop
  endfacet
  facet normal 0 0 1
    outer loop
      vertex -19.7898 -2 17.5
      vertex -25 0 17.5
      vertex -24.4537 -5.19779 17.5
    endloop
  endfacet
  facet normal -0 0 1
    outer loop
      vertex -19.7898 2 17.5
      vertex -10 -2 17.5
      vertex -10 2 17.5
    endloop
  endfacet
  facet normal 0 0 1
    outer loop
      vertex -10 -2 17.5
      vertex -19.7898 2 17.5
      vertex -19.7898 -2 17.5
    endloop
  endfacet
  facet normal 0 0 1
    outer loop
      vertex 7.24444 1.94114 17.5
      vertex 7.24444 -1.94114 17.5
      vertex 7.5 0 17.5
    endloop
  endfacet
  facet normal 0 0 1
    outer loop
      vertex 6.49519 3.75 17.5
      vertex 7.24444 -1.94114 17.5
      vertex 7.24444 1.94114 17.5
    endloop
  endfacet
  facet normal 0 0 1
    outer loop
      vertex 6.49519 3.75 17.5
      vertex 6.49519 -3.75 17.5
      vertex 7.24444 -1.94114 17.5
    endloop
  endfacet
  facet normal 0 0 1
    outer loop
      vertex 5.3033 5.3033 17.5
      vertex 6.49519 -3.75 17.5
      vertex 6.49519 3.75 17.5
    endloop
  endfacet
  facet normal 0 0 1
    outer loop
      vertex 5.3033 5.3033 17.5
      vertex 5.3033 -5.3033 17.5
      vertex 6.49519 -3.75 17.5
    endloop
  endfacet
  facet normal 0 0 1
    outer loop
      vertex 3.75 6.49519 17.5
      vertex 5.3033 -5.3033 17.5
      vertex 5.3033 5.3033 17.5
    endloop
  endfacet
  facet normal 0 0 1
    outer loop
      vertex 3.75 6.49519 17.5
      vertex 3.75 -6.49519 17.5
      vertex 5.3033 -5.3033 17.5
    endloop
  endfacet
  facet normal 0 0 1
    outer loop
      vertex 1.94114 7.24444 17.5
      vertex 3.75 -6.49519 17.5
      vertex 3.75 6.49519 17.5
    endloop
  endfacet
  facet normal 0 0 1
    outer loop
      vertex 1.94114 7.24444 17.5
      vertex 1.94114 -7.24444 17.5
      vertex 3.75 -6.49519 17.5
    endloop
  endfacet
  facet normal 0 0 1
    outer loop
      vertex 0 7.5 17.5
      vertex 1.94114 -7.24444 17.5
      vertex 1.94114 7.24444 17.5
    endloop
  endfacet
  facet normal 0 0 1
    outer loop
      vertex 0 7.5 17.5
      vertex 0 -7.5 17.5
      vertex 1.94114 -7.24444 17.5
    endloop
  endfacet
  facet normal -0 0 1
    outer loop
      vertex -1.94114 7.24444 17.5
      vertex 0 -7.5 17.5
      vertex 0 7.5 17.5
    endloop
  endfacet
  facet normal 0 0 1
    outer loop
      vertex -1.94114 7.24444 17.5
      vertex -1.94114 -7.24444 17.5
      vertex 0 -7.5 17.5
    endloop
  endfacet
  facet normal -0 0 1
    outer loop
      vertex -3.75 6.49519 17.5
      vertex -1.94114 -7.24444 17.5
      vertex -1.94114 7.24444 17.5
    endloop
  endfacet
  facet normal 0 0 1
    outer loop
      vertex -3.75 6.49519 17.5
      vertex -3.75 -6.49519 17.5
      vertex -1.94114 -7.24444 17.5
    endloop
  endfacet
  facet normal -0 0 1
    outer loop
      vertex -5.3033 5.3033 17.5
      vertex -3.75 -6.49519 17.5
      vertex -3.75 6.49519 17.5
    endloop
  endfacet
  facet normal 0 0 1
    outer loop
      vertex -5.3033 5.3033 17.5
      vertex -5.3033 -5.3033 17.5
      vertex -3.75 -6.49519 17.5
    endloop
  endfacet
  facet normal -0 0 1
    outer loop
      vertex -6.49519 3.75 17.5
      vertex -5.3033 -5.3033 17.5
      vertex -5.3033 5.3033 17.5
    endloop
  endfacet
  facet normal 0 0 1
    outer loop
      vertex -6.49519 3.75 17.5
      vertex -6.49519 -3.75 17.5
      vertex -5.3033 -5.3033 17.5
    endloop
  endfacet
  facet normal -0 0 1
    outer loop
      vertex -7.24444 1.94114 17.5
      vertex -6.49519 -3.75 17.5
      vertex -6.49519 3.75 17.5
    endloop
  endfacet
  facet normal 0 0 1
    outer loop
      vertex -7.24444 1.94114 17.5
      vertex -7.24444 -1.94114 17.5
      vertex -6.49519 -3.75 17.5
    endloop
  endfacet
  facet normal 0 -0 1
    outer loop
      vertex -7.24444 -1.94114 17.5
      vertex -7.24444 1.94114 17.5
      vertex -7.5 0 17.5
    endloop
  endfacet
  facet normal 0.951054 -0.309026 0
    outer loop
      vertex 22.8386 -10.1684 17.5
      vertex 24.4537 -5.19779 12.5
      vertex 24.4537 -5.19779 17.5
    endloop
  endfacet
  facet normal 0.951054 -0.309026 0
    outer loop
      vertex 24.4537 -5.19779 12.5
      vertex 22.8386 -10.1684 17.5
      vertex 22.8386 -10.1684 12.5
    endloop
  endfacet
  facet normal 0 1 -0
    outer loop
      vertex 2.61321 24.863 12.5
      vertex -2.61321 24.863 17.5
      vertex 2.61321 24.863 17.5
    endloop
  endfacet
  facet normal 0 1 0
    outer loop
      vertex -2.61321 24.863 17.5
      vertex 2.61321 24.863 12.5
      vertex -2.61321 24.863 12.5
    endloop
  endfacet
  facet normal -0.58778 -0.809021 0
    outer loop
      vertex -16.7283 -18.5786 12.5
      vertex -12.5 -21.6506 17.5
      vertex -16.7283 -18.5786 17.5
    endloop
  endfacet
  facet normal -0.58778 -0.809021 -0
    outer loop
      vertex -12.5 -21.6506 17.5
      vertex -16.7283 -18.5786 12.5
      vertex -12.5 -21.6506 12.5
    endloop
  endfacet
  facet normal 0 0 -1
    outer loop
      vertex -20.2254 14.6946 12.5
      vertex -6.49519 3.75 12.5
      vertex -18.2322 1.76777 12.5
    endloop
  endfacet
  facet normal 0 0 -1
    outer loop
      vertex -22.8386 10.1684 12.5
      vertex -18.2322 1.76777 12.5
      vertex -20 2.5 12.5
    endloop
  endfacet
  facet normal 0 0 -1
    outer loop
      vertex -6.49519 3.75 12.5
      vertex -20.2254 14.6946 12.5
      vertex -16.7283 18.5786 12.5
    endloop
  endfacet
  facet normal 0 0 -1
    outer loop
      vertex -24.4537 5.19779 12.5
      vertex -20 2.5 12.5
      vertex -21.7678 1.76777 12.5
    endloop
  endfacet
  facet normal 0 0 -1
    outer loop
      vertex -25 0 12.5
      vertex -21.7678 1.76777 12.5
      vertex -22.5 0 12.5
    endloop
  endfacet
  facet normal 0 0 -1
    outer loop
      vertex -18.2322 1.76777 12.5
      vertex -22.8386 10.1684 12.5
      vertex -20.2254 14.6946 12.5
    endloop
  endfacet
  facet normal 0 0 -1
    outer loop
      vertex -25 0 12.5
      vertex -21.7678 -1.76777 12.5
      vertex -24.4537 -5.19779 12.5
    endloop
  endfacet
  facet normal 0 0 -1
    outer loop
      vertex -21.7678 -1.76777 12.5
      vertex -25 0 12.5
      vertex -22.5 0 12.5
    endloop
  endfacet
  facet normal 0 0 -1
    outer loop
      vertex -20 2.5 12.5
      vertex -24.4537 5.19779 12.5
      vertex -22.8386 10.1684 12.5
    endloop
  endfacet
  facet normal -0 0 -1
    outer loop
      vertex -21.7678 1.76777 12.5
      vertex -25 0 12.5
      vertex -24.4537 5.19779 12.5
    endloop
  endfacet
  facet normal 0 0 -1
    outer loop
      vertex 7.72542 -23.7764 12.5
      vertex 1.76777 -21.7678 12.5
      vertex 2.5 -20 12.5
    endloop
  endfacet
  facet normal 0 0 -1
    outer loop
      vertex 2.61321 -24.863 12.5
      vertex 0 -22.5 12.5
      vertex 1.76777 -21.7678 12.5
    endloop
  endfacet
  facet normal 0 0 -1
    outer loop
      vertex -2.61321 -24.863 12.5
      vertex 0 -22.5 12.5
      vertex 2.61321 -24.863 12.5
    endloop
  endfacet
  facet normal 0 0 -1
    outer loop
      vertex -7.72542 -23.7764 12.5
      vertex -1.76777 -21.7678 12.5
      vertex -2.61321 -24.863 12.5
    endloop
  endfacet
  facet normal -0 0 -1
    outer loop
      vertex 0 -22.5 12.5
      vertex -2.61321 -24.863 12.5
      vertex -1.76777 -21.7678 12.5
    endloop
  endfacet
  facet normal -0 0 -1
    outer loop
      vertex 20.2254 14.6946 12.5
      vertex 5.3033 5.3033 12.5
      vertex 16.7283 18.5786 12.5
    endloop
  endfacet
  facet normal 0 0 -1
    outer loop
      vertex 3.75 6.49519 12.5
      vertex 16.7283 18.5786 12.5
      vertex 5.3033 5.3033 12.5
    endloop
  endfacet
  facet normal -0 0 -1
    outer loop
      vertex 16.7283 18.5786 12.5
      vertex 3.75 6.49519 12.5
      vertex 12.5 21.6506 12.5
    endloop
  endfacet
  facet normal 0 0 -1
    outer loop
      vertex 12.5 21.6506 12.5
      vertex 3.75 6.49519 12.5
      vertex 1.76777 18.2322 12.5
    endloop
  endfacet
  facet normal 0 -0 -1
    outer loop
      vertex 2.5 20 12.5
      vertex 12.5 21.6506 12.5
      vertex 1.76777 18.2322 12.5
    endloop
  endfacet
  facet normal 0 0 -1
    outer loop
      vertex 1.76777 21.7678 12.5
      vertex 7.72542 23.7764 12.5
      vertex 2.5 20 12.5
    endloop
  endfacet
  facet normal 0 0 -1
    outer loop
      vertex 1.76777 18.2322 12.5
      vertex 3.75 6.49519 12.5
      vertex 1.94114 7.24444 12.5
    endloop
  endfacet
  facet normal -0 0 -1
    outer loop
      vertex 12.5 21.6506 12.5
      vertex 2.5 20 12.5
      vertex 7.72542 23.7764 12.5
    endloop
  endfacet
  facet normal 0 0 -1
    outer loop
      vertex 0 17.5 12.5
      vertex 1.94114 7.24444 12.5
      vertex 0 7.5 12.5
    endloop
  endfacet
  facet normal 0 0 -1
    outer loop
      vertex 1.94114 7.24444 12.5
      vertex 0 17.5 12.5
      vertex 1.76777 18.2322 12.5
    endloop
  endfacet
  facet normal 0 0 -1
    outer loop
      vertex -1.94114 7.24444 12.5
      vertex 0 17.5 12.5
      vertex 0 7.5 12.5
    endloop
  endfacet
  facet normal -0 0 -1
    outer loop
      vertex 0 17.5 12.5
      vertex -1.94114 7.24444 12.5
      vertex -1.76777 18.2322 12.5
    endloop
  endfacet
  facet normal 0 0 -1
    outer loop
      vertex -3.75 6.49519 12.5
      vertex -1.76777 18.2322 12.5
      vertex -1.94114 7.24444 12.5
    endloop
  endfacet
  facet normal 0 0 -1
    outer loop
      vertex -12.5 21.6506 12.5
      vertex -1.76777 18.2322 12.5
      vertex -3.75 6.49519 12.5
    endloop
  endfacet
  facet normal 0 0 -1
    outer loop
      vertex -1.76777 18.2322 12.5
      vertex -12.5 21.6506 12.5
      vertex -2.5 20 12.5
    endloop
  endfacet
  facet normal 0 0 -1
    outer loop
      vertex -16.7283 18.5786 12.5
      vertex -3.75 6.49519 12.5
      vertex -5.3033 5.3033 12.5
    endloop
  endfacet
  facet normal 0 0 -1
    outer loop
      vertex -16.7283 18.5786 12.5
      vertex -5.3033 5.3033 12.5
      vertex -6.49519 3.75 12.5
    endloop
  endfacet
  facet normal 0 0 -1
    outer loop
      vertex -18.2322 1.76777 12.5
      vertex -7.24444 1.94114 12.5
      vertex -17.5 0 12.5
    endloop
  endfacet
  facet normal 0 0 -1
    outer loop
      vertex -2.5 20 12.5
      vertex -7.72542 23.7764 12.5
      vertex -2.61321 24.863 12.5
    endloop
  endfacet
  facet normal 0 0 -1
    outer loop
      vertex -17.5 0 12.5
      vertex -7.24444 1.94114 12.5
      vertex -7.5 0 12.5
    endloop
  endfacet
  facet normal -0 0 -1
    outer loop
      vertex -5.3033 -5.3033 12.5
      vertex -20.2254 -14.6946 12.5
      vertex -6.49519 -3.75 12.5
    endloop
  endfacet
  facet normal 0 -0 -1
    outer loop
      vertex -18.2322 -1.76777 12.5
      vertex -6.49519 -3.75 12.5
      vertex -20.2254 -14.6946 12.5
    endloop
  endfacet
  facet normal -0 0 -1
    outer loop
      vertex -7.24444 1.94114 12.5
      vertex -18.2322 1.76777 12.5
      vertex -6.49519 3.75 12.5
    endloop
  endfacet
  facet normal 0 0 -1
    outer loop
      vertex -6.49519 -3.75 12.5
      vertex -18.2322 -1.76777 12.5
      vertex -7.24444 -1.94114 12.5
    endloop
  endfacet
  facet normal 0 0 -1
    outer loop
      vertex -2.5 20 12.5
      vertex -12.5 21.6506 12.5
      vertex -7.72542 23.7764 12.5
    endloop
  endfacet
  facet normal 0 0 -1
    outer loop
      vertex -3.75 6.49519 12.5
      vertex -16.7283 18.5786 12.5
      vertex -12.5 21.6506 12.5
    endloop
  endfacet
  facet normal 0 0 -1
    outer loop
      vertex -7.24444 -1.94114 12.5
      vertex -17.5 0 12.5
      vertex -7.5 0 12.5
    endloop
  endfacet
  facet normal 0 -0 -1
    outer loop
      vertex -17.5 0 12.5
      vertex -7.24444 -1.94114 12.5
      vertex -18.2322 -1.76777 12.5
    endloop
  endfacet
  facet normal 0 0 -1
    outer loop
      vertex -22.8386 -10.1684 12.5
      vertex -18.2322 -1.76777 12.5
      vertex -20.2254 -14.6946 12.5
    endloop
  endfacet
  facet normal 0 0 -1
    outer loop
      vertex -18.2322 -1.76777 12.5
      vertex -22.8386 -10.1684 12.5
      vertex -20 -2.5 12.5
    endloop
  endfacet
  facet normal 0 0 -1
    outer loop
      vertex -24.4537 -5.19779 12.5
      vertex -20 -2.5 12.5
      vertex -22.8386 -10.1684 12.5
    endloop
  endfacet
  facet normal -0 0 -1
    outer loop
      vertex -20 -2.5 12.5
      vertex -24.4537 -5.19779 12.5
      vertex -21.7678 -1.76777 12.5
    endloop
  endfacet
  facet normal -0 0 -1
    outer loop
      vertex 7.72542 23.7764 12.5
      vertex 1.76777 21.7678 12.5
      vertex 2.61321 24.863 12.5
    endloop
  endfacet
  facet normal 0 0 -1
    outer loop
      vertex 0 22.5 12.5
      vertex 2.61321 24.863 12.5
      vertex 1.76777 21.7678 12.5
    endloop
  endfacet
  facet normal 0 0 -1
    outer loop
      vertex -2.61321 24.863 12.5
      vertex 0 22.5 12.5
      vertex -1.76777 21.7678 12.5
    endloop
  endfacet
  facet normal 0 0 -1
    outer loop
      vertex 0 22.5 12.5
      vertex -2.61321 24.863 12.5
      vertex 2.61321 24.863 12.5
    endloop
  endfacet
  facet normal 0 0 -1
    outer loop
      vertex -2.61321 24.863 12.5
      vertex -1.76777 21.7678 12.5
      vertex -2.5 20 12.5
    endloop
  endfacet
  facet normal 0 0 -1
    outer loop
      vertex 21.7678 -1.76777 12.5
      vertex 25 0 12.5
      vertex 24.4537 -5.19779 12.5
    endloop
  endfacet
  facet normal 0 0 -1
    outer loop
      vertex 20 -2.5 12.5
      vertex 24.4537 -5.19779 12.5
      vertex 22.8386 -10.1684 12.5
    endloop
  endfacet
  facet normal 0 0 -1
    outer loop
      vertex 21.7678 1.76777 12.5
      vertex 25 0 12.5
      vertex 22.5 0 12.5
    endloop
  endfacet
  facet normal 0 0 -1
    outer loop
      vertex 25 0 12.5
      vertex 21.7678 1.76777 12.5
      vertex 24.4537 5.19779 12.5
    endloop
  endfacet
  facet normal -0 0 -1
    outer loop
      vertex 25 0 12.5
      vertex 21.7678 -1.76777 12.5
      vertex 22.5 0 12.5
    endloop
  endfacet
  facet normal 0 0 -1
    outer loop
      vertex 18.2322 -1.76777 12.5
      vertex 22.8386 -10.1684 12.5
      vertex 20.2254 -14.6946 12.5
    endloop
  endfacet
  facet normal 0 0 -1
    outer loop
      vertex 24.4537 -5.19779 12.5
      vertex 20 -2.5 12.5
      vertex 21.7678 -1.76777 12.5
    endloop
  endfacet
  facet normal 0 0 -1
    outer loop
      vertex 22.8386 -10.1684 12.5
      vertex 18.2322 -1.76777 12.5
      vertex 20 -2.5 12.5
    endloop
  endfacet
  facet normal 0 0 -1
    outer loop
      vertex 6.49519 -3.75 12.5
      vertex 18.2322 -1.76777 12.5
      vertex 20.2254 -14.6946 12.5
    endloop
  endfacet
  facet normal 0 0 -1
    outer loop
      vertex 5.3033 -5.3033 12.5
      vertex 20.2254 -14.6946 12.5
      vertex 16.7283 -18.5786 12.5
    endloop
  endfacet
  facet normal 0 0 -1
    outer loop
      vertex 20 2.5 12.5
      vertex 24.4537 5.19779 12.5
      vertex 21.7678 1.76777 12.5
    endloop
  endfacet
  facet normal -0 0 -1
    outer loop
      vertex 24.4537 5.19779 12.5
      vertex 20 2.5 12.5
      vertex 22.8386 10.1684 12.5
    endloop
  endfacet
  facet normal 0 0 -1
    outer loop
      vertex 18.2322 1.76777 12.5
      vertex 22.8386 10.1684 12.5
      vertex 20 2.5 12.5
    endloop
  endfacet
  facet normal -0 0 -1
    outer loop
      vertex 22.8386 10.1684 12.5
      vertex 18.2322 1.76777 12.5
      vertex 20.2254 14.6946 12.5
    endloop
  endfacet
  facet normal 0 0 -1
    outer loop
      vertex 7.24444 1.94114 12.5
      vertex 17.5 0 12.5
      vertex 7.5 0 12.5
    endloop
  endfacet
  facet normal 0 0 -1
    outer loop
      vertex 17.5 0 12.5
      vertex 7.24444 1.94114 12.5
      vertex 18.2322 1.76777 12.5
    endloop
  endfacet
  facet normal 0 -0 -1
    outer loop
      vertex 7.24444 -1.94114 12.5
      vertex 18.2322 -1.76777 12.5
      vertex 6.49519 -3.75 12.5
    endloop
  endfacet
  facet normal 0 0 -1
    outer loop
      vertex 3.75 -6.49519 12.5
      vertex 16.7283 -18.5786 12.5
      vertex 12.5 -21.6506 12.5
    endloop
  endfacet
  facet normal 0 0 -1
    outer loop
      vertex 6.49519 3.75 12.5
      vertex 18.2322 1.76777 12.5
      vertex 7.24444 1.94114 12.5
    endloop
  endfacet
  facet normal 0 0 -1
    outer loop
      vertex 2.5 -20 12.5
      vertex 12.5 -21.6506 12.5
      vertex 7.72542 -23.7764 12.5
    endloop
  endfacet
  facet normal 0 0 -1
    outer loop
      vertex 18.2322 1.76777 12.5
      vertex 6.49519 3.75 12.5
      vertex 20.2254 14.6946 12.5
    endloop
  endfacet
  facet normal 0 0 -1
    outer loop
      vertex 5.3033 5.3033 12.5
      vertex 20.2254 14.6946 12.5
      vertex 6.49519 3.75 12.5
    endloop
  endfacet
  facet normal -0 0 -1
    outer loop
      vertex 17.5 0 12.5
      vertex 7.24444 -1.94114 12.5
      vertex 7.5 0 12.5
    endloop
  endfacet
  facet normal -0 0 -1
    outer loop
      vertex 18.2322 -1.76777 12.5
      vertex 7.24444 -1.94114 12.5
      vertex 17.5 0 12.5
    endloop
  endfacet
  facet normal 0 0 -1
    outer loop
      vertex 20.2254 -14.6946 12.5
      vertex 5.3033 -5.3033 12.5
      vertex 6.49519 -3.75 12.5
    endloop
  endfacet
  facet normal 0 -0 -1
    outer loop
      vertex 3.75 -6.49519 12.5
      vertex 12.5 -21.6506 12.5
      vertex 1.76777 -18.2322 12.5
    endloop
  endfacet
  facet normal 0 0 -1
    outer loop
      vertex 1.76777 -21.7678 12.5
      vertex 7.72542 -23.7764 12.5
      vertex 2.61321 -24.863 12.5
    endloop
  endfacet
  facet normal 0 0 -1
    outer loop
      vertex 12.5 -21.6506 12.5
      vertex 2.5 -20 12.5
      vertex 1.76777 -18.2322 12.5
    endloop
  endfacet
  facet normal 0 0 -1
    outer loop
      vertex 16.7283 -18.5786 12.5
      vertex 3.75 -6.49519 12.5
      vertex 5.3033 -5.3033 12.5
    endloop
  endfacet
  facet normal 0 0 -1
    outer loop
      vertex 3.75 -6.49519 12.5
      vertex 1.76777 -18.2322 12.5
      vertex 1.94114 -7.24444 12.5
    endloop
  endfacet
  facet normal 0 0 -1
    outer loop
      vertex 0 -17.5 12.5
      vertex 1.94114 -7.24444 12.5
      vertex 1.76777 -18.2322 12.5
    endloop
  endfacet
  facet normal 0 0 -1
    outer loop
      vertex 0 -17.5 12.5
      vertex 0 -7.5 12.5
      vertex 1.94114 -7.24444 12.5
    endloop
  endfacet
  facet normal 0 0 -1
    outer loop
      vertex -1.94114 -7.24444 12.5
      vertex 0 -17.5 12.5
      vertex -1.76777 -18.2322 12.5
    endloop
  endfacet
  facet normal 0 0 -1
    outer loop
      vertex 0 -17.5 12.5
      vertex -1.94114 -7.24444 12.5
      vertex 0 -7.5 12.5
    endloop
  endfacet
  facet normal 0 0 -1
    outer loop
      vertex -12.5 -21.6506 12.5
      vertex -2.5 -20 12.5
      vertex -7.72542 -23.7764 12.5
    endloop
  endfacet
  facet normal 0 0 -1
    outer loop
      vertex -1.76777 -18.2322 12.5
      vertex -3.75 -6.49519 12.5
      vertex -1.94114 -7.24444 12.5
    endloop
  endfacet
  facet normal -0 0 -1
    outer loop
      vertex -1.76777 -21.7678 12.5
      vertex -7.72542 -23.7764 12.5
      vertex -2.5 -20 12.5
    endloop
  endfacet
  facet normal -0 0 -1
    outer loop
      vertex -2.5 -20 12.5
      vertex -12.5 -21.6506 12.5
      vertex -1.76777 -18.2322 12.5
    endloop
  endfacet
  facet normal 0 0 -1
    outer loop
      vertex -12.5 -21.6506 12.5
      vertex -3.75 -6.49519 12.5
      vertex -1.76777 -18.2322 12.5
    endloop
  endfacet
  facet normal 0 0 -1
    outer loop
      vertex -16.7283 -18.5786 12.5
      vertex -3.75 -6.49519 12.5
      vertex -12.5 -21.6506 12.5
    endloop
  endfacet
  facet normal 0 0 -1
    outer loop
      vertex -20.2254 -14.6946 12.5
      vertex -5.3033 -5.3033 12.5
      vertex -16.7283 -18.5786 12.5
    endloop
  endfacet
  facet normal -0 0 -1
    outer loop
      vertex -3.75 -6.49519 12.5
      vertex -16.7283 -18.5786 12.5
      vertex -5.3033 -5.3033 12.5
    endloop
  endfacet
  facet normal -0.40674 0.913544 0
    outer loop
      vertex -7.72542 23.7764 12.5
      vertex -12.5 21.6506 17.5
      vertex -7.72542 23.7764 17.5
    endloop
  endfacet
  facet normal -0.40674 0.913544 0
    outer loop
      vertex -12.5 21.6506 17.5
      vertex -7.72542 23.7764 12.5
      vertex -12.5 21.6506 12.5
    endloop
  endfacet
  facet normal -0.994522 -0.104527 0
    outer loop
      vertex -24.4537 -5.19779 12.5
      vertex -25 0 17.5
      vertex -25 0 12.5
    endloop
  endfacet
  facet normal -0.994522 -0.104527 0
    outer loop
      vertex -25 0 17.5
      vertex -24.4537 -5.19779 12.5
      vertex -24.4537 -5.19779 17.5
    endloop
  endfacet
  facet normal -0.743151 -0.669123 0
    outer loop
      vertex -16.7283 -18.5786 12.5
      vertex -20.2254 -14.6946 17.5
      vertex -20.2254 -14.6946 12.5
    endloop
  endfacet
  facet normal -0.743151 -0.669123 0
    outer loop
      vertex -20.2254 -14.6946 17.5
      vertex -16.7283 -18.5786 12.5
      vertex -16.7283 -18.5786 17.5
    endloop
  endfacet
  facet normal -0.866026 -0.5 0
    outer loop
      vertex -20.2254 -14.6946 12.5
      vertex -22.8386 -10.1684 17.5
      vertex -22.8386 -10.1684 12.5
    endloop
  endfacet
  facet normal -0.866026 -0.5 0
    outer loop
      vertex -22.8386 -10.1684 17.5
      vertex -20.2254 -14.6946 12.5
      vertex -20.2254 -14.6946 17.5
    endloop
  endfacet
  facet normal 0.207906 -0.978149 0
    outer loop
      vertex 2.61321 -24.863 12.5
      vertex 7.72542 -23.7764 17.5
      vertex 2.61321 -24.863 17.5
    endloop
  endfacet
  facet normal 0.207906 -0.978149 0
    outer loop
      vertex 7.72542 -23.7764 17.5
      vertex 2.61321 -24.863 12.5
      vertex 7.72542 -23.7764 12.5
    endloop
  endfacet
  facet normal -0.994522 0.104527 0
    outer loop
      vertex -25 0 12.5
      vertex -24.4537 5.19779 17.5
      vertex -24.4537 5.19779 12.5
    endloop
  endfacet
  facet normal -0.994522 0.104527 0
    outer loop
      vertex -24.4537 5.19779 17.5
      vertex -25 0 12.5
      vertex -25 0 17.5
    endloop
  endfacet
  facet normal 0.207906 0.978149 -0
    outer loop
      vertex 7.72542 23.7764 12.5
      vertex 2.61321 24.863 17.5
      vertex 7.72542 23.7764 17.5
    endloop
  endfacet
  facet normal 0.207906 0.978149 0
    outer loop
      vertex 2.61321 24.863 17.5
      vertex 7.72542 23.7764 12.5
      vertex 2.61321 24.863 12.5
    endloop
  endfacet
  facet normal 0.58778 0.809021 -0
    outer loop
      vertex 16.7283 18.5786 12.5
      vertex 12.5 21.6506 17.5
      vertex 16.7283 18.5786 17.5
    endloop
  endfacet
  facet normal 0.58778 0.809021 0
    outer loop
      vertex 12.5 21.6506 17.5
      vertex 16.7283 18.5786 12.5
      vertex 12.5 21.6506 12.5
    endloop
  endfacet
  facet normal -0.207906 0.978149 0
    outer loop
      vertex -2.61321 24.863 12.5
      vertex -7.72542 23.7764 17.5
      vertex -2.61321 24.863 17.5
    endloop
  endfacet
  facet normal -0.207906 0.978149 0
    outer loop
      vertex -7.72542 23.7764 17.5
      vertex -2.61321 24.863 12.5
      vertex -7.72542 23.7764 12.5
    endloop
  endfacet
  facet normal 0.40674 -0.913544 0
    outer loop
      vertex 7.72542 -23.7764 12.5
      vertex 12.5 -21.6506 17.5
      vertex 7.72542 -23.7764 17.5
    endloop
  endfacet
  facet normal 0.40674 -0.913544 0
    outer loop
      vertex 12.5 -21.6506 17.5
      vertex 7.72542 -23.7764 12.5
      vertex 12.5 -21.6506 12.5
    endloop
  endfacet
  facet normal 0 -1 0
    outer loop
      vertex -2.61321 -24.863 12.5
      vertex 2.61321 -24.863 17.5
      vertex -2.61321 -24.863 17.5
    endloop
  endfacet
  facet normal 0 -1 -0
    outer loop
      vertex 2.61321 -24.863 17.5
      vertex -2.61321 -24.863 12.5
      vertex 2.61321 -24.863 12.5
    endloop
  endfacet
  facet normal -0.207906 -0.978149 0
    outer loop
      vertex -7.72542 -23.7764 12.5
      vertex -2.61321 -24.863 17.5
      vertex -7.72542 -23.7764 17.5
    endloop
  endfacet
  facet normal -0.207906 -0.978149 -0
    outer loop
      vertex -2.61321 -24.863 17.5
      vertex -7.72542 -23.7764 12.5
      vertex -2.61321 -24.863 12.5
    endloop
  endfacet
  facet normal -0.951054 0.309026 0
    outer loop
      vertex -24.4537 5.19779 12.5
      vertex -22.8386 10.1684 17.5
      vertex -22.8386 10.1684 12.5
    endloop
  endfacet
  facet normal -0.951054 0.309026 0
    outer loop
      vertex -22.8386 10.1684 17.5
      vertex -24.4537 5.19779 12.5
      vertex -24.4537 5.19779 17.5
    endloop
  endfacet
  facet normal -0.92388 -0.382682 0
    outer loop
      vertex 7.24444 1.94114 12.5
      vertex 6.49519 3.75 15
      vertex 6.49519 3.75 12.5
    endloop
  endfacet
  facet normal -0.92388 -0.382682 0
    outer loop
      vertex 6.49519 3.75 15
      vertex 7.24444 1.94114 12.5
      vertex 7.24444 1.94114 15
    endloop
  endfacet
  facet normal -0.991445 -0.130528 0
    outer loop
      vertex 7.5 0 12.5
      vertex 7.24444 1.94114 15
      vertex 7.24444 1.94114 12.5
    endloop
  endfacet
  facet normal -0.991445 -0.130528 0
    outer loop
      vertex 7.24444 1.94114 15
      vertex 7.5 0 12.5
      vertex 7.5 0 15
    endloop
  endfacet
  facet normal -0.793353 -0.608762 0
    outer loop
      vertex 6.49519 3.75 12.5
      vertex 5.3033 5.3033 15
      vertex 5.3033 5.3033 12.5
    endloop
  endfacet
  facet normal -0.793353 -0.608762 0
    outer loop
      vertex 5.3033 5.3033 15
      vertex 6.49519 3.75 12.5
      vertex 6.49519 3.75 15
    endloop
  endfacet
  facet normal 0.793353 -0.608762 0
    outer loop
      vertex -6.49519 3.75 15
      vertex -5.3033 5.3033 12.5
      vertex -5.3033 5.3033 15
    endloop
  endfacet
  facet normal 0.793353 -0.608762 0
    outer loop
      vertex -5.3033 5.3033 12.5
      vertex -6.49519 3.75 15
      vertex -6.49519 3.75 12.5
    endloop
  endfacet
  facet normal 0.608762 -0.793353 0
    outer loop
      vertex -5.3033 5.3033 12.5
      vertex -3.75 6.49519 15
      vertex -5.3033 5.3033 15
    endloop
  endfacet
  facet normal 0.608762 -0.793353 0
    outer loop
      vertex -3.75 6.49519 15
      vertex -5.3033 5.3033 12.5
      vertex -3.75 6.49519 12.5
    endloop
  endfacet
  facet normal -0.382682 0.92388 0
    outer loop
      vertex 3.75 -6.49519 12.5
      vertex 1.94114 -7.24444 15
      vertex 3.75 -6.49519 15
    endloop
  endfacet
  facet normal -0.382682 0.92388 0
    outer loop
      vertex 1.94114 -7.24444 15
      vertex 3.75 -6.49519 12.5
      vertex 1.94114 -7.24444 12.5
    endloop
  endfacet
  facet normal 0.92388 -0.382682 0
    outer loop
      vertex -7.24444 1.94114 15
      vertex -6.49519 3.75 12.5
      vertex -6.49519 3.75 15
    endloop
  endfacet
  facet normal 0.92388 -0.382682 0
    outer loop
      vertex -6.49519 3.75 12.5
      vertex -7.24444 1.94114 15
      vertex -7.24444 1.94114 12.5
    endloop
  endfacet
  facet normal -0.608762 -0.793353 0
    outer loop
      vertex 3.75 6.49519 12.5
      vertex 5.3033 5.3033 15
      vertex 3.75 6.49519 15
    endloop
  endfacet
  facet normal -0.608762 -0.793353 -0
    outer loop
      vertex 5.3033 5.3033 15
      vertex 3.75 6.49519 12.5
      vertex 5.3033 5.3033 12.5
    endloop
  endfacet
  facet normal -0.130528 -0.991445 0
    outer loop
      vertex 0 7.5 12.5
      vertex 1.94114 7.24444 15
      vertex 0 7.5 15
    endloop
  endfacet
  facet normal -0.130528 -0.991445 -0
    outer loop
      vertex 1.94114 7.24444 15
      vertex 0 7.5 12.5
      vertex 1.94114 7.24444 12.5
    endloop
  endfacet
  facet normal -0.130528 0.991445 0
    outer loop
      vertex 1.94114 -7.24444 12.5
      vertex 0 -7.5 15
      vertex 1.94114 -7.24444 15
    endloop
  endfacet
  facet normal -0.130528 0.991445 0
    outer loop
      vertex 0 -7.5 15
      vertex 1.94114 -7.24444 12.5
      vertex 0 -7.5 12.5
    endloop
  endfacet
  facet normal 0 0 -1
    outer loop
      vertex 7.24444 -1.94114 15
      vertex 7.24444 1.94114 15
      vertex 7.5 0 15
    endloop
  endfacet
  facet normal 0 0 -1
    outer loop
      vertex 6.49519 -3.75 15
      vertex 7.24444 1.94114 15
      vertex 7.24444 -1.94114 15
    endloop
  endfacet
  facet normal 0 0 -1
    outer loop
      vertex 6.49519 -3.75 15
      vertex 6.49519 3.75 15
      vertex 7.24444 1.94114 15
    endloop
  endfacet
  facet normal 0 0 -1
    outer loop
      vertex 5.3033 -5.3033 15
      vertex 6.49519 3.75 15
      vertex 6.49519 -3.75 15
    endloop
  endfacet
  facet normal 0 0 -1
    outer loop
      vertex 5.3033 -5.3033 15
      vertex 5.3033 5.3033 15
      vertex 6.49519 3.75 15
    endloop
  endfacet
  facet normal 0 0 -1
    outer loop
      vertex 3.75 -6.49519 15
      vertex 5.3033 5.3033 15
      vertex 5.3033 -5.3033 15
    endloop
  endfacet
  facet normal 0 0 -1
    outer loop
      vertex 3.75 -6.49519 15
      vertex 3.75 6.49519 15
      vertex 5.3033 5.3033 15
    endloop
  endfacet
  facet normal 0 0 -1
    outer loop
      vertex 1.94114 -7.24444 15
      vertex 3.75 6.49519 15
      vertex 3.75 -6.49519 15
    endloop
  endfacet
  facet normal 0 0 -1
    outer loop
      vertex 1.94114 -7.24444 15
      vertex 1.94114 7.24444 15
      vertex 3.75 6.49519 15
    endloop
  endfacet
  facet normal 0 0 -1
    outer loop
      vertex 0 -7.5 15
      vertex 1.94114 7.24444 15
      vertex 1.94114 -7.24444 15
    endloop
  endfacet
  facet normal 0 0 -1
    outer loop
      vertex 0 -7.5 15
      vertex 0 7.5 15
      vertex 1.94114 7.24444 15
    endloop
  endfacet
  facet normal 0 0 -1
    outer loop
      vertex -1.94114 -7.24444 15
      vertex 0 7.5 15
      vertex 0 -7.5 15
    endloop
  endfacet
  facet normal 0 0 -1
    outer loop
      vertex -1.94114 -7.24444 15
      vertex -1.94114 7.24444 15
      vertex 0 7.5 15
    endloop
  endfacet
  facet normal 0 0 -1
    outer loop
      vertex -3.75 -6.49519 15
      vertex -1.94114 7.24444 15
      vertex -1.94114 -7.24444 15
    endloop
  endfacet
  facet normal 0 0 -1
    outer loop
      vertex -3.75 -6.49519 15
      vertex -3.75 6.49519 15
      vertex -1.94114 7.24444 15
    endloop
  endfacet
  facet normal 0 0 -1
    outer loop
      vertex -5.3033 -5.3033 15
      vertex -3.75 6.49519 15
      vertex -3.75 -6.49519 15
    endloop
  endfacet
  facet normal 0 0 -1
    outer loop
      vertex -5.3033 -5.3033 15
      vertex -5.3033 5.3033 15
      vertex -3.75 6.49519 15
    endloop
  endfacet
  facet normal 0 0 -1
    outer loop
      vertex -6.49519 -3.75 15
      vertex -5.3033 5.3033 15
      vertex -5.3033 -5.3033 15
    endloop
  endfacet
  facet normal 0 0 -1
    outer loop
      vertex -6.49519 -3.75 15
      vertex -6.49519 3.75 15
      vertex -5.3033 5.3033 15
    endloop
  endfacet
  facet normal 0 0 -1
    outer loop
      vertex -7.24444 -1.94114 15
      vertex -6.49519 3.75 15
      vertex -6.49519 -3.75 15
    endloop
  endfacet
  facet normal 0 0 -1
    outer loop
      vertex -7.24444 -1.94114 15
      vertex -7.24444 1.94114 15
      vertex -6.49519 3.75 15
    endloop
  endfacet
  facet normal 0 -0 -1
    outer loop
      vertex -7.24444 1.94114 15
      vertex -7.24444 -1.94114 15
      vertex -7.5 0 15
    endloop
  endfacet
  facet normal -0.793353 0.608762 0
    outer loop
      vertex 5.3033 -5.3033 12.5
      vertex 6.49519 -3.75 15
      vertex 6.49519 -3.75 12.5
    endloop
  endfacet
  facet normal -0.793353 0.608762 0
    outer loop
      vertex 6.49519 -3.75 15
      vertex 5.3033 -5.3033 12.5
      vertex 5.3033 -5.3033 15
    endloop
  endfacet
  facet normal -0.608762 0.793353 0
    outer loop
      vertex 5.3033 -5.3033 12.5
      vertex 3.75 -6.49519 15
      vertex 5.3033 -5.3033 15
    endloop
  endfacet
  facet normal -0.608762 0.793353 0
    outer loop
      vertex 3.75 -6.49519 15
      vertex 5.3033 -5.3033 12.5
      vertex 3.75 -6.49519 12.5
    endloop
  endfacet
  facet normal 0.793353 0.608762 0
    outer loop
      vertex -5.3033 -5.3033 15
      vertex -6.49519 -3.75 12.5
      vertex -6.49519 -3.75 15
    endloop
  endfacet
  facet normal 0.793353 0.608762 0
    outer loop
      vertex -6.49519 -3.75 12.5
      vertex -5.3033 -5.3033 15
      vertex -5.3033 -5.3033 12.5
    endloop
  endfacet
  facet normal -0.991445 0.130528 0
    outer loop
      vertex 7.24444 -1.94114 12.5
      vertex 7.5 0 15
      vertex 7.5 0 12.5
    endloop
  endfacet
  facet normal -0.991445 0.130528 0
    outer loop
      vertex 7.5 0 15
      vertex 7.24444 -1.94114 12.5
      vertex 7.24444 -1.94114 15
    endloop
  endfacet
  facet normal 0.991445 -0.130528 0
    outer loop
      vertex -7.5 0 15
      vertex -7.24444 1.94114 12.5
      vertex -7.24444 1.94114 15
    endloop
  endfacet
  facet normal 0.991445 -0.130528 0
    outer loop
      vertex -7.24444 1.94114 12.5
      vertex -7.5 0 15
      vertex -7.5 0 12.5
    endloop
  endfacet
  facet normal 0.130528 -0.991445 0
    outer loop
      vertex -1.94114 7.24444 12.5
      vertex 0 7.5 15
      vertex -1.94114 7.24444 15
    endloop
  endfacet
  facet normal 0.130528 -0.991445 0
    outer loop
      vertex 0 7.5 15
      vertex -1.94114 7.24444 12.5
      vertex 0 7.5 12.5
    endloop
  endfacet
  facet normal -0.92388 0.382682 0
    outer loop
      vertex 6.49519 -3.75 12.5
      vertex 7.24444 -1.94114 15
      vertex 7.24444 -1.94114 12.5
    endloop
  endfacet
  facet normal -0.92388 0.382682 0
    outer loop
      vertex 7.24444 -1.94114 15
      vertex 6.49519 -3.75 12.5
      vertex 6.49519 -3.75 15
    endloop
  endfacet
  facet normal 0.382682 -0.92388 0
    outer loop
      vertex -3.75 6.49519 12.5
      vertex -1.94114 7.24444 15
      vertex -3.75 6.49519 15
    endloop
  endfacet
  facet normal 0.382682 -0.92388 0
    outer loop
      vertex -1.94114 7.24444 15
      vertex -3.75 6.49519 12.5
      vertex -1.94114 7.24444 12.5
    endloop
  endfacet
  facet normal -0.382682 -0.92388 0
    outer loop
      vertex 1.94114 7.24444 12.5
      vertex 3.75 6.49519 15
      vertex 1.94114 7.24444 15
    endloop
  endfacet
  facet normal -0.382682 -0.92388 -0
    outer loop
      vertex 3.75 6.49519 15
      vertex 1.94114 7.24444 12.5
      vertex 3.75 6.49519 12.5
    endloop
  endfacet
  facet normal 0.130528 0.991445 -0
    outer loop
      vertex 0 -7.5 12.5
      vertex -1.94114 -7.24444 15
      vertex 0 -7.5 15
    endloop
  endfacet
  facet normal 0.130528 0.991445 0
    outer loop
      vertex -1.94114 -7.24444 15
      vertex 0 -7.5 12.5
      vertex -1.94114 -7.24444 12.5
    endloop
  endfacet
  facet normal 0.92388 0.382682 0
    outer loop
      vertex -6.49519 -3.75 15
      vertex -7.24444 -1.94114 12.5
      vertex -7.24444 -1.94114 15
    endloop
  endfacet
  facet normal 0.92388 0.382682 0
    outer loop
      vertex -7.24444 -1.94114 12.5
      vertex -6.49519 -3.75 15
      vertex -6.49519 -3.75 12.5
    endloop
  endfacet
  facet normal 0.991445 0.130528 0
    outer loop
      vertex -7.24444 -1.94114 15
      vertex -7.5 0 12.5
      vertex -7.5 0 15
    endloop
  endfacet
  facet normal 0.991445 0.130528 0
    outer loop
      vertex -7.5 0 12.5
      vertex -7.24444 -1.94114 15
      vertex -7.24444 -1.94114 12.5
    endloop
  endfacet
  facet normal 0.608762 0.793353 -0
    outer loop
      vertex -3.75 -6.49519 12.5
      vertex -5.3033 -5.3033 15
      vertex -3.75 -6.49519 15
    endloop
  endfacet
  facet normal 0.608762 0.793353 0
    outer loop
      vertex -5.3033 -5.3033 15
      vertex -3.75 -6.49519 12.5
      vertex -5.3033 -5.3033 12.5
    endloop
  endfacet
  facet normal 0.382682 0.92388 -0
    outer loop
      vertex -1.94114 -7.24444 12.5
      vertex -3.75 -6.49519 15
      vertex -1.94114 -7.24444 15
    endloop
  endfacet
  facet normal 0.382682 0.92388 0
    outer loop
      vertex -3.75 -6.49519 15
      vertex -1.94114 -7.24444 12.5
      vertex -3.75 -6.49519 12.5
    endloop
  endfacet
  facet normal 0.382676 -0.923883 0
    outer loop
      vertex 18.2322 1.76777 9
      vertex 20 2.5 10
      vertex 18.2322 1.76777 10
    endloop
  endfacet
  facet normal 0.382676 -0.923883 0
    outer loop
      vertex 20 2.5 10
      vertex 18.2322 1.76777 9
      vertex 20 2.5 9
    endloop
  endfacet
  facet normal 0.923886 -0.382668 0
    outer loop
      vertex 17.5 0 10
      vertex 18.2322 1.76777 9
      vertex 18.2322 1.76777 10
    endloop
  endfacet
  facet normal 0.923886 -0.382668 0
    outer loop
      vertex 18.2322 1.76777 9
      vertex 17.5 0 10
      vertex 17.5 0 9
    endloop
  endfacet
  facet normal 0.382676 0.923883 -0
    outer loop
      vertex 20 -2.5 9
      vertex 18.2322 -1.76777 10
      vertex 20 -2.5 10
    endloop
  endfacet
  facet normal 0.382676 0.923883 0
    outer loop
      vertex 18.2322 -1.76777 10
      vertex 20 -2.5 9
      vertex 18.2322 -1.76777 9
    endloop
  endfacet
  facet normal 0.923886 0.382668 0
    outer loop
      vertex 18.2322 -1.76777 10
      vertex 17.5 0 9
      vertex 17.5 0 10
    endloop
  endfacet
  facet normal 0.923886 0.382668 0
    outer loop
      vertex 17.5 0 9
      vertex 18.2322 -1.76777 10
      vertex 18.2322 -1.76777 9
    endloop
  endfacet
  facet normal 0.923883 0.382676 0
    outer loop
      vertex -1.76777 18.2322 10
      vertex -2.5 20 9
      vertex -2.5 20 10
    endloop
  endfacet
  facet normal 0.923883 0.382676 0
    outer loop
      vertex -2.5 20 9
      vertex -1.76777 18.2322 10
      vertex -1.76777 18.2322 9
    endloop
  endfacet
  facet normal 0.382668 0.923886 -0
    outer loop
      vertex 0 17.5 9
      vertex -1.76777 18.2322 10
      vertex 0 17.5 10
    endloop
  endfacet
  facet normal 0.382668 0.923886 0
    outer loop
      vertex -1.76777 18.2322 10
      vertex 0 17.5 9
      vertex -1.76777 18.2322 9
    endloop
  endfacet
  facet normal -0.923883 0.382676 0
    outer loop
      vertex 1.76777 18.2322 9
      vertex 2.5 20 10
      vertex 2.5 20 9
    endloop
  endfacet
  facet normal -0.923883 0.382676 0
    outer loop
      vertex 2.5 20 10
      vertex 1.76777 18.2322 9
      vertex 1.76777 18.2322 10
    endloop
  endfacet
  facet normal -0.382668 0.923886 0
    outer loop
      vertex 1.76777 18.2322 9
      vertex 0 17.5 10
      vertex 1.76777 18.2322 10
    endloop
  endfacet
  facet normal -0.382668 0.923886 0
    outer loop
      vertex 0 17.5 10
      vertex 1.76777 18.2322 9
      vertex 0 17.5 9
    endloop
  endfacet
  facet normal -0.382676 0.923883 0
    outer loop
      vertex -18.2322 -1.76777 9
      vertex -20 -2.5 10
      vertex -18.2322 -1.76777 10
    endloop
  endfacet
  facet normal -0.382676 0.923883 0
    outer loop
      vertex -20 -2.5 10
      vertex -18.2322 -1.76777 9
      vertex -20 -2.5 9
    endloop
  endfacet
  facet normal -0.923886 0.382668 0
    outer loop
      vertex -18.2322 -1.76777 9
      vertex -17.5 0 10
      vertex -17.5 0 9
    endloop
  endfacet
  facet normal -0.923886 0.382668 0
    outer loop
      vertex -17.5 0 10
      vertex -18.2322 -1.76777 9
      vertex -18.2322 -1.76777 10
    endloop
  endfacet
  facet normal -0.382676 -0.923883 0
    outer loop
      vertex -20 2.5 9
      vertex -18.2322 1.76777 10
      vertex -20 2.5 10
    endloop
  endfacet
  facet normal -0.382676 -0.923883 -0
    outer loop
      vertex -18.2322 1.76777 10
      vertex -20 2.5 9
      vertex -18.2322 1.76777 9
    endloop
  endfacet
  facet normal -0.923886 -0.382668 0
    outer loop
      vertex -17.5 0 9
      vertex -18.2322 1.76777 10
      vertex -18.2322 1.76777 9
    endloop
  endfacet
  facet normal -0.923886 -0.382668 0
    outer loop
      vertex -18.2322 1.76777 10
      vertex -17.5 0 9
      vertex -17.5 0 10
    endloop
  endfacet
  facet normal -0.923883 -0.382676 0
    outer loop
      vertex 2.5 -20 9
      vertex 1.76777 -18.2322 10
      vertex 1.76777 -18.2322 9
    endloop
  endfacet
  facet normal -0.923883 -0.382676 0
    outer loop
      vertex 1.76777 -18.2322 10
      vertex 2.5 -20 9
      vertex 2.5 -20 10
    endloop
  endfacet
  facet normal -0.382668 -0.923886 0
    outer loop
      vertex 0 -17.5 9
      vertex 1.76777 -18.2322 10
      vertex 0 -17.5 10
    endloop
  endfacet
  facet normal -0.382668 -0.923886 -0
    outer loop
      vertex 1.76777 -18.2322 10
      vertex 0 -17.5 9
      vertex 1.76777 -18.2322 9
    endloop
  endfacet
  facet normal 0.923883 -0.382676 0
    outer loop
      vertex -2.5 -20 10
      vertex -1.76777 -18.2322 9
      vertex -1.76777 -18.2322 10
    endloop
  endfacet
  facet normal 0.923883 -0.382676 0
    outer loop
      vertex -1.76777 -18.2322 9
      vertex -2.5 -20 10
      vertex -2.5 -20 9
    endloop
  endfacet
  facet normal 0.382668 -0.923886 0
    outer loop
      vertex -1.76777 -18.2322 9
      vertex 0 -17.5 10
      vertex -1.76777 -18.2322 10
    endloop
  endfacet
  facet normal 0.382668 -0.923886 0
    outer loop
      vertex 0 -17.5 10
      vertex -1.76777 -18.2322 9
      vertex 0 -17.5 9
    endloop
  endfacet
  facet normal -0.40674 -0.913544 0
    outer loop
      vertex -12.5 -21.6506 9
      vertex -7.72542 -23.7764 11
      vertex -12.5 -21.6506 11
    endloop
  endfacet
  facet normal -0.40674 -0.913544 -0
    outer loop
      vertex -7.72542 -23.7764 11
      vertex -12.5 -21.6506 9
      vertex -7.72542 -23.7764 9
    endloop
  endfacet
  facet normal -0.951054 -0.309026 0
    outer loop
      vertex -22.8386 -10.1684 9
      vertex -24.4537 -5.19779 11
      vertex -24.4537 -5.19779 9
    endloop
  endfacet
  facet normal -0.951054 -0.309026 0
    outer loop
      vertex -24.4537 -5.19779 11
      vertex -22.8386 -10.1684 9
      vertex -22.8386 -10.1684 11
    endloop
  endfacet
  facet normal 0.951054 0.309026 0
    outer loop
      vertex 24.4537 5.19779 11
      vertex 22.8386 10.1684 9
      vertex 22.8386 10.1684 11
    endloop
  endfacet
  facet normal 0.951054 0.309026 0
    outer loop
      vertex 22.8386 10.1684 9
      vertex 24.4537 5.19779 11
      vertex 24.4537 5.19779 9
    endloop
  endfacet
  facet normal 0.994522 0.104527 0
    outer loop
      vertex 25 0 11
      vertex 24.4537 5.19779 9
      vertex 24.4537 5.19779 11
    endloop
  endfacet
  facet normal 0.994522 0.104527 0
    outer loop
      vertex 24.4537 5.19779 9
      vertex 25 0 11
      vertex 25 0 9
    endloop
  endfacet
  facet normal 0.866026 0.5 0
    outer loop
      vertex 22.8386 10.1684 11
      vertex 20.2254 14.6946 9
      vertex 20.2254 14.6946 11
    endloop
  endfacet
  facet normal 0.866026 0.5 0
    outer loop
      vertex 20.2254 14.6946 9
      vertex 22.8386 10.1684 11
      vertex 22.8386 10.1684 9
    endloop
  endfacet
  facet normal 0.58778 -0.809021 0
    outer loop
      vertex 12.5 -21.6506 9
      vertex 16.7283 -18.5786 11
      vertex 12.5 -21.6506 11
    endloop
  endfacet
  facet normal 0.58778 -0.809021 0
    outer loop
      vertex 16.7283 -18.5786 11
      vertex 12.5 -21.6506 9
      vertex 16.7283 -18.5786 9
    endloop
  endfacet
  facet normal 0.40674 0.913544 -0
    outer loop
      vertex 12.5 21.6506 9
      vertex 7.72542 23.7764 11
      vertex 12.5 21.6506 11
    endloop
  endfacet
  facet normal 0.40674 0.913544 0
    outer loop
      vertex 7.72542 23.7764 11
      vertex 12.5 21.6506 9
      vertex 7.72542 23.7764 9
    endloop
  endfacet
  facet normal 0.994522 -0.104527 0
    outer loop
      vertex 24.4537 -5.19779 11
      vertex 25 0 9
      vertex 25 0 11
    endloop
  endfacet
  facet normal 0.994522 -0.104527 0
    outer loop
      vertex 25 0 9
      vertex 24.4537 -5.19779 11
      vertex 24.4537 -5.19779 9
    endloop
  endfacet
  facet normal 0.743151 0.669123 0
    outer loop
      vertex 20.2254 14.6946 11
      vertex 16.7283 18.5786 9
      vertex 16.7283 18.5786 11
    endloop
  endfacet
  facet normal 0.743151 0.669123 0
    outer loop
      vertex 16.7283 18.5786 9
      vertex 20.2254 14.6946 11
      vertex 20.2254 14.6946 9
    endloop
  endfacet
  facet normal -0.866026 0.5 0
    outer loop
      vertex -22.8386 10.1684 9
      vertex -20.2254 14.6946 11
      vertex -20.2254 14.6946 9
    endloop
  endfacet
  facet normal -0.866026 0.5 0
    outer loop
      vertex -20.2254 14.6946 11
      vertex -22.8386 10.1684 9
      vertex -22.8386 10.1684 11
    endloop
  endfacet
  facet normal 0.743151 -0.669123 0
    outer loop
      vertex 16.7283 -18.5786 11
      vertex 20.2254 -14.6946 9
      vertex 20.2254 -14.6946 11
    endloop
  endfacet
  facet normal 0.743151 -0.669123 0
    outer loop
      vertex 20.2254 -14.6946 9
      vertex 16.7283 -18.5786 11
      vertex 16.7283 -18.5786 9
    endloop
  endfacet
  facet normal -0.743151 0.669123 0
    outer loop
      vertex -20.2254 14.6946 9
      vertex -16.7283 18.5786 11
      vertex -16.7283 18.5786 9
    endloop
  endfacet
  facet normal -0.743151 0.669123 0
    outer loop
      vertex -16.7283 18.5786 11
      vertex -20.2254 14.6946 9
      vertex -20.2254 14.6946 11
    endloop
  endfacet
  facet normal 0.866026 -0.5 0
    outer loop
      vertex 20.2254 -14.6946 11
      vertex 22.8386 -10.1684 9
      vertex 22.8386 -10.1684 11
    endloop
  endfacet
  facet normal 0.866026 -0.5 0
    outer loop
      vertex 22.8386 -10.1684 9
      vertex 20.2254 -14.6946 11
      vertex 20.2254 -14.6946 9
    endloop
  endfacet
  facet normal -0.58778 0.809021 0
    outer loop
      vertex -12.5 21.6506 9
      vertex -16.7283 18.5786 11
      vertex -12.5 21.6506 11
    endloop
  endfacet
  facet normal -0.58778 0.809021 0
    outer loop
      vertex -16.7283 18.5786 11
      vertex -12.5 21.6506 9
      vertex -16.7283 18.5786 9
    endloop
  endfacet
  facet normal 0 0 1
    outer loop
      vertex -1.76777 -18.2322 11
      vertex -18.2322 -1.76777 11
      vertex -16.7283 -18.5786 11
    endloop
  endfacet
  facet normal 0 0 1
    outer loop
      vertex -22.8386 -10.1684 11
      vertex -18.2322 -1.76777 11
      vertex -20 -2.5 11
    endloop
  endfacet
  facet normal 0 0 1
    outer loop
      vertex -18.2322 -1.76777 11
      vertex -20.2254 -14.6946 11
      vertex -16.7283 -18.5786 11
    endloop
  endfacet
  facet normal 0 0 1
    outer loop
      vertex -24.4537 -5.19779 11
      vertex -20 -2.5 11
      vertex -21.7678 -1.76777 11
    endloop
  endfacet
  facet normal -0 0 1
    outer loop
      vertex -25 0 11
      vertex -21.7678 -1.76777 11
      vertex -22.5 0 11
    endloop
  endfacet
  facet normal 0 0 1
    outer loop
      vertex -18.2322 -1.76777 11
      vertex -22.8386 -10.1684 11
      vertex -20.2254 -14.6946 11
    endloop
  endfacet
  facet normal 0 0 1
    outer loop
      vertex -25 0 11
      vertex -21.7678 1.76777 11
      vertex -24.4537 5.19779 11
    endloop
  endfacet
  facet normal 0 0 1
    outer loop
      vertex -21.7678 1.76777 11
      vertex -25 0 11
      vertex -22.5 0 11
    endloop
  endfacet
  facet normal 0 0 1
    outer loop
      vertex -20 -2.5 11
      vertex -24.4537 -5.19779 11
      vertex -22.8386 -10.1684 11
    endloop
  endfacet
  facet normal 0 0 1
    outer loop
      vertex -21.7678 -1.76777 11
      vertex -25 0 11
      vertex -24.4537 -5.19779 11
    endloop
  endfacet
  facet normal -0 0 1
    outer loop
      vertex 0 17.5 11
      vertex 17.5 0 11
      vertex 1.76777 18.2322 11
    endloop
  endfacet
  facet normal 0 0 1
    outer loop
      vertex 17.5 0 11
      vertex 1.76777 -18.2322 11
      vertex 2.5 -20 11
    endloop
  endfacet
  facet normal 0 0 1
    outer loop
      vertex 0 -17.5 11
      vertex 17.5 0 11
      vertex 0 17.5 11
    endloop
  endfacet
  facet normal 0 0 1
    outer loop
      vertex 17.5 0 11
      vertex 0 -17.5 11
      vertex 1.76777 -18.2322 11
    endloop
  endfacet
  facet normal 0 0 1
    outer loop
      vertex -17.5 0 11
      vertex 0 17.5 11
      vertex -1.76777 18.2322 11
    endloop
  endfacet
  facet normal 0 0 1
    outer loop
      vertex 0 17.5 11
      vertex -17.5 0 11
      vertex 0 -17.5 11
    endloop
  endfacet
  facet normal 0 0 1
    outer loop
      vertex -17.5 0 11
      vertex -1.76777 18.2322 11
      vertex -2.5 20 11
    endloop
  endfacet
  facet normal 0 0 1
    outer loop
      vertex 0 -17.5 11
      vertex -17.5 0 11
      vertex -1.76777 -18.2322 11
    endloop
  endfacet
  facet normal -0 0 1
    outer loop
      vertex 1.76777 -21.7678 11
      vertex 7.72542 -23.7764 11
      vertex 2.5 -20 11
    endloop
  endfacet
  facet normal 0 0 1
    outer loop
      vertex 7.72542 -23.7764 11
      vertex 1.76777 -21.7678 11
      vertex 2.61321 -24.863 11
    endloop
  endfacet
  facet normal -0 0 1
    outer loop
      vertex 0 -22.5 11
      vertex 2.61321 -24.863 11
      vertex 1.76777 -21.7678 11
    endloop
  endfacet
  facet normal 0 0 1
    outer loop
      vertex -2.61321 -24.863 11
      vertex 0 -22.5 11
      vertex -1.76777 -21.7678 11
    endloop
  endfacet
  facet normal 0 0 1
    outer loop
      vertex 0 -22.5 11
      vertex -2.61321 -24.863 11
      vertex 2.61321 -24.863 11
    endloop
  endfacet
  facet normal 0 0 1
    outer loop
      vertex -7.72542 -23.7764 11
      vertex -1.76777 -21.7678 11
      vertex -2.5 -20 11
    endloop
  endfacet
  facet normal -0 0 1
    outer loop
      vertex -18.2322 -1.76777 11
      vertex -1.76777 -18.2322 11
      vertex -17.5 0 11
    endloop
  endfacet
  facet normal 0 0 1
    outer loop
      vertex -17.5 0 11
      vertex -2.61321 24.863 11
      vertex -7.72542 23.7764 11
    endloop
  endfacet
  facet normal 0 -0 1
    outer loop
      vertex -12.5 -21.6506 11
      vertex -1.76777 -18.2322 11
      vertex -16.7283 -18.5786 11
    endloop
  endfacet
  facet normal 0 0 1
    outer loop
      vertex -18.2322 1.76777 11
      vertex -7.72542 23.7764 11
      vertex -12.5 21.6506 11
    endloop
  endfacet
  facet normal 0 0 1
    outer loop
      vertex -1.76777 -21.7678 11
      vertex -7.72542 -23.7764 11
      vertex -2.61321 -24.863 11
    endloop
  endfacet
  facet normal 0 0 1
    outer loop
      vertex -18.2322 1.76777 11
      vertex -12.5 21.6506 11
      vertex -16.7283 18.5786 11
    endloop
  endfacet
  facet normal 0 0 1
    outer loop
      vertex -2.5 -20 11
      vertex -12.5 -21.6506 11
      vertex -7.72542 -23.7764 11
    endloop
  endfacet
  facet normal 0 0 1
    outer loop
      vertex -1.76777 -18.2322 11
      vertex -12.5 -21.6506 11
      vertex -2.5 -20 11
    endloop
  endfacet
  facet normal 0 0 1
    outer loop
      vertex -7.72542 23.7764 11
      vertex -18.2322 1.76777 11
      vertex -17.5 0 11
    endloop
  endfacet
  facet normal -0 0 1
    outer loop
      vertex -20.2254 14.6946 11
      vertex -18.2322 1.76777 11
      vertex -16.7283 18.5786 11
    endloop
  endfacet
  facet normal -0 0 1
    outer loop
      vertex -22.8386 10.1684 11
      vertex -18.2322 1.76777 11
      vertex -20.2254 14.6946 11
    endloop
  endfacet
  facet normal 0 0 1
    outer loop
      vertex -18.2322 1.76777 11
      vertex -22.8386 10.1684 11
      vertex -20 2.5 11
    endloop
  endfacet
  facet normal -0 0 1
    outer loop
      vertex -24.4537 5.19779 11
      vertex -20 2.5 11
      vertex -22.8386 10.1684 11
    endloop
  endfacet
  facet normal 0 0 1
    outer loop
      vertex -20 2.5 11
      vertex -24.4537 5.19779 11
      vertex -21.7678 1.76777 11
    endloop
  endfacet
  facet normal -0 0 1
    outer loop
      vertex 21.7678 1.76777 11
      vertex 25 0 11
      vertex 24.4537 5.19779 11
    endloop
  endfacet
  facet normal 0 0 1
    outer loop
      vertex 20 2.5 11
      vertex 24.4537 5.19779 11
      vertex 22.8386 10.1684 11
    endloop
  endfacet
  facet normal 0 0 1
    outer loop
      vertex 21.7678 -1.76777 11
      vertex 25 0 11
      vertex 22.5 0 11
    endloop
  endfacet
  facet normal 0 0 1
    outer loop
      vertex 25 0 11
      vertex 21.7678 -1.76777 11
      vertex 24.4537 -5.19779 11
    endloop
  endfacet
  facet normal 0 0 1
    outer loop
      vertex 25 0 11
      vertex 21.7678 1.76777 11
      vertex 22.5 0 11
    endloop
  endfacet
  facet normal 0 0 1
    outer loop
      vertex 18.2322 1.76777 11
      vertex 22.8386 10.1684 11
      vertex 20.2254 14.6946 11
    endloop
  endfacet
  facet normal 0 0 1
    outer loop
      vertex 24.4537 5.19779 11
      vertex 20 2.5 11
      vertex 21.7678 1.76777 11
    endloop
  endfacet
  facet normal 0 0 1
    outer loop
      vertex 22.8386 10.1684 11
      vertex 18.2322 1.76777 11
      vertex 20 2.5 11
    endloop
  endfacet
  facet normal 0 0 1
    outer loop
      vertex 16.7283 18.5786 11
      vertex 18.2322 1.76777 11
      vertex 20.2254 14.6946 11
    endloop
  endfacet
  facet normal 0 0 1
    outer loop
      vertex 12.5 21.6506 11
      vertex 1.76777 18.2322 11
      vertex 16.7283 18.5786 11
    endloop
  endfacet
  facet normal -0 0 1
    outer loop
      vertex 20 -2.5 11
      vertex 24.4537 -5.19779 11
      vertex 21.7678 -1.76777 11
    endloop
  endfacet
  facet normal 0 0 1
    outer loop
      vertex 24.4537 -5.19779 11
      vertex 20 -2.5 11
      vertex 22.8386 -10.1684 11
    endloop
  endfacet
  facet normal 0 0 1
    outer loop
      vertex 18.2322 -1.76777 11
      vertex 22.8386 -10.1684 11
      vertex 20 -2.5 11
    endloop
  endfacet
  facet normal 0 0 1
    outer loop
      vertex 22.8386 -10.1684 11
      vertex 18.2322 -1.76777 11
      vertex 20.2254 -14.6946 11
    endloop
  endfacet
  facet normal 0 0 1
    outer loop
      vertex 2.5 -20 11
      vertex 18.2322 -1.76777 11
      vertex 17.5 0 11
    endloop
  endfacet
  facet normal 0 0 1
    outer loop
      vertex 18.2322 -1.76777 11
      vertex 16.7283 -18.5786 11
      vertex 20.2254 -14.6946 11
    endloop
  endfacet
  facet normal 0 0 1
    outer loop
      vertex 16.7283 18.5786 11
      vertex 1.76777 18.2322 11
      vertex 18.2322 1.76777 11
    endloop
  endfacet
  facet normal 0 0 1
    outer loop
      vertex 1.76777 18.2322 11
      vertex 12.5 21.6506 11
      vertex 2.5 20 11
    endloop
  endfacet
  facet normal 0 0 1
    outer loop
      vertex 18.2322 1.76777 11
      vertex 1.76777 18.2322 11
      vertex 17.5 0 11
    endloop
  endfacet
  facet normal 0 0 1
    outer loop
      vertex 2.5 20 11
      vertex 12.5 21.6506 11
      vertex 7.72542 23.7764 11
    endloop
  endfacet
  facet normal 0 0 1
    outer loop
      vertex 2.5 -20 11
      vertex 16.7283 -18.5786 11
      vertex 18.2322 -1.76777 11
    endloop
  endfacet
  facet normal 0 0 1
    outer loop
      vertex 1.76777 21.7678 11
      vertex 7.72542 23.7764 11
      vertex 2.61321 24.863 11
    endloop
  endfacet
  facet normal 0 0 1
    outer loop
      vertex 16.7283 -18.5786 11
      vertex 2.5 -20 11
      vertex 12.5 -21.6506 11
    endloop
  endfacet
  facet normal 0 0 1
    outer loop
      vertex 12.5 -21.6506 11
      vertex 2.5 -20 11
      vertex 7.72542 -23.7764 11
    endloop
  endfacet
  facet normal 0 0 1
    outer loop
      vertex 7.72542 23.7764 11
      vertex 1.76777 21.7678 11
      vertex 2.5 20 11
    endloop
  endfacet
  facet normal 0 0 1
    outer loop
      vertex 2.61321 24.863 11
      vertex 0 22.5 11
      vertex 1.76777 21.7678 11
    endloop
  endfacet
  facet normal -0 0 1
    outer loop
      vertex -2.61321 24.863 11
      vertex 0 22.5 11
      vertex 2.61321 24.863 11
    endloop
  endfacet
  facet normal 0 0 1
    outer loop
      vertex -17.5 0 11
      vertex -2.5 20 11
      vertex -2.61321 24.863 11
    endloop
  endfacet
  facet normal 0 0 1
    outer loop
      vertex -1.76777 21.7678 11
      vertex -2.61321 24.863 11
      vertex -2.5 20 11
    endloop
  endfacet
  facet normal 0 0 1
    outer loop
      vertex 0 22.5 11
      vertex -2.61321 24.863 11
      vertex -1.76777 21.7678 11
    endloop
  endfacet
  facet normal 0.951054 -0.309026 0
    outer loop
      vertex 22.8386 -10.1684 11
      vertex 24.4537 -5.19779 9
      vertex 24.4537 -5.19779 11
    endloop
  endfacet
  facet normal 0.951054 -0.309026 0
    outer loop
      vertex 24.4537 -5.19779 9
      vertex 22.8386 -10.1684 11
      vertex 22.8386 -10.1684 9
    endloop
  endfacet
  facet normal 0 1 -0
    outer loop
      vertex 2.61321 24.863 9
      vertex -2.61321 24.863 11
      vertex 2.61321 24.863 11
    endloop
  endfacet
  facet normal 0 1 0
    outer loop
      vertex -2.61321 24.863 11
      vertex 2.61321 24.863 9
      vertex -2.61321 24.863 9
    endloop
  endfacet
  facet normal -0.58778 -0.809021 0
    outer loop
      vertex -16.7283 -18.5786 9
      vertex -12.5 -21.6506 11
      vertex -16.7283 -18.5786 11
    endloop
  endfacet
  facet normal -0.58778 -0.809021 -0
    outer loop
      vertex -12.5 -21.6506 11
      vertex -16.7283 -18.5786 9
      vertex -12.5 -21.6506 9
    endloop
  endfacet
  facet normal 0 0 -1
    outer loop
      vertex -20.2254 14.6946 9
      vertex -6.49519 3.75 9
      vertex -18.2322 1.76777 9
    endloop
  endfacet
  facet normal 0 0 -1
    outer loop
      vertex -22.8386 10.1684 9
      vertex -18.2322 1.76777 9
      vertex -20 2.5 9
    endloop
  endfacet
  facet normal 0 0 -1
    outer loop
      vertex -6.49519 3.75 9
      vertex -20.2254 14.6946 9
      vertex -16.7283 18.5786 9
    endloop
  endfacet
  facet normal 0 0 -1
    outer loop
      vertex -24.4537 5.19779 9
      vertex -20 2.5 9
      vertex -21.7678 1.76777 9
    endloop
  endfacet
  facet normal 0 0 -1
    outer loop
      vertex -25 0 9
      vertex -21.7678 1.76777 9
      vertex -22.5 0 9
    endloop
  endfacet
  facet normal 0 0 -1
    outer loop
      vertex -18.2322 1.76777 9
      vertex -22.8386 10.1684 9
      vertex -20.2254 14.6946 9
    endloop
  endfacet
  facet normal 0 0 -1
    outer loop
      vertex -25 0 9
      vertex -21.7678 -1.76777 9
      vertex -24.4537 -5.19779 9
    endloop
  endfacet
  facet normal 0 0 -1
    outer loop
      vertex -21.7678 -1.76777 9
      vertex -25 0 9
      vertex -22.5 0 9
    endloop
  endfacet
  facet normal 0 0 -1
    outer loop
      vertex -20 2.5 9
      vertex -24.4537 5.19779 9
      vertex -22.8386 10.1684 9
    endloop
  endfacet
  facet normal -0 0 -1
    outer loop
      vertex -21.7678 1.76777 9
      vertex -25 0 9
      vertex -24.4537 5.19779 9
    endloop
  endfacet
  facet normal 0 0 -1
    outer loop
      vertex 7.72542 -23.7764 9
      vertex 1.76777 -21.7678 9
      vertex 2.5 -20 9
    endloop
  endfacet
  facet normal 0 0 -1
    outer loop
      vertex 2.61321 -24.863 9
      vertex 0 -22.5 9
      vertex 1.76777 -21.7678 9
    endloop
  endfacet
  facet normal 0 0 -1
    outer loop
      vertex -2.61321 -24.863 9
      vertex 0 -22.5 9
      vertex 2.61321 -24.863 9
    endloop
  endfacet
  facet normal 0 0 -1
    outer loop
      vertex -7.72542 -23.7764 9
      vertex -1.76777 -21.7678 9
      vertex -2.61321 -24.863 9
    endloop
  endfacet
  facet normal -0 0 -1
    outer loop
      vertex 0 -22.5 9
      vertex -2.61321 -24.863 9
      vertex -1.76777 -21.7678 9
    endloop
  endfacet
  facet normal -0 0 -1
    outer loop
      vertex 20.2254 14.6946 9
      vertex 5.3033 5.3033 9
      vertex 16.7283 18.5786 9
    endloop
  endfacet
  facet normal 0 0 -1
    outer loop
      vertex 3.75 6.49519 9
      vertex 16.7283 18.5786 9
      vertex 5.3033 5.3033 9
    endloop
  endfacet
  facet normal -0 0 -1
    outer loop
      vertex 16.7283 18.5786 9
      vertex 3.75 6.49519 9
      vertex 12.5 21.6506 9
    endloop
  endfacet
  facet normal 0 0 -1
    outer loop
      vertex 12.5 21.6506 9
      vertex 3.75 6.49519 9
      vertex 1.76777 18.2322 9
    endloop
  endfacet
  facet normal 0 -0 -1
    outer loop
      vertex 2.5 20 9
      vertex 12.5 21.6506 9
      vertex 1.76777 18.2322 9
    endloop
  endfacet
  facet normal 0 0 -1
    outer loop
      vertex 1.76777 21.7678 9
      vertex 7.72542 23.7764 9
      vertex 2.5 20 9
    endloop
  endfacet
  facet normal 0 0 -1
    outer loop
      vertex 1.76777 18.2322 9
      vertex 3.75 6.49519 9
      vertex 1.94114 7.24444 9
    endloop
  endfacet
  facet normal -0 0 -1
    outer loop
      vertex 12.5 21.6506 9
      vertex 2.5 20 9
      vertex 7.72542 23.7764 9
    endloop
  endfacet
  facet normal 0 0 -1
    outer loop
      vertex 0 17.5 9
      vertex 1.94114 7.24444 9
      vertex 0 7.5 9
    endloop
  endfacet
  facet normal 0 0 -1
    outer loop
      vertex 1.94114 7.24444 9
      vertex 0 17.5 9
      vertex 1.76777 18.2322 9
    endloop
  endfacet
  facet normal 0 0 -1
    outer loop
      vertex -1.94114 7.24444 9
      vertex 0 17.5 9
      vertex 0 7.5 9
    endloop
  endfacet
  facet normal -0 0 -1
    outer loop
      vertex 0 17.5 9
      vertex -1.94114 7.24444 9
      vertex -1.76777 18.2322 9
    endloop
  endfacet
  facet normal 0 0 -1
    outer loop
      vertex -3.75 6.49519 9
      vertex -1.76777 18.2322 9
      vertex -1.94114 7.24444 9
    endloop
  endfacet
  facet normal 0 0 -1
    outer loop
      vertex -12.5 21.6506 9
      vertex -1.76777 18.2322 9
      vertex -3.75 6.49519 9
    endloop
  endfacet
  facet normal 0 0 -1
    outer loop
      vertex -1.76777 18.2322 9
      vertex -12.5 21.6506 9
      vertex -2.5 20 9
    endloop
  endfacet
  facet normal 0 0 -1
    outer loop
      vertex -16.7283 18.5786 9
      vertex -3.75 6.49519 9
      vertex -5.3033 5.3033 9
    endloop
  endfacet
  facet normal 0 0 -1
    outer loop
      vertex -16.7283 18.5786 9
      vertex -5.3033 5.3033 9
      vertex -6.49519 3.75 9
    endloop
  endfacet
  facet normal 0 0 -1
    outer loop
      vertex -18.2322 1.76777 9
      vertex -7.24444 1.94114 9
      vertex -17.5 0 9
    endloop
  endfacet
  facet normal 0 0 -1
    outer loop
      vertex -2.5 20 9
      vertex -7.72542 23.7764 9
      vertex -2.61321 24.863 9
    endloop
  endfacet
  facet normal 0 0 -1
    outer loop
      vertex -17.5 0 9
      vertex -7.24444 1.94114 9
      vertex -7.5 0 9
    endloop
  endfacet
  facet normal -0 0 -1
    outer loop
      vertex -5.3033 -5.3033 9
      vertex -20.2254 -14.6946 9
      vertex -6.49519 -3.75 9
    endloop
  endfacet
  facet normal 0 -0 -1
    outer loop
      vertex -18.2322 -1.76777 9
      vertex -6.49519 -3.75 9
      vertex -20.2254 -14.6946 9
    endloop
  endfacet
  facet normal -0 0 -1
    outer loop
      vertex -7.24444 1.94114 9
      vertex -18.2322 1.76777 9
      vertex -6.49519 3.75 9
    endloop
  endfacet
  facet normal 0 0 -1
    outer loop
      vertex -6.49519 -3.75 9
      vertex -18.2322 -1.76777 9
      vertex -7.24444 -1.94114 9
    endloop
  endfacet
  facet normal 0 0 -1
    outer loop
      vertex -2.5 20 9
      vertex -12.5 21.6506 9
      vertex -7.72542 23.7764 9
    endloop
  endfacet
  facet normal 0 0 -1
    outer loop
      vertex -3.75 6.49519 9
      vertex -16.7283 18.5786 9
      vertex -12.5 21.6506 9
    endloop
  endfacet
  facet normal 0 0 -1
    outer loop
      vertex -7.24444 -1.94114 9
      vertex -17.5 0 9
      vertex -7.5 0 9
    endloop
  endfacet
  facet normal 0 -0 -1
    outer loop
      vertex -17.5 0 9
      vertex -7.24444 -1.94114 9
      vertex -18.2322 -1.76777 9
    endloop
  endfacet
  facet normal 0 0 -1
    outer loop
      vertex -22.8386 -10.1684 9
      vertex -18.2322 -1.76777 9
      vertex -20.2254 -14.6946 9
    endloop
  endfacet
  facet normal 0 0 -1
    outer loop
      vertex -18.2322 -1.76777 9
      vertex -22.8386 -10.1684 9
      vertex -20 -2.5 9
    endloop
  endfacet
  facet normal 0 0 -1
    outer loop
      vertex -24.4537 -5.19779 9
      vertex -20 -2.5 9
      vertex -22.8386 -10.1684 9
    endloop
  endfacet
  facet normal -0 0 -1
    outer loop
      vertex -20 -2.5 9
      vertex -24.4537 -5.19779 9
      vertex -21.7678 -1.76777 9
    endloop
  endfacet
  facet normal -0 0 -1
    outer loop
      vertex 7.72542 23.7764 9
      vertex 1.76777 21.7678 9
      vertex 2.61321 24.863 9
    endloop
  endfacet
  facet normal 0 0 -1
    outer loop
      vertex 0 22.5 9
      vertex 2.61321 24.863 9
      vertex 1.76777 21.7678 9
    endloop
  endfacet
  facet normal 0 0 -1
    outer loop
      vertex -2.61321 24.863 9
      vertex 0 22.5 9
      vertex -1.76777 21.7678 9
    endloop
  endfacet
  facet normal 0 0 -1
    outer loop
      vertex 0 22.5 9
      vertex -2.61321 24.863 9
      vertex 2.61321 24.863 9
    endloop
  endfacet
  facet normal 0 0 -1
    outer loop
      vertex -2.61321 24.863 9
      vertex -1.76777 21.7678 9
      vertex -2.5 20 9
    endloop
  endfacet
  facet normal 0 0 -1
    outer loop
      vertex 21.7678 -1.76777 9
      vertex 25 0 9
      vertex 24.4537 -5.19779 9
    endloop
  endfacet
  facet normal 0 0 -1
    outer loop
      vertex 20 -2.5 9
      vertex 24.4537 -5.19779 9
      vertex 22.8386 -10.1684 9
    endloop
  endfacet
  facet normal 0 0 -1
    outer loop
      vertex 21.7678 1.76777 9
      vertex 25 0 9
      vertex 22.5 0 9
    endloop
  endfacet
  facet normal 0 0 -1
    outer loop
      vertex 25 0 9
      vertex 21.7678 1.76777 9
      vertex 24.4537 5.19779 9
    endloop
  endfacet
  facet normal -0 0 -1
    outer loop
      vertex 25 0 9
      vertex 21.7678 -1.76777 9
      vertex 22.5 0 9
    endloop
  endfacet
  facet normal 0 0 -1
    outer loop
      vertex 18.2322 -1.76777 9
      vertex 22.8386 -10.1684 9
      vertex 20.2254 -14.6946 9
    endloop
  endfacet
  facet normal 0 0 -1
    outer loop
      vertex 24.4537 -5.19779 9
      vertex 20 -2.5 9
      vertex 21.7678 -1.76777 9
    endloop
  endfacet
  facet normal 0 0 -1
    outer loop
      vertex 22.8386 -10.1684 9
      vertex 18.2322 -1.76777 9
      vertex 20 -2.5 9
    endloop
  endfacet
  facet normal 0 0 -1
    outer loop
      vertex 6.49519 -3.75 9
      vertex 18.2322 -1.76777 9
      vertex 20.2254 -14.6946 9
    endloop
  endfacet
  facet normal 0 0 -1
    outer loop
      vertex 5.3033 -5.3033 9
      vertex 20.2254 -14.6946 9
      vertex 16.7283 -18.5786 9
    endloop
  endfacet
  facet normal 0 0 -1
    outer loop
      vertex 20 2.5 9
      vertex 24.4537 5.19779 9
      vertex 21.7678 1.76777 9
    endloop
  endfacet
  facet normal -0 0 -1
    outer loop
      vertex 24.4537 5.19779 9
      vertex 20 2.5 9
      vertex 22.8386 10.1684 9
    endloop
  endfacet
  facet normal 0 0 -1
    outer loop
      vertex 18.2322 1.76777 9
      vertex 22.8386 10.1684 9
      vertex 20 2.5 9
    endloop
  endfacet
  facet normal -0 0 -1
    outer loop
      vertex 22.8386 10.1684 9
      vertex 18.2322 1.76777 9
      vertex 20.2254 14.6946 9
    endloop
  endfacet
  facet normal 0 0 -1
    outer loop
      vertex 7.24444 1.94114 9
      vertex 17.5 0 9
      vertex 7.5 0 9
    endloop
  endfacet
  facet normal 0 0 -1
    outer loop
      vertex 17.5 0 9
      vertex 7.24444 1.94114 9
      vertex 18.2322 1.76777 9
    endloop
  endfacet
  facet normal 0 -0 -1
    outer loop
      vertex 7.24444 -1.94114 9
      vertex 18.2322 -1.76777 9
      vertex 6.49519 -3.75 9
    endloop
  endfacet
  facet normal 0 0 -1
    outer loop
      vertex 3.75 -6.49519 9
      vertex 16.7283 -18.5786 9
      vertex 12.5 -21.6506 9
    endloop
  endfacet
  facet normal 0 0 -1
    outer loop
      vertex 6.49519 3.75 9
      vertex 18.2322 1.76777 9
      vertex 7.24444 1.94114 9
    endloop
  endfacet
  facet normal 0 0 -1
    outer loop
      vertex 2.5 -20 9
      vertex 12.5 -21.6506 9
      vertex 7.72542 -23.7764 9
    endloop
  endfacet
  facet normal 0 0 -1
    outer loop
      vertex 18.2322 1.76777 9
      vertex 6.49519 3.75 9
      vertex 20.2254 14.6946 9
    endloop
  endfacet
  facet normal 0 0 -1
    outer loop
      vertex 5.3033 5.3033 9
      vertex 20.2254 14.6946 9
      vertex 6.49519 3.75 9
    endloop
  endfacet
  facet normal -0 0 -1
    outer loop
      vertex 17.5 0 9
      vertex 7.24444 -1.94114 9
      vertex 7.5 0 9
    endloop
  endfacet
  facet normal -0 0 -1
    outer loop
      vertex 18.2322 -1.76777 9
      vertex 7.24444 -1.94114 9
      vertex 17.5 0 9
    endloop
  endfacet
  facet normal 0 0 -1
    outer loop
      vertex 20.2254 -14.6946 9
      vertex 5.3033 -5.3033 9
      vertex 6.49519 -3.75 9
    endloop
  endfacet
  facet normal 0 -0 -1
    outer loop
      vertex 3.75 -6.49519 9
      vertex 12.5 -21.6506 9
      vertex 1.76777 -18.2322 9
    endloop
  endfacet
  facet normal 0 0 -1
    outer loop
      vertex 1.76777 -21.7678 9
      vertex 7.72542 -23.7764 9
      vertex 2.61321 -24.863 9
    endloop
  endfacet
  facet normal 0 0 -1
    outer loop
      vertex 12.5 -21.6506 9
      vertex 2.5 -20 9
      vertex 1.76777 -18.2322 9
    endloop
  endfacet
  facet normal 0 0 -1
    outer loop
      vertex 16.7283 -18.5786 9
      vertex 3.75 -6.49519 9
      vertex 5.3033 -5.3033 9
    endloop
  endfacet
  facet normal 0 0 -1
    outer loop
      vertex 3.75 -6.49519 9
      vertex 1.76777 -18.2322 9
      vertex 1.94114 -7.24444 9
    endloop
  endfacet
  facet normal 0 0 -1
    outer loop
      vertex 0 -17.5 9
      vertex 1.94114 -7.24444 9
      vertex 1.76777 -18.2322 9
    endloop
  endfacet
  facet normal 0 0 -1
    outer loop
      vertex 0 -17.5 9
      vertex 0 -7.5 9
      vertex 1.94114 -7.24444 9
    endloop
  endfacet
  facet normal 0 0 -1
    outer loop
      vertex -1.94114 -7.24444 9
      vertex 0 -17.5 9
      vertex -1.76777 -18.2322 9
    endloop
  endfacet
  facet normal 0 0 -1
    outer loop
      vertex 0 -17.5 9
      vertex -1.94114 -7.24444 9
      vertex 0 -7.5 9
    endloop
  endfacet
  facet normal 0 0 -1
    outer loop
      vertex -12.5 -21.6506 9
      vertex -2.5 -20 9
      vertex -7.72542 -23.7764 9
    endloop
  endfacet
  facet normal 0 0 -1
    outer loop
      vertex -1.76777 -18.2322 9
      vertex -3.75 -6.49519 9
      vertex -1.94114 -7.24444 9
    endloop
  endfacet
  facet normal -0 0 -1
    outer loop
      vertex -1.76777 -21.7678 9
      vertex -7.72542 -23.7764 9
      vertex -2.5 -20 9
    endloop
  endfacet
  facet normal -0 0 -1
    outer loop
      vertex -2.5 -20 9
      vertex -12.5 -21.6506 9
      vertex -1.76777 -18.2322 9
    endloop
  endfacet
  facet normal 0 0 -1
    outer loop
      vertex -12.5 -21.6506 9
      vertex -3.75 -6.49519 9
      vertex -1.76777 -18.2322 9
    endloop
  endfacet
  facet normal 0 0 -1
    outer loop
      vertex -16.7283 -18.5786 9
      vertex -3.75 -6.49519 9
      vertex -12.5 -21.6506 9
    endloop
  endfacet
  facet normal 0 0 -1
    outer loop
      vertex -20.2254 -14.6946 9
      vertex -5.3033 -5.3033 9
      vertex -16.7283 -18.5786 9
    endloop
  endfacet
  facet normal -0 0 -1
    outer loop
      vertex -3.75 -6.49519 9
      vertex -16.7283 -18.5786 9
      vertex -5.3033 -5.3033 9
    endloop
  endfacet
  facet normal -0.40674 0.913544 0
    outer loop
      vertex -7.72542 23.7764 9
      vertex -12.5 21.6506 11
      vertex -7.72542 23.7764 11
    endloop
  endfacet
  facet normal -0.40674 0.913544 0
    outer loop
      vertex -12.5 21.6506 11
      vertex -7.72542 23.7764 9
      vertex -12.5 21.6506 9
    endloop
  endfacet
  facet normal -0.994522 -0.104527 0
    outer loop
      vertex -24.4537 -5.19779 9
      vertex -25 0 11
      vertex -25 0 9
    endloop
  endfacet
  facet normal -0.994522 -0.104527 0
    outer loop
      vertex -25 0 11
      vertex -24.4537 -5.19779 9
      vertex -24.4537 -5.19779 11
    endloop
  endfacet
  facet normal -0.743151 -0.669123 0
    outer loop
      vertex -16.7283 -18.5786 9
      vertex -20.2254 -14.6946 11
      vertex -20.2254 -14.6946 9
    endloop
  endfacet
  facet normal -0.743151 -0.669123 0
    outer loop
      vertex -20.2254 -14.6946 11
      vertex -16.7283 -18.5786 9
      vertex -16.7283 -18.5786 11
    endloop
  endfacet
  facet normal -0.866026 -0.5 0
    outer loop
      vertex -20.2254 -14.6946 9
      vertex -22.8386 -10.1684 11
      vertex -22.8386 -10.1684 9
    endloop
  endfacet
  facet normal -0.866026 -0.5 0
    outer loop
      vertex -22.8386 -10.1684 11
      vertex -20.2254 -14.6946 9
      vertex -20.2254 -14.6946 11
    endloop
  endfacet
  facet normal 0.207906 -0.978149 0
    outer loop
      vertex 2.61321 -24.863 9
      vertex 7.72542 -23.7764 11
      vertex 2.61321 -24.863 11
    endloop
  endfacet
  facet normal 0.207906 -0.978149 0
    outer loop
      vertex 7.72542 -23.7764 11
      vertex 2.61321 -24.863 9
      vertex 7.72542 -23.7764 9
    endloop
  endfacet
  facet normal -0.994522 0.104527 0
    outer loop
      vertex -25 0 9
      vertex -24.4537 5.19779 11
      vertex -24.4537 5.19779 9
    endloop
  endfacet
  facet normal -0.994522 0.104527 0
    outer loop
      vertex -24.4537 5.19779 11
      vertex -25 0 9
      vertex -25 0 11
    endloop
  endfacet
  facet normal 0.207906 0.978149 -0
    outer loop
      vertex 7.72542 23.7764 9
      vertex 2.61321 24.863 11
      vertex 7.72542 23.7764 11
    endloop
  endfacet
  facet normal 0.207906 0.978149 0
    outer loop
      vertex 2.61321 24.863 11
      vertex 7.72542 23.7764 9
      vertex 2.61321 24.863 9
    endloop
  endfacet
  facet normal 0.58778 0.809021 -0
    outer loop
      vertex 16.7283 18.5786 9
      vertex 12.5 21.6506 11
      vertex 16.7283 18.5786 11
    endloop
  endfacet
  facet normal 0.58778 0.809021 0
    outer loop
      vertex 12.5 21.6506 11
      vertex 16.7283 18.5786 9
      vertex 12.5 21.6506 9
    endloop
  endfacet
  facet normal -0.207906 0.978149 0
    outer loop
      vertex -2.61321 24.863 9
      vertex -7.72542 23.7764 11
      vertex -2.61321 24.863 11
    endloop
  endfacet
  facet normal -0.207906 0.978149 0
    outer loop
      vertex -7.72542 23.7764 11
      vertex -2.61321 24.863 9
      vertex -7.72542 23.7764 9
    endloop
  endfacet
  facet normal 0.40674 -0.913544 0
    outer loop
      vertex 7.72542 -23.7764 9
      vertex 12.5 -21.6506 11
      vertex 7.72542 -23.7764 11
    endloop
  endfacet
  facet normal 0.40674 -0.913544 0
    outer loop
      vertex 12.5 -21.6506 11
      vertex 7.72542 -23.7764 9
      vertex 12.5 -21.6506 9
    endloop
  endfacet
  facet normal 0 -1 0
    outer loop
      vertex -2.61321 -24.863 9
      vertex 2.61321 -24.863 11
      vertex -2.61321 -24.863 11
    endloop
  endfacet
  facet normal 0 -1 -0
    outer loop
      vertex 2.61321 -24.863 11
      vertex -2.61321 -24.863 9
      vertex 2.61321 -24.863 9
    endloop
  endfacet
  facet normal -0.207906 -0.978149 0
    outer loop
      vertex -7.72542 -23.7764 9
      vertex -2.61321 -24.863 11
      vertex -7.72542 -23.7764 11
    endloop
  endfacet
  facet normal -0.207906 -0.978149 -0
    outer loop
      vertex -2.61321 -24.863 11
      vertex -7.72542 -23.7764 9
      vertex -2.61321 -24.863 9
    endloop
  endfacet
  facet normal -0.951054 0.309026 0
    outer loop
      vertex -24.4537 5.19779 9
      vertex -22.8386 10.1684 11
      vertex -22.8386 10.1684 9
    endloop
  endfacet
  facet normal -0.951054 0.309026 0
    outer loop
      vertex -22.8386 10.1684 11
      vertex -24.4537 5.19779 9
      vertex -24.4537 5.19779 11
    endloop
  endfacet
  facet normal -0.92388 -0.382682 0
    outer loop
      vertex 7.24444 1.94114 9
      vertex 6.49519 3.75 10
      vertex 6.49519 3.75 9
    endloop
  endfacet
  facet normal -0.92388 -0.382682 0
    outer loop
      vertex 6.49519 3.75 10
      vertex 7.24444 1.94114 9
      vertex 7.24444 1.94114 10
    endloop
  endfacet
  facet normal -0.991445 -0.130528 0
    outer loop
      vertex 7.5 0 9
      vertex 7.24444 1.94114 10
      vertex 7.24444 1.94114 9
    endloop
  endfacet
  facet normal -0.991445 -0.130528 0
    outer loop
      vertex 7.24444 1.94114 10
      vertex 7.5 0 9
      vertex 7.5 0 10
    endloop
  endfacet
  facet normal -0.793353 -0.608762 0
    outer loop
      vertex 6.49519 3.75 9
      vertex 5.3033 5.3033 10
      vertex 5.3033 5.3033 9
    endloop
  endfacet
  facet normal -0.793353 -0.608762 0
    outer loop
      vertex 5.3033 5.3033 10
      vertex 6.49519 3.75 9
      vertex 6.49519 3.75 10
    endloop
  endfacet
  facet normal 0.793353 -0.608762 0
    outer loop
      vertex -6.49519 3.75 10
      vertex -5.3033 5.3033 9
      vertex -5.3033 5.3033 10
    endloop
  endfacet
  facet normal 0.793353 -0.608762 0
    outer loop
      vertex -5.3033 5.3033 9
      vertex -6.49519 3.75 10
      vertex -6.49519 3.75 9
    endloop
  endfacet
  facet normal 0.608762 -0.793353 0
    outer loop
      vertex -5.3033 5.3033 9
      vertex -3.75 6.49519 10
      vertex -5.3033 5.3033 10
    endloop
  endfacet
  facet normal 0.608762 -0.793353 0
    outer loop
      vertex -3.75 6.49519 10
      vertex -5.3033 5.3033 9
      vertex -3.75 6.49519 9
    endloop
  endfacet
  facet normal -0.382682 0.92388 0
    outer loop
      vertex 3.75 -6.49519 9
      vertex 1.94114 -7.24444 10
      vertex 3.75 -6.49519 10
    endloop
  endfacet
  facet normal -0.382682 0.92388 0
    outer loop
      vertex 1.94114 -7.24444 10
      vertex 3.75 -6.49519 9
      vertex 1.94114 -7.24444 9
    endloop
  endfacet
  facet normal 0.92388 -0.382682 0
    outer loop
      vertex -7.24444 1.94114 10
      vertex -6.49519 3.75 9
      vertex -6.49519 3.75 10
    endloop
  endfacet
  facet normal 0.92388 -0.382682 0
    outer loop
      vertex -6.49519 3.75 9
      vertex -7.24444 1.94114 10
      vertex -7.24444 1.94114 9
    endloop
  endfacet
  facet normal -0.608762 -0.793353 0
    outer loop
      vertex 3.75 6.49519 9
      vertex 5.3033 5.3033 10
      vertex 3.75 6.49519 10
    endloop
  endfacet
  facet normal -0.608762 -0.793353 -0
    outer loop
      vertex 5.3033 5.3033 10
      vertex 3.75 6.49519 9
      vertex 5.3033 5.3033 9
    endloop
  endfacet
  facet normal -0.130528 -0.991445 0
    outer loop
      vertex 0 7.5 9
      vertex 1.94114 7.24444 10
      vertex 0 7.5 10
    endloop
  endfacet
  facet normal -0.130528 -0.991445 -0
    outer loop
      vertex 1.94114 7.24444 10
      vertex 0 7.5 9
      vertex 1.94114 7.24444 9
    endloop
  endfacet
  facet normal 0.382682 0.92388 -0
    outer loop
      vertex -1.94114 -7.24444 9
      vertex -3.75 -6.49519 10
      vertex -1.94114 -7.24444 10
    endloop
  endfacet
  facet normal 0.382682 0.92388 0
    outer loop
      vertex -3.75 -6.49519 10
      vertex -1.94114 -7.24444 9
      vertex -3.75 -6.49519 9
    endloop
  endfacet
  facet normal -0.130528 0.991445 0
    outer loop
      vertex 1.94114 -7.24444 9
      vertex 0 -7.5 10
      vertex 1.94114 -7.24444 10
    endloop
  endfacet
  facet normal -0.130528 0.991445 0
    outer loop
      vertex 0 -7.5 10
      vertex 1.94114 -7.24444 9
      vertex 0 -7.5 9
    endloop
  endfacet
  facet normal 0 0 -1
    outer loop
      vertex 7.24444 -1.94114 10
      vertex 7.24444 1.94114 10
      vertex 7.5 0 10
    endloop
  endfacet
  facet normal 0 0 -1
    outer loop
      vertex 6.49519 -3.75 10
      vertex 7.24444 1.94114 10
      vertex 7.24444 -1.94114 10
    endloop
  endfacet
  facet normal 0 0 -1
    outer loop
      vertex 6.49519 -3.75 10
      vertex 6.49519 3.75 10
      vertex 7.24444 1.94114 10
    endloop
  endfacet
  facet normal 0 0 -1
    outer loop
      vertex 5.3033 -5.3033 10
      vertex 6.49519 3.75 10
      vertex 6.49519 -3.75 10
    endloop
  endfacet
  facet normal 0 0 -1
    outer loop
      vertex 5.3033 -5.3033 10
      vertex 5.3033 5.3033 10
      vertex 6.49519 3.75 10
    endloop
  endfacet
  facet normal 0 0 -1
    outer loop
      vertex 3.75 -6.49519 10
      vertex 5.3033 5.3033 10
      vertex 5.3033 -5.3033 10
    endloop
  endfacet
  facet normal 0 0 -1
    outer loop
      vertex 3.75 -6.49519 10
      vertex 3.75 6.49519 10
      vertex 5.3033 5.3033 10
    endloop
  endfacet
  facet normal 0 0 -1
    outer loop
      vertex 1.94114 -7.24444 10
      vertex 3.75 6.49519 10
      vertex 3.75 -6.49519 10
    endloop
  endfacet
  facet normal 0 0 -1
    outer loop
      vertex 1.94114 -7.24444 10
      vertex 1.94114 7.24444 10
      vertex 3.75 6.49519 10
    endloop
  endfacet
  facet normal 0 0 -1
    outer loop
      vertex 0 -7.5 10
      vertex 1.94114 7.24444 10
      vertex 1.94114 -7.24444 10
    endloop
  endfacet
  facet normal 0 0 -1
    outer loop
      vertex 0 -7.5 10
      vertex 0 7.5 10
      vertex 1.94114 7.24444 10
    endloop
  endfacet
  facet normal 0 0 -1
    outer loop
      vertex -1.94114 -7.24444 10
      vertex 0 7.5 10
      vertex 0 -7.5 10
    endloop
  endfacet
  facet normal 0 0 -1
    outer loop
      vertex -1.94114 -7.24444 10
      vertex -1.94114 7.24444 10
      vertex 0 7.5 10
    endloop
  endfacet
  facet normal 0 0 -1
    outer loop
      vertex -3.75 -6.49519 10
      vertex -1.94114 7.24444 10
      vertex -1.94114 -7.24444 10
    endloop
  endfacet
  facet normal 0 0 -1
    outer loop
      vertex -3.75 -6.49519 10
      vertex -3.75 6.49519 10
      vertex -1.94114 7.24444 10
    endloop
  endfacet
  facet normal 0 0 -1
    outer loop
      vertex -5.3033 -5.3033 10
      vertex -3.75 6.49519 10
      vertex -3.75 -6.49519 10
    endloop
  endfacet
  facet normal 0 0 -1
    outer loop
      vertex -5.3033 -5.3033 10
      vertex -5.3033 5.3033 10
      vertex -3.75 6.49519 10
    endloop
  endfacet
  facet normal 0 0 -1
    outer loop
      vertex -6.49519 -3.75 10
      vertex -5.3033 5.3033 10
      vertex -5.3033 -5.3033 10
    endloop
  endfacet
  facet normal 0 0 -1
    outer loop
      vertex -6.49519 -3.75 10
      vertex -6.49519 3.75 10
      vertex -5.3033 5.3033 10
    endloop
  endfacet
  facet normal 0 0 -1
    outer loop
      vertex -7.24444 -1.94114 10
      vertex -6.49519 3.75 10
      vertex -6.49519 -3.75 10
    endloop
  endfacet
  facet normal 0 0 -1
    outer loop
      vertex -7.24444 -1.94114 10
      vertex -7.24444 1.94114 10
      vertex -6.49519 3.75 10
    endloop
  endfacet
  facet normal 0 -0 -1
    outer loop
      vertex -7.24444 1.94114 10
      vertex -7.24444 -1.94114 10
      vertex -7.5 0 10
    endloop
  endfacet
  facet normal -0.793353 0.608762 0
    outer loop
      vertex 5.3033 -5.3033 9
      vertex 6.49519 -3.75 10
      vertex 6.49519 -3.75 9
    endloop
  endfacet
  facet normal -0.793353 0.608762 0
    outer loop
      vertex 6.49519 -3.75 10
      vertex 5.3033 -5.3033 9
      vertex 5.3033 -5.3033 10
    endloop
  endfacet
  facet normal -0.608762 0.793353 0
    outer loop
      vertex 5.3033 -5.3033 9
      vertex 3.75 -6.49519 10
      vertex 5.3033 -5.3033 10
    endloop
  endfacet
  facet normal -0.608762 0.793353 0
    outer loop
      vertex 3.75 -6.49519 10
      vertex 5.3033 -5.3033 9
      vertex 3.75 -6.49519 9
    endloop
  endfacet
  facet normal 0.793353 0.608762 0
    outer loop
      vertex -5.3033 -5.3033 10
      vertex -6.49519 -3.75 9
      vertex -6.49519 -3.75 10
    endloop
  endfacet
  facet normal 0.793353 0.608762 0
    outer loop
      vertex -6.49519 -3.75 9
      vertex -5.3033 -5.3033 10
      vertex -5.3033 -5.3033 9
    endloop
  endfacet
  facet normal -0.991445 0.130528 0
    outer loop
      vertex 7.24444 -1.94114 9
      vertex 7.5 0 10
      vertex 7.5 0 9
    endloop
  endfacet
  facet normal -0.991445 0.130528 0
    outer loop
      vertex 7.5 0 10
      vertex 7.24444 -1.94114 9
      vertex 7.24444 -1.94114 10
    endloop
  endfacet
  facet normal 0.991445 -0.130528 0
    outer loop
      vertex -7.5 0 10
      vertex -7.24444 1.94114 9
      vertex -7.24444 1.94114 10
    endloop
  endfacet
  facet normal 0.991445 -0.130528 0
    outer loop
      vertex -7.24444 1.94114 9
      vertex -7.5 0 10
      vertex -7.5 0 9
    endloop
  endfacet
  facet normal 0.130528 -0.991445 0
    outer loop
      vertex -1.94114 7.24444 9
      vertex 0 7.5 10
      vertex -1.94114 7.24444 10
    endloop
  endfacet
  facet normal 0.130528 -0.991445 0
    outer loop
      vertex 0 7.5 10
      vertex -1.94114 7.24444 9
      vertex 0 7.5 9
    endloop
  endfacet
  facet normal -0.92388 0.382682 0
    outer loop
      vertex 6.49519 -3.75 9
      vertex 7.24444 -1.94114 10
      vertex 7.24444 -1.94114 9
    endloop
  endfacet
  facet normal -0.92388 0.382682 0
    outer loop
      vertex 7.24444 -1.94114 10
      vertex 6.49519 -3.75 9
      vertex 6.49519 -3.75 10
    endloop
  endfacet
  facet normal 0.382682 -0.92388 0
    outer loop
      vertex -3.75 6.49519 9
      vertex -1.94114 7.24444 10
      vertex -3.75 6.49519 10
    endloop
  endfacet
  facet normal 0.382682 -0.92388 0
    outer loop
      vertex -1.94114 7.24444 10
      vertex -3.75 6.49519 9
      vertex -1.94114 7.24444 9
    endloop
  endfacet
  facet normal -0.382682 -0.92388 0
    outer loop
      vertex 1.94114 7.24444 9
      vertex 3.75 6.49519 10
      vertex 1.94114 7.24444 10
    endloop
  endfacet
  facet normal -0.382682 -0.92388 -0
    outer loop
      vertex 3.75 6.49519 10
      vertex 1.94114 7.24444 9
      vertex 3.75 6.49519 9
    endloop
  endfacet
  facet normal 0.130528 0.991445 -0
    outer loop
      vertex 0 -7.5 9
      vertex -1.94114 -7.24444 10
      vertex 0 -7.5 10
    endloop
  endfacet
  facet normal 0.130528 0.991445 0
    outer loop
      vertex -1.94114 -7.24444 10
      vertex 0 -7.5 9
      vertex -1.94114 -7.24444 9
    endloop
  endfacet
  facet normal 0.92388 0.382682 0
    outer loop
      vertex -6.49519 -3.75 10
      vertex -7.24444 -1.94114 9
      vertex -7.24444 -1.94114 10
    endloop
  endfacet
  facet normal 0.92388 0.382682 0
    outer loop
      vertex -7.24444 -1.94114 9
      vertex -6.49519 -3.75 10
      vertex -6.49519 -3.75 9
    endloop
  endfacet
  facet normal 0.991445 0.130528 0
    outer loop
      vertex -7.24444 -1.94114 10
      vertex -7.5 0 9
      vertex -7.5 0 10
    endloop
  endfacet
  facet normal 0.991445 0.130528 0
    outer loop
      vertex -7.5 0 9
      vertex -7.24444 -1.94114 10
      vertex -7.24444 -1.94114 9
    endloop
  endfacet
  facet normal 0.608762 0.793353 -0
    outer loop
      vertex -3.75 -6.49519 9
      vertex -5.3033 -5.3033 10
      vertex -3.75 -6.49519 10
    endloop
  endfacet
  facet normal 0.608762 0.793353 0
    outer loop
      vertex -5.3033 -5.3033 10
      vertex -3.75 -6.49519 9
      vertex -5.3033 -5.3033 9
    endloop
  endfacet
  facet normal 0.382676 -0.923883 0
    outer loop
      vertex 18.2322 1.76777 2.5
      vertex 20 2.5 5
      vertex 18.2322 1.76777 5
    endloop
  endfacet
  facet normal 0.382676 -0.923883 0
    outer loop
      vertex 20 2.5 5
      vertex 18.2322 1.76777 2.5
      vertex 20 2.5 2.5
    endloop
  endfacet
  facet normal 0.923886 -0.382668 0
    outer loop
      vertex 17.5 0 5
      vertex 18.2322 1.76777 2.5
      vertex 18.2322 1.76777 5
    endloop
  endfacet
  facet normal 0.923886 -0.382668 0
    outer loop
      vertex 18.2322 1.76777 2.5
      vertex 17.5 0 5
      vertex 17.5 0 2.5
    endloop
  endfacet
  facet normal 0.382676 0.923883 -0
    outer loop
      vertex 20 -2.5 2.5
      vertex 18.2322 -1.76777 5
      vertex 20 -2.5 5
    endloop
  endfacet
  facet normal 0.382676 0.923883 0
    outer loop
      vertex 18.2322 -1.76777 5
      vertex 20 -2.5 2.5
      vertex 18.2322 -1.76777 2.5
    endloop
  endfacet
  facet normal 0.923886 0.382668 0
    outer loop
      vertex 18.2322 -1.76777 5
      vertex 17.5 0 2.5
      vertex 17.5 0 5
    endloop
  endfacet
  facet normal 0.923886 0.382668 0
    outer loop
      vertex 17.5 0 2.5
      vertex 18.2322 -1.76777 5
      vertex 18.2322 -1.76777 2.5
    endloop
  endfacet
  facet normal 0.923883 0.382676 0
    outer loop
      vertex -1.76777 18.2322 5
      vertex -2.5 20 2.5
      vertex -2.5 20 5
    endloop
  endfacet
  facet normal 0.923883 0.382676 0
    outer loop
      vertex -2.5 20 2.5
      vertex -1.76777 18.2322 5
      vertex -1.76777 18.2322 2.5
    endloop
  endfacet
  facet normal 0.382668 0.923886 -0
    outer loop
      vertex 0 17.5 2.5
      vertex -1.76777 18.2322 5
      vertex 0 17.5 5
    endloop
  endfacet
  facet normal 0.382668 0.923886 0
    outer loop
      vertex -1.76777 18.2322 5
      vertex 0 17.5 2.5
      vertex -1.76777 18.2322 2.5
    endloop
  endfacet
  facet normal -0.923883 0.382676 0
    outer loop
      vertex 1.76777 18.2322 2.5
      vertex 2.5 20 5
      vertex 2.5 20 2.5
    endloop
  endfacet
  facet normal -0.923883 0.382676 0
    outer loop
      vertex 2.5 20 5
      vertex 1.76777 18.2322 2.5
      vertex 1.76777 18.2322 5
    endloop
  endfacet
  facet normal -0.382668 0.923886 0
    outer loop
      vertex 1.76777 18.2322 2.5
      vertex 0 17.5 5
      vertex 1.76777 18.2322 5
    endloop
  endfacet
  facet normal -0.382668 0.923886 0
    outer loop
      vertex 0 17.5 5
      vertex 1.76777 18.2322 2.5
      vertex 0 17.5 2.5
    endloop
  endfacet
  facet normal -0.382676 0.923883 0
    outer loop
      vertex -18.2322 -1.76777 2.5
      vertex -20 -2.5 5
      vertex -18.2322 -1.76777 5
    endloop
  endfacet
  facet normal -0.382676 0.923883 0
    outer loop
      vertex -20 -2.5 5
      vertex -18.2322 -1.76777 2.5
      vertex -20 -2.5 2.5
    endloop
  endfacet
  facet normal -0.923886 0.382668 0
    outer loop
      vertex -18.2322 -1.76777 2.5
      vertex -17.5 0 5
      vertex -17.5 0 2.5
    endloop
  endfacet
  facet normal -0.923886 0.382668 0
    outer loop
      vertex -17.5 0 5
      vertex -18.2322 -1.76777 2.5
      vertex -18.2322 -1.76777 5
    endloop
  endfacet
  facet normal -0.382676 -0.923883 0
    outer loop
      vertex -20 2.5 2.5
      vertex -18.2322 1.76777 5
      vertex -20 2.5 5
    endloop
  endfacet
  facet normal -0.382676 -0.923883 -0
    outer loop
      vertex -18.2322 1.76777 5
      vertex -20 2.5 2.5
      vertex -18.2322 1.76777 2.5
    endloop
  endfacet
  facet normal -0.923886 -0.382668 0
    outer loop
      vertex -17.5 0 2.5
      vertex -18.2322 1.76777 5
      vertex -18.2322 1.76777 2.5
    endloop
  endfacet
  facet normal -0.923886 -0.382668 0
    outer loop
      vertex -18.2322 1.76777 5
      vertex -17.5 0 2.5
      vertex -17.5 0 5
    endloop
  endfacet
  facet normal -0.923883 -0.382676 0
    outer loop
      vertex 2.5 -20 2.5
      vertex 1.76777 -18.2322 5
      vertex 1.76777 -18.2322 2.5
    endloop
  endfacet
  facet normal -0.923883 -0.382676 0
    outer loop
      vertex 1.76777 -18.2322 5
      vertex 2.5 -20 2.5
      vertex 2.5 -20 5
    endloop
  endfacet
  facet normal -0.382668 -0.923886 0
    outer loop
      vertex 0 -17.5 2.5
      vertex 1.76777 -18.2322 5
      vertex 0 -17.5 5
    endloop
  endfacet
  facet normal -0.382668 -0.923886 -0
    outer loop
      vertex 1.76777 -18.2322 5
      vertex 0 -17.5 2.5
      vertex 1.76777 -18.2322 2.5
    endloop
  endfacet
  facet normal 0.923883 -0.382676 0
    outer loop
      vertex -2.5 -20 5
      vertex -1.76777 -18.2322 2.5
      vertex -1.76777 -18.2322 5
    endloop
  endfacet
  facet normal 0.923883 -0.382676 0
    outer loop
      vertex -1.76777 -18.2322 2.5
      vertex -2.5 -20 5
      vertex -2.5 -20 2.5
    endloop
  endfacet
  facet normal 0.382668 -0.923886 0
    outer loop
      vertex -1.76777 -18.2322 2.5
      vertex 0 -17.5 5
      vertex -1.76777 -18.2322 5
    endloop
  endfacet
  facet normal 0.382668 -0.923886 0
    outer loop
      vertex 0 -17.5 5
      vertex -1.76777 -18.2322 2.5
      vertex 0 -17.5 2.5
    endloop
  endfacet
  facet normal -0.40674 -0.913544 0
    outer loop
      vertex -12.5 -21.6506 2.5
      vertex -7.72542 -23.7764 7.5
      vertex -12.5 -21.6506 7.5
    endloop
  endfacet
  facet normal -0.40674 -0.913544 -0
    outer loop
      vertex -7.72542 -23.7764 7.5
      vertex -12.5 -21.6506 2.5
      vertex -7.72542 -23.7764 2.5
    endloop
  endfacet
  facet normal -0.951054 -0.309026 0
    outer loop
      vertex -22.8386 -10.1684 2.5
      vertex -24.4537 -5.19779 7.5
      vertex -24.4537 -5.19779 2.5
    endloop
  endfacet
  facet normal -0.951054 -0.309026 0
    outer loop
      vertex -24.4537 -5.19779 7.5
      vertex -22.8386 -10.1684 2.5
      vertex -22.8386 -10.1684 7.5
    endloop
  endfacet
  facet normal 0.951054 0.309026 0
    outer loop
      vertex 24.4537 5.19779 7.5
      vertex 22.8386 10.1684 2.5
      vertex 22.8386 10.1684 7.5
    endloop
  endfacet
  facet normal 0.951054 0.309026 0
    outer loop
      vertex 22.8386 10.1684 2.5
      vertex 24.4537 5.19779 7.5
      vertex 24.4537 5.19779 2.5
    endloop
  endfacet
  facet normal 0.994522 0.104527 0
    outer loop
      vertex 25 0 7.5
      vertex 24.4537 5.19779 2.5
      vertex 24.4537 5.19779 7.5
    endloop
  endfacet
  facet normal 0.994522 0.104527 0
    outer loop
      vertex 24.4537 5.19779 2.5
      vertex 25 0 7.5
      vertex 25 0 2.5
    endloop
  endfacet
  facet normal 0.866026 0.5 0
    outer loop
      vertex 22.8386 10.1684 7.5
      vertex 20.2254 14.6946 2.5
      vertex 20.2254 14.6946 7.5
    endloop
  endfacet
  facet normal 0.866026 0.5 0
    outer loop
      vertex 20.2254 14.6946 2.5
      vertex 22.8386 10.1684 7.5
      vertex 22.8386 10.1684 2.5
    endloop
  endfacet
  facet normal 0.58778 -0.809021 0
    outer loop
      vertex 12.5 -21.6506 2.5
      vertex 16.7283 -18.5786 7.5
      vertex 12.5 -21.6506 7.5
    endloop
  endfacet
  facet normal 0.58778 -0.809021 0
    outer loop
      vertex 16.7283 -18.5786 7.5
      vertex 12.5 -21.6506 2.5
      vertex 16.7283 -18.5786 2.5
    endloop
  endfacet
  facet normal 0.40674 0.913544 -0
    outer loop
      vertex 12.5 21.6506 2.5
      vertex 7.72542 23.7764 7.5
      vertex 12.5 21.6506 7.5
    endloop
  endfacet
  facet normal 0.40674 0.913544 0
    outer loop
      vertex 7.72542 23.7764 7.5
      vertex 12.5 21.6506 2.5
      vertex 7.72542 23.7764 2.5
    endloop
  endfacet
  facet normal 0.994522 -0.104527 0
    outer loop
      vertex 24.4537 -5.19779 7.5
      vertex 25 0 2.5
      vertex 25 0 7.5
    endloop
  endfacet
  facet normal 0.994522 -0.104527 0
    outer loop
      vertex 25 0 2.5
      vertex 24.4537 -5.19779 7.5
      vertex 24.4537 -5.19779 2.5
    endloop
  endfacet
  facet normal 0.743151 0.669123 0
    outer loop
      vertex 20.2254 14.6946 7.5
      vertex 16.7283 18.5786 2.5
      vertex 16.7283 18.5786 7.5
    endloop
  endfacet
  facet normal 0.743151 0.669123 0
    outer loop
      vertex 16.7283 18.5786 2.5
      vertex 20.2254 14.6946 7.5
      vertex 20.2254 14.6946 2.5
    endloop
  endfacet
  facet normal -0.866026 0.5 0
    outer loop
      vertex -22.8386 10.1684 2.5
      vertex -20.2254 14.6946 7.5
      vertex -20.2254 14.6946 2.5
    endloop
  endfacet
  facet normal -0.866026 0.5 0
    outer loop
      vertex -20.2254 14.6946 7.5
      vertex -22.8386 10.1684 2.5
      vertex -22.8386 10.1684 7.5
    endloop
  endfacet
  facet normal 0.743151 -0.669123 0
    outer loop
      vertex 16.7283 -18.5786 7.5
      vertex 20.2254 -14.6946 2.5
      vertex 20.2254 -14.6946 7.5
    endloop
  endfacet
  facet normal 0.743151 -0.669123 0
    outer loop
      vertex 20.2254 -14.6946 2.5
      vertex 16.7283 -18.5786 7.5
      vertex 16.7283 -18.5786 2.5
    endloop
  endfacet
  facet normal -0.743151 0.669123 0
    outer loop
      vertex -20.2254 14.6946 2.5
      vertex -16.7283 18.5786 7.5
      vertex -16.7283 18.5786 2.5
    endloop
  endfacet
  facet normal -0.743151 0.669123 0
    outer loop
      vertex -16.7283 18.5786 7.5
      vertex -20.2254 14.6946 2.5
      vertex -20.2254 14.6946 7.5
    endloop
  endfacet
  facet normal 0.866026 -0.5 0
    outer loop
      vertex 20.2254 -14.6946 7.5
      vertex 22.8386 -10.1684 2.5
      vertex 22.8386 -10.1684 7.5
    endloop
  endfacet
  facet normal 0.866026 -0.5 0
    outer loop
      vertex 22.8386 -10.1684 2.5
      vertex 20.2254 -14.6946 7.5
      vertex 20.2254 -14.6946 2.5
    endloop
  endfacet
  facet normal -0.58778 0.809021 0
    outer loop
      vertex -12.5 21.6506 2.5
      vertex -16.7283 18.5786 7.5
      vertex -12.5 21.6506 7.5
    endloop
  endfacet
  facet normal -0.58778 0.809021 0
    outer loop
      vertex -16.7283 18.5786 7.5
      vertex -12.5 21.6506 2.5
      vertex -16.7283 18.5786 2.5
    endloop
  endfacet
  facet normal 0 0 1
    outer loop
      vertex -1.76777 -18.2322 7.5
      vertex -18.2322 -1.76777 7.5
      vertex -16.7283 -18.5786 7.5
    endloop
  endfacet
  facet normal 0 0 1
    outer loop
      vertex -22.8386 -10.1684 7.5
      vertex -18.2322 -1.76777 7.5
      vertex -20 -2.5 7.5
    endloop
  endfacet
  facet normal 0 0 1
    outer loop
      vertex -18.2322 -1.76777 7.5
      vertex -20.2254 -14.6946 7.5
      vertex -16.7283 -18.5786 7.5
    endloop
  endfacet
  facet normal 0 0 1
    outer loop
      vertex -24.4537 -5.19779 7.5
      vertex -20 -2.5 7.5
      vertex -21.7678 -1.76777 7.5
    endloop
  endfacet
  facet normal -0 0 1
    outer loop
      vertex -25 0 7.5
      vertex -21.7678 -1.76777 7.5
      vertex -22.5 0 7.5
    endloop
  endfacet
  facet normal 0 0 1
    outer loop
      vertex -18.2322 -1.76777 7.5
      vertex -22.8386 -10.1684 7.5
      vertex -20.2254 -14.6946 7.5
    endloop
  endfacet
  facet normal 0 0 1
    outer loop
      vertex -25 0 7.5
      vertex -21.7678 1.76777 7.5
      vertex -24.4537 5.19779 7.5
    endloop
  endfacet
  facet normal 0 0 1
    outer loop
      vertex -21.7678 1.76777 7.5
      vertex -25 0 7.5
      vertex -22.5 0 7.5
    endloop
  endfacet
  facet normal 0 0 1
    outer loop
      vertex -20 -2.5 7.5
      vertex -24.4537 -5.19779 7.5
      vertex -22.8386 -10.1684 7.5
    endloop
  endfacet
  facet normal 0 0 1
    outer loop
      vertex -21.7678 -1.76777 7.5
      vertex -25 0 7.5
      vertex -24.4537 -5.19779 7.5
    endloop
  endfacet
  facet normal -0 0 1
    outer loop
      vertex 0 17.5 7.5
      vertex 17.5 0 7.5
      vertex 1.76777 18.2322 7.5
    endloop
  endfacet
  facet normal 0 0 1
    outer loop
      vertex 17.5 0 7.5
      vertex 1.76777 -18.2322 7.5
      vertex 2.5 -20 7.5
    endloop
  endfacet
  facet normal 0 0 1
    outer loop
      vertex 0 -17.5 7.5
      vertex 17.5 0 7.5
      vertex 0 17.5 7.5
    endloop
  endfacet
  facet normal 0 0 1
    outer loop
      vertex 17.5 0 7.5
      vertex 0 -17.5 7.5
      vertex 1.76777 -18.2322 7.5
    endloop
  endfacet
  facet normal 0 0 1
    outer loop
      vertex -17.5 0 7.5
      vertex 0 17.5 7.5
      vertex -1.76777 18.2322 7.5
    endloop
  endfacet
  facet normal 0 0 1
    outer loop
      vertex 0 17.5 7.5
      vertex -17.5 0 7.5
      vertex 0 -17.5 7.5
    endloop
  endfacet
  facet normal 0 0 1
    outer loop
      vertex -17.5 0 7.5
      vertex -1.76777 18.2322 7.5
      vertex -2.5 20 7.5
    endloop
  endfacet
  facet normal 0 0 1
    outer loop
      vertex 0 -17.5 7.5
      vertex -17.5 0 7.5
      vertex -1.76777 -18.2322 7.5
    endloop
  endfacet
  facet normal -0 0 1
    outer loop
      vertex 1.76777 -21.7678 7.5
      vertex 7.72542 -23.7764 7.5
      vertex 2.5 -20 7.5
    endloop
  endfacet
  facet normal 0 0 1
    outer loop
      vertex 7.72542 -23.7764 7.5
      vertex 1.76777 -21.7678 7.5
      vertex 2.61321 -24.863 7.5
    endloop
  endfacet
  facet normal -0 0 1
    outer loop
      vertex 0 -22.5 7.5
      vertex 2.61321 -24.863 7.5
      vertex 1.76777 -21.7678 7.5
    endloop
  endfacet
  facet normal 0 0 1
    outer loop
      vertex -2.61321 -24.863 7.5
      vertex 0 -22.5 7.5
      vertex -1.76777 -21.7678 7.5
    endloop
  endfacet
  facet normal 0 0 1
    outer loop
      vertex 0 -22.5 7.5
      vertex -2.61321 -24.863 7.5
      vertex 2.61321 -24.863 7.5
    endloop
  endfacet
  facet normal 0 0 1
    outer loop
      vertex -7.72542 -23.7764 7.5
      vertex -1.76777 -21.7678 7.5
      vertex -2.5 -20 7.5
    endloop
  endfacet
  facet normal -0 0 1
    outer loop
      vertex -18.2322 -1.76777 7.5
      vertex -1.76777 -18.2322 7.5
      vertex -17.5 0 7.5
    endloop
  endfacet
  facet normal 0 0 1
    outer loop
      vertex -17.5 0 7.5
      vertex -2.61321 24.863 7.5
      vertex -7.72542 23.7764 7.5
    endloop
  endfacet
  facet normal 0 -0 1
    outer loop
      vertex -12.5 -21.6506 7.5
      vertex -1.76777 -18.2322 7.5
      vertex -16.7283 -18.5786 7.5
    endloop
  endfacet
  facet normal 0 0 1
    outer loop
      vertex -18.2322 1.76777 7.5
      vertex -7.72542 23.7764 7.5
      vertex -12.5 21.6506 7.5
    endloop
  endfacet
  facet normal 0 0 1
    outer loop
      vertex -1.76777 -21.7678 7.5
      vertex -7.72542 -23.7764 7.5
      vertex -2.61321 -24.863 7.5
    endloop
  endfacet
  facet normal 0 0 1
    outer loop
      vertex -18.2322 1.76777 7.5
      vertex -12.5 21.6506 7.5
      vertex -16.7283 18.5786 7.5
    endloop
  endfacet
  facet normal 0 0 1
    outer loop
      vertex -2.5 -20 7.5
      vertex -12.5 -21.6506 7.5
      vertex -7.72542 -23.7764 7.5
    endloop
  endfacet
  facet normal 0 0 1
    outer loop
      vertex -1.76777 -18.2322 7.5
      vertex -12.5 -21.6506 7.5
      vertex -2.5 -20 7.5
    endloop
  endfacet
  facet normal 0 0 1
    outer loop
      vertex -7.72542 23.7764 7.5
      vertex -18.2322 1.76777 7.5
      vertex -17.5 0 7.5
    endloop
  endfacet
  facet normal -0 0 1
    outer loop
      vertex -20.2254 14.6946 7.5
      vertex -18.2322 1.76777 7.5
      vertex -16.7283 18.5786 7.5
    endloop
  endfacet
  facet normal -0 0 1
    outer loop
      vertex -22.8386 10.1684 7.5
      vertex -18.2322 1.76777 7.5
      vertex -20.2254 14.6946 7.5
    endloop
  endfacet
  facet normal 0 0 1
    outer loop
      vertex -18.2322 1.76777 7.5
      vertex -22.8386 10.1684 7.5
      vertex -20 2.5 7.5
    endloop
  endfacet
  facet normal -0 0 1
    outer loop
      vertex -24.4537 5.19779 7.5
      vertex -20 2.5 7.5
      vertex -22.8386 10.1684 7.5
    endloop
  endfacet
  facet normal 0 0 1
    outer loop
      vertex -20 2.5 7.5
      vertex -24.4537 5.19779 7.5
      vertex -21.7678 1.76777 7.5
    endloop
  endfacet
  facet normal -0 0 1
    outer loop
      vertex 21.7678 1.76777 7.5
      vertex 25 0 7.5
      vertex 24.4537 5.19779 7.5
    endloop
  endfacet
  facet normal 0 0 1
    outer loop
      vertex 20 2.5 7.5
      vertex 24.4537 5.19779 7.5
      vertex 22.8386 10.1684 7.5
    endloop
  endfacet
  facet normal 0 0 1
    outer loop
      vertex 21.7678 -1.76777 7.5
      vertex 25 0 7.5
      vertex 22.5 0 7.5
    endloop
  endfacet
  facet normal 0 0 1
    outer loop
      vertex 25 0 7.5
      vertex 21.7678 -1.76777 7.5
      vertex 24.4537 -5.19779 7.5
    endloop
  endfacet
  facet normal 0 0 1
    outer loop
      vertex 25 0 7.5
      vertex 21.7678 1.76777 7.5
      vertex 22.5 0 7.5
    endloop
  endfacet
  facet normal 0 0 1
    outer loop
      vertex 18.2322 1.76777 7.5
      vertex 22.8386 10.1684 7.5
      vertex 20.2254 14.6946 7.5
    endloop
  endfacet
  facet normal 0 0 1
    outer loop
      vertex 24.4537 5.19779 7.5
      vertex 20 2.5 7.5
      vertex 21.7678 1.76777 7.5
    endloop
  endfacet
  facet normal 0 0 1
    outer loop
      vertex 22.8386 10.1684 7.5
      vertex 18.2322 1.76777 7.5
      vertex 20 2.5 7.5
    endloop
  endfacet
  facet normal 0 0 1
    outer loop
      vertex 16.7283 18.5786 7.5
      vertex 18.2322 1.76777 7.5
      vertex 20.2254 14.6946 7.5
    endloop
  endfacet
  facet normal 0 0 1
    outer loop
      vertex 12.5 21.6506 7.5
      vertex 1.76777 18.2322 7.5
      vertex 16.7283 18.5786 7.5
    endloop
  endfacet
  facet normal -0 0 1
    outer loop
      vertex 20 -2.5 7.5
      vertex 24.4537 -5.19779 7.5
      vertex 21.7678 -1.76777 7.5
    endloop
  endfacet
  facet normal 0 0 1
    outer loop
      vertex 24.4537 -5.19779 7.5
      vertex 20 -2.5 7.5
      vertex 22.8386 -10.1684 7.5
    endloop
  endfacet
  facet normal 0 0 1
    outer loop
      vertex 18.2322 -1.76777 7.5
      vertex 22.8386 -10.1684 7.5
      vertex 20 -2.5 7.5
    endloop
  endfacet
  facet normal 0 0 1
    outer loop
      vertex 22.8386 -10.1684 7.5
      vertex 18.2322 -1.76777 7.5
      vertex 20.2254 -14.6946 7.5
    endloop
  endfacet
  facet normal 0 0 1
    outer loop
      vertex 2.5 -20 7.5
      vertex 18.2322 -1.76777 7.5
      vertex 17.5 0 7.5
    endloop
  endfacet
  facet normal 0 0 1
    outer loop
      vertex 18.2322 -1.76777 7.5
      vertex 16.7283 -18.5786 7.5
      vertex 20.2254 -14.6946 7.5
    endloop
  endfacet
  facet normal 0 0 1
    outer loop
      vertex 16.7283 18.5786 7.5
      vertex 1.76777 18.2322 7.5
      vertex 18.2322 1.76777 7.5
    endloop
  endfacet
  facet normal 0 0 1
    outer loop
      vertex 1.76777 18.2322 7.5
      vertex 12.5 21.6506 7.5
      vertex 2.5 20 7.5
    endloop
  endfacet
  facet normal 0 0 1
    outer loop
      vertex 18.2322 1.76777 7.5
      vertex 1.76777 18.2322 7.5
      vertex 17.5 0 7.5
    endloop
  endfacet
  facet normal 0 0 1
    outer loop
      vertex 2.5 20 7.5
      vertex 12.5 21.6506 7.5
      vertex 7.72542 23.7764 7.5
    endloop
  endfacet
  facet normal 0 0 1
    outer loop
      vertex 2.5 -20 7.5
      vertex 16.7283 -18.5786 7.5
      vertex 18.2322 -1.76777 7.5
    endloop
  endfacet
  facet normal 0 0 1
    outer loop
      vertex 1.76777 21.7678 7.5
      vertex 7.72542 23.7764 7.5
      vertex 2.61321 24.863 7.5
    endloop
  endfacet
  facet normal 0 0 1
    outer loop
      vertex 16.7283 -18.5786 7.5
      vertex 2.5 -20 7.5
      vertex 12.5 -21.6506 7.5
    endloop
  endfacet
  facet normal 0 0 1
    outer loop
      vertex 12.5 -21.6506 7.5
      vertex 2.5 -20 7.5
      vertex 7.72542 -23.7764 7.5
    endloop
  endfacet
  facet normal 0 0 1
    outer loop
      vertex 7.72542 23.7764 7.5
      vertex 1.76777 21.7678 7.5
      vertex 2.5 20 7.5
    endloop
  endfacet
  facet normal 0 0 1
    outer loop
      vertex 2.61321 24.863 7.5
      vertex 0 22.5 7.5
      vertex 1.76777 21.7678 7.5
    endloop
  endfacet
  facet normal -0 0 1
    outer loop
      vertex -2.61321 24.863 7.5
      vertex 0 22.5 7.5
      vertex 2.61321 24.863 7.5
    endloop
  endfacet
  facet normal 0 0 1
    outer loop
      vertex -17.5 0 7.5
      vertex -2.5 20 7.5
      vertex -2.61321 24.863 7.5
    endloop
  endfacet
  facet normal 0 0 1
    outer loop
      vertex -1.76777 21.7678 7.5
      vertex -2.61321 24.863 7.5
      vertex -2.5 20 7.5
    endloop
  endfacet
  facet normal 0 0 1
    outer loop
      vertex 0 22.5 7.5
      vertex -2.61321 24.863 7.5
      vertex -1.76777 21.7678 7.5
    endloop
  endfacet
  facet normal 0.951054 -0.309026 0
    outer loop
      vertex 22.8386 -10.1684 7.5
      vertex 24.4537 -5.19779 2.5
      vertex 24.4537 -5.19779 7.5
    endloop
  endfacet
  facet normal 0.951054 -0.309026 0
    outer loop
      vertex 24.4537 -5.19779 2.5
      vertex 22.8386 -10.1684 7.5
      vertex 22.8386 -10.1684 2.5
    endloop
  endfacet
  facet normal 0 1 -0
    outer loop
      vertex 2.61321 24.863 2.5
      vertex -2.61321 24.863 7.5
      vertex 2.61321 24.863 7.5
    endloop
  endfacet
  facet normal 0 1 0
    outer loop
      vertex -2.61321 24.863 7.5
      vertex 2.61321 24.863 2.5
      vertex -2.61321 24.863 2.5
    endloop
  endfacet
  facet normal -0.58778 -0.809021 0
    outer loop
      vertex -16.7283 -18.5786 2.5
      vertex -12.5 -21.6506 7.5
      vertex -16.7283 -18.5786 7.5
    endloop
  endfacet
  facet normal -0.58778 -0.809021 -0
    outer loop
      vertex -12.5 -21.6506 7.5
      vertex -16.7283 -18.5786 2.5
      vertex -12.5 -21.6506 2.5
    endloop
  endfacet
  facet normal 0 0 -1
    outer loop
      vertex -20.2254 14.6946 2.5
      vertex -6.49519 3.75 2.5
      vertex -18.2322 1.76777 2.5
    endloop
  endfacet
  facet normal 0 0 -1
    outer loop
      vertex -22.8386 10.1684 2.5
      vertex -18.2322 1.76777 2.5
      vertex -20 2.5 2.5
    endloop
  endfacet
  facet normal 0 0 -1
    outer loop
      vertex -6.49519 3.75 2.5
      vertex -20.2254 14.6946 2.5
      vertex -16.7283 18.5786 2.5
    endloop
  endfacet
  facet normal 0 0 -1
    outer loop
      vertex -24.4537 5.19779 2.5
      vertex -20 2.5 2.5
      vertex -21.7678 1.76777 2.5
    endloop
  endfacet
  facet normal 0 0 -1
    outer loop
      vertex -25 0 2.5
      vertex -21.7678 1.76777 2.5
      vertex -22.5 0 2.5
    endloop
  endfacet
  facet normal 0 0 -1
    outer loop
      vertex -18.2322 1.76777 2.5
      vertex -22.8386 10.1684 2.5
      vertex -20.2254 14.6946 2.5
    endloop
  endfacet
  facet normal 0 0 -1
    outer loop
      vertex -25 0 2.5
      vertex -21.7678 -1.76777 2.5
      vertex -24.4537 -5.19779 2.5
    endloop
  endfacet
  facet normal 0 0 -1
    outer loop
      vertex -21.7678 -1.76777 2.5
      vertex -25 0 2.5
      vertex -22.5 0 2.5
    endloop
  endfacet
  facet normal 0 0 -1
    outer loop
      vertex -20 2.5 2.5
      vertex -24.4537 5.19779 2.5
      vertex -22.8386 10.1684 2.5
    endloop
  endfacet
  facet normal -0 0 -1
    outer loop
      vertex -21.7678 1.76777 2.5
      vertex -25 0 2.5
      vertex -24.4537 5.19779 2.5
    endloop
  endfacet
  facet normal 0 0 -1
    outer loop
      vertex 7.72542 -23.7764 2.5
      vertex 1.76777 -21.7678 2.5
      vertex 2.5 -20 2.5
    endloop
  endfacet
  facet normal 0 0 -1
    outer loop
      vertex 2.61321 -24.863 2.5
      vertex 0 -22.5 2.5
      vertex 1.76777 -21.7678 2.5
    endloop
  endfacet
  facet normal 0 0 -1
    outer loop
      vertex -2.61321 -24.863 2.5
      vertex 0 -22.5 2.5
      vertex 2.61321 -24.863 2.5
    endloop
  endfacet
  facet normal 0 0 -1
    outer loop
      vertex -7.72542 -23.7764 2.5
      vertex -1.76777 -21.7678 2.5
      vertex -2.61321 -24.863 2.5
    endloop
  endfacet
  facet normal -0 0 -1
    outer loop
      vertex 0 -22.5 2.5
      vertex -2.61321 -24.863 2.5
      vertex -1.76777 -21.7678 2.5
    endloop
  endfacet
  facet normal -0 0 -1
    outer loop
      vertex 20.2254 14.6946 2.5
      vertex 5.3033 5.3033 2.5
      vertex 16.7283 18.5786 2.5
    endloop
  endfacet
  facet normal 0 0 -1
    outer loop
      vertex 3.75 6.49519 2.5
      vertex 16.7283 18.5786 2.5
      vertex 5.3033 5.3033 2.5
    endloop
  endfacet
  facet normal -0 0 -1
    outer loop
      vertex 16.7283 18.5786 2.5
      vertex 3.75 6.49519 2.5
      vertex 12.5 21.6506 2.5
    endloop
  endfacet
  facet normal 0 0 -1
    outer loop
      vertex 12.5 21.6506 2.5
      vertex 3.75 6.49519 2.5
      vertex 1.76777 18.2322 2.5
    endloop
  endfacet
  facet normal 0 -0 -1
    outer loop
      vertex 2.5 20 2.5
      vertex 12.5 21.6506 2.5
      vertex 1.76777 18.2322 2.5
    endloop
  endfacet
  facet normal 0 0 -1
    outer loop
      vertex 1.76777 21.7678 2.5
      vertex 7.72542 23.7764 2.5
      vertex 2.5 20 2.5
    endloop
  endfacet
  facet normal 0 0 -1
    outer loop
      vertex 1.76777 18.2322 2.5
      vertex 3.75 6.49519 2.5
      vertex 1.94114 7.24444 2.5
    endloop
  endfacet
  facet normal -0 0 -1
    outer loop
      vertex 12.5 21.6506 2.5
      vertex 2.5 20 2.5
      vertex 7.72542 23.7764 2.5
    endloop
  endfacet
  facet normal 0 0 -1
    outer loop
      vertex 0 17.5 2.5
      vertex 1.94114 7.24444 2.5
      vertex 0 7.5 2.5
    endloop
  endfacet
  facet normal 0 0 -1
    outer loop
      vertex 1.94114 7.24444 2.5
      vertex 0 17.5 2.5
      vertex 1.76777 18.2322 2.5
    endloop
  endfacet
  facet normal 0 0 -1
    outer loop
      vertex -1.94114 7.24444 2.5
      vertex 0 17.5 2.5
      vertex 0 7.5 2.5
    endloop
  endfacet
  facet normal -0 0 -1
    outer loop
      vertex 0 17.5 2.5
      vertex -1.94114 7.24444 2.5
      vertex -1.76777 18.2322 2.5
    endloop
  endfacet
  facet normal 0 0 -1
    outer loop
      vertex -3.75 6.49519 2.5
      vertex -1.76777 18.2322 2.5
      vertex -1.94114 7.24444 2.5
    endloop
  endfacet
  facet normal 0 0 -1
    outer loop
      vertex -12.5 21.6506 2.5
      vertex -1.76777 18.2322 2.5
      vertex -3.75 6.49519 2.5
    endloop
  endfacet
  facet normal 0 0 -1
    outer loop
      vertex -1.76777 18.2322 2.5
      vertex -12.5 21.6506 2.5
      vertex -2.5 20 2.5
    endloop
  endfacet
  facet normal 0 0 -1
    outer loop
      vertex -16.7283 18.5786 2.5
      vertex -3.75 6.49519 2.5
      vertex -5.3033 5.3033 2.5
    endloop
  endfacet
  facet normal 0 0 -1
    outer loop
      vertex -16.7283 18.5786 2.5
      vertex -5.3033 5.3033 2.5
      vertex -6.49519 3.75 2.5
    endloop
  endfacet
  facet normal 0 0 -1
    outer loop
      vertex -18.2322 1.76777 2.5
      vertex -7.24444 1.94114 2.5
      vertex -17.5 0 2.5
    endloop
  endfacet
  facet normal 0 0 -1
    outer loop
      vertex -2.5 20 2.5
      vertex -7.72542 23.7764 2.5
      vertex -2.61321 24.863 2.5
    endloop
  endfacet
  facet normal 0 0 -1
    outer loop
      vertex -17.5 0 2.5
      vertex -7.24444 1.94114 2.5
      vertex -7.5 0 2.5
    endloop
  endfacet
  facet normal -0 0 -1
    outer loop
      vertex -5.3033 -5.3033 2.5
      vertex -20.2254 -14.6946 2.5
      vertex -6.49519 -3.75 2.5
    endloop
  endfacet
  facet normal 0 -0 -1
    outer loop
      vertex -18.2322 -1.76777 2.5
      vertex -6.49519 -3.75 2.5
      vertex -20.2254 -14.6946 2.5
    endloop
  endfacet
  facet normal -0 0 -1
    outer loop
      vertex -7.24444 1.94114 2.5
      vertex -18.2322 1.76777 2.5
      vertex -6.49519 3.75 2.5
    endloop
  endfacet
  facet normal 0 0 -1
    outer loop
      vertex -6.49519 -3.75 2.5
      vertex -18.2322 -1.76777 2.5
      vertex -7.24444 -1.94114 2.5
    endloop
  endfacet
  facet normal 0 0 -1
    outer loop
      vertex -2.5 20 2.5
      vertex -12.5 21.6506 2.5
      vertex -7.72542 23.7764 2.5
    endloop
  endfacet
  facet normal 0 0 -1
    outer loop
      vertex -3.75 6.49519 2.5
      vertex -16.7283 18.5786 2.5
      vertex -12.5 21.6506 2.5
    endloop
  endfacet
  facet normal 0 0 -1
    outer loop
      vertex -7.24444 -1.94114 2.5
      vertex -17.5 0 2.5
      vertex -7.5 0 2.5
    endloop
  endfacet
  facet normal 0 -0 -1
    outer loop
      vertex -17.5 0 2.5
      vertex -7.24444 -1.94114 2.5
      vertex -18.2322 -1.76777 2.5
    endloop
  endfacet
  facet normal 0 0 -1
    outer loop
      vertex -22.8386 -10.1684 2.5
      vertex -18.2322 -1.76777 2.5
      vertex -20.2254 -14.6946 2.5
    endloop
  endfacet
  facet normal 0 0 -1
    outer loop
      vertex -18.2322 -1.76777 2.5
      vertex -22.8386 -10.1684 2.5
      vertex -20 -2.5 2.5
    endloop
  endfacet
  facet normal 0 0 -1
    outer loop
      vertex -24.4537 -5.19779 2.5
      vertex -20 -2.5 2.5
      vertex -22.8386 -10.1684 2.5
    endloop
  endfacet
  facet normal -0 0 -1
    outer loop
      vertex -20 -2.5 2.5
      vertex -24.4537 -5.19779 2.5
      vertex -21.7678 -1.76777 2.5
    endloop
  endfacet
  facet normal -0 0 -1
    outer loop
      vertex 7.72542 23.7764 2.5
      vertex 1.76777 21.7678 2.5
      vertex 2.61321 24.863 2.5
    endloop
  endfacet
  facet normal 0 0 -1
    outer loop
      vertex 0 22.5 2.5
      vertex 2.61321 24.863 2.5
      vertex 1.76777 21.7678 2.5
    endloop
  endfacet
  facet normal 0 0 -1
    outer loop
      vertex -2.61321 24.863 2.5
      vertex 0 22.5 2.5
      vertex -1.76777 21.7678 2.5
    endloop
  endfacet
  facet normal 0 0 -1
    outer loop
      vertex 0 22.5 2.5
      vertex -2.61321 24.863 2.5
      vertex 2.61321 24.863 2.5
    endloop
  endfacet
  facet normal 0 0 -1
    outer loop
      vertex -2.61321 24.863 2.5
      vertex -1.76777 21.7678 2.5
      vertex -2.5 20 2.5
    endloop
  endfacet
  facet normal 0 0 -1
    outer loop
      vertex 21.7678 -1.76777 2.5
      vertex 25 0 2.5
      vertex 24.4537 -5.19779 2.5
    endloop
  endfacet
  facet normal 0 0 -1
    outer loop
      vertex 20 -2.5 2.5
      vertex 24.4537 -5.19779 2.5
      vertex 22.8386 -10.1684 2.5
    endloop
  endfacet
  facet normal 0 0 -1
    outer loop
      vertex 21.7678 1.76777 2.5
      vertex 25 0 2.5
      vertex 22.5 0 2.5
    endloop
  endfacet
  facet normal 0 0 -1
    outer loop
      vertex 25 0 2.5
      vertex 21.7678 1.76777 2.5
      vertex 24.4537 5.19779 2.5
    endloop
  endfacet
  facet normal -0 0 -1
    outer loop
      vertex 25 0 2.5
      vertex 21.7678 -1.76777 2.5
      vertex 22.5 0 2.5
    endloop
  endfacet
  facet normal 0 0 -1
    outer loop
      vertex 18.2322 -1.76777 2.5
      vertex 22.8386 -10.1684 2.5
      vertex 20.2254 -14.6946 2.5
    endloop
  endfacet
  facet normal 0 0 -1
    outer loop
      vertex 24.4537 -5.19779 2.5
      vertex 20 -2.5 2.5
      vertex 21.7678 -1.76777 2.5
    endloop
  endfacet
  facet normal 0 0 -1
    outer loop
      vertex 22.8386 -10.1684 2.5
      vertex 18.2322 -1.76777 2.5
      vertex 20 -2.5 2.5
    endloop
  endfacet
  facet normal 0 0 -1
    outer loop
      vertex 6.49519 -3.75 2.5
      vertex 18.2322 -1.76777 2.5
      vertex 20.2254 -14.6946 2.5
    endloop
  endfacet
  facet normal 0 0 -1
    outer loop
      vertex 5.3033 -5.3033 2.5
      vertex 20.2254 -14.6946 2.5
      vertex 16.7283 -18.5786 2.5
    endloop
  endfacet
  facet normal 0 0 -1
    outer loop
      vertex 20 2.5 2.5
      vertex 24.4537 5.19779 2.5
      vertex 21.7678 1.76777 2.5
    endloop
  endfacet
  facet normal -0 0 -1
    outer loop
      vertex 24.4537 5.19779 2.5
      vertex 20 2.5 2.5
      vertex 22.8386 10.1684 2.5
    endloop
  endfacet
  facet normal 0 0 -1
    outer loop
      vertex 18.2322 1.76777 2.5
      vertex 22.8386 10.1684 2.5
      vertex 20 2.5 2.5
    endloop
  endfacet
  facet normal -0 0 -1
    outer loop
      vertex 22.8386 10.1684 2.5
      vertex 18.2322 1.76777 2.5
      vertex 20.2254 14.6946 2.5
    endloop
  endfacet
  facet normal 0 0 -1
    outer loop
      vertex 7.24444 1.94114 2.5
      vertex 17.5 0 2.5
      vertex 7.5 0 2.5
    endloop
  endfacet
  facet normal 0 0 -1
    outer loop
      vertex 17.5 0 2.5
      vertex 7.24444 1.94114 2.5
      vertex 18.2322 1.76777 2.5
    endloop
  endfacet
  facet normal 0 -0 -1
    outer loop
      vertex 7.24444 -1.94114 2.5
      vertex 18.2322 -1.76777 2.5
      vertex 6.49519 -3.75 2.5
    endloop
  endfacet
  facet normal 0 0 -1
    outer loop
      vertex 3.75 -6.49519 2.5
      vertex 16.7283 -18.5786 2.5
      vertex 12.5 -21.6506 2.5
    endloop
  endfacet
  facet normal 0 0 -1
    outer loop
      vertex 6.49519 3.75 2.5
      vertex 18.2322 1.76777 2.5
      vertex 7.24444 1.94114 2.5
    endloop
  endfacet
  facet normal 0 0 -1
    outer loop
      vertex 2.5 -20 2.5
      vertex 12.5 -21.6506 2.5
      vertex 7.72542 -23.7764 2.5
    endloop
  endfacet
  facet normal 0 0 -1
    outer loop
      vertex 18.2322 1.76777 2.5
      vertex 6.49519 3.75 2.5
      vertex 20.2254 14.6946 2.5
    endloop
  endfacet
  facet normal 0 0 -1
    outer loop
      vertex 5.3033 5.3033 2.5
      vertex 20.2254 14.6946 2.5
      vertex 6.49519 3.75 2.5
    endloop
  endfacet
  facet normal -0 0 -1
    outer loop
      vertex 17.5 0 2.5
      vertex 7.24444 -1.94114 2.5
      vertex 7.5 0 2.5
    endloop
  endfacet
  facet normal -0 0 -1
    outer loop
      vertex 18.2322 -1.76777 2.5
      vertex 7.24444 -1.94114 2.5
      vertex 17.5 0 2.5
    endloop
  endfacet
  facet normal 0 0 -1
    outer loop
      vertex 20.2254 -14.6946 2.5
      vertex 5.3033 -5.3033 2.5
      vertex 6.49519 -3.75 2.5
    endloop
  endfacet
  facet normal 0 -0 -1
    outer loop
      vertex 3.75 -6.49519 2.5
      vertex 12.5 -21.6506 2.5
      vertex 1.76777 -18.2322 2.5
    endloop
  endfacet
  facet normal 0 0 -1
    outer loop
      vertex 1.76777 -21.7678 2.5
      vertex 7.72542 -23.7764 2.5
      vertex 2.61321 -24.863 2.5
    endloop
  endfacet
  facet normal 0 0 -1
    outer loop
      vertex 12.5 -21.6506 2.5
      vertex 2.5 -20 2.5
      vertex 1.76777 -18.2322 2.5
    endloop
  endfacet
  facet normal 0 0 -1
    outer loop
      vertex 16.7283 -18.5786 2.5
      vertex 3.75 -6.49519 2.5
      vertex 5.3033 -5.3033 2.5
    endloop
  endfacet
  facet normal 0 0 -1
    outer loop
      vertex 3.75 -6.49519 2.5
      vertex 1.76777 -18.2322 2.5
      vertex 1.94114 -7.24444 2.5
    endloop
  endfacet
  facet normal 0 0 -1
    outer loop
      vertex 0 -17.5 2.5
      vertex 1.94114 -7.24444 2.5
      vertex 1.76777 -18.2322 2.5
    endloop
  endfacet
  facet normal 0 0 -1
    outer loop
      vertex 0 -17.5 2.5
      vertex 0 -7.5 2.5
      vertex 1.94114 -7.24444 2.5
    endloop
  endfacet
  facet normal 0 0 -1
    outer loop
      vertex -1.94114 -7.24444 2.5
      vertex 0 -17.5 2.5
      vertex -1.76777 -18.2322 2.5
    endloop
  endfacet
  facet normal 0 0 -1
    outer loop
      vertex 0 -17.5 2.5
      vertex -1.94114 -7.24444 2.5
      vertex 0 -7.5 2.5
    endloop
  endfacet
  facet normal 0 0 -1
    outer loop
      vertex -12.5 -21.6506 2.5
      vertex -2.5 -20 2.5
      vertex -7.72542 -23.7764 2.5
    endloop
  endfacet
  facet normal 0 0 -1
    outer loop
      vertex -1.76777 -18.2322 2.5
      vertex -3.75 -6.49519 2.5
      vertex -1.94114 -7.24444 2.5
    endloop
  endfacet
  facet normal -0 0 -1
    outer loop
      vertex -1.76777 -21.7678 2.5
      vertex -7.72542 -23.7764 2.5
      vertex -2.5 -20 2.5
    endloop
  endfacet
  facet normal -0 0 -1
    outer loop
      vertex -2.5 -20 2.5
      vertex -12.5 -21.6506 2.5
      vertex -1.76777 -18.2322 2.5
    endloop
  endfacet
  facet normal 0 0 -1
    outer loop
      vertex -12.5 -21.6506 2.5
      vertex -3.75 -6.49519 2.5
      vertex -1.76777 -18.2322 2.5
    endloop
  endfacet
  facet normal 0 0 -1
    outer loop
      vertex -16.7283 -18.5786 2.5
      vertex -3.75 -6.49519 2.5
      vertex -12.5 -21.6506 2.5
    endloop
  endfacet
  facet normal 0 0 -1
    outer loop
      vertex -20.2254 -14.6946 2.5
      vertex -5.3033 -5.3033 2.5
      vertex -16.7283 -18.5786 2.5
    endloop
  endfacet
  facet normal -0 0 -1
    outer loop
      vertex -3.75 -6.49519 2.5
      vertex -16.7283 -18.5786 2.5
      vertex -5.3033 -5.3033 2.5
    endloop
  endfacet
  facet normal -0.40674 0.913544 0
    outer loop
      vertex -7.72542 23.7764 2.5
      vertex -12.5 21.6506 7.5
      vertex -7.72542 23.7764 7.5
    endloop
  endfacet
  facet normal -0.40674 0.913544 0
    outer loop
      vertex -12.5 21.6506 7.5
      vertex -7.72542 23.7764 2.5
      vertex -12.5 21.6506 2.5
    endloop
  endfacet
  facet normal -0.994522 -0.104527 0
    outer loop
      vertex -24.4537 -5.19779 2.5
      vertex -25 0 7.5
      vertex -25 0 2.5
    endloop
  endfacet
  facet normal -0.994522 -0.104527 0
    outer loop
      vertex -25 0 7.5
      vertex -24.4537 -5.19779 2.5
      vertex -24.4537 -5.19779 7.5
    endloop
  endfacet
  facet normal -0.743151 -0.669123 0
    outer loop
      vertex -16.7283 -18.5786 2.5
      vertex -20.2254 -14.6946 7.5
      vertex -20.2254 -14.6946 2.5
    endloop
  endfacet
  facet normal -0.743151 -0.669123 0
    outer loop
      vertex -20.2254 -14.6946 7.5
      vertex -16.7283 -18.5786 2.5
      vertex -16.7283 -18.5786 7.5
    endloop
  endfacet
  facet normal -0.866026 -0.5 0
    outer loop
      vertex -20.2254 -14.6946 2.5
      vertex -22.8386 -10.1684 7.5
      vertex -22.8386 -10.1684 2.5
    endloop
  endfacet
  facet normal -0.866026 -0.5 0
    outer loop
      vertex -22.8386 -10.1684 7.5
      vertex -20.2254 -14.6946 2.5
      vertex -20.2254 -14.6946 7.5
    endloop
  endfacet
  facet normal 0.207906 -0.978149 0
    outer loop
      vertex 2.61321 -24.863 2.5
      vertex 7.72542 -23.7764 7.5
      vertex 2.61321 -24.863 7.5
    endloop
  endfacet
  facet normal 0.207906 -0.978149 0
    outer loop
      vertex 7.72542 -23.7764 7.5
      vertex 2.61321 -24.863 2.5
      vertex 7.72542 -23.7764 2.5
    endloop
  endfacet
  facet normal -0.994522 0.104527 0
    outer loop
      vertex -25 0 2.5
      vertex -24.4537 5.19779 7.5
      vertex -24.4537 5.19779 2.5
    endloop
  endfacet
  facet normal -0.994522 0.104527 0
    outer loop
      vertex -24.4537 5.19779 7.5
      vertex -25 0 2.5
      vertex -25 0 7.5
    endloop
  endfacet
  facet normal 0.207906 0.978149 -0
    outer loop
      vertex 7.72542 23.7764 2.5
      vertex 2.61321 24.863 7.5
      vertex 7.72542 23.7764 7.5
    endloop
  endfacet
  facet normal 0.207906 0.978149 0
    outer loop
      vertex 2.61321 24.863 7.5
      vertex 7.72542 23.7764 2.5
      vertex 2.61321 24.863 2.5
    endloop
  endfacet
  facet normal 0.58778 0.809021 -0
    outer loop
      vertex 16.7283 18.5786 2.5
      vertex 12.5 21.6506 7.5
      vertex 16.7283 18.5786 7.5
    endloop
  endfacet
  facet normal 0.58778 0.809021 0
    outer loop
      vertex 12.5 21.6506 7.5
      vertex 16.7283 18.5786 2.5
      vertex 12.5 21.6506 2.5
    endloop
  endfacet
  facet normal -0.207906 0.978149 0
    outer loop
      vertex -2.61321 24.863 2.5
      vertex -7.72542 23.7764 7.5
      vertex -2.61321 24.863 7.5
    endloop
  endfacet
  facet normal -0.207906 0.978149 0
    outer loop
      vertex -7.72542 23.7764 7.5
      vertex -2.61321 24.863 2.5
      vertex -7.72542 23.7764 2.5
    endloop
  endfacet
  facet normal 0.40674 -0.913544 0
    outer loop
      vertex 7.72542 -23.7764 2.5
      vertex 12.5 -21.6506 7.5
      vertex 7.72542 -23.7764 7.5
    endloop
  endfacet
  facet normal 0.40674 -0.913544 0
    outer loop
      vertex 12.5 -21.6506 7.5
      vertex 7.72542 -23.7764 2.5
      vertex 12.5 -21.6506 2.5
    endloop
  endfacet
  facet normal 0 -1 0
    outer loop
      vertex -2.61321 -24.863 2.5
      vertex 2.61321 -24.863 7.5
      vertex -2.61321 -24.863 7.5
    endloop
  endfacet
  facet normal 0 -1 -0
    outer loop
      vertex 2.61321 -24.863 7.5
      vertex -2.61321 -24.863 2.5
      vertex 2.61321 -24.863 2.5
    endloop
  endfacet
  facet normal -0.207906 -0.978149 0
    outer loop
      vertex -7.72542 -23.7764 2.5
      vertex -2.61321 -24.863 7.5
      vertex -7.72542 -23.7764 7.5
    endloop
  endfacet
  facet normal -0.207906 -0.978149 -0
    outer loop
      vertex -2.61321 -24.863 7.5
      vertex -7.72542 -23.7764 2.5
      vertex -2.61321 -24.863 2.5
    endloop
  endfacet
  facet normal -0.951054 0.309026 0
    outer loop
      vertex -24.4537 5.19779 2.5
      vertex -22.8386 10.1684 7.5
      vertex -22.8386 10.1684 2.5
    endloop
  endfacet
  facet normal -0.951054 0.309026 0
    outer loop
      vertex -22.8386 10.1684 7.5
      vertex -24.4537 5.19779 2.5
      vertex -24.4537 5.19779 7.5
    endloop
  endfacet
  facet normal -0.92388 -0.382682 0
    outer loop
      vertex 7.24444 1.94114 2.5
      vertex 6.49519 3.75 5
      vertex 6.49519 3.75 2.5
    endloop
  endfacet
  facet normal -0.92388 -0.382682 0
    outer loop
      vertex 6.49519 3.75 5
      vertex 7.24444 1.94114 2.5
      vertex 7.24444 1.94114 5
    endloop
  endfacet
  facet normal -0.991445 -0.130528 0
    outer loop
      vertex 7.5 0 2.5
      vertex 7.24444 1.94114 5
      vertex 7.24444 1.94114 2.5
    endloop
  endfacet
  facet normal -0.991445 -0.130528 0
    outer loop
      vertex 7.24444 1.94114 5
      vertex 7.5 0 2.5
      vertex 7.5 0 5
    endloop
  endfacet
  facet normal -0.793353 -0.608762 0
    outer loop
      vertex 6.49519 3.75 2.5
      vertex 5.3033 5.3033 5
      vertex 5.3033 5.3033 2.5
    endloop
  endfacet
  facet normal -0.793353 -0.608762 0
    outer loop
      vertex 5.3033 5.3033 5
      vertex 6.49519 3.75 2.5
      vertex 6.49519 3.75 5
    endloop
  endfacet
  facet normal 0.793353 -0.608762 0
    outer loop
      vertex -6.49519 3.75 5
      vertex -5.3033 5.3033 2.5
      vertex -5.3033 5.3033 5
    endloop
  endfacet
  facet normal 0.793353 -0.608762 0
    outer loop
      vertex -5.3033 5.3033 2.5
      vertex -6.49519 3.75 5
      vertex -6.49519 3.75 2.5
    endloop
  endfacet
  facet normal 0.608762 -0.793353 0
    outer loop
      vertex -5.3033 5.3033 2.5
      vertex -3.75 6.49519 5
      vertex -5.3033 5.3033 5
    endloop
  endfacet
  facet normal 0.608762 -0.793353 0
    outer loop
      vertex -3.75 6.49519 5
      vertex -5.3033 5.3033 2.5
      vertex -3.75 6.49519 2.5
    endloop
  endfacet
  facet normal -0.382682 0.92388 0
    outer loop
      vertex 3.75 -6.49519 2.5
      vertex 1.94114 -7.24444 5
      vertex 3.75 -6.49519 5
    endloop
  endfacet
  facet normal -0.382682 0.92388 0
    outer loop
      vertex 1.94114 -7.24444 5
      vertex 3.75 -6.49519 2.5
      vertex 1.94114 -7.24444 2.5
    endloop
  endfacet
  facet normal 0.92388 -0.382682 0
    outer loop
      vertex -7.24444 1.94114 5
      vertex -6.49519 3.75 2.5
      vertex -6.49519 3.75 5
    endloop
  endfacet
  facet normal 0.92388 -0.382682 0
    outer loop
      vertex -6.49519 3.75 2.5
      vertex -7.24444 1.94114 5
      vertex -7.24444 1.94114 2.5
    endloop
  endfacet
  facet normal -0.608762 -0.793353 0
    outer loop
      vertex 3.75 6.49519 2.5
      vertex 5.3033 5.3033 5
      vertex 3.75 6.49519 5
    endloop
  endfacet
  facet normal -0.608762 -0.793353 -0
    outer loop
      vertex 5.3033 5.3033 5
      vertex 3.75 6.49519 2.5
      vertex 5.3033 5.3033 2.5
    endloop
  endfacet
  facet normal -0.130528 -0.991445 0
    outer loop
      vertex 0 7.5 2.5
      vertex 1.94114 7.24444 5
      vertex 0 7.5 5
    endloop
  endfacet
  facet normal -0.130528 -0.991445 -0
    outer loop
      vertex 1.94114 7.24444 5
      vertex 0 7.5 2.5
      vertex 1.94114 7.24444 2.5
    endloop
  endfacet
  facet normal -0.130528 0.991445 0
    outer loop
      vertex 1.94114 -7.24444 2.5
      vertex 0 -7.5 5
      vertex 1.94114 -7.24444 5
    endloop
  endfacet
  facet normal -0.130528 0.991445 0
    outer loop
      vertex 0 -7.5 5
      vertex 1.94114 -7.24444 2.5
      vertex 0 -7.5 2.5
    endloop
  endfacet
  facet normal 0 0 -1
    outer loop
      vertex 7.24444 -1.94114 5
      vertex 7.24444 1.94114 5
      vertex 7.5 0 5
    endloop
  endfacet
  facet normal 0 0 -1
    outer loop
      vertex 6.49519 -3.75 5
      vertex 7.24444 1.94114 5
      vertex 7.24444 -1.94114 5
    endloop
  endfacet
  facet normal 0 0 -1
    outer loop
      vertex 6.49519 -3.75 5
      vertex 6.49519 3.75 5
      vertex 7.24444 1.94114 5
    endloop
  endfacet
  facet normal 0 0 -1
    outer loop
      vertex 5.3033 -5.3033 5
      vertex 6.49519 3.75 5
      vertex 6.49519 -3.75 5
    endloop
  endfacet
  facet normal 0 0 -1
    outer loop
      vertex 5.3033 -5.3033 5
      vertex 5.3033 5.3033 5
      vertex 6.49519 3.75 5
    endloop
  endfacet
  facet normal 0 0 -1
    outer loop
      vertex 3.75 -6.49519 5
      vertex 5.3033 5.3033 5
      vertex 5.3033 -5.3033 5
    endloop
  endfacet
  facet normal 0 0 -1
    outer loop
      vertex 3.75 -6.49519 5
      vertex 3.75 6.49519 5
      vertex 5.3033 5.3033 5
    endloop
  endfacet
  facet normal 0 0 -1
    outer loop
      vertex 1.94114 -7.24444 5
      vertex 3.75 6.49519 5
      vertex 3.75 -6.49519 5
    endloop
  endfacet
  facet normal 0 0 -1
    outer loop
      vertex 1.94114 -7.24444 5
      vertex 1.94114 7.24444 5
      vertex 3.75 6.49519 5
    endloop
  endfacet
  facet normal 0 0 -1
    outer loop
      vertex 0 -7.5 5
      vertex 1.94114 7.24444 5
      vertex 1.94114 -7.24444 5
    endloop
  endfacet
  facet normal 0 0 -1
    outer loop
      vertex 0 -7.5 5
      vertex 0 7.5 5
      vertex 1.94114 7.24444 5
    endloop
  endfacet
  facet normal 0 0 -1
    outer loop
      vertex -1.94114 -7.24444 5
      vertex 0 7.5 5
      vertex 0 -7.5 5
    endloop
  endfacet
  facet normal 0 0 -1
    outer loop
      vertex -1.94114 -7.24444 5
      vertex -1.94114 7.24444 5
      vertex 0 7.5 5
    endloop
  endfacet
  facet normal 0 0 -1
    outer loop
      vertex -3.75 -6.49519 5
      vertex -1.94114 7.24444 5
      vertex -1.94114 -7.24444 5
    endloop
  endfacet
  facet normal 0 0 -1
    outer loop
      vertex -3.75 -6.49519 5
      vertex -3.75 6.49519 5
      vertex -1.94114 7.24444 5
    endloop
  endfacet
  facet normal 0 0 -1
    outer loop
      vertex -5.3033 -5.3033 5
      vertex -3.75 6.49519 5
      vertex -3.75 -6.49519 5
    endloop
  endfacet
  facet normal 0 0 -1
    outer loop
      vertex -5.3033 -5.3033 5
      vertex -5.3033 5.3033 5
      vertex -3.75 6.49519 5
    endloop
  endfacet
  facet normal 0 0 -1
    outer loop
      vertex -6.49519 -3.75 5
      vertex -5.3033 5.3033 5
      vertex -5.3033 -5.3033 5
    endloop
  endfacet
  facet normal 0 0 -1
    outer loop
      vertex -6.49519 -3.75 5
      vertex -6.49519 3.75 5
      vertex -5.3033 5.3033 5
    endloop
  endfacet
  facet normal 0 0 -1
    outer loop
      vertex -7.24444 -1.94114 5
      vertex -6.49519 3.75 5
      vertex -6.49519 -3.75 5
    endloop
  endfacet
  facet normal 0 0 -1
    outer loop
      vertex -7.24444 -1.94114 5
      vertex -7.24444 1.94114 5
      vertex -6.49519 3.75 5
    endloop
  endfacet
  facet normal 0 -0 -1
    outer loop
      vertex -7.24444 1.94114 5
      vertex -7.24444 -1.94114 5
      vertex -7.5 0 5
    endloop
  endfacet
  facet normal -0.793353 0.608762 0
    outer loop
      vertex 5.3033 -5.3033 2.5
      vertex 6.49519 -3.75 5
      vertex 6.49519 -3.75 2.5
    endloop
  endfacet
  facet normal -0.793353 0.608762 0
    outer loop
      vertex 6.49519 -3.75 5
      vertex 5.3033 -5.3033 2.5
      vertex 5.3033 -5.3033 5
    endloop
  endfacet
  facet normal -0.608762 0.793353 0
    outer loop
      vertex 5.3033 -5.3033 2.5
      vertex 3.75 -6.49519 5
      vertex 5.3033 -5.3033 5
    endloop
  endfacet
  facet normal -0.608762 0.793353 0
    outer loop
      vertex 3.75 -6.49519 5
      vertex 5.3033 -5.3033 2.5
      vertex 3.75 -6.49519 2.5
    endloop
  endfacet
  facet normal 0.793353 0.608762 0
    outer loop
      vertex -5.3033 -5.3033 5
      vertex -6.49519 -3.75 2.5
      vertex -6.49519 -3.75 5
    endloop
  endfacet
  facet normal 0.793353 0.608762 0
    outer loop
      vertex -6.49519 -3.75 2.5
      vertex -5.3033 -5.3033 5
      vertex -5.3033 -5.3033 2.5
    endloop
  endfacet
  facet normal -0.991445 0.130528 0
    outer loop
      vertex 7.24444 -1.94114 2.5
      vertex 7.5 0 5
      vertex 7.5 0 2.5
    endloop
  endfacet
  facet normal -0.991445 0.130528 0
    outer loop
      vertex 7.5 0 5
      vertex 7.24444 -1.94114 2.5
      vertex 7.24444 -1.94114 5
    endloop
  endfacet
  facet normal 0.991445 -0.130528 0
    outer loop
      vertex -7.5 0 5
      vertex -7.24444 1.94114 2.5
      vertex -7.24444 1.94114 5
    endloop
  endfacet
  facet normal 0.991445 -0.130528 0
    outer loop
      vertex -7.24444 1.94114 2.5
      vertex -7.5 0 5
      vertex -7.5 0 2.5
    endloop
  endfacet
  facet normal 0.130528 -0.991445 0
    outer loop
      vertex -1.94114 7.24444 2.5
      vertex 0 7.5 5
      vertex -1.94114 7.24444 5
    endloop
  endfacet
  facet normal 0.130528 -0.991445 0
    outer loop
      vertex 0 7.5 5
      vertex -1.94114 7.24444 2.5
      vertex 0 7.5 2.5
    endloop
  endfacet
  facet normal -0.92388 0.382682 0
    outer loop
      vertex 6.49519 -3.75 2.5
      vertex 7.24444 -1.94114 5
      vertex 7.24444 -1.94114 2.5
    endloop
  endfacet
  facet normal -0.92388 0.382682 0
    outer loop
      vertex 7.24444 -1.94114 5
      vertex 6.49519 -3.75 2.5
      vertex 6.49519 -3.75 5
    endloop
  endfacet
  facet normal 0.382682 -0.92388 0
    outer loop
      vertex -3.75 6.49519 2.5
      vertex -1.94114 7.24444 5
      vertex -3.75 6.49519 5
    endloop
  endfacet
  facet normal 0.382682 -0.92388 0
    outer loop
      vertex -1.94114 7.24444 5
      vertex -3.75 6.49519 2.5
      vertex -1.94114 7.24444 2.5
    endloop
  endfacet
  facet normal -0.382682 -0.92388 0
    outer loop
      vertex 1.94114 7.24444 2.5
      vertex 3.75 6.49519 5
      vertex 1.94114 7.24444 5
    endloop
  endfacet
  facet normal -0.382682 -0.92388 -0
    outer loop
      vertex 3.75 6.49519 5
      vertex 1.94114 7.24444 2.5
      vertex 3.75 6.49519 2.5
    endloop
  endfacet
  facet normal 0.130528 0.991445 -0
    outer loop
      vertex 0 -7.5 2.5
      vertex -1.94114 -7.24444 5
      vertex 0 -7.5 5
    endloop
  endfacet
  facet normal 0.130528 0.991445 0
    outer loop
      vertex -1.94114 -7.24444 5
      vertex 0 -7.5 2.5
      vertex -1.94114 -7.24444 2.5
    endloop
  endfacet
  facet normal 0.92388 0.382682 0
    outer loop
      vertex -6.49519 -3.75 5
      vertex -7.24444 -1.94114 2.5
      vertex -7.24444 -1.94114 5
    endloop
  endfacet
  facet normal 0.92388 0.382682 0
    outer loop
      vertex -7.24444 -1.94114 2.5
      vertex -6.49519 -3.75 5
      vertex -6.49519 -3.75 2.5
    endloop
  endfacet
  facet normal 0.991445 0.130528 0
    outer loop
      vertex -7.24444 -1.94114 5
      vertex -7.5 0 2.5
      vertex -7.5 0 5
    endloop
  endfacet
  facet normal 0.991445 0.130528 0
    outer loop
      vertex -7.5 0 2.5
      vertex -7.24444 -1.94114 5
      vertex -7.24444 -1.94114 2.5
    endloop
  endfacet
  facet normal 0.608762 0.793353 -0
    outer loop
      vertex -3.75 -6.49519 2.5
      vertex -5.3033 -5.3033 5
      vertex -3.75 -6.49519 5
    endloop
  endfacet
  facet normal 0.608762 0.793353 0
    outer loop
      vertex -5.3033 -5.3033 5
      vertex -3.75 -6.49519 2.5
      vertex -5.3033 -5.3033 2.5
    endloop
  endfacet
  facet normal 0.382682 0.92388 -0
    outer loop
      vertex -1.94114 -7.24444 2.5
      vertex -3.75 -6.49519 5
      vertex -1.94114 -7.24444 5
    endloop
  endfacet
  facet normal 0.382682 0.92388 0
    outer loop
      vertex -3.75 -6.49519 5
      vertex -1.94114 -7.24444 2.5
      vertex -3.75 -6.49519 2.5
    endloop
  endfacet
  facet normal 0.382687 -0.923878 0
    outer loop
      vertex 19.7482 2.3957 -1
      vertex 20 2.5 0
      vertex 19.7482 2.3957 0
    endloop
  endfacet
  facet normal 0.382687 -0.923878 0
    outer loop
      vertex 20 2.5 0
      vertex 19.7482 2.3957 -1
      vertex 20 2.5 -1
    endloop
  endfacet
  facet normal 0.382687 0.923878 -0
    outer loop
      vertex 20 -2.5 -1
      vertex 19.7482 -2.3957 0
      vertex 20 -2.5 0
    endloop
  endfacet
  facet normal 0.382687 0.923878 0
    outer loop
      vertex 19.7482 -2.3957 0
      vertex 20 -2.5 -1
      vertex 19.7482 -2.3957 -1
    endloop
  endfacet
  facet normal 0.923895 0.382647 0
    outer loop
      vertex -2.42516 19.8193 0
      vertex -2.5 20 -1
      vertex -2.5 20 0
    endloop
  endfacet
  facet normal 0.923895 0.382647 0
    outer loop
      vertex -2.5 20 -1
      vertex -2.42516 19.8193 0
      vertex -2.42516 19.8193 -1
    endloop
  endfacet
  facet normal -0.923895 0.382647 0
    outer loop
      vertex 2.42516 19.8193 -1
      vertex 2.5 20 0
      vertex 2.5 20 -1
    endloop
  endfacet
  facet normal -0.923895 0.382647 0
    outer loop
      vertex 2.5 20 0
      vertex 2.42516 19.8193 -1
      vertex 2.42516 19.8193 0
    endloop
  endfacet
  facet normal -0.382687 0.923878 0
    outer loop
      vertex -19.7482 -2.3957 -1
      vertex -20 -2.5 0
      vertex -19.7482 -2.3957 0
    endloop
  endfacet
  facet normal -0.382687 0.923878 0
    outer loop
      vertex -20 -2.5 0
      vertex -19.7482 -2.3957 -1
      vertex -20 -2.5 -1
    endloop
  endfacet
  facet normal -0.382656 0.923891 0
    outer loop
      vertex -18.2322 -1.76777 -1
      vertex -18.7929 -2 0
      vertex -18.2322 -1.76777 0
    endloop
  endfacet
  facet normal -0.382656 0.923891 0
    outer loop
      vertex -18.7929 -2 0
      vertex -18.2322 -1.76777 -1
      vertex -18.7929 -2 -1
    endloop
  endfacet
  facet normal -0.923886 0.382668 0
    outer loop
      vertex -18.2322 -1.76777 -1
      vertex -17.5 0 0
      vertex -17.5 0 -1
    endloop
  endfacet
  facet normal -0.923886 0.382668 0
    outer loop
      vertex -17.5 0 0
      vertex -18.2322 -1.76777 -1
      vertex -18.2322 -1.76777 0
    endloop
  endfacet
  facet normal -0.382656 -0.923891 0
    outer loop
      vertex -18.7929 2 -1
      vertex -18.2322 1.76777 0
      vertex -18.7929 2 0
    endloop
  endfacet
  facet normal -0.382656 -0.923891 -0
    outer loop
      vertex -18.2322 1.76777 0
      vertex -18.7929 2 -1
      vertex -18.2322 1.76777 -1
    endloop
  endfacet
  facet normal -0.382687 -0.923878 0
    outer loop
      vertex -20 2.5 -1
      vertex -19.7482 2.3957 0
      vertex -20 2.5 0
    endloop
  endfacet
  facet normal -0.382687 -0.923878 -0
    outer loop
      vertex -19.7482 2.3957 0
      vertex -20 2.5 -1
      vertex -19.7482 2.3957 -1
    endloop
  endfacet
  facet normal -0.923886 -0.382668 0
    outer loop
      vertex -17.5 0 -1
      vertex -18.2322 1.76777 0
      vertex -18.2322 1.76777 -1
    endloop
  endfacet
  facet normal -0.923886 -0.382668 0
    outer loop
      vertex -18.2322 1.76777 0
      vertex -17.5 0 -1
      vertex -17.5 0 0
    endloop
  endfacet
  facet normal -0.923895 -0.382647 0
    outer loop
      vertex 2.5 -20 -1
      vertex 2.42516 -19.8193 0
      vertex 2.42516 -19.8193 -1
    endloop
  endfacet
  facet normal -0.923895 -0.382647 0
    outer loop
      vertex 2.42516 -19.8193 0
      vertex 2.5 -20 -1
      vertex 2.5 -20 0
    endloop
  endfacet
  facet normal 0.923895 -0.382647 0
    outer loop
      vertex -2.5 -20 0
      vertex -2.42516 -19.8193 -1
      vertex -2.42516 -19.8193 0
    endloop
  endfacet
  facet normal 0.923895 -0.382647 0
    outer loop
      vertex -2.42516 -19.8193 -1
      vertex -2.5 -20 0
      vertex -2.5 -20 -1
    endloop
  endfacet
  facet normal -0.40674 -0.913544 0
    outer loop
      vertex -12.5 -21.6506 -1
      vertex -7.72542 -23.7764 1
      vertex -12.5 -21.6506 1
    endloop
  endfacet
  facet normal -0.40674 -0.913544 -0
    outer loop
      vertex -7.72542 -23.7764 1
      vertex -12.5 -21.6506 -1
      vertex -7.72542 -23.7764 -1
    endloop
  endfacet
  facet normal -0.951054 -0.309026 0
    outer loop
      vertex -22.8386 -10.1684 -1
      vertex -24.4537 -5.19779 1
      vertex -24.4537 -5.19779 -1
    endloop
  endfacet
  facet normal -0.951054 -0.309026 0
    outer loop
      vertex -24.4537 -5.19779 1
      vertex -22.8386 -10.1684 -1
      vertex -22.8386 -10.1684 1
    endloop
  endfacet
  facet normal 0.951054 0.309026 0
    outer loop
      vertex 24.4537 5.19779 1
      vertex 22.8386 10.1684 -1
      vertex 22.8386 10.1684 1
    endloop
  endfacet
  facet normal 0.951054 0.309026 0
    outer loop
      vertex 22.8386 10.1684 -1
      vertex 24.4537 5.19779 1
      vertex 24.4537 5.19779 -1
    endloop
  endfacet
  facet normal 0.994522 0.104527 0
    outer loop
      vertex 25 0 1
      vertex 24.4537 5.19779 -1
      vertex 24.4537 5.19779 1
    endloop
  endfacet
  facet normal 0.994522 0.104527 0
    outer loop
      vertex 24.4537 5.19779 -1
      vertex 25 0 1
      vertex 25 0 -1
    endloop
  endfacet
  facet normal 0.866026 0.5 0
    outer loop
      vertex 22.8386 10.1684 1
      vertex 20.2254 14.6946 -1
      vertex 20.2254 14.6946 1
    endloop
  endfacet
  facet normal 0.866026 0.5 0
    outer loop
      vertex 20.2254 14.6946 -1
      vertex 22.8386 10.1684 1
      vertex 22.8386 10.1684 -1
    endloop
  endfacet
  facet normal 0.58778 -0.809021 0
    outer loop
      vertex 12.5 -21.6506 -1
      vertex 16.7283 -18.5786 1
      vertex 12.5 -21.6506 1
    endloop
  endfacet
  facet normal 0.58778 -0.809021 0
    outer loop
      vertex 16.7283 -18.5786 1
      vertex 12.5 -21.6506 -1
      vertex 16.7283 -18.5786 -1
    endloop
  endfacet
  facet normal 0.40674 0.913544 -0
    outer loop
      vertex 12.5 21.6506 -1
      vertex 7.72542 23.7764 1
      vertex 12.5 21.6506 1
    endloop
  endfacet
  facet normal 0.40674 0.913544 0
    outer loop
      vertex 7.72542 23.7764 1
      vertex 12.5 21.6506 -1
      vertex 7.72542 23.7764 -1
    endloop
  endfacet
  facet normal 0.994522 -0.104527 0
    outer loop
      vertex 24.4537 -5.19779 1
      vertex 25 0 -1
      vertex 25 0 1
    endloop
  endfacet
  facet normal 0.994522 -0.104527 0
    outer loop
      vertex 25 0 -1
      vertex 24.4537 -5.19779 1
      vertex 24.4537 -5.19779 -1
    endloop
  endfacet
  facet normal 0.743151 0.669123 0
    outer loop
      vertex 20.2254 14.6946 1
      vertex 16.7283 18.5786 -1
      vertex 16.7283 18.5786 1
    endloop
  endfacet
  facet normal 0.743151 0.669123 0
    outer loop
      vertex 16.7283 18.5786 -1
      vertex 20.2254 14.6946 1
      vertex 20.2254 14.6946 -1
    endloop
  endfacet
  facet normal -0.866026 0.5 0
    outer loop
      vertex -22.8386 10.1684 -1
      vertex -20.2254 14.6946 1
      vertex -20.2254 14.6946 -1
    endloop
  endfacet
  facet normal -0.866026 0.5 0
    outer loop
      vertex -20.2254 14.6946 1
      vertex -22.8386 10.1684 -1
      vertex -22.8386 10.1684 1
    endloop
  endfacet
  facet normal 0.743151 -0.669123 0
    outer loop
      vertex 16.7283 -18.5786 1
      vertex 20.2254 -14.6946 -1
      vertex 20.2254 -14.6946 1
    endloop
  endfacet
  facet normal 0.743151 -0.669123 0
    outer loop
      vertex 20.2254 -14.6946 -1
      vertex 16.7283 -18.5786 1
      vertex 16.7283 -18.5786 -1
    endloop
  endfacet
  facet normal -0.743151 0.669123 0
    outer loop
      vertex -20.2254 14.6946 -1
      vertex -16.7283 18.5786 1
      vertex -16.7283 18.5786 -1
    endloop
  endfacet
  facet normal -0.743151 0.669123 0
    outer loop
      vertex -16.7283 18.5786 1
      vertex -20.2254 14.6946 -1
      vertex -20.2254 14.6946 1
    endloop
  endfacet
  facet normal 0.866026 -0.5 0
    outer loop
      vertex 20.2254 -14.6946 1
      vertex 22.8386 -10.1684 -1
      vertex 22.8386 -10.1684 1
    endloop
  endfacet
  facet normal 0.866026 -0.5 0
    outer loop
      vertex 22.8386 -10.1684 -1
      vertex 20.2254 -14.6946 1
      vertex 20.2254 -14.6946 -1
    endloop
  endfacet
  facet normal -0.58778 0.809021 0
    outer loop
      vertex -12.5 21.6506 -1
      vertex -16.7283 18.5786 1
      vertex -12.5 21.6506 1
    endloop
  endfacet
  facet normal -0.58778 0.809021 0
    outer loop
      vertex -16.7283 18.5786 1
      vertex -12.5 21.6506 -1
      vertex -16.7283 18.5786 -1
    endloop
  endfacet
  facet normal 0 0 1
    outer loop
      vertex -1.76777 -18.2322 1
      vertex -18.2322 -1.76777 1
      vertex -16.7283 -18.5786 1
    endloop
  endfacet
  facet normal 0 0 1
    outer loop
      vertex -22.8386 -10.1684 1
      vertex -18.2322 -1.76777 1
      vertex -20 -2.5 1
    endloop
  endfacet
  facet normal 0 0 1
    outer loop
      vertex -18.2322 -1.76777 1
      vertex -20.2254 -14.6946 1
      vertex -16.7283 -18.5786 1
    endloop
  endfacet
  facet normal 0 0 1
    outer loop
      vertex -24.4537 -5.19779 1
      vertex -20 -2.5 1
      vertex -21.7678 -1.76777 1
    endloop
  endfacet
  facet normal -0 0 1
    outer loop
      vertex -25 0 1
      vertex -21.7678 -1.76777 1
      vertex -22.5 0 1
    endloop
  endfacet
  facet normal 0 0 1
    outer loop
      vertex -18.2322 -1.76777 1
      vertex -22.8386 -10.1684 1
      vertex -20.2254 -14.6946 1
    endloop
  endfacet
  facet normal 0 0 1
    outer loop
      vertex -25 0 1
      vertex -21.7678 1.76777 1
      vertex -24.4537 5.19779 1
    endloop
  endfacet
  facet normal 0 0 1
    outer loop
      vertex -21.7678 1.76777 1
      vertex -25 0 1
      vertex -22.5 0 1
    endloop
  endfacet
  facet normal 0 0 1
    outer loop
      vertex -20 -2.5 1
      vertex -24.4537 -5.19779 1
      vertex -22.8386 -10.1684 1
    endloop
  endfacet
  facet normal 0 0 1
    outer loop
      vertex -21.7678 -1.76777 1
      vertex -25 0 1
      vertex -24.4537 -5.19779 1
    endloop
  endfacet
  facet normal -0 0 1
    outer loop
      vertex 0 17.5 1
      vertex 17.5 0 1
      vertex 1.76777 18.2322 1
    endloop
  endfacet
  facet normal 0 0 1
    outer loop
      vertex 17.5 0 1
      vertex 1.76777 -18.2322 1
      vertex 2.5 -20 1
    endloop
  endfacet
  facet normal 0 0 1
    outer loop
      vertex 0 -17.5 1
      vertex 17.5 0 1
      vertex 0 17.5 1
    endloop
  endfacet
  facet normal 0 0 1
    outer loop
      vertex 17.5 0 1
      vertex 0 -17.5 1
      vertex 1.76777 -18.2322 1
    endloop
  endfacet
  facet normal 0 0 1
    outer loop
      vertex -17.5 0 1
      vertex 0 17.5 1
      vertex -1.76777 18.2322 1
    endloop
  endfacet
  facet normal 0 0 1
    outer loop
      vertex 0 17.5 1
      vertex -17.5 0 1
      vertex 0 -17.5 1
    endloop
  endfacet
  facet normal 0 0 1
    outer loop
      vertex -17.5 0 1
      vertex -1.76777 18.2322 1
      vertex -2.5 20 1
    endloop
  endfacet
  facet normal 0 0 1
    outer loop
      vertex 0 -17.5 1
      vertex -17.5 0 1
      vertex -1.76777 -18.2322 1
    endloop
  endfacet
  facet normal -0 0 1
    outer loop
      vertex 1.76777 -21.7678 1
      vertex 7.72542 -23.7764 1
      vertex 2.5 -20 1
    endloop
  endfacet
  facet normal 0 0 1
    outer loop
      vertex 7.72542 -23.7764 1
      vertex 1.76777 -21.7678 1
      vertex 2.61321 -24.863 1
    endloop
  endfacet
  facet normal -0 0 1
    outer loop
      vertex 0 -22.5 1
      vertex 2.61321 -24.863 1
      vertex 1.76777 -21.7678 1
    endloop
  endfacet
  facet normal 0 0 1
    outer loop
      vertex -2.61321 -24.863 1
      vertex 0 -22.5 1
      vertex -1.76777 -21.7678 1
    endloop
  endfacet
  facet normal 0 0 1
    outer loop
      vertex 0 -22.5 1
      vertex -2.61321 -24.863 1
      vertex 2.61321 -24.863 1
    endloop
  endfacet
  facet normal 0 0 1
    outer loop
      vertex -7.72542 -23.7764 1
      vertex -1.76777 -21.7678 1
      vertex -2.5 -20 1
    endloop
  endfacet
  facet normal -0 0 1
    outer loop
      vertex -18.2322 -1.76777 1
      vertex -1.76777 -18.2322 1
      vertex -17.5 0 1
    endloop
  endfacet
  facet normal 0 0 1
    outer loop
      vertex -17.5 0 1
      vertex -2.61321 24.863 1
      vertex -7.72542 23.7764 1
    endloop
  endfacet
  facet normal 0 -0 1
    outer loop
      vertex -12.5 -21.6506 1
      vertex -1.76777 -18.2322 1
      vertex -16.7283 -18.5786 1
    endloop
  endfacet
  facet normal 0 0 1
    outer loop
      vertex -18.2322 1.76777 1
      vertex -7.72542 23.7764 1
      vertex -12.5 21.6506 1
    endloop
  endfacet
  facet normal 0 0 1
    outer loop
      vertex -1.76777 -21.7678 1
      vertex -7.72542 -23.7764 1
      vertex -2.61321 -24.863 1
    endloop
  endfacet
  facet normal 0 0 1
    outer loop
      vertex -18.2322 1.76777 1
      vertex -12.5 21.6506 1
      vertex -16.7283 18.5786 1
    endloop
  endfacet
  facet normal 0 0 1
    outer loop
      vertex -2.5 -20 1
      vertex -12.5 -21.6506 1
      vertex -7.72542 -23.7764 1
    endloop
  endfacet
  facet normal 0 0 1
    outer loop
      vertex -1.76777 -18.2322 1
      vertex -12.5 -21.6506 1
      vertex -2.5 -20 1
    endloop
  endfacet
  facet normal 0 0 1
    outer loop
      vertex -7.72542 23.7764 1
      vertex -18.2322 1.76777 1
      vertex -17.5 0 1
    endloop
  endfacet
  facet normal -0 0 1
    outer loop
      vertex -20.2254 14.6946 1
      vertex -18.2322 1.76777 1
      vertex -16.7283 18.5786 1
    endloop
  endfacet
  facet normal -0 0 1
    outer loop
      vertex -22.8386 10.1684 1
      vertex -18.2322 1.76777 1
      vertex -20.2254 14.6946 1
    endloop
  endfacet
  facet normal 0 0 1
    outer loop
      vertex -18.2322 1.76777 1
      vertex -22.8386 10.1684 1
      vertex -20 2.5 1
    endloop
  endfacet
  facet normal -0 0 1
    outer loop
      vertex -24.4537 5.19779 1
      vertex -20 2.5 1
      vertex -22.8386 10.1684 1
    endloop
  endfacet
  facet normal 0 0 1
    outer loop
      vertex -20 2.5 1
      vertex -24.4537 5.19779 1
      vertex -21.7678 1.76777 1
    endloop
  endfacet
  facet normal -0 0 1
    outer loop
      vertex 21.7678 1.76777 1
      vertex 25 0 1
      vertex 24.4537 5.19779 1
    endloop
  endfacet
  facet normal 0 0 1
    outer loop
      vertex 20 2.5 1
      vertex 24.4537 5.19779 1
      vertex 22.8386 10.1684 1
    endloop
  endfacet
  facet normal 0 0 1
    outer loop
      vertex 21.7678 -1.76777 1
      vertex 25 0 1
      vertex 22.5 0 1
    endloop
  endfacet
  facet normal 0 0 1
    outer loop
      vertex 25 0 1
      vertex 21.7678 -1.76777 1
      vertex 24.4537 -5.19779 1
    endloop
  endfacet
  facet normal 0 0 1
    outer loop
      vertex 25 0 1
      vertex 21.7678 1.76777 1
      vertex 22.5 0 1
    endloop
  endfacet
  facet normal 0 0 1
    outer loop
      vertex 18.2322 1.76777 1
      vertex 22.8386 10.1684 1
      vertex 20.2254 14.6946 1
    endloop
  endfacet
  facet normal 0 0 1
    outer loop
      vertex 24.4537 5.19779 1
      vertex 20 2.5 1
      vertex 21.7678 1.76777 1
    endloop
  endfacet
  facet normal 0 0 1
    outer loop
      vertex 22.8386 10.1684 1
      vertex 18.2322 1.76777 1
      vertex 20 2.5 1
    endloop
  endfacet
  facet normal 0 0 1
    outer loop
      vertex 16.7283 18.5786 1
      vertex 18.2322 1.76777 1
      vertex 20.2254 14.6946 1
    endloop
  endfacet
  facet normal 0 0 1
    outer loop
      vertex 12.5 21.6506 1
      vertex 1.76777 18.2322 1
      vertex 16.7283 18.5786 1
    endloop
  endfacet
  facet normal -0 0 1
    outer loop
      vertex 20 -2.5 1
      vertex 24.4537 -5.19779 1
      vertex 21.7678 -1.76777 1
    endloop
  endfacet
  facet normal 0 0 1
    outer loop
      vertex 24.4537 -5.19779 1
      vertex 20 -2.5 1
      vertex 22.8386 -10.1684 1
    endloop
  endfacet
  facet normal 0 0 1
    outer loop
      vertex 18.2322 -1.76777 1
      vertex 22.8386 -10.1684 1
      vertex 20 -2.5 1
    endloop
  endfacet
  facet normal 0 0 1
    outer loop
      vertex 22.8386 -10.1684 1
      vertex 18.2322 -1.76777 1
      vertex 20.2254 -14.6946 1
    endloop
  endfacet
  facet normal 0 0 1
    outer loop
      vertex 2.5 -20 1
      vertex 18.2322 -1.76777 1
      vertex 17.5 0 1
    endloop
  endfacet
  facet normal 0 0 1
    outer loop
      vertex 18.2322 -1.76777 1
      vertex 16.7283 -18.5786 1
      vertex 20.2254 -14.6946 1
    endloop
  endfacet
  facet normal 0 0 1
    outer loop
      vertex 16.7283 18.5786 1
      vertex 1.76777 18.2322 1
      vertex 18.2322 1.76777 1
    endloop
  endfacet
  facet normal 0 0 1
    outer loop
      vertex 1.76777 18.2322 1
      vertex 12.5 21.6506 1
      vertex 2.5 20 1
    endloop
  endfacet
  facet normal 0 0 1
    outer loop
      vertex 18.2322 1.76777 1
      vertex 1.76777 18.2322 1
      vertex 17.5 0 1
    endloop
  endfacet
  facet normal 0 0 1
    outer loop
      vertex 2.5 20 1
      vertex 12.5 21.6506 1
      vertex 7.72542 23.7764 1
    endloop
  endfacet
  facet normal 0 0 1
    outer loop
      vertex 2.5 -20 1
      vertex 16.7283 -18.5786 1
      vertex 18.2322 -1.76777 1
    endloop
  endfacet
  facet normal 0 0 1
    outer loop
      vertex 1.76777 21.7678 1
      vertex 7.72542 23.7764 1
      vertex 2.61321 24.863 1
    endloop
  endfacet
  facet normal 0 0 1
    outer loop
      vertex 16.7283 -18.5786 1
      vertex 2.5 -20 1
      vertex 12.5 -21.6506 1
    endloop
  endfacet
  facet normal 0 0 1
    outer loop
      vertex 12.5 -21.6506 1
      vertex 2.5 -20 1
      vertex 7.72542 -23.7764 1
    endloop
  endfacet
  facet normal 0 0 1
    outer loop
      vertex 7.72542 23.7764 1
      vertex 1.76777 21.7678 1
      vertex 2.5 20 1
    endloop
  endfacet
  facet normal 0 0 1
    outer loop
      vertex 2.61321 24.863 1
      vertex 0 22.5 1
      vertex 1.76777 21.7678 1
    endloop
  endfacet
  facet normal -0 0 1
    outer loop
      vertex -2.61321 24.863 1
      vertex 0 22.5 1
      vertex 2.61321 24.863 1
    endloop
  endfacet
  facet normal 0 0 1
    outer loop
      vertex -17.5 0 1
      vertex -2.5 20 1
      vertex -2.61321 24.863 1
    endloop
  endfacet
  facet normal 0 0 1
    outer loop
      vertex -1.76777 21.7678 1
      vertex -2.61321 24.863 1
      vertex -2.5 20 1
    endloop
  endfacet
  facet normal 0 0 1
    outer loop
      vertex 0 22.5 1
      vertex -2.61321 24.863 1
      vertex -1.76777 21.7678 1
    endloop
  endfacet
  facet normal 0.951054 -0.309026 0
    outer loop
      vertex 22.8386 -10.1684 1
      vertex 24.4537 -5.19779 -1
      vertex 24.4537 -5.19779 1
    endloop
  endfacet
  facet normal 0.951054 -0.309026 0
    outer loop
      vertex 24.4537 -5.19779 -1
      vertex 22.8386 -10.1684 1
      vertex 22.8386 -10.1684 -1
    endloop
  endfacet
  facet normal 0 1 -0
    outer loop
      vertex 2.61321 24.863 -1
      vertex -2.61321 24.863 1
      vertex 2.61321 24.863 1
    endloop
  endfacet
  facet normal 0 1 0
    outer loop
      vertex -2.61321 24.863 1
      vertex 2.61321 24.863 -1
      vertex -2.61321 24.863 -1
    endloop
  endfacet
  facet normal -0.58778 -0.809021 0
    outer loop
      vertex -16.7283 -18.5786 -1
      vertex -12.5 -21.6506 1
      vertex -16.7283 -18.5786 1
    endloop
  endfacet
  facet normal -0.58778 -0.809021 -0
    outer loop
      vertex -12.5 -21.6506 1
      vertex -16.7283 -18.5786 -1
      vertex -12.5 -21.6506 -1
    endloop
  endfacet
  facet normal 0 0 -1
    outer loop
      vertex 7.72542 -23.7764 -1
      vertex 1.76777 -21.7678 -1
      vertex 2.5 -20 -1
    endloop
  endfacet
  facet normal 0 0 -1
    outer loop
      vertex 2.61321 -24.863 -1
      vertex 0 -22.5 -1
      vertex 1.76777 -21.7678 -1
    endloop
  endfacet
  facet normal 0 0 -1
    outer loop
      vertex -2.61321 -24.863 -1
      vertex 0 -22.5 -1
      vertex 2.61321 -24.863 -1
    endloop
  endfacet
  facet normal 0 0 -1
    outer loop
      vertex -7.72542 -23.7764 -1
      vertex -1.76777 -21.7678 -1
      vertex -2.61321 -24.863 -1
    endloop
  endfacet
  facet normal -0 0 -1
    outer loop
      vertex 0 -22.5 -1
      vertex -2.61321 -24.863 -1
      vertex -1.76777 -21.7678 -1
    endloop
  endfacet
  facet normal 0 0 -1
    outer loop
      vertex 21.7678 -1.76777 -1
      vertex 25 0 -1
      vertex 24.4537 -5.19779 -1
    endloop
  endfacet
  facet normal 0 0 -1
    outer loop
      vertex 19.563 -4.15823 -1
      vertex 24.4537 -5.19779 -1
      vertex 22.8386 -10.1684 -1
    endloop
  endfacet
  facet normal 0 0 -1
    outer loop
      vertex 21.7678 1.76777 -1
      vertex 25 0 -1
      vertex 22.5 0 -1
    endloop
  endfacet
  facet normal 0 0 -1
    outer loop
      vertex 25 0 -1
      vertex 21.7678 1.76777 -1
      vertex 24.4537 5.19779 -1
    endloop
  endfacet
  facet normal -0 0 -1
    outer loop
      vertex 25 0 -1
      vertex 21.7678 -1.76777 -1
      vertex 22.5 0 -1
    endloop
  endfacet
  facet normal 0 0 -1
    outer loop
      vertex 18.2709 -8.13473 -1
      vertex 22.8386 -10.1684 -1
      vertex 20.2254 -14.6946 -1
    endloop
  endfacet
  facet normal 0 -0 -1
    outer loop
      vertex 19.563 -4.15823 -1
      vertex 22.8386 -10.1684 -1
      vertex 18.2709 -8.13473 -1
    endloop
  endfacet
  facet normal 0 0 -1
    outer loop
      vertex 21.7678 -1.76777 -1
      vertex 19.563 -4.15823 -1
      vertex 20 -2.5 -1
    endloop
  endfacet
  facet normal -0 0 -1
    outer loop
      vertex 20 -2.5 -1
      vertex 19.563 -4.15823 -1
      vertex 19.7482 -2.3957 -1
    endloop
  endfacet
  facet normal 0 0 -1
    outer loop
      vertex 24.4537 -5.19779 -1
      vertex 19.563 -4.15823 -1
      vertex 21.7678 -1.76777 -1
    endloop
  endfacet
  facet normal 0 0 -1
    outer loop
      vertex 16.1803 -11.7557 -1
      vertex 20.2254 -14.6946 -1
      vertex 16.7283 -18.5786 -1
    endloop
  endfacet
  facet normal 0 0 -1
    outer loop
      vertex 20.2254 -14.6946 -1
      vertex 16.1803 -11.7557 -1
      vertex 18.2709 -8.13473 -1
    endloop
  endfacet
  facet normal 0 0 -1
    outer loop
      vertex 16.7283 -18.5786 -1
      vertex 13.3826 -14.8629 -1
      vertex 16.1803 -11.7557 -1
    endloop
  endfacet
  facet normal 0 0 -1
    outer loop
      vertex 12.5 -21.6506 -1
      vertex 13.3826 -14.8629 -1
      vertex 16.7283 -18.5786 -1
    endloop
  endfacet
  facet normal 0 0 -1
    outer loop
      vertex 12.5 -21.6506 -1
      vertex 10 -17.3205 -1
      vertex 13.3826 -14.8629 -1
    endloop
  endfacet
  facet normal 0 0 -1
    outer loop
      vertex 7.72542 -23.7764 -1
      vertex 10 -17.3205 -1
      vertex 12.5 -21.6506 -1
    endloop
  endfacet
  facet normal 0 0 -1
    outer loop
      vertex 7.72542 -23.7764 -1
      vertex 6.18034 -19.0211 -1
      vertex 10 -17.3205 -1
    endloop
  endfacet
  facet normal 0 0 -1
    outer loop
      vertex 1.76777 -21.7678 -1
      vertex 7.72542 -23.7764 -1
      vertex 2.61321 -24.863 -1
    endloop
  endfacet
  facet normal 0 0 -1
    outer loop
      vertex 7.72542 -23.7764 -1
      vertex 2.5 -20 -1
      vertex 6.18034 -19.0211 -1
    endloop
  endfacet
  facet normal 0 0 -1
    outer loop
      vertex 6.18034 -19.0211 -1
      vertex 2.5 -20 -1
      vertex 2.42516 -19.8193 -1
    endloop
  endfacet
  facet normal 0 0 -1
    outer loop
      vertex 19.563 4.15823 -1
      vertex 24.4537 5.19779 -1
      vertex 21.7678 1.76777 -1
    endloop
  endfacet
  facet normal -0 0 -1
    outer loop
      vertex 24.4537 5.19779 -1
      vertex 19.563 4.15823 -1
      vertex 22.8386 10.1684 -1
    endloop
  endfacet
  facet normal 0 0 -1
    outer loop
      vertex 19.563 4.15823 -1
      vertex 21.7678 1.76777 -1
      vertex 20 2.5 -1
    endloop
  endfacet
  facet normal 0 0 -1
    outer loop
      vertex 19.563 4.15823 -1
      vertex 20 2.5 -1
      vertex 19.7482 2.3957 -1
    endloop
  endfacet
  facet normal 0 0 -1
    outer loop
      vertex 22.8386 10.1684 -1
      vertex 19.563 4.15823 -1
      vertex 18.2709 8.13473 -1
    endloop
  endfacet
  facet normal -0 0 -1
    outer loop
      vertex 22.8386 10.1684 -1
      vertex 18.2709 8.13473 -1
      vertex 20.2254 14.6946 -1
    endloop
  endfacet
  facet normal 0 0 -1
    outer loop
      vertex 16.1803 11.7557 -1
      vertex 20.2254 14.6946 -1
      vertex 18.2709 8.13473 -1
    endloop
  endfacet
  facet normal -0 0 -1
    outer loop
      vertex 20.2254 14.6946 -1
      vertex 16.1803 11.7557 -1
      vertex 16.7283 18.5786 -1
    endloop
  endfacet
  facet normal 0 0 -1
    outer loop
      vertex 13.3826 14.8629 -1
      vertex 16.7283 18.5786 -1
      vertex 16.1803 11.7557 -1
    endloop
  endfacet
  facet normal 0 0 -1
    outer loop
      vertex 13.3826 14.8629 -1
      vertex 12.5 21.6506 -1
      vertex 16.7283 18.5786 -1
    endloop
  endfacet
  facet normal 0 0 -1
    outer loop
      vertex 10 17.3205 -1
      vertex 12.5 21.6506 -1
      vertex 13.3826 14.8629 -1
    endloop
  endfacet
  facet normal 0 0 -1
    outer loop
      vertex 10 17.3205 -1
      vertex 7.72542 23.7764 -1
      vertex 12.5 21.6506 -1
    endloop
  endfacet
  facet normal 0 0 -1
    outer loop
      vertex 6.18034 19.0211 -1
      vertex 7.72542 23.7764 -1
      vertex 10 17.3205 -1
    endloop
  endfacet
  facet normal 0 0 -1
    outer loop
      vertex 2.5 20 -1
      vertex 7.72542 23.7764 -1
      vertex 6.18034 19.0211 -1
    endloop
  endfacet
  facet normal 0 0 -1
    outer loop
      vertex 7.72542 23.7764 -1
      vertex 2.5 20 -1
      vertex 1.76777 21.7678 -1
    endloop
  endfacet
  facet normal 0 -0 -1
    outer loop
      vertex 2.5 20 -1
      vertex 6.18034 19.0211 -1
      vertex 2.42516 19.8193 -1
    endloop
  endfacet
  facet normal -0 0 -1
    outer loop
      vertex 7.72542 23.7764 -1
      vertex 1.76777 21.7678 -1
      vertex 2.61321 24.863 -1
    endloop
  endfacet
  facet normal 0 0 -1
    outer loop
      vertex 0 22.5 -1
      vertex 2.61321 24.863 -1
      vertex 1.76777 21.7678 -1
    endloop
  endfacet
  facet normal 0 0 -1
    outer loop
      vertex -2.61321 24.863 -1
      vertex 0 22.5 -1
      vertex -1.76777 21.7678 -1
    endloop
  endfacet
  facet normal 0 0 -1
    outer loop
      vertex 0 22.5 -1
      vertex -2.61321 24.863 -1
      vertex 2.61321 24.863 -1
    endloop
  endfacet
  facet normal 0 0 -1
    outer loop
      vertex -7.72542 23.7764 -1
      vertex -1.76777 21.7678 -1
      vertex -2.5 20 -1
    endloop
  endfacet
  facet normal 0 0 -1
    outer loop
      vertex -2.5 -20 -1
      vertex -6.18034 -19.0211 -1
      vertex -2.42516 -19.8193 -1
    endloop
  endfacet
  facet normal -0 0 -1
    outer loop
      vertex -1.76777 -21.7678 -1
      vertex -7.72542 -23.7764 -1
      vertex -2.5 -20 -1
    endloop
  endfacet
  facet normal -0 0 -1
    outer loop
      vertex -2.5 -20 -1
      vertex -7.72542 -23.7764 -1
      vertex -6.18034 -19.0211 -1
    endloop
  endfacet
  facet normal 0 0 -1
    outer loop
      vertex -7.72542 -23.7764 -1
      vertex -10 -17.3205 -1
      vertex -6.18034 -19.0211 -1
    endloop
  endfacet
  facet normal 0 0 -1
    outer loop
      vertex -12.5 -21.6506 -1
      vertex -10 -17.3205 -1
      vertex -7.72542 -23.7764 -1
    endloop
  endfacet
  facet normal 0 0 -1
    outer loop
      vertex -12.5 -21.6506 -1
      vertex -13.3826 -14.8629 -1
      vertex -10 -17.3205 -1
    endloop
  endfacet
  facet normal 0 0 -1
    outer loop
      vertex -16.7283 -18.5786 -1
      vertex -13.3826 -14.8629 -1
      vertex -12.5 -21.6506 -1
    endloop
  endfacet
  facet normal -0 0 -1
    outer loop
      vertex -13.3826 -14.8629 -1
      vertex -16.7283 -18.5786 -1
      vertex -16.1803 -11.7557 -1
    endloop
  endfacet
  facet normal 0 0 -1
    outer loop
      vertex -20.2254 -14.6946 -1
      vertex -16.1803 -11.7557 -1
      vertex -16.7283 -18.5786 -1
    endloop
  endfacet
  facet normal -0 0 -1
    outer loop
      vertex -16.1803 -11.7557 -1
      vertex -20.2254 -14.6946 -1
      vertex -18.2709 -8.13473 -1
    endloop
  endfacet
  facet normal 0 0 -1
    outer loop
      vertex -19.563 -4.15823 -1
      vertex -20 -2.5 -1
      vertex -19.7482 -2.3957 -1
    endloop
  endfacet
  facet normal 0 0 -1
    outer loop
      vertex -22.8386 -10.1684 -1
      vertex -18.2709 -8.13473 -1
      vertex -20.2254 -14.6946 -1
    endloop
  endfacet
  facet normal -0 0 -1
    outer loop
      vertex -18.2709 -8.13473 -1
      vertex -22.8386 -10.1684 -1
      vertex -19.563 -4.15823 -1
    endloop
  endfacet
  facet normal 0 0 -1
    outer loop
      vertex -24.4537 -5.19779 -1
      vertex -19.563 -4.15823 -1
      vertex -22.8386 -10.1684 -1
    endloop
  endfacet
  facet normal 0 -0 -1
    outer loop
      vertex -21.7678 -1.76777 -1
      vertex -19.563 -4.15823 -1
      vertex -24.4537 -5.19779 -1
    endloop
  endfacet
  facet normal 0 0 -1
    outer loop
      vertex -19.563 -4.15823 -1
      vertex -21.7678 -1.76777 -1
      vertex -20 -2.5 -1
    endloop
  endfacet
  facet normal 0 0 -1
    outer loop
      vertex -6.18034 19.0211 -1
      vertex -2.5 20 -1
      vertex -2.42516 19.8193 -1
    endloop
  endfacet
  facet normal 0 0 -1
    outer loop
      vertex -7.72542 23.7764 -1
      vertex -2.5 20 -1
      vertex -6.18034 19.0211 -1
    endloop
  endfacet
  facet normal 0 0 -1
    outer loop
      vertex -1.76777 21.7678 -1
      vertex -7.72542 23.7764 -1
      vertex -2.61321 24.863 -1
    endloop
  endfacet
  facet normal 0 0 -1
    outer loop
      vertex -10 17.3205 -1
      vertex -7.72542 23.7764 -1
      vertex -6.18034 19.0211 -1
    endloop
  endfacet
  facet normal 0 0 -1
    outer loop
      vertex -10 17.3205 -1
      vertex -12.5 21.6506 -1
      vertex -7.72542 23.7764 -1
    endloop
  endfacet
  facet normal 0 0 -1
    outer loop
      vertex -13.3826 14.8629 -1
      vertex -12.5 21.6506 -1
      vertex -10 17.3205 -1
    endloop
  endfacet
  facet normal 0 0 -1
    outer loop
      vertex -16.7283 18.5786 -1
      vertex -13.3826 14.8629 -1
      vertex -16.1803 11.7557 -1
    endloop
  endfacet
  facet normal 0 0 -1
    outer loop
      vertex -13.3826 14.8629 -1
      vertex -16.7283 18.5786 -1
      vertex -12.5 21.6506 -1
    endloop
  endfacet
  facet normal 0 0 -1
    outer loop
      vertex -20.2254 14.6946 -1
      vertex -16.1803 11.7557 -1
      vertex -18.2709 8.13473 -1
    endloop
  endfacet
  facet normal 0 0 -1
    outer loop
      vertex -22.8386 10.1684 -1
      vertex -18.2709 8.13473 -1
      vertex -19.563 4.15823 -1
    endloop
  endfacet
  facet normal 0 0 -1
    outer loop
      vertex -20 2.5 -1
      vertex -19.563 4.15823 -1
      vertex -19.7482 2.3957 -1
    endloop
  endfacet
  facet normal 0 0 -1
    outer loop
      vertex -21.7678 1.76777 -1
      vertex -19.563 4.15823 -1
      vertex -20 2.5 -1
    endloop
  endfacet
  facet normal 0 0 -1
    outer loop
      vertex -16.1803 11.7557 -1
      vertex -20.2254 14.6946 -1
      vertex -16.7283 18.5786 -1
    endloop
  endfacet
  facet normal -0 0 -1
    outer loop
      vertex -19.563 4.15823 -1
      vertex -21.7678 1.76777 -1
      vertex -24.4537 5.19779 -1
    endloop
  endfacet
  facet normal 0 0 -1
    outer loop
      vertex -25 0 -1
      vertex -21.7678 1.76777 -1
      vertex -22.5 0 -1
    endloop
  endfacet
  facet normal 0 0 -1
    outer loop
      vertex -18.2709 8.13473 -1
      vertex -22.8386 10.1684 -1
      vertex -20.2254 14.6946 -1
    endloop
  endfacet
  facet normal 0 0 -1
    outer loop
      vertex -25 0 -1
      vertex -21.7678 -1.76777 -1
      vertex -24.4537 -5.19779 -1
    endloop
  endfacet
  facet normal 0 0 -1
    outer loop
      vertex -21.7678 -1.76777 -1
      vertex -25 0 -1
      vertex -22.5 0 -1
    endloop
  endfacet
  facet normal 0 0 -1
    outer loop
      vertex -19.563 4.15823 -1
      vertex -24.4537 5.19779 -1
      vertex -22.8386 10.1684 -1
    endloop
  endfacet
  facet normal -0 0 -1
    outer loop
      vertex -21.7678 1.76777 -1
      vertex -25 0 -1
      vertex -24.4537 5.19779 -1
    endloop
  endfacet
  facet normal 0 0 -1
    outer loop
      vertex -10 -2 -1
      vertex -17.5 0 -1
      vertex -10 2 -1
    endloop
  endfacet
  facet normal 0 0 -1
    outer loop
      vertex -10 -2 -1
      vertex -18.2322 -1.76777 -1
      vertex -17.5 0 -1
    endloop
  endfacet
  facet normal 0 -0 -1
    outer loop
      vertex -18.2322 -1.76777 -1
      vertex -10 -2 -1
      vertex -18.7929 -2 -1
    endloop
  endfacet
  facet normal 0 0 -1
    outer loop
      vertex -18.2322 1.76777 -1
      vertex -10 2 -1
      vertex -17.5 0 -1
    endloop
  endfacet
  facet normal -0 0 -1
    outer loop
      vertex -10 2 -1
      vertex -18.2322 1.76777 -1
      vertex -18.7929 2 -1
    endloop
  endfacet
  facet normal -0.40674 0.913544 0
    outer loop
      vertex -7.72542 23.7764 -1
      vertex -12.5 21.6506 1
      vertex -7.72542 23.7764 1
    endloop
  endfacet
  facet normal -0.40674 0.913544 0
    outer loop
      vertex -12.5 21.6506 1
      vertex -7.72542 23.7764 -1
      vertex -12.5 21.6506 -1
    endloop
  endfacet
  facet normal -0.994522 -0.104527 0
    outer loop
      vertex -24.4537 -5.19779 -1
      vertex -25 0 1
      vertex -25 0 -1
    endloop
  endfacet
  facet normal -0.994522 -0.104527 0
    outer loop
      vertex -25 0 1
      vertex -24.4537 -5.19779 -1
      vertex -24.4537 -5.19779 1
    endloop
  endfacet
  facet normal -0.743151 -0.669123 0
    outer loop
      vertex -16.7283 -18.5786 -1
      vertex -20.2254 -14.6946 1
      vertex -20.2254 -14.6946 -1
    endloop
  endfacet
  facet normal -0.743151 -0.669123 0
    outer loop
      vertex -20.2254 -14.6946 1
      vertex -16.7283 -18.5786 -1
      vertex -16.7283 -18.5786 1
    endloop
  endfacet
  facet normal -0.866026 -0.5 0
    outer loop
      vertex -20.2254 -14.6946 -1
      vertex -22.8386 -10.1684 1
      vertex -22.8386 -10.1684 -1
    endloop
  endfacet
  facet normal -0.866026 -0.5 0
    outer loop
      vertex -22.8386 -10.1684 1
      vertex -20.2254 -14.6946 -1
      vertex -20.2254 -14.6946 1
    endloop
  endfacet
  facet normal 0.207906 -0.978149 0
    outer loop
      vertex 2.61321 -24.863 -1
      vertex 7.72542 -23.7764 1
      vertex 2.61321 -24.863 1
    endloop
  endfacet
  facet normal 0.207906 -0.978149 0
    outer loop
      vertex 7.72542 -23.7764 1
      vertex 2.61321 -24.863 -1
      vertex 7.72542 -23.7764 -1
    endloop
  endfacet
  facet normal -0.994522 0.104527 0
    outer loop
      vertex -25 0 -1
      vertex -24.4537 5.19779 1
      vertex -24.4537 5.19779 -1
    endloop
  endfacet
  facet normal -0.994522 0.104527 0
    outer loop
      vertex -24.4537 5.19779 1
      vertex -25 0 -1
      vertex -25 0 1
    endloop
  endfacet
  facet normal 0.207906 0.978149 -0
    outer loop
      vertex 7.72542 23.7764 -1
      vertex 2.61321 24.863 1
      vertex 7.72542 23.7764 1
    endloop
  endfacet
  facet normal 0.207906 0.978149 0
    outer loop
      vertex 2.61321 24.863 1
      vertex 7.72542 23.7764 -1
      vertex 2.61321 24.863 -1
    endloop
  endfacet
  facet normal 0.58778 0.809021 -0
    outer loop
      vertex 16.7283 18.5786 -1
      vertex 12.5 21.6506 1
      vertex 16.7283 18.5786 1
    endloop
  endfacet
  facet normal 0.58778 0.809021 0
    outer loop
      vertex 12.5 21.6506 1
      vertex 16.7283 18.5786 -1
      vertex 12.5 21.6506 -1
    endloop
  endfacet
  facet normal -0.207906 0.978149 0
    outer loop
      vertex -2.61321 24.863 -1
      vertex -7.72542 23.7764 1
      vertex -2.61321 24.863 1
    endloop
  endfacet
  facet normal -0.207906 0.978149 0
    outer loop
      vertex -7.72542 23.7764 1
      vertex -2.61321 24.863 -1
      vertex -7.72542 23.7764 -1
    endloop
  endfacet
  facet normal 0.40674 -0.913544 0
    outer loop
      vertex 7.72542 -23.7764 -1
      vertex 12.5 -21.6506 1
      vertex 7.72542 -23.7764 1
    endloop
  endfacet
  facet normal 0.40674 -0.913544 0
    outer loop
      vertex 12.5 -21.6506 1
      vertex 7.72542 -23.7764 -1
      vertex 12.5 -21.6506 -1
    endloop
  endfacet
  facet normal 0 -1 0
    outer loop
      vertex -2.61321 -24.863 -1
      vertex 2.61321 -24.863 1
      vertex -2.61321 -24.863 1
    endloop
  endfacet
  facet normal 0 -1 -0
    outer loop
      vertex 2.61321 -24.863 1
      vertex -2.61321 -24.863 -1
      vertex 2.61321 -24.863 -1
    endloop
  endfacet
  facet normal -0.207906 -0.978149 0
    outer loop
      vertex -7.72542 -23.7764 -1
      vertex -2.61321 -24.863 1
      vertex -7.72542 -23.7764 1
    endloop
  endfacet
  facet normal -0.207906 -0.978149 -0
    outer loop
      vertex -2.61321 -24.863 1
      vertex -7.72542 -23.7764 -1
      vertex -2.61321 -24.863 -1
    endloop
  endfacet
  facet normal -0.951054 0.309026 0
    outer loop
      vertex -24.4537 5.19779 -1
      vertex -22.8386 10.1684 1
      vertex -22.8386 10.1684 -1
    endloop
  endfacet
  facet normal -0.951054 0.309026 0
    outer loop
      vertex -22.8386 10.1684 1
      vertex -24.4537 5.19779 -1
      vertex -24.4537 5.19779 1
    endloop
  endfacet
  facet normal -0.743149 -0.669126 0
    outer loop
      vertex -13.3826 -14.8629 -30
      vertex -16.1803 -11.7557 -1
      vertex -16.1803 -11.7557 -30
    endloop
  endfacet
  facet normal -0.743149 -0.669126 0
    outer loop
      vertex -16.1803 -11.7557 -1
      vertex -13.3826 -14.8629 -30
      vertex -13.3826 -14.8629 -1
    endloop
  endfacet
  facet normal 0.951053 0.309029 0
    outer loop
      vertex 19.563 4.15823 -1
      vertex 18.2709 8.13473 -30
      vertex 18.2709 8.13473 -1
    endloop
  endfacet
  facet normal 0.951053 0.309029 0
    outer loop
      vertex 18.2709 8.13473 -30
      vertex 19.563 4.15823 -1
      vertex 19.563 4.15823 -30
    endloop
  endfacet
  facet normal 0.994533 0.104425 -0
    outer loop
      vertex 19.594 3.86299 -6.5
      vertex 19.563 4.15823 -1
      vertex 19.594 3.86299 -3.5
    endloop
  endfacet
  facet normal 0.994525 0.104501 -9.03222e-06
    outer loop
      vertex 19.7482 2.3957 -1
      vertex 19.594 3.86299 -3.5
      vertex 19.563 4.15823 -1
    endloop
  endfacet
  facet normal 0.994523 0.104516 0
    outer loop
      vertex 19.7482 2.3957 -1
      vertex 19.7482 2.3957 -3.5
      vertex 19.594 3.86299 -3.5
    endloop
  endfacet
  facet normal 0 0 0
    outer loop
      vertex 19.7482 2.3957 -3.5
      vertex 19.7482 2.3957 -1
      vertex 19.7482 2.3957 0
    endloop
  endfacet
  facet normal 0.994533 0.104425 0
    outer loop
      vertex 19.563 4.15823 -1
      vertex 19.594 3.86299 -6.5
      vertex 19.563 4.15823 -30
    endloop
  endfacet
  facet normal 0.994522 0.104524 -0
    outer loop
      vertex 20 0 -30
      vertex 19.594 3.86299 -6.5
      vertex 20 0 -6.5
    endloop
  endfacet
  facet normal 0.994523 0.104517 1.16786e-06
    outer loop
      vertex 19.594 3.86299 -6.5
      vertex 20 0 -30
      vertex 19.563 4.15823 -30
    endloop
  endfacet
  facet normal 0.866022 0.500006 0
    outer loop
      vertex 18.2709 8.13473 -1
      vertex 16.1803 11.7557 -30
      vertex 16.1803 11.7557 -1
    endloop
  endfacet
  facet normal 0.866022 0.500006 0
    outer loop
      vertex 16.1803 11.7557 -30
      vertex 18.2709 8.13473 -1
      vertex 18.2709 8.13473 -30
    endloop
  endfacet
  facet normal 0.951053 -0.309029 0
    outer loop
      vertex 18.2709 -8.13473 -1
      vertex 19.563 -4.15823 -30
      vertex 19.563 -4.15823 -1
    endloop
  endfacet
  facet normal 0.951053 -0.309029 0
    outer loop
      vertex 19.563 -4.15823 -30
      vertex 18.2709 -8.13473 -1
      vertex 18.2709 -8.13473 -30
    endloop
  endfacet
  facet normal 0.587785 -0.809017 0
    outer loop
      vertex 10 -17.3205 -30
      vertex 13.3826 -14.8629 -1
      vertex 10 -17.3205 -1
    endloop
  endfacet
  facet normal 0.587785 -0.809017 0
    outer loop
      vertex 13.3826 -14.8629 -1
      vertex 10 -17.3205 -30
      vertex 13.3826 -14.8629 -30
    endloop
  endfacet
  facet normal 0.743149 -0.669126 0
    outer loop
      vertex 13.3826 -14.8629 -1
      vertex 16.1803 -11.7557 -30
      vertex 16.1803 -11.7557 -1
    endloop
  endfacet
  facet normal 0.743149 -0.669126 0
    outer loop
      vertex 16.1803 -11.7557 -30
      vertex 13.3826 -14.8629 -1
      vertex 13.3826 -14.8629 -30
    endloop
  endfacet
  facet normal 0 0 0
    outer loop
      vertex 19.7482 -2.3957 0
      vertex 19.7482 -2.3957 -1
      vertex 19.7482 -2.3957 -3.5
    endloop
  endfacet
  facet normal 0.994523 -0.104516 0
    outer loop
      vertex 19.7482 -2.3957 -1
      vertex 19.594 -3.86299 -3.5
      vertex 19.7482 -2.3957 -3.5
    endloop
  endfacet
  facet normal 0.994533 -0.104425 0
    outer loop
      vertex 19.594 -3.86299 -3.5
      vertex 19.563 -4.15823 -1
      vertex 19.594 -3.86299 -6.5
    endloop
  endfacet
  facet normal 0.994525 -0.104501 -9.03222e-06
    outer loop
      vertex 19.563 -4.15823 -1
      vertex 19.594 -3.86299 -3.5
      vertex 19.7482 -2.3957 -1
    endloop
  endfacet
  facet normal 0.994522 -0.104524 0
    outer loop
      vertex 19.594 -3.86299 -6.5
      vertex 20 0 -30
      vertex 20 0 -6.5
    endloop
  endfacet
  facet normal 0.994523 -0.104517 1.16786e-06
    outer loop
      vertex 19.594 -3.86299 -6.5
      vertex 19.563 -4.15823 -30
      vertex 20 0 -30
    endloop
  endfacet
  facet normal 0.994533 -0.104425 0
    outer loop
      vertex 19.563 -4.15823 -30
      vertex 19.594 -3.86299 -6.5
      vertex 19.563 -4.15823 -1
    endloop
  endfacet
  facet normal -0.406732 -0.913547 0
    outer loop
      vertex -10 -17.3205 -30
      vertex -6.18034 -19.0211 -1
      vertex -10 -17.3205 -1
    endloop
  endfacet
  facet normal -0.406732 -0.913547 -0
    outer loop
      vertex -6.18034 -19.0211 -1
      vertex -10 -17.3205 -30
      vertex -6.18034 -19.0211 -30
    endloop
  endfacet
  facet normal 0.406732 0.913547 -0
    outer loop
      vertex 10 17.3205 -30
      vertex 6.18034 19.0211 -1
      vertex 10 17.3205 -1
    endloop
  endfacet
  facet normal 0.406732 0.913547 0
    outer loop
      vertex 6.18034 19.0211 -1
      vertex 10 17.3205 -30
      vertex 6.18034 19.0211 -30
    endloop
  endfacet
  facet normal 0.743149 0.669126 0
    outer loop
      vertex 16.1803 11.7557 -1
      vertex 13.3826 14.8629 -30
      vertex 13.3826 14.8629 -1
    endloop
  endfacet
  facet normal 0.743149 0.669126 0
    outer loop
      vertex 13.3826 14.8629 -30
      vertex 16.1803 11.7557 -1
      vertex 16.1803 11.7557 -30
    endloop
  endfacet
  facet normal -0.587785 -0.809017 0
    outer loop
      vertex -13.3826 -14.8629 -30
      vertex -10 -17.3205 -1
      vertex -13.3826 -14.8629 -1
    endloop
  endfacet
  facet normal -0.587785 -0.809017 -0
    outer loop
      vertex -10 -17.3205 -1
      vertex -13.3826 -14.8629 -30
      vertex -10 -17.3205 -30
    endloop
  endfacet
  facet normal -0.743149 0.669126 0
    outer loop
      vertex -16.1803 11.7557 -30
      vertex -13.3826 14.8629 -1
      vertex -13.3826 14.8629 -30
    endloop
  endfacet
  facet normal -0.743149 0.669126 0
    outer loop
      vertex -13.3826 14.8629 -1
      vertex -16.1803 11.7557 -30
      vertex -16.1803 11.7557 -1
    endloop
  endfacet
  facet normal 0 1 -0
    outer loop
      vertex 2.09057 19.8904 -30
      vertex -2.09057 19.8904 -6.5
      vertex 2.09057 19.8904 -6.5
    endloop
  endfacet
  facet normal 0 1 0
    outer loop
      vertex -2.09057 19.8904 -6.5
      vertex 2.09057 19.8904 -30
      vertex -2.09057 19.8904 -30
    endloop
  endfacet
  facet normal 0.406732 -0.913547 0
    outer loop
      vertex 6.18034 -19.0211 -30
      vertex 10 -17.3205 -1
      vertex 6.18034 -19.0211 -1
    endloop
  endfacet
  facet normal 0.406732 -0.913547 0
    outer loop
      vertex 10 -17.3205 -1
      vertex 6.18034 -19.0211 -30
      vertex 10 -17.3205 -30
    endloop
  endfacet
  facet normal 0.207901 -0.97815 0
    outer loop
      vertex 2.09057 -19.8904 -6.5
      vertex 2.09057 -19.8904 -30
      vertex 3.85349 -19.5157 -6.5
    endloop
  endfacet
  facet normal 0.207911 -0.978148 0
    outer loop
      vertex 3.85349 -19.5157 -3.5
      vertex 2.42516 -19.8193 -1
      vertex 2.42516 -19.8193 -3.5
    endloop
  endfacet
  facet normal 0.207915 -0.978147 2.12114e-06
    outer loop
      vertex 2.42516 -19.8193 -1
      vertex 3.85349 -19.5157 -3.5
      vertex 6.18034 -19.0211 -1
    endloop
  endfacet
  facet normal 0.207917 -0.978147 0
    outer loop
      vertex 3.85349 -19.5157 -6.5
      vertex 6.18034 -19.0211 -1
      vertex 3.85349 -19.5157 -3.5
    endloop
  endfacet
  facet normal 0.20791 -0.978148 -7.07707e-07
    outer loop
      vertex 6.18034 -19.0211 -30
      vertex 3.85349 -19.5157 -6.5
      vertex 2.09057 -19.8904 -30
    endloop
  endfacet
  facet normal 0.207917 -0.978147 0
    outer loop
      vertex 3.85349 -19.5157 -6.5
      vertex 6.18034 -19.0211 -30
      vertex 6.18034 -19.0211 -1
    endloop
  endfacet
  facet normal 0 0 0
    outer loop
      vertex 2.42516 -19.8193 -3.5
      vertex 2.42516 -19.8193 -1
      vertex 2.42516 -19.8193 0
    endloop
  endfacet
  facet normal -0.951053 0.309029 0
    outer loop
      vertex -19.563 4.15823 -30
      vertex -18.2709 8.13473 -1
      vertex -18.2709 8.13473 -30
    endloop
  endfacet
  facet normal -0.951053 0.309029 0
    outer loop
      vertex -18.2709 8.13473 -1
      vertex -19.563 4.15823 -30
      vertex -19.563 4.15823 -1
    endloop
  endfacet
  facet normal 0 0 -1
    outer loop
      vertex -16.1803 -11.7557 -30
      vertex -5.3033 -5.3033 -30
      vertex -13.3826 -14.8629 -30
    endloop
  endfacet
  facet normal -0 0 -1
    outer loop
      vertex -5.3033 -5.3033 -30
      vertex -16.1803 -11.7557 -30
      vertex -10 -2 -30
    endloop
  endfacet
  facet normal 0 0 -1
    outer loop
      vertex -18.2709 -8.13473 -30
      vertex -10 -2 -30
      vertex -16.1803 -11.7557 -30
    endloop
  endfacet
  facet normal 0 0 -1
    outer loop
      vertex -19.563 -4.15823 -30
      vertex -10 -2 -30
      vertex -18.2709 -8.13473 -30
    endloop
  endfacet
  facet normal -0 0 -1
    outer loop
      vertex -10 -2 -30
      vertex -19.563 -4.15823 -30
      vertex -19.7898 -2 -30
    endloop
  endfacet
  facet normal 0 0 -1
    outer loop
      vertex 7.5 0 -30
      vertex 20 0 -30
      vertex 19.563 -4.15823 -30
    endloop
  endfacet
  facet normal 0 0 -1
    outer loop
      vertex 7.24444 -1.94114 -30
      vertex 19.563 -4.15823 -30
      vertex 18.2709 -8.13473 -30
    endloop
  endfacet
  facet normal 0 0 -1
    outer loop
      vertex 20 0 -30
      vertex 7.5 0 -30
      vertex 19.563 4.15823 -30
    endloop
  endfacet
  facet normal 0 0 -1
    outer loop
      vertex 6.49519 -3.75 -30
      vertex 18.2709 -8.13473 -30
      vertex 16.1803 -11.7557 -30
    endloop
  endfacet
  facet normal 0 0 -1
    outer loop
      vertex 7.24444 1.94114 -30
      vertex 19.563 4.15823 -30
      vertex 7.5 0 -30
    endloop
  endfacet
  facet normal 0 0 -1
    outer loop
      vertex 5.3033 -5.3033 -30
      vertex 16.1803 -11.7557 -30
      vertex 13.3826 -14.8629 -30
    endloop
  endfacet
  facet normal -0 0 -1
    outer loop
      vertex 19.563 4.15823 -30
      vertex 7.24444 1.94114 -30
      vertex 18.2709 8.13473 -30
    endloop
  endfacet
  facet normal 0 0 -1
    outer loop
      vertex 3.75 -6.49519 -30
      vertex 13.3826 -14.8629 -30
      vertex 10 -17.3205 -30
    endloop
  endfacet
  facet normal 0 0 -1
    outer loop
      vertex 6.49519 3.75 -30
      vertex 18.2709 8.13473 -30
      vertex 7.24444 1.94114 -30
    endloop
  endfacet
  facet normal -0 0 -1
    outer loop
      vertex 18.2709 8.13473 -30
      vertex 6.49519 3.75 -30
      vertex 16.1803 11.7557 -30
    endloop
  endfacet
  facet normal 0 0 -1
    outer loop
      vertex 19.563 -4.15823 -30
      vertex 7.24444 -1.94114 -30
      vertex 7.5 0 -30
    endloop
  endfacet
  facet normal 0 0 -1
    outer loop
      vertex 18.2709 -8.13473 -30
      vertex 6.49519 -3.75 -30
      vertex 7.24444 -1.94114 -30
    endloop
  endfacet
  facet normal 0 0 -1
    outer loop
      vertex 3.75 -6.49519 -30
      vertex 10 -17.3205 -30
      vertex 6.18034 -19.0211 -30
    endloop
  endfacet
  facet normal 0 0 -1
    outer loop
      vertex 16.1803 -11.7557 -30
      vertex 5.3033 -5.3033 -30
      vertex 6.49519 -3.75 -30
    endloop
  endfacet
  facet normal 0 0 -1
    outer loop
      vertex 13.3826 -14.8629 -30
      vertex 3.75 -6.49519 -30
      vertex 5.3033 -5.3033 -30
    endloop
  endfacet
  facet normal 0 0 -1
    outer loop
      vertex 1.94114 -7.24444 -30
      vertex 6.18034 -19.0211 -30
      vertex 2.09057 -19.8904 -30
    endloop
  endfacet
  facet normal 0 0 -1
    outer loop
      vertex 6.18034 -19.0211 -30
      vertex 1.94114 -7.24444 -30
      vertex 3.75 -6.49519 -30
    endloop
  endfacet
  facet normal 0 0 -1
    outer loop
      vertex 2.09057 -19.8904 -30
      vertex 0 -7.5 -30
      vertex 1.94114 -7.24444 -30
    endloop
  endfacet
  facet normal 0 0 -1
    outer loop
      vertex -2.09057 -19.8904 -30
      vertex 0 -7.5 -30
      vertex 2.09057 -19.8904 -30
    endloop
  endfacet
  facet normal -0 0 -1
    outer loop
      vertex 0 -7.5 -30
      vertex -2.09057 -19.8904 -30
      vertex -1.94114 -7.24444 -30
    endloop
  endfacet
  facet normal 0 0 -1
    outer loop
      vertex -6.18034 -19.0211 -30
      vertex -1.94114 -7.24444 -30
      vertex -2.09057 -19.8904 -30
    endloop
  endfacet
  facet normal -0 0 -1
    outer loop
      vertex -1.94114 -7.24444 -30
      vertex -6.18034 -19.0211 -30
      vertex -3.75 -6.49519 -30
    endloop
  endfacet
  facet normal 0 0 -1
    outer loop
      vertex -10 -17.3205 -30
      vertex -3.75 -6.49519 -30
      vertex -6.18034 -19.0211 -30
    endloop
  endfacet
  facet normal 0 0 -1
    outer loop
      vertex -13.3826 -14.8629 -30
      vertex -3.75 -6.49519 -30
      vertex -10 -17.3205 -30
    endloop
  endfacet
  facet normal -0 0 -1
    outer loop
      vertex -3.75 -6.49519 -30
      vertex -13.3826 -14.8629 -30
      vertex -5.3033 -5.3033 -30
    endloop
  endfacet
  facet normal 0 0 -1
    outer loop
      vertex -5.3033 -5.3033 -30
      vertex -10 -2 -30
      vertex -6.49519 -3.75 -30
    endloop
  endfacet
  facet normal 0 0 -1
    outer loop
      vertex -6.49519 -3.75 -30
      vertex -10 -2 -30
      vertex -7.24444 -1.94114 -30
    endloop
  endfacet
  facet normal 0 0 -1
    outer loop
      vertex 5.3033 5.3033 -30
      vertex 16.1803 11.7557 -30
      vertex 6.49519 3.75 -30
    endloop
  endfacet
  facet normal -0 0 -1
    outer loop
      vertex 16.1803 11.7557 -30
      vertex 5.3033 5.3033 -30
      vertex 13.3826 14.8629 -30
    endloop
  endfacet
  facet normal 0 0 -1
    outer loop
      vertex 3.75 6.49519 -30
      vertex 13.3826 14.8629 -30
      vertex 5.3033 5.3033 -30
    endloop
  endfacet
  facet normal -0 0 -1
    outer loop
      vertex 13.3826 14.8629 -30
      vertex 3.75 6.49519 -30
      vertex 10 17.3205 -30
    endloop
  endfacet
  facet normal -0 0 -1
    outer loop
      vertex 10 17.3205 -30
      vertex 3.75 6.49519 -30
      vertex 6.18034 19.0211 -30
    endloop
  endfacet
  facet normal 0 0 -1
    outer loop
      vertex 1.94114 7.24444 -30
      vertex 6.18034 19.0211 -30
      vertex 3.75 6.49519 -30
    endloop
  endfacet
  facet normal -0 0 -1
    outer loop
      vertex 6.18034 19.0211 -30
      vertex 1.94114 7.24444 -30
      vertex 2.09057 19.8904 -30
    endloop
  endfacet
  facet normal 0 0 -1
    outer loop
      vertex 0 7.5 -30
      vertex 2.09057 19.8904 -30
      vertex 1.94114 7.24444 -30
    endloop
  endfacet
  facet normal 0 0 -1
    outer loop
      vertex -2.09057 19.8904 -30
      vertex 0 7.5 -30
      vertex -1.94114 7.24444 -30
    endloop
  endfacet
  facet normal 0 0 -1
    outer loop
      vertex 0 7.5 -30
      vertex -2.09057 19.8904 -30
      vertex 2.09057 19.8904 -30
    endloop
  endfacet
  facet normal 0 0 -1
    outer loop
      vertex -6.18034 19.0211 -30
      vertex -1.94114 7.24444 -30
      vertex -3.75 6.49519 -30
    endloop
  endfacet
  facet normal 0 0 -1
    outer loop
      vertex -13.3826 14.8629 -30
      vertex -3.75 6.49519 -30
      vertex -5.3033 5.3033 -30
    endloop
  endfacet
  facet normal 0 0 -1
    outer loop
      vertex -1.94114 7.24444 -30
      vertex -6.18034 19.0211 -30
      vertex -2.09057 19.8904 -30
    endloop
  endfacet
  facet normal 0 0 -1
    outer loop
      vertex -16.1803 11.7557 -30
      vertex -5.3033 5.3033 -30
      vertex -6.49519 3.75 -30
    endloop
  endfacet
  facet normal 0 0 -1
    outer loop
      vertex -10 2 -30
      vertex -6.49519 3.75 -30
      vertex -7.24444 1.94114 -30
    endloop
  endfacet
  facet normal 0 0 -1
    outer loop
      vertex -10 2 -30
      vertex -7.24444 1.94114 -30
      vertex -7.5 0 -30
    endloop
  endfacet
  facet normal -0 0 -1
    outer loop
      vertex -7.24444 -1.94114 -30
      vertex -10 -2 -30
      vertex -7.5 0 -30
    endloop
  endfacet
  facet normal 0 0 -1
    outer loop
      vertex -10 2 -30
      vertex -7.5 0 -30
      vertex -10 -2 -30
    endloop
  endfacet
  facet normal 0 0 -1
    outer loop
      vertex -16.1803 11.7557 -30
      vertex -6.49519 3.75 -30
      vertex -10 2 -30
    endloop
  endfacet
  facet normal 0 0 -1
    outer loop
      vertex -3.75 6.49519 -30
      vertex -10 17.3205 -30
      vertex -6.18034 19.0211 -30
    endloop
  endfacet
  facet normal 0 0 -1
    outer loop
      vertex -3.75 6.49519 -30
      vertex -13.3826 14.8629 -30
      vertex -10 17.3205 -30
    endloop
  endfacet
  facet normal 0 0 -1
    outer loop
      vertex -5.3033 5.3033 -30
      vertex -16.1803 11.7557 -30
      vertex -13.3826 14.8629 -30
    endloop
  endfacet
  facet normal 0 0 -1
    outer loop
      vertex -10 2 -30
      vertex -18.2709 8.13473 -30
      vertex -16.1803 11.7557 -30
    endloop
  endfacet
  facet normal 0 0 -1
    outer loop
      vertex -10 2 -30
      vertex -19.563 4.15823 -30
      vertex -18.2709 8.13473 -30
    endloop
  endfacet
  facet normal 0 -0 -1
    outer loop
      vertex -19.563 4.15823 -30
      vertex -10 2 -30
      vertex -19.7898 2 -30
    endloop
  endfacet
  facet normal -0.951053 -0.309029 0
    outer loop
      vertex -18.2709 -8.13473 -30
      vertex -19.563 -4.15823 -1
      vertex -19.563 -4.15823 -30
    endloop
  endfacet
  facet normal -0.951053 -0.309029 0
    outer loop
      vertex -19.563 -4.15823 -1
      vertex -18.2709 -8.13473 -30
      vertex -18.2709 -8.13473 -1
    endloop
  endfacet
  facet normal -0.406732 0.913547 0
    outer loop
      vertex -6.18034 19.0211 -30
      vertex -10 17.3205 -1
      vertex -6.18034 19.0211 -1
    endloop
  endfacet
  facet normal -0.406732 0.913547 0
    outer loop
      vertex -10 17.3205 -1
      vertex -6.18034 19.0211 -30
      vertex -10 17.3205 -30
    endloop
  endfacet
  facet normal -0.207915 -0.978147 2.12114e-06
    outer loop
      vertex -6.18034 -19.0211 -1
      vertex -3.85349 -19.5157 -3.5
      vertex -2.42516 -19.8193 -1
    endloop
  endfacet
  facet normal -0.207917 -0.978147 0
    outer loop
      vertex -6.18034 -19.0211 -1
      vertex -3.85349 -19.5157 -6.5
      vertex -3.85349 -19.5157 -3.5
    endloop
  endfacet
  facet normal -0.207917 -0.978147 0
    outer loop
      vertex -6.18034 -19.0211 -30
      vertex -3.85349 -19.5157 -6.5
      vertex -6.18034 -19.0211 -1
    endloop
  endfacet
  facet normal -0.20791 -0.978148 -7.07707e-07
    outer loop
      vertex -2.09057 -19.8904 -30
      vertex -3.85349 -19.5157 -6.5
      vertex -6.18034 -19.0211 -30
    endloop
  endfacet
  facet normal -0.207901 -0.97815 0
    outer loop
      vertex -3.85349 -19.5157 -6.5
      vertex -2.09057 -19.8904 -30
      vertex -2.09057 -19.8904 -6.5
    endloop
  endfacet
  facet normal -0.207911 -0.978148 -0
    outer loop
      vertex -2.42516 -19.8193 -1
      vertex -3.85349 -19.5157 -3.5
      vertex -2.42516 -19.8193 -3.5
    endloop
  endfacet
  facet normal 0 -0 0
    outer loop
      vertex -2.42516 -19.8193 -1
      vertex -2.42516 -19.8193 -3.5
      vertex -2.42516 -19.8193 0
    endloop
  endfacet
  facet normal 0.207915 0.978147 2.12114e-06
    outer loop
      vertex 6.18034 19.0211 -1
      vertex 3.85349 19.5157 -3.5
      vertex 2.42516 19.8193 -1
    endloop
  endfacet
  facet normal 0.207917 0.978147 0
    outer loop
      vertex 6.18034 19.0211 -1
      vertex 3.85349 19.5157 -6.5
      vertex 3.85349 19.5157 -3.5
    endloop
  endfacet
  facet normal 0.207917 0.978147 -0
    outer loop
      vertex 6.18034 19.0211 -30
      vertex 3.85349 19.5157 -6.5
      vertex 6.18034 19.0211 -1
    endloop
  endfacet
  facet normal 0.20791 0.978148 -7.07707e-07
    outer loop
      vertex 2.09057 19.8904 -30
      vertex 3.85349 19.5157 -6.5
      vertex 6.18034 19.0211 -30
    endloop
  endfacet
  facet normal 0.207901 0.97815 0
    outer loop
      vertex 3.85349 19.5157 -6.5
      vertex 2.09057 19.8904 -30
      vertex 2.09057 19.8904 -6.5
    endloop
  endfacet
  facet normal 0.207911 0.978148 0
    outer loop
      vertex 2.42516 19.8193 -1
      vertex 3.85349 19.5157 -3.5
      vertex 2.42516 19.8193 -3.5
    endloop
  endfacet
  facet normal 0 0 0
    outer loop
      vertex 2.42516 19.8193 -3.5
      vertex 2.42516 19.8193 0
      vertex 2.42516 19.8193 -1
    endloop
  endfacet
  facet normal -0.994522 -0.104524 0
    outer loop
      vertex -19.7898 -2 -30
      vertex -19.594 -3.86299 -6.5
      vertex -19.7898 -2 -6.5
    endloop
  endfacet
  facet normal -0.994533 -0.104425 -0
    outer loop
      vertex -19.563 -4.15823 -1
      vertex -19.594 -3.86299 -6.5
      vertex -19.563 -4.15823 -30
    endloop
  endfacet
  facet normal -0.994524 -0.104511 1.0844e-06
    outer loop
      vertex -19.563 -4.15823 -30
      vertex -19.594 -3.86299 -6.5
      vertex -19.7898 -2 -30
    endloop
  endfacet
  facet normal 0 0 0
    outer loop
      vertex -19.7482 -2.3957 -3.5
      vertex -19.7482 -2.3957 -1
      vertex -19.7482 -2.3957 0
    endloop
  endfacet
  facet normal -0.994523 -0.104516 0
    outer loop
      vertex -19.594 -3.86299 -3.5
      vertex -19.7482 -2.3957 -1
      vertex -19.7482 -2.3957 -3.5
    endloop
  endfacet
  facet normal -0.994525 -0.104501 -9.03222e-06
    outer loop
      vertex -19.594 -3.86299 -3.5
      vertex -19.563 -4.15823 -1
      vertex -19.7482 -2.3957 -1
    endloop
  endfacet
  facet normal -0.994533 -0.104425 0
    outer loop
      vertex -19.594 -3.86299 -6.5
      vertex -19.563 -4.15823 -1
      vertex -19.594 -3.86299 -3.5
    endloop
  endfacet
  facet normal -0.866022 -0.500006 0
    outer loop
      vertex -16.1803 -11.7557 -30
      vertex -18.2709 -8.13473 -1
      vertex -18.2709 -8.13473 -30
    endloop
  endfacet
  facet normal -0.866022 -0.500006 0
    outer loop
      vertex -18.2709 -8.13473 -1
      vertex -16.1803 -11.7557 -30
      vertex -16.1803 -11.7557 -1
    endloop
  endfacet
  facet normal -0.866022 0.500006 0
    outer loop
      vertex -18.2709 8.13473 -30
      vertex -16.1803 11.7557 -1
      vertex -16.1803 11.7557 -30
    endloop
  endfacet
  facet normal -0.866022 0.500006 0
    outer loop
      vertex -16.1803 11.7557 -1
      vertex -18.2709 8.13473 -30
      vertex -18.2709 8.13473 -1
    endloop
  endfacet
  facet normal 0.866022 -0.500006 0
    outer loop
      vertex 16.1803 -11.7557 -1
      vertex 18.2709 -8.13473 -30
      vertex 18.2709 -8.13473 -1
    endloop
  endfacet
  facet normal 0.866022 -0.500006 0
    outer loop
      vertex 18.2709 -8.13473 -30
      vertex 16.1803 -11.7557 -1
      vertex 16.1803 -11.7557 -30
    endloop
  endfacet
  facet normal 0.587785 0.809017 -0
    outer loop
      vertex 13.3826 14.8629 -30
      vertex 10 17.3205 -1
      vertex 13.3826 14.8629 -1
    endloop
  endfacet
  facet normal 0.587785 0.809017 0
    outer loop
      vertex 10 17.3205 -1
      vertex 13.3826 14.8629 -30
      vertex 10 17.3205 -30
    endloop
  endfacet
  facet normal -0.587785 0.809017 0
    outer loop
      vertex -10 17.3205 -30
      vertex -13.3826 14.8629 -1
      vertex -10 17.3205 -1
    endloop
  endfacet
  facet normal -0.587785 0.809017 0
    outer loop
      vertex -13.3826 14.8629 -1
      vertex -10 17.3205 -30
      vertex -13.3826 14.8629 -30
    endloop
  endfacet
  facet normal -0.207901 0.97815 0
    outer loop
      vertex -2.09057 19.8904 -6.5
      vertex -2.09057 19.8904 -30
      vertex -3.85349 19.5157 -6.5
    endloop
  endfacet
  facet normal -0.207911 0.978148 0
    outer loop
      vertex -3.85349 19.5157 -3.5
      vertex -2.42516 19.8193 -1
      vertex -2.42516 19.8193 -3.5
    endloop
  endfacet
  facet normal -0.207915 0.978147 2.12114e-06
    outer loop
      vertex -2.42516 19.8193 -1
      vertex -3.85349 19.5157 -3.5
      vertex -6.18034 19.0211 -1
    endloop
  endfacet
  facet normal -0.207917 0.978147 0
    outer loop
      vertex -3.85349 19.5157 -6.5
      vertex -6.18034 19.0211 -1
      vertex -3.85349 19.5157 -3.5
    endloop
  endfacet
  facet normal -0.20791 0.978148 -7.07707e-07
    outer loop
      vertex -6.18034 19.0211 -30
      vertex -3.85349 19.5157 -6.5
      vertex -2.09057 19.8904 -30
    endloop
  endfacet
  facet normal -0.207917 0.978147 0
    outer loop
      vertex -3.85349 19.5157 -6.5
      vertex -6.18034 19.0211 -30
      vertex -6.18034 19.0211 -1
    endloop
  endfacet
  facet normal 0 0 0
    outer loop
      vertex -2.42516 19.8193 -3.5
      vertex -2.42516 19.8193 -1
      vertex -2.42516 19.8193 0
    endloop
  endfacet
  facet normal 0 -1 0
    outer loop
      vertex -2.09057 -19.8904 -30
      vertex 2.09057 -19.8904 -6.5
      vertex -2.09057 -19.8904 -6.5
    endloop
  endfacet
  facet normal 0 -1 -0
    outer loop
      vertex 2.09057 -19.8904 -6.5
      vertex -2.09057 -19.8904 -30
      vertex 2.09057 -19.8904 -30
    endloop
  endfacet
  facet normal -0.994533 0.104425 0
    outer loop
      vertex -19.563 4.15823 -30
      vertex -19.594 3.86299 -6.5
      vertex -19.563 4.15823 -1
    endloop
  endfacet
  facet normal -0.994524 0.104511 1.0844e-06
    outer loop
      vertex -19.7898 2 -30
      vertex -19.594 3.86299 -6.5
      vertex -19.563 4.15823 -30
    endloop
  endfacet
  facet normal -0.994522 0.104524 0
    outer loop
      vertex -19.594 3.86299 -6.5
      vertex -19.7898 2 -30
      vertex -19.7898 2 -6.5
    endloop
  endfacet
  facet normal -0.994533 0.104425 0
    outer loop
      vertex -19.594 3.86299 -3.5
      vertex -19.563 4.15823 -1
      vertex -19.594 3.86299 -6.5
    endloop
  endfacet
  facet normal -0.994525 0.104501 -9.03222e-06
    outer loop
      vertex -19.594 3.86299 -3.5
      vertex -19.7482 2.3957 -1
      vertex -19.563 4.15823 -1
    endloop
  endfacet
  facet normal -0.994523 0.104516 0
    outer loop
      vertex -19.7482 2.3957 -3.5
      vertex -19.7482 2.3957 -1
      vertex -19.594 3.86299 -3.5
    endloop
  endfacet
  facet normal 0 0 0
    outer loop
      vertex -19.7482 2.3957 0
      vertex -19.7482 2.3957 -1
      vertex -19.7482 2.3957 -3.5
    endloop
  endfacet
  facet normal -0.92388 -0.382682 0
    outer loop
      vertex 7.24444 1.94114 -30
      vertex 6.49519 3.75 -15
      vertex 6.49519 3.75 -30
    endloop
  endfacet
  facet normal -0.92388 -0.382682 0
    outer loop
      vertex 6.49519 3.75 -15
      vertex 7.24444 1.94114 -30
      vertex 7.24444 1.94114 -15
    endloop
  endfacet
  facet normal -0.991445 -0.130528 0
    outer loop
      vertex 7.5 0 -30
      vertex 7.24444 1.94114 -15
      vertex 7.24444 1.94114 -30
    endloop
  endfacet
  facet normal -0.991445 -0.130528 0
    outer loop
      vertex 7.24444 1.94114 -15
      vertex 7.5 0 -30
      vertex 7.5 0 -15
    endloop
  endfacet
  facet normal -0.793353 -0.608762 0
    outer loop
      vertex 6.49519 3.75 -30
      vertex 5.3033 5.3033 -15
      vertex 5.3033 5.3033 -30
    endloop
  endfacet
  facet normal -0.793353 -0.608762 0
    outer loop
      vertex 5.3033 5.3033 -15
      vertex 6.49519 3.75 -30
      vertex 6.49519 3.75 -15
    endloop
  endfacet
  facet normal 0.793353 -0.608762 0
    outer loop
      vertex -6.49519 3.75 -15
      vertex -5.3033 5.3033 -30
      vertex -5.3033 5.3033 -15
    endloop
  endfacet
  facet normal 0.793353 -0.608762 0
    outer loop
      vertex -5.3033 5.3033 -30
      vertex -6.49519 3.75 -15
      vertex -6.49519 3.75 -30
    endloop
  endfacet
  facet normal 0.608762 -0.793353 0
    outer loop
      vertex -5.3033 5.3033 -30
      vertex -3.75 6.49519 -15
      vertex -5.3033 5.3033 -15
    endloop
  endfacet
  facet normal 0.608762 -0.793353 0
    outer loop
      vertex -3.75 6.49519 -15
      vertex -5.3033 5.3033 -30
      vertex -3.75 6.49519 -30
    endloop
  endfacet
  facet normal -0.382682 0.92388 0
    outer loop
      vertex 3.75 -6.49519 -30
      vertex 1.94114 -7.24444 -15
      vertex 3.75 -6.49519 -15
    endloop
  endfacet
  facet normal -0.382682 0.92388 0
    outer loop
      vertex 1.94114 -7.24444 -15
      vertex 3.75 -6.49519 -30
      vertex 1.94114 -7.24444 -30
    endloop
  endfacet
  facet normal 0.92388 -0.382682 0
    outer loop
      vertex -7.24444 1.94114 -15
      vertex -6.49519 3.75 -30
      vertex -6.49519 3.75 -15
    endloop
  endfacet
  facet normal 0.92388 -0.382682 0
    outer loop
      vertex -6.49519 3.75 -30
      vertex -7.24444 1.94114 -15
      vertex -7.24444 1.94114 -30
    endloop
  endfacet
  facet normal -0.608762 -0.793353 0
    outer loop
      vertex 3.75 6.49519 -30
      vertex 5.3033 5.3033 -15
      vertex 3.75 6.49519 -15
    endloop
  endfacet
  facet normal -0.608762 -0.793353 -0
    outer loop
      vertex 5.3033 5.3033 -15
      vertex 3.75 6.49519 -30
      vertex 5.3033 5.3033 -30
    endloop
  endfacet
  facet normal -0.130528 -0.991445 0
    outer loop
      vertex 0 7.5 -30
      vertex 1.94114 7.24444 -15
      vertex 0 7.5 -15
    endloop
  endfacet
  facet normal -0.130528 -0.991445 -0
    outer loop
      vertex 1.94114 7.24444 -15
      vertex 0 7.5 -30
      vertex 1.94114 7.24444 -30
    endloop
  endfacet
  facet normal -0.130528 0.991445 0
    outer loop
      vertex 1.94114 -7.24444 -30
      vertex 0 -7.5 -15
      vertex 1.94114 -7.24444 -15
    endloop
  endfacet
  facet normal -0.130528 0.991445 0
    outer loop
      vertex 0 -7.5 -15
      vertex 1.94114 -7.24444 -30
      vertex 0 -7.5 -30
    endloop
  endfacet
  facet normal 0 0 -1
    outer loop
      vertex 7.24444 -1.94114 -15
      vertex 7.24444 1.94114 -15
      vertex 7.5 0 -15
    endloop
  endfacet
  facet normal 0 0 -1
    outer loop
      vertex 6.49519 -3.75 -15
      vertex 7.24444 1.94114 -15
      vertex 7.24444 -1.94114 -15
    endloop
  endfacet
  facet normal 0 0 -1
    outer loop
      vertex 6.49519 -3.75 -15
      vertex 6.49519 3.75 -15
      vertex 7.24444 1.94114 -15
    endloop
  endfacet
  facet normal 0 0 -1
    outer loop
      vertex 5.3033 -5.3033 -15
      vertex 6.49519 3.75 -15
      vertex 6.49519 -3.75 -15
    endloop
  endfacet
  facet normal 0 0 -1
    outer loop
      vertex 5.3033 -5.3033 -15
      vertex 5.3033 5.3033 -15
      vertex 6.49519 3.75 -15
    endloop
  endfacet
  facet normal 0 0 -1
    outer loop
      vertex 3.75 -6.49519 -15
      vertex 5.3033 5.3033 -15
      vertex 5.3033 -5.3033 -15
    endloop
  endfacet
  facet normal 0 0 -1
    outer loop
      vertex 3.75 -6.49519 -15
      vertex 3.75 6.49519 -15
      vertex 5.3033 5.3033 -15
    endloop
  endfacet
  facet normal 0 0 -1
    outer loop
      vertex 1.94114 -7.24444 -15
      vertex 3.75 6.49519 -15
      vertex 3.75 -6.49519 -15
    endloop
  endfacet
  facet normal 0 0 -1
    outer loop
      vertex 1.94114 -7.24444 -15
      vertex 1.94114 7.24444 -15
      vertex 3.75 6.49519 -15
    endloop
  endfacet
  facet normal 0 0 -1
    outer loop
      vertex 0 -7.5 -15
      vertex 1.94114 7.24444 -15
      vertex 1.94114 -7.24444 -15
    endloop
  endfacet
  facet normal 0 0 -1
    outer loop
      vertex 0 -7.5 -15
      vertex 0 7.5 -15
      vertex 1.94114 7.24444 -15
    endloop
  endfacet
  facet normal 0 0 -1
    outer loop
      vertex -1.94114 -7.24444 -15
      vertex 0 7.5 -15
      vertex 0 -7.5 -15
    endloop
  endfacet
  facet normal 0 0 -1
    outer loop
      vertex -1.94114 -7.24444 -15
      vertex -1.94114 7.24444 -15
      vertex 0 7.5 -15
    endloop
  endfacet
  facet normal 0 0 -1
    outer loop
      vertex -3.75 -6.49519 -15
      vertex -1.94114 7.24444 -15
      vertex -1.94114 -7.24444 -15
    endloop
  endfacet
  facet normal 0 0 -1
    outer loop
      vertex -3.75 -6.49519 -15
      vertex -3.75 6.49519 -15
      vertex -1.94114 7.24444 -15
    endloop
  endfacet
  facet normal 0 0 -1
    outer loop
      vertex -5.3033 -5.3033 -15
      vertex -3.75 6.49519 -15
      vertex -3.75 -6.49519 -15
    endloop
  endfacet
  facet normal 0 0 -1
    outer loop
      vertex -5.3033 -5.3033 -15
      vertex -5.3033 5.3033 -15
      vertex -3.75 6.49519 -15
    endloop
  endfacet
  facet normal 0 0 -1
    outer loop
      vertex -6.49519 -3.75 -15
      vertex -5.3033 5.3033 -15
      vertex -5.3033 -5.3033 -15
    endloop
  endfacet
  facet normal 0 0 -1
    outer loop
      vertex -6.49519 -3.75 -15
      vertex -6.49519 3.75 -15
      vertex -5.3033 5.3033 -15
    endloop
  endfacet
  facet normal 0 0 -1
    outer loop
      vertex -7.24444 -1.94114 -15
      vertex -6.49519 3.75 -15
      vertex -6.49519 -3.75 -15
    endloop
  endfacet
  facet normal 0 0 -1
    outer loop
      vertex -7.24444 -1.94114 -15
      vertex -7.24444 1.94114 -15
      vertex -6.49519 3.75 -15
    endloop
  endfacet
  facet normal 0 -0 -1
    outer loop
      vertex -7.24444 1.94114 -15
      vertex -7.24444 -1.94114 -15
      vertex -7.5 0 -15
    endloop
  endfacet
  facet normal -0.793353 0.608762 0
    outer loop
      vertex 5.3033 -5.3033 -30
      vertex 6.49519 -3.75 -15
      vertex 6.49519 -3.75 -30
    endloop
  endfacet
  facet normal -0.793353 0.608762 0
    outer loop
      vertex 6.49519 -3.75 -15
      vertex 5.3033 -5.3033 -30
      vertex 5.3033 -5.3033 -15
    endloop
  endfacet
  facet normal -0.608762 0.793353 0
    outer loop
      vertex 5.3033 -5.3033 -30
      vertex 3.75 -6.49519 -15
      vertex 5.3033 -5.3033 -15
    endloop
  endfacet
  facet normal -0.608762 0.793353 0
    outer loop
      vertex 3.75 -6.49519 -15
      vertex 5.3033 -5.3033 -30
      vertex 3.75 -6.49519 -30
    endloop
  endfacet
  facet normal 0.793353 0.608762 0
    outer loop
      vertex -5.3033 -5.3033 -15
      vertex -6.49519 -3.75 -30
      vertex -6.49519 -3.75 -15
    endloop
  endfacet
  facet normal 0.793353 0.608762 0
    outer loop
      vertex -6.49519 -3.75 -30
      vertex -5.3033 -5.3033 -15
      vertex -5.3033 -5.3033 -30
    endloop
  endfacet
  facet normal -0.991445 0.130528 0
    outer loop
      vertex 7.24444 -1.94114 -30
      vertex 7.5 0 -15
      vertex 7.5 0 -30
    endloop
  endfacet
  facet normal -0.991445 0.130528 0
    outer loop
      vertex 7.5 0 -15
      vertex 7.24444 -1.94114 -30
      vertex 7.24444 -1.94114 -15
    endloop
  endfacet
  facet normal 0.991445 -0.130528 0
    outer loop
      vertex -7.5 0 -15
      vertex -7.24444 1.94114 -30
      vertex -7.24444 1.94114 -15
    endloop
  endfacet
  facet normal 0.991445 -0.130528 0
    outer loop
      vertex -7.24444 1.94114 -30
      vertex -7.5 0 -15
      vertex -7.5 0 -30
    endloop
  endfacet
  facet normal 0.130528 -0.991445 0
    outer loop
      vertex -1.94114 7.24444 -30
      vertex 0 7.5 -15
      vertex -1.94114 7.24444 -15
    endloop
  endfacet
  facet normal 0.130528 -0.991445 0
    outer loop
      vertex 0 7.5 -15
      vertex -1.94114 7.24444 -30
      vertex 0 7.5 -30
    endloop
  endfacet
  facet normal -0.92388 0.382682 0
    outer loop
      vertex 6.49519 -3.75 -30
      vertex 7.24444 -1.94114 -15
      vertex 7.24444 -1.94114 -30
    endloop
  endfacet
  facet normal -0.92388 0.382682 0
    outer loop
      vertex 7.24444 -1.94114 -15
      vertex 6.49519 -3.75 -30
      vertex 6.49519 -3.75 -15
    endloop
  endfacet
  facet normal 0.382682 -0.92388 0
    outer loop
      vertex -3.75 6.49519 -30
      vertex -1.94114 7.24444 -15
      vertex -3.75 6.49519 -15
    endloop
  endfacet
  facet normal 0.382682 -0.92388 0
    outer loop
      vertex -1.94114 7.24444 -15
      vertex -3.75 6.49519 -30
      vertex -1.94114 7.24444 -30
    endloop
  endfacet
  facet normal -0.382682 -0.92388 0
    outer loop
      vertex 1.94114 7.24444 -30
      vertex 3.75 6.49519 -15
      vertex 1.94114 7.24444 -15
    endloop
  endfacet
  facet normal -0.382682 -0.92388 -0
    outer loop
      vertex 3.75 6.49519 -15
      vertex 1.94114 7.24444 -30
      vertex 3.75 6.49519 -30
    endloop
  endfacet
  facet normal 0.130528 0.991445 -0
    outer loop
      vertex 0 -7.5 -30
      vertex -1.94114 -7.24444 -15
      vertex 0 -7.5 -15
    endloop
  endfacet
  facet normal 0.130528 0.991445 0
    outer loop
      vertex -1.94114 -7.24444 -15
      vertex 0 -7.5 -30
      vertex -1.94114 -7.24444 -30
    endloop
  endfacet
  facet normal 0.92388 0.382682 0
    outer loop
      vertex -6.49519 -3.75 -15
      vertex -7.24444 -1.94114 -30
      vertex -7.24444 -1.94114 -15
    endloop
  endfacet
  facet normal 0.92388 0.382682 0
    outer loop
      vertex -7.24444 -1.94114 -30
      vertex -6.49519 -3.75 -15
      vertex -6.49519 -3.75 -30
    endloop
  endfacet
  facet normal 0.991445 0.130528 0
    outer loop
      vertex -7.24444 -1.94114 -15
      vertex -7.5 0 -30
      vertex -7.5 0 -15
    endloop
  endfacet
  facet normal 0.991445 0.130528 0
    outer loop
      vertex -7.5 0 -30
      vertex -7.24444 -1.94114 -15
      vertex -7.24444 -1.94114 -30
    endloop
  endfacet
  facet normal 0.608762 0.793353 -0
    outer loop
      vertex -3.75 -6.49519 -30
      vertex -5.3033 -5.3033 -15
      vertex -3.75 -6.49519 -15
    endloop
  endfacet
  facet normal 0.608762 0.793353 0
    outer loop
      vertex -5.3033 -5.3033 -15
      vertex -3.75 -6.49519 -30
      vertex -5.3033 -5.3033 -30
    endloop
  endfacet
  facet normal 0.382682 0.92388 -0
    outer loop
      vertex -1.94114 -7.24444 -30
      vertex -3.75 -6.49519 -15
      vertex -1.94114 -7.24444 -15
    endloop
  endfacet
  facet normal 0.382682 0.92388 0
    outer loop
      vertex -3.75 -6.49519 -15
      vertex -1.94114 -7.24444 -30
      vertex -3.75 -6.49519 -30
    endloop
  endfacet
  facet normal -1 0 0
    outer loop
      vertex -10 -2 -30
      vertex -10 2 -1
      vertex -10 2 -30
    endloop
  endfacet
  facet normal -1 -0 0
    outer loop
      vertex -10 2 -1
      vertex -10 -2 -30
      vertex -10 -2 -1
    endloop
  endfacet
  facet normal 0 -1 0
    outer loop
      vertex -19.7898 2 -6.5
      vertex -19.7898 2 -30
      vertex -16.6635 2 -6.5
    endloop
  endfacet
  facet normal 0 -1 0
    outer loop
      vertex -16.6635 2 -3.5
      vertex -18.7929 2 -1
      vertex -18.7929 2 -3.5
    endloop
  endfacet
  facet normal 0 -1 0
    outer loop
      vertex -18.7929 2 -1
      vertex -16.6635 2 -3.5
      vertex -10 2 -1
    endloop
  endfacet
  facet normal 0 -1 0
    outer loop
      vertex -16.6635 2 -6.5
      vertex -10 2 -1
      vertex -16.6635 2 -3.5
    endloop
  endfacet
  facet normal 0 -1 0
    outer loop
      vertex -10 2 -30
      vertex -16.6635 2 -6.5
      vertex -19.7898 2 -30
    endloop
  endfacet
  facet normal 0 -1 0
    outer loop
      vertex -16.6635 2 -6.5
      vertex -10 2 -30
      vertex -10 2 -1
    endloop
  endfacet
  facet normal 0 0 0
    outer loop
      vertex -18.7929 2 -3.5
      vertex -18.7929 2 -1
      vertex -18.7929 2 0
    endloop
  endfacet
  facet normal 0 1 0
    outer loop
      vertex -10 -2 -1
      vertex -16.6635 -2 -3.5
      vertex -18.7929 -2 -1
    endloop
  endfacet
  facet normal 0 1 0
    outer loop
      vertex -10 -2 -1
      vertex -16.6635 -2 -6.5
      vertex -16.6635 -2 -3.5
    endloop
  endfacet
  facet normal 0 1 -0
    outer loop
      vertex -10 -2 -30
      vertex -16.6635 -2 -6.5
      vertex -10 -2 -1
    endloop
  endfacet
  facet normal 0 1 0
    outer loop
      vertex -19.7898 -2 -30
      vertex -16.6635 -2 -6.5
      vertex -10 -2 -30
    endloop
  endfacet
  facet normal 0 1 0
    outer loop
      vertex -16.6635 -2 -6.5
      vertex -19.7898 -2 -30
      vertex -19.7898 -2 -6.5
    endloop
  endfacet
  facet normal 0 1 0
    outer loop
      vertex -18.7929 -2 -1
      vertex -16.6635 -2 -3.5
      vertex -18.7929 -2 -3.5
    endloop
  endfacet
  facet normal 0 -0 0
    outer loop
      vertex -18.7929 -2 -1
      vertex -18.7929 -2 -3.5
      vertex -18.7929 -2 0
    endloop
  endfacet
  facet normal -0.923886 -0.382668 0
    outer loop
      vertex 18.2322 -1.76777 7.5
      vertex 17.5 0 9
      vertex 17.5 0 7.5
    endloop
  endfacet
  facet normal -0.923886 -0.382668 -0
    outer loop
      vertex 18.2322 -1.76777 10
      vertex 17.5 0 9
      vertex 18.2322 -1.76777 7.5
    endloop
  endfacet
  facet normal -0.923886 -0.382668 0
    outer loop
      vertex 17.5 0 9
      vertex 18.2322 -1.76777 10
      vertex 17.5 0 10
    endloop
  endfacet
  facet normal -0.923886 -0.382668 0
    outer loop
      vertex 18.2322 -1.76777 11
      vertex 17.5 0 12.5
      vertex 17.5 0 11
    endloop
  endfacet
  facet normal -0.923886 -0.382668 -0
    outer loop
      vertex 18.2322 -1.76777 13.5
      vertex 17.5 0 12.5
      vertex 18.2322 -1.76777 11
    endloop
  endfacet
  facet normal -0.923886 -0.382668 0
    outer loop
      vertex 17.5 0 12.5
      vertex 18.2322 -1.76777 13.5
      vertex 17.5 0 13.5
    endloop
  endfacet
  facet normal -0.923886 -0.382668 0
    outer loop
      vertex 18.2322 -1.76777 1
      vertex 17.5 0 2.5
      vertex 17.5 0 1
    endloop
  endfacet
  facet normal -0.923886 -0.382668 -0
    outer loop
      vertex 18.2322 -1.76777 5
      vertex 17.5 0 2.5
      vertex 18.2322 -1.76777 1
    endloop
  endfacet
  facet normal -0.923886 -0.382668 0
    outer loop
      vertex 17.5 0 2.5
      vertex 18.2322 -1.76777 5
      vertex 17.5 0 5
    endloop
  endfacet
  facet normal -0.382676 -0.923883 0
    outer loop
      vertex 18.2322 -1.76777 10
      vertex 20 -2.5 9
      vertex 20 -2.5 10
    endloop
  endfacet
  facet normal -0.382676 -0.923883 0
    outer loop
      vertex 18.2322 -1.76777 7.5
      vertex 20 -2.5 9
      vertex 18.2322 -1.76777 10
    endloop
  endfacet
  facet normal -0.382676 -0.923883 -0
    outer loop
      vertex 20 -2.5 9
      vertex 18.2322 -1.76777 7.5
      vertex 20 -2.5 7.5
    endloop
  endfacet
  facet normal -0.382676 -0.923883 0
    outer loop
      vertex 18.2322 -1.76777 13.5
      vertex 20 -2.5 12.5
      vertex 20 -2.5 13.5
    endloop
  endfacet
  facet normal -0.382676 -0.923883 0
    outer loop
      vertex 18.2322 -1.76777 11
      vertex 20 -2.5 12.5
      vertex 18.2322 -1.76777 13.5
    endloop
  endfacet
  facet normal -0.382676 -0.923883 -0
    outer loop
      vertex 20 -2.5 12.5
      vertex 18.2322 -1.76777 11
      vertex 20 -2.5 11
    endloop
  endfacet
  facet normal -0.382687 -0.923878 0
    outer loop
      vertex 19.7482 -2.3957 0
      vertex 20 -2.5 -1
      vertex 20 -2.5 0
    endloop
  endfacet
  facet normal -0.382687 -0.923878 0
    outer loop
      vertex 19.7482 -2.3957 -3.5
      vertex 20 -2.5 -1
      vertex 19.7482 -2.3957 0
    endloop
  endfacet
  facet normal -0.382687 -0.923878 -0
    outer loop
      vertex 20 -2.5 -1
      vertex 19.7482 -2.3957 -3.5
      vertex 20 -2.5 -3.5
    endloop
  endfacet
  facet normal -0.382676 -0.923883 0
    outer loop
      vertex 18.2322 -1.76777 5
      vertex 20 -2.5 2.5
      vertex 20 -2.5 5
    endloop
  endfacet
  facet normal -0.382676 -0.923883 0
    outer loop
      vertex 18.2322 -1.76777 1
      vertex 20 -2.5 2.5
      vertex 18.2322 -1.76777 5
    endloop
  endfacet
  facet normal -0.382676 -0.923883 -0
    outer loop
      vertex 20 -2.5 2.5
      vertex 18.2322 -1.76777 1
      vertex 20 -2.5 1
    endloop
  endfacet
  facet normal -0.382676 0.923883 0
    outer loop
      vertex 20 2.5 9
      vertex 18.2322 1.76777 10
      vertex 20 2.5 10
    endloop
  endfacet
  facet normal -0.382676 0.923883 0
    outer loop
      vertex 18.2322 1.76777 7.5
      vertex 20 2.5 9
      vertex 20 2.5 7.5
    endloop
  endfacet
  facet normal -0.382676 0.923883 0
    outer loop
      vertex 20 2.5 9
      vertex 18.2322 1.76777 7.5
      vertex 18.2322 1.76777 10
    endloop
  endfacet
  facet normal -0.382676 0.923883 0
    outer loop
      vertex 20 2.5 12.5
      vertex 18.2322 1.76777 13.5
      vertex 20 2.5 13.5
    endloop
  endfacet
  facet normal -0.382676 0.923883 0
    outer loop
      vertex 18.2322 1.76777 11
      vertex 20 2.5 12.5
      vertex 20 2.5 11
    endloop
  endfacet
  facet normal -0.382676 0.923883 0
    outer loop
      vertex 20 2.5 12.5
      vertex 18.2322 1.76777 11
      vertex 18.2322 1.76777 13.5
    endloop
  endfacet
  facet normal -0.382687 0.923878 0
    outer loop
      vertex 20 2.5 -1
      vertex 19.7482 2.3957 0
      vertex 20 2.5 0
    endloop
  endfacet
  facet normal -0.382687 0.923878 0
    outer loop
      vertex 19.7482 2.3957 -3.5
      vertex 20 2.5 -1
      vertex 20 2.5 -3.5
    endloop
  endfacet
  facet normal -0.382687 0.923878 0
    outer loop
      vertex 20 2.5 -1
      vertex 19.7482 2.3957 -3.5
      vertex 19.7482 2.3957 0
    endloop
  endfacet
  facet normal -0.382676 0.923883 0
    outer loop
      vertex 20 2.5 2.5
      vertex 18.2322 1.76777 5
      vertex 20 2.5 5
    endloop
  endfacet
  facet normal -0.382676 0.923883 0
    outer loop
      vertex 18.2322 1.76777 1
      vertex 20 2.5 2.5
      vertex 20 2.5 1
    endloop
  endfacet
  facet normal -0.382676 0.923883 0
    outer loop
      vertex 20 2.5 2.5
      vertex 18.2322 1.76777 1
      vertex 18.2322 1.76777 5
    endloop
  endfacet
  facet normal -0.923886 0.382668 0
    outer loop
      vertex 17.5 0 9
      vertex 18.2322 1.76777 7.5
      vertex 17.5 0 7.5
    endloop
  endfacet
  facet normal -0.923886 0.382668 0
    outer loop
      vertex 18.2322 1.76777 7.5
      vertex 17.5 0 9
      vertex 18.2322 1.76777 10
    endloop
  endfacet
  facet normal -0.923886 0.382668 0
    outer loop
      vertex 18.2322 1.76777 10
      vertex 17.5 0 9
      vertex 17.5 0 10
    endloop
  endfacet
  facet normal -0.923886 0.382668 0
    outer loop
      vertex 17.5 0 12.5
      vertex 18.2322 1.76777 11
      vertex 17.5 0 11
    endloop
  endfacet
  facet normal -0.923886 0.382668 0
    outer loop
      vertex 18.2322 1.76777 11
      vertex 17.5 0 12.5
      vertex 18.2322 1.76777 13.5
    endloop
  endfacet
  facet normal -0.923886 0.382668 0
    outer loop
      vertex 18.2322 1.76777 13.5
      vertex 17.5 0 12.5
      vertex 17.5 0 13.5
    endloop
  endfacet
  facet normal -0.923886 0.382668 0
    outer loop
      vertex 17.5 0 2.5
      vertex 18.2322 1.76777 1
      vertex 17.5 0 1
    endloop
  endfacet
  facet normal -0.923886 0.382668 0
    outer loop
      vertex 18.2322 1.76777 1
      vertex 17.5 0 2.5
      vertex 18.2322 1.76777 5
    endloop
  endfacet
  facet normal -0.923886 0.382668 0
    outer loop
      vertex 18.2322 1.76777 5
      vertex 17.5 0 2.5
      vertex 17.5 0 5
    endloop
  endfacet
  facet normal 0.382668 -0.923886 0
    outer loop
      vertex 0 17.5 9
      vertex 1.76777 18.2322 10
      vertex 0 17.5 10
    endloop
  endfacet
  facet normal 0.382668 -0.923886 0
    outer loop
      vertex 1.76777 18.2322 7.5
      vertex 0 17.5 9
      vertex 0 17.5 7.5
    endloop
  endfacet
  facet normal 0.382668 -0.923886 0
    outer loop
      vertex 0 17.5 9
      vertex 1.76777 18.2322 7.5
      vertex 1.76777 18.2322 10
    endloop
  endfacet
  facet normal 0.382668 -0.923886 0
    outer loop
      vertex 0 17.5 12.5
      vertex 1.76777 18.2322 13.5
      vertex 0 17.5 13.5
    endloop
  endfacet
  facet normal 0.382668 -0.923886 0
    outer loop
      vertex 1.76777 18.2322 11
      vertex 0 17.5 12.5
      vertex 0 17.5 11
    endloop
  endfacet
  facet normal 0.382668 -0.923886 0
    outer loop
      vertex 0 17.5 12.5
      vertex 1.76777 18.2322 11
      vertex 1.76777 18.2322 13.5
    endloop
  endfacet
  facet normal 0.382668 -0.923886 0
    outer loop
      vertex 0 17.5 2.5
      vertex 1.76777 18.2322 5
      vertex 0 17.5 5
    endloop
  endfacet
  facet normal 0.382668 -0.923886 0
    outer loop
      vertex 1.76777 18.2322 1
      vertex 0 17.5 2.5
      vertex 0 17.5 1
    endloop
  endfacet
  facet normal 0.382668 -0.923886 0
    outer loop
      vertex 0 17.5 2.5
      vertex 1.76777 18.2322 1
      vertex 1.76777 18.2322 5
    endloop
  endfacet
  facet normal 0.923883 -0.382676 0
    outer loop
      vertex 1.76777 18.2322 10
      vertex 2.5 20 9
      vertex 2.5 20 10
    endloop
  endfacet
  facet normal 0.923883 -0.382676 0
    outer loop
      vertex 1.76777 18.2322 7.5
      vertex 2.5 20 9
      vertex 1.76777 18.2322 10
    endloop
  endfacet
  facet normal 0.923883 -0.382676 0
    outer loop
      vertex 2.5 20 9
      vertex 1.76777 18.2322 7.5
      vertex 2.5 20 7.5
    endloop
  endfacet
  facet normal 0.923883 -0.382676 0
    outer loop
      vertex 1.76777 18.2322 13.5
      vertex 2.5 20 12.5
      vertex 2.5 20 13.5
    endloop
  endfacet
  facet normal 0.923883 -0.382676 0
    outer loop
      vertex 1.76777 18.2322 11
      vertex 2.5 20 12.5
      vertex 1.76777 18.2322 13.5
    endloop
  endfacet
  facet normal 0.923883 -0.382676 0
    outer loop
      vertex 2.5 20 12.5
      vertex 1.76777 18.2322 11
      vertex 2.5 20 11
    endloop
  endfacet
  facet normal 0.923895 -0.382647 0
    outer loop
      vertex 2.42516 19.8193 0
      vertex 2.5 20 -1
      vertex 2.5 20 0
    endloop
  endfacet
  facet normal 0.923895 -0.382647 0
    outer loop
      vertex 2.42516 19.8193 -3.5
      vertex 2.5 20 -1
      vertex 2.42516 19.8193 0
    endloop
  endfacet
  facet normal 0.923895 -0.382647 0
    outer loop
      vertex 2.5 20 -1
      vertex 2.42516 19.8193 -3.5
      vertex 2.5 20 -3.5
    endloop
  endfacet
  facet normal 0.923883 -0.382676 0
    outer loop
      vertex 1.76777 18.2322 5
      vertex 2.5 20 2.5
      vertex 2.5 20 5
    endloop
  endfacet
  facet normal 0.923883 -0.382676 0
    outer loop
      vertex 1.76777 18.2322 1
      vertex 2.5 20 2.5
      vertex 1.76777 18.2322 5
    endloop
  endfacet
  facet normal 0.923883 -0.382676 0
    outer loop
      vertex 2.5 20 2.5
      vertex 1.76777 18.2322 1
      vertex 2.5 20 1
    endloop
  endfacet
  facet normal -0.923883 -0.382676 0
    outer loop
      vertex -1.76777 18.2322 7.5
      vertex -2.5 20 9
      vertex -2.5 20 7.5
    endloop
  endfacet
  facet normal -0.923883 -0.382676 -0
    outer loop
      vertex -1.76777 18.2322 10
      vertex -2.5 20 9
      vertex -1.76777 18.2322 7.5
    endloop
  endfacet
  facet normal -0.923883 -0.382676 0
    outer loop
      vertex -2.5 20 9
      vertex -1.76777 18.2322 10
      vertex -2.5 20 10
    endloop
  endfacet
  facet normal -0.923883 -0.382676 0
    outer loop
      vertex -1.76777 18.2322 11
      vertex -2.5 20 12.5
      vertex -2.5 20 11
    endloop
  endfacet
  facet normal -0.923883 -0.382676 -0
    outer loop
      vertex -1.76777 18.2322 13.5
      vertex -2.5 20 12.5
      vertex -1.76777 18.2322 11
    endloop
  endfacet
  facet normal -0.923883 -0.382676 0
    outer loop
      vertex -2.5 20 12.5
      vertex -1.76777 18.2322 13.5
      vertex -2.5 20 13.5
    endloop
  endfacet
  facet normal -0.923895 -0.382647 0
    outer loop
      vertex -2.42516 19.8193 -3.5
      vertex -2.5 20 -1
      vertex -2.5 20 -3.5
    endloop
  endfacet
  facet normal -0.923895 -0.382647 -0
    outer loop
      vertex -2.42516 19.8193 0
      vertex -2.5 20 -1
      vertex -2.42516 19.8193 -3.5
    endloop
  endfacet
  facet normal -0.923895 -0.382647 0
    outer loop
      vertex -2.5 20 -1
      vertex -2.42516 19.8193 0
      vertex -2.5 20 0
    endloop
  endfacet
  facet normal -0.923883 -0.382676 0
    outer loop
      vertex -1.76777 18.2322 1
      vertex -2.5 20 2.5
      vertex -2.5 20 1
    endloop
  endfacet
  facet normal -0.923883 -0.382676 -0
    outer loop
      vertex -1.76777 18.2322 5
      vertex -2.5 20 2.5
      vertex -1.76777 18.2322 1
    endloop
  endfacet
  facet normal -0.923883 -0.382676 0
    outer loop
      vertex -2.5 20 2.5
      vertex -1.76777 18.2322 5
      vertex -2.5 20 5
    endloop
  endfacet
  facet normal -0.382668 -0.923886 0
    outer loop
      vertex -1.76777 18.2322 10
      vertex 0 17.5 9
      vertex 0 17.5 10
    endloop
  endfacet
  facet normal -0.382668 -0.923886 0
    outer loop
      vertex -1.76777 18.2322 7.5
      vertex 0 17.5 9
      vertex -1.76777 18.2322 10
    endloop
  endfacet
  facet normal -0.382668 -0.923886 -0
    outer loop
      vertex 0 17.5 9
      vertex -1.76777 18.2322 7.5
      vertex 0 17.5 7.5
    endloop
  endfacet
  facet normal -0.382668 -0.923886 0
    outer loop
      vertex -1.76777 18.2322 13.5
      vertex 0 17.5 12.5
      vertex 0 17.5 13.5
    endloop
  endfacet
  facet normal -0.382668 -0.923886 0
    outer loop
      vertex -1.76777 18.2322 11
      vertex 0 17.5 12.5
      vertex -1.76777 18.2322 13.5
    endloop
  endfacet
  facet normal -0.382668 -0.923886 -0
    outer loop
      vertex 0 17.5 12.5
      vertex -1.76777 18.2322 11
      vertex 0 17.5 11
    endloop
  endfacet
  facet normal -0.382668 -0.923886 0
    outer loop
      vertex -1.76777 18.2322 5
      vertex 0 17.5 2.5
      vertex 0 17.5 5
    endloop
  endfacet
  facet normal -0.382668 -0.923886 0
    outer loop
      vertex -1.76777 18.2322 1
      vertex 0 17.5 2.5
      vertex -1.76777 18.2322 5
    endloop
  endfacet
  facet normal -0.382668 -0.923886 -0
    outer loop
      vertex 0 17.5 2.5
      vertex -1.76777 18.2322 1
      vertex 0 17.5 1
    endloop
  endfacet
  facet normal 0.923886 0.382668 -0
    outer loop
      vertex -17.5 0 9
      vertex -18.2322 1.76777 10
      vertex -17.5 0 10
    endloop
  endfacet
  facet normal 0.923886 0.382668 0
    outer loop
      vertex -18.2322 1.76777 10
      vertex -17.5 0 9
      vertex -18.2322 1.76777 7.5
    endloop
  endfacet
  facet normal 0.923886 0.382668 0
    outer loop
      vertex -18.2322 1.76777 7.5
      vertex -17.5 0 9
      vertex -17.5 0 7.5
    endloop
  endfacet
  facet normal 0.923886 0.382668 -0
    outer loop
      vertex -17.5 0 12.5
      vertex -18.2322 1.76777 13.5
      vertex -17.5 0 13.5
    endloop
  endfacet
  facet normal 0.923886 0.382668 0
    outer loop
      vertex -18.2322 1.76777 13.5
      vertex -17.5 0 12.5
      vertex -18.2322 1.76777 11
    endloop
  endfacet
  facet normal 0.923886 0.382668 0
    outer loop
      vertex -18.2322 1.76777 11
      vertex -17.5 0 12.5
      vertex -17.5 0 11
    endloop
  endfacet
  facet normal 0.923886 0.382668 -0
    outer loop
      vertex -17.5 0 -1
      vertex -18.2322 1.76777 0
      vertex -17.5 0 0
    endloop
  endfacet
  facet normal 0.923886 0.382668 0
    outer loop
      vertex -18.2322 1.76777 0
      vertex -17.5 0 -1
      vertex -18.2322 1.76777 -3.5
    endloop
  endfacet
  facet normal 0.923886 0.382668 0
    outer loop
      vertex -18.2322 1.76777 -3.5
      vertex -17.5 0 -1
      vertex -17.5 0 -3.5
    endloop
  endfacet
  facet normal 0.923886 0.382668 -0
    outer loop
      vertex -17.5 0 2.5
      vertex -18.2322 1.76777 5
      vertex -17.5 0 5
    endloop
  endfacet
  facet normal 0.923886 0.382668 0
    outer loop
      vertex -18.2322 1.76777 5
      vertex -17.5 0 2.5
      vertex -18.2322 1.76777 1
    endloop
  endfacet
  facet normal 0.923886 0.382668 0
    outer loop
      vertex -18.2322 1.76777 1
      vertex -17.5 0 2.5
      vertex -17.5 0 1
    endloop
  endfacet
  facet normal 0.382676 0.923883 0
    outer loop
      vertex -18.2322 1.76777 10
      vertex -20 2.5 9
      vertex -20 2.5 10
    endloop
  endfacet
  facet normal 0.382676 0.923883 -0
    outer loop
      vertex -18.2322 1.76777 7.5
      vertex -20 2.5 9
      vertex -18.2322 1.76777 10
    endloop
  endfacet
  facet normal 0.382676 0.923883 0
    outer loop
      vertex -20 2.5 9
      vertex -18.2322 1.76777 7.5
      vertex -20 2.5 7.5
    endloop
  endfacet
  facet normal 0.382676 0.923883 0
    outer loop
      vertex -18.2322 1.76777 13.5
      vertex -20 2.5 12.5
      vertex -20 2.5 13.5
    endloop
  endfacet
  facet normal 0.382676 0.923883 -0
    outer loop
      vertex -18.2322 1.76777 11
      vertex -20 2.5 12.5
      vertex -18.2322 1.76777 13.5
    endloop
  endfacet
  facet normal 0.382676 0.923883 0
    outer loop
      vertex -20 2.5 12.5
      vertex -18.2322 1.76777 11
      vertex -20 2.5 11
    endloop
  endfacet
  facet normal 0.382687 0.923878 0
    outer loop
      vertex -19.7482 2.3957 0
      vertex -20 2.5 -1
      vertex -20 2.5 0
    endloop
  endfacet
  facet normal 0.382687 0.923878 -0
    outer loop
      vertex -19.7482 2.3957 -3.5
      vertex -20 2.5 -1
      vertex -19.7482 2.3957 0
    endloop
  endfacet
  facet normal 0.382687 0.923878 0
    outer loop
      vertex -20 2.5 -1
      vertex -19.7482 2.3957 -3.5
      vertex -20 2.5 -3.5
    endloop
  endfacet
  facet normal 0.382676 0.923883 0
    outer loop
      vertex -18.2322 1.76777 5
      vertex -20 2.5 2.5
      vertex -20 2.5 5
    endloop
  endfacet
  facet normal 0.382676 0.923883 -0
    outer loop
      vertex -18.2322 1.76777 1
      vertex -20 2.5 2.5
      vertex -18.2322 1.76777 5
    endloop
  endfacet
  facet normal 0.382676 0.923883 0
    outer loop
      vertex -20 2.5 2.5
      vertex -18.2322 1.76777 1
      vertex -20 2.5 1
    endloop
  endfacet
  facet normal 0.382656 0.923891 -0
    outer loop
      vertex -18.2322 1.76777 -3.5
      vertex -18.7929 2 0
      vertex -18.2322 1.76777 0
    endloop
  endfacet
  facet normal 0.382656 0.923891 0
    outer loop
      vertex -18.7929 2 0
      vertex -18.2322 1.76777 -3.5
      vertex -18.7929 2 -3.5
    endloop
  endfacet
  facet normal 0.382676 -0.923883 0
    outer loop
      vertex -20 -2.5 9
      vertex -18.2322 -1.76777 10
      vertex -20 -2.5 10
    endloop
  endfacet
  facet normal 0.382676 -0.923883 0
    outer loop
      vertex -18.2322 -1.76777 7.5
      vertex -20 -2.5 9
      vertex -20 -2.5 7.5
    endloop
  endfacet
  facet normal 0.382676 -0.923883 0
    outer loop
      vertex -20 -2.5 9
      vertex -18.2322 -1.76777 7.5
      vertex -18.2322 -1.76777 10
    endloop
  endfacet
  facet normal 0.382676 -0.923883 0
    outer loop
      vertex -20 -2.5 12.5
      vertex -18.2322 -1.76777 13.5
      vertex -20 -2.5 13.5
    endloop
  endfacet
  facet normal 0.382676 -0.923883 0
    outer loop
      vertex -18.2322 -1.76777 11
      vertex -20 -2.5 12.5
      vertex -20 -2.5 11
    endloop
  endfacet
  facet normal 0.382676 -0.923883 0
    outer loop
      vertex -20 -2.5 12.5
      vertex -18.2322 -1.76777 11
      vertex -18.2322 -1.76777 13.5
    endloop
  endfacet
  facet normal 0.382687 -0.923878 0
    outer loop
      vertex -20 -2.5 -1
      vertex -19.7482 -2.3957 0
      vertex -20 -2.5 0
    endloop
  endfacet
  facet normal 0.382687 -0.923878 0
    outer loop
      vertex -19.7482 -2.3957 -3.5
      vertex -20 -2.5 -1
      vertex -20 -2.5 -3.5
    endloop
  endfacet
  facet normal 0.382687 -0.923878 0
    outer loop
      vertex -20 -2.5 -1
      vertex -19.7482 -2.3957 -3.5
      vertex -19.7482 -2.3957 0
    endloop
  endfacet
  facet normal 0.382676 -0.923883 0
    outer loop
      vertex -20 -2.5 2.5
      vertex -18.2322 -1.76777 5
      vertex -20 -2.5 5
    endloop
  endfacet
  facet normal 0.382676 -0.923883 0
    outer loop
      vertex -18.2322 -1.76777 1
      vertex -20 -2.5 2.5
      vertex -20 -2.5 1
    endloop
  endfacet
  facet normal 0.382676 -0.923883 0
    outer loop
      vertex -20 -2.5 2.5
      vertex -18.2322 -1.76777 1
      vertex -18.2322 -1.76777 5
    endloop
  endfacet
  facet normal 0.382656 -0.923891 0
    outer loop
      vertex -18.7929 -2 -3.5
      vertex -18.2322 -1.76777 0
      vertex -18.7929 -2 0
    endloop
  endfacet
  facet normal 0.382656 -0.923891 0
    outer loop
      vertex -18.2322 -1.76777 0
      vertex -18.7929 -2 -3.5
      vertex -18.2322 -1.76777 -3.5
    endloop
  endfacet
  facet normal 0.923886 -0.382668 0
    outer loop
      vertex -18.2322 -1.76777 10
      vertex -17.5 0 9
      vertex -17.5 0 10
    endloop
  endfacet
  facet normal 0.923886 -0.382668 0
    outer loop
      vertex -18.2322 -1.76777 7.5
      vertex -17.5 0 9
      vertex -18.2322 -1.76777 10
    endloop
  endfacet
  facet normal 0.923886 -0.382668 0
    outer loop
      vertex -17.5 0 9
      vertex -18.2322 -1.76777 7.5
      vertex -17.5 0 7.5
    endloop
  endfacet
  facet normal 0.923886 -0.382668 0
    outer loop
      vertex -18.2322 -1.76777 13.5
      vertex -17.5 0 12.5
      vertex -17.5 0 13.5
    endloop
  endfacet
  facet normal 0.923886 -0.382668 0
    outer loop
      vertex -18.2322 -1.76777 11
      vertex -17.5 0 12.5
      vertex -18.2322 -1.76777 13.5
    endloop
  endfacet
  facet normal 0.923886 -0.382668 0
    outer loop
      vertex -17.5 0 12.5
      vertex -18.2322 -1.76777 11
      vertex -17.5 0 11
    endloop
  endfacet
  facet normal 0.923886 -0.382668 0
    outer loop
      vertex -18.2322 -1.76777 0
      vertex -17.5 0 -1
      vertex -17.5 0 0
    endloop
  endfacet
  facet normal 0.923886 -0.382668 0
    outer loop
      vertex -18.2322 -1.76777 -3.5
      vertex -17.5 0 -1
      vertex -18.2322 -1.76777 0
    endloop
  endfacet
  facet normal 0.923886 -0.382668 0
    outer loop
      vertex -17.5 0 -1
      vertex -18.2322 -1.76777 -3.5
      vertex -17.5 0 -3.5
    endloop
  endfacet
  facet normal 0.923886 -0.382668 0
    outer loop
      vertex -18.2322 -1.76777 5
      vertex -17.5 0 2.5
      vertex -17.5 0 5
    endloop
  endfacet
  facet normal 0.923886 -0.382668 0
    outer loop
      vertex -18.2322 -1.76777 1
      vertex -17.5 0 2.5
      vertex -18.2322 -1.76777 5
    endloop
  endfacet
  facet normal 0.923886 -0.382668 0
    outer loop
      vertex -17.5 0 2.5
      vertex -18.2322 -1.76777 1
      vertex -17.5 0 1
    endloop
  endfacet
  facet normal -0.382668 0.923886 0
    outer loop
      vertex 0 -17.5 9
      vertex -1.76777 -18.2322 10
      vertex 0 -17.5 10
    endloop
  endfacet
  facet normal -0.382668 0.923886 0
    outer loop
      vertex -1.76777 -18.2322 7.5
      vertex 0 -17.5 9
      vertex 0 -17.5 7.5
    endloop
  endfacet
  facet normal -0.382668 0.923886 0
    outer loop
      vertex 0 -17.5 9
      vertex -1.76777 -18.2322 7.5
      vertex -1.76777 -18.2322 10
    endloop
  endfacet
  facet normal -0.382668 0.923886 0
    outer loop
      vertex 0 -17.5 12.5
      vertex -1.76777 -18.2322 13.5
      vertex 0 -17.5 13.5
    endloop
  endfacet
  facet normal -0.382668 0.923886 0
    outer loop
      vertex -1.76777 -18.2322 11
      vertex 0 -17.5 12.5
      vertex 0 -17.5 11
    endloop
  endfacet
  facet normal -0.382668 0.923886 0
    outer loop
      vertex 0 -17.5 12.5
      vertex -1.76777 -18.2322 11
      vertex -1.76777 -18.2322 13.5
    endloop
  endfacet
  facet normal -0.382668 0.923886 0
    outer loop
      vertex 0 -17.5 2.5
      vertex -1.76777 -18.2322 5
      vertex 0 -17.5 5
    endloop
  endfacet
  facet normal -0.382668 0.923886 0
    outer loop
      vertex -1.76777 -18.2322 1
      vertex 0 -17.5 2.5
      vertex 0 -17.5 1
    endloop
  endfacet
  facet normal -0.382668 0.923886 0
    outer loop
      vertex 0 -17.5 2.5
      vertex -1.76777 -18.2322 1
      vertex -1.76777 -18.2322 5
    endloop
  endfacet
  facet normal -0.923883 0.382676 0
    outer loop
      vertex -2.5 -20 9
      vertex -1.76777 -18.2322 7.5
      vertex -2.5 -20 7.5
    endloop
  endfacet
  facet normal -0.923883 0.382676 0
    outer loop
      vertex -1.76777 -18.2322 7.5
      vertex -2.5 -20 9
      vertex -1.76777 -18.2322 10
    endloop
  endfacet
  facet normal -0.923883 0.382676 0
    outer loop
      vertex -1.76777 -18.2322 10
      vertex -2.5 -20 9
      vertex -2.5 -20 10
    endloop
  endfacet
  facet normal -0.923883 0.382676 0
    outer loop
      vertex -2.5 -20 12.5
      vertex -1.76777 -18.2322 11
      vertex -2.5 -20 11
    endloop
  endfacet
  facet normal -0.923883 0.382676 0
    outer loop
      vertex -1.76777 -18.2322 11
      vertex -2.5 -20 12.5
      vertex -1.76777 -18.2322 13.5
    endloop
  endfacet
  facet normal -0.923883 0.382676 0
    outer loop
      vertex -1.76777 -18.2322 13.5
      vertex -2.5 -20 12.5
      vertex -2.5 -20 13.5
    endloop
  endfacet
  facet normal -0.923895 0.382647 0
    outer loop
      vertex -2.5 -20 -1
      vertex -2.42516 -19.8193 -3.5
      vertex -2.5 -20 -3.5
    endloop
  endfacet
  facet normal -0.923895 0.382647 0
    outer loop
      vertex -2.42516 -19.8193 -3.5
      vertex -2.5 -20 -1
      vertex -2.42516 -19.8193 0
    endloop
  endfacet
  facet normal -0.923895 0.382647 0
    outer loop
      vertex -2.42516 -19.8193 0
      vertex -2.5 -20 -1
      vertex -2.5 -20 0
    endloop
  endfacet
  facet normal -0.923883 0.382676 0
    outer loop
      vertex -2.5 -20 2.5
      vertex -1.76777 -18.2322 1
      vertex -2.5 -20 1
    endloop
  endfacet
  facet normal -0.923883 0.382676 0
    outer loop
      vertex -1.76777 -18.2322 1
      vertex -2.5 -20 2.5
      vertex -1.76777 -18.2322 5
    endloop
  endfacet
  facet normal -0.923883 0.382676 0
    outer loop
      vertex -1.76777 -18.2322 5
      vertex -2.5 -20 2.5
      vertex -2.5 -20 5
    endloop
  endfacet
  facet normal 0.923883 0.382676 -0
    outer loop
      vertex 2.5 -20 9
      vertex 1.76777 -18.2322 10
      vertex 2.5 -20 10
    endloop
  endfacet
  facet normal 0.923883 0.382676 0
    outer loop
      vertex 1.76777 -18.2322 10
      vertex 2.5 -20 9
      vertex 1.76777 -18.2322 7.5
    endloop
  endfacet
  facet normal 0.923883 0.382676 0
    outer loop
      vertex 1.76777 -18.2322 7.5
      vertex 2.5 -20 9
      vertex 2.5 -20 7.5
    endloop
  endfacet
  facet normal 0.923883 0.382676 -0
    outer loop
      vertex 2.5 -20 12.5
      vertex 1.76777 -18.2322 13.5
      vertex 2.5 -20 13.5
    endloop
  endfacet
  facet normal 0.923883 0.382676 0
    outer loop
      vertex 1.76777 -18.2322 13.5
      vertex 2.5 -20 12.5
      vertex 1.76777 -18.2322 11
    endloop
  endfacet
  facet normal 0.923883 0.382676 0
    outer loop
      vertex 1.76777 -18.2322 11
      vertex 2.5 -20 12.5
      vertex 2.5 -20 11
    endloop
  endfacet
  facet normal 0.923895 0.382647 -0
    outer loop
      vertex 2.5 -20 -1
      vertex 2.42516 -19.8193 0
      vertex 2.5 -20 0
    endloop
  endfacet
  facet normal 0.923895 0.382647 0
    outer loop
      vertex 2.42516 -19.8193 0
      vertex 2.5 -20 -1
      vertex 2.42516 -19.8193 -3.5
    endloop
  endfacet
  facet normal 0.923895 0.382647 0
    outer loop
      vertex 2.42516 -19.8193 -3.5
      vertex 2.5 -20 -1
      vertex 2.5 -20 -3.5
    endloop
  endfacet
  facet normal 0.923883 0.382676 -0
    outer loop
      vertex 2.5 -20 2.5
      vertex 1.76777 -18.2322 5
      vertex 2.5 -20 5
    endloop
  endfacet
  facet normal 0.923883 0.382676 0
    outer loop
      vertex 1.76777 -18.2322 5
      vertex 2.5 -20 2.5
      vertex 1.76777 -18.2322 1
    endloop
  endfacet
  facet normal 0.923883 0.382676 0
    outer loop
      vertex 1.76777 -18.2322 1
      vertex 2.5 -20 2.5
      vertex 2.5 -20 1
    endloop
  endfacet
  facet normal 0.382668 0.923886 0
    outer loop
      vertex 1.76777 -18.2322 10
      vertex 0 -17.5 9
      vertex 0 -17.5 10
    endloop
  endfacet
  facet normal 0.382668 0.923886 -0
    outer loop
      vertex 1.76777 -18.2322 7.5
      vertex 0 -17.5 9
      vertex 1.76777 -18.2322 10
    endloop
  endfacet
  facet normal 0.382668 0.923886 0
    outer loop
      vertex 0 -17.5 9
      vertex 1.76777 -18.2322 7.5
      vertex 0 -17.5 7.5
    endloop
  endfacet
  facet normal 0.382668 0.923886 0
    outer loop
      vertex 1.76777 -18.2322 13.5
      vertex 0 -17.5 12.5
      vertex 0 -17.5 13.5
    endloop
  endfacet
  facet normal 0.382668 0.923886 -0
    outer loop
      vertex 1.76777 -18.2322 11
      vertex 0 -17.5 12.5
      vertex 1.76777 -18.2322 13.5
    endloop
  endfacet
  facet normal 0.382668 0.923886 0
    outer loop
      vertex 0 -17.5 12.5
      vertex 1.76777 -18.2322 11
      vertex 0 -17.5 11
    endloop
  endfacet
  facet normal 0.382668 0.923886 0
    outer loop
      vertex 1.76777 -18.2322 5
      vertex 0 -17.5 2.5
      vertex 0 -17.5 5
    endloop
  endfacet
  facet normal 0.382668 0.923886 -0
    outer loop
      vertex 1.76777 -18.2322 1
      vertex 0 -17.5 2.5
      vertex 1.76777 -18.2322 5
    endloop
  endfacet
  facet normal 0.382668 0.923886 0
    outer loop
      vertex 0 -17.5 2.5
      vertex 1.76777 -18.2322 1
      vertex 0 -17.5 1
    endloop
  endfacet
  facet normal 0.748527 0.663104 0
    outer loop
      vertex 23.5418 1.85889 -3.5
      vertex 22.2723 3.29193 -6.5
      vertex 22.2723 3.29193 -3.5
    endloop
  endfacet
  facet normal 0.748527 0.663104 0
    outer loop
      vertex 22.2723 3.29193 -6.5
      vertex 23.5418 1.85889 -3.5
      vertex 23.5418 1.85889 -6.5
    endloop
  endfacet
  facet normal 0.970939 0.239328 0
    outer loop
      vertex 24 0 -3.5
      vertex 23.5418 1.85889 -6.5
      vertex 23.5418 1.85889 -3.5
    endloop
  endfacet
  facet normal 0.970939 0.239328 0
    outer loop
      vertex 23.5418 1.85889 -6.5
      vertex 24 0 -3.5
      vertex 24 0 -6.5
    endloop
  endfacet
  facet normal 0.35459 0.935022 -0
    outer loop
      vertex 22.2723 3.29193 -6.5
      vertex 20.4821 3.97083 -3.5
      vertex 22.2723 3.29193 -3.5
    endloop
  endfacet
  facet normal 0.35459 0.935022 0
    outer loop
      vertex 20.4821 3.97083 -3.5
      vertex 22.2723 3.29193 -6.5
      vertex 20.4821 3.97083 -6.5
    endloop
  endfacet
  facet normal 0.970939 -0.239328 0
    outer loop
      vertex 23.5418 -1.85889 -3.5
      vertex 24 0 -6.5
      vertex 24 0 -3.5
    endloop
  endfacet
  facet normal 0.970939 -0.239328 0
    outer loop
      vertex 24 0 -6.5
      vertex 23.5418 -1.85889 -3.5
      vertex 23.5418 -1.85889 -6.5
    endloop
  endfacet
  facet normal 0 0 1
    outer loop
      vertex 22.5 0 -3.5
      vertex 24 0 -3.5
      vertex 23.5418 1.85889 -3.5
    endloop
  endfacet
  facet normal 0 0 1
    outer loop
      vertex 24 0 -3.5
      vertex 22.5 0 -3.5
      vertex 23.5418 -1.85889 -3.5
    endloop
  endfacet
  facet normal 0 0 1
    outer loop
      vertex 21.7678 1.76777 -3.5
      vertex 23.5418 1.85889 -3.5
      vertex 22.2723 3.29193 -3.5
    endloop
  endfacet
  facet normal 0 0 1
    outer loop
      vertex 23.5418 1.85889 -3.5
      vertex 21.7678 1.76777 -3.5
      vertex 22.5 0 -3.5
    endloop
  endfacet
  facet normal 0 0 1
    outer loop
      vertex 20 2.5 -3.5
      vertex 22.2723 3.29193 -3.5
      vertex 20.4821 3.97083 -3.5
    endloop
  endfacet
  facet normal 0 0 1
    outer loop
      vertex 22.2723 3.29193 -3.5
      vertex 20 2.5 -3.5
      vertex 21.7678 1.76777 -3.5
    endloop
  endfacet
  facet normal -0 0 1
    outer loop
      vertex 19.594 3.86299 -3.5
      vertex 20 2.5 -3.5
      vertex 20.4821 3.97083 -3.5
    endloop
  endfacet
  facet normal 0 0 1
    outer loop
      vertex 20 2.5 -3.5
      vertex 19.594 3.86299 -3.5
      vertex 19.7482 2.3957 -3.5
    endloop
  endfacet
  facet normal -0 0 1
    outer loop
      vertex 21.7678 -1.76777 -3.5
      vertex 23.5418 -1.85889 -3.5
      vertex 22.5 0 -3.5
    endloop
  endfacet
  facet normal 0 0 1
    outer loop
      vertex 23.5418 -1.85889 -3.5
      vertex 21.7678 -1.76777 -3.5
      vertex 22.2723 -3.29193 -3.5
    endloop
  endfacet
  facet normal -0 0 1
    outer loop
      vertex 20 -2.5 -3.5
      vertex 22.2723 -3.29193 -3.5
      vertex 21.7678 -1.76777 -3.5
    endloop
  endfacet
  facet normal 0 0 1
    outer loop
      vertex 22.2723 -3.29193 -3.5
      vertex 20 -2.5 -3.5
      vertex 20.4821 -3.97083 -3.5
    endloop
  endfacet
  facet normal 0 0 1
    outer loop
      vertex 19.594 -3.86299 -3.5
      vertex 20 -2.5 -3.5
      vertex 19.7482 -2.3957 -3.5
    endloop
  endfacet
  facet normal 0 0 1
    outer loop
      vertex 20 -2.5 -3.5
      vertex 19.594 -3.86299 -3.5
      vertex 20.4821 -3.97083 -3.5
    endloop
  endfacet
  facet normal -0.120542 -0.992708 0
    outer loop
      vertex 19.594 -3.86299 -6.5
      vertex 20.4821 -3.97083 -3.5
      vertex 19.594 -3.86299 -3.5
    endloop
  endfacet
  facet normal -0.120542 -0.992708 -0
    outer loop
      vertex 20.4821 -3.97083 -3.5
      vertex 19.594 -3.86299 -6.5
      vertex 20.4821 -3.97083 -6.5
    endloop
  endfacet
  facet normal 0.748527 -0.663104 0
    outer loop
      vertex 22.2723 -3.29193 -3.5
      vertex 23.5418 -1.85889 -6.5
      vertex 23.5418 -1.85889 -3.5
    endloop
  endfacet
  facet normal 0.748527 -0.663104 0
    outer loop
      vertex 23.5418 -1.85889 -6.5
      vertex 22.2723 -3.29193 -3.5
      vertex 22.2723 -3.29193 -6.5
    endloop
  endfacet
  facet normal 0.35459 -0.935022 0
    outer loop
      vertex 20.4821 -3.97083 -6.5
      vertex 22.2723 -3.29193 -3.5
      vertex 20.4821 -3.97083 -3.5
    endloop
  endfacet
  facet normal 0.35459 -0.935022 0
    outer loop
      vertex 22.2723 -3.29193 -3.5
      vertex 20.4821 -3.97083 -6.5
      vertex 22.2723 -3.29193 -6.5
    endloop
  endfacet
  facet normal -0.120542 0.992708 0
    outer loop
      vertex 20.4821 3.97083 -6.5
      vertex 19.594 3.86299 -3.5
      vertex 20.4821 3.97083 -3.5
    endloop
  endfacet
  facet normal -0.120542 0.992708 0
    outer loop
      vertex 19.594 3.86299 -3.5
      vertex 20.4821 3.97083 -6.5
      vertex 19.594 3.86299 -6.5
    endloop
  endfacet
  facet normal 0 0 -1
    outer loop
      vertex 20 0 -6.5
      vertex 24 0 -6.5
      vertex 23.5418 -1.85889 -6.5
    endloop
  endfacet
  facet normal 0 0 -1
    outer loop
      vertex 20 0 -6.5
      vertex 23.5418 -1.85889 -6.5
      vertex 22.2723 -3.29193 -6.5
    endloop
  endfacet
  facet normal 0 0 -1
    outer loop
      vertex 24 0 -6.5
      vertex 20 0 -6.5
      vertex 23.5418 1.85889 -6.5
    endloop
  endfacet
  facet normal 0 0 -1
    outer loop
      vertex 20 0 -6.5
      vertex 22.2723 -3.29193 -6.5
      vertex 20.4821 -3.97083 -6.5
    endloop
  endfacet
  facet normal -0 0 -1
    outer loop
      vertex 23.5418 1.85889 -6.5
      vertex 20 0 -6.5
      vertex 22.2723 3.29193 -6.5
    endloop
  endfacet
  facet normal -0 0 -1
    outer loop
      vertex 22.2723 3.29193 -6.5
      vertex 20 0 -6.5
      vertex 20.4821 3.97083 -6.5
    endloop
  endfacet
  facet normal 0 -0 -1
    outer loop
      vertex 20 0 -6.5
      vertex 20.4821 -3.97083 -6.5
      vertex 19.594 -3.86299 -6.5
    endloop
  endfacet
  facet normal 0 0 -1
    outer loop
      vertex 20.4821 3.97083 -6.5
      vertex 20 0 -6.5
      vertex 19.594 3.86299 -6.5
    endloop
  endfacet
  facet normal -0.663104 0.748527 0
    outer loop
      vertex -1.85889 23.5418 -6.5
      vertex -3.29193 22.2723 -3.5
      vertex -1.85889 23.5418 -3.5
    endloop
  endfacet
  facet normal -0.663104 0.748527 0
    outer loop
      vertex -3.29193 22.2723 -3.5
      vertex -1.85889 23.5418 -6.5
      vertex -3.29193 22.2723 -6.5
    endloop
  endfacet
  facet normal -0.239328 0.970939 0
    outer loop
      vertex 0 24 -6.5
      vertex -1.85889 23.5418 -3.5
      vertex 0 24 -3.5
    endloop
  endfacet
  facet normal -0.239328 0.970939 0
    outer loop
      vertex -1.85889 23.5418 -3.5
      vertex 0 24 -6.5
      vertex -1.85889 23.5418 -6.5
    endloop
  endfacet
  facet normal 0 0 1
    outer loop
      vertex 1.76777 21.7678 -3.5
      vertex 3.29193 22.2723 -3.5
      vertex 1.85889 23.5418 -3.5
    endloop
  endfacet
  facet normal 0 0 1
    outer loop
      vertex 3.29193 22.2723 -3.5
      vertex 1.76777 21.7678 -3.5
      vertex 2.5 20 -3.5
    endloop
  endfacet
  facet normal 0 0 1
    outer loop
      vertex 0 22.5 -3.5
      vertex 1.85889 23.5418 -3.5
      vertex 0 24 -3.5
    endloop
  endfacet
  facet normal 0 0 1
    outer loop
      vertex 1.85889 23.5418 -3.5
      vertex 0 22.5 -3.5
      vertex 1.76777 21.7678 -3.5
    endloop
  endfacet
  facet normal -0 0 1
    outer loop
      vertex -1.85889 23.5418 -3.5
      vertex 0 22.5 -3.5
      vertex 0 24 -3.5
    endloop
  endfacet
  facet normal 0 0 1
    outer loop
      vertex 0 22.5 -3.5
      vertex -1.85889 23.5418 -3.5
      vertex -1.76777 21.7678 -3.5
    endloop
  endfacet
  facet normal -0 0 1
    outer loop
      vertex -3.29193 22.2723 -3.5
      vertex -1.76777 21.7678 -3.5
      vertex -1.85889 23.5418 -3.5
    endloop
  endfacet
  facet normal 0 0 1
    outer loop
      vertex -1.76777 21.7678 -3.5
      vertex -3.29193 22.2723 -3.5
      vertex -2.5 20 -3.5
    endloop
  endfacet
  facet normal 0 0 1
    outer loop
      vertex 2.5 20 -3.5
      vertex 3.97083 20.4821 -3.5
      vertex 3.29193 22.2723 -3.5
    endloop
  endfacet
  facet normal 0 0 1
    outer loop
      vertex 3.97083 20.4821 -3.5
      vertex 2.5 20 -3.5
      vertex 3.85349 19.5157 -3.5
    endloop
  endfacet
  facet normal 0 0 1
    outer loop
      vertex 3.85349 19.5157 -3.5
      vertex 2.5 20 -3.5
      vertex 2.42516 19.8193 -3.5
    endloop
  endfacet
  facet normal 0 0 1
    outer loop
      vertex -2.5 20 -3.5
      vertex -3.85349 19.5157 -3.5
      vertex -2.42516 19.8193 -3.5
    endloop
  endfacet
  facet normal -0 0 1
    outer loop
      vertex -3.97083 20.4821 -3.5
      vertex -2.5 20 -3.5
      vertex -3.29193 22.2723 -3.5
    endloop
  endfacet
  facet normal 0 0 1
    outer loop
      vertex -2.5 20 -3.5
      vertex -3.97083 20.4821 -3.5
      vertex -3.85349 19.5157 -3.5
    endloop
  endfacet
  facet normal -0.992709 -0.120534 0
    outer loop
      vertex -3.85349 19.5157 -6.5
      vertex -3.97083 20.4821 -3.5
      vertex -3.97083 20.4821 -6.5
    endloop
  endfacet
  facet normal -0.992709 -0.120534 0
    outer loop
      vertex -3.97083 20.4821 -3.5
      vertex -3.85349 19.5157 -6.5
      vertex -3.85349 19.5157 -3.5
    endloop
  endfacet
  facet normal -0.935022 0.35459 0
    outer loop
      vertex -3.97083 20.4821 -6.5
      vertex -3.29193 22.2723 -3.5
      vertex -3.29193 22.2723 -6.5
    endloop
  endfacet
  facet normal -0.935022 0.35459 0
    outer loop
      vertex -3.29193 22.2723 -3.5
      vertex -3.97083 20.4821 -6.5
      vertex -3.97083 20.4821 -3.5
    endloop
  endfacet
  facet normal 0 0 -1
    outer loop
      vertex 2.09057 19.8904 -6.5
      vertex 3.97083 20.4821 -6.5
      vertex 3.85349 19.5157 -6.5
    endloop
  endfacet
  facet normal -0 0 -1
    outer loop
      vertex 3.97083 20.4821 -6.5
      vertex 2.09057 19.8904 -6.5
      vertex 3.29193 22.2723 -6.5
    endloop
  endfacet
  facet normal 0 0 -1
    outer loop
      vertex 2.09057 19.8904 -6.5
      vertex 1.85889 23.5418 -6.5
      vertex 3.29193 22.2723 -6.5
    endloop
  endfacet
  facet normal 0 0 -1
    outer loop
      vertex 2.09057 19.8904 -6.5
      vertex 0 24 -6.5
      vertex 1.85889 23.5418 -6.5
    endloop
  endfacet
  facet normal 0 0 -1
    outer loop
      vertex -2.09057 19.8904 -6.5
      vertex 0 24 -6.5
      vertex 2.09057 19.8904 -6.5
    endloop
  endfacet
  facet normal 0 0 -1
    outer loop
      vertex 0 24 -6.5
      vertex -2.09057 19.8904 -6.5
      vertex -1.85889 23.5418 -6.5
    endloop
  endfacet
  facet normal 0 0 -1
    outer loop
      vertex -2.09057 19.8904 -6.5
      vertex -3.29193 22.2723 -6.5
      vertex -1.85889 23.5418 -6.5
    endloop
  endfacet
  facet normal 0 0 -1
    outer loop
      vertex -3.97083 20.4821 -6.5
      vertex -2.09057 19.8904 -6.5
      vertex -3.85349 19.5157 -6.5
    endloop
  endfacet
  facet normal 0 0 -1
    outer loop
      vertex -2.09057 19.8904 -6.5
      vertex -3.97083 20.4821 -6.5
      vertex -3.29193 22.2723 -6.5
    endloop
  endfacet
  facet normal 0.992709 -0.120534 0
    outer loop
      vertex 3.85349 19.5157 -3.5
      vertex 3.97083 20.4821 -6.5
      vertex 3.97083 20.4821 -3.5
    endloop
  endfacet
  facet normal 0.992709 -0.120534 0
    outer loop
      vertex 3.97083 20.4821 -6.5
      vertex 3.85349 19.5157 -3.5
      vertex 3.85349 19.5157 -6.5
    endloop
  endfacet
  facet normal 0.663104 0.748527 -0
    outer loop
      vertex 3.29193 22.2723 -6.5
      vertex 1.85889 23.5418 -3.5
      vertex 3.29193 22.2723 -3.5
    endloop
  endfacet
  facet normal 0.663104 0.748527 0
    outer loop
      vertex 1.85889 23.5418 -3.5
      vertex 3.29193 22.2723 -6.5
      vertex 1.85889 23.5418 -6.5
    endloop
  endfacet
  facet normal 0.935022 0.35459 0
    outer loop
      vertex 3.97083 20.4821 -3.5
      vertex 3.29193 22.2723 -6.5
      vertex 3.29193 22.2723 -3.5
    endloop
  endfacet
  facet normal 0.935022 0.35459 0
    outer loop
      vertex 3.29193 22.2723 -6.5
      vertex 3.97083 20.4821 -3.5
      vertex 3.97083 20.4821 -6.5
    endloop
  endfacet
  facet normal 0.239328 0.970939 -0
    outer loop
      vertex 1.85889 23.5418 -6.5
      vertex 0 24 -3.5
      vertex 1.85889 23.5418 -3.5
    endloop
  endfacet
  facet normal 0.239328 0.970939 0
    outer loop
      vertex 0 24 -3.5
      vertex 1.85889 23.5418 -6.5
      vertex 0 24 -6.5
    endloop
  endfacet
  facet normal 0 0 -1
    outer loop
      vertex -22.2723 -3.29193 -6.5
      vertex -19.7898 -2 -6.5
      vertex -20.4821 -3.97083 -6.5
    endloop
  endfacet
  facet normal 0 0 -1
    outer loop
      vertex -20.4821 -3.97083 -6.5
      vertex -19.7898 -2 -6.5
      vertex -19.594 -3.86299 -6.5
    endloop
  endfacet
  facet normal 0 0 -1
    outer loop
      vertex -19.7898 -2 -6.5
      vertex -16.1162 -0.957262 -6.5
      vertex -16.6635 -2 -6.5
    endloop
  endfacet
  facet normal -0 0 -1
    outer loop
      vertex -16.1162 -0.957262 -6.5
      vertex -19.7898 -2 -6.5
      vertex -16.1162 0.957262 -6.5
    endloop
  endfacet
  facet normal 0 0 -1
    outer loop
      vertex -19.7898 2 -6.5
      vertex -16.1162 0.957262 -6.5
      vertex -19.7898 -2 -6.5
    endloop
  endfacet
  facet normal 0 0 -1
    outer loop
      vertex -16.1162 0.957262 -6.5
      vertex -19.7898 2 -6.5
      vertex -16.6635 2 -6.5
    endloop
  endfacet
  facet normal 0 0 -1
    outer loop
      vertex -23.5418 -1.85889 -6.5
      vertex -19.7898 -2 -6.5
      vertex -22.2723 -3.29193 -6.5
    endloop
  endfacet
  facet normal 0 0 -1
    outer loop
      vertex -24 0 -6.5
      vertex -19.7898 -2 -6.5
      vertex -23.5418 -1.85889 -6.5
    endloop
  endfacet
  facet normal 0 0 -1
    outer loop
      vertex -19.7898 -2 -6.5
      vertex -24 0 -6.5
      vertex -19.7898 2 -6.5
    endloop
  endfacet
  facet normal 0 0 -1
    outer loop
      vertex -19.7898 2 -6.5
      vertex -20.4821 3.97083 -6.5
      vertex -19.594 3.86299 -6.5
    endloop
  endfacet
  facet normal 0 -0 -1
    outer loop
      vertex -23.5418 1.85889 -6.5
      vertex -19.7898 2 -6.5
      vertex -24 0 -6.5
    endloop
  endfacet
  facet normal 0 -0 -1
    outer loop
      vertex -20.4821 3.97083 -6.5
      vertex -19.7898 2 -6.5
      vertex -22.2723 3.29193 -6.5
    endloop
  endfacet
  facet normal 0 -0 -1
    outer loop
      vertex -22.2723 3.29193 -6.5
      vertex -19.7898 2 -6.5
      vertex -23.5418 1.85889 -6.5
    endloop
  endfacet
  facet normal 1 -0 0
    outer loop
      vertex -16.1162 -0.957262 -3.5
      vertex -16.1162 0.957262 -6.5
      vertex -16.1162 0.957262 -3.5
    endloop
  endfacet
  facet normal 1 0 0
    outer loop
      vertex -16.1162 0.957262 -6.5
      vertex -16.1162 -0.957262 -3.5
      vertex -16.1162 -0.957262 -6.5
    endloop
  endfacet
  facet normal -0.970939 -0.239328 0
    outer loop
      vertex -23.5418 -1.85889 -6.5
      vertex -24 0 -3.5
      vertex -24 0 -6.5
    endloop
  endfacet
  facet normal -0.970939 -0.239328 0
    outer loop
      vertex -24 0 -3.5
      vertex -23.5418 -1.85889 -6.5
      vertex -23.5418 -1.85889 -3.5
    endloop
  endfacet
  facet normal 0.120542 -0.992708 0
    outer loop
      vertex -20.4821 -3.97083 -6.5
      vertex -19.594 -3.86299 -3.5
      vertex -20.4821 -3.97083 -3.5
    endloop
  endfacet
  facet normal 0.120542 -0.992708 0
    outer loop
      vertex -19.594 -3.86299 -3.5
      vertex -20.4821 -3.97083 -6.5
      vertex -19.594 -3.86299 -6.5
    endloop
  endfacet
  facet normal -0.748527 -0.663104 0
    outer loop
      vertex -22.2723 -3.29193 -6.5
      vertex -23.5418 -1.85889 -3.5
      vertex -23.5418 -1.85889 -6.5
    endloop
  endfacet
  facet normal -0.748527 -0.663104 0
    outer loop
      vertex -23.5418 -1.85889 -3.5
      vertex -22.2723 -3.29193 -6.5
      vertex -22.2723 -3.29193 -3.5
    endloop
  endfacet
  facet normal 0.120542 0.992708 -0
    outer loop
      vertex -19.594 3.86299 -6.5
      vertex -20.4821 3.97083 -3.5
      vertex -19.594 3.86299 -3.5
    endloop
  endfacet
  facet normal 0.120542 0.992708 0
    outer loop
      vertex -20.4821 3.97083 -3.5
      vertex -19.594 3.86299 -6.5
      vertex -20.4821 3.97083 -6.5
    endloop
  endfacet
  facet normal -0.748527 0.663104 0
    outer loop
      vertex -23.5418 1.85889 -6.5
      vertex -22.2723 3.29193 -3.5
      vertex -22.2723 3.29193 -6.5
    endloop
  endfacet
  facet normal -0.748527 0.663104 0
    outer loop
      vertex -22.2723 3.29193 -3.5
      vertex -23.5418 1.85889 -6.5
      vertex -23.5418 1.85889 -3.5
    endloop
  endfacet
  facet normal 0.885446 -0.464742 0
    outer loop
      vertex -16.6635 -2 -3.5
      vertex -16.1162 -0.957262 -6.5
      vertex -16.1162 -0.957262 -3.5
    endloop
  endfacet
  facet normal 0.885446 -0.464742 0
    outer loop
      vertex -16.1162 -0.957262 -6.5
      vertex -16.6635 -2 -3.5
      vertex -16.6635 -2 -6.5
    endloop
  endfacet
  facet normal -0.35459 0.935022 0
    outer loop
      vertex -20.4821 3.97083 -6.5
      vertex -22.2723 3.29193 -3.5
      vertex -20.4821 3.97083 -3.5
    endloop
  endfacet
  facet normal -0.35459 0.935022 0
    outer loop
      vertex -22.2723 3.29193 -3.5
      vertex -20.4821 3.97083 -6.5
      vertex -22.2723 3.29193 -6.5
    endloop
  endfacet
  facet normal -0.970939 0.239328 0
    outer loop
      vertex -24 0 -6.5
      vertex -23.5418 1.85889 -3.5
      vertex -23.5418 1.85889 -6.5
    endloop
  endfacet
  facet normal -0.970939 0.239328 0
    outer loop
      vertex -23.5418 1.85889 -3.5
      vertex -24 0 -6.5
      vertex -24 0 -3.5
    endloop
  endfacet
  facet normal -0.35459 -0.935022 0
    outer loop
      vertex -22.2723 -3.29193 -6.5
      vertex -20.4821 -3.97083 -3.5
      vertex -22.2723 -3.29193 -3.5
    endloop
  endfacet
  facet normal -0.35459 -0.935022 -0
    outer loop
      vertex -20.4821 -3.97083 -3.5
      vertex -22.2723 -3.29193 -6.5
      vertex -20.4821 -3.97083 -6.5
    endloop
  endfacet
  facet normal 0.885446 0.464742 0
    outer loop
      vertex -16.1162 0.957262 -3.5
      vertex -16.6635 2 -6.5
      vertex -16.6635 2 -3.5
    endloop
  endfacet
  facet normal 0.885446 0.464742 0
    outer loop
      vertex -16.6635 2 -6.5
      vertex -16.1162 0.957262 -3.5
      vertex -16.1162 0.957262 -6.5
    endloop
  endfacet
  facet normal 0 0 1
    outer loop
      vertex -19.594 3.86299 -3.5
      vertex -20 2.5 -3.5
      vertex -19.7482 2.3957 -3.5
    endloop
  endfacet
  facet normal 0 0 1
    outer loop
      vertex -20.4821 3.97083 -3.5
      vertex -20 2.5 -3.5
      vertex -19.594 3.86299 -3.5
    endloop
  endfacet
  facet normal -0 0 1
    outer loop
      vertex -22.2723 3.29193 -3.5
      vertex -20 2.5 -3.5
      vertex -20.4821 3.97083 -3.5
    endloop
  endfacet
  facet normal 0 0 1
    outer loop
      vertex -20 2.5 -3.5
      vertex -22.2723 3.29193 -3.5
      vertex -21.7678 1.76777 -3.5
    endloop
  endfacet
  facet normal -0 0 1
    outer loop
      vertex -23.5418 1.85889 -3.5
      vertex -21.7678 1.76777 -3.5
      vertex -22.2723 3.29193 -3.5
    endloop
  endfacet
  facet normal 0 0 1
    outer loop
      vertex -21.7678 1.76777 -3.5
      vertex -23.5418 1.85889 -3.5
      vertex -22.5 0 -3.5
    endloop
  endfacet
  facet normal -0 0 1
    outer loop
      vertex -20 -2.5 -3.5
      vertex -19.594 -3.86299 -3.5
      vertex -19.7482 -2.3957 -3.5
    endloop
  endfacet
  facet normal 0 0 1
    outer loop
      vertex -20 -2.5 -3.5
      vertex -20.4821 -3.97083 -3.5
      vertex -19.594 -3.86299 -3.5
    endloop
  endfacet
  facet normal 0 0 1
    outer loop
      vertex -22.2723 -3.29193 -3.5
      vertex -20 -2.5 -3.5
      vertex -21.7678 -1.76777 -3.5
    endloop
  endfacet
  facet normal 0 0 1
    outer loop
      vertex -20 -2.5 -3.5
      vertex -22.2723 -3.29193 -3.5
      vertex -20.4821 -3.97083 -3.5
    endloop
  endfacet
  facet normal 0 0 1
    outer loop
      vertex -23.5418 -1.85889 -3.5
      vertex -21.7678 -1.76777 -3.5
      vertex -22.5 0 -3.5
    endloop
  endfacet
  facet normal 0 0 1
    outer loop
      vertex -24 0 -3.5
      vertex -22.5 0 -3.5
      vertex -23.5418 1.85889 -3.5
    endloop
  endfacet
  facet normal 0 0 1
    outer loop
      vertex -21.7678 -1.76777 -3.5
      vertex -23.5418 -1.85889 -3.5
      vertex -22.2723 -3.29193 -3.5
    endloop
  endfacet
  facet normal 0 0 1
    outer loop
      vertex -22.5 0 -3.5
      vertex -24 0 -3.5
      vertex -23.5418 -1.85889 -3.5
    endloop
  endfacet
  facet normal 0 0 1
    outer loop
      vertex -17.5 0 -3.5
      vertex -16.1162 0.957262 -3.5
      vertex -16.6635 2 -3.5
    endloop
  endfacet
  facet normal 0 0 1
    outer loop
      vertex -16.1162 0.957262 -3.5
      vertex -17.5 0 -3.5
      vertex -16.1162 -0.957262 -3.5
    endloop
  endfacet
  facet normal 0 0 1
    outer loop
      vertex -16.1162 -0.957262 -3.5
      vertex -17.5 0 -3.5
      vertex -16.6635 -2 -3.5
    endloop
  endfacet
  facet normal 0 0 1
    outer loop
      vertex -16.6635 2 -3.5
      vertex -18.2322 1.76777 -3.5
      vertex -17.5 0 -3.5
    endloop
  endfacet
  facet normal 0 -0 1
    outer loop
      vertex -18.2322 1.76777 -3.5
      vertex -16.6635 2 -3.5
      vertex -18.7929 2 -3.5
    endloop
  endfacet
  facet normal -0 0 1
    outer loop
      vertex -18.2322 -1.76777 -3.5
      vertex -16.6635 -2 -3.5
      vertex -17.5 0 -3.5
    endloop
  endfacet
  facet normal 0 0 1
    outer loop
      vertex -16.6635 -2 -3.5
      vertex -18.2322 -1.76777 -3.5
      vertex -18.7929 -2 -3.5
    endloop
  endfacet
  facet normal 0.239328 -0.970939 0
    outer loop
      vertex 0 -24 -6.5
      vertex 1.85889 -23.5418 -3.5
      vertex 0 -24 -3.5
    endloop
  endfacet
  facet normal 0.239328 -0.970939 0
    outer loop
      vertex 1.85889 -23.5418 -3.5
      vertex 0 -24 -6.5
      vertex 1.85889 -23.5418 -6.5
    endloop
  endfacet
  facet normal -0.239328 -0.970939 0
    outer loop
      vertex -1.85889 -23.5418 -6.5
      vertex 0 -24 -3.5
      vertex -1.85889 -23.5418 -3.5
    endloop
  endfacet
  facet normal -0.239328 -0.970939 -0
    outer loop
      vertex 0 -24 -3.5
      vertex -1.85889 -23.5418 -6.5
      vertex 0 -24 -6.5
    endloop
  endfacet
  facet normal 0.663104 -0.748527 0
    outer loop
      vertex 1.85889 -23.5418 -6.5
      vertex 3.29193 -22.2723 -3.5
      vertex 1.85889 -23.5418 -3.5
    endloop
  endfacet
  facet normal 0.663104 -0.748527 0
    outer loop
      vertex 3.29193 -22.2723 -3.5
      vertex 1.85889 -23.5418 -6.5
      vertex 3.29193 -22.2723 -6.5
    endloop
  endfacet
  facet normal -0.992709 0.120534 0
    outer loop
      vertex -3.97083 -20.4821 -6.5
      vertex -3.85349 -19.5157 -3.5
      vertex -3.85349 -19.5157 -6.5
    endloop
  endfacet
  facet normal -0.992709 0.120534 0
    outer loop
      vertex -3.85349 -19.5157 -3.5
      vertex -3.97083 -20.4821 -6.5
      vertex -3.97083 -20.4821 -3.5
    endloop
  endfacet
  facet normal 0 0 -1
    outer loop
      vertex 2.09057 -19.8904 -6.5
      vertex 3.97083 -20.4821 -6.5
      vertex 3.29193 -22.2723 -6.5
    endloop
  endfacet
  facet normal 0 0 -1
    outer loop
      vertex 3.97083 -20.4821 -6.5
      vertex 2.09057 -19.8904 -6.5
      vertex 3.85349 -19.5157 -6.5
    endloop
  endfacet
  facet normal 0 0 -1
    outer loop
      vertex 1.85889 -23.5418 -6.5
      vertex 2.09057 -19.8904 -6.5
      vertex 3.29193 -22.2723 -6.5
    endloop
  endfacet
  facet normal 0 0 -1
    outer loop
      vertex 0 -24 -6.5
      vertex 2.09057 -19.8904 -6.5
      vertex 1.85889 -23.5418 -6.5
    endloop
  endfacet
  facet normal 0 0 -1
    outer loop
      vertex -2.09057 -19.8904 -6.5
      vertex 0 -24 -6.5
      vertex -1.85889 -23.5418 -6.5
    endloop
  endfacet
  facet normal 0 0 -1
    outer loop
      vertex 0 -24 -6.5
      vertex -2.09057 -19.8904 -6.5
      vertex 2.09057 -19.8904 -6.5
    endloop
  endfacet
  facet normal 0 0 -1
    outer loop
      vertex -3.29193 -22.2723 -6.5
      vertex -2.09057 -19.8904 -6.5
      vertex -1.85889 -23.5418 -6.5
    endloop
  endfacet
  facet normal 0 0 -1
    outer loop
      vertex -3.97083 -20.4821 -6.5
      vertex -2.09057 -19.8904 -6.5
      vertex -3.29193 -22.2723 -6.5
    endloop
  endfacet
  facet normal -0 0 -1
    outer loop
      vertex -2.09057 -19.8904 -6.5
      vertex -3.97083 -20.4821 -6.5
      vertex -3.85349 -19.5157 -6.5
    endloop
  endfacet
  facet normal -0.663104 -0.748527 0
    outer loop
      vertex -3.29193 -22.2723 -6.5
      vertex -1.85889 -23.5418 -3.5
      vertex -3.29193 -22.2723 -3.5
    endloop
  endfacet
  facet normal -0.663104 -0.748527 -0
    outer loop
      vertex -1.85889 -23.5418 -3.5
      vertex -3.29193 -22.2723 -6.5
      vertex -1.85889 -23.5418 -6.5
    endloop
  endfacet
  facet normal -0.935022 -0.35459 0
    outer loop
      vertex -3.29193 -22.2723 -6.5
      vertex -3.97083 -20.4821 -3.5
      vertex -3.97083 -20.4821 -6.5
    endloop
  endfacet
  facet normal -0.935022 -0.35459 0
    outer loop
      vertex -3.97083 -20.4821 -3.5
      vertex -3.29193 -22.2723 -6.5
      vertex -3.29193 -22.2723 -3.5
    endloop
  endfacet
  facet normal 0.992709 0.120534 0
    outer loop
      vertex 3.97083 -20.4821 -3.5
      vertex 3.85349 -19.5157 -6.5
      vertex 3.85349 -19.5157 -3.5
    endloop
  endfacet
  facet normal 0.992709 0.120534 0
    outer loop
      vertex 3.85349 -19.5157 -6.5
      vertex 3.97083 -20.4821 -3.5
      vertex 3.97083 -20.4821 -6.5
    endloop
  endfacet
  facet normal 0.935022 -0.35459 0
    outer loop
      vertex 3.29193 -22.2723 -3.5
      vertex 3.97083 -20.4821 -6.5
      vertex 3.97083 -20.4821 -3.5
    endloop
  endfacet
  facet normal 0.935022 -0.35459 0
    outer loop
      vertex 3.97083 -20.4821 -6.5
      vertex 3.29193 -22.2723 -3.5
      vertex 3.29193 -22.2723 -6.5
    endloop
  endfacet
  facet normal 0 0 1
    outer loop
      vertex -3.85349 -19.5157 -3.5
      vertex -2.5 -20 -3.5
      vertex -2.42516 -19.8193 -3.5
    endloop
  endfacet
  facet normal 0 0 1
    outer loop
      vertex -3.97083 -20.4821 -3.5
      vertex -2.5 -20 -3.5
      vertex -3.85349 -19.5157 -3.5
    endloop
  endfacet
  facet normal 0 0 1
    outer loop
      vertex -2.5 -20 -3.5
      vertex -3.97083 -20.4821 -3.5
      vertex -3.29193 -22.2723 -3.5
    endloop
  endfacet
  facet normal -0 0 1
    outer loop
      vertex 2.5 -20 -3.5
      vertex 3.97083 -20.4821 -3.5
      vertex 3.85349 -19.5157 -3.5
    endloop
  endfacet
  facet normal 0 0 1
    outer loop
      vertex 3.97083 -20.4821 -3.5
      vertex 2.5 -20 -3.5
      vertex 3.29193 -22.2723 -3.5
    endloop
  endfacet
  facet normal 0 -0 1
    outer loop
      vertex 2.5 -20 -3.5
      vertex 3.85349 -19.5157 -3.5
      vertex 2.42516 -19.8193 -3.5
    endloop
  endfacet
  facet normal -0 0 1
    outer loop
      vertex 1.76777 -21.7678 -3.5
      vertex 3.29193 -22.2723 -3.5
      vertex 2.5 -20 -3.5
    endloop
  endfacet
  facet normal 0 0 1
    outer loop
      vertex 3.29193 -22.2723 -3.5
      vertex 1.76777 -21.7678 -3.5
      vertex 1.85889 -23.5418 -3.5
    endloop
  endfacet
  facet normal -0 0 1
    outer loop
      vertex 0 -22.5 -3.5
      vertex 1.85889 -23.5418 -3.5
      vertex 1.76777 -21.7678 -3.5
    endloop
  endfacet
  facet normal 0 0 1
    outer loop
      vertex 0 -22.5 -3.5
      vertex 0 -24 -3.5
      vertex 1.85889 -23.5418 -3.5
    endloop
  endfacet
  facet normal 0 0 1
    outer loop
      vertex -1.85889 -23.5418 -3.5
      vertex 0 -22.5 -3.5
      vertex -1.76777 -21.7678 -3.5
    endloop
  endfacet
  facet normal 0 0 1
    outer loop
      vertex 0 -22.5 -3.5
      vertex -1.85889 -23.5418 -3.5
      vertex 0 -24 -3.5
    endloop
  endfacet
  facet normal 0 0 1
    outer loop
      vertex -3.29193 -22.2723 -3.5
      vertex -1.76777 -21.7678 -3.5
      vertex -2.5 -20 -3.5
    endloop
  endfacet
  facet normal 0 0 1
    outer loop
      vertex -1.76777 -21.7678 -3.5
      vertex -3.29193 -22.2723 -3.5
      vertex -1.85889 -23.5418 -3.5
    endloop
  endfacet
endsolid OpenSCAD_Model
